date,asset_ticker,asset_type,open,high,low,close,volume
2025-07-25,UUP,stock,27.25,27.2752,27.19,27.19,870998
2025-07-24,UUP,stock,27.1,27.135,27.0501,27.13,895141
2025-07-23,UUP,stock,27.16,27.1776,27.0515,27.06,2129521
2025-07-22,UUP,stock,27.23,27.2478,27.09,27.1,1688577
2025-07-21,UUP,stock,27.3,27.32,27.19,27.24,2401320
2025-07-18,UUP,stock,27.33,27.42,27.31,27.42,910762
2025-07-17,UUP,stock,27.46,27.4899,27.44,27.46,1520159
2025-07-16,UUP,stock,27.47,27.51,27.1833,27.34,2539602
2025-07-15,UUP,stock,27.3,27.458,27.2949,27.44,1713345
2025-07-14,UUP,stock,27.25,27.3,27.22,27.29,1313450
2025-07-11,UUP,stock,27.19,27.235,27.155,27.22,597525
2025-07-10,UUP,stock,27.14,27.21,27.12,27.14,1247288
2025-07-09,UUP,stock,27.1,27.13,27.08,27.09,703234
2025-07-08,UUP,stock,27.15,27.1899,27.08,27.09,1337321
2025-07-07,UUP,stock,27.03,27.1399,27.02,27.07,1337763
2025-07-03,UUP,stock,26.95,27,26.91,26.98,1148886
2025-07-02,UUP,stock,26.94,26.97,26.85,26.85,774485
2025-07-01,UUP,stock,26.83,26.91,26.805,26.87,1503867
2025-06-30,UUP,stock,27,27.0049,26.87,26.88,1023052
2025-06-27,UUP,stock,26.99,27.05,26.95,27.02,1373652
2025-06-26,UUP,stock,26.96,27.005,26.9,26.97,1559949
2025-06-25,UUP,stock,27.22,27.22,27.07,27.08,1828565
2025-06-24,UUP,stock,27.21,27.2248,27.1,27.15,1538778
2025-06-23,UUP,stock,27.52,27.53,27.27,27.29,2885642
2025-06-20,UUP,stock,27.36,27.415,27.333,27.4,1191604
2025-06-18,UUP,stock,27.35,27.445,27.29,27.43,2202591
2025-06-17,UUP,stock,27.19,27.4,27.19,27.38,2361395
2025-06-16,UUP,stock,27.1,27.2,27.05,27.2,1534081
2025-06-13,UUP,stock,27.27,27.2888,27.1401,27.17,2720948
2025-06-12,UUP,stock,27.09,27.135,27.06,27.1,1260794
2025-06-11,UUP,stock,27.35,27.37,27.27,27.3,833495
2025-06-10,UUP,stock,27.35,27.43,27.35,27.4,732129
2025-06-09,UUP,stock,27.45,27.45,27.37,27.37,604624
2025-06-06,UUP,stock,27.47,27.48,27.395,27.44,758375
2025-06-05,UUP,stock,27.2,27.3259,27.195,27.3,1105546
2025-06-04,UUP,stock,27.37,27.3908,27.2831,27.32,769772
2025-06-03,UUP,stock,27.41,27.45,27.38,27.44,1306936
2025-06-02,UUP,stock,27.33,27.3465,27.2543,27.26,1051213
2025-05-30,UUP,stock,27.51,27.5499,27.44,27.45,1030002
2025-05-29,UUP,stock,27.48,27.5,27.415,27.46,980363
2025-05-28,UUP,stock,27.58,27.61,27.525,27.61,801325
2025-05-27,UUP,stock,27.4,27.52,27.4,27.52,1060546
2025-05-23,UUP,stock,27.44,27.4699,27.34,27.37,1261335
2025-05-22,UUP,stock,27.54,27.63,27.53,27.57,656658
2025-05-21,UUP,stock,27.48,27.5,27.4,27.49,859200
2025-05-20,UUP,stock,27.71,27.71,27.59,27.61,430275
2025-05-19,UUP,stock,27.65,27.721,27.64,27.69,894436
2025-05-16,UUP,stock,27.81,27.9248,27.771,27.88,807779
2025-05-15,UUP,stock,27.78,27.84,27.75,27.8,850483
2025-05-14,UUP,stock,27.73,27.87,27.705,27.87,1026587
2025-05-13,UUP,stock,27.94,27.9554,27.81,27.81,736933
2025-05-12,UUP,stock,27.975,28.1093,27.95,28.05,1948689
2025-05-09,UUP,stock,27.65,27.6769,27.5901,27.66,1307051
2025-05-08,UUP,stock,27.52,27.77,27.51,27.74,869600
2025-05-07,UUP,stock,27.39,27.52,27.36,27.51,812228
2025-05-06,UUP,stock,27.37,27.4,27.305,27.31,649983
2025-05-05,UUP,stock,27.39,27.5155,27.39,27.48,617675
2025-05-02,UUP,stock,27.44,27.545,27.36,27.53,1285621
2025-05-01,UUP,stock,27.49,27.63,27.48,27.57,1921407
2025-04-30,UUP,stock,27.37,27.42,27.33,27.41,829286
2025-04-29,UUP,stock,27.25,27.32,27.235,27.31,852381
2025-04-28,UUP,stock,27.38,27.385,27.21,27.22,520428
2025-04-25,UUP,stock,27.42,27.45,27.35,27.39,680645
2025-04-24,UUP,stock,27.32,27.38,27.285,27.32,757110
2025-04-23,UUP,stock,27.28,27.4656,27.25,27.44,3933451
2025-04-22,UUP,stock,27.09,27.21,27.055,27.19,2219235
2025-04-21,UUP,stock,27.02,27.08,26.99,27.04,1208917
2025-04-17,UUP,stock,27.33,27.36,27.27,27.3,499944
2025-04-16,UUP,stock,27.34,27.37,27.235,27.28,1330531
2025-04-15,UUP,stock,27.42,27.533,27.39,27.51,757764
2025-04-14,UUP,stock,27.48,27.5,27.33,27.36,967979
2025-04-11,UUP,stock,27.31,27.56,27.29,27.45,1811560
2025-04-10,UUP,stock,27.88,27.9,27.6301,27.7,1867585
2025-04-09,UUP,stock,27.98,28.34,27.98,28.29,1720938
2025-04-08,UUP,stock,28.26,28.39,28.195,28.25,491668
2025-04-07,UUP,stock,28.25,28.42,28.25,28.38,2740472
2025-04-04,UUP,stock,28.04,28.3,28.015,28.26,1486067
2025-04-03,UUP,stock,27.85,28.02,27.785,27.95,5057762
2025-04-02,UUP,stock,28.49,28.52,28.42,28.45,382753
2025-04-01,UUP,stock,28.57,28.5977,28.52,28.57,371279
2025-03-31,UUP,stock,28.51,28.595,28.51,28.54,980881
2025-03-28,UUP,stock,28.54,28.56,28.47,28.51,364731
2025-03-27,UUP,stock,28.6,28.615,28.51,28.56,618156
2025-03-26,UUP,stock,28.6,28.65,28.555,28.65,319076
2025-03-25,UUP,stock,28.49,28.54,28.4608,28.52,329123
2025-03-24,UUP,stock,28.5,28.605,28.5,28.55,551009
2025-03-21,UUP,stock,28.48,28.53,28.46,28.5,621589
2025-03-20,UUP,stock,28.48,28.5,28.41,28.41,765347
2025-03-19,UUP,stock,28.36,28.4321,28.305,28.33,382645
2025-03-18,UUP,stock,28.32,28.35,28.24,28.26,457644
2025-03-17,UUP,stock,28.33,28.34,28.2618,28.28,569874
2025-03-14,UUP,stock,28.37,28.41,28.35,28.39,1693602
2025-03-13,UUP,stock,28.43,28.44,28.36,28.42,468945
2025-03-12,UUP,stock,28.35,28.38,28.265,28.32,408729
2025-03-11,UUP,stock,28.26,28.31,28.22,28.25,1346953
2025-03-10,UUP,stock,28.36,28.45,28.35,28.41,1299727
2025-03-07,UUP,stock,28.31,28.43,28.295,28.39,531348
2025-03-06,UUP,stock,28.41,28.505,28.35,28.48,575511
2025-03-05,UUP,stock,28.58,28.6,28.48,28.5,1374192
2025-03-04,UUP,stock,29.01,29.06,28.845,28.85,971065
2025-03-03,UUP,stock,29.16,29.18,29.08,29.11,1346663
2025-02-28,UUP,stock,29.3,29.4,29.275,29.39,2018271
2025-02-27,UUP,stock,29.22,29.2899,29.19,29.26,1078911
2025-02-26,UUP,stock,29.07,29.1,28.98,29.05,610400
2025-02-25,UUP,stock,29.03,29.07,28.97,28.99,1099409
2025-02-24,UUP,stock,29.09,29.125,29.04,29.1,885677
2025-02-21,UUP,stock,29.09,29.11,29.035,29.08,680637
2025-02-20,UUP,stock,29.13,29.135,28.98,28.98,1311329
2025-02-19,UUP,stock,29.22,29.29,29.19,29.21,518584
2025-02-18,UUP,stock,29.17,29.21,29.1379,29.18,1484882
2025-02-14,UUP,stock,29.08,29.12,29.055,29.12,658593
2025-02-13,UUP,stock,29.38,29.4,29.17,29.2,1642617
2025-02-12,UUP,stock,29.49,29.535,29.33,29.44,865744
2025-02-11,UUP,stock,29.46,29.48,29.36,29.42,973446
2025-02-10,UUP,stock,29.51,29.53,29.47,29.52,754332
2025-02-07,UUP,stock,29.32,29.49,29.31,29.43,1054527
2025-02-06,UUP,stock,29.38,29.4101,29.29,29.3,1254383
2025-02-05,UUP,stock,29.26,29.32,29.21,29.32,1628288
2025-02-04,UUP,stock,29.49,29.5078,29.37,29.37,1148375
2025-02-03,UUP,stock,29.73,29.7799,29.54,29.64,2511684
2025-01-31,UUP,stock,29.47,29.52,29.322,29.51,811018
2025-01-30,UUP,stock,29.3,29.44,29.2801,29.39,897088
2025-01-29,UUP,stock,29.41,29.43,29.34,29.39,1136669
2025-01-28,UUP,stock,29.32,29.365,29.31,29.33,390113
2025-01-27,UUP,stock,29.12,29.22,29.12,29.21,977961
2025-01-24,UUP,stock,29.24,29.26,29.135,29.2,10044751
2025-01-23,UUP,stock,29.41,29.49,29.32,29.38,876471
2025-01-22,UUP,stock,29.37,29.4196,29.36,29.39,1497365
2025-01-21,UUP,stock,29.44,29.475,29.3201,29.34,1743140
2025-01-17,UUP,stock,29.69,29.725,29.58,29.72,1072260
2025-01-16,UUP,stock,29.67,29.71,29.565,29.61,658279
2025-01-15,UUP,stock,29.53,29.6958,29.5,29.61,1056175
2025-01-14,UUP,stock,29.76,29.775,29.66,29.66,1161128
2025-01-13,UUP,stock,29.85,29.9,29.82,29.85,1352593
2025-01-10,UUP,stock,29.74,29.815,29.681,29.76,1410004
2025-01-08,UUP,stock,29.65,29.655,29.58,29.61,2158791
2025-01-07,UUP,stock,29.37,29.5,29.36,29.5,1505568
2025-01-06,UUP,stock,29.39,29.425,29.3499,29.39,3883286
2025-01-03,UUP,stock,29.63,29.68,29.56,29.58,7967970
2025-01-02,UUP,stock,29.51,29.705,29.492,29.67,1397580
2024-12-31,UUP,stock,29.35,29.455,29.335,29.42,752363
2024-12-30,UUP,stock,29.33,29.39,29.29,29.29,775065
2024-12-27,UUP,stock,29.26,29.31,29.25,29.26,462204
2024-12-26,UUP,stock,29.34,29.35,29.2799,29.31,554778
2024-12-24,UUP,stock,29.3,29.37,29.28,29.37,388592
2024-12-23,UUP,stock,29.29,29.345,29.2501,29.29,818702
2024-12-20,UUP,stock,30.59,30.5982,30.44,30.5,992302
2024-12-19,UUP,stock,30.57,30.69,30.5525,30.65,715325
2024-12-18,UUP,stock,30.28,30.6299,30.24,30.59,988683
2024-12-17,UUP,stock,30.23,30.26,30.185,30.24,392138
2024-12-16,UUP,stock,30.25,30.2953,30.185,30.21,1629853
2024-12-13,UUP,stock,30.22,30.2656,30.2148,30.26,1272767
2024-12-12,UUP,stock,30.17,30.25,30.1,30.25,815640
2024-12-11,UUP,stock,30.09,30.1673,30.0803,30.15,1269362
2024-12-10,UUP,stock,30.04,30.12,30.03,30.05,480273
2024-12-09,UUP,stock,29.9,30,29.88,29.98,1351717
2024-12-06,UUP,stock,29.86,29.9862,29.85,29.93,557458
2024-12-05,UUP,stock,29.89,29.935,29.8404,29.85,1047045
2024-12-04,UUP,stock,30.07,30.095,29.9401,30.01,475107
2024-12-03,UUP,stock,29.95,30.03,29.9401,30.02,375717
2024-12-02,UUP,stock,30.03,30.12,29.9781,30.03,850164
2024-11-29,UUP,stock,29.91,29.94,29.85,29.85,475073
2024-11-27,UUP,stock,29.94,30,29.845,29.9,780743
2024-11-26,UUP,stock,30.13,30.218,30.105,30.16,904919
2024-11-25,UUP,stock,30.06,30.1999,30.05,30.12,1070008
2024-11-22,UUP,stock,30.31,30.41,30.2824,30.33,337564
2024-11-21,UUP,stock,30.06,30.195,29.99,30.17,706186
2024-11-20,UUP,stock,30.05,30.12,30.0496,30.07,717875
2024-11-19,UUP,stock,29.91,29.97,29.9,29.92,707377
2024-11-18,UUP,stock,30.01,30.02,29.8946,29.93,1559098
2024-11-15,UUP,stock,30.06,30.105,30,30.08,738188
2024-11-14,UUP,stock,30,30.13,29.95,30.11,678232
2024-11-13,UUP,stock,29.83,29.99,29.83,29.99,779129
2024-11-12,UUP,stock,29.8,29.885,29.7901,29.82,1604516
2024-11-11,UUP,stock,29.69,29.74,29.68,29.69,1832835
2024-11-08,UUP,stock,29.44,29.595,29.428,29.52,439944
2024-11-07,UUP,stock,29.37,29.42,29.29,29.32,1276593
2024-11-06,UUP,stock,29.61,29.6247,29.49,29.56,1287589
2024-11-05,UUP,stock,29.13,29.1747,29.0629,29.09,1181641
2024-11-04,UUP,stock,29.16,29.21,29.13,29.21,504856
2024-11-01,UUP,stock,29.21,29.33,29.2,29.32,591060
2024-10-31,UUP,stock,29.18,29.275,29.165,29.2,754366
2024-10-30,UUP,stock,29.3,29.31,29.2,29.22,394993
2024-10-29,UUP,stock,29.37,29.38,29.27,29.29,423883
2024-10-28,UUP,stock,29.25,29.3,29.2499,29.28,208687
2024-10-25,UUP,stock,29.2,29.29,29.195,29.28,211423
2024-10-24,UUP,stock,29.23,29.26,29.18,29.18,294386
2024-10-23,UUP,stock,29.28,29.34,29.28,29.29,1481672
2024-10-22,UUP,stock,29.17,29.2,29.15,29.19,197570
2024-10-21,UUP,stock,29.06,29.18,29.0598,29.16,304531
2024-10-18,UUP,stock,29.03,29.05,29.01,29.03,352866
2024-10-17,UUP,stock,29.1,29.11,29.065,29.11,720000
2024-10-16,UUP,stock,28.95,29.04,28.94,29.02,191546
2024-10-15,UUP,stock,28.87,28.96,28.87,28.94,373803
2024-10-14,UUP,stock,28.92,28.96,28.88,28.92,1291921
2024-10-11,UUP,stock,28.82,28.84,28.8,28.83,270167
2024-10-10,UUP,stock,28.8,28.9,28.7999,28.81,349867
2024-10-09,UUP,stock,28.77,28.82,28.7599,28.82,222301
2024-10-08,UUP,stock,28.66,28.73,28.66,28.69,5172291
2024-10-07,UUP,stock,28.68,28.7,28.645,28.69,283323
2024-10-04,UUP,stock,28.7,28.73,28.661,28.67,456190
2024-10-03,UUP,stock,28.5,28.565,28.48,28.51,1203662
2024-10-02,UUP,stock,28.37,28.44,28.37,28.42,814990
2024-10-01,UUP,stock,28.27,28.35,28.235,28.3,1300157
2024-09-30,UUP,stock,28.07,28.21,28.07,28.18,1322286
2024-09-27,UUP,stock,28.02,28.105,28,28.07,845275
2024-09-26,UUP,stock,28.15,28.2,28.07,28.08,389373
2024-09-25,UUP,stock,28.02,28.215,28.01,28.21,263300
2024-09-24,UUP,stock,28.12,28.16,28.02,28.02,212972
2024-09-23,UUP,stock,28.17,28.2099,28.1395,28.18,310911
2024-09-20,UUP,stock,28.15,28.205,28.1,28.14,370014
2024-09-19,UUP,stock,28.18,28.215,28.07,28.09,331089
2024-09-18,UUP,stock,28.09,28.225,27.965,28.21,638835
2024-09-17,UUP,stock,28.12,28.18,28.12,28.18,455994
2024-09-16,UUP,stock,28.07,28.13,28.0601,28.09,1623776
2024-09-13,UUP,stock,28.14,28.2,28.13,28.18,957334
2024-09-12,UUP,stock,28.3,28.3225,28.21,28.22,330253
2024-09-11,UUP,stock,28.34,28.3547,28.3138,28.34,332837
2024-09-10,UUP,stock,28.32,28.35,28.3,28.31,371574
2024-09-09,UUP,stock,28.26,28.3,28.2524,28.3,361657
2024-09-06,UUP,stock,28.17,28.23,28.06,28.18,759092
2024-09-05,UUP,stock,28.14,28.21,28.1,28.14,426539
2024-09-04,UUP,stock,28.27,28.28,28.165,28.18,738115
2024-09-03,UUP,stock,28.26,28.35,28.23,28.32,2698746
2024-08-30,UUP,stock,28.25,28.3,28.21,28.27,2138636
2024-08-29,UUP,stock,28.18,28.24,28.16,28.19,1798970
2024-08-28,UUP,stock,28.09,28.12,28.04,28.09,588164
2024-08-27,UUP,stock,28.01,28.02,27.93,27.93,1806506
2024-08-26,UUP,stock,28.01,28.0399,27.9801,28.02,318322
2024-08-23,UUP,stock,28.2,28.21,27.9407,27.96,968469
2024-08-22,UUP,stock,28.12,28.23,28.12,28.2,3506430
2024-08-21,UUP,stock,28.16,28.23,28.0107,28.07,568515
2024-08-20,UUP,stock,28.21,28.23,28.14,28.16,487190
2024-08-19,UUP,stock,28.37,28.37,28.26,28.26,4595732
2024-08-16,UUP,stock,28.48,28.525,28.41,28.41,320239
2024-08-15,UUP,stock,28.6,28.6,28.52,28.55,378412
2024-08-14,UUP,stock,28.43,28.45,28.35,28.45,615946
2024-08-13,UUP,stock,28.53,28.5303,28.42,28.42,229367
2024-08-12,UUP,stock,28.61,28.625,28.57,28.57,181628
2024-08-09,UUP,stock,28.58,28.585,28.545,28.57,350507
2024-08-08,UUP,stock,28.63,28.671,28.5898,28.6,304940
2024-08-07,UUP,stock,28.58,28.5919,28.5401,28.56,921977
2024-08-06,UUP,stock,28.53,28.5301,28.48,28.5,787289
2024-08-05,UUP,stock,28.32,28.475,28.305,28.41,2084281
2024-08-02,UUP,stock,28.63,28.63,28.54,28.57,1180297
2024-08-01,UUP,stock,28.83,28.89,28.79,28.86,1206473
2024-07-31,UUP,stock,28.75,28.87,28.735,28.76,533436
2024-07-30,UUP,stock,28.95,28.97,28.895,28.92,273794
2024-07-29,UUP,stock,28.92,28.9598,28.8901,28.9,1107027
2024-07-26,UUP,stock,28.81,28.84,28.8,28.82,230371
2024-07-25,UUP,stock,28.84,28.855,28.785,28.84,271992
2024-07-24,UUP,stock,28.78,28.84,28.755,28.84,313773
2024-07-23,UUP,stock,28.85,28.8699,28.83,28.85,358960
2024-07-22,UUP,stock,28.81,28.83,28.8,28.8,1065642
2024-07-19,UUP,stock,28.78,28.82,28.78,28.82,378043
2024-07-18,UUP,stock,28.67,28.755,28.66,28.74,1840595
2024-07-17,UUP,stock,28.62,28.65,28.585,28.61,1065906
2024-07-16,UUP,stock,28.8,28.8173,28.74,28.74,382608
2024-07-15,UUP,stock,28.69,28.76,28.68,28.74,1727041
2024-07-12,UUP,stock,28.72,28.745,28.6801,28.69,1111371
2024-07-11,UUP,stock,28.75,28.805,28.715,28.79,1004773
2024-07-10,UUP,stock,28.96,28.96,28.935,28.94,929617
2024-07-09,UUP,stock,28.95,28.99,28.93,28.97,633241
2024-07-08,UUP,stock,28.88,28.94,28.87,28.93,333862
2024-07-05,UUP,stock,28.92,28.97,28.88,28.88,969287
2024-07-03,UUP,stock,29.03,29.03,28.923,28.98,1535735
2024-07-02,UUP,stock,29.14,29.16,29.085,29.1,544055
2024-07-01,UUP,stock,29.08,29.175,29.04,29.14,771107
2024-06-28,UUP,stock,29.15,29.18,29.1001,29.13,941171
2024-06-27,UUP,stock,29.09,29.14,29.075,29.13,314458
2024-06-26,UUP,stock,29.17,29.2,29.13,29.17,334713
2024-06-25,UUP,stock,29.06,29.09,29.0201,29.03,872369
2024-06-24,UUP,stock,29,29.035,28.975,29,1158705
2024-06-21,UUP,stock,29.08,29.1169,29.07,29.1,935054
2024-06-20,UUP,stock,28.97,29.03,28.96,29.03,346926
2024-06-18,UUP,stock,28.95,28.95,28.88,28.91,179569
2024-06-17,UUP,stock,28.98,29.0089,28.92,28.92,204940
2024-06-14,UUP,stock,29.03,29.06,28.97,28.99,434485
2024-06-13,UUP,stock,28.6,28.895,28.57,28.86,2156721
2024-06-12,UUP,stock,28.63,28.75,28.61,28.75,835249
2024-06-11,UUP,stock,28.92,28.93,28.855,28.88,396636
2024-06-10,UUP,stock,28.89,28.9,28.83,28.84,752810
2024-06-07,UUP,stock,28.72,28.78,28.72,28.77,369520
2024-06-06,UUP,stock,28.58,28.5969,28.53,28.53,222470
2024-06-05,UUP,stock,28.55,28.63,28.5412,28.57,1348637
2024-06-04,UUP,stock,28.58,28.586,28.51,28.53,540299
2024-06-03,UUP,stock,28.64,28.655,28.52,28.52,786920
2024-05-31,UUP,stock,28.62,28.69,28.59,28.67,797197
2024-05-30,UUP,stock,28.69,28.7,28.6501,28.69,322379
2024-05-29,UUP,stock,28.7,28.78,28.6801,28.78,383023
2024-05-28,UUP,stock,28.56,28.64,28.56,28.62,402219
2024-05-24,UUP,stock,28.67,28.69,28.63,28.66,253080
2024-05-23,UUP,stock,28.63,28.75,28.62,28.75,326271
2024-05-22,UUP,stock,28.65,28.7099,28.625,28.69,309399
2024-05-21,UUP,stock,28.61,28.63,28.5801,28.6,281187
2024-05-20,UUP,stock,28.58,28.6,28.57,28.6,295954
2024-05-17,UUP,stock,28.61,28.6197,28.5301,28.56,697983
2024-05-16,UUP,stock,28.56,28.585,28.52,28.56,1726931
2024-05-15,UUP,stock,28.56,28.635,28.49,28.49,705639
2024-05-14,UUP,stock,28.69,28.705,28.67,28.67,525190
2024-05-13,UUP,stock,28.69,28.75,28.69,28.73,371696
2024-05-10,UUP,stock,28.73,28.78,28.7,28.74,406160
2024-05-09,UUP,stock,28.78,28.79,28.7,28.7,388386
2024-05-08,UUP,stock,28.8,28.819,28.775,28.8,361705
2024-05-07,UUP,stock,28.68,28.775,28.665,28.76,450311
2024-05-06,UUP,stock,28.63,28.69,28.63,28.68,1364984
2024-05-03,UUP,stock,28.6,28.695,28.55,28.65,856397
2024-05-02,UUP,stock,28.85,28.885,28.72,28.73,1344691
2024-05-01,UUP,stock,28.97,28.99,28.82,28.95,3025261
2024-04-30,UUP,stock,28.89,28.98,28.86,28.98,819885
2024-04-29,UUP,stock,28.85,28.875,28.745,28.8,783188
2024-04-26,UUP,stock,28.85,28.95,28.835,28.89,1018623
2024-04-25,UUP,stock,28.87,28.88,28.75,28.76,639799
2024-04-24,UUP,stock,28.81,28.8599,28.8,28.82,299693
2024-04-23,UUP,stock,28.88,28.8896,28.76,28.79,780945
2024-04-22,UUP,stock,28.97,28.97,28.8818,28.91,302633
2024-04-19,UUP,stock,28.84,28.92,28.82,28.9,830956
2024-04-18,UUP,stock,28.84,28.9,28.83,28.9,826444
2024-04-17,UUP,stock,28.88,28.9173,28.8,28.84,1293519
2024-04-16,UUP,stock,28.89,28.97,28.86,28.93,1490793
2024-04-15,UUP,stock,28.85,28.895,28.835,28.89,614116
2024-04-12,UUP,stock,28.82,28.8575,28.8,28.84,620833
2024-04-11,UUP,stock,28.56,28.685,28.5567,28.61,1112616
2024-04-10,UUP,stock,28.49,28.62,28.49,28.59,1016763
2024-04-09,UUP,stock,28.23,28.31,28.22,28.29,599930
2024-04-08,UUP,stock,28.33,28.33,28.2844,28.3,357806
2024-04-05,UUP,stock,28.41,28.43,28.31,28.34,468391
2024-04-04,UUP,stock,28.23,28.31,28.22,28.31,1373084
2024-04-03,UUP,stock,28.41,28.42,28.29,28.31,3024812
2024-04-02,UUP,stock,28.46,28.46,28.4043,28.44,581955
2024-04-01,UUP,stock,28.38,28.51,28.37,28.48,662830
2024-03-28,UUP,stock,28.32,28.37,28.3,28.37,392037
2024-03-27,UUP,stock,28.3,28.3203,28.28,28.29,209610
2024-03-26,UUP,stock,28.22,28.275,28.21,28.27,245787
2024-03-25,UUP,stock,28.25,28.26,28.22,28.25,255255
2024-03-22,UUP,stock,28.26,28.32,28.235,28.32,736535
2024-03-21,UUP,stock,28.08,28.18,28.065,28.17,719599
2024-03-20,UUP,stock,28.19,28.2,27.98,27.98,838039
2024-03-19,UUP,stock,28.12,28.14,28.09,28.11,909003
2024-03-18,UUP,stock,27.99,28.05,27.99,28.04,659699
2024-03-15,UUP,stock,27.99,28,27.96,27.98,396554
2024-03-14,UUP,stock,27.86,27.97,27.855,27.95,1049261
2024-03-13,UUP,stock,27.81,27.83,27.755,27.8,302973
2024-03-12,UUP,stock,27.85,27.9,27.82,27.83,830784
2024-03-11,UUP,stock,27.79,27.83,27.78,27.81,541867
2024-03-08,UUP,stock,27.71,27.78,27.7,27.78,940132
2024-03-07,UUP,stock,27.86,27.88,27.765,27.77,1081546
2024-03-06,UUP,stock,27.95,27.96,27.87,27.91,841596
2024-03-05,UUP,stock,28.03,28.05,27.96,28.01,1249312
2024-03-04,UUP,stock,28.04,28.05,28.0001,28.04,853208
2024-03-01,UUP,stock,28.11,28.16,28.03,28.04,779850
2024-02-29,UUP,stock,28,28.12,27.971,28.09,1038652
2024-02-28,UUP,stock,28.05,28.075,28.0201,28.03,502929
2024-02-27,UUP,stock,28.01,28.03,27.9701,28.01,1424934
2024-02-26,UUP,stock,27.99,28.02,27.98,27.99,636762
2024-02-23,UUP,stock,28.01,28.05,27.995,28.04,538676
2024-02-22,UUP,stock,28.06,28.08,28.02,28.02,895293
2024-02-21,UUP,stock,28.04,28.08,28.02,28.02,878636
2024-02-20,UUP,stock,28,28.06,27.9701,28.05,1142660
2024-02-16,UUP,stock,28.18,28.18,28.07,28.09,643532
2024-02-15,UUP,stock,28.11,28.14,28.06,28.08,948915
2024-02-14,UUP,stock,28.24,28.24,28.17,28.19,3242196
2024-02-13,UUP,stock,28.18,28.26,28.18,28.24,3597018
2024-02-12,UUP,stock,28.03,28.07,28,28.02,1127726
2024-02-09,UUP,stock,28.02,28.03,27.98,27.99,1118163
2024-02-08,UUP,stock,28.06,28.08,28,28.01,1687052
2024-02-07,UUP,stock,28,28.01,27.955,27.98,849024
2024-02-06,UUP,stock,28.1,28.105,28,28.01,621898
2024-02-05,UUP,stock,28.06,28.13,28.055,28.09,3422797
2024-02-02,UUP,stock,27.88,27.97,27.86,27.94,3215974
2024-02-01,UUP,stock,27.81,27.84,27.66,27.69,3755513
2024-01-31,UUP,stock,27.71,27.86,27.65,27.83,3424496
2024-01-30,UUP,stock,27.76,27.83,27.725,27.76,460552
2024-01-29,UUP,stock,27.85,27.88,27.765,27.78,1286162
2024-01-26,UUP,stock,27.74,27.78,27.7139,27.78,1154743
2024-01-25,UUP,stock,27.72,27.83,27.72,27.78,1250926
2024-01-24,UUP,stock,27.57,27.71,27.56,27.7,851036
2024-01-23,UUP,stock,27.75,27.8494,27.75,27.78,996905
2024-01-22,UUP,stock,27.69,27.725,27.6601,27.71,2171706
2024-01-19,UUP,stock,27.74,27.76,27.69,27.7,1116658
2024-01-18,UUP,stock,27.75,27.78,27.7334,27.74,2123695
2024-01-17,UUP,stock,27.75,27.79,27.705,27.71,930052
2024-01-16,UUP,stock,27.63,27.71,27.62,27.69,1061534
2024-01-12,UUP,stock,27.4,27.4599,27.35,27.45,849261
2024-01-11,UUP,stock,27.45,27.52,27.381,27.42,1172983
2024-01-10,UUP,stock,27.44,27.46,27.39,27.4,1514949
2024-01-09,UUP,stock,27.39,27.48,27.38,27.45,407259
2024-01-08,UUP,stock,27.38,27.39,27.3142,27.36,1193155
2024-01-05,UUP,stock,27.43,27.4402,27.26,27.41,1081992
2024-01-04,UUP,stock,27.42,27.4253,27.35,27.41,2839477
2024-01-03,UUP,stock,27.42,27.4665,27.36,27.41,1222947
2024-01-02,UUP,stock,27.29,27.33,27.26,27.32,2109528
2023-12-29,UUP,stock,27.08,27.1,27.015,27.09,983794
2023-12-28,UUP,stock,26.98,27.07,26.915,27.04,2087094
2023-12-27,UUP,stock,27.04,27.0414,26.925,26.95,783666
2023-12-26,UUP,stock,27.12,27.13,27.08,27.09,1106196
2023-12-22,UUP,stock,27.11,27.17,27.07,27.15,1511493
2023-12-21,UUP,stock,27.18,27.245,27.16,27.16,1696193
2023-12-20,UUP,stock,27.25,27.35,27.24,27.34,2362532
2023-12-19,UUP,stock,27.27,27.28,27.21,27.22,2543698
2023-12-18,UUP,stock,27.32,27.37,27.31,27.34,1916928
2023-12-15,UUP,stock,29.03,29.11,29.02,29.09,4411503
2023-12-14,UUP,stock,28.99,29.0067,28.86,28.9,3746205
2023-12-13,UUP,stock,29.4,29.465,29.122,29.17,1509364
2023-12-12,UUP,stock,29.46,29.495,29.41,29.42,1034235
2023-12-11,UUP,stock,29.52,29.54,29.47,29.5,956184
2023-12-08,UUP,stock,29.51,29.51,29.39,29.46,1460907
2023-12-07,UUP,stock,29.41,29.4301,29.25,29.35,2570373
2023-12-06,UUP,stock,29.4,29.51,29.4,29.51,1537435
2023-12-05,UUP,stock,29.37,29.4566,29.315,29.44,1836837
2023-12-04,UUP,stock,29.35,29.3899,29.2899,29.33,2271836
2023-12-01,UUP,stock,29.31,29.34,29.1603,29.2,2520384
2023-11-30,UUP,stock,29.23,29.3,29.1901,29.29,4121136
2023-11-29,UUP,stock,29.07,29.1152,29.015,29.08,1900390
2023-11-28,UUP,stock,29.1,29.1253,29,29.05,1524057
2023-11-27,UUP,stock,29.2,29.23,29.15,29.15,1450441
2023-11-24,UUP,stock,29.26,29.27,29.2,29.21,983609
2023-11-22,UUP,stock,29.38,29.4399,29.34,29.34,4330287
2023-11-21,UUP,stock,29.14,29.28,29.1376,29.24,1349738
2023-11-20,UUP,stock,29.25,29.26,29.1701,29.21,1715388
2023-11-17,UUP,stock,29.39,29.415,29.3,29.3,1455137
2023-11-16,UUP,stock,29.42,29.47,29.345,29.46,790879
2023-11-15,UUP,stock,29.42,29.48,29.3849,29.44,1378304
2023-11-14,UUP,stock,29.51,29.5159,29.32,29.33,2938464
2023-11-13,UUP,stock,29.85,29.88,29.7784,29.8,3831765
2023-11-10,UUP,stock,29.84,29.89,29.8201,29.84,836205
2023-11-09,UUP,stock,29.74,29.87,29.7,29.86,1062429
2023-11-08,UUP,stock,29.79,29.8,29.71,29.73,585343
2023-11-07,UUP,stock,29.77,29.7957,29.702,29.74,1004601
2023-11-06,UUP,stock,29.59,29.65,29.56,29.64,1530039
2023-11-03,UUP,stock,29.65,29.6951,29.5548,29.61,3525393
2023-11-02,UUP,stock,29.84,29.9359,29.81,29.89,1849898
2023-11-01,UUP,stock,30.13,30.165,30.02,30.04,3264614
2023-10-31,UUP,stock,29.95,30.07,29.9303,30.03,970378
2023-10-30,UUP,stock,29.92,29.93,29.84,29.85,719486
2023-10-27,UUP,stock,29.95,30,29.915,29.97,1032351
2023-10-26,UUP,stock,29.99,30.065,29.97,30.01,1026392
2023-10-25,UUP,stock,29.94,29.955,29.875,29.94,1347081
2023-10-24,UUP,stock,29.8,29.885,29.79,29.86,1564939
2023-10-23,UUP,stock,29.84,29.87,29.66,29.69,1462923
2023-10-20,UUP,stock,29.84,29.88,29.82,29.84,769469
2023-10-19,UUP,stock,29.89,29.91,29.77,29.83,1728957
2023-10-18,UUP,stock,29.88,29.95,29.86,29.92,799045
2023-10-17,UUP,stock,29.88,29.89,29.77,29.81,603386
2023-10-16,UUP,stock,29.87,29.9199,29.8,29.8,761470
2023-10-13,UUP,stock,29.91,29.975,29.9,29.93,942234
2023-10-12,UUP,stock,29.76,29.92,29.76,29.91,1691075
2023-10-11,UUP,stock,29.64,29.74,29.61,29.66,1343605
2023-10-10,UUP,stock,29.71,29.73,29.635,29.66,2275942
2023-10-09,UUP,stock,29.82,29.8299,29.73,29.73,1777668
2023-10-06,UUP,stock,29.91,29.95,29.7001,29.74,1491991
2023-10-05,UUP,stock,29.86,29.9,29.8,29.8,1368308
2023-10-04,UUP,stock,29.89,29.98,29.88,29.9,1114855
2023-10-03,UUP,stock,30,30.07,29.92,29.99,2486354
2023-10-02,UUP,stock,29.85,29.97,29.85,29.96,3727350
2023-09-29,UUP,stock,29.65,29.75,29.65,29.73,1590281
2023-09-28,UUP,stock,29.76,29.79,29.685,29.71,1106364
2023-09-27,UUP,stock,29.8,29.9099,29.79,29.87,1609904
2023-09-26,UUP,stock,29.66,29.74,29.65,29.73,1642651
2023-09-25,UUP,stock,29.62,29.69,29.6122,29.64,1412582
2023-09-22,UUP,stock,29.53,29.5552,29.46,29.53,1065162
2023-09-21,UUP,stock,29.5,29.53,29.44,29.46,981559
2023-09-20,UUP,stock,29.35,29.455,29.26,29.44,828479
2023-09-19,UUP,stock,29.35,29.4,29.33,29.39,366527
2023-09-18,UUP,stock,29.4,29.44,29.3401,29.37,479566
2023-09-15,UUP,stock,29.42,29.44,29.365,29.42,1295907
2023-09-14,UUP,stock,29.37,29.45,29.33,29.44,1268512
2023-09-13,UUP,stock,29.23,29.26,29.185,29.26,549401
2023-09-12,UUP,stock,29.27,29.28,29.21,29.24,1827181
2023-09-11,UUP,stock,29.2,29.22,29.15,29.19,630468
2023-09-08,UUP,stock,29.29,29.33,29.208,29.33,1033469
2023-09-07,UUP,stock,29.29,29.34,29.2799,29.3,1034581
2023-09-06,UUP,stock,29.21,29.29,29.1806,29.23,647568
2023-09-05,UUP,stock,29.16,29.25,29.155,29.22,1215555
2023-09-01,UUP,stock,28.82,29.08,28.81,29.07,1260471
2023-08-31,UUP,stock,28.86,28.92,28.86,28.89,2707844
2023-08-30,UUP,stock,28.71,28.755,28.66,28.75,2983629
2023-08-29,UUP,stock,29.07,29.07,28.79,28.8,2199148
2023-08-28,UUP,stock,28.99,29.01,28.96,28.96,710662
2023-08-25,UUP,stock,28.97,29.09,28.89,29.01,2377413
2023-08-24,UUP,stock,28.89,28.97,28.84,28.97,1421041
2023-08-23,UUP,stock,28.87,28.8797,28.74,28.74,2112758
2023-08-22,UUP,stock,28.8,28.86,28.79,28.84,649069
2023-08-21,UUP,stock,28.75,28.79,28.72,28.74,2276655
2023-08-18,UUP,stock,28.79,28.8095,28.7338,28.77,677115
2023-08-17,UUP,stock,28.67,28.81,28.6644,28.75,686728
2023-08-16,UUP,stock,28.68,28.78,28.65,28.76,1066895
2023-08-15,UUP,stock,28.61,28.7,28.58,28.68,952914
2023-08-14,UUP,stock,28.71,28.7451,28.5949,28.67,846890
2023-08-11,UUP,stock,28.54,28.5899,28.49,28.57,1444904
2023-08-10,UUP,stock,28.4,28.51,28.33,28.51,1192438
2023-08-09,UUP,stock,28.43,28.46,28.39,28.46,889064
2023-08-08,UUP,stock,28.48,28.53,28.44,28.44,649240
2023-08-07,UUP,stock,28.31,28.36,28.29,28.31,348343
2023-08-04,UUP,stock,28.26,28.31,28.22,28.29,851820
2023-08-03,UUP,stock,28.49,28.505,28.39,28.43,519608
2023-08-02,UUP,stock,28.4,28.4999,28.4,28.45,727315
2023-08-01,UUP,stock,28.34,28.39,28.3025,28.35,1082029
2023-07-31,UUP,stock,28.2,28.24,28.135,28.22,889012
2023-07-28,UUP,stock,28.18,28.1999,28.09,28.17,1144752
2023-07-27,UUP,stock,28.1,28.216,28.1,28.21,3183547
2023-07-26,UUP,stock,28.02,28.05,27.92,27.95,1435650
2023-07-25,UUP,stock,28.14,28.14,28.03,28.03,1526189
2023-07-24,UUP,stock,28.03,28.07,27.98,28.06,1487746
2023-07-21,UUP,stock,27.94,28.0008,27.935,27.96,2215686
2023-07-20,UUP,stock,27.79,27.92,27.7799,27.88,2486584
2023-07-19,UUP,stock,27.71,27.79,27.6803,27.72,1566959
2023-07-18,UUP,stock,27.61,27.67,27.58,27.61,671952
2023-07-17,UUP,stock,27.65,27.69,27.59,27.59,1196872
2023-07-14,UUP,stock,27.59,27.64,27.5609,27.62,838292
2023-07-13,UUP,stock,27.66,27.67,27.55,27.57,1183679
2023-07-12,UUP,stock,27.89,27.89,27.76,27.76,1288114
2023-07-11,UUP,stock,28.13,28.165,28.07,28.09,2024986
2023-07-10,UUP,stock,28.27,28.2885,28.15,28.16,1270726
2023-07-07,UUP,stock,28.39,28.4,28.2201,28.23,1959493
2023-07-06,UUP,stock,28.47,28.6,28.46,28.47,882768
2023-07-05,UUP,stock,28.42,28.54,28.42,28.54,828362
2023-07-03,UUP,stock,28.42,28.4342,28.35,28.41,847261
2023-06-30,UUP,stock,28.43,28.445,28.35,28.38,1516980
2023-06-29,UUP,stock,28.5,28.525,28.4399,28.5,722610
2023-06-28,UUP,stock,28.37,28.435,28.34,28.38,1333175
2023-06-27,UUP,stock,28.22,28.29,28.2,28.25,1113716
2023-06-26,UUP,stock,28.32,28.34,28.2901,28.32,1055888
2023-06-23,UUP,stock,28.31,28.39,28.3,28.35,1626922
2023-06-22,UUP,stock,28.16,28.22,28.1201,28.2,1311126
2023-06-21,UUP,stock,28.26,28.28,28.09,28.1,1237713
2023-06-20,UUP,stock,28.24,28.3,28.225,28.23,1405734
2023-06-16,UUP,stock,28.11,28.1901,28.09,28.15,1682422
2023-06-15,UUP,stock,28.27,28.27,28.09,28.1,1918361
2023-06-14,UUP,stock,28.29,28.41,28.24,28.26,6221177
2023-06-13,UUP,stock,28.4,28.445,28.36,28.4,2690308
2023-06-12,UUP,stock,28.47,28.5399,28.46,28.49,1207567
2023-06-09,UUP,stock,28.45,28.49,28.42,28.48,1252134
2023-06-08,UUP,stock,28.49,28.49,28.39,28.39,1922174
2023-06-07,UUP,stock,28.55,28.629,28.475,28.62,890226
2023-06-06,UUP,stock,28.65,28.665,28.59,28.61,704023
2023-06-05,UUP,stock,28.64,28.65,28.52,28.52,2170560
2023-06-02,UUP,stock,28.41,28.5751,28.4,28.57,7704544
2023-06-01,UUP,stock,28.56,28.56,27.4,28.27,5617573
2023-05-31,UUP,stock,28.64,28.72,28.59,28.61,1903308
2023-05-30,UUP,stock,28.52,28.59,28.52,28.56,2059022
2023-05-26,UUP,stock,28.56,28.64,28.54,28.59,1989385
2023-05-25,UUP,stock,28.54,28.6052,28.54,28.6,2450128
2023-05-24,UUP,stock,28.38,28.485,28.375,28.47,2664166
2023-05-23,UUP,stock,28.36,28.395,28.3101,28.37,925510
2023-05-22,UUP,stock,28.29,28.32,28.25,28.29,1093438
2023-05-19,UUP,stock,28.3,28.335,28.21,28.27,1897384
2023-05-18,UUP,stock,28.29,28.37,28.29,28.35,2358149
2023-05-17,UUP,stock,28.15,28.22,28.125,28.14,1376265
2023-05-16,UUP,stock,28.05,28.105,28,28.09,2217444
2023-05-15,UUP,stock,28.05,28.0699,28.02,28.02,1000257
2023-05-12,UUP,stock,27.97,28.1,27.96,28.1,2961147
2023-05-11,UUP,stock,27.88,27.94,27.8601,27.92,3647196
2023-05-10,UUP,stock,27.71,27.775,27.685,27.74,1378974
2023-05-09,UUP,stock,27.81,27.83,27.755,27.79,1240325
2023-05-08,UUP,stock,27.63,27.71,27.62,27.7,1426673
2023-05-05,UUP,stock,27.75,27.77,27.64,27.66,2238116
2023-05-04,UUP,stock,27.7,27.745,27.65,27.7,3589377
2023-05-03,UUP,stock,27.72,27.74,27.595,27.67,3155002
2023-05-02,UUP,stock,27.93,27.97,27.81,27.82,7964757
2023-05-01,UUP,stock,27.77,27.91,27.765,27.89,3558828
2023-04-28,UUP,stock,27.8,27.836,27.7,27.75,3285777
2023-04-27,UUP,stock,27.77,27.79,27.69,27.71,1971178
2023-04-26,UUP,stock,27.57,27.71,27.56,27.7,2394806
2023-04-25,UUP,stock,27.72,27.815,27.72,27.79,2056509
2023-04-24,UUP,stock,27.71,27.73,27.64,27.66,1424516
2023-04-21,UUP,stock,27.74,27.86,27.73,27.75,1885498
2023-04-20,UUP,stock,27.76,27.78,27.71,27.78,1992418
2023-04-19,UUP,stock,27.76,27.8,27.725,27.78,2011198
2023-04-18,UUP,stock,27.77,27.79,27.72,27.72,1713376
2023-04-17,UUP,stock,27.78,27.86,27.76,27.82,2010368
2023-04-14,UUP,stock,27.57,27.72,27.56,27.68,2777446
2023-04-13,UUP,stock,27.5,27.5256,27.4608,27.52,2468314
2023-04-12,UUP,stock,27.65,27.7,27.62,27.65,2645671
2023-04-11,UUP,stock,27.79,27.85,27.7701,27.8,785124
2023-04-10,UUP,stock,27.93,27.98,27.9,27.9,1882512
2023-04-06,UUP,stock,27.79,27.8,27.69,27.74,2156563
2023-04-05,UUP,stock,27.65,27.76,27.5901,27.72,2528892
2023-04-04,UUP,stock,27.75,27.76,27.6,27.64,2610690
2023-04-03,UUP,stock,27.83,27.86,27.74,27.75,1753502
2023-03-31,UUP,stock,27.84,27.9,27.79,27.88,2569758
2023-03-30,UUP,stock,27.78,27.81,27.76,27.78,1006600
2023-03-29,UUP,stock,27.91,27.945,27.87,27.91,1684131
2023-03-28,UUP,stock,27.88,27.92,27.83,27.84,2077155
2023-03-27,UUP,stock,27.99,28,27.94,27.94,1910560
2023-03-24,UUP,stock,28,28.06,28,28.03,2368681
2023-03-23,UUP,stock,27.78,27.885,27.73,27.86,3328878
2023-03-22,UUP,stock,27.99,28.04,27.71,27.82,5645553
2023-03-21,UUP,stock,27.99,28.065,27.97,28.03,2354906
2023-03-20,UUP,stock,28.06,28.09,28.04,28.04,2226288
2023-03-17,UUP,stock,28.29,28.325,28.15,28.2,2192368
2023-03-16,UUP,stock,28.39,28.41,28.3137,28.36,2670134
2023-03-15,UUP,stock,28.47,28.5136,28.375,28.39,5141870
2023-03-14,UUP,stock,28.11,28.195,28.08,28.09,3386419
2023-03-13,UUP,stock,28.16,28.19,28.06,28.09,5300226
2023-03-10,UUP,stock,28.35,28.37,28.195,28.35,5632846
2023-03-09,UUP,stock,28.55,28.56,28.5,28.53,2749270
2023-03-08,UUP,stock,28.61,28.67,28.5499,28.61,3127649
2023-03-07,UUP,stock,28.35,28.63,28.34,28.62,4149326
2023-03-06,UUP,stock,28.28,28.305,28.21,28.27,4169059
2023-03-03,UUP,stock,28.37,28.4499,28.3,28.31,2795081
2023-03-02,UUP,stock,28.46,28.49,28.4,28.42,3976396
2023-03-01,UUP,stock,28.26,28.34,28.22,28.27,3932261
2023-02-28,UUP,stock,28.31,28.42,28.26,28.42,4060401
2023-02-27,UUP,stock,28.379,28.3954,28.2901,28.34,3470276
2023-02-24,UUP,stock,28.49,28.5,28.44,28.49,4869346
2023-02-23,UUP,stock,28.27,28.35,28.245,28.28,4056551
2023-02-22,UUP,stock,28.18,28.29,28.14,28.27,1745208
2023-02-21,UUP,stock,28.13,28.2,28.06,28.18,2532007
2023-02-17,UUP,stock,28.19,28.2301,28.07,28.09,4187783
2023-02-16,UUP,stock,28.14,28.1799,28.06,28.11,4101825
2023-02-15,UUP,stock,28.09,28.1356,28.06,28.07,4807971
2023-02-14,UUP,stock,27.92,27.97,27.78,27.88,3456909
2023-02-13,UUP,stock,27.99,28,27.8836,27.9,2010618
2023-02-10,UUP,stock,27.9,28.01,27.88,27.98,3201923
2023-02-09,UUP,stock,27.71,27.89,27.71,27.89,3609015
2023-02-08,UUP,stock,27.88,27.94,27.8601,27.93,1416508
2023-02-07,UUP,stock,28.01,28.06,27.7901,27.9,4282759
2023-02-06,UUP,stock,27.9,28.01,27.87,27.95,6884374
2023-02-03,UUP,stock,27.65,27.79,27.6,27.79,7868236
2023-02-02,UUP,stock,27.32,27.48,27.31,27.43,4302143
2023-02-01,UUP,stock,27.43,27.51,27.22,27.25,7137953
2023-01-31,UUP,stock,27.55,27.61,27.5,27.51,2126339
2023-01-30,UUP,stock,27.48,27.57,27.445,27.57,3006503
2023-01-27,UUP,stock,27.52,27.54,27.44,27.47,2554438
2023-01-26,UUP,stock,27.4,27.52,27.39,27.43,2657089
2023-01-25,UUP,stock,27.44,27.47,27.345,27.36,2230984
2023-01-24,UUP,stock,27.49,27.58,27.43,27.45,1753977
2023-01-23,UUP,stock,27.51,27.5299,27.4411,27.48,3615646
2023-01-20,UUP,stock,27.56,27.6,27.44,27.44,2634992
2023-01-19,UUP,stock,27.5,27.57,27.44,27.48,2509112
2023-01-18,UUP,stock,27.33,27.566,27.3123,27.55,3212964
2023-01-17,UUP,stock,27.44,27.58,27.41,27.55,2566944
2023-01-13,UUP,stock,27.55,27.56,27.46,27.47,2049503
2023-01-12,UUP,stock,27.57,27.745,27.44,27.48,4370486
2023-01-11,UUP,stock,27.74,27.805,27.72,27.75,1929830
2023-01-10,UUP,stock,27.73,27.79,27.69,27.75,1670154
2023-01-09,UUP,stock,27.78,27.7899,27.66,27.73,9855120
2023-01-06,UUP,stock,28.26,28.3278,27.9,27.9,3793977
2023-01-05,UUP,stock,28.201,28.3,28.19,28.27,3417767
2023-01-04,UUP,stock,27.97,28.0689,27.94,28.01,1979142
2023-01-03,UUP,stock,28.07,28.1599,27.9901,28.11,4482567
2022-12-30,UUP,stock,27.86,27.929,27.77,27.81,3437230
2022-12-29,UUP,stock,27.95,27.98,27.87,27.9,2110509
2022-12-28,UUP,stock,27.92,28.07,27.88,28.07,1992120
2022-12-27,UUP,stock,28,28.01,27.92,27.97,3022416
2022-12-23,UUP,stock,28.01,28.05,27.945,27.98,1852301
2022-12-22,UUP,stock,28,28.06,27.9749,27.99,2744638
2022-12-21,UUP,stock,27.92,27.99,27.87,27.95,4431777
2022-12-20,UUP,stock,27.92,27.9382,27.81,27.88,3683595
2022-12-19,UUP,stock,28.03,28.12,27.99,28.07,5859361
2022-12-16,UUP,stock,28.28,28.33,28.2,28.31,5050292
2022-12-15,UUP,stock,28.06,28.35,28.035,28.26,9087002
2022-12-14,UUP,stock,28.09,28.17,27.95,28,5789148
2022-12-13,UUP,stock,28.029,28.15,28.02,28.13,9962163
2022-12-12,UUP,stock,28.34,28.45,28.29,28.38,4195225
2022-12-09,UUP,stock,28.34,28.39,28.23,28.36,2642984
2022-12-08,UUP,stock,28.36,28.4,28.29,28.3,2483418
2022-12-07,UUP,stock,28.37,28.4555,28.35,28.39,2869868
2022-12-06,UUP,stock,28.4,28.5299,28.34,28.48,4039378
2022-12-05,UUP,stock,28.249,28.47,28.22,28.46,5149210
2022-12-02,UUP,stock,28.36,28.44,28.2,28.23,3845591
2022-12-01,UUP,stock,28.31,28.38,28.24,28.26,6989549
2022-11-30,UUP,stock,28.72,28.92,28.54,28.61,4062322
2022-11-29,UUP,stock,28.8,28.84,28.7,28.84,1322534
2022-11-28,UUP,stock,28.56,28.8,28.53,28.79,2836633
2022-11-25,UUP,stock,28.66,28.69,28.57,28.58,1306413
2022-11-23,UUP,stock,28.8,28.8052,28.571,28.58,4713236
2022-11-22,UUP,stock,28.97,28.99,28.87,28.88,3116292
2022-11-21,UUP,stock,29.03,29.105,29,29.06,3623272
2022-11-18,UUP,stock,28.75,28.835,28.7,28.81,3321424
2022-11-17,UUP,stock,28.83,28.875,28.73,28.73,3651968
2022-11-16,UUP,stock,28.6,28.72,28.58,28.62,2510649
2022-11-15,UUP,stock,28.55,28.85,28.52,28.68,5245239
2022-11-14,UUP,stock,28.83,28.8699,28.7,28.78,6588465
2022-11-11,UUP,stock,28.811,28.895,28.6133,28.65,8430885
2022-11-10,UUP,stock,29.26,29.3,29.07,29.07,10429165
2022-11-09,UUP,stock,29.68,29.8,29.54,29.75,2870793
2022-11-08,UUP,stock,29.69,29.7,29.44,29.53,4722273
2022-11-07,UUP,stock,29.71,29.765,29.62,29.66,3220175
2022-11-04,UUP,stock,30.03,30.13,29.8,29.83,5481392
2022-11-03,UUP,stock,30.4,30.43,30.27,30.4,8854483
2022-11-02,UUP,stock,29.92,30.15,29.7,30.15,5319892
2022-11-01,UUP,stock,29.84,30.075,29.82,30.02,3313748
2022-10-31,UUP,stock,29.981,30.0499,29.955,30.03,2920785
2022-10-28,UUP,stock,29.78,29.87,29.74,29.78,2480019
2022-10-27,UUP,stock,29.68,29.75,29.53,29.73,4313016
2022-10-26,UUP,stock,29.685,29.69,29.48,29.5,7681018
2022-10-25,UUP,stock,29.95,29.95,29.79,29.81,5338916
2022-10-24,UUP,stock,30.21,30.225,30.065,30.14,3132178
2022-10-21,UUP,stock,30.47,30.49,30.05,30.11,6352432
2022-10-20,UUP,stock,30.31,30.4,30.16,30.37,3437528
2022-10-19,UUP,stock,30.31,30.41,30.27,30.35,3372908
2022-10-18,UUP,stock,30.08,30.2299,30.06,30.13,5326527
2022-10-17,UUP,stock,30.25,30.2675,30.09,30.15,4010009
2022-10-14,UUP,stock,30.33,30.49,30.305,30.46,3994721
2022-10-13,UUP,stock,30.56,30.5761,30.14,30.25,7358252
2022-10-12,UUP,stock,30.46,30.53,30.38,30.45,2466552
2022-10-11,UUP,stock,30.41,30.49,30.21,30.45,4843125
2022-10-10,UUP,stock,30.42,30.48,30.32,30.43,4099564
2022-10-07,UUP,stock,30.24,30.34,30.161,30.3,4732991
2022-10-06,UUP,stock,30.06,30.2,30,30.18,3243712
2022-10-05,UUP,stock,29.92,30.03,29.84,29.88,4948996
2022-10-04,UUP,stock,29.82,29.84,29.58,29.6,12310594
2022-10-03,UUP,stock,30.165,30.2199,29.962,30.01,3431981
2022-09-30,UUP,stock,30.27,30.27,30.09,30.15,4762038
2022-09-29,UUP,stock,30.31,30.355,30.12,30.15,6257254
2022-09-28,UUP,stock,30.7,30.73,30.23,30.27,9864731
2022-09-27,UUP,stock,30.59,30.76,30.52,30.67,7688611
2022-09-26,UUP,stock,30.44,30.7,30.39,30.66,7720994
2022-09-23,UUP,stock,30.05,30.37,30.05,30.32,4964328
2022-09-22,UUP,stock,29.77,29.89,29.732,29.85,2553103
2022-09-21,UUP,stock,29.66,29.92,29.64,29.81,4722023
2022-09-20,UUP,stock,29.53,29.56,29.46,29.52,2065091
2022-09-19,UUP,stock,29.5,29.5144,29.36,29.38,1741671
2022-09-16,UUP,stock,29.5,29.515,29.3392,29.4,3646510
2022-09-15,UUP,stock,29.41,29.43,29.345,29.4,2349455
2022-09-14,UUP,stock,29.36,29.4199,29.31,29.38,2120709
2022-09-13,UUP,stock,29.31,29.46,29.2499,29.44,7862094
2022-09-12,UUP,stock,29.03,29.06,28.95,29.04,3580943
2022-09-09,UUP,stock,29.2,29.2282,29.15,29.19,3388928
2022-09-08,UUP,stock,29.47,29.51,29.37,29.4,2431072
2022-09-07,UUP,stock,29.64,29.65,29.34,29.34,3382923
2022-09-06,UUP,stock,29.53,29.625,29.47,29.55,15037175
2022-09-02,UUP,stock,29.25,29.39,29.18,29.38,2678633
2022-09-01,UUP,stock,29.29,29.4658,29.27,29.37,4864244
2022-08-31,UUP,stock,29.2,29.215,29.03,29.11,2497760
2022-08-30,UUP,stock,29.07,29.22,29.05,29.13,2619696
2022-08-29,UUP,stock,29.12,29.175,29.055,29.14,3900486
2022-08-26,UUP,stock,28.86,29.15,28.795,29.13,2743789
2022-08-25,UUP,stock,29.06,29.0951,28.98,29.02,2440261
2022-08-24,UUP,stock,29.17,29.21,29,29.07,4544581
2022-08-23,UUP,stock,29.16,29.1699,28.925,29.05,14555270
2022-08-22,UUP,stock,29.01,29.2,29.01,29.17,4688228
2022-08-19,UUP,stock,28.91,28.96,28.885,28.93,3143718
2022-08-18,UUP,stock,28.58,28.79,28.5762,28.75,2970322
2022-08-17,UUP,stock,28.54,28.58,28.46,28.53,2704771
2022-08-16,UUP,stock,28.54,28.54,28.43,28.49,3038709
2022-08-15,UUP,stock,28.34,28.5,28.34,28.5,4475383
2022-08-12,UUP,stock,28.23,28.32,28.21,28.25,3069958
2022-08-11,UUP,stock,28.03,28.14,27.98,28.14,2889325
2022-08-10,UUP,stock,28.12,28.16,27.98,28.12,6198217
2022-08-09,UUP,stock,28.36,28.45,28.35,28.43,1437630
2022-08-08,UUP,stock,28.43,28.47,28.362,28.46,2803435
2022-08-05,UUP,stock,28.54,28.56,28.46,28.5,3199496
2022-08-04,UUP,stock,28.43,28.4451,28.24,28.26,2536106
2022-08-03,UUP,stock,28.41,28.5493,28.4039,28.44,2811273
2022-08-02,UUP,stock,28.25,28.41,28.21,28.36,15058800
2022-08-01,UUP,stock,28.19,28.215,28.12,28.18,5826926
2022-07-29,UUP,stock,28.46,28.495,28.29,28.29,5538646
2022-07-28,UUP,stock,28.44,28.5373,28.39,28.4,2361514
2022-07-27,UUP,stock,28.6,28.7,28.39,28.42,4947698
2022-07-26,UUP,stock,28.58,28.66,28.5769,28.66,2452418
2022-07-25,UUP,stock,28.39,28.49,28.38,28.44,2012632
2022-07-22,UUP,stock,28.52,28.5301,28.35,28.48,3151340
2022-07-21,UUP,stock,28.64,28.6706,28.52,28.52,2831755
2022-07-20,UUP,stock,28.49,28.66,28.48,28.6,2222148
2022-07-19,UUP,stock,28.48,28.525,28.4299,28.52,3228221
2022-07-18,UUP,stock,28.68,28.71,28.54,28.7,3623254
2022-07-15,UUP,stock,28.93,28.9604,28.82,28.86,2392006
2022-07-14,UUP,stock,29.14,29.2,28.9501,29.03,3071131
2022-07-13,UUP,stock,28.95,28.965,28.7,28.83,1624205
2022-07-12,UUP,stock,28.89,28.91,28.8,28.89,1586734
2022-07-11,UUP,stock,28.86,28.92,28.8,28.9,4233469
2022-07-08,UUP,stock,28.6,28.6699,28.53,28.57,1736262
2022-07-07,UUP,stock,28.58,28.64,28.53,28.59,2323695
2022-07-06,UUP,stock,28.56,28.645,28.53,28.58,4650619
2022-07-05,UUP,stock,28.45,28.52,28.41,28.45,3325534
2022-07-01,UUP,stock,28.14,28.2075,28.0448,28.05,2964631
2022-06-30,UUP,stock,28.07,28.0899,27.93,27.96,2113450
2022-06-29,UUP,stock,27.96,28.0599,27.95,28.05,2025351
2022-06-28,UUP,stock,27.86,27.91,27.83,27.89,1676881
2022-06-27,UUP,stock,27.74,27.76,27.66,27.73,1464935
2022-06-24,UUP,stock,27.82,27.845,27.7445,27.78,1427109
2022-06-23,UUP,stock,27.85,27.91,27.77,27.84,2163513
2022-06-22,UUP,stock,27.85,27.8507,27.71,27.81,1780946
2022-06-21,UUP,stock,27.84,27.9,27.79,27.85,2527889
2022-06-17,UUP,stock,27.91,28.045,27.9042,27.95,2106909
2022-06-16,UUP,stock,27.88,27.9552,27.59,27.67,4908011
2022-06-15,UUP,stock,28.1,28.21,27.9201,27.94,5882042
2022-06-14,UUP,stock,28.04,28.2099,28.03,28.16,4136687
2022-06-13,UUP,stock,28,28.125,27.97,28.1,6183805
2022-06-10,UUP,stock,27.78,27.85,27.77,27.83,2510903
2022-06-09,UUP,stock,27.43,27.615,27.395,27.61,4253584
2022-06-08,UUP,stock,27.36,27.41,27.325,27.41,1002510
2022-06-07,UUP,stock,27.46,27.46,27.3235,27.33,1496562
2022-06-06,UUP,stock,27.29,27.39,27.28,27.36,2805851
2022-06-03,UUP,stock,27.25,27.33,27.21,27.3,5713908
2022-06-02,UUP,stock,27.29,27.325,27.18,27.18,6240982
2022-06-01,UUP,stock,27.24,27.4583,27.23,27.42,3746360
2022-05-31,UUP,stock,27.24,27.285,27.17,27.21,2716158
2022-05-27,UUP,stock,27.18,27.24,27.12,27.16,2677962
2022-05-26,UUP,stock,27.26,27.275,27.2,27.22,1289391
2022-05-25,UUP,stock,27.33,27.3699,27.2629,27.31,1545161
2022-05-24,UUP,stock,27.26,27.27,27.1601,27.21,3642670
2022-05-23,UUP,stock,27.35,27.3699,27.27,27.29,3716740
2022-05-20,UUP,stock,27.53,27.61,27.52,27.54,2677628
2022-05-19,UUP,stock,27.56,27.56,27.44,27.48,6258384
2022-05-18,UUP,stock,27.69,27.78,27.63,27.77,2183970
2022-05-17,UUP,stock,27.67,27.69,27.61,27.63,7703781
2022-05-16,UUP,stock,27.93,27.97,27.84,27.86,1721905
2022-05-13,UUP,stock,28.07,28.07,27.93,27.97,2855647
2022-05-12,UUP,stock,27.92,28.05,27.8939,28.05,3214864
2022-05-11,UUP,stock,27.71,27.81,27.63,27.81,2300189
2022-05-10,UUP,stock,27.7,27.8,27.7,27.78,10162042
2022-05-09,UUP,stock,27.74,27.805,27.64,27.72,3017681
2022-05-06,UUP,stock,27.63,27.74,27.6001,27.71,2506464
2022-05-05,UUP,stock,27.6,27.79,27.6,27.66,3165505
2022-05-04,UUP,stock,27.6,27.705,27.39,27.43,10511437
2022-05-03,UUP,stock,27.58,27.69,27.56,27.66,2199569
2022-05-02,UUP,stock,27.68,27.74,27.62,27.71,2294066
2022-04-29,UUP,stock,27.6,27.62,27.48,27.57,3029150
2022-04-28,UUP,stock,27.72,27.77,27.67,27.68,2433764
2022-04-27,UUP,stock,27.55,27.6056,27.48,27.52,3872385
2022-04-26,UUP,stock,27.25,27.36,27.24,27.35,2236068
2022-04-25,UUP,stock,27.18,27.225,27.15,27.18,2316425
2022-04-22,UUP,stock,26.98,27.09,26.965,27.05,1207339
2022-04-21,UUP,stock,26.77,26.91,26.75,26.89,2180294
2022-04-20,UUP,stock,26.84,26.859,26.785,26.81,1233140
2022-04-19,UUP,stock,26.99,27.01,26.95,27,1498547
2022-04-18,UUP,stock,26.88,26.955,26.8601,26.94,1149049
2022-04-14,UUP,stock,26.8,26.93,26.8,26.83,1525669
2022-04-13,UUP,stock,26.86,26.87,26.68,26.71,2906658
2022-04-12,UUP,stock,26.71,26.82,26.69,26.82,1410207
2022-04-11,UUP,stock,26.72,26.74,26.685,26.73,797179
2022-04-08,UUP,stock,26.75,26.78,26.66,26.67,1706732
2022-04-07,UUP,stock,26.6,26.685,26.58,26.67,880486
2022-04-06,UUP,stock,26.56,26.6799,26.55,26.62,1653505
2022-04-05,UUP,stock,26.45,26.6,26.415,26.6,2081440
2022-04-04,UUP,stock,26.43,26.48,26.41,26.46,1158114
2022-04-01,UUP,stock,26.37,26.4,26.34,26.34,1824194
2022-03-31,UUP,stock,26.28,26.32,26.19,26.3,1679240
2022-03-30,UUP,stock,26.17,26.2,26.13,26.19,3972286
2022-03-29,UUP,stock,26.25,26.35,26.21,26.33,1542221
2022-03-28,UUP,stock,26.56,26.56,26.4601,26.49,1086710
2022-03-25,UUP,stock,26.39,26.43,26.35,26.41,599161
2022-03-24,UUP,stock,26.43,26.46,26.3701,26.4,1666296
2022-03-23,UUP,stock,26.41,26.44,26.36,26.37,465835
2022-03-22,UUP,stock,26.32,26.36,26.29,26.34,920304
2022-03-21,UUP,stock,26.27,26.35,26.25,26.35,1228696
2022-03-18,UUP,stock,26.36,26.37,26.24,26.25,912325
2022-03-17,UUP,stock,26.27,26.29,26.1316,26.22,3088610
2022-03-16,UUP,stock,26.37,26.4999,26.28,26.28,1958470
2022-03-15,UUP,stock,26.4,26.52,26.371,26.47,762677
2022-03-14,UUP,stock,26.46,26.51,26.4,26.5,1739479
2022-03-11,UUP,stock,26.39,26.56,26.3607,26.51,1661355
2022-03-10,UUP,stock,26.31,26.38,26.2901,26.37,1098070
2022-03-09,UUP,stock,26.25,26.31,26.19,26.24,1594895
2022-03-08,UUP,stock,26.5,26.565,26.4126,26.5,1497242
2022-03-07,UUP,stock,26.43,26.58,26.4201,26.55,2508004
2022-03-04,UUP,stock,26.45,26.465,26.355,26.36,3232859
2022-03-03,UUP,stock,26.13,26.22,26.11,26.16,1780830
2022-03-02,UUP,stock,26.12,26.19,26.0401,26.06,1451448
2022-03-01,UUP,stock,26,26.12,25.98,26.08,2498056
2022-02-28,UUP,stock,25.93,25.93,25.86,25.88,1352474
2022-02-25,UUP,stock,25.93,25.94,25.84,25.84,1293629
2022-02-24,UUP,stock,26.04,26.16,25.94,25.97,4162368
2022-02-23,UUP,stock,25.69,25.77,25.6701,25.76,1214303
2022-02-22,UUP,stock,25.71,25.73,25.665,25.73,1167888
2022-02-18,UUP,stock,25.67,25.75,25.6601,25.72,1144360
2022-02-17,UUP,stock,25.65,25.67,25.62,25.65,859496
2022-02-16,UUP,stock,25.68,25.68,25.61,25.64,695207
2022-02-15,UUP,stock,25.73,25.78,25.68,25.69,1250995
2022-02-14,UUP,stock,25.78,25.82,25.75,25.79,1933917
2022-02-11,UUP,stock,25.66,25.735,25.61,25.72,2208733
2022-02-10,UUP,stock,25.68,25.7,25.4799,25.61,2931485
2022-02-09,UUP,stock,25.56,25.595,25.54,25.57,638752
2022-02-08,UUP,stock,25.59,25.63,25.58,25.6,1591098
2022-02-07,UUP,stock,25.59,25.59,25.5301,25.56,1159946
2022-02-04,UUP,stock,25.6,25.63,25.54,25.55,2243956
2022-02-03,UUP,stock,25.61,25.62,25.51,25.57,6513988
2022-02-02,UUP,stock,25.7,25.74,25.68,25.7,4401627
2022-02-01,UUP,stock,25.8,25.85,25.79,25.8,4019788
2022-01-31,UUP,stock,25.97,25.985,25.85,25.87,2055777
2022-01-28,UUP,stock,26.04,26.0675,26,26.05,1791481
2022-01-27,UUP,stock,26.01,26.065,25.9801,26.06,1530349
2022-01-26,UUP,stock,25.71,25.86,25.705,25.84,1583277
2022-01-25,UUP,stock,25.76,25.78,25.69,25.7,1312765
2022-01-24,UUP,stock,25.72,25.75,25.6601,25.69,1946293
2022-01-21,UUP,stock,25.58,25.62,25.58,25.61,1224509
2022-01-20,UUP,stock,25.59,25.68,25.56,25.68,1033025
2022-01-19,UUP,stock,25.59,25.62,25.57,25.6,1483066
2022-01-18,UUP,stock,25.6,25.67,25.58,25.66,1938490
2022-01-14,UUP,stock,25.44,25.5251,25.42,25.5,2302959
2022-01-13,UUP,stock,25.37,25.43,25.36,25.43,3801187
2022-01-12,UUP,stock,25.53,25.53,25.425,25.44,3489370
2022-01-11,UUP,stock,25.71,25.74,25.61,25.61,1310648
2022-01-10,UUP,stock,25.77,25.78,25.7,25.72,1004338
2022-01-07,UUP,stock,25.74,25.7455,25.64,25.66,540460
2022-01-06,UUP,stock,25.77,25.8153,25.735,25.8,1398562
2022-01-05,UUP,stock,25.72,25.79,25.69,25.78,1029896
2022-01-04,UUP,stock,25.81,25.82,25.74,25.81,1310259
2022-01-03,UUP,stock,25.74,25.81,25.74,25.79,3449519
2021-12-31,UUP,stock,25.69,25.71,25.62,25.63,1161057
2021-12-30,UUP,stock,25.74,25.775,25.705,25.74,367629
2021-12-29,UUP,stock,25.74,25.74,25.66,25.7,1252091
2021-12-28,UUP,stock,25.76,25.805,25.7542,25.77,820235
2021-12-27,UUP,stock,25.78,25.78,25.74,25.74,1346321
2021-12-23,UUP,stock,25.81,25.81,25.73,25.73,2216503
2021-12-22,UUP,stock,25.8,25.81,25.74,25.75,2101630
2021-12-21,UUP,stock,25.87,25.9099,25.85,25.85,887009
2021-12-20,UUP,stock,25.85,25.89,25.83,25.88,1423008
2021-12-17,UUP,stock,25.76,25.91,25.76,25.91,545228
2021-12-16,UUP,stock,25.73,25.7799,25.71,25.73,1118627
2021-12-15,UUP,stock,25.89,25.98,25.815,25.84,735014
2021-12-14,UUP,stock,25.81,25.89,25.802,25.88,621709
2021-12-13,UUP,stock,25.76,25.84,25.76,25.83,711733
2021-12-10,UUP,stock,25.8,25.8335,25.73,25.75,560652
2021-12-09,UUP,stock,25.76,25.83,25.75,25.79,751817
2021-12-08,UUP,stock,25.78,25.785,25.69,25.7,584581
2021-12-07,UUP,stock,25.89,25.89,25.81,25.82,2785147
2021-12-06,UUP,stock,25.8,25.85,25.79,25.81,682110
2021-12-03,UUP,stock,25.79,25.86,25.74,25.77,1324105
2021-12-02,UUP,stock,25.7,25.79,25.7,25.78,732386
2021-12-01,UUP,stock,25.7,25.7799,25.65,25.77,1827180
2021-11-30,UUP,stock,25.65,25.9156,25.62,25.7,2115618
2021-11-29,UUP,stock,25.83,25.86,25.81,25.82,750034
2021-11-26,UUP,stock,25.81,25.82,25.74,25.77,1100364
2021-11-24,UUP,stock,25.98,25.9999,25.94,25.97,1009224
2021-11-23,UUP,stock,25.89,25.9,25.8401,25.87,776408
2021-11-22,UUP,stock,25.85,25.89,25.81,25.88,1090239
2021-11-19,UUP,stock,25.7,25.76,25.69,25.75,679940
2021-11-18,UUP,stock,25.67,25.69,25.62,25.62,708066
2021-11-17,UUP,stock,25.72,25.75,25.6701,25.69,683014
2021-11-16,UUP,stock,25.68,25.74,25.65,25.74,1412053
2021-11-15,UUP,stock,25.51,25.64,25.4901,25.64,505625
2021-11-12,UUP,stock,25.54,25.545,25.48,25.5,258845
2021-11-11,UUP,stock,25.47,25.53,25.47,25.53,567976
2021-11-10,UUP,stock,25.26,25.47,25.2425,25.47,1698476
2021-11-09,UUP,stock,25.21,25.25,25.18,25.2,305286
2021-11-08,UUP,stock,25.25,25.26,25.21,25.23,604895
2021-11-05,UUP,stock,25.33,25.3653,25.27,25.28,636739
2021-11-04,UUP,stock,25.27,25.34,25.27,25.3,1068894
2021-11-03,UUP,stock,25.25,25.27,25.16,25.17,1701648
2021-11-02,UUP,stock,25.21,25.255,25.2,25.23,1107536
2021-11-01,UUP,stock,25.24,25.25,25.17,25.17,2195407
2021-10-29,UUP,stock,25.12,25.2974,25.12,25.25,799206
2021-10-28,UUP,stock,25.13,25.13,25.02,25.05,567777
2021-10-27,UUP,stock,25.16,25.2,25.135,25.2,336084
2021-10-26,UUP,stock,25.16,25.23,25.16,25.21,784011
2021-10-25,UUP,stock,25.17,25.19,25.16,25.16,354877
2021-10-22,UUP,stock,25.13,25.16,25.095,25.12,378431
2021-10-21,UUP,stock,25.11,25.17,25.1,25.17,538807
2021-10-20,UUP,stock,25.14,25.16,25.09,25.11,780497
2021-10-19,UUP,stock,25.13,25.165,25.11,25.15,968695
2021-10-18,UUP,stock,25.22,25.24,25.18,25.21,1630641
2021-10-15,UUP,stock,25.22,25.245,25.19,25.2,488245
2021-10-14,UUP,stock,25.2,25.24,25.2,25.23,508974
2021-10-13,UUP,stock,25.3,25.31,25.23,25.23,759775
2021-10-12,UUP,stock,25.35,25.3899,25.34,25.37,778819
2021-10-11,UUP,stock,25.28,25.34,25.2559,25.34,1882669
2021-10-08,UUP,stock,25.25,25.285,25.24,25.27,383547
2021-10-07,UUP,stock,25.29,25.3,25.26,25.29,480018
2021-10-06,UUP,stock,25.33,25.3499,25.29,25.3,1121586
2021-10-05,UUP,stock,25.25,25.25,25.19,25.23,647968
2021-10-04,UUP,stock,25.18,25.1999,25.15,25.18,875071
2021-10-01,UUP,stock,25.23,25.28,25.23,25.26,1521878
2021-09-30,UUP,stock,25.33,25.35,25.27,25.31,778328
2021-09-29,UUP,stock,25.25,25.35,25.24,25.35,843273
2021-09-28,UUP,stock,25.15,25.19,25.13,25.17,2258181
2021-09-27,UUP,stock,25.09,25.09,25.0501,25.08,255504
2021-09-24,UUP,stock,25.06,25.07,25.0322,25.05,459201
2021-09-23,UUP,stock,25,25.01,24.96,24.98,515700
2021-09-22,UUP,stock,25.03,25.11,24.965,25.08,883605
2021-09-21,UUP,stock,25.02,25.0499,25.005,25.01,624983
2021-09-20,UUP,stock,25.05,25.06,25.0128,25.03,1385953
2021-09-17,UUP,stock,24.97,25.03,24.95,25.02,2018401
2021-09-16,UUP,stock,24.94,24.96,24.93,24.93,424211
2021-09-15,UUP,stock,24.83,24.855,24.82,24.82,187790
2021-09-14,UUP,stock,24.8,24.89,24.79,24.87,380466
2021-09-13,UUP,stock,24.9,24.9,24.86,24.87,157523
2021-09-10,UUP,stock,24.82,24.88,24.8101,24.87,399631
2021-09-09,UUP,stock,24.83,24.8762,24.805,24.83,197674
2021-09-08,UUP,stock,24.9,24.94,24.87,24.89,1004797
2021-09-07,UUP,stock,24.82,24.86,24.8,24.85,452689
2021-09-03,UUP,stock,24.72,24.75,24.7,24.73,726480
2021-09-02,UUP,stock,24.81,24.825,24.77,24.78,806600
2021-09-01,UUP,stock,24.83,24.85,24.81,24.84,1026674
2021-08-31,UUP,stock,24.85,24.91,24.831,24.89,697161
2021-08-30,UUP,stock,24.89,24.92,24.88,24.89,380212
2021-08-27,UUP,stock,25.01,25.0271,24.88,24.89,860356
2021-08-26,UUP,stock,24.97,25.0099,24.97,25,322032
2021-08-25,UUP,stock,24.99,25.02,24.93,24.93,668388
2021-08-24,UUP,stock,24.98,24.9975,24.93,24.95,1077061
2021-08-23,UUP,stock,25.02,25.04,24.97,24.97,1123403
2021-08-20,UUP,stock,25.15,25.16,25.11,25.12,775803
2021-08-19,UUP,stock,25.1,25.15,25.08,25.15,990395
2021-08-18,UUP,stock,25.01,25.06,24.97,25.03,537401
2021-08-17,UUP,stock,24.96,25.03,24.96,25.03,1009407
2021-08-16,UUP,stock,24.86,24.89,24.85,24.88,487238
2021-08-13,UUP,stock,24.91,24.93,24.84,24.86,741021
2021-08-12,UUP,stock,24.98,25,24.97,24.98,178929
2021-08-11,UUP,stock,24.96,24.9899,24.9333,24.95,993657
2021-08-10,UUP,stock,25.03,25.03,25,25,868882
2021-08-09,UUP,stock,24.92,24.99,24.92,24.98,432624
2021-08-06,UUP,stock,24.9,24.95,24.88,24.93,1315537
2021-08-05,UUP,stock,24.79,24.805,24.7601,24.79,154494
2021-08-04,UUP,stock,24.68,24.81,24.675,24.79,651905
2021-08-03,UUP,stock,24.72,24.769,24.72,24.75,584113
2021-08-02,UUP,stock,24.72,24.7599,24.705,24.74,908200
2021-07-30,UUP,stock,24.72,24.78,24.7,24.77,623971
2021-07-29,UUP,stock,24.72,24.73,24.69,24.7,825974
2021-07-28,UUP,stock,24.9,24.94,24.79,24.79,749470
2021-07-27,UUP,stock,24.86,24.9,24.82,24.86,787308
2021-07-26,UUP,stock,24.94,24.94,24.87,24.9,449434
2021-07-23,UUP,stock,24.97,25.005,24.97,24.98,429229
2021-07-22,UUP,stock,24.86,24.98,24.86,24.97,953487
2021-07-21,UUP,stock,25.02,25.03,24.93,24.94,754917
2021-07-20,UUP,stock,25.04,25.05,24.99,25,1459215
2021-07-19,UUP,stock,24.93,24.9799,24.9001,24.97,1113009
2021-07-16,UUP,stock,24.91,24.94,24.8911,24.93,812622
2021-07-15,UUP,stock,24.88,24.92,24.8608,24.9,376880
2021-07-14,UUP,stock,24.84,24.86,24.83,24.83,890071
2021-07-13,UUP,stock,24.91,24.95,24.8503,24.95,1477456
2021-07-12,UUP,stock,24.82,24.82,24.7701,24.8,426661
2021-07-09,UUP,stock,24.79,24.81,24.76,24.77,1252187
2021-07-08,UUP,stock,24.82,24.86,24.805,24.83,1236846
2021-07-07,UUP,stock,24.9,24.9699,24.88,24.93,699105
2021-07-06,UUP,stock,24.86,24.9199,24.84,24.89,1152111
2021-07-02,UUP,stock,24.88,24.9,24.79,24.8,1107391
2021-07-01,UUP,stock,24.84,24.9,24.8119,24.9,2239583
2021-06-30,UUP,stock,24.79,24.86,24.79,24.83,869630
2021-06-29,UUP,stock,24.77,24.79,24.74,24.76,634336
2021-06-28,UUP,stock,24.71,24.73,24.68,24.7,777570
2021-06-25,UUP,stock,24.63,24.7085,24.6101,24.69,356901
2021-06-24,UUP,stock,24.68,24.72,24.66,24.68,414191
2021-06-23,UUP,stock,24.63,24.7099,24.61,24.7,1048423
2021-06-22,UUP,stock,24.73,24.76,24.65,24.66,454711
2021-06-21,UUP,stock,24.74,24.76,24.69,24.7,655150
2021-06-18,UUP,stock,24.81,24.85,24.79,24.82,1275915
2021-06-17,UUP,stock,24.66,24.75,24.64,24.74,1970518
2021-06-16,UUP,stock,24.35,24.56,24.3385,24.55,1915094
2021-06-15,UUP,stock,24.34,24.365,24.34,24.35,469653
2021-06-14,UUP,stock,24.31,24.35,24.31,24.33,905939
2021-06-11,UUP,stock,24.3,24.375,24.3,24.35,1090054
2021-06-10,UUP,stock,24.29,24.29,24.2,24.23,769581
2021-06-09,UUP,stock,24.17,24.2599,24.16,24.25,814720
2021-06-08,UUP,stock,24.24,24.2484,24.205,24.23,690993
2021-06-07,UUP,stock,24.21,24.23,24.18,24.2,842863
2021-06-04,UUP,stock,24.24,24.25,24.21,24.24,1383328
2021-06-03,UUP,stock,24.28,24.36,24.28,24.33,2083233
2021-06-02,UUP,stock,24.22,24.2399,24.18,24.18,1497396
2021-06-01,UUP,stock,24.15,24.18,24.12,24.18,740200
2021-05-28,UUP,stock,24.3,24.3011,24.205,24.22,602777
2021-05-27,UUP,stock,24.22,24.2399,24.19,24.2,354571
2021-05-26,UUP,stock,24.19,24.24,24.1419,24.22,336312
2021-05-25,UUP,stock,24.13,24.1698,24.11,24.13,618829
2021-05-24,UUP,stock,24.18,24.19,24.15,24.16,715981
2021-05-21,UUP,stock,24.17,24.26,24.17,24.22,685865
2021-05-20,UUP,stock,24.2,24.2,24.14,24.14,848730
2021-05-19,UUP,stock,24.2,24.29,24.1411,24.26,1294599
2021-05-18,UUP,stock,24.15,24.19,24.14,24.15,673734
2021-05-17,UUP,stock,24.3,24.31,24.25,24.26,251844
2021-05-14,UUP,stock,24.31,24.32,24.29,24.29,638575
2021-05-13,UUP,stock,24.41,24.45,24.38,24.39,450542
2021-05-12,UUP,stock,24.36,24.43,24.33,24.43,2379943
2021-05-11,UUP,stock,24.25,24.2601,24.22,24.25,549537
2021-05-10,UUP,stock,24.22,24.28,24.22,24.27,659636
2021-05-07,UUP,stock,24.38,24.4,24.27,24.27,1844699
2021-05-06,UUP,stock,24.5,24.5,24.45,24.45,476241
2021-05-05,UUP,stock,24.58,24.59,24.56,24.57,1427771
2021-05-04,UUP,stock,24.55,24.59,24.53,24.58,1225580
2021-05-03,UUP,stock,24.52,24.52,24.45,24.47,1026568
2021-04-30,UUP,stock,24.45,24.58,24.45,24.58,1124659
2021-04-29,UUP,stock,24.39,24.43,24.38,24.38,266281
2021-04-28,UUP,stock,24.5,24.51,24.37,24.37,473037
2021-04-27,UUP,stock,24.47,24.49,24.4401,24.46,364769
2021-04-26,UUP,stock,24.48,24.49,24.43,24.45,802008
2021-04-23,UUP,stock,24.48,24.53,24.44,24.45,567793
2021-04-22,UUP,stock,24.55,24.61,24.5475,24.59,358310
2021-04-21,UUP,stock,24.6,24.6199,24.52,24.52,417341
2021-04-20,UUP,stock,24.52,24.57,24.5,24.55,827240
2021-04-19,UUP,stock,24.53,24.56,24.51,24.51,1068085
2021-04-16,UUP,stock,24.65,24.67,24.63,24.65,431691
2021-04-15,UUP,stock,24.66,24.7,24.6512,24.68,390279
2021-04-14,UUP,stock,24.69,24.72,24.65,24.68,632455
2021-04-13,UUP,stock,24.78,24.78,24.71,24.71,498723
2021-04-12,UUP,stock,24.79,24.8225,24.79,24.8,479868
2021-04-09,UUP,stock,24.85,24.86,24.8001,24.81,691179
2021-04-08,UUP,stock,24.84,24.84,24.78,24.79,581950
2021-04-07,UUP,stock,24.85,24.92,24.82,24.9,758910
2021-04-06,UUP,stock,24.91,24.92,24.86,24.87,1845891
2021-04-05,UUP,stock,24.99,25,24.92,24.93,1704569
2021-04-01,UUP,stock,25.05,25.09,25.01,25.01,1955686
2021-03-31,UUP,stock,25.11,25.121,25.05,25.12,1381777
2021-03-30,UUP,stock,25.12,25.15,25.11,25.14,750211
2021-03-29,UUP,stock,24.99,25.04,24.97,25.04,1128419
2021-03-26,UUP,stock,25,25.01,24.96,24.98,654772
2021-03-25,UUP,stock,24.94,25.04,24.94,25.01,1476692
2021-03-24,UUP,stock,24.93,24.95,24.89,24.94,1726770
2021-03-23,UUP,stock,24.84,24.88,24.82,24.88,1252395
2021-03-22,UUP,stock,24.74,24.77,24.71,24.73,850783
2021-03-19,UUP,stock,24.81,24.84,24.76,24.78,2222463
2021-03-18,UUP,stock,24.74,24.77,24.69,24.77,901891
2021-03-17,UUP,stock,24.75,24.79,24.61,24.62,3055708
2021-03-16,UUP,stock,24.75,24.8,24.7301,24.74,338800
2021-03-15,UUP,stock,24.76,24.7789,24.72,24.74,504721
2021-03-12,UUP,stock,24.76,24.78,24.6801,24.69,789082
2021-03-11,UUP,stock,24.7,24.74,24.61,24.61,1643377
2021-03-10,UUP,stock,24.75,24.8187,24.73,24.73,2050255
2021-03-09,UUP,stock,24.8,24.82,24.77,24.77,1468072
2021-03-08,UUP,stock,24.85,24.91,24.83,24.91,1656325
2021-03-05,UUP,stock,24.74,24.81,24.7301,24.77,2630998
2021-03-04,UUP,stock,24.57,24.71,24.53,24.68,2128014
2021-03-03,UUP,stock,24.53,24.54,24.47,24.52,1015208
2021-03-02,UUP,stock,24.53,24.555,24.45,24.45,1381602
2021-03-01,UUP,stock,24.5,24.56,24.5,24.54,2243747
2021-02-26,UUP,stock,24.39,24.52,24.39,24.52,1345551
2021-02-25,UUP,stock,24.19,24.34,24.17,24.34,951152
2021-02-24,UUP,stock,24.34,24.3781,24.26,24.26,913821
2021-02-23,UUP,stock,24.3,24.33,24.26,24.3,441574
2021-02-22,UUP,stock,24.3,24.33,24.25,24.28,706793
2021-02-19,UUP,stock,24.35,24.3799,24.3181,24.35,1163294
2021-02-18,UUP,stock,24.43,24.475,24.4,24.41,585323
2021-02-17,UUP,stock,24.51,24.54,24.49,24.49,937808
2021-02-16,UUP,stock,24.4,24.425,24.3713,24.39,1107524
2021-02-12,UUP,stock,24.44,24.45,24.36,24.39,501802
2021-02-11,UUP,stock,24.35,24.3884,24.34,24.37,256964
2021-02-10,UUP,stock,24.35,24.38,24.335,24.38,650606
2021-02-09,UUP,stock,24.42,24.44,24.37,24.39,2006068
2021-02-08,UUP,stock,24.54,24.55,24.5,24.52,1732485
2021-02-05,UUP,stock,24.59,24.6,24.53,24.53,1402458
2021-02-04,UUP,stock,24.63,24.69,24.63,24.67,1394404
2021-02-03,UUP,stock,24.58,24.61,24.56,24.56,1656945
2021-02-02,UUP,stock,24.57,24.61,24.5519,24.57,1456871
2021-02-01,UUP,stock,24.48,24.55,24.47,24.54,2183138
2021-01-29,UUP,stock,24.37,24.43,24.37,24.42,875959
2021-01-28,UUP,stock,24.42,24.425,24.37,24.39,663678
2021-01-27,UUP,stock,24.41,24.505,24.39,24.45,982246
2021-01-26,UUP,stock,24.33,24.35,24.29,24.3,857386
2021-01-25,UUP,stock,24.35,24.4099,24.34,24.37,580608
2021-01-22,UUP,stock,24.35,24.35,24.2999,24.34,847142
2021-01-21,UUP,stock,24.33,24.35,24.28,24.29,804667
2021-01-20,UUP,stock,24.43,24.4599,24.375,24.4,489290
2021-01-19,UUP,stock,24.39,24.43,24.38,24.41,1408585
2021-01-15,UUP,stock,24.42,24.48,24.41,24.48,1177566
2021-01-14,UUP,stock,24.41,24.42,24.2813,24.32,614536
2021-01-13,UUP,stock,24.36,24.39,24.32,24.37,956781
2021-01-12,UUP,stock,24.41,24.41,24.27,24.29,1358257
2021-01-11,UUP,stock,24.44,24.47,24.371,24.42,1447798
2021-01-08,UUP,stock,24.19,24.34,24.18,24.27,1677687
2021-01-07,UUP,stock,24.21,24.27,24.21,24.23,1018080
2021-01-06,UUP,stock,24.18,24.22,24.09,24.09,1042808
2021-01-05,UUP,stock,24.2,24.22,24.11,24.12,723277
2021-01-04,UUP,stock,24.13,24.26,24.13,24.26,1322760
2020-12-31,UUP,stock,24.17,24.27,24.165,24.24,801542
2020-12-30,UUP,stock,24.2,24.21,24.155,24.17,1463938
2020-12-29,UUP,stock,24.27,24.29,24.22,24.27,1444737
2020-12-28,UUP,stock,24.31,24.37,24.28,24.35,1036064
2020-12-24,UUP,stock,24.33,24.36,24.325,24.35,280533
2020-12-23,UUP,stock,24.33,24.38,24.295,24.33,758646
2020-12-22,UUP,stock,24.34,24.45,24.34,24.44,1286901
2020-12-21,UUP,stock,24.37,24.38,24.26,24.31,618922
2020-12-18,UUP,stock,24.27,24.3,24.25,24.26,898403
2020-12-17,UUP,stock,24.22,24.24,24.19,24.23,921953
2020-12-16,UUP,stock,24.33,24.46,24.315,24.36,749756
2020-12-15,UUP,stock,24.42,24.45,24.38,24.39,853925
2020-12-14,UUP,stock,24.41,24.5,24.4,24.47,455368
2020-12-11,UUP,stock,24.52,24.55,24.51,24.54,1017727
2020-12-10,UUP,stock,24.55,24.55,24.45,24.48,608707
2020-12-09,UUP,stock,24.51,24.6,24.49,24.55,518673
2020-12-08,UUP,stock,24.49,24.55,24.49,24.54,612363
2020-12-07,UUP,stock,24.48,24.5199,24.44,24.51,896967
2020-12-04,UUP,stock,24.41,24.5,24.4,24.47,1834397
2020-12-03,UUP,stock,24.44,24.485,24.41,24.44,1003138
2020-12-02,UUP,stock,24.63,24.635,24.5601,24.57,1125243
2020-12-01,UUP,stock,24.72,24.75,24.58,24.6,979371
2020-11-30,UUP,stock,24.69,24.82,24.68,24.82,435759
2020-11-27,UUP,stock,24.8,24.8,24.75,24.76,198278
2020-11-25,UUP,stock,24.85,24.87,24.7959,24.81,599299
2020-11-24,UUP,stock,24.94,24.9683,24.85,24.85,665586
2020-11-23,UUP,stock,24.85,25.0307,24.84,24.97,749618
2020-11-20,UUP,stock,24.89,24.94,24.89,24.93,333784
2020-11-19,UUP,stock,25.01,25.01,24.89,24.9,302811
2020-11-18,UUP,stock,24.92,24.94,24.88,24.94,408364
2020-11-17,UUP,stock,24.91,24.95,24.91,24.93,1027290
2020-11-16,UUP,stock,25.01,25.02,24.97,24.97,2991656
2020-11-13,UUP,stock,25.05,25.06,25.02,25.03,1037798
2020-11-12,UUP,stock,25.1,25.1059,25.0513,25.08,497394
2020-11-11,UUP,stock,25.12,25.145,25.08,25.08,495737
2020-11-10,UUP,stock,25,25.055,24.995,25.05,734356
2020-11-09,UUP,stock,24.86,25.09,24.86,25.05,1846459
2020-11-06,UUP,stock,24.92,24.97,24.87,24.89,3497039
2020-11-05,UUP,stock,25.01,25.0689,24.95,24.98,1557023
2020-11-04,UUP,stock,25.27,25.3,25.185,25.22,1126611
2020-11-03,UUP,stock,25.23,25.27,25.18,25.26,6207805
2020-11-02,UUP,stock,25.42,25.43,25.38,25.4,1713459
2020-10-30,UUP,stock,25.32,25.4,25.3012,25.37,609035
2020-10-29,UUP,stock,25.3,25.4089,25.3,25.34,1219822
2020-10-28,UUP,stock,25.23,25.27,25.2,25.24,648732
2020-10-27,UUP,stock,25.06,25.09,25.04,25.08,181782
2020-10-26,UUP,stock,25.09,25.13,25.09,25.13,368349
2020-10-23,UUP,stock,25.03,25.095,25.025,25.04,481506
2020-10-22,UUP,stock,25.04,25.1,25.04,25.1,1276077
2020-10-21,UUP,stock,25.05,25.05,24.9565,25,1624015
2020-10-20,UUP,stock,25.15,25.17,25.1,25.13,1538473
2020-10-19,UUP,stock,25.17,25.225,25.16,25.21,545928
2020-10-16,UUP,stock,25.28,25.3,25.2601,25.29,951274
2020-10-15,UUP,stock,25.32,25.35,25.3,25.32,1417194
2020-10-14,UUP,stock,25.21,25.23,25.17,25.2,879529
2020-10-13,UUP,stock,25.22,25.27,25.21,25.26,12537574
2020-10-12,UUP,stock,25.13,25.14,25.11,25.11,676223
2020-10-09,UUP,stock,25.17,25.2,25.12,25.14,1993428
2020-10-08,UUP,stock,25.3,25.35,25.28,25.29,885342
2020-10-07,UUP,stock,25.31,25.32,25.28,25.3,1158621
2020-10-06,UUP,stock,25.22,25.3499,25.22,25.33,2282989
2020-10-05,UUP,stock,25.27,25.27,25.22,25.26,1047147
2020-10-02,UUP,stock,25.37,25.38,25.33,25.37,1354392
2020-10-01,UUP,stock,25.33,25.38,25.31,25.31,916019
2020-09-30,UUP,stock,25.4,25.4499,25.3,25.35,1217995
2020-09-29,UUP,stock,25.4,25.415,25.35,25.35,1239005
2020-09-28,UUP,stock,25.45,25.5,25.43,25.47,756524
2020-09-25,UUP,stock,25.57,25.6,25.54,25.55,1410530
2020-09-24,UUP,stock,25.54,25.56,25.44,25.48,2385001
2020-09-23,UUP,stock,25.45,25.54,25.4,25.52,12116363
2020-09-22,UUP,stock,25.3,25.42,25.28,25.38,1328304
2020-09-21,UUP,stock,25.24,25.34,25.23,25.29,1408674
2020-09-18,UUP,stock,25.11,25.13,25.05,25.11,820056
2020-09-17,UUP,stock,25.2,25.2011,25.08,25.08,875649
2020-09-16,UUP,stock,25.1,25.195,25.08,25.17,602013
2020-09-15,UUP,stock,25.1,25.17,25.09,25.14,448535
2020-09-14,UUP,stock,25.1,25.145,25.08,25.12,611868
2020-09-11,UUP,stock,25.17,25.23,25.17,25.18,467916
2020-09-10,UUP,stock,25.07,25.24,25.04,25.23,950307
2020-09-09,UUP,stock,25.2,25.2,25.1531,25.18,646303
2020-09-08,UUP,stock,25.21,25.25,25.182,25.22,1556859
2020-09-04,UUP,stock,25.14,25.182,25.04,25.09,1193358
2020-09-03,UUP,stock,25.07,25.13,25.04,25.05,1004443
2020-09-02,UUP,stock,25.05,25.095,25.03,25.04,1923933
2020-09-01,UUP,stock,24.8,24.965,24.8,24.95,1022905
2020-08-31,UUP,stock,24.9,24.939,24.845,24.9,1732214
2020-08-28,UUP,stock,24.96,25.005,24.92,24.93,1200597
2020-08-27,UUP,stock,25.02,25.22,25,25.13,698361
2020-08-26,UUP,stock,25.19,25.19,25.0831,25.1,879909
2020-08-25,UUP,stock,25.14,25.19,25.12,25.13,869189
2020-08-24,UUP,stock,25.11,25.22,25.11,25.22,450577
2020-08-21,UUP,stock,25.2,25.26,25.18,25.18,1667835
2020-08-20,UUP,stock,25.19,25.19,25.06,25.06,933177
2020-08-19,UUP,stock,24.95,25.15,24.923,25.13,1512828
2020-08-18,UUP,stock,24.92,24.9756,24.89,24.93,1104753
2020-08-17,UUP,stock,25.12,25.12,25.07,25.07,951673
2020-08-14,UUP,stock,25.17,25.1925,25.13,25.18,1913529
2020-08-13,UUP,stock,25.17,25.24,25.11,25.22,1077619
2020-08-12,UUP,stock,25.23,25.27,25.19,25.23,607831
2020-08-11,UUP,stock,25.26,25.33,25.22,25.31,1124551
2020-08-10,UUP,stock,25.27,25.3,25.21,25.27,1037623
2020-08-07,UUP,stock,25.25,25.31,25.22,25.23,1201671
2020-08-06,UUP,stock,25.09,25.1575,25.04,25.08,767154
2020-08-05,UUP,stock,25.06,25.11,25.0142,25.08,1266182
2020-08-04,UUP,stock,25.34,25.35,25.19,25.19,1094395
2020-08-03,UUP,stock,25.39,25.41,25.27,25.28,1447421
2020-07-31,UUP,stock,25.15,25.2894,25.13,25.28,1742388
2020-07-30,UUP,stock,25.2,25.25,25.12,25.13,537223
2020-07-29,UUP,stock,25.28,25.28,25.17,25.23,1282620
2020-07-28,UUP,stock,25.33,25.3583,25.29,25.35,1246295
2020-07-27,UUP,stock,25.33,25.35,25.2516,25.31,1412942
2020-07-24,UUP,stock,25.55,25.58,25.49,25.5,1095160
2020-07-23,UUP,stock,25.68,25.69,25.56,25.61,1249871
2020-07-22,UUP,stock,25.65,25.675,25.62,25.66,653756
2020-07-21,UUP,stock,25.86,25.87,25.68,25.73,1351008
2020-07-20,UUP,stock,25.93,25.97,25.88,25.89,296508
2020-07-17,UUP,stock,25.97,25.97,25.91,25.93,420050
2020-07-16,UUP,stock,25.98,26.05,25.91,26.04,373850
2020-07-15,UUP,stock,25.9,25.98,25.87,25.95,525366
2020-07-14,UUP,stock,26.09,26.09,25.99,26.02,774405
2020-07-13,UUP,stock,26.07,26.09,26.01,26.07,374467
2020-07-10,UUP,stock,26.09,26.13,26.06,26.11,219451
2020-07-09,UUP,stock,26.04,26.16,26.03,26.15,629160
2020-07-08,UUP,stock,26.14,26.15,26.05,26.06,438952
2020-07-07,UUP,stock,26.15,26.22,26.15,26.2,598101
2020-07-06,UUP,stock,26.12,26.17,26.09,26.14,984084
2020-07-02,UUP,stock,26.24,26.33,26.2,26.28,519257
2020-07-01,UUP,stock,26.31,26.33,26.23,26.26,736878
2020-06-30,UUP,stock,26.39,26.41,26.28,26.32,995434
2020-06-29,UUP,stock,26.28,26.39,26.28,26.36,551374
2020-06-26,UUP,stock,26.33,26.41,26.32,26.35,556240
2020-06-25,UUP,stock,26.35,26.37,26.31,26.31,1144843
2020-06-24,UUP,stock,26.21,26.29,26.2,26.27,1174912
2020-06-23,UUP,stock,26.1,26.15,26.05,26.15,1563792
2020-06-22,UUP,stock,26.32,26.32,26.21,26.24,935080
2020-06-19,UUP,stock,26.3,26.42,26.3,26.38,1955919
2020-06-18,UUP,stock,26.31,26.38,26.29,26.35,616000
2020-06-17,UUP,stock,26.24,26.33,26.24,26.25,751243
2020-06-16,UUP,stock,26.17,26.3,26.17,26.23,1421417
2020-06-15,UUP,stock,26.28,26.3,26.11,26.15,725164
2020-06-12,UUP,stock,26.18,26.37,26.14,26.26,1784928
2020-06-11,UUP,stock,26.04,26.2,25.97,26.19,1076562
2020-06-10,UUP,stock,25.99,26.07,25.88,25.93,1231123
2020-06-09,UUP,stock,26.14,26.15,26.03,26.06,1033155
2020-06-08,UUP,stock,26.16,26.19,26.12,26.14,1794522
2020-06-05,UUP,stock,26.16,26.23,26.14,26.21,4095301
2020-06-04,UUP,stock,26.28,26.28,26.1,26.16,3238724
2020-06-03,UUP,stock,26.38,26.39,26.26,26.26,6784642
2020-06-02,UUP,stock,26.4,26.44,26.36,26.42,787430
2020-06-01,UUP,stock,26.53,26.55,26.45,26.45,1381432
2020-05-29,UUP,stock,26.58,26.65,26.53,26.6,1369326
2020-05-28,UUP,stock,26.72,26.74,26.61,26.64,3065105
2020-05-27,UUP,stock,26.78,26.87,26.76,26.78,581797
2020-05-26,UUP,stock,26.81,26.82,26.75,26.79,1059292
2020-05-22,UUP,stock,27,27.03,26.98,26.99,2072166
2020-05-21,UUP,stock,26.84,26.94,26.83,26.91,1025449
2020-05-20,UUP,stock,26.83,26.86,26.79,26.85,1789599
2020-05-19,UUP,stock,26.93,26.95,26.87,26.94,803594
2020-05-18,UUP,stock,27.08,27.1,26.95,26.96,1819624
2020-05-15,UUP,stock,27.12,27.2,27.09,27.18,450757
2020-05-14,UUP,stock,27.19,27.21,27.13,27.16,940259
2020-05-13,UUP,stock,27.02,27.15,27,27.13,826982
2020-05-12,UUP,stock,27.02,27.08,26.99,27.08,629390
2020-05-11,UUP,stock,27.08,27.16,27.06,27.13,4346043
2020-05-08,UUP,stock,27.03,27.06,26.91,27.03,1091328
2020-05-07,UUP,stock,27.15,27.18,27.01,27.04,653193
2020-05-06,UUP,stock,27.07,27.13,27.04,27.12,754284
2020-05-05,UUP,stock,27,27.03,26.9,26.99,4938168
2020-05-04,UUP,stock,26.93,26.98,26.91,26.97,1000537
2020-05-01,UUP,stock,26.79,26.84,26.74,26.82,1096120
2020-04-30,UUP,stock,26.97,27,26.76,26.79,1837398
2020-04-29,UUP,stock,26.98,27.04,26.94,26.96,781811
2020-04-28,UUP,stock,26.98,27.08,26.97,27.07,1051422
2020-04-27,UUP,stock,27.06,27.13,27.05,27.1,2184157
2020-04-24,UUP,stock,27.2,27.23,27.16,27.17,843615
2020-04-23,UUP,stock,27.24,27.26,27.1,27.23,1491141
2020-04-22,UUP,stock,27.1,27.23,27.1,27.22,947706
2020-04-21,UUP,stock,27.2,27.22,27.1,27.14,1643766
2020-04-20,UUP,stock,27.07,27.1,27.01,27.1,1298329
2020-04-17,UUP,stock,27.02,27.04,26.97,27.01,881617
2020-04-16,UUP,stock,27.02,27.18,26.99,27.08,2608806
2020-04-15,UUP,stock,27.05,27.06,26.88,26.96,2069566
2020-04-14,UUP,stock,26.82,26.84,26.76,26.76,2434656
2020-04-13,UUP,stock,26.94,26.97,26.88,26.91,1185558
2020-04-09,UUP,stock,26.95,27,26.89,26.95,1681580
2020-04-08,UUP,stock,27.07,27.15,27.07,27.15,2153381
2020-04-07,UUP,stock,27.01,27.1,27,27.05,2140258
2020-04-06,UUP,stock,27.27,27.36,27.25,27.3,1704872
2020-04-03,UUP,stock,27.26,27.35,27.24,27.29,3110663
2020-04-02,UUP,stock,27.12,27.21,27.04,27.14,3650032
2020-04-01,UUP,stock,26.99,27.05,26.95,27,3000042
2020-03-31,UUP,stock,26.98,27.05,26.79,26.83,1534848
2020-03-30,UUP,stock,26.89,26.95,26.84,26.85,2272519
2020-03-27,UUP,stock,27.08,27.11,26.67,26.73,4148731
2020-03-26,UUP,stock,27.15,27.16,26.94,26.95,7220743
2020-03-25,UUP,stock,27.55,27.64,27.3,27.39,4432702
2020-03-24,UUP,stock,27.55,27.74,27.51,27.65,5990339
2020-03-23,UUP,stock,27.86,28,27.73,27.97,2220152
2020-03-20,UUP,stock,28,28.08,27.68,28.01,6811681
2020-03-19,UUP,stock,28.89,28.9,27.75,28.09,4055872
2020-03-18,UUP,stock,27.23,28.01,27.22,27.44,4114526
2020-03-17,UUP,stock,26.93,27.1,26.91,27.03,1455986
2020-03-16,UUP,stock,26.65,26.69,26.33,26.56,1673192
2020-03-13,UUP,stock,26.57,27.97,26.54,27.44,1333518
2020-03-12,UUP,stock,26.25,26.66,26.19,26.44,3224692
2020-03-11,UUP,stock,26.04,26.17,26.01,26.16,722713
2020-03-10,UUP,stock,25.91,26.16,25.91,26.12,5135662
2020-03-09,UUP,stock,25.74,25.75,24.64,25.74,2683648
2020-03-06,UUP,stock,25.93,26.04,25.92,26.02,1570782
2020-03-05,UUP,stock,26.24,26.28,26.16,26.17,848276
2020-03-04,UUP,stock,26.37,26.41,26.34,26.37,613887
2020-03-03,UUP,stock,26.39,26.39,26.23,26.28,1429517
2020-03-02,UUP,stock,26.41,26.42,26.29,26.39,1447248
2020-02-28,UUP,stock,26.62,26.71,26.49,26.53,4081116
2020-02-27,UUP,stock,26.64,26.68,26.59,26.62,1103558
2020-02-26,UUP,stock,26.79,26.84,26.76,26.78,1037608
2020-02-25,UUP,stock,26.83,26.84,26.73,26.76,354983
2020-02-24,UUP,stock,26.87,26.88,26.78,26.84,335768
2020-02-21,UUP,stock,26.94,26.94,26.82,26.83,1199490
2020-02-20,UUP,stock,26.94,26.99,26.93,26.99,385580
2020-02-19,UUP,stock,26.91,26.94,26.9,26.91,246106
2020-02-18,UUP,stock,26.86,26.87,26.8,26.86,148429
2020-02-14,UUP,stock,26.77,26.78,26.73,26.76,162619
2020-02-13,UUP,stock,26.74,26.77,26.72,26.77,592376
2020-02-12,UUP,stock,26.66,26.75,26.66,26.74,172364
2020-02-11,UUP,stock,26.69,26.69,26.66,26.67,268936
2020-02-10,UUP,stock,26.68,26.71,26.66,26.7,256134
2020-02-07,UUP,stock,26.59,26.66,26.59,26.66,95737
2020-02-06,UUP,stock,26.55,26.62,26.55,26.6,140631
2020-02-05,UUP,stock,26.52,26.55,26.5001,26.55,388136
2020-02-04,UUP,stock,26.43,26.45,26.43,26.45,469390
2020-02-03,UUP,stock,26.38,26.43,26.38,26.41,860575
2020-01-31,UUP,stock,26.35,26.36,26.27,26.28,784679
2020-01-30,UUP,stock,26.43,26.44,26.39,26.39,160926
2020-01-29,UUP,stock,26.48,26.49,26.44,26.47,152623
2020-01-28,UUP,stock,26.46,26.48,26.43,26.43,158358
2020-01-27,UUP,stock,26.4,26.44,26.4,26.43,226828
2020-01-24,UUP,stock,26.38,26.42,26.38,26.39,221794
2020-01-23,UUP,stock,26.33,26.37,26.32,26.35,126443
2020-01-22,UUP,stock,26.27,26.33,26.27,26.28,216524
2020-01-21,UUP,stock,26.26,26.31,26.26,26.3,327248
2020-01-17,UUP,stock,26.29,26.32,26.29,26.32,284450
2020-01-16,UUP,stock,26.19,26.24,26.19,26.23,108632
2020-01-15,UUP,stock,26.18,26.22,26.18,26.19,242464
2020-01-14,UUP,stock,26.27,26.28,26.22,26.23,589921
2020-01-13,UUP,stock,26.25,26.26,26.21,26.22,217040
2020-01-10,UUP,stock,26.26,26.27,26.21,26.22,211778
2020-01-09,UUP,stock,26.24,26.28,26.24,26.24,167038
2020-01-08,UUP,stock,26.15,26.21,26.14,26.19,685630
2020-01-07,UUP,stock,26.1,26.14,26.1,26.12,145119
2020-01-06,UUP,stock,26.02,26.05,26.02,26.03,308762
2020-01-03,UUP,stock,26.12,26.12,26.04,26.09,663488
2020-01-02,UUP,stock,26.05,26.08,25.99,26.06,556548
2019-12-31,UUP,stock,25.96,25.98,25.93,25.97,505246
2019-12-30,UUP,stock,26.04,26.05,26,26.04,527627
2019-12-27,UUP,stock,26.12,26.14,26.07,26.09,573305
2019-12-26,UUP,stock,26.24,26.26,26.21,26.22,235145
2019-12-24,UUP,stock,26.27,26.28,26.24,26.26,274221
2019-12-23,UUP,stock,26.37,26.37,26.24,26.26,826033
2019-12-20,UUP,stock,26.76,26.81,26.76,26.8,686771
2019-12-19,UUP,stock,26.72,26.73,26.69,26.71,427325
2019-12-18,UUP,stock,26.69,26.72,26.68,26.71,237864
2019-12-17,UUP,stock,26.64,26.66,26.63,26.66,199290
2019-12-16,UUP,stock,26.59,26.63,26.57,26.61,814435
2019-12-13,UUP,stock,26.58,26.66,26.58,26.66,291692
2019-12-12,UUP,stock,26.61,26.74,26.61,26.66,627339
2019-12-11,UUP,stock,26.7,26.72,26.59,26.62,552079
2019-12-10,UUP,stock,26.71,26.75,26.7,26.72,205727
2019-12-09,UUP,stock,26.74,26.78,26.74,26.75,212213
2019-12-06,UUP,stock,26.76,26.82,26.75,26.78,313411
2019-12-05,UUP,stock,26.72,26.72,26.68,26.68,270774
2019-12-04,UUP,stock,26.7,26.76,26.68,26.74,316991
2019-12-03,UUP,stock,26.77,26.79,26.75,26.77,499982
2019-12-02,UUP,stock,26.88,26.89,26.79,26.8,705270
2019-11-29,UUP,stock,26.95,26.98,26.9,26.91,2004193
2019-11-27,UUP,stock,26.94,26.96,26.93,26.94,176022
2019-11-26,UUP,stock,26.92,26.94,26.9,26.9,308217
2019-11-25,UUP,stock,26.93,26.94,26.89,26.93,602150
2019-11-22,UUP,stock,26.81,26.92,26.81,26.91,225837
2019-11-21,UUP,stock,26.79,26.85,26.78,26.83,111342
2019-11-20,UUP,stock,26.8,26.83,26.79,26.79,480815
2019-11-19,UUP,stock,26.77,26.79,26.76,26.79,269756
2019-11-18,UUP,stock,26.79,26.79,26.73,26.76,799150
2019-11-15,UUP,stock,26.83,26.84,26.81,26.81,441246
2019-11-14,UUP,stock,26.91,26.93,26.85,26.87,123196
2019-11-13,UUP,stock,26.92,26.92,26.89,26.89,154467
2019-11-12,UUP,stock,26.9,26.92,26.88,26.9,347465
2019-11-11,UUP,stock,26.87,26.87,26.85,26.86,135529
2019-11-08,UUP,stock,26.91,26.92,26.88,26.9,237363
2019-11-07,UUP,stock,26.8,26.87,26.8,26.84,548188
2019-11-06,UUP,stock,26.75,26.79,26.75,26.78,425177
2019-11-05,UUP,stock,26.73,26.8,26.72,26.78,1795591
2019-11-04,UUP,stock,26.62,26.68,26.61,26.68,389170
2019-11-01,UUP,stock,26.6,26.61,26.56,26.58,648818
2019-10-31,UUP,stock,26.61,26.64,26.59,26.59,293479
2019-10-30,UUP,stock,26.7,26.78,26.63,26.64,319203
2019-10-29,UUP,stock,26.71,26.72,26.67,26.7,325401
2019-10-28,UUP,stock,26.71,26.72,26.69,26.71,485556
2019-10-25,UUP,stock,26.71,26.75,26.69,26.73,377709
2019-10-24,UUP,stock,26.61,26.72,26.61,26.7,624880
2019-10-23,UUP,stock,26.64,26.66,26.6,26.62,408149
2019-10-22,UUP,stock,26.61,26.64,26.56,26.63,2289345
2019-10-21,UUP,stock,26.54,26.59,26.54,26.57,391115
2019-10-18,UUP,stock,26.61,26.63,26.55,26.55,397271
2019-10-17,UUP,stock,26.66,26.68,26.63,26.65,545396
2019-10-16,UUP,stock,26.8,26.82,26.73,26.75,614588
2019-10-15,UUP,stock,26.91,26.93,26.81,26.82,413593
2019-10-14,UUP,stock,26.88,26.9,26.86,26.9,336675
2019-10-11,UUP,stock,26.82,26.86,26.79,26.82,559532
2019-10-10,UUP,stock,26.96,26.99,26.91,26.92,467333
2019-10-09,UUP,stock,27,27.05,27,27.03,345971
2019-10-08,UUP,stock,27,27.08,27,27.05,1320554
2019-10-07,UUP,stock,26.95,27.01,26.94,27.01,452859
2019-10-04,UUP,stock,26.98,27,26.95,26.96,2127329
2019-10-03,UUP,stock,27,27.01,26.9,26.98,896430
2019-10-02,UUP,stock,27.03,27.04,26.98,26.99,713350
2019-10-01,UUP,stock,27.16,27.17,27,27.01,972732
2019-09-30,UUP,stock,27.1,27.11,27.06,27.1,427510
2019-09-27,UUP,stock,27.04,27.04,26.98,27.01,394275
2019-09-26,UUP,stock,26.95,27.06,26.93,27.05,821465
2019-09-25,UUP,stock,26.9,26.99,26.88,26.98,894913
2019-09-24,UUP,stock,26.85,26.85,26.77,26.77,513605
2019-09-23,UUP,stock,26.89,26.89,26.85,26.87,355259
2019-09-20,UUP,stock,26.83,26.86,26.82,26.83,303228
2019-09-19,UUP,stock,26.76,26.79,26.73,26.76,517202
2019-09-18,UUP,stock,26.76,26.86,26.75,26.82,895744
2019-09-17,UUP,stock,26.82,26.84,26.72,26.72,395394
2019-09-16,UUP,stock,26.8,26.86,26.8,26.84,433071
2019-09-13,UUP,stock,26.71,26.75,26.7,26.72,2010786
2019-09-12,UUP,stock,26.88,26.9,26.72,26.76,450363
2019-09-11,UUP,stock,26.84,26.87,26.83,26.84,449527
2019-09-10,UUP,stock,26.75,26.77,26.74,26.76,286901
2019-09-09,UUP,stock,26.74,26.75,26.7,26.73,936088
2019-09-06,UUP,stock,26.73,26.78,26.7,26.78,813307
2019-09-05,UUP,stock,26.68,26.77,26.67,26.77,799863
2019-09-04,UUP,stock,26.82,26.83,26.75,26.76,1136589
2019-09-03,UUP,stock,26.99,27.01,26.9,26.93,1803561
2019-08-30,UUP,stock,26.79,26.92,26.75,26.87,623519
2019-08-29,UUP,stock,26.73,26.79,26.7,26.77,1463495
2019-08-28,UUP,stock,26.68,26.71,26.67,26.7,808658
2019-08-27,UUP,stock,26.62,26.64,26.61,26.64,284912
2019-08-26,UUP,stock,26.62,26.66,26.61,26.66,487832
2019-08-23,UUP,stock,26.7,26.77,26.51,26.52,2521919
2019-08-22,UUP,stock,26.67,26.7,26.64,26.67,299591
2019-08-21,UUP,stock,26.67,26.71,26.66,26.69,1076892
2019-08-20,UUP,stock,26.73,26.74,26.65,26.66,516659
2019-08-19,UUP,stock,26.68,26.73,26.67,26.72,518054
2019-08-16,UUP,stock,26.71,26.71,26.64,26.66,730631
2019-08-15,UUP,stock,26.6,26.67,26.59,26.64,2435298
2019-08-14,UUP,stock,26.55,26.62,26.53,26.62,813742
2019-08-13,UUP,stock,26.44,26.56,26.43,26.56,483834
2019-08-12,UUP,stock,26.43,26.45,26.41,26.44,665449
2019-08-09,UUP,stock,26.46,26.49,26.41,26.46,523625
2019-08-08,UUP,stock,26.51,26.51,26.42,26.49,2407921
2019-08-07,UUP,stock,26.44,26.48,26.4,26.47,1999910
2019-08-06,UUP,stock,26.49,26.51,26.45,26.49,369938
2019-08-05,UUP,stock,26.48,26.5,26.42,26.46,1188791
2019-08-02,UUP,stock,26.66,26.66,26.58,26.59,370880
2019-08-01,UUP,stock,26.8,26.8,26.64,26.65,1117914
2019-07-31,UUP,stock,26.58,26.74,26.55,26.73,810438
2019-07-30,UUP,stock,26.59,26.61,26.57,26.57,274318
2019-07-29,UUP,stock,26.59,26.6,26.56,26.57,803922
2019-07-26,UUP,stock,26.52,26.58,26.52,26.55,438534
2019-07-25,UUP,stock,26.44,26.53,26.41,26.51,1315564
2019-07-24,UUP,stock,26.45,26.48,26.42,26.46,292332
2019-07-23,UUP,stock,26.43,26.47,26.43,26.46,309892
2019-07-22,UUP,stock,26.32,26.34,26.31,26.34,286088
2019-07-19,UUP,stock,26.28,26.33,26.26,26.29,332069
2019-07-18,UUP,stock,26.3,26.32,26.16,26.16,350643
2019-07-17,UUP,stock,26.34,26.34,26.28,26.3,260026
2019-07-16,UUP,stock,26.3,26.36,26.3,26.35,485557
2019-07-15,UUP,stock,26.19,26.23,26.19,26.23,217888
2019-07-12,UUP,stock,26.24,26.24,26.17,26.19,208948
2019-07-11,UUP,stock,26.23,26.27,26.23,26.24,158898
2019-07-10,UUP,stock,26.29,26.31,26.23,26.24,540536
2019-07-09,UUP,stock,26.36,26.37,26.34,26.35,370394
2019-07-08,UUP,stock,26.31,26.34,26.3,26.33,316898
2019-07-05,UUP,stock,26.27,26.34,26.27,26.28,389674
2019-07-03,UUP,stock,26.12,26.16,26.09,26.14,677846
2019-07-02,UUP,stock,26.12,26.16,26.09,26.14,383917
2019-07-01,UUP,stock,26.05,26.17,26.04,26.16,1022317
2019-06-28,UUP,stock,25.97,26.01,25.94,25.97,286059
2019-06-27,UUP,stock,25.98,26,25.98,25.99,753248
2019-06-26,UUP,stock,25.98,26.01,25.93,25.99,224305
2019-06-25,UUP,stock,25.91,26.01,25.89,25.97,1605690
2019-06-24,UUP,stock,25.94,25.96,25.9,25.91,3073770
2019-06-21,UUP,stock,26.06,26.09,25.95,25.95,1123409
2019-06-20,UUP,stock,26.09,26.12,26.07,26.08,652289
2019-06-19,UUP,stock,26.31,26.33,26.19,26.24,853571
2019-06-18,UUP,stock,26.29,26.38,26.29,26.36,782377
2019-06-17,UUP,stock,26.27,26.33,26.27,26.32,225978
2019-06-14,UUP,stock,26.26,26.33,26.24,26.31,541078
2019-06-13,UUP,stock,26.17,26.19,26.15,26.17,288791
2019-06-12,UUP,stock,26.11,26.16,26.07,26.15,407239
2019-06-11,UUP,stock,26.08,26.11,26.06,26.08,160543
2019-06-10,UUP,stock,26.08,26.1399,26.07,26.07,497715
2019-06-07,UUP,stock,26.06,26.08,25.999,26.04,685129
2019-06-06,UUP,stock,26.15,26.19,26.09,26.15,567043
2019-06-05,UUP,stock,26.13,26.24,26.11,26.24,1373689
2019-06-04,UUP,stock,26.2,26.2154,26.13,26.15,880797
2019-06-03,UUP,stock,26.3,26.3,26.15,26.18,2164116
2019-05-31,UUP,stock,26.39,26.39,26.31,26.32,569585
2019-05-30,UUP,stock,26.44,26.46,26.42,26.43,228269
2019-05-29,UUP,stock,26.4,26.43,26.38,26.42,355212
2019-05-28,UUP,stock,26.3,26.38,26.3,26.36,455032
2019-05-24,UUP,stock,26.3,26.31,26.25,26.25,227996
2019-05-23,UUP,stock,26.46,26.47,26.31,26.34,538395
2019-05-22,UUP,stock,26.37,26.39,26.36,26.39,311507
2019-05-21,UUP,stock,26.37,26.39,26.31,26.37,758703
2019-05-20,UUP,stock,26.34,26.34,26.32,26.33,400391
2019-05-17,UUP,stock,26.3,26.35,26.3,26.35,399682
2019-05-16,UUP,stock,26.26,26.32,26.26,26.29,169412
2019-05-15,UUP,stock,26.24,26.26,26.19,26.22,414656
2019-05-14,UUP,stock,26.19,26.21,26.19,26.21,200058
2019-05-13,UUP,stock,26.07,26.16,26.07,26.15,395418
2019-05-10,UUP,stock,26.12,26.16,26.09,26.15,273181
2019-05-09,UUP,stock,26.21,26.23,26.12,26.16,205028
2019-05-08,UUP,stock,26.19,26.23,26.17,26.21,254085
2019-05-07,UUP,stock,26.21,26.25,26.19,26.2,451289
2019-05-06,UUP,stock,26.22,26.23,26.17,26.18,453107
2019-05-03,UUP,stock,26.27,26.28,26.16,26.16,1292744
2019-05-02,UUP,stock,26.21,26.27,26.21,26.26,240073
2019-05-01,UUP,stock,26.14,26.23,26.07,26.2,732946
2019-04-30,UUP,stock,26.16,26.21,26.15,26.17,1107346
2019-04-29,UUP,stock,26.31,26.33,26.25,26.25,293453
2019-04-26,UUP,stock,26.3,26.31,26.251,26.31,268283
2019-04-25,UUP,stock,26.33,26.35,26.3,26.34,709893
2019-04-24,UUP,stock,26.23,26.34,26.19,26.29,565392
2019-04-23,UUP,stock,26.18,26.22,26.16,26.16,733957
2019-04-22,UUP,stock,26.09,26.1,26.07,26.07,230265
2019-04-18,UUP,stock,26.09,26.14,26.08,26.13,491735
2019-04-17,UUP,stock,25.99,26.01,25.98,25.99,162203
2019-04-16,UUP,stock,25.99,26.01,25.96,26.01,267244
2019-04-15,UUP,stock,25.93,25.97,25.93,25.95,197473
2019-04-12,UUP,stock,25.92,25.98,25.91,25.96,336354
2019-04-11,UUP,stock,26.01,26.03,25.98,26.02,287087
2019-04-10,UUP,stock,26.02,26.02,25.93,25.94,1064281
2019-04-09,UUP,stock,25.93,25.98,25.93,25.98,958752
2019-04-08,UUP,stock,25.98,26,25.96,25.97,329832
2019-04-05,UUP,stock,26.04,26.09,26.04,26.06,222425
2019-04-04,UUP,stock,26.05,26.05,26.03,26.03,294035
2019-04-03,UUP,stock,25.98,26,25.95,26,2471187
2019-04-02,UUP,stock,26.05,26.1,26.03,26.04,325470
2019-04-01,UUP,stock,25.97,26.03,25.96,26.01,877341
2019-03-29,UUP,stock,25.98,26.03,25.97,26.03,582415
2019-03-28,UUP,stock,25.99,26.03,25.97,26,315018
2019-03-27,UUP,stock,25.89,25.92,25.87,25.91,225278
2019-03-26,UUP,stock,25.83,25.88,25.82,25.88,253961
2019-03-25,UUP,stock,25.76,25.81,25.76,25.8,416081
2019-03-22,UUP,stock,25.8,25.86,25.79,25.8,690068
2019-03-21,UUP,stock,25.69,25.81,25.68,25.75,575836
2019-03-20,UUP,stock,25.75,25.78,25.56,25.59,1034514
2019-03-19,UUP,stock,25.73,25.76,25.72,25.74,269406
2019-03-18,UUP,stock,25.75,25.81,25.75,25.77,381499
2019-03-15,UUP,stock,25.82,25.82,25.77,25.8,349825
2019-03-14,UUP,stock,25.83,25.85,25.82,25.84,266451
2019-03-13,UUP,stock,25.84,25.85,25.75,25.76,519832
2019-03-12,UUP,stock,25.9,25.91,25.85,25.88,593835
2019-03-11,UUP,stock,25.95,25.99,25.93,25.93,606014
2019-03-08,UUP,stock,25.99,25.99,25.96,25.99,512375
2019-03-07,UUP,stock,25.95,26.07,25.95,26.07,689652
2019-03-06,UUP,stock,25.83,25.85,25.82,25.84,782643
2019-03-05,UUP,stock,25.81,25.88,25.8,25.84,426182
2019-03-04,UUP,stock,25.77,25.82,25.77,25.77,254119
2019-03-01,UUP,stock,25.63,25.75,25.61,25.74,886690
2019-02-28,UUP,stock,25.61,25.67,25.6,25.64,340512
2019-02-27,UUP,stock,25.57,25.64,25.57,25.62,389115
2019-02-26,UUP,stock,25.66,25.71,25.56,25.6,391441
2019-02-25,UUP,stock,25.68,25.74,25.68,25.7,372089
2019-02-22,UUP,stock,25.73,25.7493,25.69,25.72,165794
2019-02-21,UUP,stock,25.69,25.75,25.69,25.73,209094
2019-02-20,UUP,stock,25.72,25.73,25.65,25.71,352199
2019-02-19,UUP,stock,25.79,25.79,25.68,25.69,1069232
2019-02-15,UUP,stock,25.83,25.88,25.78,25.79,480017
2019-02-14,UUP,stock,25.84,25.9,25.82,25.84,522583
2019-02-13,UUP,stock,25.82,25.87,25.77,25.87,374054
2019-02-12,UUP,stock,25.8,25.82,25.72,25.73,436962
2019-02-11,UUP,stock,25.78,25.85,25.78,25.82,829303
2019-02-08,UUP,stock,25.69,25.72,25.67,25.72,263784
2019-02-07,UUP,stock,25.65,25.69,25.64,25.69,396962
2019-02-06,UUP,stock,25.55,25.64,25.55,25.63,575216
2019-02-05,UUP,stock,25.51,25.56,25.48,25.53,633033
2019-02-04,UUP,stock,25.46,25.5,25.46,25.46,806681
2019-02-01,UUP,stock,25.35,25.42,25.35,25.39,1043553
2019-01-31,UUP,stock,25.31,25.41,25.31,25.39,1454963
2019-01-30,UUP,stock,25.47,25.5,25.3,25.34,1213092
2019-01-29,UUP,stock,25.46,25.47,25.42,25.47,591154
2019-01-28,UUP,stock,25.44,25.47,25.4,25.46,932663
2019-01-25,UUP,stock,25.55,25.55,25.43,25.44,619066
2019-01-24,UUP,stock,25.53,25.68,25.53,25.65,267438
2019-01-23,UUP,stock,25.55,25.58,25.5,25.5,1153815
2019-01-22,UUP,stock,25.63,25.63,25.5414,25.56,794735
2019-01-18,UUP,stock,25.49,25.59,25.49,25.56,1957677
2019-01-17,UUP,stock,25.48,25.55,25.47,25.48,330378
2019-01-16,UUP,stock,25.46,25.5,25.46,25.48,268883
2019-01-15,UUP,stock,25.41,25.54,25.39,25.45,1286521
2019-01-14,UUP,stock,25.34,25.37,25.32,25.36,596999
2019-01-11,UUP,stock,25.33,25.39,25.33,25.36,624739
2019-01-10,UUP,stock,25.26,25.35,25.26,25.34,691351
2019-01-09,UUP,stock,25.35,25.37,25.19,25.19,1293813
2019-01-08,UUP,stock,25.42,25.45,25.4,25.43,1929002
2019-01-07,UUP,stock,25.36,25.39,25.34,25.35,947597
2019-01-04,UUP,stock,25.62,25.62,25.46,25.46,1367339
2019-01-03,UUP,stock,25.61,25.61,25.5,25.5,486249
2019-01-02,UUP,stock,25.66,25.7,25.62,25.64,1241619
2018-12-31,UUP,stock,25.52,25.53,25.45,25.45,625279
2018-12-28,UUP,stock,25.47,25.5539,25.47,25.5,892142
2018-12-27,UUP,stock,25.66,25.66,25.52,25.57,571588
2018-12-26,UUP,stock,25.58,25.72,25.56,25.68,723749
2018-12-24,UUP,stock,25.62,25.62,25.49,25.55,907081
2018-12-21,UUP,stock,25.82,25.97,25.82,25.94,1156989
2018-12-20,UUP,stock,25.82,25.87,25.71,25.77,1127534
2018-12-19,UUP,stock,25.88,25.97,25.8116,25.97,849985
2018-12-18,UUP,stock,25.91,25.98,25.91,25.96,903568
2018-12-17,UUP,stock,25.98,26,25.94,25.97,437321
2018-12-14,UUP,stock,26.09,26.12,26.04,26.04,446579
2018-12-13,UUP,stock,25.96,26.01,25.93,25.94,832851
2018-12-12,UUP,stock,26,26,25.9,25.94,874322
2018-12-11,UUP,stock,25.99,26.08,25.98,26.04,554634
2018-12-10,UUP,stock,25.85,25.99,25.85,25.97,1093146
2018-12-07,UUP,stock,25.82,25.85,25.78,25.8,1236635
2018-12-06,UUP,stock,25.87,25.8836,25.7901,25.87,492067
2018-12-04,UUP,stock,25.78,25.93,25.78,25.88,879064
2018-12-03,UUP,stock,25.88,25.93,25.87,25.93,478647
2018-11-30,UUP,stock,25.88,25.99,25.88,25.92,325739
2018-11-29,UUP,stock,25.85,25.88,25.82,25.82,535929
2018-11-28,UUP,stock,26,26.04,25.81,25.86,1654299
2018-11-27,UUP,stock,25.9,26.03,25.9,25.99,1076007
2018-11-26,UUP,stock,25.82,25.92,25.82,25.92,244817
2018-11-23,UUP,stock,25.82,25.88,25.82,25.87,147191
2018-11-21,UUP,stock,25.77,25.82,25.76,25.82,514610
2018-11-20,UUP,stock,25.72,25.85,25.72,25.82,374792
2018-11-19,UUP,stock,25.69,25.71,25.64,25.69,496732
2018-11-16,UUP,stock,25.74,25.75,25.7,25.71,991353
2018-11-15,UUP,stock,25.94,25.94,25.84,25.9,475771
2018-11-14,UUP,stock,25.93,25.94,25.8,25.84,714057
2018-11-13,UUP,stock,25.95,25.97,25.88,25.93,1204595
2018-11-12,UUP,stock,25.95,26.02,25.92,26.02,617588
2018-11-09,UUP,stock,25.81,25.85,25.77,25.79,756914
2018-11-08,UUP,stock,25.64,25.78,25.61,25.74,960488
2018-11-07,UUP,stock,25.52,25.62,25.52,25.59,892782
2018-11-06,UUP,stock,25.67,25.68,25.63,25.64,422171
2018-11-05,UUP,stock,25.71,25.71,25.64,25.7,752773
2018-11-02,UUP,stock,25.67,25.74,25.62,25.71,802948
2018-11-01,UUP,stock,25.72,25.72,25.62,25.65,781368
2018-10-31,UUP,stock,25.86,25.88,25.8,25.82,814130
2018-10-30,UUP,stock,25.76,25.84,25.75,25.83,571714
2018-10-29,UUP,stock,25.71,25.75,25.69,25.72,400702
2018-10-26,UUP,stock,25.75,25.75,25.63,25.65,585119
2018-10-25,UUP,stock,25.66,25.75,25.66,25.72,1760082
2018-10-24,UUP,stock,25.66,25.68,25.62,25.65,1189192
2018-10-23,UUP,stock,25.54,25.56,25.49,25.52,711343
2018-10-22,UUP,stock,25.52,25.57,25.52,25.56,1247042
2018-10-19,UUP,stock,25.51,25.52,25.42,25.47,667183
2018-10-18,UUP,stock,25.44,25.53,25.42,25.52,541917
2018-10-17,UUP,stock,25.36,25.43,25.33,25.41,641535
2018-10-16,UUP,stock,25.21,25.28,25.21,25.28,244940
2018-10-15,UUP,stock,25.27,25.29,25.25,25.27,422668
2018-10-12,UUP,stock,25.31,25.36,25.3,25.33,1070388
2018-10-11,UUP,stock,25.29,25.34,25.25,25.25,446714
2018-10-10,UUP,stock,25.39,25.42,25.35,25.39,1051552
2018-10-09,UUP,stock,25.51,25.54,25.41,25.42,898675
2018-10-08,UUP,stock,25.5,25.51,25.43,25.43,761246
2018-10-05,UUP,stock,25.41,25.45,25.39,25.4,1279525
2018-10-04,UUP,stock,25.43,25.48,25.38,25.43,1018010
2018-10-03,UUP,stock,25.38,25.45,25.37,25.42,1033837
2018-10-02,UUP,stock,25.37,25.39,25.32,25.34,1471815
2018-10-01,UUP,stock,25.27,25.33,25.25,25.3,1595100
2018-09-28,UUP,stock,25.3,25.31,25.22,25.26,1125301
2018-09-27,UUP,stock,25.17,25.22,25.12,25.2,2658160
2018-09-26,UUP,stock,25.06,25.06,24.93,25.02,629058
2018-09-25,UUP,stock,24.97,25.01,24.94,25.01,695073
2018-09-24,UUP,stock,24.91,25.01,24.89,24.99,2013463
2018-09-21,UUP,stock,25.01,25.03,24.97,24.99,742741
2018-09-20,UUP,stock,24.94,24.98,24.9,24.91,1248009
2018-09-19,UUP,stock,25.1,25.13,25.06,25.09,267878
2018-09-18,UUP,stock,25.05,25.13,25.02,25.1,393590
2018-09-17,UUP,stock,25.07,25.09,25.06,25.06,338370
2018-09-14,UUP,stock,25.12,25.21,25.1,25.18,1536371
2018-09-13,UUP,stock,25.05,25.11,25.04,25.09,518573
2018-09-12,UUP,stock,25.22,25.24,25.12,25.16,850056
2018-09-11,UUP,stock,25.25,25.28,25.2342,25.25,621877
2018-09-10,UUP,stock,25.23,25.24,25.2,25.23,954997
2018-09-07,UUP,stock,25.25,25.31,25.23,25.28,741029
2018-09-06,UUP,stock,25.19,25.24,25.17,25.21,873671
2018-09-05,UUP,stock,25.21,25.26,25.21,25.21,476964
2018-09-04,UUP,stock,25.32,25.37,25.29,25.3,2664652
2018-08-31,UUP,stock,25.16,25.24,25.12,25.19,988557
2018-08-30,UUP,stock,25.11,25.15,25.08,25.08,609976
2018-08-29,UUP,stock,25.1,25.14,25.05,25.06,597200
2018-08-28,UUP,stock,25.01,25.1,25.01,25.1,993633
2018-08-27,UUP,stock,25.16,25.17,25.08,25.1,1301899
2018-08-24,UUP,stock,25.25,25.27,25.16,25.2,767538
2018-08-23,UUP,stock,25.28,25.35,25.23,25.32,1141964
2018-08-22,UUP,stock,25.16,25.21,25.14,25.16,983320
2018-08-21,UUP,stock,25.3,25.32,25.17,25.23,1564650
2018-08-20,UUP,stock,25.44,25.47,25.37,25.38,606185
2018-08-17,UUP,stock,25.49,25.51,25.44,25.44,1019297
2018-08-16,UUP,stock,25.56,25.62,25.5,25.57,640815
2018-08-15,UUP,stock,25.66,25.67,25.58,25.59,877983
2018-08-14,UUP,stock,25.5,25.62,25.49,25.59,1770646
2018-08-13,UUP,stock,25.47,25.53,25.44,25.49,700817
2018-08-10,UUP,stock,25.49,25.52,25.42,25.48,718391
2018-08-09,UUP,stock,25.18,25.3,25.18,25.3,474361
2018-08-08,UUP,stock,25.18,25.2,25.14,25.15,288492
2018-08-07,UUP,stock,25.15,25.195,25.135,25.18,304948
2018-08-06,UUP,stock,25.23,25.25,25.2,25.21,648244
2018-08-03,UUP,stock,25.19,25.19,25.11,25.17,730739
2018-08-02,UUP,stock,25.1,25.17,25.08,25.15,906699
2018-08-01,UUP,stock,25.01,25.03,24.99,25.01,445773
2018-07-31,UUP,stock,24.96,24.99,24.94,24.98,576406
2018-07-30,UUP,stock,24.97,24.97,24.91,24.93,591303
2018-07-27,UUP,stock,25.04,25.04,25.01,25.02,439724
2018-07-26,UUP,stock,24.97,25.05,24.96,25.05,1280030
2018-07-25,UUP,stock,24.94,25,24.87,24.88,398144
2018-07-24,UUP,stock,24.99,25.01,24.94,25,353929
2018-07-23,UUP,stock,24.95,25.02,24.95,24.99,1576343
2018-07-20,UUP,stock,24.99,25.01,24.93,24.95,1051525
2018-07-19,UUP,stock,25.23,25.24,25.07,25.15,1390189
2018-07-18,UUP,stock,25.15,25.15,25.08,25.1,507540
2018-07-17,UUP,stock,25,25.11,25,25.07,1234211
2018-07-16,UUP,stock,24.95,24.99,24.93,24.96,458497
2018-07-13,UUP,stock,25.08,25.1,25,25,543700
2018-07-12,UUP,stock,25.03,25.04,24.99,25.03,1109780
2018-07-11,UUP,stock,24.84,25.03,24.84,25.01,795613
2018-07-10,UUP,stock,24.9,24.92,24.84,24.84,873157
2018-07-09,UUP,stock,24.77,24.87,24.76,24.83,791846
2018-07-06,UUP,stock,24.81,24.84,24.78,24.82,727582
2018-07-05,UUP,stock,24.92,24.95,24.8866,24.9,860802
2018-07-03,UUP,stock,25,25,24.96,24.98,492107
2018-07-02,UUP,stock,25.11,25.11,25.06,25.06,788553
2018-06-29,UUP,stock,25.02,25.04,24.94,24.94,1144953
2018-06-28,UUP,stock,25.15,25.17,25.09,25.14,798921
2018-06-27,UUP,stock,25.04,25.17,25.04,25.14,1612511
2018-06-26,UUP,stock,24.92,24.99,24.91,24.99,1220599
2018-06-25,UUP,stock,24.88,24.9,24.84,24.86,941909
2018-06-22,UUP,stock,24.92,24.99,24.9,24.9,1596716
2018-06-21,UUP,stock,25.04,25.06,24.95,24.99,3080002
2018-06-20,UUP,stock,25.04,25.08,25.03,25.06,1258104
2018-06-19,UUP,stock,25.07,25.09,25.03,25.04,849557
2018-06-18,UUP,stock,25,25.01,24.97,24.97,1156267
2018-06-15,UUP,stock,24.96,25,24.95,24.97,1226680
2018-06-14,UUP,stock,24.82,24.99,24.82,24.99,3826300
2018-06-13,UUP,stock,24.69,24.78,24.64,24.67,1800803
2018-06-12,UUP,stock,24.66,24.75,24.64,24.71,1051324
2018-06-11,UUP,stock,24.64,24.67,24.61,24.66,948360
2018-06-08,UUP,stock,24.68,24.69,24.64,24.64,586528
2018-06-07,UUP,stock,24.59,24.63,24.58,24.63,1027124
2018-06-06,UUP,stock,24.65,24.68,24.6,24.68,1524832
2018-06-05,UUP,stock,24.8,24.85,24.7,24.75,1837187
2018-06-04,UUP,stock,24.72,24.8,24.7,24.78,2888876
2018-06-01,UUP,stock,24.79,24.88,24.77,24.8,1583448
2018-05-31,UUP,stock,24.78,24.82,24.74,24.76,3064336
2018-05-30,UUP,stock,24.85,24.865,24.76,24.78,2345974
2018-05-29,UUP,stock,24.92,25,24.91,24.97,1098377
2018-05-25,UUP,stock,24.8,24.81,24.77,24.8,604782
2018-05-24,UUP,stock,24.7,24.7,24.631,24.68,471593
2018-05-23,UUP,stock,24.74,24.79,24.71,24.71,2260788
2018-05-22,UUP,stock,24.6,24.64,24.59,24.61,740936
2018-05-21,UUP,stock,24.66,24.69,24.61,24.62,971589
2018-05-18,UUP,stock,24.67,24.68,24.61,24.64,484010
2018-05-17,UUP,stock,24.6,24.62,24.56,24.59,796701
2018-05-16,UUP,stock,24.56,24.6,24.53,24.56,2209074
2018-05-15,UUP,stock,24.54,24.58,24.47,24.5,1044402
2018-05-14,UUP,stock,24.26,24.36,24.25,24.35,946779
2018-05-11,UUP,stock,24.29,24.35,24.28,24.32,369568
2018-05-10,UUP,stock,24.36,24.45,24.33,24.36,673181
2018-05-09,UUP,stock,24.44,24.48,24.42,24.47,583296
2018-05-08,UUP,stock,24.48,24.52,24.43,24.47,767044
2018-05-07,UUP,stock,24.4,24.42,24.36,24.38,997080
2018-05-04,UUP,stock,24.39,24.41,24.31,24.33,925169
2018-05-03,UUP,stock,24.31,24.35,24.27,24.3,883235
2018-05-02,UUP,stock,24.29,24.4,24.23,24.4,1757327
2018-05-01,UUP,stock,24.25,24.32,24.24,24.29,2809870
2018-04-30,UUP,stock,24.13,24.14,24.07,24.13,782715
2018-04-27,UUP,stock,24.1,24.12,24.03,24.03,826849
2018-04-26,UUP,stock,23.89,24.06,23.89,24.05,958537
2018-04-25,UUP,stock,23.93,23.96,23.91,23.94,816433
2018-04-24,UUP,stock,23.86,23.88,23.81,23.84,1062558
2018-04-23,UUP,stock,23.8,23.88,23.8,23.87,1482897
2018-04-20,UUP,stock,23.69,23.74,23.67,23.72,1690991
2018-04-19,UUP,stock,23.49,23.6,23.49,23.58,299117
2018-04-18,UUP,stock,23.48,23.52,23.46,23.51,388046
2018-04-17,UUP,stock,23.5,23.52,23.46,23.46,574028
2018-04-16,UUP,stock,23.44,23.48,23.43,23.46,512361
2018-04-13,UUP,stock,23.55,23.56,23.52,23.54,1506534
2018-04-12,UUP,stock,23.58,23.6,23.52,23.54,1713325
2018-04-11,UUP,stock,23.49,23.52,23.43,23.49,696700
2018-04-10,UUP,stock,23.5,23.55,23.48,23.51,877184
2018-04-09,UUP,stock,23.56,23.58,23.55,23.57,2411085
2018-04-06,UUP,stock,23.63,23.67,23.61,23.63,1083655
2018-04-05,UUP,stock,23.68,23.75,23.66,23.72,720379
2018-04-04,UUP,stock,23.6,23.63,23.57,23.63,634547
2018-04-03,UUP,stock,23.64,23.66,23.62,23.64,541302
2018-04-02,UUP,stock,23.54,23.62,23.54,23.6,301101
2018-03-29,UUP,stock,23.56,23.63,23.56,23.61,942635
2018-03-28,UUP,stock,23.5,23.63,23.5,23.63,696457
2018-03-27,UUP,stock,23.42,23.44,23.37,23.42,533400
2018-03-26,UUP,stock,23.34,23.36,23.29,23.31,1186385
2018-03-23,UUP,stock,23.45,23.46,23.4,23.42,798671
2018-03-22,UUP,stock,23.5,23.55,23.49,23.5,723559
2018-03-21,UUP,stock,23.58,23.62,23.46,23.47,1043766
2018-03-20,UUP,stock,23.59,23.66,23.59,23.66,841111
2018-03-19,UUP,stock,23.54,23.56,23.49,23.52,403351
2018-03-16,UUP,stock,23.56,23.65,23.56,23.62,782543
2018-03-15,UUP,stock,23.5,23.59,23.5,23.56,564252
2018-03-14,UUP,stock,23.47,23.51,23.46,23.47,1280373
2018-03-13,UUP,stock,23.5,23.53,23.43,23.46,609603
2018-03-12,UUP,stock,23.55,23.57,23.5,23.52,1024814
2018-03-09,UUP,stock,23.6,23.6,23.53,23.55,641062
2018-03-08,UUP,stock,23.46,23.6,23.46,23.58,520163
2018-03-07,UUP,stock,23.42,23.54,23.41,23.43,443044
2018-03-06,UUP,stock,23.46,23.46,23.41,23.45,1492663
2018-03-05,UUP,stock,23.56,23.57,23.49,23.51,1274339
2018-03-02,UUP,stock,23.54,23.56,23.5,23.51,602710
2018-03-01,UUP,stock,23.74,23.77,23.58,23.61,1405755
2018-02-28,UUP,stock,23.65,23.71,23.64,23.69,1119741
2018-02-27,UUP,stock,23.53,23.65,23.52,23.62,1527105
2018-02-26,UUP,stock,23.49,23.53,23.47,23.47,1095355
2018-02-23,UUP,stock,23.49,23.52,23.46,23.5,523268
2018-02-22,UUP,stock,23.47,23.48,23.42,23.45,2011906
2018-02-21,UUP,stock,23.46,23.55,23.4,23.53,1138048
2018-02-20,UUP,stock,23.4,23.45,23.39,23.44,1366806
2018-02-16,UUP,stock,23.25,23.31,23.2,23.29,812595
2018-02-15,UUP,stock,23.18,23.23,23.12,23.13,1538027
2018-02-14,UUP,stock,23.47,23.48,23.23,23.23,1639464
2018-02-13,UUP,stock,23.43,23.44,23.39,23.41,1308453
2018-02-12,UUP,stock,23.6,23.6,23.53,23.54,1097551
2018-02-09,UUP,stock,23.61,23.65,23.58,23.62,1841316
2018-02-08,UUP,stock,23.52,23.61,23.51,23.6,1663599
2018-02-07,UUP,stock,23.47,23.61,23.45,23.6,2405377
2018-02-06,UUP,stock,23.48,23.51,23.37,23.42,2694869
2018-02-05,UUP,stock,23.35,23.4,23.34,23.37,3408920
2018-02-02,UUP,stock,23.27,23.35,23.23,23.27,3709793
2018-02-01,UUP,stock,23.24,23.25,23.11,23.13,1743319
2018-01-31,UUP,stock,23.21,23.31,23.17,23.25,1401817
2018-01-30,UUP,stock,23.22,23.32,23.21,23.28,1466600
2018-01-29,UUP,stock,23.34,23.39,23.3,23.32,1411169
2018-01-26,UUP,stock,23.27,23.28,23.19,23.26,1603519
2018-01-25,UUP,stock,23.17,23.38,23.09,23.31,4503141
2018-01-24,UUP,stock,23.31,23.32,23.25,23.28,2078512
2018-01-23,UUP,stock,23.56,23.57,23.49,23.51,735489
2018-01-22,UUP,stock,23.59,23.64,23.56,23.57,1338447
2018-01-19,UUP,stock,23.6,23.65,23.58,23.65,748878
2018-01-18,UUP,stock,23.62,23.64,23.58,23.61,425689
2018-01-17,UUP,stock,23.64,23.66,23.52,23.64,1057707
2018-01-16,UUP,stock,23.66,23.68,23.55,23.58,2526952
2018-01-12,UUP,stock,23.8,23.82,23.71,23.71,1098668
2018-01-11,UUP,stock,23.98,23.98,23.93,23.96,586802
2018-01-10,UUP,stock,24,24.09,24,24.06,485090
2018-01-09,UUP,stock,24.11,24.14,24.1,24.12,1158372
2018-01-08,UUP,stock,24.06,24.08,24.04,24.07,969842
2018-01-05,UUP,stock,23.98,24,23.95,23.96,370078
2018-01-04,UUP,stock,23.95,23.96,23.92,23.94,650476
2018-01-03,UUP,stock,23.98,24.03,23.97,24.02,679928
2018-01-02,UUP,stock,23.93,23.97,23.92,23.93,546190
2017-12-29,UUP,stock,24.04,24.05,23.98,24.03,1459202
2017-12-28,UUP,stock,24.13,24.15,24.11,24.13,426059
2017-12-27,UUP,stock,24.19,24.22,24.18,24.2,678727
2017-12-26,UUP,stock,24.26,24.26,24.24,24.25,517476
2017-12-22,UUP,stock,24.29,24.32,24.27,24.27,184671
2017-12-21,UUP,stock,24.3,24.31,24.25,24.26,1462991
2017-12-20,UUP,stock,24.31,24.32,24.24,24.27,421534
2017-12-19,UUP,stock,24.35,24.37,24.3,24.3,591757
2017-12-18,UUP,stock,24.31,24.37,24.28,24.37,1257354
2017-12-15,UUP,stock,24.36,24.45,24.36,24.43,1388919
2017-12-14,UUP,stock,24.36,24.4,24.31,24.33,1208632
2017-12-13,UUP,stock,24.44,24.46,24.3,24.31,2250885
2017-12-12,UUP,stock,24.49,24.52,24.47,24.48,503279
2017-12-11,UUP,stock,24.42,24.45,24.38,24.44,562945
2017-12-08,UUP,stock,24.42,24.47,24.41,24.44,370497
2017-12-07,UUP,stock,24.39,24.4099,24.335,24.4,431289
2017-12-06,UUP,stock,24.31,24.37,24.31,24.35,327660
2017-12-05,UUP,stock,24.3,24.32,24.26,24.29,593863
2017-12-04,UUP,stock,24.25,24.28,24.24,24.25,1310827
2017-12-01,UUP,stock,24.24,24.259,24.0899,24.17,1941674
2017-11-30,UUP,stock,24.22,24.23,24.1241,24.19,2147576
2017-11-29,UUP,stock,24.27,24.3,24.22,24.25,869722
2017-11-28,UUP,stock,24.19,24.27,24.19,24.26,1448130
2017-11-27,UUP,stock,24.07,24.17,24.06,24.16,1222303
2017-11-24,UUP,stock,24.14,24.14,24.1,24.13,751918
2017-11-22,UUP,stock,24.36,24.36,24.23,24.24,1565154
2017-11-21,UUP,stock,24.45,24.45,24.4,24.43,914135
2017-11-20,UUP,stock,24.39,24.47,24.39,24.46,737893
2017-11-17,UUP,stock,24.37,24.3941,24.32,24.34,969823
2017-11-16,UUP,stock,24.4,24.4261,24.38,24.41,751678
2017-11-15,UUP,stock,24.35,24.41,24.33,24.38,976160
2017-11-14,UUP,stock,24.45,24.48,24.37,24.39,2395541
2017-11-13,UUP,stock,24.56,24.59,24.55,24.56,383570
2017-11-10,UUP,stock,24.54,24.55,24.5,24.54,779299
2017-11-09,UUP,stock,24.64,24.65,24.54,24.56,794937
2017-11-08,UUP,stock,24.66,24.6895,24.65,24.66,1035427
2017-11-07,UUP,stock,24.7,24.74,24.66,24.67,830043
2017-11-06,UUP,stock,24.72,24.72,24.63,24.63,753826
2017-11-03,UUP,stock,24.6,24.71,24.6,24.69,1159984
2017-11-02,UUP,stock,24.64,24.645,24.55,24.63,1168200
2017-11-01,UUP,stock,24.65,24.66,24.58,24.63,1327484
2017-10-31,UUP,stock,24.6,24.6127,24.56,24.58,683171
2017-10-30,UUP,stock,24.63,24.66,24.55,24.56,705950
2017-10-27,UUP,stock,24.71,24.75,24.65,24.68,2014848
2017-10-26,UUP,stock,24.44,24.63,24.44,24.62,2757232
2017-10-25,UUP,stock,24.36,24.385,24.33,24.36,459624
2017-10-24,UUP,stock,24.41,24.43,24.36,24.42,419841
2017-10-23,UUP,stock,24.43,24.44,24.37,24.38,610204
2017-10-20,UUP,stock,24.31,24.37,24.3009,24.35,577945
2017-10-19,UUP,stock,24.22,24.24,24.175,24.21,490110
2017-10-18,UUP,stock,24.33,24.335,24.26,24.27,726147
2017-10-17,UUP,stock,24.32,24.355,24.28,24.3,1242464
2017-10-16,UUP,stock,24.22,24.2501,24.18,24.24,733545
2017-10-13,UUP,stock,24.1,24.1911,24.09,24.18,824079
2017-10-12,UUP,stock,24.18,24.2161,24.1404,24.18,1161864
2017-10-11,UUP,stock,24.16,24.1871,24.1201,24.13,1299833
2017-10-10,UUP,stock,24.25,24.25,24.18,24.2,2710776
2017-10-09,UUP,stock,24.36,24.37,24.31,24.33,1368345
2017-10-06,UUP,stock,24.45,24.47,24.3542,24.37,1172415
2017-10-05,UUP,stock,24.36,24.415,24.341,24.41,831421
2017-10-04,UUP,stock,24.28,24.3035,24.26,24.28,637424
2017-10-03,UUP,stock,24.32,24.325,24.27,24.31,442716
2017-10-02,UUP,stock,24.3,24.36,24.27,24.32,1225690
2017-09-29,UUP,stock,24.17,24.225,24.15,24.18,641839
2017-09-28,UUP,stock,24.23,24.23,24.18,24.2,816716
2017-09-27,UUP,stock,24.29,24.3,24.2,24.27,1619627
2017-09-26,UUP,stock,24.16,24.225,24.12,24.15,1076032
2017-09-25,UUP,stock,24.02,24.08,24,24.07,1238074
2017-09-22,UUP,stock,23.9,23.94,23.855,23.93,1051737
2017-09-21,UUP,stock,24,24,23.91,23.95,1204082
2017-09-20,UUP,stock,23.82,24.07,23.7431,24.02,2370016
2017-09-19,UUP,stock,23.84,23.9,23.81,23.83,582313
2017-09-18,UUP,stock,23.87,23.935,23.83,23.9,611066
2017-09-15,UUP,stock,23.84,23.87,23.78,23.84,1469610
2017-09-14,UUP,stock,23.99,23.99,23.9,23.92,1643426
2017-09-13,UUP,stock,23.87,24.02,23.87,23.99,1976191
2017-09-12,UUP,stock,23.87,23.89,23.8201,23.85,2010902
2017-09-11,UUP,stock,23.81,23.87,23.78,23.86,1451143
2017-09-08,UUP,stock,23.67,23.73,23.66,23.7,922311
2017-09-07,UUP,stock,23.77,23.83,23.7299,23.76,2717552
2017-09-06,UUP,stock,23.94,23.96,23.865,23.93,3111565
2017-09-05,UUP,stock,24.01,24.01,23.92,23.95,702813
2017-09-01,UUP,stock,24.02,24.11,24,24.08,1087676
2017-08-31,UUP,stock,24.14,24.15,24.03,24.03,1254432
2017-08-30,UUP,stock,24.03,24.11,24.01,24.1,1435220
2017-08-29,UUP,stock,23.81,23.95,23.81,23.95,1602833
2017-08-28,UUP,stock,23.98,23.98,23.9,23.92,1302390
2017-08-25,UUP,stock,24.16,24.21,23.97,23.99,1768732
2017-08-24,UUP,stock,24.18,24.2,24.16,24.19,807614
2017-08-23,UUP,stock,24.2,24.21,24.14,24.14,687046
2017-08-22,UUP,stock,24.21,24.2599,24.21,24.24,558260
2017-08-21,UUP,stock,24.18,24.19,24.11,24.14,632867
2017-08-18,UUP,stock,24.21,24.27,24.2,24.21,249141
2017-08-17,UUP,stock,24.32,24.32,24.25,24.29,542624
2017-08-16,UUP,stock,24.39,24.39,24.22,24.24,756898
2017-08-15,UUP,stock,24.36,24.379,24.3,24.32,915052
2017-08-14,UUP,stock,24.2,24.23,24.18,24.21,832223
2017-08-11,UUP,stock,24.16,24.2056,24.09,24.11,1464127
2017-08-10,UUP,stock,24.26,24.28,24.1901,24.2,947592
2017-08-09,UUP,stock,24.3,24.325,24.23,24.24,1164765
2017-08-08,UUP,stock,24.19,24.33,24.1744,24.26,1390372
2017-08-07,UUP,stock,24.27,24.27,24.21,24.22,852701
2017-08-04,UUP,stock,24.12,24.2998,24.11,24.23,2543125
2017-08-03,UUP,stock,24.1,24.11,24.02,24.02,2071215
2017-08-02,UUP,stock,24.1,24.1083,23.98,24.08,2221816
2017-08-01,UUP,stock,24.08,24.13,24.04,24.11,1150811
2017-07-31,UUP,stock,24.21,24.22,24.041,24.07,1432680
2017-07-28,UUP,stock,24.24,24.25,24.16,24.17,859217
2017-07-27,UUP,stock,24.28,24.375,24.26,24.32,1390749
2017-07-26,UUP,stock,24.38,24.4099,24.1801,24.23,1329515
2017-07-25,UUP,stock,24.3,24.37,24.26,24.37,757945
2017-07-24,UUP,stock,24.33,24.37,24.32,24.33,419720
2017-07-21,UUP,stock,24.37,24.38,24.3,24.32,644571
2017-07-20,UUP,stock,24.51,24.52,24.35,24.4,1016710
2017-07-19,UUP,stock,24.5,24.55,24.5,24.55,785589
2017-07-18,UUP,stock,24.48,24.505,24.45,24.49,970524
2017-07-17,UUP,stock,24.62,24.64,24.59,24.62,508491
2017-07-14,UUP,stock,24.67,24.68,24.61,24.62,768092
2017-07-13,UUP,stock,24.77,24.82,24.76,24.77,411520
2017-07-12,UUP,stock,24.79,24.83,24.75,24.76,900951
2017-07-11,UUP,stock,24.87,24.88,24.75,24.76,1556811
2017-07-10,UUP,stock,24.87,24.88,24.84,24.85,212858
2017-07-07,UUP,stock,24.85,24.885,24.83,24.84,376388
2017-07-06,UUP,stock,24.83,24.85,24.79,24.8,358910
2017-07-05,UUP,stock,24.96,24.96,24.895,24.91,1570208
2017-07-03,UUP,stock,24.87,24.9,24.85,24.9,794291
2017-06-30,UUP,stock,24.76,24.785,24.73,24.75,1529748
2017-06-29,UUP,stock,24.81,24.81,24.71,24.71,1831786
2017-06-28,UUP,stock,24.92,24.92,24.8101,24.83,944504
2017-06-27,UUP,stock,25.02,25.04,24.91,24.91,1282645
2017-06-26,UUP,stock,25.12,25.2,25.11,25.19,596625
2017-06-23,UUP,stock,25.18,25.18,25.12,25.15,323118
2017-06-22,UUP,stock,25.22,25.25,25.2,25.23,896783
2017-06-21,UUP,stock,25.26,25.27,25.2,25.22,1105845
2017-06-20,UUP,stock,25.23,25.29,25.23,25.27,615420
2017-06-19,UUP,stock,25.16,25.23,25.15,25.23,637336
2017-06-16,UUP,stock,25.17,25.18,25.1,25.12,917365
2017-06-15,UUP,stock,25.18,25.23,25.18,25.21,1148375
2017-06-14,UUP,stock,24.95,25.108,24.905,25.06,1676673
2017-06-13,UUP,stock,25.09,25.1,25.06,25.08,398122
2017-06-12,UUP,stock,25.12,25.16,25.1047,25.11,429793
2017-06-09,UUP,stock,25.2,25.2,25.13,25.15,652142
2017-06-08,UUP,stock,25.05,25.11,25.05,25.07,724274
2017-06-07,UUP,stock,25.01,25.05,24.9425,24.98,521478
2017-06-06,UUP,stock,24.96,24.99,24.9425,24.95,895735
2017-06-05,UUP,stock,25.02,25.0389,25,25.01,1086067
2017-06-02,UUP,stock,25.02,25.03,24.97,24.99,1415973
2017-06-01,UUP,stock,25.13,25.135,25.09,25.11,917092
2017-05-31,UUP,stock,25.1,25.1,25.02,25.08,959023
2017-05-30,UUP,stock,25.16,25.1767,25.12,25.14,1113821
2017-05-26,UUP,stock,25.18,25.2,25.15,25.17,413438
2017-05-25,UUP,stock,25.09,25.1338,25.08,25.11,1103127
2017-05-24,UUP,stock,25.16,25.1799,25.08,25.08,1116015
2017-05-23,UUP,stock,25.03,25.1686,25.021,25.16,1008850
2017-05-22,UUP,stock,25.04,25.06,25,25.05,1133885
2017-05-19,UUP,stock,25.12,25.14,25.07,25.09,1152054
2017-05-18,UUP,stock,25.21,25.33,25.1949,25.27,1207201
2017-05-17,UUP,stock,25.28,25.29,25.18,25.18,1257846
2017-05-16,UUP,stock,25.39,25.41,25.33,25.35,1746208
2017-05-15,UUP,stock,25.52,25.5699,25.52,25.54,739750
2017-05-12,UUP,stock,25.65,25.65,25.61,25.61,690773
2017-05-11,UUP,stock,25.76,25.76,25.71,25.74,349090
2017-05-10,UUP,stock,25.7,25.76,25.7,25.73,549418
2017-05-09,UUP,stock,25.7,25.7488,25.6701,25.72,1847621
2017-05-08,UUP,stock,25.55,25.61,25.55,25.59,773172
2017-05-05,UUP,stock,25.51,25.52,25.44,25.45,680479
2017-05-04,UUP,stock,25.61,25.61,25.49,25.49,885380
2017-05-03,UUP,stock,25.58,25.6599,25.55,25.65,877001
2017-05-02,UUP,stock,25.59,25.62,25.55,25.55,332532
2017-05-01,UUP,stock,25.56,25.5973,25.53,25.59,617674
2017-04-28,UUP,stock,25.56,25.596,25.54,25.57,840156
2017-04-27,UUP,stock,25.61,25.6566,25.58,25.6,724554
2017-04-26,UUP,stock,25.6,25.6499,25.54,25.56,863570
2017-04-25,UUP,stock,25.59,25.59,25.481,25.5,1698333
2017-04-24,UUP,stock,25.57,25.62,25.57,25.57,1643064
2017-04-21,UUP,stock,25.8,25.84,25.79,25.81,745949
2017-04-20,UUP,stock,25.71,25.79,25.68,25.79,668860
2017-04-19,UUP,stock,25.76,25.8,25.75,25.78,417536
2017-04-18,UUP,stock,25.78,25.82,25.69,25.69,1290899
2017-04-17,UUP,stock,25.89,25.93,25.8301,25.91,880787
2017-04-13,UUP,stock,25.91,25.985,25.91,25.98,820585
2017-04-12,UUP,stock,26.02,26.055,25.87,25.89,1544782
2017-04-11,UUP,stock,26.05,26.05,25.99,26.02,688235
2017-04-10,UUP,stock,26.12,26.13,26.08,26.1,666812
2017-04-07,UUP,stock,26.07,26.16,26.0422,26.15,1037551
2017-04-06,UUP,stock,25.98,26.03,25.97,26.03,807893
2017-04-05,UUP,stock,25.99,26.105,25.9401,25.97,4699449
2017-04-04,UUP,stock,25.99,26.01,25.96,25.98,813117
2017-04-03,UUP,stock,25.97,26,25.94,25.95,645045
2017-03-31,UUP,stock,25.92,25.97,25.89,25.95,880097
2017-03-30,UUP,stock,25.83,25.96,25.8061,25.96,1195287
2017-03-29,UUP,stock,25.84,25.85,25.79,25.79,550837
2017-03-28,UUP,stock,25.6,25.7553,25.58,25.74,1657628
2017-03-27,UUP,stock,25.53,25.61,25.52,25.6,1814804
2017-03-24,UUP,stock,25.74,25.76,25.69,25.74,2017571
2017-03-23,UUP,stock,25.73,25.769,25.72,25.75,1110827
2017-03-22,UUP,stock,25.73,25.76,25.695,25.72,970219
2017-03-21,UUP,stock,25.77,25.77,25.72,25.74,1933763
2017-03-20,UUP,stock,25.87,25.93,25.86,25.8976,742928
2017-03-17,UUP,stock,25.91,25.92,25.86,25.89,1814681
2017-03-16,UUP,stock,25.92,25.97,25.88,25.88,2869138
2017-03-15,UUP,stock,26.25,26.2531,25.97,25.97,3038745
2017-03-14,UUP,stock,26.25,26.28,26.2,26.28,1214143
2017-03-13,UUP,stock,26.16,26.19,26.13,26.19,1252066
2017-03-10,UUP,stock,26.26,26.28,26.12,26.15,2008620
2017-03-09,UUP,stock,26.31,26.36,26.29,26.33,1519763
2017-03-08,UUP,stock,26.34,26.39,26.33,26.38,1171798
2017-03-07,UUP,stock,26.31,26.32,26.2557,26.29,687239
2017-03-06,UUP,stock,26.2,26.28,26.2,26.26,1043220
2017-03-03,UUP,stock,26.31,26.36,26.17,26.17,2932933
2017-03-02,UUP,stock,26.39,26.42,26.345,26.4,2871218
2017-03-01,UUP,stock,26.32,26.335,26.23,26.29,1646379
2017-02-28,UUP,stock,26.08,26.15,26.03,26.11,2266890
2017-02-27,UUP,stock,26.07,26.14,26.01,26.13,768628
2017-02-24,UUP,stock,26.08,26.13,26.0565,26.13,714586
2017-02-23,UUP,stock,26.11,26.1281,26.055,26.08,1291596
2017-02-22,UUP,stock,26.23,26.27,26.13,26.14,2048694
2017-02-21,UUP,stock,26.21,26.25,26.17,26.2,1421798
2017-02-17,UUP,stock,25.96,26.08,25.96,26.08,999053
2017-02-16,UUP,stock,26,26.01,25.93,25.95,2129615
2017-02-15,UUP,stock,26.24,26.2552,26.09,26.1,934412
2017-02-14,UUP,stock,26.06,26.19,26.055,26.15,2502019
2017-02-13,UUP,stock,26.08,26.12,26.07,26.09,1089619
2017-02-10,UUP,stock,26.09,26.1,25.985,26.03,1022132
2017-02-09,UUP,stock,25.9,26.01,25.89,26,1191525
2017-02-08,UUP,stock,25.9,25.92,25.8427,25.9,1412516
2017-02-07,UUP,stock,25.96,26.0055,25.861,25.93,1600473
2017-02-06,UUP,stock,25.86,25.89,25.78,25.8,1703311
2017-02-03,UUP,stock,25.82,25.82,25.71,25.78,2033204
2017-02-02,UUP,stock,25.69,25.8,25.65,25.79,1361913
2017-02-01,UUP,stock,25.82,25.85,25.71,25.75,4271287
2017-01-31,UUP,stock,25.77,25.777,25.68,25.73,3569255
2017-01-30,UUP,stock,26.05,26.06,25.91,25.94,1139182
2017-01-27,UUP,stock,25.95,26.0111,25.93,25.99,2262326
2017-01-26,UUP,stock,25.96,26.03,25.93,25.98,3848091
2017-01-25,UUP,stock,25.89,25.91,25.81,25.81,2168861
2017-01-24,UUP,stock,25.89,25.93,25.815,25.9,1638241
2017-01-23,UUP,stock,25.95,25.9911,25.86,25.89,2300566
2017-01-20,UUP,stock,26.13,26.17,26.02,26.03,11995965
2017-01-19,UUP,stock,26.21,26.28,26.11,26.12,1595546
2017-01-18,UUP,stock,26.02,26.175,25.9685,26.16,3939621
2017-01-17,UUP,stock,25.93,25.97,25.91,25.92,3444515
2017-01-13,UUP,stock,26.18,26.279,26.13,26.16,1828391
2017-01-12,UUP,stock,26.13,26.229,26.05,26.19,2173915
2017-01-11,UUP,stock,26.5,26.605,26.17,26.29,4496632
2017-01-10,UUP,stock,26.33,26.38,26.2644,26.35,2059975
2017-01-09,UUP,stock,26.42,26.4399,26.31,26.34,3506071
2017-01-06,UUP,stock,26.39,26.44,26.295,26.41,3202659
2017-01-05,UUP,stock,26.37,26.38,26.18,26.22,4268721
2017-01-04,UUP,stock,26.57,26.59,26.465,26.5,3534316
2017-01-03,UUP,stock,26.71,26.83,26.61,26.7,3455461
2016-12-30,UUP,stock,26.44,26.46,26.35,26.46,1767608
2016-12-29,UUP,stock,26.63,26.63,26.53,26.54,1331887
2016-12-28,UUP,stock,26.73,26.77,26.66,26.69,1247437
2016-12-27,UUP,stock,26.65,26.65,26.62,26.62,655265
2016-12-23,UUP,stock,26.65,26.667,26.59,26.63,909446
2016-12-22,UUP,stock,26.59,26.66,26.51,26.65,1713850
2016-12-21,UUP,stock,26.59,26.645,26.56,26.62,1278790
2016-12-20,UUP,stock,26.75,26.7675,26.66,26.7,2896431
2016-12-19,UUP,stock,26.6,26.656,26.5344,26.65,1333502
2016-12-16,UUP,stock,26.65,26.67,26.5,26.57,2103704
2016-12-15,UUP,stock,26.59,26.76,26.57,26.66,3657556
2016-12-14,UUP,stock,26.08,26.44,26.03,26.37,3032321
2016-12-13,UUP,stock,26.1,26.14,26.04,26.12,1766731
2016-12-12,UUP,stock,26.12,26.1814,26.06,26.09,1717610
2016-12-09,UUP,stock,26.23,26.3,26.21,26.24,1499849
2016-12-08,UUP,stock,26.08,26.17,26.0399,26.13,2134990
2016-12-07,UUP,stock,25.96,25.96,25.89,25.9,1903592
2016-12-06,UUP,stock,25.94,26,25.91,25.98,2478754
2016-12-05,UUP,stock,25.96,25.98,25.805,25.88,4654684
2016-12-02,UUP,stock,26.07,26.1011,26.03,26.05,1791614
2016-12-01,UUP,stock,26.24,26.25,26.1,26.11,1638364
2016-11-30,UUP,stock,26.21,26.3201,26.19,26.25,3417026
2016-11-29,UUP,stock,26.21,26.222,26.08,26.11,1772330
2016-11-28,UUP,stock,26.24,26.2499,26.16,26.17,2103252
2016-11-25,UUP,stock,26.19,26.25,26.16,26.24,3108255
2016-11-23,UUP,stock,26.3,26.35,26.2501,26.29,2362099
2016-11-22,UUP,stock,26.11,26.2,26.09,26.13,2045528
2016-11-21,UUP,stock,26.11,26.17,26.0615,26.09,3162105
2016-11-18,UUP,stock,26.16,26.24,26.12,26.19,1549397
2016-11-17,UUP,stock,25.91,26.1,25.91,26.1,2052758
2016-11-16,UUP,stock,25.91,25.995,25.8901,25.95,3750548
2016-11-15,UUP,stock,25.88,25.915,25.84,25.88,4437978
2016-11-14,UUP,stock,25.83,25.9,25.8,25.84,7033292
2016-11-11,UUP,stock,25.52,25.62,25.51,25.59,1098721
2016-11-10,UUP,stock,25.57,25.62,25.5,25.55,2705395
2016-11-09,UUP,stock,25.38,25.5,25.37,25.5,2429173
2016-11-08,UUP,stock,25.27,25.34,25.25,25.34,912209
2016-11-07,UUP,stock,25.25,25.31,25.25,25.27,2672909
2016-11-04,UUP,stock,25.14,25.15,25.06,25.06,940881
2016-11-03,UUP,stock,25.18,25.2,25.1,25.13,1328490
2016-11-02,UUP,stock,25.19,25.21,25.12,25.2,1744510
2016-11-01,UUP,stock,25.34,25.35,25.24,25.29,2885936
2016-10-31,UUP,stock,25.48,25.51,25.42,25.42,1010035
2016-10-28,UUP,stock,25.54,25.54,25.39,25.41,1992438
2016-10-27,UUP,stock,25.5,25.5939,25.48,25.56,1390325
2016-10-26,UUP,stock,25.45,25.51,25.42,25.51,833819
2016-10-25,UUP,stock,25.6,25.62,25.49,25.52,1204381
2016-10-24,UUP,stock,25.49,25.55,25.48,25.53,721202
2016-10-21,UUP,stock,25.5,25.54,25.49,25.5,3574024
2016-10-20,UUP,stock,25.38,25.44,25.365,25.41,676320
2016-10-19,UUP,stock,25.31,25.34,25.2815,25.33,1853029
2016-10-18,UUP,stock,25.3,25.3299,25.27,25.32,1219271
2016-10-17,UUP,stock,25.33,25.34,25.28,25.3,945154
2016-10-14,UUP,stock,25.31,25.37,25.27,25.36,689948
2016-10-13,UUP,stock,25.27,25.3,25.21,25.23,919729
2016-10-12,UUP,stock,25.31,25.35,25.26,25.32,1502058
2016-10-11,UUP,stock,25.15,25.28,25.14,25.25,2255994
2016-10-10,UUP,stock,25.05,25.08,25.0117,25.06,818633
2016-10-07,UUP,stock,24.97,25.07,24.935,24.96,2114232
2016-10-06,UUP,stock,24.95,25.03,24.94,25,1200932
2016-10-05,UUP,stock,24.85,24.91,24.84,24.87,4292531
2016-10-04,UUP,stock,24.87,24.93,24.78,24.84,1734984
2016-10-03,UUP,stock,24.7,24.76,24.7,24.73,732529
2016-09-30,UUP,stock,24.68,24.72,24.64,24.68,1338592
2016-09-29,UUP,stock,24.71,24.72,24.633,24.69,959118
2016-09-28,UUP,stock,24.68,24.74,24.65,24.67,259993
2016-09-27,UUP,stock,24.69,24.72,24.6407,24.65,317165
2016-09-26,UUP,stock,24.61,24.63,24.5799,24.63,362369
2016-09-23,UUP,stock,24.71,24.72,24.66,24.68,632208
2016-09-22,UUP,stock,24.58,24.67,24.56,24.67,1275780
2016-09-21,UUP,stock,24.8,24.83,24.65,24.7,1220684
2016-09-20,UUP,stock,24.78,24.82,24.77,24.81,2403448
2016-09-19,UUP,stock,24.75,24.77,24.718,24.77,2600974
2016-09-16,UUP,stock,24.78,24.84,24.75,24.83,1459632
2016-09-15,UUP,stock,24.65,24.685,24.6,24.63,993975
2016-09-14,UUP,stock,24.7,24.71,24.6001,24.64,413570
2016-09-13,UUP,stock,24.67,24.73,24.62,24.7,771446
2016-09-12,UUP,stock,24.64,24.66,24.54,24.6,1337456
2016-09-09,UUP,stock,24.65,24.7,24.631,24.64,1208116
2016-09-08,UUP,stock,24.44,24.59,24.42,24.57,1295257
2016-09-07,UUP,stock,24.5,24.57,24.48,24.54,1175228
2016-09-06,UUP,stock,24.72,24.73,24.5,24.5,3033404
2016-09-02,UUP,stock,24.68,24.81,24.67,24.79,2454084
2016-09-01,UUP,stock,24.85,24.87,24.72,24.73,1397616
2016-08-31,UUP,stock,24.86,24.87,24.8,24.82,2955843
2016-08-30,UUP,stock,24.78,24.86,24.77,24.83,4898824
2016-08-29,UUP,stock,24.76,24.77,24.69,24.7,1152879
2016-08-26,UUP,stock,24.45,24.71,24.36,24.68,2873893
2016-08-25,UUP,stock,24.47,24.51,24.46,24.5,987194
2016-08-24,UUP,stock,24.49,24.54,24.48,24.5,1047415
2016-08-23,UUP,stock,24.41,24.44,24.392,24.43,1427522
2016-08-22,UUP,stock,24.46,24.47,24.42,24.45,1017395
2016-08-19,UUP,stock,24.45,24.46,24.42,24.42,1072220
2016-08-18,UUP,stock,24.43,24.44,24.32,24.33,1147702
2016-08-17,UUP,stock,24.53,24.58,24.4307,24.51,1489969
2016-08-16,UUP,stock,24.56,24.5674,24.48,24.49,1974609
2016-08-15,UUP,stock,24.73,24.73,24.68,24.71,538965
2016-08-12,UUP,stock,24.67,24.75,24.655,24.75,745911
2016-08-11,UUP,stock,24.75,24.7963,24.705,24.79,740501
2016-08-10,UUP,stock,24.7,24.75,24.691,24.72,1372095
2016-08-09,UUP,stock,24.9,24.91,24.83,24.85,671678
2016-08-08,UUP,stock,24.93,24.93,24.9,24.9,601795
2016-08-05,UUP,stock,24.92,24.96,24.845,24.88,834661
2016-08-04,UUP,stock,24.74,24.765,24.7201,24.75,349942
2016-08-03,UUP,stock,24.66,24.71,24.6401,24.71,1458737
2016-08-02,UUP,stock,24.6,24.61,24.55,24.57,1902555
2016-08-01,UUP,stock,24.74,24.76,24.71,24.74,705803
2016-07-29,UUP,stock,24.77,24.785,24.65,24.67,3306179
2016-07-28,UUP,stock,24.96,25.02,24.93,25.01,1165957
2016-07-27,UUP,stock,25.14,25.2199,25.005,25.02,1522474
2016-07-26,UUP,stock,25.12,25.1501,25.08,25.14,1717440
2016-07-25,UUP,stock,25.2,25.219,25.16,25.17,1383774
2016-07-22,UUP,stock,25.12,25.23,25.1139,25.21,1118262
2016-07-21,UUP,stock,25.11,25.155,25.08,25.08,614213
2016-07-20,UUP,stock,25.16,25.165,25.095,25.12,1111162
2016-07-19,UUP,stock,25.08,25.13,25.08,25.1,1071193
2016-07-18,UUP,stock,24.99,24.99,24.9431,24.98,488655
2016-07-15,UUP,stock,24.94,25,24.9135,24.96,2599343
2016-07-14,UUP,stock,24.89,24.91,24.848,24.86,884482
2016-07-13,UUP,stock,24.92,24.93,24.86,24.92,1157010
2016-07-12,UUP,stock,24.94,24.98,24.914,24.98,659068
2016-07-11,UUP,stock,24.96,25.02,24.95,25,1126281
2016-07-08,UUP,stock,24.89,24.9799,24.8701,24.93,1173798
2016-07-07,UUP,stock,24.85,24.94,24.8338,24.92,548159
2016-07-06,UUP,stock,24.89,24.99,24.8501,24.86,1914612
2016-07-05,UUP,stock,24.77,24.93,24.77,24.93,887023
2016-07-01,UUP,stock,24.73,24.81,24.71,24.76,736517
2016-06-30,UUP,stock,24.8,24.96,24.78,24.84,2207460
2016-06-29,UUP,stock,24.8,24.81,24.74,24.79,1328189
2016-06-28,UUP,stock,24.87,24.967,24.87,24.87,5571935
2016-06-27,UUP,stock,24.94,25.06,24.93,24.9925,4645604
2016-06-24,UUP,stock,24.82,24.83,24.6,24.78,5925884
2016-06-23,UUP,stock,24.13,24.22,24.12,24.15,2862459
2016-06-22,UUP,stock,24.25,24.31,24.19,24.26,1528841
2016-06-21,UUP,stock,24.29,24.37,24.29,24.37,812764
2016-06-20,UUP,stock,24.21,24.2787,24.21,24.25,1573657
2016-06-17,UUP,stock,24.42,24.4699,24.37,24.39,1038727
2016-06-16,UUP,stock,24.65,24.72,24.4801,24.5,1753580
2016-06-15,UUP,stock,24.58,24.58,24.44,24.53,1713828
2016-06-14,UUP,stock,24.55,24.62,24.55,24.59,1683039
2016-06-13,UUP,stock,24.5,24.51,24.4,24.44,1033908
2016-06-10,UUP,stock,24.4,24.5301,24.39,24.5,1867871
2016-06-09,UUP,stock,24.32,24.36,24.31,24.34,1355187
2016-06-08,UUP,stock,24.21,24.24,24.18,24.23,1564460
2016-06-07,UUP,stock,24.31,24.335,24.28,24.3,1145750
2016-06-06,UUP,stock,24.36,24.39,24.27,24.34,941143
2016-06-03,UUP,stock,24.41,24.42,24.33,24.34,2995075
2016-06-02,UUP,stock,24.69,24.7485,24.68,24.73,834682
2016-06-01,UUP,stock,24.73,24.77,24.69,24.7,1105996
2016-05-31,UUP,stock,24.77,24.84,24.715,24.84,1067117
2016-05-27,UUP,stock,24.71,24.8,24.71,24.79,1906264
2016-05-26,UUP,stock,24.59,24.68,24.58,24.65,1425619
2016-05-25,UUP,stock,24.75,24.76,24.68,24.69,1408478
2016-05-24,UUP,stock,24.73,24.775,24.72,24.76,1107740
2016-05-23,UUP,stock,24.71,24.73,24.63,24.68,1127205
2016-05-20,UUP,stock,24.66,24.72,24.65,24.69,888027
2016-05-19,UUP,stock,24.7,24.71,24.643,24.69,2701682
2016-05-18,UUP,stock,24.55,24.67,24.5,24.65,1650571
2016-05-17,UUP,stock,24.48,24.49,24.4233,24.48,662546
2016-05-16,UUP,stock,24.47,24.5,24.44,24.48,554324
2016-05-13,UUP,stock,24.48,24.56,24.475,24.49,1182379
2016-05-12,UUP,stock,24.32,24.39,24.2901,24.38,721721
2016-05-11,UUP,stock,24.34,24.34,24.255,24.29,924918
2016-05-10,UUP,stock,24.4,24.43,24.35,24.41,1076229
2016-05-09,UUP,stock,24.37,24.4,24.35,24.39,2404248
2016-05-06,UUP,stock,24.27,24.345,24.25,24.32,2125765
2016-05-05,UUP,stock,24.24,24.32,24.23,24.29,1761212
2016-05-04,UUP,stock,24.13,24.19,24.1,24.17,2895835
2016-05-03,UUP,stock,23.97,24.1,23.96,24.08,3855261
2016-05-02,UUP,stock,24.06,24.07,23.97,24.01,3467813
2016-04-29,UUP,stock,24.12,24.15,24.085,24.1,2024688
2016-04-28,UUP,stock,24.35,24.37,24.27,24.27,1081616
2016-04-27,UUP,stock,24.45,24.57,24.38,24.47,1056727
2016-04-26,UUP,stock,24.42,24.52,24.4,24.5,881690
2016-04-25,UUP,stock,24.58,24.58,24.52,24.57,676352
2016-04-22,UUP,stock,24.6,24.669,24.55,24.65,1516256
2016-04-21,UUP,stock,24.4,24.53,24.39,24.51,1002567
2016-04-20,UUP,stock,24.4,24.51,24.37,24.51,1428967
2016-04-19,UUP,stock,24.36,24.3899,24.33,24.37,1030800
2016-04-18,UUP,stock,24.53,24.53,24.4501,24.49,724914
2016-04-15,UUP,stock,24.56,24.5672,24.48,24.54,1007651
2016-04-14,UUP,stock,24.59,24.6265,24.56,24.61,1303922
2016-04-13,UUP,stock,24.49,24.5799,24.49,24.55,1139769
2016-04-12,UUP,stock,24.37,24.4536,24.34,24.36,1052805
2016-04-11,UUP,stock,24.38,24.3839,24.2901,24.36,1338084
2016-04-08,UUP,stock,24.45,24.475,24.3837,24.42,797668
2016-04-07,UUP,stock,24.51,24.525,24.45,24.51,932754
2016-04-06,UUP,stock,24.55,24.56,24.425,24.48,2582136
2016-04-05,UUP,stock,24.54,24.62,24.49,24.53,1372265
2016-04-04,UUP,stock,24.49,24.54,24.47,24.51,822738
2016-04-01,UUP,stock,24.58,24.65,24.5,24.53,1064512
2016-03-31,UUP,stock,24.5,24.54,24.4443,24.54,1858714
2016-03-30,UUP,stock,24.63,24.63,24.511,24.58,3034815
2016-03-29,UUP,stock,24.86,24.89,24.64,24.66,2853496
2016-03-28,UUP,stock,24.86,24.89,24.84,24.88,856122
2016-03-24,UUP,stock,24.96,24.97,24.9085,24.93,809381
2016-03-23,UUP,stock,24.88,24.95,24.875,24.92,1560971
2016-03-22,UUP,stock,24.78,24.82,24.749,24.79,1180703
2016-03-21,UUP,stock,24.67,24.735,24.67,24.72,1761890
2016-03-18,UUP,stock,24.61,24.67,24.57,24.64,2202934
2016-03-17,UUP,stock,24.6,24.625,24.54,24.58,1744470
2016-03-16,UUP,stock,25.14,25.17,24.775,24.8,2988251
2016-03-15,UUP,stock,25.06,25.1,25.039,25.07,944253
2016-03-14,UUP,stock,25.03,25.0868,24.9885,25.05,1780031
2016-03-11,UUP,stock,25,25.0299,24.885,24.95,1090949
2016-03-10,UUP,stock,25.22,25.22,24.89,24.97,1419378
2016-03-09,UUP,stock,25.31,25.3199,25.15,25.22,637478
2016-03-08,UUP,stock,25.15,25.2399,25.14,25.21,413596
2016-03-07,UUP,stock,25.33,25.3376,25.17,25.2,834743
2016-03-04,UUP,stock,25.3,25.31,25.17,25.25,919073
2016-03-03,UUP,stock,25.43,25.44,25.29,25.32,933172
2016-03-02,UUP,stock,25.56,25.575,25.46,25.48,946915
2016-03-01,UUP,stock,25.51,25.576,25.5,25.5,1250040
2016-02-29,UUP,stock,25.53,25.53,25.46,25.49,782043
2016-02-26,UUP,stock,25.38,25.49,25.36,25.44,1476023
2016-02-25,UUP,stock,25.33,25.35,25.23,25.27,1266973
2016-02-24,UUP,stock,25.36,25.37,25.2201,25.29,1143818
2016-02-23,UUP,stock,25.29,25.32,25.235,25.27,588700
2016-02-22,UUP,stock,25.3,25.31,25.25,25.26,764698
2016-02-19,UUP,stock,25.19,25.2,25.0601,25.07,2762032
2016-02-18,UUP,stock,25.2,25.2,25.1,25.14,535835
2016-02-17,UUP,stock,25.19,25.2,25.1,25.13,688402
2016-02-16,UUP,stock,25.07,25.17,25.06,25.14,778168
2016-02-12,UUP,stock,24.94,24.9799,24.89,24.92,1285768
2016-02-11,UUP,stock,24.77,24.85,24.72,24.81,2049981
2016-02-10,UUP,stock,24.99,25.11,24.86,24.88,1109022
2016-02-09,UUP,stock,24.92,24.98,24.8301,24.93,1360416
2016-02-08,UUP,stock,25.25,25.25,25.0601,25.11,904998
2016-02-05,UUP,stock,25.19,25.2499,25.14,25.17,1474063
2016-02-04,UUP,stock,25.07,25.13,25.01,25.06,2113415
2016-02-03,UUP,stock,25.51,25.51,25.15,25.23,2496889
2016-02-02,UUP,stock,25.67,25.7292,25.64,25.67,675699
2016-02-01,UUP,stock,25.75,25.77,25.68,25.69,1233299
2016-01-29,UUP,stock,25.82,25.92,25.82,25.86,1775208
2016-01-28,UUP,stock,25.63,25.65,25.55,25.59,1931033
2016-01-27,UUP,stock,25.69,25.75,25.67,25.71,1386663
2016-01-26,UUP,stock,25.79,25.795,25.72,25.73,720731
2016-01-25,UUP,stock,25.79,25.83,25.77,25.78,431868
2016-01-22,UUP,stock,25.78,25.87,25.76,25.86,1100910
2016-01-21,UUP,stock,25.84,25.87,25.7,25.72,1752862
2016-01-20,UUP,stock,25.72,25.77,25.67,25.75,1599110
2016-01-19,UUP,stock,25.78,25.78,25.68,25.74,1620607
2016-01-15,UUP,stock,25.58,25.71,25.57,25.69,4286303
2016-01-14,UUP,stock,25.67,25.785,25.64,25.75,1238828
2016-01-13,UUP,stock,25.76,25.77,25.68,25.68,1176448
2016-01-12,UUP,stock,25.71,25.79,25.665,25.72,2911764
2016-01-11,UUP,stock,25.65,25.69,25.59,25.68,2310321
2016-01-08,UUP,stock,25.63,25.675,25.56,25.56,2147741
2016-01-07,UUP,stock,25.66,25.7135,25.5,25.51,4223258
2016-01-06,UUP,stock,25.86,25.87,25.75,25.77,1032168
2016-01-05,UUP,stock,25.82,25.9,25.81,25.84,1525050
2016-01-04,UUP,stock,25.65,25.79,25.63,25.69,1136208
2015-12-31,UUP,stock,25.59,25.665,25.575,25.65,1500407
2015-12-30,UUP,stock,25.52,25.58,25.52,25.52,666123
2015-12-29,UUP,stock,25.53,25.58,25.49,25.52,1025885
2015-12-28,UUP,stock,25.44,25.46,25.42,25.45,1159580
2015-12-24,UUP,stock,25.45,25.48,25.43,25.48,834222
2015-12-23,UUP,stock,25.55,25.63,25.53,25.54,1886959
2015-12-22,UUP,stock,25.48,25.525,25.45,25.5,1639349
2015-12-21,UUP,stock,25.61,25.619,25.53,25.54,1357866
2015-12-18,UUP,stock,25.76,25.76,25.621,25.63,1650208
2015-12-17,UUP,stock,25.72,25.81,25.681,25.78,2856499
2015-12-16,UUP,stock,25.51,25.61,25.36,25.54,2429494
2015-12-15,UUP,stock,25.41,25.55,25.41,25.54,1141930
2015-12-14,UUP,stock,25.35,25.4,25.2744,25.4,1320343
2015-12-11,UUP,stock,25.37,25.4199,25.29,25.35,845418
2015-12-10,UUP,stock,25.4,25.47,25.385,25.45,2889725
2015-12-09,UUP,stock,25.42,25.44,25.27,25.31,3344389
2015-12-08,UUP,stock,25.59,25.63,25.57,25.58,1419703
2015-12-07,UUP,stock,25.7,25.71,25.62,25.66,2440216
2015-12-04,UUP,stock,25.52,25.65,25.44,25.58,1944585
2015-12-03,UUP,stock,25.71,25.73,25.38,25.4,6182784
2015-12-02,UUP,stock,26.07,26.1401,25.99,26.02,1853599
2015-12-01,UUP,stock,26,26.02,25.94,25.96,1095098
2015-11-30,UUP,stock,26.08,26.1,26.05,26.08,1890333
2015-11-27,UUP,stock,26.07,26.07,26.01,26.02,1755627
2015-11-25,UUP,stock,26.01,26.07,25.93,25.98,875531
2015-11-24,UUP,stock,25.94,25.97,25.89,25.93,1288147
2015-11-23,UUP,stock,25.97,26.02,25.9,25.98,1602365
2015-11-20,UUP,stock,25.8,25.94,25.79,25.94,1627078
2015-11-19,UUP,stock,25.77,25.82,25.7,25.76,2226866
2015-11-18,UUP,stock,25.93,25.995,25.89,25.94,3710583
2015-11-17,UUP,stock,25.93,25.98,25.89,25.94,3042569
2015-11-16,UUP,stock,25.83,25.9,25.82,25.9,2398861
2015-11-13,UUP,stock,25.77,25.8364,25.76,25.76,1042185
2015-11-12,UUP,stock,25.81,25.81,25.63,25.67,5169751
2015-11-11,UUP,stock,25.79,25.82,25.74,25.78,12430455
2015-11-10,UUP,stock,25.89,25.91,25.82,25.85,1386830
2015-11-09,UUP,stock,25.86,25.86,25.74,25.78,2125700
2015-11-06,UUP,stock,25.83,25.87,25.79,25.83,3477092
2015-11-05,UUP,stock,25.52,25.55,25.4913,25.53,2320029
2015-11-04,UUP,stock,25.44,25.54,25.43,25.51,2291176
2015-11-03,UUP,stock,25.33,25.385,25.3,25.3,1132686
2015-11-02,UUP,stock,25.18,25.2595,25.18,25.23,713541
2015-10-30,UUP,stock,25.25,25.28,25.15,25.25,1029432
2015-10-29,UUP,stock,25.43,25.4301,25.3201,25.34,847672
2015-10-28,UUP,stock,25.19,25.47,25.1,25.45,1547614
2015-10-27,UUP,stock,25.23,25.26,25.19,25.24,428322
2015-10-26,UUP,stock,25.29,25.29,25.185,25.22,457727
2015-10-23,UUP,stock,25.22,25.32,25.21,25.3,1556648
2015-10-22,UUP,stock,24.97,25.1,24.97,25.09,1042418
2015-10-21,UUP,stock,24.7,24.74,24.69,24.73,973235
2015-10-20,UUP,stock,24.67,24.72,24.65,24.7,696408
2015-10-19,UUP,stock,24.69,24.74,24.675,24.72,657544
2015-10-16,UUP,stock,24.62,24.6799,24.5901,24.65,851831
2015-10-15,UUP,stock,24.59,24.63,24.52,24.61,891493
2015-10-14,UUP,stock,24.56,24.6,24.43,24.45,1267543
2015-10-13,UUP,stock,24.7,24.72,24.66,24.66,819860
2015-10-12,UUP,stock,24.69,24.7,24.65,24.7,1162843
2015-10-09,UUP,stock,24.73,24.75,24.67,24.72,1041490
2015-10-08,UUP,stock,24.89,24.9101,24.75,24.84,1499457
2015-10-07,UUP,stock,24.88,24.9399,24.86,24.9,965491
2015-10-06,UUP,stock,25.01,25.01,24.86,24.87,697564
2015-10-05,UUP,stock,25,25.07,24.98,25.04,1415066
2015-10-02,UUP,stock,24.86,25.03,24.82,25.03,1398636
2015-10-01,UUP,stock,25.11,25.11,25.02,25.09,1220472
2015-09-30,UUP,stock,25.1,25.15,25.09,25.1,821110
2015-09-29,UUP,stock,25.09,25.09,24.98,25.01,620217
2015-09-28,UUP,stock,25.17,25.18,25.01,25.05,1812137
2015-09-25,UUP,stock,25.14,25.16,25.08,25.08,626695
2015-09-24,UUP,stock,25,25.05,24.9,25.04,1780892
2015-09-23,UUP,stock,25.14,25.17,25.06,25.12,526875
2015-09-22,UUP,stock,25.08,25.16,25.06,25.12,1691251
2015-09-21,UUP,stock,24.94,25.05,24.915,25.01,746163
2015-09-18,UUP,stock,24.6,24.88,24.6,24.86,1347188
2015-09-17,UUP,stock,24.82,24.88,24.61,24.61,2143480
2015-09-16,UUP,stock,24.91,24.9176,24.83,24.87,909046
2015-09-15,UUP,stock,24.87,24.97,24.855,24.94,780752
2015-09-14,UUP,stock,24.84,24.91,24.84,24.84,667324
2015-09-11,UUP,stock,24.94,24.95,24.83,24.83,679586
2015-09-10,UUP,stock,25.03,25.07,24.901,24.94,1149462
2015-09-09,UUP,stock,25.14,25.17,25.04,25.04,1448884
2015-09-08,UUP,stock,25.08,25.09,25.011,25.04,602024
2015-09-04,UUP,stock,25.16,25.22,25.08,25.13,1014993
2015-09-03,UUP,stock,25.19,25.23,25.13,25.16,2175676
2015-09-02,UUP,stock,25.03,25.06,25.0001,25.04,864922
2015-09-01,UUP,stock,24.96,25.01,24.89,24.91,1700600
2015-08-31,UUP,stock,25.02,25.14,25.02,25.06,1488980
2015-08-28,UUP,stock,25,25.16,25,25.1,1192052
2015-08-27,UUP,stock,25.01,25.07,24.95,25.02,9085485
2015-08-26,UUP,stock,24.77,24.89,24.675,24.86,4857728
2015-08-25,UUP,stock,24.57,24.74,24.56,24.56,3267610
2015-08-24,UUP,stock,24.22,24.5101,24.2,24.39,4701473
2015-08-21,UUP,stock,24.89,24.93,24.76,24.8,5819936
2015-08-20,UUP,stock,25.11,25.153,25.03,25.04,3300657
2015-08-19,UUP,stock,25.35,25.3543,25.165,25.18,1373285
2015-08-18,UUP,stock,25.36,25.36,25.31,25.34,567100
2015-08-17,UUP,stock,25.22,25.33,25.22,25.28,865816
2015-08-14,UUP,stock,25.2,25.26,25.15,25.24,5183191
2015-08-13,UUP,stock,25.23,25.28,25.17,25.17,1704863
2015-08-12,UUP,stock,25.19,25.19,25.06,25.13,2714867
2015-08-11,UUP,stock,25.33,25.45,25.32,25.4,5032728
2015-08-10,UUP,stock,25.53,25.54,25.36,25.4,1613740
2015-08-07,UUP,stock,25.67,25.69,25.49,25.52,1993196
2015-08-06,UUP,stock,25.62,25.62,25.54,25.56,1835586
2015-08-05,UUP,stock,25.6,25.6835,25.55,25.61,884187
2015-08-04,UUP,stock,25.48,25.63,25.44,25.62,1009470
2015-08-03,UUP,stock,25.46,25.51,25.43,25.49,1996514
2015-07-31,UUP,stock,25.22,25.4562,25.199,25.43,1651153
2015-07-30,UUP,stock,25.5,25.5762,25.5,25.51,2260957
2015-07-29,UUP,stock,25.31,25.4368,25.2,25.41,1706941
2015-07-28,UUP,stock,25.33,25.35,25.27,25.27,2007154
2015-07-27,UUP,stock,25.23,25.26,25.18,25.25,5693198
2015-07-24,UUP,stock,25.51,25.51,25.41,25.45,743383
2015-07-23,UUP,stock,25.49,25.49,25.38,25.41,3809957
2015-07-22,UUP,stock,25.54,25.59,25.51,25.51,1785019
2015-07-21,UUP,stock,25.59,25.6,25.405,25.45,2840426
2015-07-20,UUP,stock,25.65,25.66,25.58,25.63,2512669
2015-07-17,UUP,stock,25.57,25.62,25.57,25.62,1151710
2015-07-16,UUP,stock,25.56,25.57,25.46,25.56,2288961
2015-07-15,UUP,stock,25.39,25.47,25.39,25.42,1598625
2015-07-14,UUP,stock,25.24,25.33,25.24,25.31,611986
2015-07-13,UUP,stock,25.29,25.36,25.2601,25.35,1643472
2015-07-10,UUP,stock,25.04,25.1699,25.03,25.1,2044147
2015-07-09,UUP,stock,25.22,25.34,25.21,25.28,3374945
2015-07-08,UUP,stock,25.22,25.28,25.1784,25.2,1298356
2015-07-07,UUP,stock,25.44,25.46,25.25,25.3,3096957
2015-07-06,UUP,stock,25.29,25.29,25.151,25.22,1954761
2015-07-02,UUP,stock,25.18,25.19,25.12,25.17,3496775
2015-07-01,UUP,stock,25.16,25.25,25.12,25.23,2330209
2015-06-30,UUP,stock,24.91,25.07,24.9049,25.03,7634074
2015-06-29,UUP,stock,25.03,25.056,24.8025,24.86,3794053
2015-06-26,UUP,stock,25.03,25.0695,24.96,25,1349399
2015-06-25,UUP,stock,24.95,24.98,24.92,24.93,2613479
2015-06-24,UUP,stock,25.01,25.03,24.93,24.97,1201063
2015-06-23,UUP,stock,25.05,25.06,24.94,25.02,2062323
2015-06-22,UUP,stock,24.67,24.748,24.605,24.73,4484754
2015-06-19,UUP,stock,24.68,24.71,24.64,24.68,1866053
2015-06-18,UUP,stock,24.55,24.695,24.54,24.62,3449439
2015-06-17,UUP,stock,24.87,24.97,24.665,24.7,3489328
2015-06-16,UUP,stock,24.92,24.9699,24.89,24.92,2510212
2015-06-15,UUP,stock,25.01,25.01,24.86,24.87,3983747
2015-06-12,UUP,stock,24.99,25.01,24.84,24.89,1882307
2015-06-11,UUP,stock,24.99,25.045,24.8901,24.91,2166774
2015-06-10,UUP,stock,24.8,24.9101,24.791,24.84,3695613
2015-06-09,UUP,stock,25.05,25.09,24.95,24.98,1720810
2015-06-08,UUP,stock,25.17,25.19,24.99,25.01,2181902
2015-06-05,UUP,stock,25.44,25.46,25.26,25.3,9123687
2015-06-04,UUP,stock,25.06,25.1,24.965,25.08,2653690
2015-06-03,UUP,stock,25.21,25.21,25.02,25.05,2798067
2015-06-02,UUP,stock,25.29,25.3,25.1301,25.22,2612996
2015-06-01,UUP,stock,25.49,25.67,25.47,25.61,1924190
2015-05-29,UUP,stock,25.49,25.53,25.42,25.46,1380590
2015-05-28,UUP,stock,25.61,25.67,25.47,25.5,2598535
2015-05-27,UUP,stock,25.67,25.68,25.5335,25.57,2553493
2015-05-26,UUP,stock,25.53,25.59,25.49,25.56,3438292
2015-05-22,UUP,stock,25.22,25.3,25.22,25.28,2198466
2015-05-21,UUP,stock,25.06,25.09,25.02,25.05,1373498
2015-05-20,UUP,stock,25.11,25.17,25.035,25.09,3120729
2015-05-19,UUP,stock,25.06,25.09,25.01,25.04,2874914
2015-05-18,UUP,stock,24.63,24.77,24.63,24.75,1648872
2015-05-15,UUP,stock,24.66,24.68,24.47,24.51,2638405
2015-05-14,UUP,stock,24.5,24.64,24.5,24.55,2641321
2015-05-13,UUP,stock,24.68,24.699,24.56,24.63,3241196
2015-05-12,UUP,stock,24.85,24.86,24.78,24.85,1658056
2015-05-11,UUP,stock,25.01,25.02,24.95,24.99,1624200
2015-05-08,UUP,stock,24.87,24.99,24.85,24.91,2066765
2015-05-07,UUP,stock,24.85,24.93,24.83,24.88,5211286
2015-05-06,UUP,stock,24.83,24.85,24.69,24.75,4300308
2015-05-05,UUP,stock,25.1,25.14,24.9799,25.03,4566841
2015-05-04,UUP,stock,25.07,25.14,25.07,25.1,1788818
2015-05-01,UUP,stock,24.91,25.1,24.88,25.03,3059807
2015-04-30,UUP,stock,25.07,25.1,24.86,24.91,4334072
2015-04-29,UUP,stock,25.13,25.14,24.9,25.06,6270949
2015-04-28,UUP,stock,25.39,25.39,25.25,25.28,3006578
2015-04-27,UUP,stock,25.53,25.56,25.38,25.44,2261839
2015-04-24,UUP,stock,25.52,25.63,25.48,25.52,2295708
2015-04-23,UUP,stock,25.79,25.81,25.57,25.62,1236606
2015-04-22,UUP,stock,25.77,25.84,25.76,25.81,693600
2015-04-21,UUP,stock,25.89,25.9,25.7,25.81,1709932
2015-04-20,UUP,stock,25.78,25.82,25.73,25.78,1430542
2015-04-17,UUP,stock,25.72,25.73,25.61,25.63,1840491
2015-04-16,UUP,stock,25.78,25.88,25.62,25.69,2882383
2015-04-15,UUP,stock,26.01,26.1,25.86,25.89,1838835
2015-04-14,UUP,stock,26.02,26.02,25.9,26.01,1565520
2015-04-13,UUP,stock,26.22,26.24,26.17,26.21,3787627
2015-04-10,UUP,stock,26.17,26.22,26.12,26.17,2372829
2015-04-09,UUP,stock,25.91,26.14,25.89,26.11,5820756
2015-04-08,UUP,stock,25.65,25.8699,25.65,25.84,1595937
2015-04-07,UUP,stock,25.72,25.81,25.6501,25.8,3336417
2015-04-06,UUP,stock,25.4,25.6,25.36,25.51,4332513
2015-04-02,UUP,stock,25.7,25.73,25.65,25.71,2079786
2015-04-01,UUP,stock,25.86,25.9799,25.835,25.91,1786994
2015-03-31,UUP,stock,25.98,26,25.79,25.9,2205256
2015-03-30,UUP,stock,25.8,25.87,25.75,25.86,2087317
2015-03-27,UUP,stock,25.67,25.7,25.56,25.66,1464568
2015-03-26,UUP,stock,25.49,25.715,25.46,25.64,1953853
2015-03-25,UUP,stock,25.47,25.57,25.47,25.55,5765987
2015-03-24,UUP,stock,25.56,25.6799,25.56,25.62,1700082
2015-03-23,UUP,stock,25.58,25.68,25.52,25.54,4321773
2015-03-20,UUP,stock,25.88,25.94,25.69,25.82,5947131
2015-03-19,UUP,stock,26.09,26.23,26.07,26.17,3046605
2015-03-18,UUP,stock,26.3,26.3,25.77,25.78,6037484
2015-03-17,UUP,stock,26.22,26.3099,26.18,26.3,2263489
2015-03-16,UUP,stock,26.32,26.36,26.22,26.29,3027999
2015-03-13,UUP,stock,26.3,26.5,26.3,26.49,3128069
2015-03-12,UUP,stock,26.19,26.27,26.15,26.22,2784540
2015-03-11,UUP,stock,26.25,26.4,26.2116,26.36,3921596
2015-03-10,UUP,stock,25.98,26.08,25.9,26.07,4272765
2015-03-09,UUP,stock,25.78,25.83,25.75,25.8,2286277
2015-03-06,UUP,stock,25.75,25.82,25.75,25.8,3305992
2015-03-05,UUP,stock,25.48,25.54,25.43,25.49,1929529
2015-03-04,UUP,stock,25.3,25.41,25.3,25.37,1635692
2015-03-03,UUP,stock,25.22,25.25,25.15,25.24,1175121
2015-03-02,UUP,stock,25.19,25.26,25.16,25.25,2238595
2015-02-27,UUP,stock,25.2,25.23,25.145,25.2,2502928
2015-02-26,UUP,stock,25.09,25.22,25.08,25.19,1625166
2015-02-25,UUP,stock,24.95,25.03,24.91,24.93,1103997
2015-02-24,UUP,stock,25.04,25.12,24.9701,24.98,1096330
2015-02-23,UUP,stock,25.01,25.06,24.99,25.03,2062096
2015-02-20,UUP,stock,25.06,25.08,24.875,24.96,1902489
2015-02-19,UUP,stock,24.94,24.98,24.92,24.98,523776
2015-02-18,UUP,stock,24.92,25.02,24.86,24.89,1736227
2015-02-17,UUP,stock,24.87,24.95,24.86,24.88,754001
2015-02-13,UUP,stock,24.89,24.93,24.85,24.91,1038845
2015-02-12,UUP,stock,25,25.02,24.8701,24.92,1878613
2015-02-11,UUP,stock,25.1,25.18,25.09,25.16,2328702
2015-02-10,UUP,stock,25.07,25.1,25.04,25.07,1133848
2015-02-09,UUP,stock,25.05,25.06,24.98,25.04,1661761
2015-02-06,UUP,stock,25,25.09,24.98,25.06,2861876
2015-02-05,UUP,stock,24.85,24.87,24.73,24.76,922904
2015-02-04,UUP,stock,24.85,24.95,24.85,24.94,1158625
2015-02-03,UUP,stock,24.91,24.93,24.69,24.79,4196767
2015-02-02,UUP,stock,25.1,25.11,25.02,25.08,1816059
2015-01-30,UUP,stock,25.13,25.16,25.095,25.13,1740924
2015-01-29,UUP,stock,25.06,25.19,25,25.1,1564488
2015-01-28,UUP,stock,24.99,25.1,24.94,25.08,1987048
2015-01-27,UUP,stock,24.96,25,24.85,24.93,2282438
2015-01-26,UUP,stock,25.2,25.2,25.1101,25.17,2516604
2015-01-23,UUP,stock,25.2,25.21,25.06,25.21,2381721
2015-01-22,UUP,stock,24.76,25.01,24.69,24.99,3542673
2015-01-21,UUP,stock,24.5,24.68,24.43,24.62,2895508
2015-01-20,UUP,stock,24.61,24.7,24.6,24.69,1526868
2015-01-16,UUP,stock,24.6,24.74,24.55,24.59,3106112
2015-01-15,UUP,stock,24.43,24.58,24.4,24.48,2587517
2015-01-14,UUP,stock,24.36,24.43,24.34,24.4,1373066
2015-01-13,UUP,stock,24.47,24.5,24.41,24.45,1003610
2015-01-12,UUP,stock,24.43,24.44,24.36,24.38,1938690
2015-01-09,UUP,stock,24.5,24.504,24.36,24.38,2319969
2015-01-08,UUP,stock,24.49,24.5,24.42,24.49,1685495
2015-01-07,UUP,stock,24.43,24.47,24.3438,24.39,2383566
2015-01-06,UUP,stock,24.3,24.31,24.19,24.3,2262695
2015-01-05,UUP,stock,24.31,24.31,24.22,24.25,2855503
2015-01-02,UUP,stock,24.12,24.2,24.11,24.2,1887518
2014-12-31,UUP,stock,23.92,23.9763,23.9,23.97,2858789
2014-12-30,UUP,stock,23.86,23.89,23.84,23.89,1883167
2014-12-29,UUP,stock,23.88,23.97,23.86,23.95,923971
2014-12-26,UUP,stock,23.88,23.9099,23.88,23.89,400390
2014-12-24,UUP,stock,23.87,23.88,23.85,23.88,231542
2014-12-23,UUP,stock,23.91,23.91,23.8665,23.91,876088
2014-12-22,UUP,stock,23.77,23.81,23.73,23.79,1002039
2014-12-19,UUP,stock,23.67,23.78,23.64,23.77,1562619
2014-12-18,UUP,stock,23.68,23.71,23.65,23.67,1398141
2014-12-17,UUP,stock,23.39,23.64,23.37,23.6,2199523
2014-12-16,UUP,stock,23.28,23.39,23.27,23.31,1392628
2014-12-15,UUP,stock,23.47,23.5,23.4013,23.48,1093660
2014-12-12,UUP,stock,23.41,23.47,23.38,23.43,1318484
2014-12-11,UUP,stock,23.52,23.56,23.5,23.51,2236827
2014-12-10,UUP,stock,23.5,23.52,23.4,23.42,979783
2014-12-09,UUP,stock,23.51,23.56,23.39,23.55,1616220
2014-12-08,UUP,stock,23.71,23.73,23.6,23.66,1889463
2014-12-05,UUP,stock,23.68,23.75,23.679,23.71,976673
2014-12-04,UUP,stock,23.55,23.57,23.42,23.53,2189639
2014-12-03,UUP,stock,23.62,23.635,23.591,23.62,1289852
2014-12-02,UUP,stock,23.5,23.55,23.48,23.545,883990
2014-12-01,UUP,stock,23.34,23.37,23.31,23.36,755596
2014-11-28,UUP,stock,23.36,23.47,23.36,23.47,652277
2014-11-26,UUP,stock,23.3,23.31,23.2334,23.28,1043069
2014-11-25,UUP,stock,23.43,23.43,23.32,23.35,2760218
2014-11-24,UUP,stock,23.46,23.46,23.39,23.4,647140
2014-11-21,UUP,stock,23.39,23.48,23.39,23.46,1371811
2014-11-20,UUP,stock,23.26,23.32,23.235,23.27,1938908
2014-11-19,UUP,stock,23.26,23.31,23.2,23.3,1783750
2014-11-18,UUP,stock,23.26,23.3,23.245,23.26,2395450
2014-11-17,UUP,stock,23.32,23.37,23.32,23.37,940175
2014-11-14,UUP,stock,23.43,23.44,23.214,23.25,1879473
2014-11-13,UUP,stock,23.3,23.34,23.28,23.31,1127032
2014-11-12,UUP,stock,23.28,23.36,23.25,23.33,881494
2014-11-11,UUP,stock,23.34,23.36,23.2,23.25,1471150
2014-11-10,UUP,stock,23.24,23.3472,23.23,23.34,3801417
2014-11-07,UUP,stock,23.36,23.37,23.24,23.27,2449311
2014-11-06,UUP,stock,23.31,23.42,23.3,23.41,2041459
2014-11-05,UUP,stock,23.28,23.29,23.22,23.25,1306901
2014-11-04,UUP,stock,23.19,23.2,23.09,23.14,961911
2014-11-03,UUP,stock,23.18,23.23,23.165,23.2,3115766
2014-10-31,UUP,stock,23.15,23.17,23.07,23.09,2494417
2014-10-30,UUP,stock,22.9,22.91,22.85,22.91,1385074
2014-10-29,UUP,stock,22.68,22.87,22.63,22.85,4131250
2014-10-28,UUP,stock,22.67,22.715,22.66,22.68,824872
2014-10-27,UUP,stock,22.76,22.7695,22.6999,22.72,1045401
2014-10-24,UUP,stock,22.77,22.7999,22.7301,22.78,760623
2014-10-23,UUP,stock,22.8,22.85,22.8,22.82,1654863
2014-10-22,UUP,stock,22.78,22.8199,22.7601,22.8,1199505
2014-10-21,UUP,stock,22.64,22.7,22.64,22.7,975874
2014-10-20,UUP,stock,22.65,22.65,22.57,22.58,632515
2014-10-17,UUP,stock,22.6,22.6695,22.59,22.66,774879
2014-10-16,UUP,stock,22.64,22.68,22.53,22.59,2590009
2014-10-15,UUP,stock,22.61,22.686,22.45,22.59,3995248
2014-10-14,UUP,stock,22.8,22.85,22.77,22.83,1088179
2014-10-13,UUP,stock,22.74,22.78,22.72,22.73,1278143
2014-10-10,UUP,stock,22.84,22.87,22.802,22.86,5000885
2014-10-09,UUP,stock,22.69,22.79,22.66,22.75,2343342
2014-10-08,UUP,stock,22.79,22.85,22.66,22.68,5304323
2014-10-07,UUP,stock,22.8,22.86,22.75,22.78,1793909
2014-10-06,UUP,stock,23.01,23.02,22.78,22.82,2433402
2014-10-03,UUP,stock,23.02,23.08,23.01,23.08,4528062
2014-10-02,UUP,stock,22.77,22.84,22.73,22.78,2002047
2014-10-01,UUP,stock,22.89,22.91,22.82,22.85,2711231
2014-09-30,UUP,stock,22.91,22.91,22.85,22.87,2182528
2014-09-29,UUP,stock,22.77,22.8,22.75,22.78,1324270
2014-09-26,UUP,stock,22.73,22.81,22.72,22.8,1207715
2014-09-25,UUP,stock,22.72,22.73,22.645,22.67,4432644
2014-09-24,UUP,stock,22.61,22.65,22.6,22.63,1746783
2014-09-23,UUP,stock,22.49,22.56,22.47,22.53,702892
2014-09-22,UUP,stock,22.55,22.5899,22.53,22.53,1221088
2014-09-19,UUP,stock,22.5,22.57,22.5,22.55,4859200
2014-09-18,UUP,stock,22.47,22.49,22.42,22.43,1146700
2014-09-17,UUP,stock,22.37,22.55,22.36,22.53,2058700
2014-09-16,UUP,stock,22.42,22.43,22.33,22.39,1488200
2014-09-15,UUP,stock,22.43,22.44,22.41,22.43,917700
2014-09-12,UUP,stock,22.46,22.48,22.38,22.43,633100
2014-09-11,UUP,stock,22.42,22.46,22.41,22.45,622200
2014-09-10,UUP,stock,22.47,22.47,22.42,22.43,758500
2014-09-09,UUP,stock,22.48,22.49,22.38,22.39,1404100
2014-09-08,UUP,stock,22.36,22.47,22.345,22.43,1138800
2014-09-05,UUP,stock,22.3,22.32,22.26,22.3,763300
2014-09-04,UUP,stock,22.19,22.3367,22.19,22.3,1796000
2014-09-03,UUP,stock,22.07,22.09,22.06,22.07,884600
2014-09-02,UUP,stock,22.11,22.1172,22.08,22.09,2210600
2014-08-29,UUP,stock,21.99,22.04,21.95,22.02,756000
2014-08-28,UUP,stock,22.02,22.02,21.96,21.97,561700
2014-08-27,UUP,stock,21.99,21.9999,21.95,21.97,1081800
2014-08-26,UUP,stock,21.98,22.04,21.97,22.02,969600
2014-08-25,UUP,stock,22,22,21.97,22,496600
2014-08-22,UUP,stock,21.89,21.97,21.89,21.94,1079100
2014-08-21,UUP,stock,21.91,21.92,21.88,21.89,306600
2014-08-20,UUP,stock,21.85,21.93,21.85,21.92,885900
2014-08-19,UUP,stock,21.8,21.83,21.795,21.82,342200
2014-08-18,UUP,stock,21.71,21.75,21.71,21.74,194800
2014-08-15,UUP,stock,21.71,21.7299,21.69,21.7,418100
2014-08-14,UUP,stock,21.72,21.76,21.7,21.74,439400
2014-08-13,UUP,stock,21.72,21.775,21.7135,21.75,306000
2014-08-12,UUP,stock,21.74,21.76,21.72,21.73,320800
2014-08-11,UUP,stock,21.71,21.7201,21.71,21.71,169900
2014-08-08,UUP,stock,21.72,21.72,21.66,21.7,904000
2014-08-07,UUP,stock,21.74,21.79,21.74,21.75,1517300
2014-08-06,UUP,stock,21.78,21.78,21.71,21.72,1290300
2014-08-05,UUP,stock,21.74,21.7699,21.73,21.75,529100
2014-08-04,UUP,stock,21.69,21.7,21.68,21.7,787500
2014-08-01,UUP,stock,21.7,21.72,21.65,21.71,1786300
2014-07-31,UUP,stock,21.73,21.74,21.7101,21.74,820900
2014-07-30,UUP,stock,21.73,21.75,21.69,21.71,3327900
2014-07-29,UUP,stock,21.64,21.67,21.64,21.66,293700
2014-07-28,UUP,stock,21.62,21.62,21.6,21.62,176500
2014-07-25,UUP,stock,21.61,21.63,21.59,21.62,337800
2014-07-24,UUP,stock,21.56,21.58,21.56,21.58,216500
2014-07-23,UUP,stock,21.53,21.57,21.53,21.55,2365200
2014-07-22,UUP,stock,21.53,21.56,21.53,21.54,436200
2014-07-21,UUP,stock,21.48,21.5,21.47,21.47,3294900
2014-07-18,UUP,stock,21.51,21.52,21.47,21.48,1315700
2014-07-17,UUP,stock,21.48,21.495,21.46,21.48,862100
2014-07-16,UUP,stock,21.49,21.49,21.47,21.49,591700
2014-07-15,UUP,stock,21.38,21.45,21.37,21.44,595600
2014-07-14,UUP,stock,21.39,21.39,21.37,21.37,307200
2014-07-11,UUP,stock,21.38,21.4,21.37,21.38,373800
2014-07-10,UUP,stock,21.37,21.39,21.36,21.37,695100
2014-07-09,UUP,stock,21.38,21.4,21.33,21.34,1009400
2014-07-08,UUP,stock,21.4,21.4,21.37,21.39,274300
2014-07-07,UUP,stock,21.41,21.41,21.39,21.4,219800
2014-07-03,UUP,stock,21.4,21.42,21.3874,21.39,352800
2014-07-02,UUP,stock,21.33,21.33,21.31,21.31,191300
2014-07-01,UUP,stock,21.28,21.2926,21.27,21.27,367700
2014-06-30,UUP,stock,21.33,21.331,21.26,21.26,900200
2014-06-27,UUP,stock,21.38,21.38,21.34,21.34,275400
2014-06-26,UUP,stock,21.43,21.45,21.4,21.41,362800
2014-06-25,UUP,stock,21.39,21.41,21.375,21.4,229300
2014-06-24,UUP,stock,21.41,21.465,21.41,21.42,467300
2014-06-23,UUP,stock,21.43,21.45,21.4,21.4,1338500
2014-06-20,UUP,stock,21.47,21.475,21.44,21.44,606700
2014-06-19,UUP,stock,21.41,21.45,21.39,21.43,1804200
2014-06-18,UUP,stock,21.5,21.53,21.46,21.47,461600
2014-06-17,UUP,stock,21.53,21.54,21.51,21.54,633900
2014-06-16,UUP,stock,21.5,21.51,21.477,21.48,465900
2014-06-13,UUP,stock,21.52,21.5567,21.52,21.54,876400
2014-06-12,UUP,stock,21.55,21.56,21.52,21.54,4938800
2014-06-11,UUP,stock,21.55,21.59,21.55,21.59,200500
2014-06-10,UUP,stock,21.57,21.6,21.56,21.59,393900
2014-06-09,UUP,stock,21.54,21.57,21.51,21.55,1982400
2014-06-06,UUP,stock,21.49,21.51,21.47,21.47,363900
2014-06-05,UUP,stock,21.6,21.6,21.45,21.46,599300
2014-06-04,UUP,stock,21.52,21.56,21.52,21.55,503600
2014-06-03,UUP,stock,21.5,21.53,21.495,21.53,191700
2014-06-02,UUP,stock,21.53,21.55,21.5,21.55,1003500
2014-05-30,UUP,stock,21.47,21.495,21.46,21.47,248900
2014-05-29,UUP,stock,21.51,21.53,21.4701,21.52,384000
2014-05-28,UUP,stock,21.52,21.53,21.51,21.53,1722800
2014-05-27,UUP,stock,21.48,21.5098,21.47,21.47,330200
2014-05-23,UUP,stock,21.49,21.5,21.47,21.48,639100
2014-05-22,UUP,stock,21.46,21.46,21.437,21.44,217700
2014-05-21,UUP,stock,21.44,21.47,21.4,21.4,864300
2014-05-20,UUP,stock,21.4,21.41,21.39,21.4,420800
2014-05-19,UUP,stock,21.37,21.39,21.3501,21.39,201900
2014-05-16,UUP,stock,21.38,21.41,21.38,21.39,358700
2014-05-15,UUP,stock,21.44,21.45,21.37,21.39,427900
2014-05-14,UUP,stock,21.42,21.42,21.398,21.41,385000
2014-05-13,UUP,stock,21.39,21.44,21.39,21.42,278500
2014-05-12,UUP,stock,21.33,21.37,21.33,21.37,381800
2014-05-09,UUP,stock,21.31,21.37,21.3099,21.35,553000
2014-05-08,UUP,stock,21.2,21.24,21.19,21.22,880100
2014-05-07,UUP,stock,21.15,21.18,21.15,21.17,802800
2014-05-06,UUP,stock,21.16,21.165,21.14,21.16,581200
2014-05-05,UUP,stock,21.25,21.26,21.2401,21.26,238000
2014-05-02,UUP,stock,21.35,21.3516,21.25,21.27,330900
2014-05-01,UUP,stock,21.27,21.2775,21.25,21.27,598500
2014-04-30,UUP,stock,21.28,21.3,21.25,21.28,545500
2014-04-29,UUP,stock,21.33,21.36,21.33,21.34,133800
2014-04-28,UUP,stock,21.29,21.3399,21.29,21.32,243500
2014-04-25,UUP,stock,21.33,21.34,21.31,21.34,285800
2014-04-24,UUP,stock,21.39,21.39,21.34,21.34,467800
2014-04-23,UUP,stock,21.36,21.37,21.325,21.37,107500
2014-04-22,UUP,stock,21.36,21.3988,21.3513,21.37,177300
2014-04-21,UUP,stock,21.36,21.4,21.36,21.39,160300
2014-04-17,UUP,stock,21.32,21.37,21.31,21.37,243900
2014-04-16,UUP,stock,21.35,21.37,21.34,21.37,192500
2014-04-15,UUP,stock,21.36,21.38,21.3201,21.35,431100
2014-04-14,UUP,stock,21.34,21.3499,21.32,21.33,358200
2014-04-11,UUP,stock,21.27,21.27,21.24,21.27,549600
2014-04-10,UUP,stock,21.29,21.295,21.225,21.26,776400
2014-04-09,UUP,stock,21.34,21.36,21.27,21.27,782400
2014-04-08,UUP,stock,21.36,21.38,21.33,21.35,1182400
2014-04-07,UUP,stock,21.5,21.51,21.4715,21.49,294700
2014-04-04,UUP,stock,21.55,21.59,21.53,21.54,658500
2014-04-03,UUP,stock,21.56,21.5799,21.545,21.56,363600
2014-04-02,UUP,stock,21.48,21.51,21.46,21.5,306600
2014-04-01,UUP,stock,21.44,21.47,21.4201,21.46,198800
2014-03-31,UUP,stock,21.47,21.4794,21.42,21.46,320100
2014-03-28,UUP,stock,21.46,21.5,21.45,21.48,337900
2014-03-27,UUP,stock,21.47,21.4856,21.4301,21.48,403000
2014-03-26,UUP,stock,21.46,21.471,21.4101,21.42,175300
2014-03-25,UUP,stock,21.46,21.5,21.39,21.42,312500
2014-03-24,UUP,stock,21.5,21.5,21.37,21.41,448200
2014-03-21,UUP,stock,21.47,21.487,21.44,21.47,601400
2014-03-20,UUP,stock,21.5,21.53,21.472,21.5,595200
2014-03-19,UUP,stock,21.29,21.46,21.25,21.43,1102000
2014-03-18,UUP,stock,21.28,21.31,21.2649,21.27,1077000
2014-03-17,UUP,stock,21.29,21.3,21.2415,21.26,456600
2014-03-14,UUP,stock,21.32,21.32,21.24,21.28,215100
2014-03-13,UUP,stock,21.27,21.35,21.25,21.33,878100
2014-03-12,UUP,stock,21.35,21.36,21.31,21.32,1455100
2014-03-11,UUP,stock,21.39,21.399,21.35,21.38,418700
2014-03-10,UUP,stock,21.38,21.39,21.36,21.38,581600
2014-03-07,UUP,stock,21.38,21.39,21.35,21.37,752100
2014-03-06,UUP,stock,21.38,21.39,21.32,21.35,1978100
2014-03-05,UUP,stock,21.5,21.5,21.45,21.47,392800
2014-03-04,UUP,stock,21.45,21.498,21.44,21.48,295200
2014-03-03,UUP,stock,21.42,21.47,21.4,21.46,877500
2014-02-28,UUP,stock,21.39,21.43,21.35,21.38,603200
2014-02-27,UUP,stock,21.57,21.57,21.5,21.52,255900
2014-02-26,UUP,stock,21.55,21.5899,21.5399,21.56,389100
2014-02-25,UUP,stock,21.47,21.52,21.45,21.48,438200
2014-02-24,UUP,stock,21.52,21.55,21.49,21.51,464000
2014-02-21,UUP,stock,21.55,21.55,21.49,21.52,958700
2014-02-20,UUP,stock,21.53,21.57,21.51,21.54,378000
2014-02-19,UUP,stock,21.47,21.52,21.4599,21.51,589600
2014-02-18,UUP,stock,21.46,21.47,21.44,21.45,1244500
2014-02-14,UUP,stock,21.5,21.5131,21.49,21.49,511900
2014-02-13,UUP,stock,21.55,21.56,21.53,21.53,2552100
2014-02-12,UUP,stock,21.68,21.69,21.64,21.65,523700
2014-02-11,UUP,stock,21.63,21.6499,21.5817,21.63,594200
2014-02-10,UUP,stock,21.65,21.66,21.62,21.63,697500
2014-02-07,UUP,stock,21.7,21.71,21.64,21.65,369200
2014-02-06,UUP,stock,21.69,21.73,21.67,21.72,3575900
2014-02-05,UUP,stock,21.79,21.8099,21.74,21.75,755800
2014-02-04,UUP,stock,21.79,21.8058,21.77,21.78,528000
2014-02-03,UUP,stock,21.8,21.82,21.74,21.76,1813700
2014-01-31,UUP,stock,21.82,21.85,21.79,21.83,1531000
2014-01-30,UUP,stock,21.74,21.79,21.72,21.77,2343900
2014-01-29,UUP,stock,21.6,21.6499,21.6,21.63,903700
2014-01-28,UUP,stock,21.6,21.65,21.6,21.63,448200
2014-01-27,UUP,stock,21.6,21.6299,21.58,21.62,946000
2014-01-24,UUP,stock,21.6,21.62,21.575,21.62,1208100
2014-01-23,UUP,stock,21.66,21.67,21.59,21.59,1391300
2014-01-22,UUP,stock,21.77,21.81,21.77,21.81,347900
2014-01-21,UUP,stock,21.82,21.83,21.77,21.78,581900
2014-01-17,UUP,stock,21.78,21.84,21.76,21.82,1170200
2014-01-16,UUP,stock,21.71,21.7716,21.7,21.74,638200
2014-01-15,UUP,stock,21.77,21.8,21.7512,21.76,453600
2014-01-14,UUP,stock,21.65,21.67,21.62,21.66,509400
2014-01-13,UUP,stock,21.66,21.68,21.62,21.62,541100
2014-01-10,UUP,stock,21.72,21.72,21.62,21.67,486200
2014-01-09,UUP,stock,21.79,21.8,21.745,21.76,651800
2014-01-08,UUP,stock,21.76,21.82,21.73,21.78,1141700
2014-01-07,UUP,stock,21.7,21.76,21.69,21.735,947700
2014-01-06,UUP,stock,21.73,21.74,21.64,21.68,707400
2014-01-03,UUP,stock,21.69,21.75,21.68,21.74,968800
2014-01-02,UUP,stock,21.67,21.69,21.64,21.65,1220400
2013-12-31,UUP,stock,21.52,21.55,21.49,21.52,656900
2013-12-30,UUP,stock,21.54,21.54,21.47,21.49,968300
2013-12-27,UUP,stock,21.52,21.61,21.5,21.59,794800
2013-12-26,UUP,stock,21.63,21.65,21.63,21.63,270500
2013-12-24,UUP,stock,21.66,21.67,21.63,21.64,333400
2013-12-23,UUP,stock,21.62,21.63,21.5901,21.62,333000
2013-12-20,UUP,stock,21.71,21.71,21.629,21.66,1297400
2013-12-19,UUP,stock,21.67,21.7,21.66,21.68,1888400
2013-12-18,UUP,stock,21.53,21.66,21.45,21.63,2020800
2013-12-17,UUP,stock,21.57,21.5901,21.51,21.54,441300
2013-12-16,UUP,stock,21.54,21.56,21.51,21.54,607100
2013-12-13,UUP,stock,21.57,21.61,21.57,21.58,617400
2013-12-12,UUP,stock,21.53,21.58,21.51,21.57,569000
2013-12-11,UUP,stock,21.49,21.53,21.45,21.485,950300
2013-12-10,UUP,stock,21.5,21.52,21.476,21.5,524600
2013-12-09,UUP,stock,21.59,21.59,21.55,21.56,561800
2013-12-06,UUP,stock,21.62,21.63,21.58,21.58,323900
2013-12-05,UUP,stock,21.65,21.6599,21.58,21.58,625800
2013-12-04,UUP,stock,21.76,21.7669,21.66,21.69,919600
2013-12-03,UUP,stock,21.71,21.718,21.652,21.7,298900
2013-12-02,UUP,stock,21.77,21.78,21.74,21.77,481300
2013-11-29,UUP,stock,21.67,21.71,21.65,21.7,314400
2013-11-27,UUP,stock,21.69,21.74,21.68,21.72,265800
2013-11-26,UUP,stock,21.76,21.78,21.69,21.69,280100
2013-11-25,UUP,stock,21.79,21.81,21.76,21.76,310400
2013-11-22,UUP,stock,21.75,21.76,21.718,21.73,548000
2013-11-21,UUP,stock,21.83,21.848,21.8,21.815,441200
2013-11-20,UUP,stock,21.68,21.85,21.6732,21.82,537100
2013-11-19,UUP,stock,21.74,21.76,21.7,21.72,265800
2013-11-18,UUP,stock,21.7,21.75,21.6835,21.73,384100
2013-11-15,UUP,stock,21.78,21.8,21.76,21.76,503700
2013-11-14,UUP,stock,21.83,21.85,21.77,21.8,662700
2013-11-13,UUP,stock,21.83,21.89,21.78,21.8,937600
2013-11-12,UUP,stock,21.86,21.875,21.82,21.85,410800
2013-11-11,UUP,stock,21.86,21.8685,21.83,21.84,309200
2013-11-08,UUP,stock,21.88,21.9586,21.87,21.895,689600
2013-11-07,UUP,stock,21.87,21.89,21.73,21.77,2729200
2013-11-06,UUP,stock,21.68,21.7,21.65,21.67,898800
2013-11-05,UUP,stock,21.73,21.77,21.73,21.74,439700
2013-11-04,UUP,stock,21.72,21.7299,21.69,21.69,583100
2013-11-01,UUP,stock,21.72,21.77,21.71,21.75,2661500
2013-10-31,UUP,stock,21.55,21.63,21.53,21.625,1646900
2013-10-30,UUP,stock,21.44,21.53,21.4,21.48,1204200
2013-10-29,UUP,stock,21.4,21.47,21.355,21.44,1168300
2013-10-28,UUP,stock,21.37,21.39,21.34,21.375,798000
2013-10-25,UUP,stock,21.34,21.3532,21.32,21.34,290700
2013-10-24,UUP,stock,21.32,21.35,21.32,21.33,490000
2013-10-23,UUP,stock,21.35,21.37,21.33,21.36,2519600
2013-10-22,UUP,stock,21.42,21.42,21.33,21.35,1984700
2013-10-21,UUP,stock,21.5,21.5,21.45,21.47,288300
2013-10-18,UUP,stock,21.46,21.469,21.43,21.45,497500
2013-10-17,UUP,stock,21.48,21.4977,21.45,21.45,1094000
2013-10-16,UUP,stock,21.65,21.77,21.65,21.69,706700
2013-10-15,UUP,stock,21.73,21.74,21.67,21.7,624900
2013-10-14,UUP,stock,21.61,21.64,21.59,21.62,323200
2013-10-11,UUP,stock,21.65,21.7,21.63,21.66,883300
2013-10-10,UUP,stock,21.71,21.728,21.66,21.7,3259800
2013-10-09,UUP,stock,21.68,21.72,21.65,21.66,1066900
2013-10-08,UUP,stock,21.55,21.58,21.52,21.56,935000
2013-10-07,UUP,stock,21.56,21.61,21.54,21.55,1020300
2013-10-04,UUP,stock,21.55,21.62,21.53,21.61,445500
2013-10-03,UUP,stock,21.54,21.55,21.465,21.51,1360200
2013-10-02,UUP,stock,21.52,21.555,21.51,21.53,772400
2013-10-01,UUP,stock,21.58,21.64,21.57,21.61,339200
2013-09-30,UUP,stock,21.6,21.645,21.59,21.63,281900
2013-09-27,UUP,stock,21.63,21.66,21.6,21.64,516900
2013-09-26,UUP,stock,21.71,21.76,21.695,21.72,495300
2013-09-25,UUP,stock,21.7,21.71,21.65,21.67,725300
2013-09-24,UUP,stock,21.73,21.75,21.7,21.74,420300
2013-09-23,UUP,stock,21.68,21.73,21.68,21.7,1721600
2013-09-20,UUP,stock,21.7,21.74,21.68,21.691,2028500
2013-09-19,UUP,stock,21.63,21.7,21.63,21.675,4203300
2013-09-18,UUP,stock,21.9,21.91,21.63,21.65,2489800
2013-09-17,UUP,stock,21.91,21.94,21.9,21.9,685200
2013-09-16,UUP,stock,21.87,21.94,21.87,21.94,894700
2013-09-13,UUP,stock,22.01,22.06,21.98,21.99,963600
2013-09-12,UUP,stock,22.05,22.05,21.965,22.01,411200
2013-09-11,UUP,stock,22.08,22.09,22,22.01,629700
2013-09-10,UUP,stock,22.11,22.12,22.085,22.09,1808300
2013-09-09,UUP,stock,22.14,22.16,22.065,22.09,557700
2013-09-06,UUP,stock,22.23,22.24,22.16,22.2,533300
2013-09-05,UUP,stock,22.26,22.34,22.24,22.33,1345500
2013-09-04,UUP,stock,22.23,22.25,22.18,22.185,1956500
2013-09-03,UUP,stock,22.24,22.3,22.24,22.26,1264500
2013-08-30,UUP,stock,22.18,22.24,22.17,22.19,843200
2013-08-29,UUP,stock,22.15,22.1899,22.13,22.16,786100
2013-08-28,UUP,stock,22,22.0555,22,22.01,976300
2013-08-27,UUP,stock,21.97,21.97,21.92,21.92,491100
2013-08-26,UUP,stock,21.99,22.03,21.98,21.99,363600
2013-08-23,UUP,stock,22.07,22.07,21.95,21.99,1691100
2013-08-22,UUP,stock,22.03,22.06,22,22.03,325600
2013-08-21,UUP,stock,21.94,22.02,21.92,21.98,1618800
2013-08-20,UUP,stock,21.86,21.88,21.8201,21.87,983000
2013-08-19,UUP,stock,21.95,21.98,21.95,21.97,760500
2013-08-16,UUP,stock,21.91,22.01,21.91,21.98,1645600
2013-08-15,UUP,stock,22.13,22.1595,21.92,21.94,1530200
2013-08-14,UUP,stock,22.1,22.11,22.0639,22.09,614100
2013-08-13,UUP,stock,22.1,22.14,22.09,22.1,976900
2013-08-12,UUP,stock,22.02,22.02,21.98,21.99,1564000
2013-08-09,UUP,stock,21.94,21.95,21.92,21.93,799100
2013-08-08,UUP,stock,21.93,21.941,21.86,21.91,1749900
2013-08-07,UUP,stock,22.03,22.04,21.97,21.98,1735600
2013-08-06,UUP,stock,22.1,22.1165,22.045,22.07,383900
2013-08-05,UUP,stock,22.17,22.205,22.13,22.13,953900
2013-08-02,UUP,stock,22.22,22.2236,22.1301,22.16,776900
2013-08-01,UUP,stock,22.18,22.3,22.1799,22.28,1741300
2013-07-31,UUP,stock,22.22,22.24,22.0306,22.095,2205500
2013-07-30,UUP,stock,22.09,22.19,22.09,22.15,2149000
2013-07-29,UUP,stock,22.13,22.16,22.09,22.1,1401400
2013-07-26,UUP,stock,22.11,22.135,22.07,22.1,643200
2013-07-25,UUP,stock,22.24,22.24,22.11,22.12,908600
2013-07-24,UUP,stock,22.23,22.31,22.2,22.27,1054600
2013-07-23,UUP,stock,22.26,22.28,22.17,22.19,1086400
2013-07-22,UUP,stock,22.28,22.28,22.2064,22.26,1621900
2013-07-19,UUP,stock,22.4,22.405,22.34,22.36,521900
2013-07-18,UUP,stock,22.45,22.49,22.4001,22.42,506800
2013-07-17,UUP,stock,22.31,22.45,22.31,22.38,8168300
2013-07-16,UUP,stock,22.42,22.44,22.31,22.325,795800
2013-07-15,UUP,stock,22.52,22.55,22.48,22.49,1286000
2013-07-12,UUP,stock,22.53,22.54,22.4408,22.47,799200
2013-07-11,UUP,stock,22.51,22.55,22.38,22.415,3677500
2013-07-10,UUP,stock,22.87,22.88,22.66,22.78,991200
2013-07-09,UUP,stock,22.85,22.98,22.85,22.93,1441100
2013-07-08,UUP,stock,22.86,22.86,22.82,22.84,11033500
2013-07-05,UUP,stock,22.88,22.915,22.865,22.9,1436600
2013-07-03,UUP,stock,22.63,22.63,22.52,22.57,496400
2013-07-02,UUP,stock,22.63,22.67,22.57,22.66,1648300
2013-07-01,UUP,stock,22.55,22.57,22.5,22.51,1386400
2013-06-28,UUP,stock,22.49,22.605,22.49,22.56,1184200
2013-06-27,UUP,stock,22.51,22.57,22.47,22.51,1745900
2013-06-26,UUP,stock,22.45,22.53,22.434,22.52,938200
2013-06-25,UUP,stock,22.38,22.44,22.36,22.4,979700
2013-06-24,UUP,stock,22.43,22.43,22.32,22.36,7513000
2013-06-21,UUP,stock,22.3,22.39,22.2701,22.34,1795700
2013-06-20,UUP,stock,22.2,22.27,22.18,22.19,3540400
2013-06-19,UUP,stock,21.85,22.1,21.82,22.06,1676000
2013-06-18,UUP,stock,21.93,21.93,21.83,21.86,608200
2013-06-17,UUP,stock,21.89,21.94,21.835,21.84,579700
2013-06-14,UUP,stock,21.95,21.95,21.86,21.88,612000
2013-06-13,UUP,stock,21.93,21.96,21.86,21.9,587100
2013-06-12,UUP,stock,22,22.02,21.9,21.97,634000
2013-06-11,UUP,stock,22.11,22.12,21.98,21.98,1210800
2013-06-10,UUP,stock,22.25,22.275,22.14,22.17,1415900
2013-06-07,UUP,stock,22.17,22.21,22.1301,22.16,1114000
2013-06-06,UUP,stock,22.34,22.3525,22,22.13,2643100
2013-06-05,UUP,stock,22.46,22.47,22.395,22.42,1766400
2013-06-04,UUP,stock,22.49,22.53,22.45,22.46,832600
2013-06-03,UUP,stock,22.6,22.64,22.3701,22.45,1843900
2013-05-31,UUP,stock,22.6,22.6966,22.59,22.61,1526200
2013-05-30,UUP,stock,22.59,22.62,22.52,22.55,820900
2013-05-29,UUP,stock,22.73,22.7485,22.67,22.7,445700
2013-05-28,UUP,stock,22.78,22.8885,22.76,22.87,502700
2013-05-24,UUP,stock,22.73,22.7399,22.68,22.71,918400
2013-05-23,UUP,stock,22.76,22.798,22.715,22.74,858400
2013-05-22,UUP,stock,22.79,22.94,22.67,22.89,1448300
2013-05-21,UUP,stock,22.85,22.88,22.725,22.79,1028900
2013-05-20,UUP,stock,22.86,22.86,22.7499,22.78,677500
2013-05-17,UUP,stock,22.91,22.94,22.88,22.92,1011900
2013-05-16,UUP,stock,22.77,22.7998,22.69,22.7834,1887500
2013-05-15,UUP,stock,22.8,22.84,22.753,22.79,757200
2013-05-14,UUP,stock,22.66,22.73,22.624,22.73,1252600
2013-05-13,UUP,stock,22.6,22.645,22.58,22.64,1317200
2013-05-10,UUP,stock,22.56,22.67,22.55,22.6,738300
2013-05-09,UUP,stock,22.33,22.51,22.3269,22.48,334300
2013-05-08,UUP,stock,22.25,22.27,22.21,22.265,524400
2013-05-07,UUP,stock,22.31,22.37,22.31,22.37,379900
2013-05-06,UUP,stock,22.33,22.391,22.33,22.37,296200
2013-05-03,UUP,stock,22.37,22.38,22.25,22.32,562700
2013-05-02,UUP,stock,22.31,22.37,22.29,22.33,1081900
2013-05-01,UUP,stock,22.15,22.2,22.12,22.18,590200
2013-04-30,UUP,stock,22.3,22.3,22.17,22.2,1611900
2013-04-29,UUP,stock,22.34,22.35,22.31,22.31,1675500
2013-04-26,UUP,stock,22.44,22.45,22.39,22.41,466200
2013-04-25,UUP,stock,22.47,22.5367,22.47,22.51,747400
2013-04-24,UUP,stock,22.58,22.6,22.53,22.56,1951500
2013-04-23,UUP,stock,22.57,22.6,22.53,22.57,1002200
2013-04-22,UUP,stock,22.55,22.559,22.48,22.49,807200
2013-04-19,UUP,stock,22.43,22.517,22.39,22.5,1373100
2013-04-18,UUP,stock,22.44,22.4799,22.4,22.46,460400
2013-04-17,UUP,stock,22.33,22.49,22.33,22.47,956800
2013-04-16,UUP,stock,22.32,22.35,22.21,22.23,1223700
2013-04-15,UUP,stock,22.35,22.42,22.35,22.41,838900
2013-04-12,UUP,stock,22.38,22.39,22.33,22.34,1658200
2013-04-11,UUP,stock,22.37,22.371,22.3246,22.37,807600
2013-04-10,UUP,stock,22.41,22.46,22.4,22.43,1021800
2013-04-09,UUP,stock,22.43,22.47,22.38,22.41,487600
2013-04-08,UUP,stock,22.46,22.54,22.46,22.51,592600
2013-04-05,UUP,stock,22.45,22.46,22.4,22.45,493400
2013-04-04,UUP,stock,22.67,22.68,22.475,22.49,1112300
2013-04-03,UUP,stock,22.54,22.54,22.49,22.52,540800
2013-04-02,UUP,stock,22.56,22.5883,22.54,22.57,507600
2013-04-01,UUP,stock,22.57,22.58,22.5,22.52,404300
2013-03-28,UUP,stock,22.63,22.63,22.56,22.6,773100
2013-03-27,UUP,stock,22.66,22.69,22.65,22.66,1034100
2013-03-26,UUP,stock,22.56,22.6,22.5265,22.57,407400
2013-03-25,UUP,stock,22.48,22.58,22.48,22.58,735100
2013-03-22,UUP,stock,22.49,22.5,22.4,22.42,530700
2013-03-21,UUP,stock,22.55,22.58,22.51,22.5555,337400
2013-03-20,UUP,stock,22.5,22.565,22.49,22.56,882400
2013-03-19,UUP,stock,22.53,22.64,22.52,22.61,1268900
2013-03-18,UUP,stock,22.53,22.55,22.46,22.54,2671100
2013-03-15,UUP,stock,22.39,22.42,22.37,22.4,1333200
2013-03-14,UUP,stock,22.62,22.63,22.47,22.5,706700
2013-03-13,UUP,stock,22.57,22.64,22.561,22.59,504900
2013-03-12,UUP,stock,22.47,22.53,22.47,22.5,213700
2013-03-11,UUP,stock,22.57,22.58,22.505,22.51,601900
2013-03-08,UUP,stock,22.57,22.6,22.53,22.56,855600
2013-03-07,UUP,stock,22.4,22.41,22.35,22.39,633800
2013-03-06,UUP,stock,22.43,22.51,22.43,22.49,1083300
2013-03-05,UUP,stock,22.37,22.44,22.36,22.4,730500
2013-03-04,UUP,stock,22.47,22.48,22.41,22.43,1776600
2013-03-01,UUP,stock,22.47,22.52,22.4317,22.44,3861200
2013-02-28,UUP,stock,22.3,22.38,22.28,22.37,1144000
2013-02-27,UUP,stock,22.29,22.31,22.24,22.25,1192500
2013-02-26,UUP,stock,22.31,22.3601,22.26,22.34,988300
2013-02-25,UUP,stock,22.17,22.36,22.16,22.32,3314000
2013-02-22,UUP,stock,22.24,22.279,22.22,22.23,437100
2013-02-21,UUP,stock,22.2,22.25,22.16,22.22,1818900
2013-02-20,UUP,stock,22,22.15,21.9945,22.13,1373200
2013-02-19,UUP,stock,22,22.01,21.955,21.97,522300
2013-02-15,UUP,stock,21.98,22,21.96,21.96,1042200
2013-02-14,UUP,stock,21.98,21.99,21.9301,21.94,621700
2013-02-13,UUP,stock,21.85,21.89,21.83,21.88,224900
2013-02-12,UUP,stock,21.91,21.92,21.82,21.87,487100
2013-02-11,UUP,stock,21.92,21.95,21.89,21.92,1008700
2013-02-08,UUP,stock,21.88,21.92,21.86,21.9,900500
2013-02-07,UUP,stock,21.84,21.92,21.83,21.89,1216100
2013-02-06,UUP,stock,21.78,21.785,21.75,21.77,738700
2013-02-05,UUP,stock,21.76,21.78,21.68,21.7,594500
2013-02-04,UUP,stock,21.69,21.73,21.655,21.71,846700
2013-02-01,UUP,stock,21.59,21.64,21.53,21.6,1045700
2013-01-31,UUP,stock,21.64,21.65,21.6,21.62,1539900
2013-01-30,UUP,stock,21.67,21.68,21.61,21.64,2960500
2013-01-29,UUP,stock,21.76,21.77,21.711,21.73,890800
2013-01-28,UUP,stock,21.78,21.8134,21.78,21.79,191200
2013-01-25,UUP,stock,21.79,21.8,21.76,21.78,996000
2013-01-24,UUP,stock,21.86,21.87,21.81,21.83,255600
2013-01-23,UUP,stock,21.8,21.88,21.79,21.83,748300
2013-01-22,UUP,stock,21.83,21.86,21.81,21.83,747900
2013-01-18,UUP,stock,21.84,21.905,21.83,21.85,722800
2013-01-17,UUP,stock,21.77,21.79,21.74,21.75,416900
2013-01-16,UUP,stock,21.78,21.81,21.77,21.79,1140900
2013-01-15,UUP,stock,21.75,21.81,21.72,21.77,1684000
2013-01-14,UUP,stock,21.73,21.75,21.69,21.71,879800
2013-01-11,UUP,stock,21.71,21.76,21.7,21.74,1126900
2013-01-10,UUP,stock,21.87,21.875,21.77,21.8,2258100
2013-01-09,UUP,stock,22.02,22.04,21.99,22.02,832400
2013-01-08,UUP,stock,21.96,21.99,21.95,21.95,1172100
2013-01-07,UUP,stock,21.9901,22.01,21.92,21.92,1973600
2013-01-04,UUP,stock,22.03,22.05,21.98,21.99,1087600
2013-01-03,UUP,stock,21.9,22,21.8873,21.99,1314200
2013-01-02,UUP,stock,21.74,21.85,21.72,21.81,898700
2012-12-31,UUP,stock,21.77,21.83,21.77,21.81,340800
2012-12-28,UUP,stock,21.78,21.79,21.76,21.78,408400
2012-12-27,UUP,stock,21.71,21.81,21.7,21.76,442300
2012-12-26,UUP,stock,21.75,21.77,21.7,21.76,424400
2012-12-24,UUP,stock,21.73,21.79,21.73,21.76,526000
2012-12-21,UUP,stock,21.71,21.78,21.71,21.76,2173500
2012-12-20,UUP,stock,21.62,21.69,21.61,21.65,1931100
2012-12-19,UUP,stock,21.61,21.67,21.6,21.67,1890100
2012-12-18,UUP,stock,21.72,21.73,21.66,21.68,1702300
2012-12-17,UUP,stock,21.75,21.76,21.72,21.75,1643700
2012-12-14,UUP,stock,21.83,21.85,21.74,21.75,1519500
2012-12-13,UUP,stock,21.85,21.88,21.82,21.86,577700
2012-12-12,UUP,stock,21.86,21.88,21.76,21.84,1649800
2012-12-11,UUP,stock,21.9,21.92,21.88,21.88,1749100
2012-12-10,UUP,stock,21.95,21.99,21.95,21.96,1620600
2012-12-07,UUP,stock,22.02,22.03,21.95,21.985,1147500
2012-12-06,UUP,stock,21.86,21.965,21.8501,21.95,1037000
2012-12-05,UUP,stock,21.83,21.83,21.8,21.83,1768400
2012-12-04,UUP,stock,21.79,21.81,21.77,21.78,682900
2012-12-03,UUP,stock,21.88,21.88,21.83,21.85,1113600
2012-11-30,UUP,stock,21.95,21.9577,21.9,21.92,819400
2012-11-29,UUP,stock,21.91,21.975,21.89,21.94,809800
2012-11-28,UUP,stock,22.04,22.049,21.96,21.97,691500
2012-11-27,UUP,stock,21.98,22.02,21.97,22.01,453300
2012-11-26,UUP,stock,21.96,21.97,21.94,21.94,425800
2012-11-23,UUP,stock,22.01,22.02,21.92,21.93,818600
2012-11-21,UUP,stock,22.16,22.16,22.14,22.14,484200
2012-11-20,UUP,stock,22.16,22.175,22.13,22.13,1288300
2012-11-19,UUP,stock,22.17,22.18,22.11,22.14,1250700
2012-11-16,UUP,stock,22.22,22.3,22.22,22.24,1677000
2012-11-15,UUP,stock,22.19,22.2,22.155,22.2,2094200
2012-11-14,UUP,stock,22.19,22.21,22.14,22.2,1553600
2012-11-13,UUP,stock,22.22,22.23,22.172,22.21,1232700
2012-11-12,UUP,stock,22.18,22.2,22.17,22.19,622700
2012-11-09,UUP,stock,22.19,22.2,22.16,22.18,1655200
2012-11-08,UUP,stock,22.15,22.177,22.12,22.13,1490700
2012-11-07,UUP,stock,22.14,22.16,22.12,22.13,1777800
2012-11-06,UUP,stock,22.09,22.11,22.07,22.09,708400
2012-11-05,UUP,stock,22.12,22.14,22.1,22.12,911800
2012-11-02,UUP,stock,22.03,22.09,22.03,22.07,2291600
2012-11-01,UUP,stock,21.89,21.94,21.87,21.92,499900
2012-10-31,UUP,stock,21.88,21.91,21.86,21.89,1560300
2012-10-26,UUP,stock,21.94,21.9573,21.89,21.93,586800
2012-10-25,UUP,stock,21.89,21.94,21.87,21.93,290600
2012-10-24,UUP,stock,21.89,21.9477,21.88,21.91,1214200
2012-10-23,UUP,stock,21.9,21.94,21.9,21.91,891100
2012-10-22,UUP,stock,21.8,21.83,21.77,21.81,766000
2012-10-19,UUP,stock,21.76,21.83,21.76,21.81,1017000
2012-10-18,UUP,stock,21.68,21.75,21.665,21.73,1423400
2012-10-17,UUP,stock,21.65,21.67,21.62,21.64,1749200
2012-10-16,UUP,stock,21.75,21.785,21.72,21.75,806000
2012-10-15,UUP,stock,21.83,21.875,21.83,21.84,576500
2012-10-12,UUP,stock,21.8,21.848,21.795,21.83,623000
2012-10-11,UUP,stock,21.85,21.87,21.84,21.86,733500
2012-10-10,UUP,stock,21.91,21.94,21.88,21.9,966300
2012-10-09,UUP,stock,21.88,21.96,21.861,21.95,1672100
2012-10-08,UUP,stock,21.82,21.829,21.79,21.81,508400
2012-10-05,UUP,stock,21.71,21.78,21.68,21.76,1400300
2012-10-04,UUP,stock,21.82,21.83,21.73,21.755,1189300
2012-10-03,UUP,stock,21.9,21.94,21.8899,21.91,861200
2012-10-02,UUP,stock,21.83,21.87,21.78,21.85,888500
2012-10-01,UUP,stock,21.85,21.89,21.82,21.87,3236000
2012-09-28,UUP,stock,21.82,21.93,21.81,21.92,884300
2012-09-27,UUP,stock,21.85,21.915,21.781,21.815,1382600
2012-09-26,UUP,stock,21.89,21.93,21.88,21.88,1436800
2012-09-25,UUP,stock,21.77,21.84,21.74,21.84,756800
2012-09-24,UUP,stock,21.84,21.85,21.79,21.8,1002600
2012-09-21,UUP,stock,21.71,21.76,21.69,21.75,889800
2012-09-20,UUP,stock,21.83,21.85,21.77,21.77,1485100
2012-09-19,UUP,stock,21.73,21.745,21.66,21.67,1007800
2012-09-18,UUP,stock,21.71,21.75,21.68,21.74,1785600
2012-09-17,UUP,stock,21.64,21.69,21.6001,21.67,3049800
2012-09-14,UUP,stock,21.64,21.67,21.57,21.64,5673000
2012-09-13,UUP,stock,21.87,21.91,21.72,21.75,5859700
2012-09-12,UUP,stock,21.87,21.91,21.86,21.89,2335400
2012-09-11,UUP,stock,21.97,21.97,21.9,21.91,2639400
2012-09-10,UUP,stock,22.05,22.08,22.01,22.08,1036600
2012-09-07,UUP,stock,22.07,22.09,22,22.01,6999500
2012-09-06,UUP,stock,22.33,22.36,22.24,22.25,1709300
2012-09-05,UUP,stock,22.29,22.3199,22.27,22.31,928100
2012-09-04,UUP,stock,22.31,22.34,22.29,22.33,661900
2012-08-31,UUP,stock,22.27,22.34,22.23,22.3,2845200
2012-08-30,UUP,stock,22.37,22.45,22.35,22.44,1063900
2012-08-29,UUP,stock,22.37,22.41,22.36,22.39,1194600
2012-08-28,UUP,stock,22.34,22.35,22.315,22.35,813200
2012-08-27,UUP,stock,22.4,22.44,22.3901,22.44,808400
2012-08-24,UUP,stock,22.43,22.43,22.35,22.42,1645400
2012-08-23,UUP,stock,22.37,22.38,22.3,22.35,3212400
2012-08-22,UUP,stock,22.53,22.54,22.37,22.39,1277900
2012-08-21,UUP,stock,22.5,22.51,22.46,22.5,2244500
2012-08-20,UUP,stock,22.71,22.71,22.65,22.65,489900
2012-08-17,UUP,stock,22.65,22.74,22.65,22.68,1324400
2012-08-16,UUP,stock,22.68,22.69,22.62,22.64,662000
2012-08-15,UUP,stock,22.72,22.74,22.7,22.72,548400
2012-08-14,UUP,stock,22.66,22.69,22.64,22.66,1726300
2012-08-13,UUP,stock,22.63,22.67,22.5905,22.65,1348600
2012-08-10,UUP,stock,22.77,22.78,22.655,22.68,691500
2012-08-09,UUP,stock,22.72,22.76,22.6813,22.72,1609400
2012-08-08,UUP,stock,22.67,22.67,22.6099,22.64,1274700
2012-08-07,UUP,stock,22.56,22.61,22.54,22.6,2148900
2012-08-06,UUP,stock,22.63,22.65,22.555,22.6,1869000
2012-08-03,UUP,stock,22.78,22.79,22.62,22.63,1787800
2012-08-02,UUP,stock,22.9,22.96,22.84,22.91,1220200
2012-08-01,UUP,stock,22.71,22.88,22.7005,22.87,1895900
2012-07-31,UUP,stock,22.75,22.77,22.67,22.71,1186700
2012-07-30,UUP,stock,22.81,22.81,22.76,22.77,1311000
2012-07-27,UUP,stock,22.71,22.775,22.63,22.74,2241100
2012-07-26,UUP,stock,22.75,22.79,22.7,22.75,2042200
2012-07-25,UUP,stock,23,23.05,22.97,22.98,1060000
2012-07-24,UUP,stock,23.03,23.14,23.02,23.1,3442300
2012-07-23,UUP,stock,23.09,23.11,22.99,23.01,2129000
2012-07-20,UUP,stock,22.93,22.985,22.92,22.98,2744000
2012-07-19,UUP,stock,22.85,22.87,22.78,22.81,1243200
2012-07-18,UUP,stock,22.9,22.9,22.82,22.82,1012900
2012-07-17,UUP,stock,22.87,22.99,22.84,22.84,3565400
2012-07-16,UUP,stock,22.91,22.95,22.84,22.86,1222600
2012-07-13,UUP,stock,23.03,23.03,22.9099,22.93,3152600
2012-07-12,UUP,stock,23.05,23.07,23.01,23.03,4914600
2012-07-11,UUP,stock,22.93,23.01,22.9,22.98,1362900
2012-07-10,UUP,stock,22.88,22.99,22.88,22.96,1263100
2012-07-09,UUP,stock,22.93,22.95,22.88,22.88,1315600
2012-07-06,UUP,stock,22.88,22.97,22.86,22.95,2134600
2012-07-05,UUP,stock,22.79,22.83,22.78,22.8,1576700
2012-07-03,UUP,stock,22.56,22.57,22.48,22.5,642900
2012-07-02,UUP,stock,22.52,22.5601,22.51,22.52,2582300
2012-06-29,UUP,stock,22.44,22.49,22.42,22.47,3169700
2012-06-28,UUP,stock,22.79,22.83,22.76,22.78,1846800
2012-06-27,UUP,stock,22.74,22.79,22.725,22.75,889700
2012-06-26,UUP,stock,22.73,22.77,22.67,22.68,783600
2012-06-25,UUP,stock,22.74,22.75,22.7,22.72,1872800
2012-06-22,UUP,stock,22.65,22.72,22.63,22.65,1272800
2012-06-21,UUP,stock,22.53,22.71,22.52,22.7,2785300
2012-06-20,UUP,stock,22.42,22.53,22.38,22.46,2013500
2012-06-19,UUP,stock,22.51,22.5229,22.38,22.43,3698500
2012-06-18,UUP,stock,22.59,22.64,22.57,22.6,1576100
2012-06-15,UUP,stock,22.58,22.61,22.49,22.5,2414300
2012-06-14,UUP,stock,22.69,22.69,22.58,22.6,1372000
2012-06-13,UUP,stock,22.73,22.76,22.63,22.69,1996500
2012-06-12,UUP,stock,22.81,22.86,22.75,22.76,1430100
2012-06-11,UUP,stock,22.71,22.84,22.71,22.84,842200
2012-06-08,UUP,stock,22.9,22.91,22.79,22.81,1487700
2012-06-07,UUP,stock,22.65,22.76,22.64,22.74,2318100
2012-06-06,UUP,stock,22.87,22.88,22.71,22.71,3597600
2012-06-05,UUP,stock,22.9,22.94,22.87,22.9,1299600
2012-06-04,UUP,stock,22.84,22.87,22.81,22.82,2541400
2012-06-01,UUP,stock,22.94,22.995,22.86,22.92,4633900
2012-05-31,UUP,stock,22.93,23.02,22.92,22.99,3406600
2012-05-30,UUP,stock,22.89,22.98,22.88,22.98,2566700
2012-05-29,UUP,stock,22.75,22.86,22.72,22.8,5488000
2012-05-25,UUP,stock,22.8,22.82,22.75,22.82,2210700
2012-05-24,UUP,stock,22.71,22.8,22.68,22.79,2006300
2012-05-23,UUP,stock,22.62,22.76,22.61,22.7,2700000
2012-05-22,UUP,stock,22.5,22.65,22.47,22.62,5485400
2012-05-21,UUP,stock,22.52,22.538,22.39,22.39,2053200
2012-05-18,UUP,stock,22.52,22.56,22.44,22.46,2897900
2012-05-17,UUP,stock,22.58,22.61,22.5009,22.55,3531300
2012-05-16,UUP,stock,22.52,22.58,22.49,22.57,2850000
2012-05-15,UUP,stock,22.41,22.52,22.39,22.52,8029300
2012-05-14,UUP,stock,22.34,22.36,22.3,22.335,3494800
2012-05-11,UUP,stock,22.23,22.24,22.18,22.24,992100
2012-05-10,UUP,stock,22.16,22.21,22.14,22.2,1127300
2012-05-09,UUP,stock,22.19,22.24,22.15,22.18,3137000
2012-05-08,UUP,stock,22.1,22.15,22.0643,22.09,2177900
2012-05-07,UUP,stock,22.05,22.07,22.0257,22.04,716400
2012-05-04,UUP,stock,21.92,22.02,21.8901,22.01,1369300
2012-05-03,UUP,stock,21.91,21.94,21.9,21.92,714000
2012-05-02,UUP,stock,21.94,21.96,21.9,21.9,1063900
2012-05-01,UUP,stock,21.78,21.868,21.76,21.83,819300
2012-04-30,UUP,stock,21.82,21.8399,21.8,21.81,700100
2012-04-27,UUP,stock,21.81,21.82,21.77,21.82,2506100
2012-04-26,UUP,stock,21.87,21.89,21.83,21.86,1235600
2012-04-25,UUP,stock,21.9,21.97,21.875,21.89,1123800
2012-04-24,UUP,stock,21.95,21.96,21.91,21.94,584200
2012-04-23,UUP,stock,22.01,22.0619,21.98,22,1088200
2012-04-20,UUP,stock,21.97,21.98,21.92,21.93,2116600
2012-04-19,UUP,stock,22.09,22.09,22.02,22.05,1457400
2012-04-18,UUP,stock,22.12,22.12,22.0301,22.06,1434800
2012-04-17,UUP,stock,22.04,22.0781,22.0132,22.06,944400
2012-04-16,UUP,stock,22.18,22.2,22.0401,22.07,1837600
2012-04-13,UUP,stock,22.07,22.16,22.07,22.16,1916100
2012-04-12,UUP,stock,22.05,22.055,21.965,21.98,2004300
2012-04-11,UUP,stock,22.075,22.14,22.06,22.13,1157500
2012-04-10,UUP,stock,22.14,22.2,22.12,22.16,1990300
2012-04-09,UUP,stock,22.2,22.2,22.09,22.125,1963400
2012-04-05,UUP,stock,22.23,22.23,22.1825,22.2,1669100
2012-04-04,UUP,stock,22.14,22.15,22.11,22.13,2792300
2012-04-03,UUP,stock,21.875,22.045,21.85,22.02,3016100
2012-04-02,UUP,stock,21.93,21.94,21.85,21.855,1642900
2012-03-30,UUP,stock,21.87,21.9275,21.86,21.91,1650300
2012-03-29,UUP,stock,21.98,22.0099,21.94,21.94,1441900
2012-03-28,UUP,stock,21.94,22.01,21.94,21.95,1145000
2012-03-27,UUP,stock,21.92,21.96,21.92,21.96,1676200
2012-03-26,UUP,stock,21.95,21.97,21.88,21.8843,8065200
2012-03-23,UUP,stock,22.07,22.08,21.99,22.02,1801000
2012-03-22,UUP,stock,22.19,22.2,22.11,22.135,1273700
2012-03-21,UUP,stock,22.11,22.1685,22.0739,22.11,2641700
2012-03-20,UUP,stock,22.14,22.16,22.07,22.1,3295300
2012-03-19,UUP,stock,22.18,22.19,22.04,22.06,6392200
2012-03-16,UUP,stock,22.43,22.43,22.16,22.18,9272200
2012-03-15,UUP,stock,22.37,22.47,22.25,22.33,2866700
2012-03-14,UUP,stock,22.32,22.4299,22.32,22.42,4204500
2012-03-13,UUP,stock,22.33,22.34,22.24,22.3,8949200
2012-03-12,UUP,stock,22.25,22.29,22.22,22.23,1342200
2012-03-09,UUP,stock,22.23,22.29,22.215,22.26,3080600
2012-03-08,UUP,stock,22.11,22.11,22.01,22.05,2426000
2012-03-07,UUP,stock,22.24,22.26,22.18,22.2,2678500
2012-03-06,UUP,stock,22.23,22.24,22.2,22.23,4045400
2012-03-05,UUP,stock,22.09,22.12,22.07,22.09,3121200
2012-03-02,UUP,stock,22.09,22.135,22.08,22.11,3417700
2012-03-01,UUP,stock,21.97,21.97,21.91,21.96,2609300
2012-02-29,UUP,stock,21.77,21.98,21.74,21.96,4824700
2012-02-28,UUP,stock,21.83,21.89,21.78,21.78,3676300
2012-02-27,UUP,stock,21.9,21.91,21.84,21.88,7572600
2012-02-24,UUP,stock,21.86,21.87,21.79,21.81,8854600
2012-02-23,UUP,stock,22.01,22.05,21.9,21.9,4149900
2012-02-22,UUP,stock,22.09,22.12,22.06,22.07,2492500
2012-02-21,UUP,stock,22.03,22.06,21.99,22.04,3000400
2012-02-17,UUP,stock,22.07,22.14,22.07,22.13,2386100
2012-02-16,UUP,stock,22.285,22.3,22.09,22.13,8186200
2012-02-15,UUP,stock,22.15,22.2373,22.14,22.21,2198000
2012-02-14,UUP,stock,22.09,22.21,22.06,22.14,4218500
2012-02-13,UUP,stock,21.97,22.03,21.96,22.03,1274500
2012-02-10,UUP,stock,22.055,22.08,22.03,22.06,5713900
2012-02-09,UUP,stock,21.87,21.92,21.84,21.92,2764100
2012-02-08,UUP,stock,21.91,21.96,21.87,21.91,4589800
2012-02-07,UUP,stock,21.98,22.01,21.88,21.89,5194100
2012-02-06,UUP,stock,22.15,22.15,22.03,22.04,2234400
2012-02-03,UUP,stock,22.11,22.12,22,22.03,6590300
2012-02-02,UUP,stock,22.03,22.0488,21.97,22.03,1509400
2012-02-01,UUP,stock,22,22.02,21.93,22.02,3585600
2012-01-31,UUP,stock,22.01,22.18,22.01,22.12,4211700
2012-01-30,UUP,stock,22.14,22.15,22.06,22.07,2236500
2012-01-27,UUP,stock,22.13,22.135,21.97,21.99,7104000
2012-01-26,UUP,stock,22.08,22.17,22.06,22.15,4780200
2012-01-25,UUP,stock,22.36,22.41,22.15,22.17,9775700
2012-01-24,UUP,stock,22.355,22.38,22.27,22.27,2846000
2012-01-23,UUP,stock,22.26,22.28,22.21,22.24,5025900
2012-01-20,UUP,stock,22.42,22.43,22.36,22.37,2612900
2012-01-19,UUP,stock,22.42,22.46,22.35,22.35,8162200
2012-01-18,UUP,stock,22.55,22.57,22.47,22.47,3362100
2012-01-17,UUP,stock,22.68,22.69,22.62,22.67,4433600
2012-01-13,UUP,stock,22.74,22.85,22.7305,22.75,5596100
2012-01-12,UUP,stock,22.61,22.63,22.55,22.57,5006700
2012-01-11,UUP,stock,22.71,22.78,22.71,22.72,3701100
2012-01-10,UUP,stock,22.6,22.63,22.58,22.62,1946300
2012-01-09,UUP,stock,22.67,22.72,22.63,22.64,5967100
2012-01-06,UUP,stock,22.68,22.7689,22.68,22.72,5033300
2012-01-05,UUP,stock,22.59,22.65,22.59,22.64,6060500
2012-01-04,UUP,stock,22.4,22.47,22.37,22.4,3994200
2012-01-03,UUP,stock,22.32,22.33,22.24,22.275,11581900
2011-12-30,UUP,stock,22.4701,22.48,22.39,22.47,2222200
2011-12-29,UUP,stock,22.57,22.6,22.5,22.51,5397900
2011-12-28,UUP,stock,22.41,22.58,22.4,22.55,6855200
2011-12-27,UUP,stock,22.35,22.36,22.31,22.34,1978500
2011-12-23,UUP,stock,22.38,22.4,22.36,22.385,877000
2011-12-22,UUP,stock,22.42,22.43,22.35,22.38,1088500
2011-12-21,UUP,stock,22.38,22.42,22.33,22.38,2205100
2011-12-20,UUP,stock,22.33,22.3881,22.31,22.38,2974800
2011-12-19,UUP,stock,22.52,22.57,22.49,22.57,3798600
2011-12-16,UUP,stock,22.53,22.58,22.46,22.49,2741300
2011-12-15,UUP,stock,22.54,22.62,22.45,22.56,5480700
2011-12-14,UUP,stock,22.65,22.7,22.6,22.62,4584500
2011-12-13,UUP,stock,22.37,22.61,22.31,22.57,7047600
2011-12-12,UUP,stock,22.29,22.39,22.28,22.35,4463600
2011-12-09,UUP,stock,22.18,22.19,22.1,22.12,3152100
2011-12-08,UUP,stock,22.14,22.23,22.13,22.19,4189400
2011-12-07,UUP,stock,22.13,22.15,22.03,22.07,1642300
2011-12-06,UUP,stock,22.15,22.15,22.07,22.1,2880900
2011-12-05,UUP,stock,22.03,22.15,22,22.12,3726200
2011-12-02,UUP,stock,22,22.18,21.99,22.12,3208300
2011-12-01,UUP,stock,22.02,22.06,21.97,22.05,2867100
2011-11-30,UUP,stock,21.99,22.09,21.98,22.06,5716900
2011-11-29,UUP,stock,22.28,22.29,22.19,22.25,3047200
2011-11-28,UUP,stock,22.22,22.34,22.2,22.33,3536000
2011-11-25,UUP,stock,22.39,22.44,22.33,22.42,6343400
2011-11-23,UUP,stock,22.2,22.32,22.19,22.29,7065900
2011-11-22,UUP,stock,22.05,22.09,22.01,22.04,5219800
2011-11-21,UUP,stock,22.08,22.13,22.01,22.05,4543400
2011-11-18,UUP,stock,21.93,22.03,21.92,22.01,7932000
2011-11-17,UUP,stock,21.99,22.09,21.97,22.07,6614900
2011-11-16,UUP,stock,22.04,22.06,21.95,22.04,5031400
2011-11-15,UUP,stock,21.95,22.03,21.91,21.97,3720400
2011-11-14,UUP,stock,21.81,21.89,21.81,21.84,3536100
2011-11-11,UUP,stock,21.79,21.8,21.64,21.69,3606000
2011-11-10,UUP,stock,21.88,21.98,21.86,21.91,4264600
2011-11-09,UUP,stock,21.89,22.01,21.89,21.97,5592000
2011-11-08,UUP,stock,21.65,21.6988,21.58,21.59,3504900
2011-11-07,UUP,stock,21.72,21.77,21.66,21.69,2438700
2011-11-04,UUP,stock,21.72,21.8,21.68,21.71,2576300
2011-11-03,UUP,stock,21.71,21.83,21.59,21.65,3488100
2011-11-02,UUP,stock,21.65,21.79,21.625,21.75,3508400
2011-11-01,UUP,stock,21.86,21.88,21.71,21.8,9132500
2011-10-31,UUP,stock,21.41,21.59,21.39,21.57,9507400
2011-10-28,UUP,stock,21.19,21.2,21.13,21.16,4652600
2011-10-27,UUP,stock,21.2,21.2489,21.07,21.15,13005800
2011-10-26,UUP,stock,21.43,21.635,21.42,21.505,5256100
2011-10-25,UUP,stock,21.49,21.57,21.46,21.51,7586100
2011-10-24,UUP,stock,21.6,21.61,21.45,21.49,8551800
2011-10-21,UUP,stock,21.555,21.6299,21.53,21.54,12673800
2011-10-20,UUP,stock,21.77,21.9,21.72,21.74,6883400
2011-10-19,UUP,stock,21.67,21.81,21.66,21.78,4863000
2011-10-18,UUP,stock,21.84,21.91,21.68,21.76,10824400
2011-10-17,UUP,stock,21.74,21.81,21.72,21.79,5592000
2011-10-14,UUP,stock,21.66,21.71,21.62,21.65,6447000
2011-10-13,UUP,stock,21.81,21.88,21.73,21.75,4061100
2011-10-12,UUP,stock,21.8,21.82,21.71,21.76,7011400
2011-10-11,UUP,stock,22,22.03,21.89,21.9,3785000
2011-10-10,UUP,stock,21.975,21.98,21.86,21.92,6098700
2011-10-07,UUP,stock,22.15,22.3088,22.08,22.27,5596700
2011-10-06,UUP,stock,22.42,22.44,22.21,22.21,6071100
2011-10-05,UUP,stock,22.395,22.47,22.31,22.35,8043400
2011-10-04,UUP,stock,22.55,22.62,22.41,22.42,9702200
2011-10-03,UUP,stock,22.39,22.53,22.3211,22.51,12602800
2011-09-30,UUP,stock,22.27,22.32,22.2,22.305,6549200
2011-09-29,UUP,stock,22.03,22.15,21.97,22.08,4365800
2011-09-28,UUP,stock,22.015,22.14,21.96,22.13,9008500
2011-09-27,UUP,stock,22,22.06,21.94,22.05,7307900
2011-09-26,UUP,stock,22.23,22.315,22.17,22.18,8770100
2011-09-23,UUP,stock,22.2199,22.31,22.13,22.2,8853000
2011-09-22,UUP,stock,22.26,22.32,22.18,22.26,12225600
2011-09-21,UUP,stock,21.89,22.05,21.75,22.03,7469800
2011-09-20,UUP,stock,21.87,21.9,21.8,21.86,4153600
2011-09-19,UUP,stock,21.94,22.01,21.82,21.86,8314200
2011-09-16,UUP,stock,21.7398,21.79,21.69,21.74,3597900
2011-09-15,UUP,stock,21.63,21.74,21.56,21.66,9403600
2011-09-14,UUP,stock,21.83,21.94,21.76,21.79,7503000
2011-09-13,UUP,stock,21.89,21.91,21.8,21.85,12661100
2011-09-12,UUP,stock,21.95,22.05,21.87,21.92,12886300
2011-09-09,UUP,stock,21.82,21.94,21.81,21.91,10893700
2011-09-08,UUP,stock,21.53,21.67,21.48,21.65,5632300
2011-09-07,UUP,stock,21.51,21.53,21.42,21.43,6186300
2011-09-06,UUP,stock,21.5,21.59,21.44,21.55,6146600
2011-09-02,UUP,stock,21.195,21.24,21.17,21.22,2804300
2011-09-01,UUP,stock,21.15,21.23,21.11,21.16,2502000
2011-08-31,UUP,stock,20.98,21.07,20.98,21.07,1337400
2011-08-30,UUP,stock,21.03,21.068,20.98,21.005,1742300
2011-08-29,UUP,stock,20.91,20.97,20.9,20.93,1383900
2011-08-26,UUP,stock,21.0301,21.16,20.94,20.96,3423400
2011-08-25,UUP,stock,21.01,21.15,20.98,21.08,1799400
2011-08-24,UUP,stock,20.97,21.05,20.925,21.02,1760500
2011-08-23,UUP,stock,20.98,21.03,20.96,20.98,5855900
2011-08-22,UUP,stock,20.98,21.07,20.98,21.07,1686100
2011-08-19,UUP,stock,20.99,21.04,20.92,21.03,2535600
2011-08-18,UUP,stock,21.07,21.155,21.06,21.08,3394600
2011-08-17,UUP,stock,20.91,20.98,20.87,20.96,1707600
2011-08-16,UUP,stock,21.04,21.06,20.97,21.01,2022000
2011-08-15,UUP,stock,21.05,21.06,20.97,21,6366500
2011-08-12,UUP,stock,21.1699,21.24,21.15,21.22,2129000
2011-08-11,UUP,stock,21.26,21.3,21.16,21.22,2866800
2011-08-10,UUP,stock,21.15,21.27,21.15,21.25,4908100
2011-08-09,UUP,stock,21.17,21.26,21.03,21.07,5483500
2011-08-08,UUP,stock,21.32,21.35,21.2,21.25,8774900
2011-08-05,UUP,stock,21.29,21.35,21.2,21.22,6898500
2011-08-04,UUP,stock,21.32,21.41,21.3,21.4,11101100
2011-08-03,UUP,stock,21.07,21.12,21.04,21.07,3012500
2011-08-02,UUP,stock,21.19,21.2137,21.11,21.17,3316800
2011-08-01,UUP,stock,21.005,21.22,21,21.14,6863400
2011-07-29,UUP,stock,21.04,21.0786,20.98,21.03,2555000
2011-07-28,UUP,stock,21.17,21.18,21.11,21.13,1660100
2011-07-27,UUP,stock,20.97,21.1289,20.97,21.09,5544200
2011-07-26,UUP,stock,20.99,21,20.91,20.93,5351600
2011-07-25,UUP,stock,21.11,21.15,21.07,21.11,2808400
2011-07-22,UUP,stock,21.13,21.1811,21.12,21.13,3334100
2011-07-21,UUP,stock,21.19,21.23,21.08,21.13,9599900
2011-07-20,UUP,stock,21.3501,21.39,21.3,21.33,2817200
2011-07-19,UUP,stock,21.42,21.47,21.35,21.43,4166300
2011-07-18,UUP,stock,21.52,21.61,21.47,21.48,4890800
2011-07-15,UUP,stock,21.46,21.505,21.38,21.43,2203700
2011-07-14,UUP,stock,21.36,21.48,21.34,21.47,6399300
2011-07-13,UUP,stock,21.58,21.62,21.4,21.47,6012700
2011-07-12,UUP,stock,21.74,21.74,21.6,21.7,4557900
2011-07-11,UUP,stock,21.66,21.74,21.625,21.71,5459300
2011-07-08,UUP,stock,21.37,21.48,21.34,21.42,3677400
2011-07-07,UUP,stock,21.44,21.45,21.34,21.37,3831100
2011-07-06,UUP,stock,21.38,21.46,21.37,21.41,3624100
2011-07-05,UUP,stock,21.23,21.31,21.21,21.28,2326900
2011-07-01,UUP,stock,21.26,21.32,21.19,21.2,3130300
2011-06-30,UUP,stock,21.26,21.29,21.19,21.22,4203500
2011-06-29,UUP,stock,21.39,21.44,21.3,21.32,4950700
2011-06-28,UUP,stock,21.48,21.5,21.38,21.45,3647800
2011-06-27,UUP,stock,21.67,21.68,21.51,21.53,3540600
2011-06-24,UUP,stock,21.57,21.67,21.55,21.63,5286200
2011-06-23,UUP,stock,21.6,21.66,21.5,21.5,5851300
2011-06-22,UUP,stock,21.34,21.4,21.27,21.39,3971300
2011-06-21,UUP,stock,21.38,21.38,21.29,21.31,4552700
2011-06-20,UUP,stock,21.4599,21.47,21.41,21.45,3632900
2011-06-17,UUP,stock,21.48,21.5,21.41,21.45,5367200
2011-06-16,UUP,stock,21.66,21.67,21.57,21.59,5024600
2011-06-15,UUP,stock,21.45,21.63,21.42,21.602,8706300
2011-06-14,UUP,stock,21.27,21.28,21.2,21.26,3011000
2011-06-13,UUP,stock,21.35,21.37,21.27,21.29,4014500
2011-06-10,UUP,stock,21.27,21.43,21.26,21.4,5967100
2011-06-09,UUP,stock,21.24,21.24,21.16,21.2,5576000
2011-06-08,UUP,stock,21.09,21.15,21.06,21.13,5609600
2011-06-07,UUP,stock,21.05,21.0624,21.01,21.03,6575000
2011-06-06,UUP,stock,21.1,21.17,21.09,21.15,4869000
2011-06-03,UUP,stock,21.21,21.22,21.07,21.09,6503400
2011-06-02,UUP,stock,21.28,21.35,21.22,21.25,5355900
2011-06-01,UUP,stock,21.28,21.41,21.24,21.39,6895300
2011-05-31,UUP,stock,21.31,21.36,21.31,21.339,4834000
2011-05-27,UUP,stock,21.49,21.51,21.4,21.44,4988700
2011-05-26,UUP,stock,21.59,21.7,21.54,21.62,2937400
2011-05-25,UUP,stock,21.78,21.79,21.66,21.71,3335600
2011-05-24,UUP,stock,21.75,21.76,21.7,21.73,2746300
2011-05-23,UUP,stock,21.845,21.86,21.76,21.79,9300000
2011-05-20,UUP,stock,21.57,21.69,21.56,21.65,6635900
2011-05-19,UUP,stock,21.6,21.61,21.49,21.5,7557200
2011-05-18,UUP,stock,21.61,21.64,21.54,21.59,3862600
2011-05-17,UUP,stock,21.69,21.71,21.58,21.6,5683500
2011-05-16,UUP,stock,21.64,21.65,21.55,21.62,3876600
2011-05-13,UUP,stock,21.52,21.76,21.51,21.69,8998100
2011-05-12,UUP,stock,21.58,21.64,21.49,21.54,5359000
2011-05-11,UUP,stock,21.44,21.62,21.43,21.58,10728600
2011-05-10,UUP,stock,21.42,21.45,21.35,21.38,4739100
2011-05-09,UUP,stock,21.48,21.55,21.38,21.4,7344500
2011-05-06,UUP,stock,21.25,21.49,21.23,21.43,11396500
2011-05-05,UUP,stock,21.07,21.28,21.06,21.27,18200000
2011-05-04,UUP,stock,20.88,20.97,20.84,20.96,11583200
2011-05-03,UUP,stock,20.97,20.98,20.88,20.965,7702800
2011-05-02,UUP,stock,20.93,20.97,20.86,20.97,8945400
2011-04-29,UUP,stock,20.945,20.97,20.89,20.95,1900000
2011-04-28,UUP,stock,20.99,21.03,20.92,20.96,9306000
2011-04-27,UUP,stock,21.15,21.22,21,21.02,7640400
2011-04-26,UUP,stock,21.2,21.21,21.15,21.16,3700000
2011-04-25,UUP,stock,21.19,21.275,21.18,21.21,4248900
2011-04-21,UUP,stock,21.22,21.26,21.18,21.235,2779400
2011-04-20,UUP,stock,21.32,21.3529,21.29,21.32,2558000
2011-04-19,UUP,stock,21.57,21.57,21.5,21.53,1742200
2011-04-18,UUP,stock,21.56,21.74,21.5301,21.66,5069700
2011-04-15,UUP,stock,21.48,21.5101,21.43,21.46,2900300
2011-04-14,UUP,stock,21.49,21.5,21.4,21.42,2267700
2011-04-13,UUP,stock,21.47,21.55,21.435,21.5,2176300
2011-04-12,UUP,stock,21.44,21.52,21.43,21.48,3409300
2011-04-11,UUP,stock,21.51,21.54,21.48,21.53,2502200
2011-04-08,UUP,stock,21.54,21.55,21.49,21.5,3407700
2011-04-07,UUP,stock,21.72,21.73,21.66,21.67,1802900
2011-04-06,UUP,stock,21.71,21.73,21.64,21.66,2367400
2011-04-05,UUP,stock,21.83,21.85,21.73,21.78,1381500
2011-04-04,UUP,stock,21.75,21.8,21.73,21.77,979400
2011-04-01,UUP,stock,21.9,21.98,21.74,21.77,3038600
2011-03-31,UUP,stock,21.78,21.79,21.74,21.79,2074400
2011-03-30,UUP,stock,21.89,21.92,21.8,21.83,1260200
2011-03-29,UUP,stock,21.93,21.93,21.85,21.85,1219500
2011-03-28,UUP,stock,21.88,21.88,21.82,21.86,1343100
2011-03-25,UUP,stock,21.76,21.9,21.74,21.875,3976000
2011-03-24,UUP,stock,21.77,21.78,21.655,21.73,2896700
2011-03-23,UUP,stock,21.76,21.78,21.7,21.78,2353700
2011-03-22,UUP,stock,21.65,21.68,21.63,21.655,1974700
2011-03-21,UUP,stock,21.67,21.74,21.62,21.65,3842200
2011-03-18,UUP,stock,21.75,21.78,21.69,21.72,3530900
2011-03-17,UUP,stock,21.815,21.86,21.79,21.82,5179000
2011-03-16,UUP,stock,22,22.06,21.9601,22.01,2927000
2011-03-15,UUP,stock,22.06,22.08,21.91,21.94,3599800
2011-03-14,UUP,stock,21.98,21.99,21.91,21.92,3112000
2011-03-11,UUP,stock,22.18,22.18,22.02,22.03,2370300
2011-03-10,UUP,stock,22.15,22.21,22.14,22.19,4492900
2011-03-09,UUP,stock,22.03,22.05,21.99,22.02,2462400
2011-03-08,UUP,stock,22.09,22.1,22.03,22.0575,2595800
2011-03-07,UUP,stock,21.9,21.98,21.9,21.96,2298700
2011-03-04,UUP,stock,21.94,21.97,21.9,21.935,3214200
2011-03-03,UUP,stock,21.97,22.008,21.95,21.97,3457700
2011-03-02,UUP,stock,22.03,22.04,21.97,22,3669400
2011-03-01,UUP,stock,22.06,22.1569,22.0422,22.12,3844200
2011-02-28,UUP,stock,22.06,22.12,22.05,22.09,2951400
2011-02-25,UUP,stock,22.2,22.24,22.18,22.185,1279500
2011-02-24,UUP,stock,22.14,22.19,22.11,22.15,2977300
2011-02-23,UUP,stock,22.27,22.28,22.19,22.23,2497600
2011-02-22,UUP,stock,22.33,22.38,22.29,22.3575,2004600
2011-02-18,UUP,stock,22.38,22.4,22.27,22.3025,1785600
2011-02-17,UUP,stock,22.44,22.45,22.39,22.41,1578600
2011-02-16,UUP,stock,22.61,22.63,22.45,22.47,1528500
2011-02-15,UUP,stock,22.55,22.6,22.53,22.6,2435000
2011-02-14,UUP,stock,22.62,22.63,22.561,22.58,1822700
2011-02-11,UUP,stock,22.59,22.61,22.51,22.5475,2861300
2011-02-10,UUP,stock,22.47,22.5196,22.43,22.49,3205800
2011-02-09,UUP,stock,22.36,22.39,22.27,22.31,2407800
2011-02-08,UUP,stock,22.38,22.43,22.31,22.405,1894500
2011-02-07,UUP,stock,22.5,22.52,22.41,22.4325,1629800
2011-02-04,UUP,stock,22.43,22.49,22.4,22.4325,1840800
2011-02-03,UUP,stock,22.33,22.39,22.3101,22.355,1928300
2011-02-02,UUP,stock,22.18,22.23,22.14,22.1775,2462600
2011-02-01,UUP,stock,22.25,22.3,22.13,22.14,4269700
2011-01-31,UUP,stock,22.36,22.4,22.3,22.36,4983400
2011-01-28,UUP,stock,22.39,22.52,22.36,22.49,3585000
2011-01-27,UUP,stock,22.33,22.42,22.32,22.35,1964100
2011-01-26,UUP,stock,22.41,22.46,22.37,22.385,4090200
2011-01-25,UUP,stock,22.53,22.55,22.39,22.425,2205900
2011-01-24,UUP,stock,22.53,22.53,22.38,22.44,2429600
2011-01-21,UUP,stock,22.55,22.58,22.47,22.49,3009600
2011-01-20,UUP,stock,22.69,22.78,22.645,22.68,2165000
2011-01-19,UUP,stock,22.57,22.64,22.56,22.61,3512300
2011-01-18,UUP,stock,22.7,22.7799,22.61,22.7475,3015100
2011-01-14,UUP,stock,22.8,22.84,22.73,22.77,5341100
2011-01-13,UUP,stock,22.83,22.86,22.74,22.8,4646000
2011-01-12,UUP,stock,23.18,23.21,23.02,23.0375,4674100
2011-01-11,UUP,stock,23.3,23.38,23.26,23.265,2853500
2011-01-10,UUP,stock,23.37,23.4,23.28,23.2825,2047400
2011-01-07,UUP,stock,23.3,23.37,23.25,23.3625,4977100
2011-01-06,UUP,stock,23.13,23.31,23.1202,23.2875,4132800
2011-01-05,UUP,stock,23.13,23.15,23.06,23.11,4296600
2011-01-04,UUP,stock,22.76,22.91,22.76,22.88,2474300
2011-01-03,UUP,stock,22.82,22.8695,22.76,22.8225,1876500
2010-12-31,UUP,stock,22.8,22.8,22.7,22.71,3413900
2010-12-30,UUP,stock,22.92,22.98,22.89,22.92,2199700
2010-12-29,UUP,stock,23.12,23.13,22.97,23,1802300
2010-12-28,UUP,stock,23.05,23.19,23.05,23.16,1783900
2010-12-27,UUP,stock,23.15,23.19,23.14,23.15,1378400
2010-12-23,UUP,stock,23.3,23.3,23.18,23.2,4953900
2010-12-22,UUP,stock,23.26,23.3,23.25,23.27,1805600
2010-12-21,UUP,stock,23.2,23.315,23.1801,23.29,2988600
2010-12-20,UUP,stock,23.2,23.29,23.18,23.24,5458800
2010-12-17,UUP,stock,23.13,23.26,23.1173,23.19,6085700
2010-12-16,UUP,stock,23.11,23.1974,23.09,23.09,4830300
2010-12-15,UUP,stock,22.97,23.16,22.94,23.15,5926900
2010-12-14,UUP,stock,22.88,22.94,22.8,22.91,3055900
2010-12-13,UUP,stock,22.99,23.02,22.81,22.87,8888500
2010-12-10,UUP,stock,23.13,23.18,23.09,23.12,2232000
2010-12-09,UUP,stock,23.11,23.22,23.08,23.12,3275700
2010-12-08,UUP,stock,23.14,23.19,23.07,23.1,3977900
2010-12-07,UUP,stock,22.89,23.1,22.88,23.09,3274200
2010-12-06,UUP,stock,23.06,23.075,22.96,22.99,3287700
2010-12-03,UUP,stock,22.96,23,22.86,22.88,10896200
2010-12-02,UUP,stock,23.33,23.34,23.13,23.16,5658500
2010-12-01,UUP,stock,23.37,23.43,23.25,23.3,5591900
2010-11-30,UUP,stock,23.51,23.52,23.4,23.5,6908700
2010-11-29,UUP,stock,23.39,23.45,23.34,23.35,7682700
2010-11-26,UUP,stock,23.21,23.26,23.19,23.21,6484300
2010-11-24,UUP,stock,23,23.09,22.95,23.07,3561400
2010-11-23,UUP,stock,22.9,23.06,22.89,23.04,7245400
2010-11-22,UUP,stock,22.72,22.82,22.7,22.735,2035600
2010-11-19,UUP,stock,22.7,22.76,22.67,22.67,2623400
2010-11-18,UUP,stock,22.74,22.81,22.71,22.74,3587900
2010-11-17,UUP,stock,22.88,22.9,22.81,22.9,4547000
2010-11-16,UUP,stock,22.77,22.99,22.7411,22.92,6354000
2010-11-15,UUP,stock,22.65,22.79,22.64,22.79,4708100
2010-11-12,UUP,stock,22.55,22.66,22.49,22.61,5481200
2010-11-11,UUP,stock,22.55,22.67,22.55,22.64,5170700
2010-11-10,UUP,stock,22.52,22.64,22.45,22.48,6243300
2010-11-09,UUP,stock,22.24,22.55,22.23,22.5,5428700
2010-11-08,UUP,stock,22.29,22.34,22.27,22.305,4274100
2010-11-05,UUP,stock,22.11,22.19,22.07,22.18,5827400
2010-11-04,UUP,stock,21.9501,22.01,21.91,21.97,14712400
2010-11-03,UUP,stock,22.26,22.32,22,22.14,11546800
2010-11-02,UUP,stock,22.25,22.27,22.21,22.245,4533900
2010-11-01,UUP,stock,22.33,22.44,22.31,22.41,3610600
2010-10-29,UUP,stock,22.42,22.44,22.36,22.37,4144900
2010-10-28,UUP,stock,22.44,22.48,22.37,22.41,5232300
2010-10-27,UUP,stock,22.57,22.7,22.56,22.65,15417300
2010-10-26,UUP,stock,22.49,22.56,22.46,22.52,5790100
2010-10-25,UUP,stock,22.3,22.39,22.28,22.37,5641400
2010-10-22,UUP,stock,22.44,22.5,22.41,22.47,4695700
2010-10-21,UUP,stock,22.37,22.5,22.3,22.47,9596700
2010-10-20,UUP,stock,22.56,22.57,22.35,22.39,8742200
2010-10-19,UUP,stock,22.615,22.72,22.57,22.7,10822800
2010-10-18,UUP,stock,22.38,22.41,22.3,22.32,3236300
2010-10-15,UUP,stock,22.18,22.38,22.17,22.34,8807200
2010-10-14,UUP,stock,22.25,22.27,22.19,22.21,4090500
2010-10-13,UUP,stock,22.39,22.4201,22.33,22.36,3574300
2010-10-12,UUP,stock,22.51,22.57,22.4,22.42,3458200
2010-10-11,UUP,stock,22.4,22.5,22.4,22.49,2644000
2010-10-08,UUP,stock,22.43,22.46,22.38,22.4,2977200
2010-10-07,UUP,stock,22.37,22.55,22.36,22.48,5534100
2010-10-06,UUP,stock,22.53,22.54,22.42,22.45,3956700
2010-10-05,UUP,stock,22.6,22.63,22.52,22.56,3393500
2010-10-04,UUP,stock,22.73,22.76,22.7,22.75,2082800
2010-10-01,UUP,stock,22.7,22.73,22.64,22.65,2995700
2010-09-30,UUP,stock,22.78,22.91,22.7668,22.84,3536400
2010-09-29,UUP,stock,22.85,22.88,22.8,22.84,2850000
2010-09-28,UUP,stock,23.01,23.07,22.85,22.88,5065400
2010-09-27,UUP,stock,22.98,23.04,22.97,23,5305500
2010-09-24,UUP,stock,23.03,23.04,22.97,22.97,3329500
2010-09-23,UUP,stock,23.16,23.23,23.14,23.21,2624000
2010-09-22,UUP,stock,23.1,23.19,23.06,23.14,4480900
2010-09-21,UUP,stock,23.46,23.51,23.24,23.31,4914100
2010-09-20,UUP,stock,23.59,23.59,23.51,23.57,1923300
2010-09-17,UUP,stock,23.54,23.62,23.52,23.6,1661900
2010-09-16,UUP,stock,23.55,23.5981,23.5,23.54,4234800
2010-09-15,UUP,stock,23.63,23.6707,23.5601,23.62,1103300
2010-09-14,UUP,stock,23.73,23.7381,23.48,23.52,2215500
2010-09-13,UUP,stock,23.81,23.82,23.7,23.72,1699300
2010-09-10,UUP,stock,23.99,24.02,23.95,23.98,616300
2010-09-09,UUP,stock,23.91,24,23.9,23.96,1564100
2010-09-08,UUP,stock,24,24,23.9,23.96,1817900
2010-09-07,UUP,stock,23.94,24.049,23.92,24.04,1444600
2010-09-03,UUP,stock,23.89,23.89,23.79,23.79,2943600
2010-09-02,UUP,stock,23.92,23.965,23.9,23.91,1842500
2010-09-01,UUP,stock,23.9,23.95,23.88,23.93,3436700
2010-08-31,UUP,stock,24.08,24.15,24.05,24.12,1783400
2010-08-30,UUP,stock,24.07,24.15,24.05,24.14,1738200
2010-08-27,UUP,stock,24.08,24.14,23.99,24.07,4012200
2010-08-26,UUP,stock,24.08,24.0999,23.98,24.03,3139400
2010-08-25,UUP,stock,24.19,24.22,24.12,24.18,2598500
2010-08-24,UUP,stock,24.21,24.22,24.05,24.14,4447000
2010-08-23,UUP,stock,24.12,24.19,24.07,24.18,3078500
2010-08-20,UUP,stock,24.15,24.21,24.12,24.13,4274600
2010-08-19,UUP,stock,23.86,24,23.82,23.96,1582100
2010-08-18,UUP,stock,23.85,23.93,23.84,23.91,1187100
2010-08-17,UUP,stock,23.88,23.96,23.86,23.88,2259000
2010-08-16,UUP,stock,23.98,23.99,23.9,23.96,1788300
2010-08-13,UUP,stock,24.03,24.11,23.98,24.11,2758600
2010-08-12,UUP,stock,23.99,24.03,23.95,24.01,4587500
2010-08-11,UUP,stock,23.79,23.96,23.78,23.93,7122600
2010-08-10,UUP,stock,23.64,23.7,23.45,23.52,3830200
2010-08-09,UUP,stock,23.42,23.4793,23.41,23.47,1497300
2010-08-06,UUP,stock,23.37,23.39,23.28,23.35,2938500
2010-08-05,UUP,stock,23.51,23.56,23.47,23.47,3025400
2010-08-04,UUP,stock,23.45,23.59,23.44,23.55,6548500
2010-08-03,UUP,stock,23.45,23.5,23.41,23.42,2652500
2010-08-02,UUP,stock,23.6,23.61,23.49,23.52,2919300
2010-07-30,UUP,stock,23.8,23.8,23.68,23.74,1285200
2010-07-29,UUP,stock,23.73,23.76,23.69,23.73,2504100
2010-07-28,UUP,stock,23.88,23.9,23.82,23.89,2006900
2010-07-27,UUP,stock,23.87,23.96,23.86,23.9,1691900
2010-07-26,UUP,stock,23.93,23.96,23.84,23.86,2145700
2010-07-23,UUP,stock,24.12,24.15,23.97,23.99,2370600
2010-07-22,UUP,stock,24.09,24.11,23.99,24.03,1705400
2010-07-21,UUP,stock,24.13,24.28,24.13,24.23,2954800
2010-07-20,UUP,stock,24.14,24.14,24.0399,24.07,4164000
2010-07-19,UUP,stock,24.01,24.04,23.97,24.03,1528600
2010-07-16,UUP,stock,23.93,24.03,23.92,24.01,3920400
2010-07-15,UUP,stock,24.07,24.08,23.95,23.97,5089100
2010-07-14,UUP,stock,24.31,24.32,24.19,24.25,2252600
2010-07-13,UUP,stock,24.41,24.41,24.25,24.3,4354600
2010-07-12,UUP,stock,24.53,24.55,24.49,24.51,1727600
2010-07-09,UUP,stock,24.44,24.45,24.4,24.44,1964800
2010-07-08,UUP,stock,24.38,24.44,24.36,24.38,2430200
2010-07-07,UUP,stock,24.48,24.49,24.37,24.41,2385100
2010-07-06,UUP,stock,24.5,24.55,24.39,24.49,5670200
2010-07-02,UUP,stock,24.52,24.606,24.5,24.57,3738500
2010-07-01,UUP,stock,24.8,24.8,24.56,24.6,5147100
2010-06-30,UUP,stock,25.04,25.06,24.95,25.06,1887000
2010-06-29,UUP,stock,25.07,25.13,25.03,25.08,2982500
2010-06-28,UUP,stock,24.88,24.97,24.85,24.96,2390300
2010-06-25,UUP,stock,24.98,25,24.82,24.83,2246300
2010-06-24,UUP,stock,24.97,25,24.87,24.97,1669700
2010-06-23,UUP,stock,25.09,25.16,24.9301,24.97,1969000
2010-06-22,UUP,stock,25.03,25.09,24.98,25.07,2555800
2010-06-21,UUP,stock,24.92,25.06,24.89,25.03,3589200
2010-06-18,UUP,stock,24.95,24.9799,24.92,24.94,2724000
2010-06-17,UUP,stock,24.9401,25.02,24.9,24.95,2443900
2010-06-16,UUP,stock,25.09,25.11,25.02,25.1,2259100
2010-06-15,UUP,stock,25.1,25.15,25.01,25.02,3993800
2010-06-14,UUP,stock,25.1701,25.2399,25.1,25.23,4114000
2010-06-11,UUP,stock,25.48,25.56,25.4122,25.46,2557600
2010-06-10,UUP,stock,25.44,25.47,25.36,25.38,3290400
2010-06-09,UUP,stock,25.58,25.66,25.5,25.65,3190700
2010-06-08,UUP,stock,25.79,25.8199,25.67,25.75,3156000
2010-06-07,UUP,stock,25.8,25.8393,25.74,25.83,2386800
2010-06-04,UUP,stock,25.62,25.78,25.58,25.77,3850400
2010-06-03,UUP,stock,25.33,25.49,25.32,25.47,4739300
2010-06-02,UUP,stock,25.38,25.45,25.31,25.34,3214000
2010-06-01,UUP,stock,25.42,25.4299,25.16,25.35,2820800
2010-05-28,UUP,stock,25.21,25.34,25.18,25.34,2520300
2010-05-27,UUP,stock,25.38,25.4507,25.15,25.2,3287800
2010-05-26,UUP,stock,25.375,25.49,25.3407,25.47,3516700
2010-05-25,UUP,stock,25.48,25.5,25.29,25.3,6295400
2010-05-24,UUP,stock,25.22,25.2778,25.17,25.23,2736000
2010-05-21,UUP,stock,25.05,25.08,24.94,24.98,6179500
2010-05-20,UUP,stock,25.31,25.37,24.96,25.09,9121600
2010-05-19,UUP,stock,25.38,25.41,25.2,25.22,7345400
2010-05-18,UUP,stock,25.12,25.54,25.11,25.46,6966500
2010-05-17,UUP,stock,25.23,25.37,25.1601,25.19,3893700
2010-05-14,UUP,stock,25.02,25.23,25.01,25.19,5043500
2010-05-13,UUP,stock,24.91,24.97,24.85,24.96,3893000
2010-05-12,UUP,stock,24.75,24.83,24.69,24.82,3318500
2010-05-11,UUP,stock,24.72,24.77,24.64,24.75,3656300
2010-05-10,UUP,stock,24.47,24.69,24.43,24.64,7777100
2010-05-07,UUP,stock,24.81,24.91,24.66,24.7,7668700
2010-05-06,UUP,stock,24.75,24.95,24.66,24.8119,10922000
2010-05-05,UUP,stock,24.66,24.66,24.4979,24.61,22279700
2010-05-04,UUP,stock,24.29,24.39,24.29,24.38,5771400
2010-05-03,UUP,stock,24.06,24.162,24.05,24.11,1618200
2010-04-30,UUP,stock,23.92,24.03,23.91,23.96,1674000
2010-04-29,UUP,stock,24.06,24.0781,23.98,24,1994200
2010-04-28,UUP,stock,24.08,24.22,24.07,24.11,3993200
2010-04-27,UUP,stock,23.95,24.12,23.8807,24.12,5873800
2010-04-26,UUP,stock,23.89,23.92,23.83,23.83,1501400
2010-04-23,UUP,stock,23.99,23.99,23.81,23.84,2684800
2010-04-22,UUP,stock,23.85,23.95,23.85,23.89,2696600
2010-04-21,UUP,stock,23.75,23.82,23.75,23.78,3057400
2010-04-20,UUP,stock,23.7,23.75,23.69,23.73,1551600
2010-04-19,UUP,stock,23.77,23.79,23.69,23.69,1276100
2010-04-16,UUP,stock,23.64,23.7,23.6,23.65,3078000
2010-04-15,UUP,stock,23.59,23.62,23.55,23.57,1795100
2010-04-14,UUP,stock,23.53,23.57,23.44,23.48,11851800
2010-04-13,UUP,stock,23.55,23.65,23.54,23.6,3626800
2010-04-12,UUP,stock,23.61,23.63,23.57,23.6,5244300
2010-04-09,UUP,stock,23.86,23.87,23.7,23.7,6529400
2010-04-08,UUP,stock,23.95,23.97,23.87,23.88,4863200
2010-04-07,UUP,stock,23.92,23.93,23.85,23.9,6376200
2010-04-06,UUP,stock,23.89,23.91,23.84,23.85,3353700
2010-04-05,UUP,stock,23.75,23.8024,23.7201,23.78,1792100
2010-04-01,UUP,stock,23.78,23.8,23.66,23.66,3173700
2010-03-31,UUP,stock,23.79,23.81,23.73,23.8,3890100
2010-03-30,UUP,stock,23.84,23.94,23.83,23.93,6498400
2010-03-29,UUP,stock,23.8999,23.92,23.84,23.84,3267200
2010-03-26,UUP,stock,24.05,24.0693,23.94,23.96,3919600
2010-03-25,UUP,stock,24.01,24.14,23.96,24.13,7722800
2010-03-24,UUP,stock,24,24.05,23.94,24.05,6944000
2010-03-23,UUP,stock,23.73,23.75,23.64,23.73,3182100
2010-03-22,UUP,stock,23.78,23.79,23.64,23.65,4476300
2010-03-19,UUP,stock,23.66,23.75,23.63,23.71,6911200
2010-03-18,UUP,stock,23.47,23.61,23.45,23.55,5246900
2010-03-17,UUP,stock,23.4004,23.44,23.34,23.39,4740400
2010-03-16,UUP,stock,23.47,23.49,23.38,23.38,5086700
2010-03-15,UUP,stock,23.51,23.6,23.5,23.55,3116600
2010-03-12,UUP,stock,23.47,23.5,23.41,23.42,5689400
2010-03-11,UUP,stock,23.62,23.66,23.56,23.57,3525800
2010-03-10,UUP,stock,23.67,23.69,23.58,23.62,2315800
2010-03-09,UUP,stock,23.7,23.71,23.6301,23.66,2696900
2010-03-08,UUP,stock,23.54,23.66,23.531,23.62,4168100
2010-03-05,UUP,stock,23.7,23.72,23.62,23.63,3555100
2010-03-04,UUP,stock,23.57,23.7,23.56,23.64,4037300
2010-03-03,UUP,stock,23.6,23.62,23.45,23.51,6455000
2010-03-02,UUP,stock,23.71,23.78,23.62,23.65,4698800
2010-03-01,UUP,stock,23.79,23.89,23.7,23.72,6130600
2010-02-26,UUP,stock,23.71,23.74,23.56,23.64,4837100
2010-02-25,UUP,stock,23.85,23.85,23.7,23.71,4687800
2010-02-24,UUP,stock,23.74,23.78,23.62,23.76,5542600
2010-02-23,UUP,stock,23.73,23.81,23.68,23.81,3647400
2010-02-22,UUP,stock,23.66,23.72,23.64,23.68,3619000
2010-02-19,UUP,stock,23.83,23.88,23.69,23.72,5482400
2010-02-18,UUP,stock,23.65,23.73,23.57,23.65,3961800
2010-02-17,UUP,stock,23.53,23.68,23.51,23.65,4796600
2010-02-16,UUP,stock,23.59,23.6,23.41,23.43,5956700
2010-02-12,UUP,stock,23.7,23.74,23.61,23.63,4336300
2010-02-11,UUP,stock,23.6,23.69,23.52,23.55,6182500
2010-02-10,UUP,stock,23.55,23.64,23.52,23.56,6164200
2010-02-09,UUP,stock,23.55,23.6299,23.41,23.49,11684600
2010-02-08,UUP,stock,23.64,23.67,23.58,23.64,10965400
2010-02-05,UUP,stock,23.62,23.77,23.61,23.65,17374200
2010-02-04,UUP,stock,23.5,23.56,23.48,23.55,9522800
2010-02-03,UUP,stock,23.33,23.4322,23.31,23.4,7748900
2010-02-02,UUP,stock,23.32,23.34,23.27,23.27,4624700
2010-02-01,UUP,stock,23.36,23.41,23.34,23.35,5346900
2010-01-29,UUP,stock,23.35,23.45,23.33,23.45,8886700
2010-01-28,UUP,stock,23.23,23.29,23.22,23.27,5930300
2010-01-27,UUP,stock,23.17,23.26,23.13,23.23,7955000
2010-01-26,UUP,stock,23.1795,23.19,23.1,23.15,7508800
2010-01-25,UUP,stock,23.1,23.1,23.03,23.05,4221400
2010-01-22,UUP,stock,23.12,23.16,23.02,23.08,3961500
2010-01-21,UUP,stock,23.16,23.21,23.04,23.12,7817500
2010-01-20,UUP,stock,23.07,23.15,23.06,23.12,8332600
2010-01-19,UUP,stock,22.86,22.91,22.83,22.84,3527200
2010-01-15,UUP,stock,22.75,22.83,22.75,22.77,3053400
2010-01-14,UUP,stock,22.68,22.71,22.6,22.64,7799800
2010-01-13,UUP,stock,22.63,22.72,22.62,22.7,4659400
2010-01-12,UUP,stock,22.72,22.73,22.63,22.72,10486900
2010-01-11,UUP,stock,22.74,22.75,22.65,22.72,8037200
2010-01-08,UUP,stock,22.89,23.0283,22.83,22.84,7371900
2010-01-07,UUP,stock,22.96,23.03,22.96,23,5844100
2010-01-06,UUP,stock,22.95,22.97,22.83,22.85,5693300
2010-01-05,UUP,stock,22.89,22.96,22.84,22.91,6185000
2010-01-04,UUP,stock,22.89,22.93,22.84,22.92,5083600
2009-12-31,UUP,stock,22.98,23.09,22.96,23.08,2822600
2009-12-30,UUP,stock,23.1,23.13,23.01,23.04,3216900
2009-12-29,UUP,stock,22.91,23.05,22.89,23.04,3863900
2009-12-28,UUP,stock,22.96,22.99,22.94,22.97,2958200
2009-12-24,UUP,stock,22.99,23.04,22.99,23.03,1335200
2009-12-23,UUP,stock,23.09,23.12,22.98,23.03,4524400
2009-12-22,UUP,stock,23.08,23.19,23.06,23.16,7170900
2009-12-21,UUP,stock,22.97,23.11,22.97,23.08,6847200
2009-12-18,UUP,stock,23.01,23.2,23.01,23.01,13168800
2009-12-17,UUP,stock,22.97,23.05,22.96,23.01,11718000
2009-12-16,UUP,stock,22.7598,22.81,22.67,22.77,5668900
2009-12-15,UUP,stock,22.76,22.84,22.75,22.79,14616400
2009-12-14,UUP,stock,22.65,22.67,22.6,22.63,4768100
2009-12-11,UUP,stock,22.63,22.74,22.62,22.68,15164200
2009-12-10,UUP,stock,22.49,22.56,22.46,22.5,2473500
2009-12-09,UUP,stock,22.56,22.6,22.47,22.5,4979000
2009-12-08,UUP,stock,22.51,22.62,22.5,22.59,6778700
2009-12-07,UUP,stock,22.54,22.54,22.36,22.48,6668900
2009-12-04,UUP,stock,22.3,22.52,22.27,22.48,12900300
2009-12-03,UUP,stock,22.17,22.17,22.11,22.15,2810700
2009-12-02,UUP,stock,22.08,22.16,22.06,22.14,3581100
2009-12-01,UUP,stock,22.05,22.09,22.02,22.07,4075000
2009-11-30,UUP,stock,22.22,22.2303,22.14,22.17,3144300
2009-11-27,UUP,stock,22.4,22.41,22.22,22.26,5706700
2009-11-25,UUP,stock,22.13,22.16,22.02,22.03,6839000
2009-11-24,UUP,stock,22.27,22.34,22.25,22.29,3221600
2009-11-23,UUP,stock,22.25,22.3,22.22,22.27,3869700
2009-11-20,UUP,stock,22.49,22.49,22.41,22.44,4063500
2009-11-19,UUP,stock,22.37,22.42,22.33,22.35,3793100
2009-11-18,UUP,stock,22.25,22.32,22.22,22.28,3051000
2009-11-17,UUP,stock,22.35,22.44,22.33,22.36,5152400
2009-11-16,UUP,stock,22.26,22.35,22.15,22.22,6236600
2009-11-13,UUP,stock,22.41,22.45,22.3,22.32,8880100
2009-11-12,UUP,stock,22.61,22.94,22.54,22.8,7572000
2009-11-11,UUP,stock,22.36,22.58,22.32,22.48,4285400
2009-11-10,UUP,stock,22.58,22.58,22.25,22.44,5252000
2009-11-09,UUP,stock,22.67,22.67,22.485,22.54,3541300
2009-11-06,UUP,stock,22.99,22.99,22.74,22.83,6841400
2009-11-05,UUP,stock,22.5,23.15,22.45,22.94,13281500
2009-11-04,UUP,stock,22.58,22.59,22.45,22.51,10913500
2009-11-03,UUP,stock,22.81,22.81,22.64,22.68,5590000
2009-11-02,UUP,stock,22.63,22.7,22.54,22.62,4952000
2009-10-30,UUP,stock,22.61,22.7,22.59,22.7,5804400
2009-10-29,UUP,stock,22.62,22.63,22.52,22.57,4342500
2009-10-28,UUP,stock,22.63,22.75,22.59,22.73,6781100
2009-10-27,UUP,stock,22.58,22.67,22.55,22.638,5984700
2009-10-26,UUP,stock,22.41,22.61,22.36,22.58,6861400
2009-10-23,UUP,stock,22.38,22.44,22.34,22.43,3610500
2009-10-22,UUP,stock,22.39,22.43,22.29,22.31,2454600
2009-10-21,UUP,stock,22.4,22.4,22.26,22.32,3670600
2009-10-20,UUP,stock,22.35,22.52,22.34,22.46,3970700
2009-10-19,UUP,stock,22.46,22.47,22.35,22.36,1616700
2009-10-16,UUP,stock,22.49,22.52,22.44,22.47,1991300
2009-10-15,UUP,stock,22.44,22.46,22.37,22.41,1935200
2009-10-14,UUP,stock,22.44,22.48,22.37,22.4,4504800
2009-10-13,UUP,stock,22.56,22.61,22.51,22.57,3072700
2009-10-12,UUP,stock,22.62,22.64,22.57,22.62,1555900
2009-10-09,UUP,stock,22.63,22.74,22.62,22.72,2509300
2009-10-08,UUP,stock,22.6,22.66,22.49,22.54,4580500
2009-10-07,UUP,stock,22.7,22.75,22.67,22.69,1319200
2009-10-06,UUP,stock,22.7,22.7,22.6,22.67,2633500
2009-10-05,UUP,stock,22.85,22.87,22.76,22.77,795600
2009-10-02,UUP,stock,22.92,22.92,22.78,22.9,2019600
2009-10-01,UUP,stock,22.86,22.96,22.84,22.95,1340700
2009-09-30,UUP,stock,22.81,22.88,22.74,22.79,1564000
2009-09-29,UUP,stock,22.94,23,22.91,22.92,1740900
2009-09-28,UUP,stock,22.86,22.9,22.77,22.88,1531300
2009-09-25,UUP,stock,22.85,22.86,22.73,22.81,1945500
2009-09-24,UUP,stock,22.69,22.9,22.66,22.87,4276300
2009-09-23,UUP,stock,22.64,22.72,22.54,22.7,2267600
2009-09-22,UUP,stock,22.62,22.67,22.59,22.6,3452500
2009-09-21,UUP,stock,22.91,23.17,22.78,22.84,2285600
2009-09-18,UUP,stock,22.71,22.79,22.68,22.76,3574400
2009-09-17,UUP,stock,22.69,22.72,22.61,22.68,1339800
2009-09-16,UUP,stock,22.71,22.76,22.64,22.64,1243000
2009-09-15,UUP,stock,22.85,22.88,22.71,22.71,1399900
2009-09-14,UUP,stock,22.86,22.86,22.75,22.79,1119700
2009-09-11,UUP,stock,22.77,22.85,22.73,22.81,1558500
2009-09-10,UUP,stock,22.89,22.97,22.8,22.86,1325900
2009-09-09,UUP,stock,22.88,22.94,22.83,22.91,1904000
2009-09-08,UUP,stock,22.98,22.99,22.9,22.99,2140600
2009-09-04,UUP,stock,23.37,23.39,23.2,23.25,1273800
2009-09-03,UUP,stock,23.27,23.36,23.27,23.34,821000
2009-09-02,UUP,stock,23.41,23.44,23.27,23.32,2107300
2009-09-01,UUP,stock,23.31,23.49,23.24,23.41,2118400
2009-08-31,UUP,stock,23.34,23.35,23.19,23.26,944800
2009-08-28,UUP,stock,23.18,23.32,23.16,23.28,1452400
2009-08-27,UUP,stock,23.38,23.42,23.14,23.24,879300
2009-08-26,UUP,stock,23.38,23.45,23.37,23.37,1010000
2009-08-25,UUP,stock,23.21,23.2899,23.18,23.28,685100
2009-08-24,UUP,stock,23.23,23.3,23.21,23.28,1089500
2009-08-21,UUP,stock,23.19,23.3,23.13,23.23,880600
2009-08-20,UUP,stock,23.4,23.41,23.29,23.31,652700
2009-08-19,UUP,stock,23.54,23.55,23.3,23.38,1064400
2009-08-18,UUP,stock,23.62,23.62,23.48,23.53,1729900
2009-08-17,UUP,stock,23.63,23.68,23.58,23.59,2538400
2009-08-14,UUP,stock,23.3,23.5,23.3,23.45,775200
2009-08-13,UUP,stock,23.34,23.37,23.29,23.36,867400
2009-08-12,UUP,stock,23.54,23.59,23.4,23.47,1706000
2009-08-11,UUP,stock,23.6,23.62,23.52,23.58,1350900
2009-08-10,UUP,stock,23.54,23.63,23.5,23.56,2331900
2009-08-07,UUP,stock,23.34,23.55,23.3,23.48,1820500
2009-08-06,UUP,stock,23.15,23.27,23.15,23.21,1258900
2009-08-05,UUP,stock,23.12,23.18,23.04,23.1,800900
2009-08-04,UUP,stock,23.12,23.17,23.08,23.13,516700
2009-08-03,UUP,stock,23.2,23.2268,23.07,23.13,916500
2009-07-31,UUP,stock,23.44,23.54,23.28,23.32,1076700
2009-07-30,UUP,stock,23.61,23.68,23.58,23.63,557300
2009-07-29,UUP,stock,23.56,23.73,23.55,23.66,754400
2009-07-28,UUP,stock,23.48,23.56,23.45,23.49,852200
2009-07-27,UUP,stock,23.4,23.47,23.38,23.42,284800
2009-07-24,UUP,stock,23.44,23.49,23.41,23.44,131600
2009-07-23,UUP,stock,23.51,23.52,23.35,23.47,337900
2009-07-22,UUP,stock,23.52,23.54,23.4,23.47,257500
2009-07-21,UUP,stock,23.42,23.56,23.39,23.51,1464100
2009-07-20,UUP,stock,23.48,23.55,23.45,23.5,481600
2009-07-17,UUP,stock,23.64,23.69,23.61,23.66,197100
2009-07-16,UUP,stock,23.59,23.64,23.57,23.61,520800
2009-07-15,UUP,stock,23.65,23.69,23.59,23.63,996500
2009-07-14,UUP,stock,23.79,23.9009,23.78,23.86,286600
2009-07-13,UUP,stock,23.89,23.96,23.82,23.84,264000
2009-07-10,UUP,stock,23.96,23.96,23.86,23.88,294200
2009-07-09,UUP,stock,23.84,23.9,23.74,23.82,768700
2009-07-08,UUP,stock,24.04,24.1,24,24.02,332200
2009-07-07,UUP,stock,23.95,24.06,23.92,24.05,446900
2009-07-06,UUP,stock,24.08,24.08,23.94,23.948,358800
2009-07-02,UUP,stock,23.87,23.94,23.87,23.91,346800
2009-07-01,UUP,stock,23.7,23.78,23.64,23.78,918700
2009-06-30,UUP,stock,23.83,23.96,23.83,23.9,215300
2009-06-29,UUP,stock,23.82,23.861,23.79,23.81,313100
2009-06-26,UUP,stock,23.8,23.86,23.74,23.83,439700
2009-06-25,UUP,stock,24.1,24.1499,23.94,23.97,470000
2009-06-24,UUP,stock,23.81,24.11,23.81,23.99,835300
2009-06-23,UUP,stock,23.96,23.9901,23.78,23.85,640000
2009-06-22,UUP,stock,24.15,24.17,24.06,24.13,559400
2009-06-19,UUP,stock,24.05,24.06,23.88,23.97,516000
2009-06-18,UUP,stock,23.98,24.13,23.93,24.08,257800
2009-06-17,UUP,stock,24.09,24.15,23.91,23.97,595400
2009-06-16,UUP,stock,24.11,24.14,24.01,24.11,837700
2009-06-15,UUP,stock,24.12,24.43,24.12,24.43,1460600
2009-06-12,UUP,stock,23.98,24.06,23.9,23.99,451200
2009-06-11,UUP,stock,23.92,23.92,23.68,23.76,511100
2009-06-10,UUP,stock,23.87,24.12,23.86,24,586800
2009-06-09,UUP,stock,23.97,24,23.82,23.86,537000
2009-06-08,UUP,stock,24.22,24.31,24.12,24.17,1448000
2009-06-05,UUP,stock,23.96,24.18,23.96,24.16,1046600
2009-06-04,UUP,stock,23.81,23.84,23.68,23.75,780000
2009-06-03,UUP,stock,23.66,23.83,23.64,23.8,1080100
2009-06-02,UUP,stock,23.58,23.62,23.43,23.45,861600
2009-06-01,UUP,stock,23.61,23.71,23.55,23.67,1017800
2009-05-29,UUP,stock,23.79,23.84,23.7,23.73,717300
2009-05-28,UUP,stock,24.1,24.14,24,24.07,427500
2009-05-27,UUP,stock,23.93,24.1,23.93,24.05,434000
2009-05-26,UUP,stock,24.09,24.11,23.93,23.97,387800
2009-05-22,UUP,stock,23.94,23.99,23.87,23.92,901900
2009-05-21,UUP,stock,24.28,24.32,24.03,24.09,612600
2009-05-20,UUP,stock,24.42,24.4233,24.19,24.25,775800
2009-05-19,UUP,stock,24.6,24.63,24.47,24.55,272200
2009-05-18,UUP,stock,24.72,24.79,24.66,24.68,273700
2009-05-15,UUP,stock,24.66,24.8498,24.59,24.81,337900
2009-05-14,UUP,stock,24.72,24.73,24.58,24.64,374700
2009-05-13,UUP,stock,24.68,24.7388,24.62,24.72,224100
2009-05-12,UUP,stock,24.57,24.69,24.56,24.63,479000
2009-05-11,UUP,stock,24.75,24.76,24.66,24.76,225200
2009-05-08,UUP,stock,24.9,24.95,24.56,24.63,779900
2009-05-07,UUP,stock,25,25.14,24.93,25.08,274400
2009-05-06,UUP,stock,25.07,25.21,25.05,25.08,177800
2009-05-05,UUP,stock,24.98,25.2,24.98,25.13,521100
2009-05-04,UUP,stock,25.26,25.29,25.03,25.05,383600
2009-05-01,UUP,stock,25.31,25.34,25.27,25.28,193300
2009-04-30,UUP,stock,25.36,25.41,25.2801,25.34,114600
2009-04-29,UUP,stock,25.33,25.35,25.17,25.31,534100
2009-04-28,UUP,stock,25.6,25.62,25.44,25.49,229900
2009-04-27,UUP,stock,25.52,25.69,25.4434,25.65,287100
2009-04-24,UUP,stock,25.32,25.37,25.27,25.35,344200
2009-04-23,UUP,stock,25.82,25.82,25.53,25.55,214100
2009-04-22,UUP,stock,25.87,25.87,25.77,25.84,150000
2009-04-21,UUP,stock,25.95,25.96,25.83,25.91,129800
2009-04-20,UUP,stock,25.89,26.02,25.87,25.97,377800
2009-04-17,UUP,stock,25.69,25.77,25.68,25.77,577800
2009-04-16,UUP,stock,25.43,25.6,25.43,25.51,127000
2009-04-15,UUP,stock,25.54,25.56,25.41,25.42,120000
2009-04-14,UUP,stock,25.41,25.45,25.33,25.38,209300
2009-04-13,UUP,stock,25.51,25.52,25.28,25.32,400200
2009-04-09,UUP,stock,25.51,25.7324,25.49,25.66,339400
2009-04-08,UUP,stock,25.56,25.63,25.47,25.56,274200
2009-04-07,UUP,stock,25.52,25.6,25.5,25.55,674800
2009-04-06,UUP,stock,25.26,25.45,25.26,25.36,357300
2009-04-03,UUP,stock,25.36,25.38,25.24,25.24,543600
2009-04-02,UUP,stock,25.38,25.392,25.21,25.32,633400
2009-04-01,UUP,stock,25.65,25.749,25.63,25.66,291400
2009-03-31,UUP,stock,25.6,25.73,25.58,25.64,341400
2009-03-30,UUP,stock,25.79,25.84,25.7,25.7299,738100
2009-03-27,UUP,stock,25.55,25.63,25.51,25.57,386600
2009-03-26,UUP,stock,25.12,25.3,25.12,25.27,228300
2009-03-25,UUP,stock,25.26,25.3,24.98,25.11,516900
2009-03-24,UUP,stock,25.22,25.31,25.11,25.31,411200
2009-03-23,UUP,stock,25.18,25.28,25,25.03,559000
2009-03-20,UUP,stock,25.09,25.24,25.03,25.16,575500
2009-03-19,UUP,stock,24.92,25.04,24.8,24.95,1708400
2009-03-18,UUP,stock,25.87,25.9401,25.23,25.254,1188400
2009-03-17,UUP,stock,26.17,26.21,26.04,26.09,246700
2009-03-16,UUP,stock,25.99,26.14,25.99,26.129,668300
2009-03-13,UUP,stock,26.19,26.28,26.1605,26.208,1653800
2009-03-12,UUP,stock,26.39,26.569,26.17,26.182,471500
2009-03-11,UUP,stock,26.38,26.47,26.24,26.31,808400
2009-03-10,UUP,stock,26.45,26.718,26.37,26.6,540800
2009-03-09,UUP,stock,26.83,26.83,26.658,26.75,423200
2009-03-06,UUP,stock,26.44,26.67,26.3802,26.6,818500
2009-03-05,UUP,stock,26.81,26.83,26.6797,26.73,337100
2009-03-04,UUP,stock,26.75,26.7799,26.55,26.5901,366600
2009-03-03,UUP,stock,26.67,26.83,26.63,26.74,677500
2009-03-02,UUP,stock,26.68,26.75,26.63,26.75,770000
2009-02-27,UUP,stock,26.55,26.5912,26.4001,26.4776,418400
2009-02-26,UUP,stock,26.31,26.41,26.29,26.41,432300
2009-02-25,UUP,stock,26.25,26.446,26.23,26.43,522800
2009-02-24,UUP,stock,26.29,26.356,26.09,26.11,1189400
2009-02-23,UUP,stock,26.13,26.26,26.07,26.25,432200
2009-02-20,UUP,stock,26.54,26.54,25.9419,26.01,722500
2009-02-19,UUP,stock,26.19,26.398,26.18,26.38,345900
2009-02-18,UUP,stock,26.48,26.58,26.4401,26.53,575900
2009-02-17,UUP,stock,26.38,26.4799,26.33,26.41,473600
2009-02-13,UUP,stock,25.95,25.9899,25.86,25.9,371100
2009-02-12,UUP,stock,26.06,26.15,25.95,25.98,453000
2009-02-11,UUP,stock,25.8,25.9797,25.734,25.88,280000
2009-02-10,UUP,stock,25.63,25.91,25.52,25.84,616200
2009-02-09,UUP,stock,25.47,25.57,25.424,25.54,715500
2009-02-06,UUP,stock,25.88,25.892,25.63,25.71,558700
2009-02-05,UUP,stock,25.86,25.95,25.8,25.93,306000
2009-02-04,UUP,stock,25.82,25.91,25.71,25.85,360400
2009-02-03,UUP,stock,25.79,25.82,25.58,25.61,730100
2009-02-02,UUP,stock,26.07,26.078,25.86,25.93,681600
2009-01-30,UUP,stock,25.83,26,25.83,25.95,671200
2009-01-29,UUP,stock,25.53,25.8,25.53,25.79,368000
2009-01-28,UUP,stock,25.32,25.6699,25.31,25.59,540000
2009-01-27,UUP,stock,25.49,25.622,25.46,25.5,312200
2009-01-26,UUP,stock,25.65,25.68,25.48,25.53,585600
2009-01-23,UUP,stock,26.1,26.22,25.812,25.87,611800
2009-01-22,UUP,stock,26.01,26.04,25.8524,25.88,492100
2009-01-21,UUP,stock,26.04,26.17,25.85,25.9,917100
2009-01-20,UUP,stock,26.09,26.148,26,26.13,671800
2009-01-16,UUP,stock,25.31,25.521,25.29,25.4,358200
2009-01-15,UUP,stock,25.63,25.81,25.55,25.62,570600
2009-01-14,UUP,stock,25.68,25.68,25.54,25.63,1083200
2009-01-13,UUP,stock,25.54,25.61,25.46,25.529,1041600
2009-01-12,UUP,stock,25.18,25.31,25.14,25.24,915100
2009-01-09,UUP,stock,24.98,25.14,24.94,25.12,712800
2009-01-08,UUP,stock,24.71,24.83,24.7,24.74,518200
2009-01-07,UUP,stock,24.93,25.04,24.82,24.99,613400
2009-01-06,UUP,stock,25.4,25.46,25.13,25.15,994500
2009-01-05,UUP,stock,25.19,25.23,25.11,25.19,737100
2009-01-02,UUP,stock,24.82,24.93,24.66,24.9199,318200
2008-12-31,UUP,stock,24.71,24.85,24.66,24.69,365700
2008-12-30,UUP,stock,24.52,24.61,24.48,24.58,221000
2008-12-29,UUP,stock,24.29,24.7099,24.28,24.69,592200
2008-12-26,UUP,stock,24.62,24.64,24.54,24.57,165000
2008-12-24,UUP,stock,24.65,24.73,24.63,24.7,133700
2008-12-23,UUP,stock,24.67,24.79,24.65,24.71,693500
2008-12-22,UUP,stock,24.64,24.7899,24.62,24.728,712200
2008-12-19,UUP,stock,24.735,24.892,24.66,24.742,606100
2008-12-18,UUP,stock,23.98,24.43,23.97,24.37,1063300
2008-12-17,UUP,stock,24.22,24.28,23.89,23.96,1866600
2008-12-16,UUP,stock,24.81,24.88,24.18,24.25,2074300
2008-12-15,UUP,stock,25.06,25.09,24.81,24.8503,1893300
2008-12-12,UUP,stock,25.36,25.618,25.36,25.46,854300
2008-12-11,UUP,stock,25.21,25.73,24.07,25.52,2303800
2008-12-10,UUP,stock,26.16,26.1995,26.05,26.1,492800
2008-12-09,UUP,stock,26.39,26.4295,26.12,26.2499,652300
2008-12-08,UUP,stock,26.28,26.33,26.17,26.18,699000
2008-12-05,UUP,stock,26.66,26.8,26.6,26.63,389000
2008-12-04,UUP,stock,26.65,26.7,26.37,26.52,707600
2008-12-03,UUP,stock,26.72,26.72,26.58,26.59,694900
2008-12-02,UUP,stock,26.53,26.62,26.44,26.55,338500
2008-12-01,UUP,stock,26.66,26.76,26.56,26.7,723500
2008-11-28,UUP,stock,26.52,26.6183,26.45,26.55,293600
2008-11-26,UUP,stock,26.2,26.4,26.1317,26.27,590800
2008-11-25,UUP,stock,26.05,26.2305,25.96,25.98,1348600
2008-11-24,UUP,stock,26.53,26.55,26.28,26.29,1552400
2008-11-21,UUP,stock,26.87,27.15,26.85,26.95,811800
2008-11-20,UUP,stock,26.86,27.09,26.84,27.08,1364100
2008-11-19,UUP,stock,26.57,26.9356,26.45,26.902,672600
2008-11-18,UUP,stock,26.75,26.88,26.67,26.81,559000
2008-11-17,UUP,stock,26.77,26.78,26.6,26.73,321500
2008-11-14,UUP,stock,26.72,26.77,26.56,26.75,425400
2008-11-13,UUP,stock,26.97,27.07,26.52,26.53,858400
2008-11-12,UUP,stock,26.9,27,26.82,26.96,727200
2008-11-11,UUP,stock,26.54,26.9,26.52,26.87,732700
2008-11-10,UUP,stock,26.31,26.52,26.29,26.49,408100
2008-11-07,UUP,stock,26.4,26.51,26.31,26.47,279700
2008-11-06,UUP,stock,26.38,26.55,26.22,26.53,845100
2008-11-05,UUP,stock,26.12,26.19,25.86,26.17,601400
2008-11-04,UUP,stock,26.33,26.34,26.04,26.0701,1084300
2008-11-03,UUP,stock,26.47,26.6891,26.4,26.6299,697100
2008-10-31,UUP,stock,26.48,26.62,26.4,26.46,723300
2008-10-30,UUP,stock,26.02,26.31,25.92,26.1199,1491800
2008-10-29,UUP,stock,26.41,26.42,26.01,26.07,1968800
2008-10-28,UUP,stock,26.98,27.03,26.57,26.57,1148000
2008-10-27,UUP,stock,27.19,27.19,26.7,26.8,949300
2008-10-24,UUP,stock,26.6,26.88,26.38,26.88,911700
2008-10-23,UUP,stock,26.45,26.4799,26.15,26.2,1329300
2008-10-22,UUP,stock,26.36,26.49,26.27,26.36,1315200
2008-10-21,UUP,stock,25.74,26.04,25.71,26.04,751700
2008-10-20,UUP,stock,25.51,25.64,25.46,25.59,489500
2008-10-17,UUP,stock,25.35,25.46,25.3,25.42,535100
2008-10-16,UUP,stock,25.79,25.79,25.28,25.29,497600
2008-10-15,UUP,stock,25.08,25.27,25,25.25,557100
2008-10-14,UUP,stock,24.94,25.01,24.74,24.96,1099500
2008-10-13,UUP,stock,24.95,25.1,24.66,24.97,1838900
2008-10-10,UUP,stock,24.95,25.515,24.84,24.99,1533300
2008-10-09,UUP,stock,24.77,24.99,24.76,24.95,650200
2008-10-08,UUP,stock,24.77,25.06,24.68,24.82,1246700
2008-10-07,UUP,stock,24.81,25.04,24.74,24.8,1067200
2008-10-06,UUP,stock,25.01,25.23,24.96,25.075,1779800
2008-10-03,UUP,stock,25.02,25.02,24.6,24.7799,797800
2008-10-02,UUP,stock,24.97,25.47,24.7,24.88,1859100
2008-10-01,UUP,stock,24.8,24.8,24.35,24.4701,679100
2008-09-30,UUP,stock,24.01,24.48,24,24.44,679900
2008-09-29,UUP,stock,23.71,23.94,23.52,23.82,840500
2008-09-26,UUP,stock,23.49,23.67,23.49,23.641,725700
2008-09-25,UUP,stock,23.4,23.76,23.35,23.64,1124400
2008-09-24,UUP,stock,23.28,23.7,23.28,23.68,646400
2008-09-23,UUP,stock,23.23,23.6199,23.23,23.45,1320600
2008-09-22,UUP,stock,23.46,23.97,22.79,23.3,6980400
2008-09-19,UUP,stock,23.86,24.08,23.65,23.84,2924700
2008-09-18,UUP,stock,23.74,24.09,23.7,24.04,2039600
2008-09-17,UUP,stock,24.4,24.4,23.9,23.97,1605500
2008-09-16,UUP,stock,24.13,24.51,23.96,24.46,1613200
2008-09-15,UUP,stock,24.31,24.36,23.79,24.1,3414700
2008-09-12,UUP,stock,24.5,24.549,24.33,24.33,2134700
2008-09-11,UUP,stock,24.83,24.83,24.75,24.76,1997400
2008-09-10,UUP,stock,24.55,24.73,24.52,24.71,1179600
2008-09-09,UUP,stock,24.63,24.65,24.39,24.55,2818700
2008-09-08,UUP,stock,24.47,24.75,24.43,24.56,3389300
2008-09-05,UUP,stock,24.3,24.43,24.26,24.43,2403800
2008-09-04,UUP,stock,24.14,24.35,24.14,24.34,2249100
2008-09-03,UUP,stock,24.19,24.24,24.13,24.15,2612800
2008-09-02,UUP,stock,24.2,24.22,24.08,24.16,4217400
2008-08-29,UUP,stock,23.83,23.9596,23.82,23.9299,557400
2008-08-28,UUP,stock,23.73,23.93,23.72,23.9,977500
2008-08-27,UUP,stock,23.8,23.92,23.78,23.84,1064500
2008-08-26,UUP,stock,23.9,23.94,23.86,23.9,1442900
2008-08-25,UUP,stock,23.73,23.78,23.68,23.78,492500
2008-08-22,UUP,stock,23.67,23.79,23.67,23.77,703400
2008-08-21,UUP,stock,23.6,23.64,23.52,23.54,985000
2008-08-20,UUP,stock,23.82,23.9,23.76,23.79,570300
2008-08-19,UUP,stock,23.9,23.9,23.72,23.73,899500
2008-08-18,UUP,stock,23.9,23.9,23.79,23.82,1111500
2008-08-15,UUP,stock,23.88,23.94,23.82,23.92,1891900
2008-08-14,UUP,stock,23.67,23.79,23.59,23.75,969500
2008-08-13,UUP,stock,23.6,23.69,23.41,23.61,1106600
2008-08-12,UUP,stock,23.64,23.68,23.56,23.61,1078400
2008-08-11,UUP,stock,23.7,23.8,23.48,23.66,2393100
2008-08-08,UUP,stock,23.59,23.9,23.45,23.53,2911000
2008-08-07,UUP,stock,23,23.16,23,23.16,1697100
2008-08-06,UUP,stock,23.02,23.07,22.98,23.04,957900
2008-08-05,UUP,stock,22.88,23.04,22.87,22.97,922400
2008-08-04,UUP,stock,22.82,22.82,22.7,22.8,170100
2008-08-01,UUP,stock,22.85,22.85,22.69,22.79,412300
2008-07-31,UUP,stock,22.6,22.86,22.518,22.72,201500
2008-07-30,UUP,stock,22.87,22.87,22.691,22.72,457000
2008-07-29,UUP,stock,22.56,22.77,22.56,22.74,465600
2008-07-28,UUP,stock,22.6,22.6,22.49,22.55,159300
2008-07-25,UUP,stock,22.55,22.62,22.55,22.6,144200
2008-07-24,UUP,stock,22.58,22.64,22.54,22.57,216100
2008-07-23,UUP,stock,22.52,22.61,22.5,22.59,291500
2008-07-22,UUP,stock,22.2,22.5,22.2,22.5,272100
2008-07-21,UUP,stock,22.4,22.42,22.31,22.34,117400
2008-07-18,UUP,stock,22.4,22.46,22.36,22.42,319600
2008-07-17,UUP,stock,22.45,22.48,22.27,22.42,415100
2008-07-16,UUP,stock,22.25,22.39,22.15,22.38,357000
2008-07-15,UUP,stock,22.11,22.29,22.1,22.27,1314400
2008-07-14,UUP,stock,22.36,22.56,22.1,22.29,665700
2008-07-11,UUP,stock,22.36,22.4,22.23,22.33,883400
2008-07-10,UUP,stock,22.44,22.56,22.44,22.48,295300
2008-07-09,UUP,stock,22.74,22.74,22.49,22.5,227600
2008-07-08,UUP,stock,22.52,22.67,22.52,22.66,267900
2008-07-07,UUP,stock,22.62,22.71,22.5,22.56,445400
2008-07-03,UUP,stock,22.63,22.63,22.46,22.58,256900
2008-07-02,UUP,stock,22.37,22.4,22.32,22.36,198000
2008-07-01,UUP,stock,22.37,22.55,22.36,22.47,331700
2008-06-30,UUP,stock,22.41,22.51,22.39,22.49,359900
2008-06-27,UUP,stock,22.48,22.52,22.39,22.44,445300
2008-06-26,UUP,stock,22.54,22.57,22.37,22.51,755400
2008-06-25,UUP,stock,22.72,22.8,22.6,22.65,490800
2008-06-24,UUP,stock,22.77,22.8,22.66,22.76,770400
2008-06-23,UUP,stock,22.84,22.86,22.77,22.82,379200
2008-06-20,UUP,stock,22.668,22.81,22.63,22.69,350700
2008-06-19,UUP,stock,22.84,22.89,22.8,22.84,299500
2008-06-18,UUP,stock,22.89,22.89,22.78,22.82,387100
2008-06-17,UUP,stock,22.88,22.88,22.81,22.84,278500
2008-06-16,UUP,stock,22.84,22.97,22.81,22.89,570800
2008-06-13,UUP,stock,23.04,23.07,22.99,22.99,1118800
2008-06-12,UUP,stock,22.89,23,22.88,22.96,854800
2008-06-11,UUP,stock,22.83,22.9,22.7,22.77,589800
2008-06-10,UUP,stock,22.83,22.92,22.781,22.92,760700
2008-06-09,UUP,stock,22.58,22.68,22.43,22.68,338500
2008-06-06,UUP,stock,22.63,22.65,22.46,22.4866,664300
2008-06-05,UUP,stock,22.82,22.88,22.68,22.75,1365200
2008-06-04,UUP,stock,22.82,22.87,22.76,22.86,606500
2008-06-03,UUP,stock,22.78,22.84,22.74,22.8,725600
2008-06-02,UUP,stock,22.74,22.75,22.62,22.68,238200
2008-05-30,UUP,stock,22.79,22.79,22.64,22.71,571300
2008-05-29,UUP,stock,22.65,22.75,22.61,22.74,835300
2008-05-28,UUP,stock,22.57,22.66,22.48,22.56,331400
2008-05-27,UUP,stock,22.43,22.5,22.41,22.46,476300
2008-05-23,UUP,stock,22.34,22.38,22.3,22.33,255500
2008-05-22,UUP,stock,22.37,22.46,22.28,22.46,339100
2008-05-21,UUP,stock,22.41,22.45,22.29,22.32,571700
2008-05-20,UUP,stock,22.57,22.57,22.45,22.48,770400
2008-05-19,UUP,stock,22.59,22.72,22.52,22.71,750200
2008-05-16,UUP,stock,22.75,22.78,22.5,22.59,886700
2008-05-15,UUP,stock,22.8,22.87,22.71,22.81,538200
2008-05-14,UUP,stock,22.82,22.86,22.7717,22.828,837400
2008-05-13,UUP,stock,22.83,22.83,22.7,22.8,511200
2008-05-12,UUP,stock,22.78,22.92,22.66,22.7,655500
2008-05-09,UUP,stock,22.79,22.88,22.7,22.7299,586000
2008-05-08,UUP,stock,22.87,22.93,22.79,22.88,808000
2008-05-07,UUP,stock,22.91,22.94,22.87,22.8815,1196300
2008-05-06,UUP,stock,22.73,22.88,22.6,22.73,1646800
2008-05-05,UUP,stock,22.82,22.93,22.77,22.81,797000
2008-05-02,UUP,stock,22.92,22.95,22.86,22.92,2295700
2008-05-01,UUP,stock,22.8,22.88,22.73,22.8,2696800
2008-04-30,UUP,stock,22.839,22.85,22.55,22.61,3543000
2008-04-29,UUP,stock,22.85,22.87,22.65,22.77,2241800
2008-04-28,UUP,stock,22.78,22.81,22.61,22.68,1325200
2008-04-25,UUP,stock,22.75,22.83,22.57,22.71,924800
2008-04-24,UUP,stock,22.64,22.78,22.548,22.65,1365700
2008-04-23,UUP,stock,22.42,22.46,22.37,22.4,316900
2008-04-22,UUP,stock,22.35,22.49,22.17,22.25,225900
2008-04-21,UUP,stock,22.32,22.63,22.25,22.33,186600
2008-04-18,UUP,stock,22.53,22.68,22.472,22.5,751500
2008-04-17,UUP,stock,22.29,22.38,22.23,22.35,117300
2008-04-16,UUP,stock,22.44,22.44,22.15,22.23,300400
2008-04-15,UUP,stock,22.53,22.53,22.43,22.45,162000
2008-04-14,UUP,stock,22.16,22.4399,22.15,22.42,298700
2008-04-11,UUP,stock,22.57,22.57,22.34,22.42,325700
2008-04-10,UUP,stock,22.51,22.51,22.3,22.5,190300
2008-04-09,UUP,stock,22.65,22.65,22.34,22.4,152500
2008-04-08,UUP,stock,22.6,22.6,22.44,22.55,144200
2008-04-07,UUP,stock,22.65,22.65,22.44,22.55,309100
2008-04-04,UUP,stock,22.61,22.61,22.31,22.3899,1336500
2008-04-03,UUP,stock,22.36,22.65,22.36,22.61,504600
2008-04-02,UUP,stock,22.81,22.81,22.5,22.53,306200
2008-04-01,UUP,stock,22.75,22.78,22.56,22.75,1428500
2008-03-31,UUP,stock,22.3,22.86,22.27,22.4,255500
2008-03-28,UUP,stock,22.5064,22.56,22.32,22.36,121400
2008-03-27,UUP,stock,22.3,22.49,22.3,22.34,77400
2008-03-26,UUP,stock,22.31,22.46,22.26,22.3027,216300
2008-03-25,UUP,stock,23.07,23.07,22.53,22.62,164400
2008-03-24,UUP,stock,22.89,23.13,22.89,23.13,491100
2008-03-20,UUP,stock,22.92,22.94,22.71,22.79,793700
2008-03-19,UUP,stock,22.63,22.63,22.3999,22.55,332100
2008-03-18,UUP,stock,22.46,22.53,22.3,22.53,360700
2008-03-17,UUP,stock,22.02,22.46,22,22.27,155700
2008-03-14,UUP,stock,22.72,22.76,22.27,22.4599,203500
2008-03-13,UUP,stock,22.34,22.5,22.3,22.42,113600
2008-03-12,UUP,stock,23.22,23.7,22.48,22.48,114300
2008-03-11,UUP,stock,22.93,22.93,22.54,22.88,140500
2008-03-10,UUP,stock,22.89,22.89,22.686,22.73,83700
2008-03-07,UUP,stock,22.68,22.86,21.92,22.8,181600
2008-03-06,UUP,stock,22.8,22.8,22.71,22.73,76300
2008-03-05,UUP,stock,22.92,22.97,22.82,22.85,74200
2008-03-04,UUP,stock,22.87,22.97,22.86,22.962,52300
2008-03-03,UUP,stock,22.93,23,22.8,22.9,96300
2008-02-29,UUP,stock,22.92,23.01,22.9,22.95,195300
2008-02-28,UUP,stock,23.05,23.09,22.81,22.94,196600
2008-02-27,UUP,stock,23.2,23.2,23.01,23.0699,176700
2008-02-26,UUP,stock,23.27,23.38,23.2,23.22,176500
2008-02-25,UUP,stock,23.41,23.4999,23.35,23.38,55500
2008-02-22,UUP,stock,23.44,23.4928,23.26,23.26,224900
2008-02-21,UUP,stock,23.79,23.79,23.46,23.53,109400
2008-02-20,UUP,stock,23.92,23.92,23.53,23.7,144300
2008-02-19,UUP,stock,23.75,23.75,23.59,23.69,108900
2008-02-15,UUP,stock,23.65,23.73,23.59,23.73,141900
2008-02-14,UUP,stock,23.9,23.9,23.66,23.73,166500
2008-02-13,UUP,stock,23.77,23.87,23.77,23.81,118800
2008-02-12,UUP,stock,23.66,23.78,23.66,23.77,72800
2008-02-11,UUP,stock,23.99,23.99,23.8,23.85,155800
2008-02-08,UUP,stock,23.97,23.97,23.8301,23.9,187600
2008-02-07,UUP,stock,24.02,24.02,23.85,23.97,231800
2008-02-06,UUP,stock,23.7,23.74,23.66,23.74,180000
2008-02-05,UUP,stock,23.65,23.76,23.44,23.74,298000
2008-02-04,UUP,stock,23.28,23.506,23.28,23.49,225600
2008-02-01,UUP,stock,23.6,23.6,23.39,23.53,209300
2008-01-31,UUP,stock,23.25,23.48,23.25,23.44,443700
2008-01-30,UUP,stock,23.6,23.65,23.26,23.26,47000
2008-01-29,UUP,stock,23.39,23.5,23.19,23.4,240900
2008-01-28,UUP,stock,23.56,23.57,23.38,23.41,378900
2008-01-25,UUP,stock,23.61,23.66,23.52,23.56,161200
2008-01-24,UUP,stock,23.55,23.61,23.45,23.5,135500
2008-01-23,UUP,stock,24,24,23.6,23.7,158100
2008-01-22,UUP,stock,23.67,23.88,23.61,23.7674,169000
2008-01-18,UUP,stock,23.7,23.74,23.67,23.73,102200
2008-01-17,UUP,stock,23.76,23.76,23.56,23.66,86900
2008-01-16,UUP,stock,23.48,23.71,23.4401,23.7,322200
2008-01-15,UUP,stock,23.15,23.48,23.13,23.41,153900
2008-01-14,UUP,stock,23.45,23.45,23.35,23.43,128300
2008-01-11,UUP,stock,23.41,23.55,23.41,23.55,34400
2008-01-10,UUP,stock,23.82,23.82,23.41,23.44,131900
2008-01-09,UUP,stock,23.46,23.83,23.46,23.67,98800
2008-01-08,UUP,stock,23.56,23.57,23.4,23.49,86000
2008-01-07,UUP,stock,23.6,23.62,23.51,23.52,313200
2008-01-04,UUP,stock,23.25,23.5,23.16,23.29,1094600
2008-01-03,UUP,stock,23.54,23.57,23.44,23.54,70000
2008-01-02,UUP,stock,23.84,23.84,23.43,23.49,97700
2007-12-31,UUP,stock,23.72,23.75,23.52,23.7,112600
2007-12-28,UUP,stock,23.62,23.66,22.8,23.55,194700
2007-12-27,UUP,stock,23.8,23.84,23.68,23.71,224700
2007-12-26,UUP,stock,24.1,24.1,23.83,23.86,117500
2007-12-24,UUP,stock,24,24.1399,23.95,23.95,32700
2007-12-21,UUP,stock,23.97,24.33,23.97,24.11,255400
2007-12-20,UUP,stock,24.04,24.09,24.01,24.05,117800
2007-12-19,UUP,stock,24,24.06,23.97,24.01,76900
2007-12-18,UUP,stock,23.99,24.02,23.93,23.94,174300
2007-12-17,UUP,stock,24.37,24.37,24.022,24.17,188800
2007-12-14,UUP,stock,24.42,24.42,24.06,24.17,312600
2007-12-13,UUP,stock,23.84,23.91,23.8,23.87,181700
2007-12-12,UUP,stock,24.06,24.06,23.75,23.7904,83600
2007-12-11,UUP,stock,23.54,23.88,23.54,23.7,213600
2007-12-10,UUP,stock,23.51,23.85,23.51,23.75,482100
2007-12-07,UUP,stock,24.24,24.24,23.8201,23.92,278000
2007-12-06,UUP,stock,24.31,24.31,23.8278,23.88,1259400
2007-12-05,UUP,stock,23.6,23.9,23.6,23.89,108500
2007-12-04,UUP,stock,23.61,23.6299,23.57,23.6,103200
2007-12-03,UUP,stock,24.23,24.23,23.71,23.77,120200
2007-11-30,UUP,stock,25,25,23.61,23.82,105100
2007-11-29,UUP,stock,24.21,24.21,23.58,23.64,75900
2007-11-28,UUP,stock,23.83,23.83,23.48,23.51,231200
2007-11-27,UUP,stock,23.25,23.5,23.25,23.44,140600
2007-11-26,UUP,stock,23.69,23.69,23.29,23.31,110600
2007-11-23,UUP,stock,23.4,23.44,23.35,23.434,25300
2007-11-21,UUP,stock,23.34,23.3799,23.26,23.26,97900
2007-11-20,UUP,stock,23.86,23.86,21.85,23.38,216600
2007-11-19,UUP,stock,23.61,23.68,23.5,23.6,597100
2007-11-16,UUP,stock,23.75,23.75,23.61,23.67,79400
2007-11-15,UUP,stock,23.6,23.7199,23.59,23.7,117100
2007-11-14,UUP,stock,25.78,25.78,23.5,23.64,123100
2007-11-13,UUP,stock,24,24,23.49,23.63,154800
2007-11-12,UUP,stock,25,25,23.5201,23.72,186300
2007-11-09,UUP,stock,24.41,24.41,23.42,23.5,130500
2007-11-08,UUP,stock,23.45,23.51,23.4101,23.5,150000
2007-11-07,UUP,stock,23.6,23.6,23.4,23.52,134400
2007-11-06,UUP,stock,23.61,23.65,23.6,23.64,28100
2007-11-05,UUP,stock,23.75,23.76,23.69,23.72,83300
2007-11-02,UUP,stock,23.76,23.76,23.53,23.6,65000
2007-11-01,UUP,stock,23.84,23.86,23.76,23.83,92600
2007-10-31,UUP,stock,23.86,23.97,23.72,23.75,72500
2007-10-30,UUP,stock,23.84,23.9,23.75,23.8579,245300
2007-10-29,UUP,stock,23.85,23.85,23.75,23.81,26400
2007-10-26,UUP,stock,23.8501,23.8798,23.81,23.85,67100
2007-10-25,UUP,stock,23.96,23.99,23.92,23.95,19500
2007-10-24,UUP,stock,24.05,24.07,23.99,24,37100
2007-10-23,UUP,stock,24.03,24.0504,23.99,24.04,39600
2007-10-22,UUP,stock,24.14,24.26,24.128,24.19,96800
2007-10-19,UUP,stock,23.99,24.07,23.97,23.99,51100
2007-10-18,UUP,stock,24.01,24.042,23.98,24.04,22600
2007-10-17,UUP,stock,24.14,24.2,24.1196,24.19,44200
2007-10-16,UUP,stock,24.18,24.22,24.17,24.2,295500
2007-10-15,UUP,stock,24.15,24.17,24.1,24.17,18400
2007-10-12,UUP,stock,24.19,24.21,24.15,24.2,14100
2007-10-11,UUP,stock,24.18,24.24,24.08,24.24,90600
2007-10-10,UUP,stock,24.19,24.24,24.15,24.22,49800
2007-10-09,UUP,stock,24.37,24.38,24.25,24.29,92800
2007-10-08,UUP,stock,24.28,24.4,24.27,24.38,48600
2007-10-05,UUP,stock,24.25,24.25,24.15,24.23,29000
2007-10-04,UUP,stock,24.32,24.32,24.25,24.27,16600
2007-10-03,UUP,stock,24.18,24.31,24.15,24.304,48800
2007-10-02,UUP,stock,24.21,24.24,24.18,24.23,99700
2007-10-01,UUP,stock,24.1,24.11,23.548,24.08,44600
2007-09-28,UUP,stock,24.12,24.1399,24,24.0499,44800
2007-09-27,UUP,stock,24.16,24.23,24.1388,24.23,128700
2007-09-26,UUP,stock,24.22,25.09,24.2,24.27,17700
2007-09-25,UUP,stock,24.16,24.2,24.13,24.19,27800
2007-09-24,UUP,stock,24.22,24.26,24.2101,24.25,33800
2007-09-21,UUP,stock,24.28,24.29,24.25,24.26,7500
2007-09-20,UUP,stock,24.3,24.3,24.1701,24.246,53900
2007-09-19,UUP,stock,24.44,24.49,24.4201,24.43,28000
2007-09-18,UUP,stock,24.56,24.57,24.376,24.44,10700
2007-09-17,UUP,stock,24.5001,24.55,24.5001,24.52,2500
2007-09-14,UUP,stock,24.4799,24.5399,24.4799,24.48,2400
2007-09-13,UUP,stock,24.49,24.514,24.48,24.48,2500
2007-09-12,UUP,stock,24.46,24.4899,24.39,24.41,8200
2007-09-11,UUP,stock,24.54,24.54,24.47,24.53,3500
2007-09-10,UUP,stock,24.52,24.53,24.48,24.5,49600
2007-09-07,UUP,stock,24.54,24.562,24.52,24.53,3000
2007-09-06,UUP,stock,24.76,24.76,24.66,24.67,40600
2007-09-05,UUP,stock,24.73,24.736,24.71,24.736,900
2007-09-04,UUP,stock,24.89,24.9,24.83,24.83,4700
2007-08-31,UUP,stock,24.73,24.83,24.73,24.79,5700
2007-08-30,UUP,stock,24.83,24.85,24.76,24.85,27500
2007-08-29,UUP,stock,24.76,24.78,24.73,24.736,3900
2007-08-28,UUP,stock,24.75,24.76,24.73,24.76,17200
2007-08-27,UUP,stock,24.74,24.7601,24.74,24.76,2500
2007-08-24,UUP,stock,24.82,24.82,24.73,24.78,52000
2007-08-23,UUP,stock,24.92,24.92,24.88,24.89,1200
2007-08-22,UUP,stock,24.94,24.9699,24.93,24.93,21200
2007-08-21,UUP,stock,24.98,25.0001,24.98,25.0001,6800
2007-08-20,UUP,stock,24.983,25,24.95,24.99,13300
2007-08-17,UUP,stock,24.6501,25,24.6501,24.93,16300
2007-08-16,UUP,stock,25.02,25.05,24.99,25,30800
2007-08-15,UUP,stock,25.06,25.1,25.02,25.07,26800
2007-08-14,UUP,stock,24.88,24.96,24.88,24.96,39600
2007-08-13,UUP,stock,24.75,24.83,24.72,24.8,25400
2007-08-10,UUP,stock,24.75,24.75,24.71,24.73,40500
2007-08-09,UUP,stock,24.71,24.7101,24.68,24.71,6200
2007-08-08,UUP,stock,24.49,24.53,24.49,24.52,4300
2007-08-07,UUP,stock,24.53,24.61,24.53,24.59,13700
2007-08-06,UUP,stock,24.48,24.52,24.48,24.52,3300
2007-08-03,UUP,stock,24.59,24.59,24.47,24.47,20100
2007-08-02,UUP,stock,24.6701,24.7,24.64,24.7,900
2007-08-01,UUP,stock,24.71,24.71,24.61,24.66,11200
2007-07-31,UUP,stock,24.67,24.67,24.3,24.65,6600
2007-07-30,UUP,stock,24.67,24.69,24.67,24.69,5200
2007-07-27,UUP,stock,24.64,26.5,24.64,24.65,26500
2007-07-26,UUP,stock,24.56,24.56,24.44,24.45,3000
2007-07-25,UUP,stock,24.54,24.59,24.54,24.56,6100
2007-07-24,UUP,stock,24.48,24.5,24.35,24.35,18100
2007-07-23,UUP,stock,24.4999,24.54,24.49,24.54,16800
2007-07-20,UUP,stock,24.48,24.49,24.46,24.49,600
2007-07-19,UUP,stock,24.5,24.53,24.49,24.53,11200
2007-07-18,UUP,stock,24.5,24.54,24.5,24.54,1100
2007-07-17,UUP,stock,24.56,24.57,24.56,24.56,700
2007-07-16,UUP,stock,24.56,24.58,24.53,24.56,3800
2007-07-13,UUP,stock,24.55,24.574,24.55,24.574,600
2007-07-12,UUP,stock,24.56,24.58,24.5401,24.55,73000
2007-07-11,UUP,stock,24.58,24.62,24.58,24.59,4900
2007-07-10,UUP,stock,24.7,24.7,24.62,24.62,4900
2007-07-09,UUP,stock,24.79,24.82,24.78,24.79,8800
2007-07-06,UUP,stock,24.81,24.81,24.7845,24.7845,500
2007-07-05,UUP,stock,24.81,24.83,24.81,24.83,12100
2007-07-03,UUP,stock,24.71,24.81,24.71,24.71,6500
2007-07-02,UUP,stock,24.84,24.85,24.6201,24.75,15800
2007-06-29,UUP,stock,24.92,24.99,24.88,24.8811,3600
2007-06-28,UUP,stock,24.97,25.0299,24.97,25.0299,5900
2007-06-27,UUP,stock,25.01,25.03,25.01,25.03,2400
2007-06-26,UUP,stock,24.98,25.02,24.93,24.99,17800
2007-06-25,UUP,stock,25.01,25.05,25,25.03,9400
2007-06-22,UUP,stock,25,25.05,24.95,24.95,46800
2007-06-21,UUP,stock,25.1,25.22,25.0401,25.1,3300
2007-06-20,UUP,stock,28.97,28.97,24.08,25.07,4300
2007-06-19,UUP,stock,25.11,25.11,25.07,25.07,2500
2007-06-18,UUP,stock,25.07,25.15,25.06,25.06,54900
2007-06-15,UUP,stock,25.15,25.17,25.09,25.09,52500
2007-06-14,UUP,stock,25.21,25.23,25.17,25.23,12100
2007-06-13,UUP,stock,25.21,25.22,25.17,25.2,10200
2007-06-12,UUP,stock,25.12,25.1499,25.0701,25.1499,156700
2007-06-11,UUP,stock,25.09,25.12,25.06,25.1,9700
2007-06-08,UUP,stock,25.09,25.0923,24.56,25.04,8400
2007-06-07,UUP,stock,24.88,24.96,24.863,24.96,16300
2007-06-06,UUP,stock,24.84,24.88,24.47,24.8,54500
2007-06-05,UUP,stock,24.75,24.8,24.6,24.76,95700
2007-06-04,UUP,stock,24.83,24.8301,24.82,24.83,8000
2007-06-01,UUP,stock,24.96,24.98,24.9045,24.93,12500
2007-05-31,UUP,stock,24.88,24.92,24.88,24.92,2400
2007-05-30,UUP,stock,24.92,24.97,24.89,24.96,22600
2007-05-29,UUP,stock,24.83,24.92,24.81,24.92,9600
2007-05-25,UUP,stock,24.92,24.92,24.87,24.91,10700
2007-05-24,UUP,stock,24.88,24.93,24.88,24.93,6100
2007-05-23,UUP,stock,24.85,24.9,24.6,24.89,9900
2007-05-22,UUP,stock,24.91,24.92,24.88,24.91,7800
2007-05-21,UUP,stock,24.92,24.94,24.89,24.9,16400
2007-05-18,UUP,stock,24.87,24.88,24.82,24.83,10400
2007-05-17,UUP,stock,24.88,24.89,24.86,24.88,8100
2007-05-16,UUP,stock,24.78,24.834,24.68,24.82,13000
2007-05-15,UUP,stock,24.81,24.81,24.64,24.71,31100
2007-05-14,UUP,stock,24.74,24.8,24.39,24.79,15400
2007-05-11,UUP,stock,24.82,24.83,24.77,24.81,24100
2007-05-10,UUP,stock,24.79,24.8599,24.76,24.79,15000
2007-05-09,UUP,stock,24.68,24.76,24.68,24.76,9700
2007-05-08,UUP,stock,24.66,24.74,24.66,24.73,147000
2007-05-07,UUP,stock,24.6,24.75,24.6,24.66,52500
2007-05-04,UUP,stock,24.64,24.66,24.56,24.6,90800
2007-05-03,UUP,stock,24.66,24.75,24.66,24.69,13100
2007-05-02,UUP,stock,24.65,24.67,24.58,24.66,21300
2007-05-01,UUP,stock,24.5,24.65,24.5,24.64,2500
2007-04-30,UUP,stock,24.51,24.53,24.47,24.49,6300
2007-04-27,UUP,stock,24.5,24.6,24.44,24.54,55800
2007-04-26,UUP,stock,24.63,24.64,24.6,24.62,40800
2007-04-25,UUP,stock,24.54,24.55,24.5,24.52,7600
2007-04-24,UUP,stock,24.59,24.63,24.5,24.56,42300
2007-04-23,UUP,stock,24.63,24.63,24.55,24.59,29300
2007-04-20,UUP,stock,24.55,24.55,24.43,24.46,24200
2007-04-19,UUP,stock,24.54,24.56,24.51,24.55,26800
2007-04-18,UUP,stock,24.52,24.56,24.46,24.55,18300
2007-04-17,UUP,stock,24.6,24.6,24.55,24.58,23600
2007-04-16,UUP,stock,24.69,24.69,24.59,24.59,22600
2007-04-13,UUP,stock,24.66,24.71,24.6369,24.69,8300
2007-04-12,UUP,stock,24.78,24.78,24.7,24.7,8900
2007-04-11,UUP,stock,24.85,25.26,24.82,24.85,172000
2007-04-10,UUP,stock,24.84,24.87,24.827,24.85,30500
2007-04-09,UUP,stock,24.93,24.96,24.9199,24.93,22700
2007-04-05,UUP,stock,24.77,24.77,24.77,24.77,1100
2007-04-04,UUP,stock,24.85,24.85,24.85,24.85,500
2007-04-03,UUP,stock,24.89,24.89,24.88,24.88,5200
2007-04-02,UUP,stock,24.83,24.8455,24.76,24.8455,4100
2007-03-30,UUP,stock,24.8,24.8,24.79,24.79,200
2007-03-29,UUP,stock,24.87,24.87,24.87,24.87,100
2007-03-28,UUP,stock,24.8,24.85,24.8,24.84,3400
2007-03-27,UUP,stock,24.87,24.87,24.84,24.84,200
2007-03-26,UUP,stock,24.91,24.91,24.85,24.85,3100
2007-03-23,UUP,stock,24.87,24.93,24.87,24.93,4100
2007-03-22,UUP,stock,24.8,24.8,24.6,24.776,17500
2007-03-21,UUP,stock,24.78,24.78,24.78,24.78,200
2007-03-20,UUP,stock,24.88,24.88,24.85,24.85,1400
2007-03-19,UUP,stock,24.87,25,24.87,25,2200
2007-03-16,UUP,stock,24.86,24.89,24.86,24.87,4000
2007-03-15,UUP,stock,24.96,24.96,24.96,24.96,0
2007-03-14,UUP,stock,25.04,25.04,24.96,24.96,2000
2007-03-13,UUP,stock,25,25.02,25,25.02,1100
2007-03-12,UUP,stock,25.08,25.08,25.08,25.08,200
2007-03-09,UUP,stock,25.2,25.2,25.16,25.16,700
2007-03-08,UUP,stock,25.15,25.15,25.12,25.12,42200
2007-03-07,UUP,stock,25.08,25.08,24.99,25,2800
2007-03-06,UUP,stock,25.1,25.1,25.1,25.1,400
2007-03-05,UUP,stock,25.11,25.13,25.1,25.12,1100
2007-03-02,UUP,stock,25.02,25.26,24.95,24.96,2400
2007-03-01,UUP,stock,24.93,25,24.93,24.97,4600