﻿date,asset_ticker,asset_type,open,high,low,close,volume,merge_date,date,RSI_14,EMA_20,EMA_200,EMA_50
2025-07-25,GLD,stock,307.82,308.31,306.2,307.4,9376386,2025-07-25,2025-07-25,48.1974,309.0004,278.5647,305.9160
2025-07-24,GLD,stock,309.29,310.99,309.06,310.27,7698763,2025-07-24,2025-07-24,52.7563,309.1689,278.2749,305.8555
2025-07-23,GLD,stock,314,314.96,311.42,312.18,10547520,2025-07-23,2025-07-23,56.0314,309.0530,277.9533,305.6753
2025-07-22,GLD,stock,314.48,316.24,313.62,316.1,13691849,2025-07-22,2025-07-22,63.5500,308.7238,277.6093,305.4098
2025-07-21,GLD,stock,311.88,313.31,311.61,313.13,10995756,2025-07-21,2025-07-21,59.7502,307.9473,277.2225,304.9735
2025-07-18,GLD,stock,309.24,309.37,308.32,308.39,5574281,2025-07-18,2025-07-18,52.3960,307.4018,276.8616,304.6405
2025-07-17,GLD,stock,305.5,307.665,305.12,307.59,6642258,2025-07-17,2025-07-17,50.9927,307.2978,276.5447,304.4875
2025-07-16,GLD,stock,307.11,311.09,305.73,308.26,17693100,2025-07-16,2025-07-16,52.1891,307.2670,276.2327,304.3609
2025-07-15,GLD,stock,307.73,308.74,305.79,306.73,8149008,2025-07-15,2025-07-15,49.6858,307.1625,275.9109,304.2017
2025-07-14,GLD,stock,309.07,309.38,307.73,308.01,5772879,2025-07-14,2025-07-14,51.7924,307.2080,275.6011,304.0985
2025-07-11,GLD,stock,308.855,310.28,308.5153,309.14,9187302,2025-07-11,2025-07-11,53.6574,307.1236,275.2754,303.9389
2025-07-10,GLD,stock,306.11,306.51,304.82,306.2,7059561,2025-07-10,2025-07-10,49.2418,306.9113,274.9350,303.7266
2025-07-09,GLD,stock,303.58,305.54,303.23,305.52,10644077,2025-07-09,2025-07-09,48.1814,306.9862,274.6208,303.6256
2025-07-08,GLD,stock,306.3,306.445,302.77,304.16,11840545,2025-07-08,2025-07-08,46.0898,307.1406,274.3103,303.5483
2025-07-07,GLD,stock,305.07,307.705,304.53,307.37,7351641,2025-07-07,2025-07-07,50.5629,307.4543,274.0103,303.5233
2025-07-03,GLD,stock,307.05,307.57,306.15,307.14,5275838,2025-07-03,2025-07-03,50.2416,307.4632,273.6750,303.3663
2025-07-02,GLD,stock,308.035,309.395,306.96,309.25,8316377,2025-07-02,2025-07-02,53.1862,307.4972,273.3387,303.2123
2025-07-01,GLD,stock,308.555,309,307.36,307.55,9335647,2025-07-01,2025-07-01,51.0394,307.3127,272.9778,302.9659
2025-06-30,GLD,stock,302.385,304.92,301.95,304.83,8192086,2025-06-30,2025-06-30,47.4597,307.2877,272.6303,302.7787
2025-06-27,GLD,stock,300.03,302.36,299.89,301.22,13301308,2025-06-27,2025-06-27,42.2567,307.5464,272.3067,302.6950
2025-06-26,GLD,stock,305.77,307.28,304.855,306.78,6787517,2025-06-26,2025-06-26,49.2288,308.2124,272.0161,302.7552
2025-06-25,GLD,stock,305.31,307.36,305.12,307.12,6733155,2025-06-25,2025-06-25,49.6943,308.3631,271.6667,302.5909
2025-06-24,GLD,stock,305.07,306.34,303.54,306.19,12035177,2025-06-24,2025-06-24,48.4562,308.4940,271.3104,302.4061
2025-06-23,GLD,stock,310.34,312.67,310.31,311.08,12687916,2025-06-23,2025-06-23,55.0745,308.7365,270.9599,302.2516
2025-06-20,GLD,stock,309.33,310.89,309.25,310.13,8794711,2025-06-20,2025-06-20,53.9396,308.4899,270.5566,301.8913
2025-06-18,GLD,stock,312.89,312.98,309.86,310.26,9370785,2025-06-18,2025-06-18,54.1133,308.3172,270.1589,301.5550
2025-06-17,GLD,stock,312.66,313,310.12,311.94,8234115,2025-06-17,2025-06-17,56.2885,308.1127,269.7559,301.1997
2025-06-16,GLD,stock,314.8,314.87,311.65,311.78,12848440,2025-06-16,2025-06-16,56.1326,307.7098,269.3319,300.7613
2025-06-13,GLD,stock,317.26,317.6,315.0375,316.29,16592949,2025-06-13,2025-06-13,61.9138,307.2814,268.9053,300.3116
2025-06-12,GLD,stock,311.74,313.1,311.15,312.2,11531407,2025-06-12,2025-06-12,58.2969,306.3331,268.4291,299.6594
2025-06-11,GLD,stock,307.5,308.615,305.85,308.37,9248766,2025-06-11,2025-06-11,54.5432,305.7155,267.9892,299.1476
2025-06-10,GLD,stock,308.31,308.6,305.87,306.71,7071702,2025-06-10,2025-06-10,52.8346,305.4361,267.5833,298.7711
2025-06-09,GLD,stock,305.39,307.61,305.06,306.62,7159036,2025-06-09,2025-06-09,52.7452,305.3020,267.1901,298.4471
2025-06-06,GLD,stock,309.09,309.2,305.1,305.18,7787508,2025-06-06,2025-06-06,51.3755,305.1633,266.7938,298.1135
2025-06-05,GLD,stock,311.24,312.2,307.6501,309.33,10856012,2025-06-05,2025-06-05,55.6955,305.1615,266.4080,297.8251
2025-06-04,GLD,stock,309.41,311.88,308.74,310.9,7462529,2025-06-04,2025-06-04,57.3907,304.7228,265.9767,297.3555
2025-06-03,GLD,stock,309.56,309.56,307.15,308.91,9315081,2025-06-03,2025-06-03,55.8076,304.0725,265.5252,296.8027
2025-06-02,GLD,stock,309.21,311.72,308.72,311.67,13593232,2025-06-02,2025-06-02,58.6122,303.5633,265.0891,296.3085
2025-05-30,GLD,stock,303.64,304.02,301.5,303.6,9553260,2025-05-30,2025-05-30,52.0726,302.7100,264.6210,295.6815
2025-05-29,GLD,stock,305.74,306.89,304.46,305.61,9502412,2025-05-29,2025-05-29,54.0477,302.6163,264.2292,295.3583
2025-05-28,GLD,stock,304.64,304.99,303.06,303.81,8803333,2025-05-28,2025-05-28,52.5511,302.3012,263.8134,294.9398
2025-05-27,GLD,stock,303.81,304.875,302.74,304.5,9578486,2025-05-27,2025-05-27,53.1675,302.1424,263.4114,294.5778
2025-05-23,GLD,stock,308.86,310.25,307.47,309.75,13339473,2025-05-23,2025-05-23,57.9714,301.8942,262.9984,294.1728
2025-05-22,GLD,stock,305.09,305.28,302.1,303.11,9704165,2025-05-22,2025-05-22,52.9822,301.0672,262.5286,293.5370
2025-05-21,GLD,stock,304.55,306.46,303.67,305.82,12414518,2025-05-21,2025-05-21,55.4781,300.8522,262.1207,293.1463
2025-05-20,GLD,stock,298.35,303.6825,298.3,303.58,12850980,2025-05-20,2025-05-20,53.8079,300.3293,261.6815,292.6290
2025-05-19,GLD,stock,297.845,298.58,296.482,298.03,11656261,2025-05-19,2025-05-19,49.4446,299.9871,261.2604,292.1820
2025-05-16,GLD,stock,292.62,294.575,291.78,294.24,14173039,2025-05-16,2025-05-16,46.2236,300.1931,260.8909,291.9433
2025-05-15,GLD,stock,294.1,297.9,293.75,297.84,13497735,2025-05-15,2025-05-15,48.9758,300.8198,260.5557,291.8496
2025-05-14,GLD,stock,293.67,294.8,291.96,293.16,14800596,2025-05-14,2025-05-14,45.0244,301.1334,260.1810,291.6050
2025-05-13,GLD,stock,299.02,300.3,297.24,299.46,10233603,2025-05-13,2025-05-13,49.8500,301.9727,259.8496,291.5416
2025-05-12,GLD,stock,298.33,299.47,296.82,298.19,14375881,2025-05-12,2025-05-12,48.8233,302.2372,259.4515,291.2184
2025-05-09,GLD,stock,307.79,308.57,306.0101,306.84,6913131,2025-05-09,2025-05-09,56.0855,302.6633,259.0621,290.9338
2025-05-08,GLD,stock,309.76,310.48,303.05,304.63,11927583,2025-05-08,2025-05-08,54.4791,302.2236,258.5819,290.2846
2025-05-07,GLD,stock,312.1,313.26,310.08,310.75,7909976,2025-05-07,2025-05-07,60.1355,301.9703,258.1192,289.6991
2025-05-06,GLD,stock,313.12,315.62,311.4,315.48,11445270,2025-05-06,2025-05-06,64.9771,301.0461,257.5902,288.8398
2025-05-05,GLD,stock,305.92,307.65,304.675,306.88,8924009,2025-05-05,2025-05-05,59.4676,299.5268,257.0084,287.7525
2025-05-02,GLD,stock,300.17,300.85,297.03,297.98,8678366,2025-05-02,2025-05-02,52.2489,298.7528,256.5072,286.9718
2025-05-01,GLD,stock,297.41,297.94,295.32,297.46,14969062,2025-05-01,2025-05-01,51.7830,298.8341,256.0904,286.5225
2025-04-30,GLD,stock,304.605,306.065,303.44,303.77,8331894,2025-04-30,2025-04-30,58.1790,298.9787,255.6746,286.0760
2025-04-29,GLD,stock,305.81,306.95,304,306.06,6852106,2025-04-29,2025-04-29,60.7058,298.4744,255.1912,285.3538
2025-04-28,GLD,stock,304.15,309.11,302.97,309.07,9375484,2025-04-28,2025-04-28,64.1039,297.6759,254.6800,284.5087
2025-04-25,GLD,stock,301.78,305.37,301.01,304.73,10691590,2025-04-25,2025-04-25,61.1957,296.4765,254.1333,283.5062
2025-04-24,GLD,stock,306.98,308.495,304.71,308.07,10844971,2025-04-24,2025-04-24,64.9564,295.6077,253.6248,282.6399
2025-04-23,GLD,stock,304.18,304.74,300.59,303.65,25421464,2025-04-23,2025-04-23,62.0939,294.2959,253.0776,281.6019
2025-04-22,GLD,stock,317.49,317.63,310.36,311.11,35242287,2025-04-22,2025-04-22,71.2101,293.3113,252.5694,280.7020
2025-04-21,GLD,stock,315.015,316.41,313.945,315.59,20372259,2025-04-21,2025-04-21,77.5599,291.4377,251.9810,279.4609
2025-04-17,GLD,stock,306.31,307.13,302.73,306.12,18287825,2025-04-17,2025-04-17,72.7990,288.8954,251.3417,277.9862
2025-04-16,GLD,stock,304.65,308.0599,303.8,307.47,20778079,2025-04-16,2025-04-16,74.9026,287.0823,250.7912,276.8379
2025-04-15,GLD,stock,296.93,298.02,296.09,297.78,7924134,2025-04-15,2025-04-15,68.9161,284.9362,250.2216,275.5876
2025-04-14,GLD,stock,295.54,296.58,294.53,296.23,12427590,2025-04-14,2025-04-14,67.7743,283.5842,249.7436,274.6818
2025-04-11,GLD,stock,297.96,299.275,296.81,297.93,21080132,2025-04-11,2025-04-11,70.4082,282.2531,249.2764,273.8023
2025-04-10,GLD,stock,288.805,292.86,287.231,292.35,19837799,2025-04-10,2025-04-10,66.4321,280.6029,248.7874,272.8175
2025-04-09,GLD,stock,282.22,285.87,281.04,285.38,25342180,2025-04-09,2025-04-09,60.2349,279.3664,248.3496,272.0202
2025-04-08,GLD,stock,277.8665,278.32,274.24,275.2,12639534,2025-04-08,2025-04-08,46.9529,278.7334,247.9774,271.4749
2025-04-07,GLD,stock,278.855,280.14,272.58,273.71,19806990,2025-04-07,2025-04-07,44.4303,279.1053,247.7038,271.3229
2025-04-04,GLD,stock,283.64,284.03,278.02,279.72,21517158,2025-04-04,2025-04-04,54.0589,279.6732,247.4425,271.2254
2025-04-03,GLD,stock,282.78,289.09,282.45,286.42,20524385,2025-04-03,2025-04-03,69.6937,279.6683,247.1181,270.8787
2025-04-02,GLD,stock,288.28,289.03,287.36,288.16,11074787,2025-04-02,2025-04-02,74.9189,278.9576,246.7231,270.2444
2025-04-01,GLD,stock,288.54,289.13,285.91,287.57,15923553,2025-04-01,2025-04-01,74.3125,277.9889,246.3066,269.5131
2025-03-31,GLD,stock,287.53,288.39,285.85,288.14,13925100,2025-03-31,2025-03-31,75.9600,276.9804,245.8919,268.7761
2025-03-28,GLD,stock,283.82,284.64,282.86,284.06,9563660,2025-03-28,2025-03-28,71.8054,275.8057,245.4673,267.9858
2025-03-27,GLD,stock,280.55,282.065,279.5868,281.97,8476335,2025-03-27,2025-03-27,69.2800,274.9368,245.0794,267.3297
2025-03-26,GLD,stock,278.93,279.02,277.78,278.24,3741843,2025-03-26,2025-03-26,63.9253,274.1965,244.7087,266.7321
2025-03-25,GLD,stock,278.78,279.96,278.27,278.47,5090179,2025-03-25,2025-03-25,64.5697,273.7708,244.3717,266.2624
2025-03-24,GLD,stock,278.91,279.089,276.86,277.25,7870109,2025-03-24,2025-03-24,62.7185,273.2762,244.0290,265.7641
2025-03-21,GLD,stock,279.46,279.46,276.59,278.49,9359340,2025-03-21,2025-03-21,65.9717,272.8579,243.6951,265.2953
2025-03-20,GLD,stock,279.49,280.9,279.43,280.75,5863288,2025-03-20,2025-03-20,72.3202,272.2650,243.3454,264.7568
2025-03-19,GLD,stock,279.85,281.479,279.06,281.11,8822197,2025-03-19,2025-03-19,73.3645,271.3719,242.9695,264.1040
2025-03-18,GLD,stock,279.9,280.215,278.97,279.96,9596547,2025-03-18,2025-03-18,72.1726,270.3468,242.5862,263.4099
2025-03-17,GLD,stock,275.54,276.79,275.39,276.73,8583359,2025-03-17,2025-03-17,68.4959,269.3349,242.2106,262.7343
2025-03-14,GLD,stock,276.27,276.3,274.66,275.24,13364965,2025-03-14,2025-03-14,66.6059,268.5564,241.8636,262.1631
2025-03-13,GLD,stock,271.57,275.345,271.55,275.13,13741460,2025-03-13,2025-03-13,66.4680,267.8529,241.5282,261.6293
2025-03-12,GLD,stock,268.47,271.23,268.36,270.33,7236239,2025-03-12,2025-03-12,59.7298,267.0869,241.1905,261.0783
2025-03-11,GLD,stock,268.47,269.73,268.4401,269.16,8436562,2025-03-11,2025-03-11,57.8109,266.7455,240.8976,260.7007
2025-03-10,GLD,stock,267.62,268.44,265.64,266.04,7334888,2025-03-10,2025-03-10,52.1670,266.4914,240.6136,260.3554
2025-03-07,GLD,stock,269.09,270.34,267.64,268.39,10431236,2025-03-07,2025-03-07,57.5517,266.5389,240.3580,260.1234
2025-03-06,GLD,stock,268.25,269.51,268.16,268.25,6136447,2025-03-06,2025-03-06,57.3080,266.3440,240.0763,259.7860
2025-03-05,GLD,stock,267.97,270.26,267.96,269.62,6990354,2025-03-05,2025-03-05,60.4632,266.1434,239.7931,259.4405
2025-03-04,GLD,stock,269.01,269.4,267.52,269.06,8481343,2025-03-04,2025-03-04,59.6193,265.7774,239.4934,259.0250
2025-03-03,GLD,stock,265.07,266.88,265.07,266.74,7725647,2025-03-03,2025-03-03,56.0072,265.4319,239.1962,258.6154
2025-02-28,GLD,stock,262.555,263.4,261.25,263.27,11504491,2025-02-28,2025-02-28,49.7663,265.2942,238.9194,258.2838
2025-02-27,GLD,stock,266.49,266.67,264.4475,264.93,9374626,2025-02-27,2025-02-27,53.1133,265.5073,238.6747,258.0803
2025-02-26,GLD,stock,267.08,269.08,266.6612,269.03,7276033,2025-02-26,2025-02-26,62.8000,265.5680,238.4108,257.8007
2025-02-25,GLD,stock,271.46,271.6796,266.45,268.62,10079777,2025-02-25,2025-02-25,62.1592,265.2036,238.1031,257.3423
2025-02-24,GLD,stock,271.45,272.32,270.375,272.21,5374360,2025-02-24,2025-02-24,72.2836,264.8440,237.7964,256.8820
2025-02-21,GLD,stock,270.795,271.51,269.51,270.74,8917431,2025-02-21,2025-02-21,70.4538,264.0686,237.4505,256.2564
2025-02-20,GLD,stock,270.23,271.84,270.17,270.99,7356900,2025-02-20,2025-02-20,71.1961,263.3664,237.1159,255.6652
2025-02-19,GLD,stock,270.68,271.33,269.24,270.85,9342452,2025-02-19,2025-02-19,71.0374,262.5639,236.7755,255.0397
2025-02-18,GLD,stock,269.68,271.0099,269.6,270.7,8185949,2025-02-18,2025-02-18,70.8778,261.6916,236.4330,254.3944
2025-02-14,GLD,stock,270.07,270.21,265.45,266.29,11546721,2025-02-14,2025-02-14,65.7207,260.7434,236.0886,253.7289
2025-02-13,GLD,stock,268.4,270.39,268.22,270.31,8347547,2025-02-13,2025-02-13,77.3089,260.1595,235.7851,253.2162
2025-02-12,GLD,stock,267.15,268.43,266.3451,267.67,9328598,2025-02-12,2025-02-12,74.5751,259.0911,235.4381,252.5185
2025-02-11,GLD,stock,267.7,268.36,266.711,267.39,7169450,2025-02-11,2025-02-11,74.2698,258.1880,235.1142,251.9000
2025-02-10,GLD,stock,268,268.66,267.24,268.37,13250312,2025-02-10,2025-02-10,77.2859,257.2194,234.7898,251.2678
2025-02-07,GLD,stock,265.22,266.345,263.26,263.9,9154042,2025-02-07,2025-02-07,72.5675,256.0456,234.4523,250.5698
2025-02-06,GLD,stock,263.66,263.72,261.49,263.43,8731433,2025-02-06,2025-02-06,71.9996,255.2189,234.1564,250.0257
2025-02-05,GLD,stock,264.45,265.99,263.89,264.13,12681127,2025-02-05,2025-02-05,74.1217,254.3545,233.8622,249.4785
2025-02-04,GLD,stock,261.83,262.54,261.35,262.5,9850412,2025-02-04,2025-02-04,72.3602,253.3255,233.5580,248.8805
2025-02-03,GLD,stock,259.75,261.3897,259.5236,259.94,11521093,2025-02-03,2025-02-03,69.3141,252.3598,233.2671,248.3246
2025-01-31,GLD,stock,259.08,259.99,257.86,258.56,8965576,2025-01-31,2025-01-31,67.5225,251.5619,232.9990,247.8505
2025-01-30,GLD,stock,257.2,258.29,256.45,258.05,12981164,2025-01-30,2025-01-30,66.8584,250.8253,232.7421,247.4134
2025-01-29,GLD,stock,254.55,254.82,253.3,254.2,5671753,2025-01-29,2025-01-29,61.3138,250.0648,232.4878,246.9793
2025-01-28,GLD,stock,254.225,255.25,253.891,255.18,5332005,2025-01-28,2025-01-28,63.8382,249.6295,232.2696,246.6845
2025-01-27,GLD,stock,253.86,254.26,251.92,252.99,5799780,2025-01-27,2025-01-27,60.4602,249.0452,232.0393,246.3378
2025-01-24,GLD,stock,255.96,257.07,255.61,255.65,7341337,2025-01-24,2025-01-24,67.5804,248.6300,231.8287,246.0663
2025-01-23,GLD,stock,253.19,254.54,252.82,254.07,6511526,2025-01-23,2025-01-23,65.3282,247.8910,231.5893,245.6751
2025-01-22,GLD,stock,254.29,254.68,253.7801,254.43,5213777,2025-01-22,2025-01-22,66.3027,247.2406,231.3634,245.3325
2025-01-21,GLD,stock,251.95,253.3598,251.83,253.13,7668119,2025-01-21,2025-01-21,64.5285,246.4838,231.1316,244.9611
2025-01-17,GLD,stock,249.7,250.81,249.15,249.27,8312858,2025-01-17,2025-01-17,58.5047,245.7842,230.9105,244.6277
2025-01-16,GLD,stock,250.56,251.39,250.27,250.6,9235998,2025-01-16,2025-01-16,61.8661,245.4173,230.7260,244.4382
2025-01-15,GLD,stock,248.21,248.9,247.0102,248.88,6344973,2025-01-15,2025-01-15,59.0400,244.8717,230.5262,244.1867
2025-01-14,GLD,stock,245.62,247.04,245.52,247.03,4914837,2025-01-14,2025-01-14,55.7660,244.4498,230.3418,243.9952
2025-01-13,GLD,stock,246.34,246.79,245.151,245.74,8448595,2025-01-13,2025-01-13,53.3516,244.1782,230.1740,243.8713
2025-01-10,GLD,stock,248.01,249.04,247.55,248.21,12380131,2025-01-10,2025-01-10,59.0855,244.0138,230.0176,243.7950
2025-01-08,GLD,stock,245.72,246.45,244.51,245.86,6303334,2025-01-08,2025-01-08,54.7932,243.5721,229.8348,243.6148
2025-01-07,GLD,stock,245.52,245.77,243.81,244.56,5090333,2025-01-07,2025-01-07,52.2182,243.3313,229.6737,243.5232
2025-01-06,GLD,stock,242.33,243.79,242.05,243.19,3758903,2025-01-06,2025-01-06,49.3978,243.2019,229.5241,243.4808
2025-01-03,GLD,stock,244.56,244.82,243.36,243.49,4875546,2025-01-03,2025-01-03,49.9979,243.2032,229.3868,243.4927
2025-01-02,GLD,stock,244.22,245.53,244.08,245.42,6241899,2025-01-02,2025-01-02,53.9103,243.1730,229.2450,243.4928
2024-12-31,GLD,stock,241.05,242.52,241.05,242.13,2522102,2024-12-31,2024-12-31,47.3943,242.9364,229.0824,243.4142
2024-12-30,GLD,stock,241.08,241.08,239.58,240.63,3522539,2024-12-30,2024-12-30,44.0452,243.0213,228.9513,243.4666
2024-12-27,GLD,stock,241.2,241.95,241.05,241.4,4728440,2024-12-27,2024-12-27,45.4237,243.2731,228.8339,243.5824
2024-12-26,GLD,stock,242.39,243.56,242.195,243.07,4651778,2024-12-26,2024-12-26,48.4792,243.4702,228.7076,243.6714
2024-12-24,GLD,stock,241.49,241.66,240.82,241.44,2421008,2024-12-24,2024-12-24,45.1342,243.5123,228.5633,243.6960
2024-12-23,GLD,stock,241.6,241.67,240.65,240.96,5835498,2024-12-23,2024-12-23,44.1426,243.7305,228.4339,243.7881
2024-12-20,GLD,stock,241.41,242.955,241.17,242.1,9527805,2024-12-20,2024-12-20,45.9751,244.0221,228.3080,243.9035
2024-12-19,GLD,stock,239.67,240.05,238.73,239.6,8113568,2024-12-19,2024-12-19,40.9863,244.2244,228.1694,243.9771
2024-12-18,GLD,stock,243.57,243.7095,238.82,239.26,8015848,2024-12-18,2024-12-18,40.2899,244.7112,228.0545,244.1558
2024-12-17,GLD,stock,243.8,244.55,243.23,243.94,4421339,2024-12-17,2024-12-17,47.4454,245.2850,227.9419,244.3556
2024-12-16,GLD,stock,245.41,245.54,244.29,244.88,3310036,2024-12-16,2024-12-16,49.0707,245.4266,227.7811,244.3726
2024-12-13,GLD,stock,245.67,245.94,244.27,244.29,6602591,2024-12-13,2024-12-13,48.0331,245.4842,227.6093,244.3518
2024-12-12,GLD,stock,247.81,248.24,246.87,247.28,10149585,2024-12-12,2024-12-12,53.1266,245.6099,227.4416,244.3544
2024-12-11,GLD,stock,249.35,251.26,248.97,250.96,11033776,2024-12-11,2024-12-11,60.4527,245.4341,227.2422,244.2350
2024-12-10,GLD,stock,247.86,248.86,247.83,248.59,4641963,2024-12-10,2024-12-10,56.8983,244.8524,227.0039,243.9605
2024-12-09,GLD,stock,246.28,247.11,245.2595,245.36,4711536,2024-12-09,2024-12-09,51.3665,244.4590,226.7869,243.7715
2024-12-06,GLD,stock,242.79,243.86,242.435,242.95,3540698,2024-12-06,2024-12-06,46.6199,244.3641,226.6002,243.7067
2024-12-05,GLD,stock,244.16,244.38,242.15,242.86,4806206,2024-12-05,2024-12-05,46.4387,244.5130,226.4359,243.7376
2024-12-04,GLD,stock,244.93,245.34,244.365,244.67,4608584,2024-12-04,2024-12-04,49.5831,244.6870,226.2709,243.7734
2024-12-03,GLD,stock,244.96,245.18,243.3,243.93,3557819,2024-12-03,2024-12-03,48.2529,244.6887,226.0859,243.7368
2024-12-02,GLD,stock,244.46,244.5805,243.14,243.44,4765001,2024-12-02,2024-12-02,47.3996,244.7686,225.9066,243.7289
2024-11-29,GLD,stock,245.25,245.81,244.73,245.59,2700669,2024-11-29,2024-11-29,50.8135,244.9085,225.7304,243.7407
2024-11-27,GLD,stock,244.85,245.1835,243.2,243.49,6930587,2024-11-27,2024-11-27,47.3758,244.8367,225.5308,243.6652
2024-11-26,GLD,stock,242.71,243.09,241.58,242.95,4945897,2024-11-26,2024-11-26,46.4827,244.9785,225.3503,243.6724
2024-11-25,GLD,stock,244.27,244.3999,241.48,242.48,10733109,2024-11-25,2024-11-25,45.7385,245.1920,225.1734,243.7018
2024-11-22,GLD,stock,248.2,250.39,247.86,249.84,7502963,2024-11-22,2024-11-22,57.3324,245.4775,224.9995,243.7517
2024-11-21,GLD,stock,246.23,246.81,245.69,246.66,7646429,2024-11-21,2024-11-21,52.5019,245.0183,224.7498,243.5032
2024-11-20,GLD,stock,243.74,245.21,243.51,244.62,6630737,2024-11-20,2024-11-20,49.0671,244.8455,224.5296,243.3744
2024-11-19,GLD,stock,242.75,243.31,242.03,243.25,6579103,2024-11-19,2024-11-19,46.6617,244.8692,224.3277,243.3235
2024-11-18,GLD,stock,240.46,241.495,240.45,241.09,6512986,2024-11-18,2024-11-18,42.7000,245.0396,224.1375,243.3265
2024-11-15,GLD,stock,237.57,237.88,236.33,236.59,7299482,2024-11-15,2024-11-15,33.0852,245.4554,223.9672,243.4178
2024-11-14,GLD,stock,236.57,237.9886,236.1326,237.01,8262426,2024-11-14,2024-11-14,33.5734,246.3886,223.8403,243.6965
2024-11-13,GLD,stock,241.31,241.47,237.59,237.63,8431694,2024-11-13,2024-11-13,34.2666,247.3758,223.7079,243.9694
2024-11-12,GLD,stock,241.29,241.66,239.39,240.05,10145510,2024-11-12,2024-11-12,37.0381,248.4017,223.5680,244.2282
2024-11-11,GLD,stock,242.73,242.73,241.06,242.14,11653848,2024-11-11,2024-11-11,39.6072,249.2808,223.4024,244.3987
2024-11-08,GLD,stock,249.07,249.35,247.78,247.96,6267916,2024-11-08,2024-11-08,48.2635,250.0325,223.2141,244.4909
2024-11-07,GLD,stock,248.29,250.24,248.12,249.65,8821445,2024-11-07,2024-11-07,51.2857,250.2506,222.9654,244.3493
2024-11-06,GLD,stock,245.635,247.35,244.9506,245.7,14600217,2024-11-06,2024-11-06,43.6238,250.3138,222.6972,244.1329
2024-11-05,GLD,stock,253.78,253.9893,252.41,253.4,6029884,2024-11-05,2024-11-05,60.9869,250.7995,222.4660,244.0690
2024-11-04,GLD,stock,253.32,253.58,252.27,252.83,4581435,2024-11-04,2024-11-04,59.8895,250.5258,222.1551,243.6881
2024-11-01,GLD,stock,254.33,254.86,252.435,252.47,6473012,2024-11-01,2024-11-01,59.2167,250.2832,221.8468,243.3150
2024-10-31,GLD,stock,255.52,255.6,252.2,253.51,9930827,2024-10-31,2024-10-31,62.0067,250.0530,221.5390,242.9413
2024-10-30,GLD,stock,256.76,257.71,255.9101,257.5,6386196,2024-10-30,2024-10-30,74.5134,249.6891,221.2177,242.5099
2024-10-29,GLD,stock,254.49,256.29,254.23,256.09,8875470,2024-10-29,2024-10-29,72.7070,248.8669,220.8531,241.8981
2024-10-28,GLD,stock,253.01,253.63,252.95,253.33,4029110,2024-10-28,2024-10-28,68.6709,248.1066,220.4989,241.3188
2024-10-25,GLD,stock,252,253.5499,251.77,253.32,4424475,2024-10-25,2024-10-25,68.6553,247.5568,220.1690,240.8286
2024-10-24,GLD,stock,253.27,253.32,251.4,252.8,5962188,2024-10-24,2024-10-24,67.8834,246.9501,219.8358,240.3187
2024-10-23,GLD,stock,253.08,253.18,250.2,250.87,8080958,2024-10-23,2024-10-23,64.9046,246.3343,219.5045,239.8093
2024-10-22,GLD,stock,253.06,253.94,252.52,253.93,5756321,2024-10-22,2024-10-22,75.1688,245.8569,219.1893,239.3578
2024-10-21,GLD,stock,252.74,253.14,250.73,251.22,9258590,2024-10-21,2024-10-21,71.4567,245.0071,218.8401,238.7630
2024-10-18,GLD,stock,250,251.37,249.9,251.27,7833614,2024-10-18,2024-10-18,71.6402,244.3531,218.5147,238.2546
2024-10-17,GLD,stock,247.75,249.06,247.62,248.63,5176170,2024-10-17,2024-10-17,67.5557,243.6250,218.1855,237.7233
2024-10-16,GLD,stock,247.62,248.09,246.36,247.15,5431939,2024-10-16,2024-10-16,64.9262,243.0982,217.8795,237.2782
2024-10-15,GLD,stock,244.99,246.55,244.53,245.92,5640831,2024-10-15,2024-10-15,62.5860,242.6717,217.5853,236.8752
2024-10-14,GLD,stock,245.16,245.86,244.26,245.07,3922892,2024-10-14,2024-10-14,60.9125,242.3298,217.3006,236.5061
2024-10-11,GLD,stock,244.5,245.92,244.47,245.47,5789546,2024-10-11,2024-10-11,62.1268,242.0413,217.0215,236.1565
2024-10-10,GLD,stock,241.77,243.02,241.5101,242.82,4792690,2024-10-10,2024-10-10,56.8330,241.6804,216.7356,235.7764
2024-10-09,GLD,stock,241.16,241.84,240.64,241.05,4120486,2024-10-09,2024-10-09,52.7355,241.5604,216.4734,235.4889
2024-10-08,GLD,stock,243.79,244.04,240.63,242.37,7669807,2024-10-08,2024-10-08,56.4458,241.6142,216.2264,235.2619
2024-10-07,GLD,stock,244.58,244.82,243.81,244.17,3849026,2024-10-07,2024-10-07,61.9664,241.5346,215.9637,234.9718
2024-10-04,GLD,stock,245,246.69,244.045,245,5951628,2024-10-04,2024-10-04,64.6747,241.2572,215.6802,234.5963
2024-10-03,GLD,stock,244.72,245.91,243.69,245.49,5674503,2024-10-03,2024-10-03,66.2624,240.8632,215.3855,234.1717
2024-10-02,GLD,stock,245.61,246.07,243.99,245.66,6798783,2024-10-02,2024-10-02,66.7906,240.3762,215.0829,233.7097
2024-10-01,GLD,stock,245.2,246.98,245.06,245.61,10605494,2024-10-01,2024-10-01,66.7181,239.8200,214.7756,233.2220
2024-09-30,GLD,stock,243.97,244.08,242.5,243.06,6919352,2024-09-30,2024-09-30,62.8830,239.2105,214.4657,232.7163
2024-09-27,GLD,stock,246.31,246.75,244.19,245.02,8329633,2024-09-27,2024-09-27,68.5181,238.8053,214.1784,232.2941
2024-09-26,GLD,stock,246.44,247.37,245.19,246.98,7041063,2024-09-26,2024-09-26,74.7371,238.1511,213.8684,231.7747
2024-09-25,GLD,stock,246.19,246.47,244.79,245.73,7393448,2024-09-25,2024-09-25,73.3021,237.2218,213.5356,231.1541
2024-09-24,GLD,stock,243.39,246.19,243.15,246.07,8386348,2024-09-24,2024-09-24,74.3690,236.3262,213.2121,230.5591
2024-09-23,GLD,stock,242.97,243.46,242.585,242.68,5426166,2024-09-23,2024-09-23,70.3769,235.3005,212.8818,229.9261
2024-09-20,GLD,stock,241.11,242.625,240.47,242.21,7737416,2024-09-20,2024-09-20,69.7708,234.5237,212.5823,229.4055
2024-09-19,GLD,stock,238.24,239.515,237.39,239.17,6108226,2024-09-19,2024-09-19,65.5352,233.7146,212.2846,228.8829
2024-09-18,GLD,stock,238.19,240.2896,235.3,235.51,11081114,2024-09-18,2024-09-18,59.1338,233.1404,212.0144,228.4630
2024-09-17,GLD,stock,238.08,238.6,236.61,237.34,5257119,2024-09-17,2024-09-17,64.7144,232.8910,211.7782,228.1753
2024-09-16,GLD,stock,238.73,239.278,238.05,238.66,4713541,2024-09-16,2024-09-16,69.0811,232.4226,211.5213,227.8013
2024-09-13,GLD,stock,238.13,238.98,237.7575,238.68,7455078,2024-09-13,2024-09-13,69.1467,231.7661,211.2486,227.3581
2024-09-12,GLD,stock,234.63,236.45,234.42,236.33,9944986,2024-09-12,2024-09-12,65.5779,231.0383,210.9729,226.8959
2024-09-11,GLD,stock,231.72,232.87,231.09,232.25,4637312,2024-09-11,2024-09-11,57.6876,230.4813,210.7180,226.5109
2024-09-10,GLD,stock,232.39,232.74,231.12,232.62,4378349,2024-09-10,2024-09-10,58.8230,230.2951,210.5016,226.2766
2024-09-09,GLD,stock,231.26,231.62,230.39,231.6,3548806,2024-09-09,2024-09-09,56.6383,230.0504,210.2794,226.0177
2024-09-06,GLD,stock,231.83,232.76,229.62,230.63,6315824,2024-09-06,2024-09-06,54.5068,229.8872,210.0651,225.7899
2024-09-05,GLD,stock,232.72,232.89,231.33,232.35,4838112,2024-09-05,2024-09-05,59.3069,229.8090,209.8584,225.5923
2024-09-04,GLD,stock,229.79,231.06,229.375,230.43,4628694,2024-09-04,2024-09-04,55.2192,229.5416,209.6323,225.3165
2024-09-03,GLD,stock,230.38,230.54,228.52,230.29,6417918,2024-09-03,2024-09-03,54.9126,229.4481,209.4233,225.1078
2024-08-30,GLD,stock,232.53,232.86,230.5501,231.29,5742963,2024-08-30,2024-08-30,57.5254,229.3594,209.2136,224.8962
2024-08-29,GLD,stock,231.95,233.61,231.92,232.95,5524161,2024-08-29,2024-08-29,62.0785,229.1562,208.9917,224.6353
2024-08-28,GLD,stock,232,232.02,230.73,231.75,4961482,2024-08-28,2024-08-28,59.9507,228.7569,208.7509,224.2959
2024-08-27,GLD,stock,231.69,233.47,231.5701,233.39,4435606,2024-08-27,2024-08-27,64.5468,228.4418,208.5198,223.9916
2024-08-26,GLD,stock,233.45,233.5,232.06,232.76,3151384,2024-08-26,2024-08-26,63.5500,227.9209,208.2699,223.6080
2024-08-23,GLD,stock,231.04,232.73,230.5199,232.02,5418171,2024-08-23,2024-08-23,62.3969,227.4116,208.0237,223.2345
2024-08-22,GLD,stock,230.35,230.38,228.26,229.37,5765369,2024-08-22,2024-08-22,57.9759,226.9265,207.7826,222.8759
2024-08-21,GLD,stock,231.69,232.87,230.48,232.15,5337388,2024-08-21,2024-08-21,65.4745,226.6693,207.5656,222.6108
2024-08-20,GLD,stock,233.71,234.01,231.13,232.46,9073611,2024-08-20,2024-08-20,66.3633,226.0923,207.3185,222.2215
2024-08-19,GLD,stock,230.15,231.78,229.74,231.61,5164817,2024-08-19,2024-08-19,65.1591,225.4221,207.0658,221.8036
2024-08-16,GLD,stock,229.99,232.02,229.005,231.99,11924536,2024-08-16,2024-08-16,66.1421,224.7707,206.8192,221.4033
2024-08-15,GLD,stock,226.51,227.5,225.12,226.91,5273310,2024-08-15,2024-08-15,58.3410,224.0108,206.5662,220.9712
2024-08-14,GLD,stock,226.55,227.48,225.35,226.2,5462495,2024-08-14,2024-08-14,57.0569,223.7056,206.3617,220.7288
2024-08-13,GLD,stock,228.07,228.87,227.59,228.06,6740238,2024-08-13,2024-08-13,61.6819,223.4430,206.1623,220.5055
2024-08-12,GLD,stock,226.14,228.535,225.965,228.41,5561259,2024-08-12,2024-08-12,62.5681,222.9570,205.9423,220.1971
2024-08-09,GLD,stock,224.82,225.28,223.82,224.56,4441017,2024-08-09,2024-08-09,56.1302,222.3830,205.7165,219.8619
2024-08-08,GLD,stock,222.73,224.25,222.515,224.01,6327054,2024-08-08,2024-08-08,55.1060,222.1539,205.5271,219.6702
2024-08-07,GLD,stock,221.94,222.31,220.35,220.55,5287817,2024-08-07,2024-08-07,48.0161,221.9585,205.3413,219.4930
2024-08-06,GLD,stock,221.5,222.14,220.11,220.7,14362267,2024-08-06,2024-08-06,48.3233,222.1068,205.1885,219.4499
2024-08-05,GLD,stock,220.56,223.1,220.241,222.48,8939011,2024-08-05,2024-08-05,51.9885,222.2548,205.0326,219.3989
2024-08-02,GLD,stock,227.95,228.76,222.865,225.34,11109387,2024-08-02,2024-08-02,58.6225,222.2311,204.8572,219.2731
2024-08-01,GLD,stock,226.74,227.57,225.05,225.77,7217224,2024-08-01,2024-08-01,59.6858,221.9039,204.6514,219.0255
2024-07-31,GLD,stock,223.73,226.6,223.64,226.55,7316552,2024-07-31,2024-07-31,61.5668,221.4969,204.4391,218.7502
2024-07-30,GLD,stock,221.41,222.92,220.355,222.52,4939531,2024-07-30,2024-07-30,54.7209,220.9650,204.2169,218.4318
2024-07-29,GLD,stock,221.26,221.55,219.045,220.32,4665057,2024-07-29,2024-07-29,50.2266,220.8013,204.0329,218.2650
2024-07-26,GLD,stock,219.96,221.04,219.7,220.63,6328784,2024-07-26,2024-07-26,50.8875,220.8520,203.8693,218.1811
2024-07-25,GLD,stock,219.02,219.2607,217.52,218.33,9777054,2024-07-25,2024-07-25,45.9916,220.8754,203.7008,218.0811
2024-07-24,GLD,stock,223.47,224.88,221.74,221.8,6838783,2024-07-24,2024-07-24,53.4572,221.1433,203.5538,218.0710
2024-07-23,GLD,stock,222.34,222.75,221.86,222.58,4435700,2024-07-23,2024-07-23,55.3319,221.0742,203.3704,217.9188
2024-07-22,GLD,stock,221.58,221.92,220.4,221.8,5334060,2024-07-22,2024-07-22,53.8283,220.9157,203.1773,217.7285
2024-07-19,GLD,stock,221.52,222.68,221.41,221.73,8665956,2024-07-19,2024-07-19,53.6985,220.8226,202.9902,217.5623
2024-07-18,GLD,stock,227.71,228.32,225.57,225.78,5485459,2024-07-18,2024-07-18,63.2584,220.7271,202.8018,217.3922
2024-07-17,GLD,stock,228.79,229.65,226.67,227.23,8620511,2024-07-17,2024-07-17,67.2380,220.1952,202.5709,217.0499
2024-07-16,GLD,stock,225.45,228.29,225.3,228.29,11070663,2024-07-16,2024-07-16,70.2375,219.4547,202.3231,216.6343
2024-07-15,GLD,stock,223.39,225.59,223.02,223.83,5719339,2024-07-15,2024-07-15,63.9552,218.5246,202.0621,216.1586
2024-07-12,GLD,stock,222.03,223.62,221.86,223.11,5179297,2024-07-12,2024-07-12,62.7775,217.9662,201.8433,215.8455
2024-07-11,GLD,stock,222.65,224.1489,221.48,223.25,9323981,2024-07-11,2024-07-11,63.1500,217.4247,201.6296,215.5490
2024-07-10,GLD,stock,220.14,220.71,219.16,219.36,5556185,2024-07-10,2024-07-10,56.4873,216.8115,201.4123,215.2346
2024-07-09,GLD,stock,218.57,219.29,217.265,218.56,3904495,2024-07-09,2024-07-09,54.9311,216.5433,201.2319,215.0663
2024-07-08,GLD,stock,219.64,220.04,217.41,218.19,5790811,2024-07-08,2024-07-08,54.2281,216.3310,201.0578,214.9237
2024-07-05,GLD,stock,219.58,221.28,219.58,220.93,5950550,2024-07-05,2024-07-05,60.7436,216.1353,200.8856,214.7903
2024-07-03,GLD,stock,217.34,218.7397,217.33,217.99,5055313,2024-07-03,2024-07-03,55.4051,215.6306,200.6841,214.5397
2024-07-02,GLD,stock,215.33,216.08,214.6204,215.56,4921672,2024-07-02,2024-07-02,50.2083,215.3822,200.5102,214.3989
2024-07-01,GLD,stock,215.25,216,214.485,215.57,3797921,2024-07-01,2024-07-01,50.2306,215.3635,200.3590,214.3515
2024-06-28,GLD,stock,215.64,215.8148,214.82,215.01,3955080,2024-06-28,2024-06-28,49.0503,215.3418,200.2061,214.3018
2024-06-27,GLD,stock,214.71,215.5,214.45,214.99,4977837,2024-06-27,2024-06-27,49.0102,215.3767,200.0573,214.2729
2024-06-26,GLD,stock,212.39,213.11,212.1204,212.58,4690348,2024-06-26,2024-06-26,44.0857,215.4174,199.9072,214.2436
2024-06-25,GLD,stock,214.96,215.31,214.12,214.56,3847694,2024-06-25,2024-06-25,47.5922,215.7161,199.7799,214.3115
2024-06-24,GLD,stock,215.55,215.94,215.2,215.63,4626923,2024-06-24,2024-06-24,49.5708,215.8378,199.6313,214.3014
2024-06-21,GLD,stock,217.83,217.9,214.255,214.78,8935399,2024-06-21,2024-06-21,47.9754,215.8597,199.4705,214.2471
2024-06-20,GLD,stock,216.32,218.7413,216.15,218.16,7290516,2024-06-20,2024-06-20,54.3208,215.9733,199.3167,214.2254
2024-06-18,GLD,stock,214.38,215.83,214.04,215.47,4921415,2024-06-18,2024-06-18,49.3722,215.7432,199.1273,214.0648
2024-06-17,GLD,stock,214.9,215.24,213.6,214.61,3877671,2024-06-17,2024-06-17,47.6899,215.7719,198.9630,214.0074
2024-06-14,GLD,stock,215.34,216.04,214.98,215.73,7076496,2024-06-14,2024-06-14,49.6865,215.8942,198.8058,213.9828
2024-06-13,GLD,stock,214.44,214.96,212.26,212.97,5861099,2024-06-13,2024-06-13,44.3556,215.9115,198.6357,213.9115
2024-06-12,GLD,stock,216.47,216.55,214.2,214.72,5911883,2024-06-12,2024-06-12,47.3067,216.2211,198.4916,213.9500
2024-06-11,GLD,stock,213.95,214.38,213.24,214.15,4004085,2024-06-11,2024-06-11,46.2246,216.3792,198.3285,213.9185
2024-06-10,GLD,stock,213.13,214.02,212.76,213.54,4219641,2024-06-10,2024-06-10,45.1043,216.6138,198.1695,213.9091
2024-06-07,GLD,stock,215.07,215.19,211.54,211.6,12195073,2024-06-07,2024-06-07,41.5056,216.9374,198.0150,213.9241
2024-06-06,GLD,stock,218.36,219.97,218.1,219.43,5283914,2024-06-06,2024-06-06,55.0243,217.4992,197.8785,214.0190
2024-06-05,GLD,stock,216.69,218.0795,215.93,217.82,5479226,2024-06-05,2024-06-05,52.0419,217.2960,197.6619,213.7982
2024-06-04,GLD,stock,216.24,216.24,214.2,215.27,5509361,2024-06-04,2024-06-04,46.8593,217.2408,197.4593,213.6340
2024-06-03,GLD,stock,215.92,217.82,215.54,217.22,6172606,2024-06-03,2024-06-03,50.7539,217.4482,197.2803,213.5672
2024-05-31,GLD,stock,217.77,217.96,214.65,215.3,5617183,2024-05-31,2024-05-31,46.7040,217.4723,197.0799,213.4181
2024-05-30,GLD,stock,216.69,217.51,216.41,216.57,3071290,2024-05-30,2024-05-30,49.1886,217.7009,196.8968,213.3413
2024-05-29,GLD,stock,216.92,217.16,216.12,216.16,4184972,2024-05-29,2024-05-29,48.3651,217.8200,196.6991,213.2095
2024-05-28,GLD,stock,218.43,218.59,217.21,218.19,3809677,2024-05-28,2024-05-28,52.2588,217.9947,196.5035,213.0891
2024-05-24,GLD,stock,216.96,217.21,215.74,215.92,4212379,2024-05-24,2024-05-24,47.9039,217.9741,196.2855,212.8809
2024-05-23,GLD,stock,218.78,219.23,215.66,215.72,9537911,2024-05-23,2024-05-23,47.5122,218.1904,196.0882,212.7569
2024-05-22,GLD,stock,223.09,223.24,219.7407,220.11,8903115,2024-05-22,2024-05-22,56.1115,218.4504,195.8909,212.6359
2024-05-21,GLD,stock,224.77,225.21,223.7,224.23,4002615,2024-05-21,2024-05-21,66.6193,218.2757,195.6475,212.3309
2024-05-20,GLD,stock,223.79,225.66,223.02,224.56,5990860,2024-05-20,2024-05-20,67.5603,217.6489,195.3602,211.8452
2024-05-17,GLD,stock,222.18,223.8501,221.67,223.66,10481937,2024-05-17,2024-05-17,66.3568,216.9215,195.0668,211.3262
2024-05-16,GLD,stock,220.14,220.585,219.41,220.03,4301652,2024-05-16,2024-05-16,60.9282,216.2121,194.7794,210.8228
2024-05-15,GLD,stock,219.06,221.19,217.65,220.89,9297715,2024-05-15,2024-05-15,63.1706,215.8103,194.5256,210.4470
2024-05-14,GLD,stock,217.31,218.3795,216.98,218.09,4662679,2024-05-14,2024-05-14,58.5597,215.2756,194.2606,210.0207
2024-05-13,GLD,stock,217.06,217.31,215.8,216.26,4896343,2024-05-13,2024-05-13,55.1521,214.9793,194.0211,209.6914
2024-05-10,GLD,stock,219.22,219.6,218.08,218.71,8700917,2024-05-10,2024-05-10,61.4319,214.8445,193.7976,209.4233
2024-05-09,GLD,stock,214.48,216.95,214.44,216.95,7732469,2024-05-09,2024-05-09,58.2617,214.4376,193.5473,209.0442
2024-05-08,GLD,stock,213.62,214.8,213.5,213.58,4462736,2024-05-08,2024-05-08,51.1178,214.1731,193.3121,208.7215
2024-05-07,GLD,stock,214.52,214.93,213.88,214.21,5660735,2024-05-07,2024-05-07,52.6831,214.2356,193.1084,208.5232
2024-05-06,GLD,stock,215.14,215.91,214.47,215.2,6840477,2024-05-06,2024-05-06,55.1472,214.2383,192.8963,208.2911
2024-05-03,GLD,stock,212.89,213.225,210.71,212.96,8679910,2024-05-03,2024-05-03,50.2592,214.1370,192.6721,208.0091
2024-05-02,GLD,stock,211.9,213.705,211.49,213.13,6286967,2024-05-02,2024-05-02,50.6482,214.2609,192.4682,207.8070
2024-05-01,GLD,stock,212.96,215.5,212.41,213.79,10373880,2024-05-01,2024-05-01,52.1019,214.3800,192.2606,207.5898
2024-04-30,GLD,stock,213.38,214.1271,211.8,211.87,11248615,2024-04-30,2024-04-30,48.0761,214.4421,192.0442,207.3367
2024-04-29,GLD,stock,216.02,217.215,215.25,216.18,6409870,2024-04-29,2024-04-29,58.2878,214.7128,191.8449,207.1517
2024-04-26,GLD,stock,216.77,217.0676,215.53,216.62,6268504,2024-04-26,2024-04-26,59.4856,214.5584,191.6004,206.7832
2024-04-25,GLD,stock,214.47,217.05,214.3357,215.92,6606512,2024-04-25,2024-04-25,58.2172,214.3414,191.3489,206.3817
2024-04-24,GLD,stock,214.76,216.35,214.36,214.64,5741072,2024-04-24,2024-04-24,55.8714,214.1752,191.1020,205.9923
2024-04-23,GLD,stock,213.96,215.86,213.87,215.04,10730332,2024-04-23,2024-04-23,56.7967,214.1263,190.8654,205.6394
2024-04-22,GLD,stock,216.35,216.9578,215.14,215.57,13404253,2024-04-22,2024-04-22,57.9781,214.0301,190.6224,205.2557
2024-04-19,GLD,stock,220.49,222.36,220.08,221.03,8688967,2024-04-19,2024-04-19,72.3798,213.8680,190.3717,204.8347
2024-04-18,GLD,stock,221.31,221.4599,219.312,220.34,6496885,2024-04-18,2024-04-18,71.5505,213.1141,190.0636,204.1737
2024-04-17,GLD,stock,221.05,221.76,218.52,219.59,11521054,2024-04-17,2024-04-17,70.6614,212.3535,189.7593,203.5138
2024-04-16,GLD,stock,220.18,221.99,218.78,221.22,10746123,2024-04-16,2024-04-16,75.4178,211.5917,189.4595,202.8576
2024-04-15,GLD,stock,217.94,221.03,215.16,220.95,13238952,2024-04-15,2024-04-15,75.1607,210.5782,189.1403,202.1081
2024-04-12,GLD,stock,221.87,225.09,216.02,216.89,30898775,2024-04-12,2024-04-12,70.9115,209.4864,188.8206,201.3391
2024-04-11,GLD,stock,216.85,219.84,215.89,219.8,11415224,2024-04-11,2024-04-11,80.0223,208.7071,188.5385,200.7044
2024-04-10,GLD,stock,215.37,217.78,214.68,215.61,13317492,2024-04-10,2024-04-10,75.8787,207.5394,188.2243,199.9249
2024-04-09,GLD,stock,217.81,218.86,216.45,217.67,13007514,2024-04-09,2024-04-09,83.8151,206.6899,187.9491,199.2847
2024-04-08,GLD,stock,215.98,216.81,214.61,216.48,10271169,2024-04-08,2024-04-08,82.8531,205.5341,187.6504,198.5343
2024-04-05,GLD,stock,212.49,215.74,212.22,215.14,13257073,2024-04-05,2024-04-05,81.7168,204.3819,187.3606,197.8018
2024-04-04,GLD,stock,212,213.45,211.02,211.52,12212708,2024-04-04,2024-04-04,78.0713,203.2495,187.0814,197.0942
2024-04-03,GLD,stock,210.57,212.83,210.3,212.74,10537858,2024-04-03,2024-04-03,83.2669,202.3789,186.8358,196.5054
2024-04-02,GLD,stock,209.07,211.03,208.36,210.89,13312934,2024-04-02,2024-04-02,81.5368,201.2883,186.5755,195.8427
2024-04-01,GLD,stock,208.68,208.73,206.29,207.82,13455629,2024-04-01,2024-04-01,78.0377,200.2775,186.3311,195.2285
2024-03-28,GLD,stock,204.54,206.05,203.87,205.72,9194473,2024-03-28,2024-03-28,75.0321,199.4836,186.1152,194.7146
2024-03-27,GLD,stock,202.32,203.22,202.32,203.1,6040980,2024-03-27,2024-03-27,70.3277,198.8271,185.9181,194.2654
2024-03-26,GLD,stock,202.65,202.76,201.07,201.64,5752677,2024-03-26,2024-03-26,67.1223,198.3774,185.7454,193.9048
2024-03-25,GLD,stock,201.19,201.95,200.965,200.99,4034750,2024-03-25,2024-03-25,65.5854,198.0339,185.5857,193.5891
2024-03-22,GLD,stock,201.32,201.86,199.715,200.35,6918508,2024-03-22,2024-03-22,64.0488,197.7228,185.4309,193.2870
2024-03-21,GLD,stock,203.88,203.92,200.6,201.97,7396540,2024-03-21,2024-03-21,71.5584,197.4462,185.2809,192.9987
2024-03-20,GLD,stock,199.16,202.66,199.12,202.18,9593754,2024-03-20,2024-03-20,72.5827,196.9700,185.1132,192.6325
2024-03-19,GLD,stock,199.62,199.81,198.935,199.8,4657527,2024-03-19,2024-03-19,67.7197,196.4216,184.9417,192.2429
2024-03-18,GLD,stock,199.66,200.145,199.51,200.03,7206823,2024-03-18,2024-03-18,68.8150,196.0660,184.7924,191.9344
2024-03-15,GLD,stock,199.94,200.634,199.57,199.71,4556710,2024-03-15,2024-03-15,68.1495,195.6487,184.6392,191.6040
2024-03-14,GLD,stock,200.37,200.47,199.34,200.35,6845201,2024-03-14,2024-03-14,70.9620,195.2212,184.4877,191.2731
2024-03-13,GLD,stock,200.44,201.86,200.35,201.19,5625501,2024-03-13,2024-03-13,74.7203,194.6814,184.3283,190.9026
2024-03-12,GLD,stock,200.42,200.6277,199.16,199.79,9362953,2024-03-12,2024-03-12,72.4632,193.9962,184.1589,190.4827
2024-03-11,GLD,stock,201.71,202.41,201.46,202,7136184,2024-03-11,2024-03-11,83.3746,193.3864,184.0018,190.1028
2024-03-08,GLD,stock,200.89,203.3,200.4459,201.63,13540110,2024-03-08,2024-03-08,82.9761,192.4797,183.8209,189.6172
2024-03-07,GLD,stock,199.54,200.11,198.91,199.94,8403737,2024-03-07,2024-03-07,81.0495,191.5165,183.6419,189.1269
2024-03-06,GLD,stock,198.08,199.3,197.44,198.81,10459292,2024-03-06,2024-03-06,79.6173,190.6298,183.4781,188.6856
2024-03-05,GLD,stock,197.44,198.14,196.65,197.19,9672210,2024-03-05,2024-03-05,77.3372,189.7687,183.3240,188.2723
2024-03-04,GLD,stock,194.15,196.3299,193.88,196.01,12216341,2024-03-04,2024-03-04,75.4822,188.9875,183.1846,187.9084
2024-03-01,GLD,stock,190.27,193.4,189.44,192.89,13410997,2024-03-01,2024-03-01,69.3156,188.2483,183.0557,187.5777
2024-02-29,GLD,stock,189.64,189.918,189.23,189.31,6848639,2024-02-29,2024-02-29,58.0823,187.7597,182.9569,187.3608
2024-02-28,GLD,stock,188.34,188.52,188.0301,188.34,2824131,2024-02-28,2024-02-28,53.8298,187.5965,182.8931,187.2813
2024-02-27,GLD,stock,188.58,188.72,187.88,188,5165376,2024-02-27,2024-02-27,52.2532,187.5183,182.8383,187.2381
2024-02-26,GLD,stock,187.79,188.36,187.53,188.2,4491937,2024-02-26,2024-02-26,53.2463,187.4676,182.7864,187.2070
2024-02-23,GLD,stock,187.56,189.18,187.46,188.62,6827271,2024-02-23,2024-02-23,55.2957,187.3905,182.7320,187.1664
2024-02-22,GLD,stock,187.56,187.64,187.05,187.56,4550823,2024-02-22,2024-02-22,50.8636,187.2610,182.6729,187.1071
2024-02-21,GLD,stock,187.88,188.04,187.1,187.48,5789951,2024-02-21,2024-02-21,50.5198,187.2296,182.6237,187.0886
2024-02-20,GLD,stock,187.96,188.03,187.4,187.47,5531152,2024-02-20,2024-02-20,50.4795,187.2032,182.5749,187.0727
2024-02-16,GLD,stock,185.076,186.67,184.835,186.34,6518526,2024-02-16,2024-02-16,45.8625,187.1751,182.5257,187.0564
2024-02-15,GLD,stock,185.6,186.02,185.095,185.66,6228859,2024-02-15,2024-02-15,42.8870,187.2630,182.4874,187.0857
2024-02-14,GLD,stock,184.27,184.88,183.78,184.42,7031562,2024-02-14,2024-02-14,37.0263,187.4318,182.4555,187.1439
2024-02-13,GLD,stock,185.35,185.38,184.33,184.53,9525794,2024-02-13,2024-02-13,37.3419,187.7488,182.4358,187.2550
2024-02-12,GLD,stock,186.6,187.27,186.36,187.11,4706253,2024-02-12,2024-02-12,45.8557,188.0876,182.4147,187.3663
2024-02-09,GLD,stock,187.56,187.77,187.14,187.6,4412654,2024-02-09,2024-02-09,47.7768,188.1905,182.3675,187.3767
2024-02-08,GLD,stock,187.91,188.5298,187.8199,188.33,3873445,2024-02-08,2024-02-08,50.7160,188.2527,182.3150,187.3676
2024-02-07,GLD,stock,188.45,189.39,188.28,188.5,6276879,2024-02-07,2024-02-07,51.3997,188.2445,182.2545,187.3283
2024-02-06,GLD,stock,187.94,188.854,187.742,188.55,4866122,2024-02-06,2024-02-06,51.5897,188.2176,182.1917,187.2805
2024-02-05,GLD,stock,186.875,187.82,186.7,187.57,5436062,2024-02-05,2024-02-05,48.0986,188.1826,182.1278,187.2287
2024-02-02,GLD,stock,188.07,188.87,187.85,188.61,7337573,2024-02-02,2024-02-02,51.7782,188.2471,182.0731,187.2148
2024-02-01,GLD,stock,189.71,191.36,188.99,190.41,10278129,2024-02-01,2024-02-01,59.0364,188.2089,182.0074,187.1578
2024-01-31,GLD,stock,189.37,190.46,188.13,188.45,7886115,2024-01-31,2024-01-31,52.2715,187.9772,181.9230,187.0251
2024-01-30,GLD,stock,189.7,189.83,187.975,188.59,4976467,2024-01-30,2024-01-30,52.8504,187.9275,181.8574,186.9669
2024-01-29,GLD,stock,188.31,188.54,187.1899,188.33,5629695,2024-01-29,2024-01-29,51.9324,187.8577,181.7897,186.9007
2024-01-26,GLD,stock,187.27,187.38,186.76,187.01,5064774,2024-01-26,2024-01-26,47.0744,187.8080,181.7240,186.8423
2024-01-25,GLD,stock,187.34,187.64,186.46,187.14,4651026,2024-01-25,2024-01-25,47.5136,187.8920,181.6709,186.8355
2024-01-24,GLD,stock,188.33,188.37,186.32,186.4,5935310,2024-01-24,2024-01-24,44.7913,187.9712,181.6159,186.8231
2024-01-23,GLD,stock,187.45,188.15,187.28,187.95,5040771,2024-01-23,2024-01-23,49.8167,188.1366,181.5678,186.8403
2024-01-22,GLD,stock,187.23,187.7601,186.85,187.22,4397522,2024-01-22,2024-01-22,47.2274,188.1562,181.5037,186.7950
2024-01-19,GLD,stock,188.26,188.3,187.44,187.93,5719650,2024-01-19,2024-01-19,49.5357,188.2548,181.4462,186.7777
2024-01-18,GLD,stock,186.36,187.4,186.3,187.37,4685239,2024-01-18,2024-01-18,47.6622,188.2890,181.3811,186.7307
2024-01-17,GLD,stock,187.31,187.42,185.45,185.84,8643163,2024-01-17,2024-01-17,42.2198,188.3857,181.3209,186.7046
2024-01-16,GLD,stock,189.15,189.26,187.54,187.91,6548068,2024-01-16,2024-01-16,48.5640,188.6537,181.2755,186.7399
2024-01-12,GLD,stock,190.67,191.08,189.16,189.71,6833678,2024-01-12,2024-01-12,55.2701,188.7320,181.2088,186.6921
2024-01-11,GLD,stock,188.02,188.55,186.56,187.87,6831086,2024-01-11,2024-01-11,48.5228,188.6290,181.1233,186.5689
2024-01-10,GLD,stock,188.14,188.44,187.205,187.5,4504726,2024-01-10,2024-01-10,47.0309,188.7089,181.0555,186.5158
2024-01-09,GLD,stock,188.68,188.78,187.73,187.93,4437269,2024-01-09,2024-01-09,48.5493,188.8361,180.9908,186.4756
2024-01-08,GLD,stock,187.21,188.74,187.11,187.87,6214968,2024-01-08,2024-01-08,48.3332,188.9315,180.9210,186.4163
2024-01-05,GLD,stock,189.68,191.26,189.08,189.35,7421774,2024-01-05,2024-01-05,53.4789,189.0433,180.8512,186.3569
2024-01-04,GLD,stock,189.08,189.75,188.69,189.32,4416743,2024-01-04,2024-01-04,53.3855,189.0110,180.7658,186.2348
2024-01-03,GLD,stock,188.77,189.86,188.16,189.13,8661568,2024-01-03,2024-01-03,52.8285,188.9785,180.6798,186.1088
2024-01-02,GLD,stock,191.44,191.89,190.5,190.72,6025646,2024-01-02,2024-01-02,58.2361,188.9625,180.5949,185.9855
2023-12-29,GLD,stock,190.99,191.64,190.74,191.17,4612349,2023-12-29,2023-12-29,59.8460,188.7775,180.4931,185.7923
2023-12-28,GLD,stock,192.34,192.89,191.44,191.47,6171506,2023-12-28,2023-12-28,60.8880,188.5257,180.3858,185.5728
2023-12-27,GLD,stock,191.77,193.1823,191.54,192.59,5726866,2023-12-27,2023-12-27,64.7993,188.2157,180.2744,185.3321
2023-12-26,GLD,stock,190.97,191.74,190.4,191.72,4502664,2023-12-26,2023-12-26,63.0890,187.7553,180.1506,185.0358
2023-12-22,GLD,stock,191.6,191.88,190.07,190.27,7176292,2023-12-22,2023-12-22,60.0880,187.3379,180.0344,184.7630
2023-12-21,GLD,stock,189.21,189.62,188.75,189.43,4619995,2023-12-21,2023-12-21,58.2626,187.0293,179.9315,184.5382
2023-12-20,GLD,stock,188.69,188.96,188.085,188.1,6002395,2023-12-20,2023-12-20,55.2537,186.7766,179.8360,184.3386
2023-12-19,GLD,stock,188.23,189.7239,188.13,189.13,6003955,2023-12-19,2023-12-19,58.2748,186.6373,179.7530,184.1851
2023-12-18,GLD,stock,187.5,188.49,187.24,187.85,5357987,2023-12-18,2023-12-18,55.4649,186.3749,179.6587,183.9832
2023-12-15,GLD,stock,188.52,188.96,186.82,187,8324824,2023-12-15,2023-12-15,53.5354,186.2196,179.5764,183.8254
2023-12-14,GLD,stock,188.8649,189.82,188.08,188.73,9107157,2023-12-14,2023-12-14,58.3098,186.1375,179.5018,183.6958
2023-12-13,GLD,stock,183.82,187.66,183.38,187.63,10635500,2023-12-13,2023-12-13,55.9926,185.8646,179.4090,183.4903
2023-12-12,GLD,stock,183.844,183.98,183.26,183.49,5056911,2023-12-12,2023-12-12,45.3834,185.6788,179.3264,183.3214
2023-12-11,GLD,stock,184.5,184.53,183.1513,183.59,8519527,2023-12-11,2023-12-11,45.6301,185.9092,179.2846,183.3145
2023-12-08,GLD,stock,185.93,186.78,184.9,185.64,7883204,2023-12-08,2023-12-08,50.8975,186.1533,179.2413,183.3032
2023-12-07,GLD,stock,188.45,188.59,187.26,188.15,5802025,2023-12-07,2023-12-07,58.5865,186.2073,179.1770,183.2079
2023-12-06,GLD,stock,188.32,188.46,187.5,187.84,5729710,2023-12-06,2023-12-06,57.8564,186.0028,179.0868,183.0061
2023-12-05,GLD,stock,187.5501,187.88,186.3,187.15,7027722,2023-12-05,2023-12-05,56.2626,185.8094,178.9988,182.8088
2023-12-04,GLD,stock,189.599,190.38,187.26,187.86,18460544,2023-12-04,2023-12-04,58.3718,185.6683,178.9169,182.6317
2023-12-01,GLD,stock,188.805,192.395,188.685,192.01,16727571,2023-12-01,2023-12-01,73.2830,185.4376,178.8270,182.4183
2023-11-30,GLD,stock,188.89,189.24,188.28,188.75,7558123,2023-11-30,2023-11-30,67.1646,184.7458,178.6945,182.0268
2023-11-29,GLD,stock,189.16,189.99,189.02,189.54,8407253,2023-11-29,2023-11-29,70.8138,184.3243,178.5935,181.7523
2023-11-28,GLD,stock,187.9,189.4,187.52,189.26,10901890,2023-11-28,2023-11-28,70.2824,183.7753,178.4835,181.4345
2023-11-27,GLD,stock,186.56,186.8,185.93,186.77,6320420,2023-11-27,2023-11-27,65.0239,183.1979,178.3752,181.1151
2023-11-24,GLD,stock,185.47,185.75,185.16,185.52,2445058,2023-11-24,2023-11-24,61.8796,182.8219,178.2908,180.8842
2023-11-22,GLD,stock,185.47,185.72,184.2715,184.56,4338209,2023-11-22,2023-11-22,59.2682,182.5379,178.2181,180.6950
2023-11-21,GLD,stock,185.57,186.115,185.065,185.35,7322379,2023-11-21,2023-11-21,62.5420,182.3251,178.1544,180.5373
2023-11-20,GLD,stock,182.32,183.48,182.225,183.37,5393464,2023-11-20,2023-11-20,57.0163,182.0067,178.0821,180.3408
2023-11-17,GLD,stock,183.96,184.125,183.45,183.67,4871297,2023-11-17,2023-11-17,58.2247,181.8632,178.0289,180.2172
2023-11-16,GLD,stock,182.8457,184.32,182.8,183.69,8253348,2023-11-16,2023-11-16,58.3012,181.6730,177.9722,180.0763
2023-11-15,GLD,stock,182.03,182.18,181.31,181.64,4909399,2023-11-15,2023-11-15,52.3419,181.4606,177.9148,179.9288
2023-11-14,GLD,stock,181.7,182.75,181.62,182.12,6831639,2023-11-14,2023-11-14,54.0205,181.4418,177.8773,179.8589
2023-11-13,GLD,stock,179.4,180.73,179.11,180.51,5385908,2023-11-13,2023-11-13,48.9184,181.3704,177.8347,179.7666
2023-11-10,GLD,stock,180.51,180.585,179.245,179.51,7611618,2023-11-10,2023-11-10,45.4258,181.4609,177.8078,179.7363
2023-11-09,GLD,stock,180.98,182.28,180.89,181.49,6486286,2023-11-09,2023-11-09,51.9574,181.6663,177.7907,179.7455
2023-11-08,GLD,stock,182.01,182.065,180.5699,180.77,6738304,2023-11-08,2023-11-08,49.5058,181.6849,177.7535,179.6743
2023-11-07,GLD,stock,182.25,182.65,181.75,182.59,6795795,2023-11-07,2023-11-07,56.2423,181.7812,177.7232,179.6296
2023-11-06,GLD,stock,184.14,184.23,183.34,183.35,8274666,2023-11-06,2023-11-06,59.3752,181.6960,177.6743,179.5088
2023-11-03,GLD,stock,184.48,185.47,184.35,184.79,8530399,2023-11-03,2023-11-03,65.8264,181.5219,177.6173,179.3520
2023-11-02,GLD,stock,184.13,184.28,183.5,184.12,7343699,2023-11-02,2023-11-02,64.1432,181.1779,177.5452,179.1300
2023-11-01,GLD,stock,183.91,185,182.67,183.51,9048562,2023-11-01,2023-11-01,62.5852,180.8682,177.4791,178.9264
2023-10-31,GLD,stock,185.08,186.21,183.495,184.09,10104569,2023-10-31,2023-10-31,65.0819,180.5901,177.4185,178.7393
2023-10-30,GLD,stock,185.54,185.7,184.73,185.1,8756405,2023-10-30,2023-10-30,69.5695,180.2217,177.3514,178.5209
2023-10-27,GLD,stock,183.76,186.36,183.47,186.15,14102828,2023-10-27,2023-10-27,74.5306,179.7082,177.2736,178.2523
2023-10-26,GLD,stock,183.4,184.49,182.87,184.01,7671406,2023-10-26,2023-10-26,70.5570,179.0301,177.1843,177.9300
2023-10-25,GLD,stock,183.42,184.2993,182.04,183.72,10087016,2023-10-25,2023-10-25,69.9674,178.5059,177.1157,177.6818
2023-10-24,GLD,stock,182.07,183.4,181.68,182.95,6593963,2023-10-24,2023-10-24,68.4077,177.9571,177.0494,177.4354
2023-10-23,GLD,stock,183.5099,183.56,182.705,182.97,9479805,2023-10-23,2023-10-23,68.4935,177.4315,176.9901,177.2103
2023-10-20,GLD,stock,183.43,185.23,183.09,183.59,12785667,2023-10-20,2023-10-20,71.0589,176.8485,176.9300,176.9752
2023-10-19,GLD,stock,181.04,183.43,180.82,183.09,13406560,2023-10-19,2023-10-19,70.2237,176.1389,176.8630,176.7052
2023-10-18,GLD,stock,180.894,182.02,179.75,180.87,13920793,2023-10-18,2023-10-18,66.2027,175.4072,176.8005,176.4446
2023-10-17,GLD,stock,178.37,179.13,177.98,178.29,8231866,2023-10-17,2023-10-17,60.4372,174.8321,176.7596,176.2640
2023-10-16,GLD,stock,177.84,178.33,177.535,177.96,8385428,2023-10-16,2023-10-16,59.6190,174.4681,176.7442,176.1813
2023-10-13,GLD,stock,176.8921,179.095,176.72,178.83,18802885,2023-10-13,2023-10-13,62.7983,174.1006,176.7320,176.1087
2023-10-12,GLD,stock,174.06,174.23,173.24,173.26,5912663,2023-10-12,2023-10-12,45.5301,173.6027,176.7109,175.9976
2023-10-11,GLD,stock,173.6,174.125,173.26,173.79,7128002,2023-10-11,2023-10-11,47.4773,173.6388,176.7455,176.1093
2023-10-10,GLD,stock,172.08,172.795,171.9,172.53,5843995,2023-10-10,2023-10-10,42.0017,173.6229,176.7753,176.2040
2023-10-09,GLD,stock,171.18,172.86,171.075,172.82,10201547,2023-10-09,2023-10-09,42.9588,173.7380,176.8179,176.3540
2023-10-06,GLD,stock,169.17,170.23,168.5,169.7,9948433,2023-10-06,2023-10-06,26.1451,173.8346,176.8581,176.4982
2023-10-05,GLD,stock,168.74,169,168.3,168.83,6970219,2023-10-05,2023-10-05,20.0425,174.2698,176.9300,176.7757
2023-10-04,GLD,stock,169.21,169.41,168.5,169.14,10034600,2023-10-04,2023-10-04,20.6058,174.8424,177.0114,177.1000
2023-10-03,GLD,stock,169.14,170.08,168.745,169.16,11459840,2023-10-03,2023-10-03,20.6406,175.4427,177.0906,177.4249
2023-10-02,GLD,stock,170.23,170.46,169.5,169.65,12706027,2023-10-02,2023-10-02,21.4642,176.1040,177.1703,177.7622
2023-09-29,GLD,stock,173.92,174.03,171.265,171.45,10427383,2023-09-29,2023-09-29,24.8462,176.7834,177.2458,178.0933
2023-09-28,GLD,stock,173.91,174.135,172.32,173.23,10061917,2023-09-28,2023-09-28,29.0492,177.3448,177.3041,178.3645
2023-09-27,GLD,stock,175.27,175.32,173.7,174.1,10919579,2023-09-27,2023-09-27,31.4649,177.7779,177.3450,178.5741
2023-09-26,GLD,stock,176.825,177.14,176.16,176.28,7181080,2023-09-26,2023-09-26,39.0136,178.1651,177.3776,178.7567
2023-09-25,GLD,stock,178.41,178.71,177.64,177.7,5582074,2023-09-25,2023-09-25,45.6357,178.3635,177.3887,178.8578
2023-09-22,GLD,stock,178.65,178.95,178.51,178.62,3637075,2023-09-22,2023-09-22,50.8258,178.4333,177.3856,178.9050
2023-09-21,GLD,stock,177.86,178.485,177.69,178.05,7573300,2023-09-21,2023-09-21,47.3831,178.4137,177.3731,178.9167
2023-09-20,GLD,stock,179.34,180.66,179.32,179.35,9330262,2023-09-20,2023-09-20,55.6315,178.4520,177.3663,178.9520
2023-09-19,GLD,stock,179.54,179.65,179.03,179.22,4225102,2023-09-19,2023-09-19,54.9026,178.3574,177.3464,178.9358
2023-09-18,GLD,stock,178.82,179.41,178.38,179.39,5049308,2023-09-18,2023-09-18,56.0202,178.2666,177.3276,178.9242
2023-09-15,GLD,stock,178.55,179.105,178.34,178.34,5620888,2023-09-15,2023-09-15,50.2067,178.1484,177.3068,178.9052
2023-09-14,GLD,stock,176.5,177.39,176.36,177.17,6184382,2023-09-14,2023-09-14,42.3173,178.1282,177.2965,178.9283
2023-09-13,GLD,stock,177.53,177.75,177.035,177.08,3874788,2023-09-13,2023-09-13,41.6570,178.2291,177.2977,179.0000
2023-09-12,GLD,stock,177.11,177.7,177.05,177.49,4445435,2023-09-12,2023-09-12,43.7767,178.3501,177.2999,179.0784
2023-09-11,GLD,stock,178.97,179.07,178.261,178.41,3689085,2023-09-11,2023-09-11,48.9688,178.4406,177.2980,179.1432
2023-09-08,GLD,stock,178.36,179.045,177.9,178.08,3293699,2023-09-08,2023-09-08,46.8700,178.4438,177.2868,179.1732
2023-09-07,GLD,stock,178.31,178.3701,177.9,178.02,3257213,2023-09-07,2023-09-07,46.4985,178.4821,177.2789,179.2178
2023-09-06,GLD,stock,178.33,179.01,177.7,177.83,6427224,2023-09-06,2023-09-06,45.3754,178.5307,177.2714,179.2667
2023-09-05,GLD,stock,179.33,179.4438,178.64,178.64,7056834,2023-09-05,2023-09-05,49.4879,178.6045,177.2658,179.3253
2023-09-01,GLD,stock,180.8,181.12,179.51,180.11,4970732,2023-09-01,2023-09-01,58.4089,178.6008,177.2520,179.3533
2023-08-31,GLD,stock,180.37,180.49,179.94,180.02,4795626,2023-08-31,2023-08-31,57.9782,178.4419,177.2233,179.3224
2023-08-30,GLD,stock,180.58,180.88,180.29,180.32,6593692,2023-08-30,2023-08-30,59.8979,178.2758,177.1952,179.2939
2023-08-29,GLD,stock,178.03,179.88,177.9,179.87,7576640,2023-08-29,2023-08-29,57.9590,178.0606,177.1638,179.2520
2023-08-28,GLD,stock,177.65,178.73,177.51,178.13,4740683,2023-08-28,2023-08-28,49.1280,177.8702,177.1366,179.2268
2023-08-25,GLD,stock,177.58,178.38,176.63,177.62,6132927,2023-08-25,2023-08-25,46.0432,177.8428,177.1266,179.2716
2023-08-24,GLD,stock,177.66,178.49,177.41,177.85,5526428,2023-08-24,2023-08-24,47.2428,177.8663,177.1216,179.3390
2023-08-23,GLD,stock,177.32,178.22,177.07,177.89,7949056,2023-08-23,2023-08-23,47.4425,177.8680,177.1143,179.3998
2023-08-22,GLD,stock,175.83,176.25,175.31,176.1,5892540,2023-08-22,2023-08-22,36.2491,177.8656,177.1065,179.4614
2023-08-21,GLD,stock,175.9,175.94,174.96,175.81,4206360,2023-08-21,2023-08-21,34.1389,178.0515,177.1166,179.5986
2023-08-18,GLD,stock,175.83,176.055,175.1,175.33,6253027,2023-08-18,2023-08-18,30.6088,178.2875,177.1297,179.7532
2023-08-17,GLD,stock,176.53,176.56,174.93,175.3,7937672,2023-08-17,2023-08-17,30.3923,178.5988,177.1478,179.9338
2023-08-16,GLD,stock,176.62,176.945,175.56,175.57,6559418,2023-08-16,2023-08-16,31.2060,178.9460,177.1664,180.1229
2023-08-15,GLD,stock,176.75,177.43,176.33,176.59,7582703,2023-08-15,2023-08-15,34.4410,179.3014,177.1824,180.3087
2023-08-14,GLD,stock,176.86,177.58,176.5787,177.06,9554477,2023-08-14,2023-08-14,36.0396,179.5868,177.1884,180.4605
2023-08-11,GLD,stock,177.7,178.36,177.49,177.6,5289694,2023-08-11,2023-08-11,37.9172,179.8528,177.1897,180.5993
2023-08-10,GLD,stock,178.22,178.7,177.54,177.6,5934598,2023-08-10,2023-08-10,37.9172,180.0899,177.1856,180.7217
2023-08-09,GLD,stock,178.68,178.92,177.78,177.79,4643998,2023-08-09,2023-08-09,38.5261,180.3520,177.1814,180.8491
2023-08-08,GLD,stock,178.64,179.33,178.46,178.64,6162879,2023-08-08,2023-08-08,41.2800,180.6217,177.1753,180.9740
2023-08-07,GLD,stock,180.15,180.15,179.27,179.78,4510408,2023-08-07,2023-08-07,45.3139,180.8303,177.1606,181.0693
2023-08-04,GLD,stock,180.25,180.77,179.85,180.19,5326191,2023-08-04,2023-08-04,46.8426,180.9408,177.1342,181.1219
2023-08-03,GLD,stock,179.44,179.95,179.28,179.54,4638874,2023-08-03,2023-08-03,44.0646,181.0198,177.1035,181.1599
2023-08-02,GLD,stock,180.57,180.79,179.41,179.6,6348266,2023-08-02,2023-08-02,44.2629,181.1756,177.0790,181.2261
2023-08-01,GLD,stock,180.85,181.375,180.19,180.46,6289869,2023-08-01,2023-08-01,47.0825,181.3415,177.0537,181.2924
2023-07-31,GLD,stock,182.43,183.09,182.31,182.35,5496890,2023-07-31,2023-07-31,54.1174,181.4342,177.0195,181.3264
2023-07-28,GLD,stock,181.48,182.27,181.25,181.86,3829197,2023-07-28,2023-07-28,52.4054,181.3379,176.9659,181.2846
2023-07-27,GLD,stock,181.64,181.64,180.32,180.42,7592752,2023-07-27,2023-07-27,47.0098,181.2829,176.9167,181.2611
2023-07-26,GLD,stock,182.66,183.64,182.31,183.3,6158432,2023-07-26,2023-07-26,59.5463,181.3737,176.8815,181.2955
2023-07-25,GLD,stock,181.72,182.47,181.1,182.41,4090149,2023-07-25,2023-07-25,56.1941,181.1710,176.8170,181.2137
2023-07-24,GLD,stock,182.22,182.54,181.34,181.4,4370026,2023-07-24,2023-07-24,52.0029,181.0405,176.7608,181.1648
2023-07-21,GLD,stock,182.06,182.46,181.68,182.18,3845361,2023-07-21,2023-07-21,55.8337,181.0027,176.7142,181.1552
2023-07-20,GLD,stock,183.73,183.77,182.47,182.74,4972856,2023-07-20,2023-07-20,58.7173,180.8788,176.6592,181.1134
2023-07-19,GLD,stock,183.45,183.835,182.87,183.67,3911565,2023-07-19,2023-07-19,63.7984,180.6828,176.5981,181.0470
2023-07-18,GLD,stock,182.79,184.23,182.32,183.64,8242597,2023-07-18,2023-07-18,63.7044,180.3684,176.5270,180.9399
2023-07-17,GLD,stock,180.99,181.6307,180.64,181.56,4152919,2023-07-17,2023-07-17,56.4114,180.0240,176.4556,180.8297
2023-07-14,GLD,stock,181.59,182.17,181.1101,181.43,5389968,2023-07-14,2023-07-14,55.8971,179.8623,176.4043,180.7999
2023-07-13,GLD,stock,181.96,182.15,181.49,182.01,4527900,2023-07-13,2023-07-13,58.7698,179.6973,176.3537,180.7742
2023-07-12,GLD,stock,181.18,181.95,181.1,181.88,7062010,2023-07-12,2023-07-12,58.3240,179.4539,176.2969,180.7238
2023-07-11,GLD,stock,179.43,179.71,179.13,179.45,2819610,2023-07-11,2023-07-11,48.6960,179.1985,176.2408,180.6766
2023-07-10,GLD,stock,178.37,178.92,178.2601,178.78,3320497,2023-07-10,2023-07-10,45.4708,179.1720,176.2085,180.7266
2023-07-07,GLD,stock,178.38,179.65,178.35,178.64,5201148,2023-07-07,2023-07-07,44.7974,179.2133,176.1827,180.8061
2023-07-06,GLD,stock,177.51,177.8,176.66,177.31,5132954,2023-07-06,2023-07-06,38.0491,179.2737,176.1580,180.8945
2023-07-05,GLD,stock,179.41,179.42,177.825,177.84,5652091,2023-07-05,2023-07-05,39.8518,179.4804,176.1464,181.0408
2023-07-03,GLD,stock,178.61,179.34,178.46,178.47,4085711,2023-07-03,2023-07-03,42.0509,179.6530,176.1294,181.1715
2023-06-30,GLD,stock,177.69,178.53,177.32,178.27,6420904,2023-06-30,2023-06-30,41.0927,179.7776,176.1059,181.2817
2023-06-29,GLD,stock,175.83,177.63,175.79,177.09,6862511,2023-06-29,2023-06-29,35.2246,179.9362,176.0841,181.4047
2023-06-28,GLD,stock,177.23,177.685,176.7,177.28,5866741,2023-06-28,2023-06-28,35.7572,180.2358,176.0740,181.5808
2023-06-27,GLD,stock,179.07,179.29,177.43,177.69,5036916,2023-06-27,2023-06-27,36.8743,180.5470,176.0619,181.7563
2023-06-26,GLD,stock,179.05,179.075,178.42,178.51,3222050,2023-06-26,2023-06-26,39.1455,180.8477,176.0455,181.9223
2023-06-23,GLD,stock,179.6,179.95,178.09,178.2,5419784,2023-06-23,2023-06-23,37.8007,181.0938,176.0208,182.0615
2023-06-22,GLD,stock,178.36,178.99,177.63,177.71,7948565,2023-06-22,2023-06-22,35.7154,181.3984,175.9989,182.2192
2023-06-21,GLD,stock,179.15,179.95,178.19,179.49,6702339,2023-06-21,2023-06-21,40.2693,181.7867,175.9817,182.4032
2023-06-20,GLD,stock,180.06,180.09,179.22,179.75,7586229,2023-06-20,2023-06-20,40.9779,182.0284,175.9464,182.5221
2023-06-16,GLD,stock,181.925,182.618,181.41,181.63,8779096,2023-06-16,2023-06-16,46.4686,182.2683,175.9082,182.6353
2023-06-15,GLD,stock,180.28,182.05,180.18,181.91,6739009,2023-06-15,2023-06-15,47.3459,182.3354,175.8507,182.6763
2023-06-14,GLD,stock,181.69,181.96,180.14,180.64,6807003,2023-06-14,2023-06-14,42.7972,182.3802,175.7898,182.7076
2023-06-13,GLD,stock,182.1,182.43,180.165,180.54,5126686,2023-06-13,2023-06-13,42.4336,182.5634,175.7410,182.7920
2023-06-12,GLD,stock,181.8,181.94,181.04,181.88,4875450,2023-06-12,2023-06-12,46.0781,182.7764,175.6928,182.8839
2023-06-09,GLD,stock,182.36,182.79,181.72,182.04,4380811,2023-06-09,2023-06-09,46.5211,182.8707,175.6306,182.9249
2023-06-08,GLD,stock,182,183.04,181.96,182.53,6394890,2023-06-08,2023-06-08,47.8287,182.9582,175.5662,182.9610
2023-06-07,GLD,stock,181.94,183,180.15,180.15,9066528,2023-06-07,2023-06-07,40.2544,183.0033,175.4962,182.9786
2023-06-06,GLD,stock,182.36,182.65,181.52,182.34,4967156,2023-06-06,2023-06-06,45.9551,183.3036,175.4494,183.0940
2023-06-05,GLD,stock,180.79,182.44,180.665,182.14,5748800,2023-06-05,2023-06-05,45.2982,183.4050,175.3802,183.1248
2023-06-02,GLD,stock,183.53,183.56,180.96,181.05,8726111,2023-06-02,2023-06-02,41.7126,183.5382,175.3122,183.1650
2023-06-01,GLD,stock,182.81,184.21,182.72,183.76,7300542,2023-06-01,2023-06-01,49.1503,183.8001,175.2546,183.2513
2023-05-31,GLD,stock,182.39,183.445,182.1,182.32,8435540,2023-05-31,2023-05-31,44.2451,183.8043,175.1691,183.2305
2023-05-30,GLD,stock,181.72,182.4,181.17,182.04,4906066,2023-05-30,2023-05-30,43.2567,183.9606,175.0972,183.2677
2023-05-26,GLD,stock,181.01,181.3,180.09,180.92,5823674,2023-05-26,2023-05-26,39.2575,184.1628,175.0274,183.3178
2023-05-25,GLD,stock,181.18,181.31,180.1,180.2,6919174,2023-05-25,2023-05-25,36.5896,184.5041,174.9682,183.4157
2023-05-24,GLD,stock,183.54,183.54,181.77,181.95,6732940,2023-05-24,2023-05-24,40.6157,184.9572,174.9156,183.5469
2023-05-23,GLD,stock,182.78,183.76,182.48,183.43,6345012,2023-05-23,2023-05-23,44.4572,185.2737,174.8449,183.6121
2023-05-22,GLD,stock,183.22,183.84,182.91,183.21,4834298,2023-05-22,2023-05-22,43.7225,185.4678,174.7587,183.6196
2023-05-19,GLD,stock,182.25,184.34,181.81,183.64,8434976,2023-05-19,2023-05-19,44.7980,185.7055,174.6737,183.6363
2023-05-18,GLD,stock,182.1,182.28,181.335,181.84,8812591,2023-05-18,2023-05-18,38.9618,185.9229,174.5836,183.6361
2023-05-17,GLD,stock,184.305,184.45,183.48,184.23,7474277,2023-05-17,2023-05-17,44.8018,186.3526,174.5107,183.7094
2023-05-16,GLD,stock,186.58,186.82,184.4601,184.87,9527806,2023-05-16,2023-05-16,46.5362,186.5761,174.4130,183.6882
2023-05-15,GLD,stock,187.3,187.88,187.032,187.21,5518086,2023-05-15,2023-05-15,53.5783,186.7557,174.3079,183.6400
2023-05-12,GLD,stock,187.43,187.92,186.58,186.81,7087462,2023-05-12,2023-05-12,52.4358,186.7078,174.1782,183.4942
2023-05-11,GLD,stock,188.44,188.81,186.86,187.13,8245523,2023-05-11,2023-05-11,53.4123,186.6971,174.0513,183.3589
2023-05-10,GLD,stock,188.975,189.64,187.82,188.75,9392097,2023-05-10,2023-05-10,58.5369,186.6515,173.9198,183.2050
2023-05-09,GLD,stock,188.12,189.33,188.07,189.02,7098810,2023-05-09,2023-05-09,59.4192,186.4306,173.7708,182.9787
2023-05-08,GLD,stock,187.82,188.67,187.49,187.69,6075441,2023-05-08,2023-05-08,56.4143,186.1581,173.6175,182.7321
2023-05-05,GLD,stock,186.56,187.58,185.77,187.46,12508113,2023-05-05,2023-05-05,55.8898,185.9968,173.4761,182.5297
2023-05-04,GLD,stock,188.86,191.36,188.81,190.44,14146787,2023-05-04,2023-05-04,65.3510,185.8428,173.3356,182.3285
2023-05-03,GLD,stock,187.61,189.205,186.93,189.11,11133826,2023-05-03,2023-05-03,62.7368,185.3589,173.1637,181.9974
2023-05-02,GLD,stock,184.65,187.64,184.515,187.52,13554921,2023-05-02,2023-05-02,59.3305,184.9640,173.0034,181.7071
2023-05-01,GLD,stock,186.05,186.22,183.91,183.97,7997658,2023-05-01,2023-05-01,49.8206,184.6950,172.8575,181.4698
2023-04-28,GLD,stock,184.79,185.38,184.17,184.8,6700418,2023-04-28,2023-04-28,52.4850,184.7713,172.7458,181.3678
2023-04-27,GLD,stock,183.9,184.989,183.38,184.75,9107425,2023-04-27,2023-04-27,52.3424,184.7682,172.6247,181.2277
2023-04-26,GLD,stock,186.63,186.65,184.3,184.74,7922583,2023-04-26,2023-04-26,52.3159,184.7702,172.5028,181.0839
2023-04-25,GLD,stock,184.84,186.2204,184.3,185.75,8451933,2023-04-25,2023-04-25,55.2025,184.7733,172.3798,180.9347
2023-04-24,GLD,stock,184.07,185.025,183.46,184.81,8303396,2023-04-24,2023-04-24,52.9594,184.6705,172.2454,180.7381
2023-04-21,GLD,stock,184.98,185.68,183.22,184.25,10698705,2023-04-21,2023-04-21,51.6192,184.6558,172.1192,180.5719
2023-04-20,GLD,stock,186.14,187.03,185.78,186.09,5789908,2023-04-20,2023-04-20,56.5331,184.6986,171.9972,180.4218
2023-04-19,GLD,stock,184.3499,185.58,184.28,185.36,7373518,2023-04-19,2023-04-19,54.9533,184.5521,171.8556,180.1904
2023-04-18,GLD,stock,185.24,186.99,185.04,186.25,8056928,2023-04-18,2023-04-18,57.3114,184.4671,171.7199,179.9794
2023-04-17,GLD,stock,185.89,185.93,184.1,185.53,7453033,2023-04-17,2023-04-17,55.8895,184.2794,171.5739,179.7235
2023-04-14,GLD,stock,188.08,188.4869,185.17,186.36,13272541,2023-04-14,2023-04-14,57.9559,184.1477,171.4336,179.4865
2023-04-13,GLD,stock,189.76,190.41,188.99,189.72,14060106,2023-04-13,2023-04-13,67.3108,183.9149,171.2836,179.2060
2023-04-12,GLD,stock,187.54,187.66,185.97,187.19,10000948,2023-04-12,2023-04-12,63.1521,183.3038,171.0983,178.7768
2023-04-11,GLD,stock,185.905,186.51,185.635,186.28,6031494,2023-04-11,2023-04-11,61.5170,182.8947,170.9366,178.4334
2023-04-10,GLD,stock,185.18,185.36,184.19,185.11,6408114,2023-04-10,2023-04-10,59.3642,182.5384,170.7824,178.1131
2023-04-06,GLD,stock,186.8901,187.26,185.95,186.49,6648428,2023-04-06,2023-04-06,63.2388,182.2677,170.6384,177.8276
2023-04-05,GLD,stock,188.34,188.86,186.78,187.83,11440827,2023-04-05,2023-04-05,67.1931,181.8232,170.4791,177.4740
2023-04-04,GLD,stock,184.7224,188.23,184.66,187.98,13765361,2023-04-04,2023-04-04,67.6327,181.1909,170.3047,177.0513
2023-04-03,GLD,stock,183.85,185.035,183.32,184.54,9206635,2023-04-03,2023-04-03,62.3935,180.4763,170.1270,176.6052
2023-03-31,GLD,stock,184.11,184.42,182.8,183.22,8003334,2023-03-31,2023-03-31,60.0918,180.0485,169.9822,176.2814
2023-03-30,GLD,stock,182.75,184.4401,182.55,184.18,6360296,2023-03-30,2023-03-30,62.6827,179.7147,169.8491,175.9981
2023-03-29,GLD,stock,182.49,183.27,182.24,182.53,4996493,2023-03-29,2023-03-29,59.9250,179.2447,169.7051,175.6642
2023-03-28,GLD,stock,182.31,183.62,182.12,183.44,6202597,2023-03-28,2023-03-28,62.2820,178.8989,169.5762,175.3840
2023-03-27,GLD,stock,181.15,182.15,180.69,181.95,6925046,2023-03-27,2023-03-27,59.8830,178.4208,169.4369,175.0551
2023-03-24,GLD,stock,185.606,185.99,183.62,183.65,9253075,2023-03-24,2023-03-24,64.2098,178.0494,169.3111,174.7737
2023-03-23,GLD,stock,183.91,186.24,183.5996,185.74,11347149,2023-03-23,2023-03-23,69.9825,177.4598,169.1670,174.4114
2023-03-22,GLD,stock,180.4,183.94,180.28,183.44,11969561,2023-03-22,2023-03-22,66.9458,176.5882,169.0004,173.9490
2023-03-21,GLD,stock,182.65,182.73,179.9,180.37,10734493,2023-03-21,2023-03-21,62.2072,175.8670,168.8553,173.5616
2023-03-20,GLD,stock,184.19,184.54,182.74,183.84,11845678,2023-03-20,2023-03-20,73.2249,175.3930,168.7396,173.2837
2023-03-17,GLD,stock,181.02,184.81,180.77,183.77,24156266,2023-03-17,2023-03-17,73.1358,174.5038,168.5878,172.8529
2023-03-16,GLD,stock,179.51,179.654,177.87,178.57,10764872,2023-03-16,2023-03-16,65.1289,173.5284,168.4352,172.4073
2023-03-15,GLD,stock,178.86,180.13,177.49,178.21,14546095,2023-03-15,2023-03-15,64.4477,172.9977,168.3334,172.1557
2023-03-14,GLD,stock,177.35,177.59,176.21,176.83,10019032,2023-03-14,2023-03-14,61.7908,172.4491,168.2341,171.9086
2023-03-13,GLD,stock,176.66,178.02,176.3,177.86,20554417,2023-03-13,2023-03-13,65.1660,171.9879,168.1477,171.7078
2023-03-10,GLD,stock,171.93,173.88,171.92,173.87,13803437,2023-03-10,2023-03-10,56.6481,171.3698,168.0501,171.4566
2023-03-09,GLD,stock,169.751,170.65,169.71,170.2,5582980,2023-03-09,2023-03-09,45.2038,171.1066,167.9916,171.3581
2023-03-08,GLD,stock,168.61,169.59,168.52,168.54,5718595,2023-03-08,2023-03-08,38.3706,171.2021,167.9694,171.4054
2023-03-07,GLD,stock,170.42,170.47,168.52,168.62,8713268,2023-03-07,2023-03-07,38.5859,171.4823,167.9637,171.5224
2023-03-06,GLD,stock,172.32,172.37,171.54,171.62,4264124,2023-03-06,2023-03-06,47.9573,171.7836,167.9571,171.6408
2023-03-03,GLD,stock,171.45,172.595,170.98,172.49,6894466,2023-03-03,2023-03-03,51.3132,171.8008,167.9203,171.6417
2023-03-02,GLD,stock,170.52,170.975,170.36,170.66,3952266,2023-03-02,2023-03-02,43.6051,171.7282,167.8744,171.6071
2023-03-01,GLD,stock,170.95,171.49,170.47,170.76,6590468,2023-03-01,2023-03-01,43.9583,171.8407,167.8464,171.6457
2023-02-28,GLD,stock,168.781,170.25,168.59,169.78,6761585,2023-02-28,2023-02-28,39.4996,171.9544,167.8171,171.6819
2023-02-27,GLD,stock,168.88,169.23,168.55,169.01,4509151,2023-02-27,2023-02-27,35.7714,172.1833,167.7974,171.7595
2023-02-24,GLD,stock,168.42,168.84,168.19,168.35,6496496,2023-02-24,2023-02-24,32.4587,172.5174,167.7852,171.8717
2023-02-23,GLD,stock,169.84,170.125,169.08,169.57,5073479,2023-02-23,2023-02-23,35.6113,172.9560,167.7795,172.0155
2023-02-22,GLD,stock,170.81,170.96,169.56,169.66,4105675,2023-02-22,2023-02-22,35.8498,173.3124,167.7615,172.1153
2023-02-21,GLD,stock,171.2,171.5,170.34,170.62,4035933,2023-02-21,2023-02-21,38.3971,173.6969,167.7424,172.2155
2023-02-17,GLD,stock,169.87,171.47,169.52,171.26,4809799,2023-02-17,2023-02-17,40.1638,174.0208,167.7135,172.2806
2023-02-16,GLD,stock,170.34,171.6,169.96,170.75,4540398,2023-02-16,2023-02-16,38.0548,174.3114,167.6779,172.3223
2023-02-15,GLD,stock,170.6,170.99,170.16,170.89,5435337,2023-02-15,2023-02-15,38.3998,174.6863,167.6470,172.3864
2023-02-14,GLD,stock,171.97,173.51,171.41,172.61,5403099,2023-02-14,2023-02-14,42.8293,175.0859,167.6144,172.4475
2023-02-13,GLD,stock,172.7,172.9014,172.07,172.48,3970786,2023-02-13,2023-02-13,42.3627,175.3465,167.5642,172.4409
2023-02-10,GLD,stock,173.63,173.68,172.63,173.36,2971125,2023-02-10,2023-02-10,44.6535,175.6483,167.5148,172.4393
2023-02-09,GLD,stock,175.49,175.52,172.87,173.03,5361340,2023-02-09,2023-02-09,43.5913,175.8891,167.4560,172.4017
2023-02-08,GLD,stock,174.942,174.99,173.83,174.41,4075638,2023-02-08,2023-02-08,47.1015,176.1901,167.4000,172.3761
2023-02-07,GLD,stock,173.72,175.27,173.47,173.98,6794153,2023-02-07,2023-02-07,45.8396,176.3775,167.3296,172.2931
2023-02-06,GLD,stock,174.11,174.455,173.28,173.82,8956963,2023-02-06,2023-02-06,45.3895,176.6298,167.2627,172.2242
2023-02-03,GLD,stock,174.92,175.43,173.12,173.46,13674441,2023-02-03,2023-02-03,44.4245,176.9256,167.1968,172.1591
2023-02-02,GLD,stock,181.08,181.11,177.74,177.9,8842396,2023-02-02,2023-02-02,55.6953,177.2904,167.1339,172.1060
2023-02-01,GLD,stock,179.75,181.73,178.63,181.67,7996005,2023-02-01,2023-02-01,69.6219,177.2262,167.0257,171.8695
2023-01-31,GLD,stock,178.82,179.699,178.54,179.41,5976888,2023-01-31,2023-01-31,64.7099,176.7585,166.8785,171.4695
2023-01-30,GLD,stock,179.286,179.43,178.65,178.76,4210726,2023-01-30,2023-01-30,63.1171,176.4794,166.7525,171.1454
2023-01-27,GLD,stock,179.27,179.72,178.262,179.22,6052728,2023-01-27,2023-01-27,65.0463,176.2393,166.6319,170.8346
2023-01-26,GLD,stock,180.146,180.265,178.46,179.47,5860129,2023-01-26,2023-01-26,66.0654,175.9255,166.5054,170.4923
2023-01-25,GLD,stock,179.35,181.22,179.2925,181.11,6925348,2023-01-25,2023-01-25,73.0354,175.5524,166.3751,170.1259
2023-01-24,GLD,stock,179.56,180.32,178.35,180.28,4604628,2023-01-24,2023-01-24,71.6287,174.9674,166.2270,169.6775
2023-01-23,GLD,stock,178.35,179.69,177.78,179.63,5265507,2023-01-23,2023-01-23,70.5100,174.4082,166.0857,169.2448
2023-01-20,GLD,stock,179.06,179.66,178.645,179.29,5754818,2023-01-20,2023-01-20,69.9342,173.8586,165.9496,168.8209
2023-01-19,GLD,stock,178.37,180.03,178.09,179.89,6678687,2023-01-19,2023-01-19,72.2458,173.2868,165.8155,168.3936
2023-01-18,GLD,stock,178.92,179.18,176.9,177.08,5384664,2023-01-18,2023-01-18,67.5865,172.5918,165.6741,167.9243
2023-01-17,GLD,stock,178.21,178.24,177.09,177.59,6610834,2023-01-17,2023-01-17,69.5544,172.1193,165.5595,167.5506
2023-01-13,GLD,stock,176.96,178.825,176.8934,178.76,7468768,2023-01-13,2023-01-13,74.1538,171.5435,165.4385,167.1409
2023-01-12,GLD,stock,176.01,176.71,174.88,176.64,6936919,2023-01-12,2023-01-12,70.9181,170.7838,165.3047,166.6666
2023-01-11,GLD,stock,174.76,174.79,173.72,174.62,3374201,2023-01-11,2023-01-11,67.2956,170.1674,165.1907,166.2595
2023-01-10,GLD,stock,174.61,174.98,174.06,174.74,4398411,2023-01-10,2023-01-10,67.7612,169.6987,165.0960,165.9183
2023-01-09,GLD,stock,174.51,175.035,173.881,174.1,5134503,2023-01-09,2023-01-09,66.6174,169.1680,164.9990,165.5582
2023-01-06,GLD,stock,171.76,173.96,171.23,173.71,7888954,2023-01-06,2023-01-06,65.9334,168.6489,164.9076,165.2096
2023-01-05,GLD,stock,170.824,171,169.79,170.52,4692610,2023-01-05,2023-01-05,59.6554,168.1161,164.8191,164.8626
2023-01-04,GLD,stock,172.86,173.09,171.845,172.67,7574633,2023-01-04,2023-01-04,67.4327,167.8631,164.7618,164.6317
2023-01-03,GLD,stock,171.32,172.09,170.02,171.06,7992927,2023-01-03,2023-01-03,64.1861,167.3571,164.6823,164.3036
2022-12-30,GLD,stock,169.26,169.8999,168.795,169.64,2864455,2022-12-30,2022-12-30,61.0021,166.9673,164.6182,164.0278
2022-12-29,GLD,stock,168.54,169.35,168.52,168.85,3345874,2022-12-29,2022-12-29,59.1248,166.6860,164.5678,163.7988
2022-12-28,GLD,stock,168.05,168.34,167.1,167.91,3662456,2022-12-28,2022-12-28,56.8287,166.4582,164.5247,163.5926
2022-12-27,GLD,stock,167.89,170.61,167.8,168.67,6885715,2022-12-27,2022-12-27,59.3309,166.3053,164.4907,163.4164
2022-12-23,GLD,stock,166.8801,167.795,166.66,167.26,2912300,2022-12-23,2022-12-23,55.9928,166.0564,164.4487,163.2019
2022-12-22,GLD,stock,167.76,167.7632,166.06,166.76,5672656,2022-12-22,2022-12-22,54.7704,165.9297,164.4205,163.0363
2022-12-21,GLD,stock,169.04,169.71,168.675,168.8,3990060,2022-12-21,2022-12-21,61.2122,165.8424,164.3969,162.8843
2022-12-20,GLD,stock,168.1,169.53,168.03,169.08,7803118,2022-12-20,2022-12-20,62.1438,165.5310,164.3527,162.6429
2022-12-19,GLD,stock,166.71,167.11,165.99,166.32,3940525,2022-12-19,2022-12-19,56.0172,165.1574,164.3052,162.3801
2022-12-16,GLD,stock,166.02,166.98,165.84,166.79,5371967,2022-12-16,2022-12-16,57.4884,165.0351,164.2849,162.2193
2022-12-15,GLD,stock,165.73,166.21,165.1,165.35,8370909,2022-12-15,2022-12-15,54.0555,164.8503,164.2597,162.0328
2022-12-14,GLD,stock,168.43,168.81,167.14,168.1,5642965,2022-12-14,2022-12-14,63.0898,164.7977,164.2488,161.8974
2022-12-13,GLD,stock,169.21,169.79,168.02,168.51,6750199,2022-12-13,2022-12-13,64.5841,164.4501,164.2101,161.6442
2022-12-12,GLD,stock,166.438,166.6,165.43,165.68,3504409,2022-12-12,2022-12-12,58.2453,164.0228,164.1669,161.3639
2022-12-09,GLD,stock,167.26,168.085,166.6,167.06,5431272,2022-12-09,2022-12-09,63.3820,163.8483,164.1517,161.1878
2022-12-08,GLD,stock,166.58,167.045,166.07,166.47,3217874,2022-12-08,2022-12-08,62.0535,163.5103,164.1224,160.9481
2022-12-07,GLD,stock,165.4699,166.64,165.318,166.33,4610697,2022-12-07,2022-12-07,61.7477,163.1987,164.0988,160.7227
2022-12-06,GLD,stock,165.2,165.54,164.45,164.84,3597758,2022-12-06,2022-12-06,58.4375,162.8691,164.0764,160.4938
2022-12-05,GLD,stock,166.55,166.72,164.3201,164.39,5436175,2022-12-05,2022-12-05,57.4038,162.6616,164.0687,160.3165
2022-12-02,GLD,stock,166.18,167.47,165.76,167.26,5185941,2022-12-02,2022-12-02,67.3195,162.4797,164.0655,160.1502
2022-12-01,GLD,stock,167.48,167.95,166.975,167.84,8625780,2022-12-01,2022-12-01,69.5747,161.9765,164.0334,159.8600
2022-11-30,GLD,stock,163.69,164.81,162.4,164.81,4874746,2022-11-30,2022-11-30,63.6708,161.3593,163.9952,159.5343
2022-11-29,GLD,stock,162.7,163.6299,162.6,162.73,2620637,2022-11-29,2022-11-29,58.5430,160.9961,163.9870,159.3189
2022-11-28,GLD,stock,162.93,163.06,161.91,161.93,4053918,2022-11-28,2022-11-28,56.3421,160.8136,163.9996,159.1797
2022-11-25,GLD,stock,162.85,163.43,162.765,163.22,1436508,2022-11-25,2022-11-25,61.2074,160.6961,164.0204,159.0675
2022-11-23,GLD,stock,161.69,163.24,161.56,163.08,4167005,2022-11-23,2022-11-23,60.8669,160.4304,164.0284,158.8980
2022-11-22,GLD,stock,162.3,162.6,161.72,162.07,3203837,2022-11-22,2022-11-22,58.4218,160.1515,164.0380,158.7273
2022-11-21,GLD,stock,162.44,162.5,161.28,161.88,4766512,2022-11-21,2022-11-21,57.9629,159.9495,164.0577,158.5908
2022-11-18,GLD,stock,163.38,163.69,162.68,162.79,4321075,2022-11-18,2022-11-18,60.9544,159.7463,164.0796,158.4566
2022-11-17,GLD,stock,163.79,164.1099,163.4,163.92,4578129,2022-11-17,2022-11-17,64.8112,159.4259,164.0926,158.2797
2022-11-16,GLD,stock,165.41,165.71,164.8301,165.12,3645845,2022-11-16,2022-11-16,69.1241,158.9529,164.0943,158.0495
2022-11-15,GLD,stock,165.27,166.23,164.56,165.5,9903495,2022-11-15,2022-11-15,70.5037,158.3037,164.0840,157.7609
2022-11-14,GLD,stock,164.2,165.24,164.15,164.92,6187552,2022-11-14,2022-11-14,69.6450,157.5462,164.0698,157.4450
2022-11-11,GLD,stock,163.914,164.58,163.42,164.56,4622422,2022-11-11,2022-11-11,69.1270,156.7700,164.0612,157.1399
2022-11-10,GLD,stock,162.01,163.51,161.655,163.48,9939858,2022-11-10,2022-11-10,67.5862,155.9500,164.0562,156.8371
2022-11-09,GLD,stock,159.359,160.35,158.45,158.65,6040627,2022-11-09,2022-11-09,59.1120,155.1574,164.0620,156.5659
2022-11-08,GLD,stock,155.99,159.87,155.975,159.45,11299635,2022-11-08,2022-11-08,61.5884,154.7897,164.1164,156.4808
2022-11-07,GLD,stock,156.22,156.569,155.81,155.85,4425710,2022-11-07,2022-11-07,53.4372,154.2992,164.1633,156.3597
2022-11-04,GLD,stock,154.95,156.6,154.66,156.47,7691954,2022-11-04,2022-11-04,55.3144,154.1359,164.2469,156.3805
2022-11-03,GLD,stock,150.699,151.955,150.5703,151.81,5378810,2022-11-03,2022-11-03,40.8004,153.8902,164.3250,156.3768
2022-11-02,GLD,stock,154.16,155.42,152.26,152.39,7220403,2022-11-02,2022-11-02,42.3917,154.1092,164.4508,156.5632
2022-11-01,GLD,stock,153.82,153.98,152.87,153.46,4603597,2022-11-01,2022-11-01,45.4269,154.2902,164.5720,156.7335
2022-10-31,GLD,stock,152.16,152.8721,151.89,151.91,6097760,2022-10-31,2022-10-31,39.6110,154.3775,164.6837,156.8672
2022-10-28,GLD,stock,152.96,153.54,152.5,153.16,4645440,2022-10-28,2022-10-28,43.0463,154.6373,164.8121,157.0695
2022-10-27,GLD,stock,154.7148,155.09,154.22,154.74,3654871,2022-10-27,2022-10-27,47.9246,154.7928,164.9292,157.2291
2022-10-26,GLD,stock,154.78,155.73,154.78,154.98,4451056,2022-10-26,2022-10-26,48.7031,154.7983,165.0316,157.3306
2022-10-25,GLD,stock,153.9599,154.79,153.83,154,3434053,2022-10-25,2022-10-25,45.3362,154.7792,165.1326,157.4266
2022-10-24,GLD,stock,153.45,154.06,153.06,153.65,4673274,2022-10-24,2022-10-24,44.1199,154.8612,165.2445,157.5665
2022-10-21,GLD,stock,151.98,154.31,151.83,154.15,6898351,2022-10-21,2022-10-21,45.4618,154.9887,165.3610,157.7263
2022-10-20,GLD,stock,151.92,153.23,151.27,151.45,5019849,2022-10-20,2022-10-20,35.6474,155.0770,165.4737,157.8723
2022-10-19,GLD,stock,152.09,152.49,151.54,151.69,8257060,2022-10-19,2022-10-19,36.1848,155.4588,165.6146,158.1344
2022-10-18,GLD,stock,154.08,154.2393,153.24,153.75,4528441,2022-10-18,2022-10-18,41.1271,155.8555,165.7546,158.3975
2022-10-17,GLD,stock,154.92,155.33,153.325,153.42,4348044,2022-10-17,2022-10-17,39.9062,156.0772,165.8752,158.5871
2022-10-14,GLD,stock,154.02,154.1996,152.72,152.98,5474648,2022-10-14,2022-10-14,38.3225,156.3569,166.0004,158.7980
2022-10-13,GLD,stock,153.48,155.73,152.92,154.91,7083767,2022-10-13,2022-10-13,42.9305,156.7123,166.1313,159.0355
2022-10-12,GLD,stock,155.51,156.29,155.26,155.99,3998472,2022-10-12,2022-10-12,45.7915,156.9021,166.2440,159.2039
2022-10-11,GLD,stock,155.49,156.81,154.92,155.16,5306673,2022-10-11,2022-10-11,43.0847,156.9981,166.3471,159.3351
2022-10-10,GLD,stock,155.94,156.35,155.12,155.48,6110794,2022-10-10,2022-10-10,43.8689,157.1915,166.4595,159.5055
2022-10-07,GLD,stock,158.46,158.98,157.68,157.88,5030041,2022-10-07,2022-10-07,50.2370,157.3717,166.5699,159.6698
2022-10-06,GLD,stock,159.41,159.94,158.9511,159.63,5712627,2022-10-06,2022-10-06,55.7129,157.3182,166.6572,159.7429
2022-10-05,GLD,stock,159.32,160.08,158.38,159.81,5296309,2022-10-05,2022-10-05,56.2990,157.0748,166.7278,159.7475
2022-10-04,GLD,stock,159.18,161.08,158.92,160.7,8024496,2022-10-04,2022-10-04,59.1562,156.7869,166.7974,159.7449
2022-10-03,GLD,stock,155.438,158.48,155.23,158.43,10362232,2022-10-03,2022-10-03,53.5761,156.3750,166.8587,159.7059
2022-09-30,GLD,stock,154.94,156.045,154.57,154.67,6832430,2022-09-30,2022-09-30,41.2255,156.1587,166.9434,159.7580
2022-09-29,GLD,stock,154.14,155.03,153.16,154.66,6317021,2022-09-29,2022-09-29,41.1869,156.3154,167.0667,159.9657
2022-09-28,GLD,stock,153.2,154.88,152.93,154.69,8977243,2022-09-28,2022-09-28,41.2625,156.4897,167.1914,160.1822
2022-09-27,GLD,stock,152.25,152.73,151.5,151.54,7151310,2022-09-27,2022-09-27,28.4654,156.6791,167.3170,160.4064
2022-09-26,GLD,stock,153.22,153.51,151.0301,151.23,8240501,2022-09-26,2022-09-26,27.0122,157.2201,167.4756,160.7683
2022-09-23,GLD,stock,153.9,154,152.64,153.01,9597991,2022-09-23,2022-09-23,30.2933,157.8506,167.6389,161.1576
2022-09-22,GLD,stock,156.26,156.48,155.31,155.7,5961773,2022-09-22,2022-09-22,36.5178,158.3602,167.7859,161.4902
2022-09-21,GLD,stock,155.97,157.25,154.01,155.79,7816071,2022-09-21,2022-09-21,36.7525,158.6402,167.9074,161.7265
2022-09-20,GLD,stock,155.03,155.23,154.59,155.07,5943724,2022-09-20,2022-09-20,33.5826,158.9402,168.0292,161.9688
2022-09-19,GLD,stock,154.87,156.04,154.815,155.96,5582767,2022-09-19,2022-09-19,35.6324,159.3476,168.1594,162.2504
2022-09-16,GLD,stock,154.66,156.56,154.34,155.84,7141210,2022-09-16,2022-09-16,35.1367,159.7042,168.2820,162.5072
2022-09-15,GLD,stock,156.76,157.485,154.62,154.98,13181203,2022-09-15,2022-09-15,31.6332,160.1109,168.4070,162.7793
2022-09-14,GLD,stock,158.68,158.98,157.73,157.93,6091085,2022-09-14,2022-09-14,38.2066,160.6510,168.5420,163.0976
2022-09-13,GLD,stock,158.47,159.2675,158.39,158.54,6526388,2022-09-13,2022-09-13,39.7944,160.9374,168.6486,163.3086
2022-09-12,GLD,stock,161.04,161.62,160.55,160.63,4537530,2022-09-12,2022-09-12,45.8575,161.1898,168.7502,163.5032
2022-09-09,GLD,stock,159.72,160.24,159.41,159.82,3927788,2022-09-09,2022-09-09,42.7165,161.2487,168.8319,163.6205
2022-09-08,GLD,stock,159.54,159.86,158.7115,158.98,4607118,2022-09-08,2022-09-08,39.3271,161.3991,168.9224,163.7756
2022-09-07,GLD,stock,158.15,160.15,158.08,159.94,3981410,2022-09-07,2022-09-07,41.9620,161.6538,169.0223,163.9713
2022-09-06,GLD,stock,159.17,159.46,158.32,158.33,4385797,2022-09-06,2022-09-06,35.2011,161.8342,169.1136,164.1359
2022-09-02,GLD,stock,159.3499,160.06,159.14,159.26,5196908,2022-09-02,2022-09-02,37.5472,162.2030,169.2220,164.3728
2022-09-01,GLD,stock,158.17,158.39,157.32,157.87,7390755,2022-09-01,2022-09-01,31.1817,162.5128,169.3221,164.5815
2022-08-31,GLD,stock,159.5,160.575,159.255,159.27,5438641,2022-08-31,2022-08-31,34.4673,163.0015,169.4372,164.8555
2022-08-30,GLD,stock,161.27,161.43,160.34,160.51,4856576,2022-08-30,2022-08-30,37.7377,163.3943,169.5394,165.0834
2022-08-29,GLD,stock,161.88,162.62,161.7,161.86,4583683,2022-08-29,2022-08-29,41.7417,163.6980,169.6302,165.2701
2022-08-26,GLD,stock,163.12,163.61,161.55,161.76,6689259,2022-08-26,2022-08-26,41.3134,163.8914,169.7082,165.4093
2022-08-25,GLD,stock,163.97,163.985,163.24,163.75,2857488,2022-08-25,2022-08-25,47.8080,164.1158,169.7881,165.5583
2022-08-24,GLD,stock,162.44,163.61,162.37,163.25,3202411,2022-08-24,2022-08-24,45.8209,164.1543,169.8488,165.6321
2022-08-23,GLD,stock,161.96,163.43,161.91,162.77,4425075,2022-08-23,2022-08-23,43.9174,164.2495,169.9151,165.7293
2022-08-22,GLD,stock,161.66,162.12,161.36,161.64,4458113,2022-08-22,2022-08-22,39.2521,164.4052,169.9869,165.8501
2022-08-19,GLD,stock,163.65,163.74,162.615,162.72,8172954,2022-08-19,2022-08-19,42.3810,164.6963,170.0708,166.0219
2022-08-18,GLD,stock,164.6,164.9125,163.545,163.92,3646087,2022-08-18,2022-08-18,46.1788,164.9043,170.1447,166.1567
2022-08-17,GLD,stock,165.21,165.228,163.95,164.35,5569071,2022-08-17,2022-08-17,47.5981,165.0079,170.2073,166.2480
2022-08-16,GLD,stock,165.31,165.72,165.18,165.42,4291529,2022-08-16,2022-08-16,51.2367,165.0772,170.2661,166.3254
2022-08-15,GLD,stock,165.99,166.25,165.44,165.71,5236292,2022-08-15,2022-08-15,52.2417,165.0411,170.3148,166.3624
2022-08-12,GLD,stock,167.17,167.94,166.83,167.87,5151653,2022-08-12,2022-08-12,60.4417,164.9707,170.3611,166.3890
2022-08-11,GLD,stock,167.16,167.66,166.31,166.34,4445977,2022-08-11,2022-08-11,55.8875,164.6655,170.3862,166.3286
2022-08-10,GLD,stock,167.3925,167.98,166.6201,166.78,4077274,2022-08-10,2022-08-10,57.6602,164.4892,170.4268,166.3281
2022-08-09,GLD,stock,167.48,167.8,166.82,167.2,3205505,2022-08-09,2022-08-09,59.3282,164.2481,170.4635,166.3097
2022-08-08,GLD,stock,166.03,166.8103,165.93,166.69,3457314,2022-08-08,2022-08-08,57.9568,163.9374,170.4963,166.2733
2022-08-05,GLD,stock,164.99,165.84,164.87,165.29,6023291,2022-08-05,2022-08-05,54.0037,163.6476,170.5345,166.2563
2022-08-04,GLD,stock,165.53,167.31,165.34,167.17,5502000,2022-08-04,2022-08-04,61.1763,163.4747,170.5872,166.2958
2022-08-03,GLD,stock,164.77,164.91,163.475,164.45,4417759,2022-08-03,2022-08-03,52.7442,163.0857,170.6216,166.2601
2022-08-02,GLD,stock,165.66,166.46,164.02,164.05,5725388,2022-08-02,2022-08-02,51.2999,162.9421,170.6836,166.3340
2022-08-01,GLD,stock,164.98,165.41,164.41,165.03,4666912,2022-08-01,2022-08-01,55.1335,162.8255,170.7503,166.4272
2022-07-29,GLD,stock,163.89,164.69,163.28,164.1,7537307,2022-07-29,2022-07-29,51.9707,162.5935,170.8078,166.4842
2022-07-28,GLD,stock,163.31,163.76,162.88,163.64,5606353,2022-07-28,2022-07-28,50.3636,162.4349,170.8752,166.5815
2022-07-27,GLD,stock,160.02,162.21,159.51,161.67,5709082,2022-07-27,2022-07-27,42.7450,162.3080,170.9479,166.7016
2022-07-26,GLD,stock,160.23,160.5,159.79,160.04,2672764,2022-07-26,2022-07-26,35.0904,162.3752,171.0411,166.9070
2022-07-25,GLD,stock,160.64,160.7,159.81,160.23,3713368,2022-07-25,2022-07-25,35.6056,162.6210,171.1517,167.1872
2022-07-22,GLD,stock,160.55,162.13,160.35,160.67,5733753,2022-07-22,2022-07-22,36.7665,162.8727,171.2615,167.4712
2022-07-21,GLD,stock,158.31,160.31,158.2699,160.27,5863333,2022-07-21,2022-07-21,34.9769,163.1045,171.3679,167.7488
2022-07-20,GLD,stock,159.71,159.815,158.025,158.04,4795846,2022-07-20,2022-07-20,23.8148,163.4029,171.4795,168.0541
2022-07-19,GLD,stock,159.47,159.87,159.33,159.54,3796198,2022-07-19,2022-07-19,26.6749,163.9674,171.6145,168.4628
2022-07-18,GLD,stock,160.08,160.43,159.05,159.16,5791779,2022-07-18,2022-07-18,24.5432,164.4335,171.7359,168.8270
2022-07-15,GLD,stock,159.01,159.25,158.35,159.01,6783785,2022-07-15,2022-07-15,23.7304,164.9886,171.8623,169.2216
2022-07-14,GLD,stock,159.02,159.83,158.22,159.33,12213614,2022-07-14,2022-07-14,24.2478,165.6179,171.9914,169.6384
2022-07-13,GLD,stock,160.1,162.705,160.06,161.6,8456636,2022-07-13,2022-07-13,28.3141,166.2798,172.1187,170.0591
2022-07-12,GLD,stock,161.22,161.62,160.72,160.83,5375081,2022-07-12,2022-07-12,24.3164,166.7724,172.2244,170.4044
2022-07-11,GLD,stock,161.93,162.435,161.3757,161.43,4321663,2022-07-11,2022-07-11,25.3388,167.3979,172.3389,170.7952
2022-07-08,GLD,stock,162.35,163.38,161.84,162.3,4584112,2022-07-08,2022-07-08,26.8594,168.0261,172.4486,171.1774
2022-07-07,GLD,stock,162.43,163.04,162.06,162.23,4588418,2022-07-07,2022-07-07,26.5300,168.6289,172.5505,171.5398
2022-07-06,GLD,stock,164.32,164.57,161.47,162.14,11861144,2022-07-06,2022-07-06,26.1328,169.3024,172.6543,171.9198
2022-07-05,GLD,stock,167.18,167.33,164.41,164.75,14035426,2022-07-05,2022-07-05,30.5853,170.0564,172.7599,172.3190
2022-07-01,GLD,stock,167.135,168.68,166.96,168.32,11380332,2022-07-01,2022-07-01,39.0318,170.6150,172.8404,172.6279
2022-06-30,GLD,stock,169.51,169.96,168.24,168.46,9144391,2022-06-30,2022-06-30,39.4283,170.8565,172.8859,172.8037
2022-06-29,GLD,stock,170.58,170.7,169.17,169.49,4785576,2022-06-29,2022-06-29,42.3687,171.1088,172.9304,172.9810
2022-06-28,GLD,stock,170.0699,170.21,169.51,169.62,2984450,2022-06-28,2022-06-28,42.7422,171.2792,172.9649,173.1235
2022-06-27,GLD,stock,170.595,170.67,169.75,169.9,5719684,2022-06-27,2022-06-27,43.5095,171.4539,172.9986,173.2665
2022-06-24,GLD,stock,170.24,170.7401,169.85,170.09,6143081,2022-06-24,2022-06-24,44.0072,171.6174,173.0297,173.4039
2022-06-23,GLD,stock,171.39,172.13,169.9,170.26,6535261,2022-06-23,2022-06-23,44.4295,171.7782,173.0592,173.5392
2022-06-22,GLD,stock,171.61,172.3,171.1,171.31,6558656,2022-06-22,2022-06-22,47.0172,171.9380,173.0874,173.6730
2022-06-21,GLD,stock,171.06,171.91,170.47,170.63,5608485,2022-06-21,2022-06-21,45.0941,172.0041,173.1052,173.7695
2022-06-17,GLD,stock,172.15,172.3,170.97,171.27,7407223,2022-06-17,2022-06-17,46.5714,172.1488,173.1301,173.8976
2022-06-16,GLD,stock,170.56,172.77,170.17,172.69,8823558,2022-06-16,2022-06-16,49.9421,172.2413,173.1488,174.0049
2022-06-15,GLD,stock,170.4,171.84,169.08,170.77,9000294,2022-06-15,2022-06-15,44.9385,172.1940,173.1534,174.0585
2022-06-14,GLD,stock,169.61,169.7309,168.3,168.57,7347935,2022-06-14,2022-06-14,38.3857,172.3439,173.1774,174.1928
2022-06-13,GLD,stock,171.18,171.335,169.61,169.93,13265243,2022-06-13,2022-06-13,41.2003,172.7412,173.2237,174.4223
2022-06-10,GLD,stock,170.89,174.94,170.46,174.54,16856138,2022-06-10,2022-06-10,53.5619,173.0371,173.2568,174.6056
2022-06-09,GLD,stock,172.45,172.59,171.58,172.23,4701143,2022-06-09,2022-06-09,46.0270,172.8789,173.2439,174.6083
2022-06-08,GLD,stock,172.89,173.45,172.67,172.78,5140816,2022-06-08,2022-06-08,47.7396,172.9472,173.2541,174.7054
2022-06-07,GLD,stock,172.11,173.05,171.985,172.94,3860035,2022-06-07,2022-06-07,48.2243,172.9648,173.2588,174.7840
2022-06-06,GLD,stock,172.81,172.89,171.65,171.82,3766042,2022-06-06,2022-06-06,44.5659,172.9674,173.2620,174.8592
2022-06-03,GLD,stock,173.5285,173.965,172.25,172.58,5519407,2022-06-03,2022-06-03,46.6425,173.0882,173.2765,174.9833
2022-06-02,GLD,stock,173.66,174.45,173.49,174.35,5623129,2022-06-02,2022-06-02,51.8693,173.1417,173.2835,175.0814
2022-06-01,GLD,stock,172.2099,172.53,171.39,172.23,6946516,2022-06-01,2022-06-01,45.0166,173.0145,173.2728,175.1112
2022-05-31,GLD,stock,172.71,173.07,171.08,171.14,6243967,2022-05-31,2022-05-31,41.0066,173.0970,173.2833,175.2288
2022-05-27,GLD,stock,173.4901,173.52,172.64,172.85,3847871,2022-05-27,2022-05-27,45.8811,173.3031,173.3048,175.3957
2022-05-26,GLD,stock,172.13,172.93,171.76,172.76,6466982,2022-05-26,2022-05-26,45.5649,173.3507,173.3094,175.4996
2022-05-25,GLD,stock,172.79,173.16,171.73,173.08,4595917,2022-05-25,2022-05-25,46.4613,173.4129,173.3149,175.6114
2022-05-24,GLD,stock,173.47,174.41,173.35,174.13,6793991,2022-05-24,2022-05-24,49.4237,173.4480,173.3173,175.7148
2022-05-23,GLD,stock,173.13,173.38,172.28,172.83,5518503,2022-05-23,2022-05-23,45.4230,173.3762,173.3091,175.7795
2022-05-20,GLD,stock,171.71,172.24,170.89,172.03,6578056,2022-05-20,2022-05-20,42.8393,173.4337,173.3139,175.8998
2022-05-19,GLD,stock,171.5489,172.5197,170.89,171.91,10580267,2022-05-19,2022-05-19,42.4599,173.5814,173.3268,176.0578
2022-05-18,GLD,stock,169.01,170.21,168.81,169.42,7472850,2022-05-18,2022-05-18,34.0216,173.7574,173.3411,176.2271
2022-05-17,GLD,stock,170.44,170.53,169.1409,169.33,6441110,2022-05-17,2022-05-17,33.6952,174.2139,173.3805,176.5049
2022-05-16,GLD,stock,168.43,170.43,168.34,170.4,7319277,2022-05-16,2022-05-16,35.6415,174.7280,173.4212,176.7978
2022-05-13,GLD,stock,168.312,169.62,168.01,168.79,13031057,2022-05-13,2022-05-13,29.9916,175.1836,173.4516,177.0589
2022-05-12,GLD,stock,172.072,172.4,169.9,170.17,11626799,2022-05-12,2022-05-12,32.2446,175.8566,173.4984,177.3964
2022-05-11,GLD,stock,172.51,173.32,172.2,172.82,9179592,2022-05-11,2022-05-11,37.2317,176.4552,173.5319,177.6914
2022-05-10,GLD,stock,173.8039,173.96,171.2,171.42,11010440,2022-05-10,2022-05-10,32.0783,176.8379,173.5390,177.8902
2022-05-09,GLD,stock,174.27,174.27,172.79,172.88,10742410,2022-05-09,2022-05-09,34.8490,177.4082,173.5603,178.1543
2022-05-06,GLD,stock,175.39,176.56,174.86,175.42,7643269,2022-05-06,2022-05-06,40.5000,177.8848,173.5671,178.3696
2022-05-05,GLD,stock,177.56,177.61,174.66,175.13,12794160,2022-05-05,2022-05-05,39.4592,178.1443,173.5485,178.4900
2022-05-04,GLD,stock,174.32,176.35,173.67,175.8,10465954,2022-05-04,2022-05-04,40.9977,178.4616,173.5326,178.6271
2022-05-03,GLD,stock,173.89,175.205,173.85,174.09,7214348,2022-05-03,2022-05-03,34.9906,178.7417,173.5098,178.7425
2022-05-02,GLD,stock,173.6121,174.65,172.98,173.63,14318600,2022-05-02,2022-05-02,33.2942,179.2314,173.5040,178.9324
2022-04-29,GLD,stock,178.0667,178.615,176.71,176.91,7719702,2022-04-29,2022-04-29,40.2483,179.8210,173.5027,179.1488
2022-04-28,GLD,stock,175.92,176.965,175.69,176.93,6384762,2022-04-28,2022-04-28,40.2959,180.1274,173.4685,179.2402
2022-04-27,GLD,stock,176.4561,176.64,175.5,175.98,8854721,2022-04-27,2022-04-27,37.0062,180.4640,173.4337,179.3345
2022-04-26,GLD,stock,177.95,178.3,176.915,177.32,8874511,2022-04-26,2022-04-26,39.8846,180.9360,173.4081,179.4714
2022-04-25,GLD,stock,177.17,177.51,176.48,177.05,13073688,2022-04-25,2022-04-25,38.9968,181.3166,173.3688,179.5592
2022-04-22,GLD,stock,180.7235,181.605,179.74,180.29,9146973,2022-04-22,2022-04-22,46.6782,181.7657,173.3318,179.6617
2022-04-21,GLD,stock,181.77,182.32,180.775,182.06,9639834,2022-04-21,2022-04-21,51.8601,181.9211,173.2619,179.6360
2022-04-20,GLD,stock,181.59,182.72,181.35,182.71,6881433,2022-04-20,2022-04-20,53.9006,181.9064,173.1735,179.5371
2022-04-19,GLD,stock,183.19,183.6506,181.33,181.82,12585622,2022-04-19,2022-04-19,51.4731,181.8218,173.0776,179.4076
2022-04-18,GLD,stock,185.95,186.1,184.39,184.61,8886690,2022-04-18,2022-04-18,60.7915,181.8220,172.9898,179.3091
2022-04-14,GLD,stock,184.28,184.41,182.88,184.04,11567178,2022-04-14,2022-04-14,59.3970,181.5286,172.8730,179.0927
2022-04-13,GLD,stock,184.5,184.94,184.13,184.65,8651635,2022-04-13,2022-04-13,61.5731,181.2642,172.7607,178.8908
2022-04-12,GLD,stock,184.04,184.64,182.96,183.77,12024560,2022-04-12,2022-04-12,59.5899,180.9078,172.6412,178.6557
2022-04-11,GLD,stock,183.17,183.33,181.11,182.37,10071319,2022-04-11,2022-04-11,56.2545,180.6065,172.5294,178.4470
2022-04-08,GLD,stock,180.52,181.82,180.52,181.47,10655681,2022-04-08,2022-04-08,53.9875,180.4209,172.4305,178.2869
2022-04-07,GLD,stock,179.87,180.88,179.8,180.34,10140585,2022-04-07,2022-04-07,51.0287,180.3105,172.3396,178.1569
2022-04-06,GLD,stock,179.78,180.31,178.7,179.66,8942121,2022-04-06,2022-04-06,49.2035,180.3074,172.2592,178.0678
2022-04-05,GLD,stock,180.91,181.49,178.93,179.24,10786302,2022-04-05,2022-04-05,48.0940,180.3755,172.1849,178.0028
2022-04-04,GLD,stock,180.2439,180.81,179.58,180.37,7063124,2022-04-04,2022-04-04,50.8700,180.4950,172.1140,177.9524
2022-04-01,GLD,stock,179.5501,180.4599,178.98,179.5,13034395,2022-04-01,2022-04-01,48.7553,180.5082,172.0310,177.8537
2022-03-31,GLD,stock,180.91,181.96,180.56,180.65,9844398,2022-03-31,2022-03-31,51.4748,180.6143,171.9559,177.7865
2022-03-30,GLD,stock,179.76,180.92,179.6801,180.58,8361286,2022-03-30,2022-03-30,51.3213,180.6106,171.8685,177.6696
2022-03-29,GLD,stock,177.02,179.33,176.69,179.14,10458927,2022-03-29,2022-03-29,48.1914,180.6138,171.7810,177.5508
2022-03-28,GLD,stock,180.38,181.325,178.85,179.06,9489725,2022-03-28,2022-03-28,48.0190,180.7689,171.7070,177.4859
2022-03-25,GLD,stock,181.81,183.13,181.35,182.38,7653887,2022-03-25,2022-03-25,55.0830,180.9488,171.6331,177.4217
2022-03-24,GLD,stock,182.35,183.51,181.77,183.13,10970070,2022-03-24,2022-03-24,56.8370,180.7981,171.5251,177.2193
2022-03-23,GLD,stock,180.29,181.89,179.76,181.81,12557272,2022-03-23,2022-03-23,54.4676,180.5527,171.4085,176.9781
2022-03-22,GLD,stock,179.6,179.71,178.3231,179.36,9613616,2022-03-22,2022-03-22,49.7096,180.4203,171.3039,176.7808
2022-03-21,GLD,stock,179.33,181.29,179.32,180.67,10533070,2022-03-21,2022-03-21,52.4298,180.5319,171.2230,176.6756
2022-03-18,GLD,stock,179.93,180.93,179.035,179.3,13935386,2022-03-18,2022-03-18,49.7600,180.5174,171.1280,176.5125
2022-03-17,GLD,stock,181.16,182.03,180.65,180.89,10954139,2022-03-17,2022-03-17,52.9634,180.6456,171.0459,176.3988
2022-03-16,GLD,stock,179.13,180.115,176.87,180.01,17548090,2022-03-16,2022-03-16,51.3540,180.6198,170.9470,176.2154
2022-03-15,GLD,stock,179.1,180.27,178.01,178.89,16962273,2022-03-15,2022-03-15,49.3039,180.6840,170.8559,176.0606
2022-03-14,GLD,stock,183.03,183.29,181.95,182.3,13186389,2022-03-14,2022-03-14,55.9726,180.8729,170.7751,175.9451
2022-03-11,GLD,stock,183.7399,185.78,183.44,185.09,14824715,2022-03-11,2022-03-11,62.3830,180.7226,170.6593,175.6857
2022-03-10,GLD,stock,186.8799,187.38,184.99,186.4,18455213,2022-03-10,2022-03-10,65.6618,180.2629,170.5143,175.3018
2022-03-09,GLD,stock,186.04,187.225,184.76,185.82,26839671,2022-03-09,2022-03-09,64.9034,179.6169,170.3546,174.8488
2022-03-08,GLD,stock,188.35,193.3,188.26,191.51,47347678,2022-03-08,2022-03-08,81.2499,178.9640,170.1992,174.4010
2022-03-07,GLD,stock,184.45,186.64,184.22,186.41,27951785,2022-03-07,2022-03-07,76.2771,177.6433,169.9850,173.7027
2022-03-04,GLD,stock,182.1137,183.98,181.36,183.68,22412092,2022-03-04,2022-03-04,72.6750,176.7205,169.8199,173.1841
2022-03-03,GLD,stock,179.96,181.3,179.5,180.8,14826051,2022-03-03,2022-03-03,67.9004,175.9879,169.6806,172.7557
2022-03-02,GLD,stock,180.13,180.71,178.788,179.73,19727192,2022-03-02,2022-03-02,65.8412,175.4814,169.5689,172.4273
2022-03-01,GLD,stock,179.0456,181.76,179.03,181.62,21942127,2022-03-01,2022-03-01,73.5833,175.0342,169.4668,172.1292
2022-02-28,GLD,stock,178.86,178.99,176.5,178.38,16055844,2022-02-28,2022-02-28,67.5000,174.3409,169.3446,171.7419
2022-02-25,GLD,stock,176.42,176.79,175.79,176.55,11530929,2022-02-25,2022-02-25,63.0355,173.9158,169.2538,171.4709
2022-02-24,GLD,stock,182.59,182.6,175.27,177.14,32725999,2022-02-24,2022-02-24,65.7390,173.6385,169.1805,171.2636
2022-02-23,GLD,stock,177.39,178.39,177.36,178.29,11772201,2022-02-23,2022-02-23,71.2715,173.2699,169.1005,171.0238
2022-02-22,GLD,stock,177.67,178.07,176.8175,177.49,14803961,2022-02-22,2022-02-22,69.6199,172.7415,169.0081,170.7272
2022-02-18,GLD,stock,177.07,177.25,176.51,177.12,12760663,2022-02-18,2022-02-18,68.8509,172.2416,168.9229,170.4511
2022-02-17,GLD,stock,176.7,177.53,176.39,177.25,18612546,2022-02-17,2022-02-17,69.4242,171.7281,168.8405,170.1789
2022-02-16,GLD,stock,173.49,174.86,173.48,174.86,12772069,2022-02-16,2022-02-16,64.3571,171.1469,168.7560,169.8903
2022-02-15,GLD,stock,173.1,173.34,172.39,173.08,12607006,2022-02-15,2022-02-15,59.7432,170.7560,168.6946,169.6875
2022-02-14,GLD,stock,173.78,175,173.68,174.74,13650704,2022-02-14,2022-02-14,67.2858,170.5114,168.6506,169.5490
2022-02-11,GLD,stock,170.75,174.2,170.71,173.81,25741494,2022-02-11,2022-02-11,64.9861,170.0663,168.5894,169.3371
2022-02-10,GLD,stock,170.5201,171.99,170.46,170.56,10693524,2022-02-10,2022-02-10,54.6390,169.6722,168.5369,169.1546
2022-02-09,GLD,stock,170.68,171.42,170.55,171.21,8002766,2022-02-09,2022-02-09,57.8118,169.5788,168.5166,169.0972
2022-02-08,GLD,stock,170.1,170.78,169.95,170.63,5801993,2022-02-08,2022-02-08,55.6794,169.4071,168.4895,169.0110
2022-02-07,GLD,stock,169.45,170.3,169.19,170.11,7796866,2022-02-07,2022-02-07,53.7324,169.2783,168.4680,168.9449
2022-02-04,GLD,stock,168.04,169.1,167.99,168.86,9619611,2022-02-04,2022-02-04,48.7025,169.1908,168.4515,168.8973
2022-02-03,GLD,stock,168.31,168.82,167.03,168.6,10650800,2022-02-03,2022-02-03,47.6023,169.2256,168.4474,168.8989
2022-02-02,GLD,stock,168.34,169.12,168.155,168.84,9085285,2022-02-02,2022-02-02,48.4938,169.2915,168.4458,168.9111
2022-02-01,GLD,stock,168.57,168.85,167.87,168.23,9763909,2022-02-01,2022-02-01,46.1119,169.3390,168.4419,168.9140
2022-01-31,GLD,stock,167.79,168.14,167.46,168.09,8539265,2022-01-31,2022-01-31,45.5755,169.4557,168.4440,168.9419
2022-01-28,GLD,stock,166.56,167.46,166.365,167.1,9782484,2022-01-28,2022-01-28,41.7697,169.5995,168.4476,168.9766
2022-01-27,GLD,stock,168.02,169.09,167.325,167.6,15875306,2022-01-27,2022-01-27,43.1860,169.8626,168.4611,169.0532
2022-01-26,GLD,stock,171.39,171.725,169.48,169.79,17799403,2022-01-26,2022-01-26,50.0941,170.1007,168.4698,169.1126
2022-01-25,GLD,stock,171.95,173.1499,171.775,172.58,17382097,2022-01-25,2022-01-25,61.7859,170.1334,168.4565,169.0849
2022-01-24,GLD,stock,171.78,172.14,170.85,172.03,15735970,2022-01-24,2022-01-24,60.0804,169.8759,168.4151,168.9423
2022-01-21,GLD,stock,172.04,172.12,170.74,171.09,10982517,2022-01-21,2022-01-21,57.0374,169.6492,168.3787,168.8162
2022-01-20,GLD,stock,172.31,172.5999,171.585,171.65,9570477,2022-01-20,2022-01-20,59.5484,169.4975,168.3515,168.7234
2022-01-19,GLD,stock,170.3919,172.1895,170.2,172.08,15712388,2022-01-19,2022-01-19,61.4783,169.2709,168.3183,168.6040
2022-01-18,GLD,stock,169.6401,170.005,169.09,169.39,9095749,2022-01-18,2022-01-18,52.5445,168.9752,168.2805,168.4621
2022-01-14,GLD,stock,170.22,170.56,169.4796,169.67,7865900,2022-01-14,2022-01-14,53.7493,168.9316,168.2694,168.4242
2022-01-13,GLD,stock,170.09,170.22,169.27,170.16,7034202,2022-01-13,2022-01-13,55.8296,168.8538,168.2553,168.3734
2022-01-12,GLD,stock,170.19,170.75,170.01,170.74,6280745,2022-01-12,2022-01-12,58.3100,168.7164,168.2362,168.3004
2022-01-11,GLD,stock,168.44,170.31,168.37,170.29,8313121,2022-01-11,2022-01-11,56.9314,168.5033,168.2110,168.2009
2022-01-10,GLD,stock,167.36,168.3,167.31,168.26,7026475,2022-01-10,2022-01-10,50.0067,168.3153,168.1901,168.1156
2022-01-07,GLD,stock,167.37,168.01,166.86,167.75,8191936,2022-01-07,2022-01-07,48.0584,168.3211,168.1894,168.1097
2022-01-06,GLD,stock,167.16,167.75,166.86,166.99,10902661,2022-01-06,2022-01-06,45.0978,168.3812,168.1938,168.1244
2022-01-05,GLD,stock,170.62,170.93,168.9,169.06,8715585,2022-01-05,2022-01-05,52.6941,168.5276,168.2059,168.1707
2022-01-04,GLD,stock,168.9,169.72,168.73,169.57,6965598,2022-01-04,2022-01-04,54.8061,168.4716,168.1973,168.1344
2022-01-03,GLD,stock,168.86,169.01,168,168.33,9014423,2022-01-03,2022-01-03,50.3097,168.3560,168.1835,168.0758
2021-12-31,GLD,stock,170.53,171.04,170.04,170.96,6911001,2021-12-31,2021-12-31,62.5702,168.3587,168.1821,168.0654
2021-12-30,GLD,stock,168.43,169.81,168.37,169.8,5426311,2021-12-30,2021-12-30,58.4201,168.0849,168.1541,167.9473
2021-12-29,GLD,stock,167.36,168.69,167.28,168.59,5889714,2021-12-29,2021-12-29,53.4173,167.9044,168.1376,167.8716
2021-12-28,GLD,stock,169.33,169.65,168.62,168.64,4545714,2021-12-28,2021-12-28,53.6651,167.8322,168.1330,167.8423
2021-12-27,GLD,stock,168.96,169.42,168.78,169.37,4763297,2021-12-27,2021-12-27,57.2659,167.7472,168.1279,167.8098
2021-12-23,GLD,stock,168.69,169.16,168.01,168.97,4551124,2021-12-23,2021-12-23,55.7554,167.5763,168.1155,167.7461
2021-12-22,GLD,stock,167.58,168.64,167.11,168.59,4672941,2021-12-22,2021-12-22,54.3314,167.4296,168.1069,167.6961
2021-12-21,GLD,stock,167.69,167.7754,166.74,167.02,4548504,2021-12-21,2021-12-21,47.8983,167.3075,168.1020,167.6596
2021-12-20,GLD,stock,167.88,168,167.06,167.09,6972959,2021-12-20,2021-12-20,48.1792,167.3378,168.1129,167.6857
2021-12-17,GLD,stock,168.73,169.125,167.78,167.8,9867792,2021-12-17,2021-12-17,50.9968,167.3638,168.1232,167.7101
2021-12-16,GLD,stock,167.01,168.18,166.94,168.16,11186197,2021-12-16,2021-12-16,52.4408,167.3179,168.1264,167.7064
2021-12-15,GLD,stock,165.27,166.4,163.8,166.15,14231184,2021-12-15,2021-12-15,44.2581,167.2293,168.1261,167.6879
2021-12-14,GLD,stock,165.34,166.14,165.16,165.44,8637879,2021-12-14,2021-12-14,40.9242,167.3429,168.1459,167.7506
2021-12-13,GLD,stock,166.9,167.255,166.67,167,6610673,2021-12-13,2021-12-13,46.6121,167.5432,168.1731,167.8450
2021-12-10,GLD,stock,166.72,166.915,166.18,166.58,6450614,2021-12-10,2021-12-10,44.6903,167.6004,168.1849,167.8794
2021-12-09,GLD,stock,166.54,166.58,165.65,165.88,4913771,2021-12-09,2021-12-09,41.4272,167.7078,168.2011,167.9325
2021-12-08,GLD,stock,166.51,166.96,166.28,166.9,4288935,2021-12-08,2021-12-08,45.0210,167.9002,168.2244,168.0163
2021-12-07,GLD,stock,166.2,167.08,166.18,166.81,4900713,2021-12-07,2021-12-07,44.6275,168.0055,168.2377,168.0618
2021-12-06,GLD,stock,166.14,166.8,165.93,166.22,4813624,2021-12-06,2021-12-06,42.1046,168.1313,168.2521,168.1129
2021-12-03,GLD,stock,165.49,166.93,165,166.63,9507938,2021-12-03,2021-12-03,43.3800,168.3325,168.2725,168.1902
2021-12-02,GLD,stock,165.89,165.9405,164.63,165.24,9604118,2021-12-02,2021-12-02,37.4118,168.5117,168.2890,168.2539
2021-12-01,GLD,stock,166.84,167.47,166.06,166.16,7825484,2021-12-01,2021-12-01,40.0033,168.8561,168.3196,168.3769
2021-11-30,GLD,stock,167.77,169.01,165.37,165.5,12925270,2021-11-30,2021-11-30,37.1008,169.1399,168.3413,168.4673
2021-11-29,GLD,stock,166.84,167.255,166.38,166.62,7394940,2021-11-29,2021-11-29,40.1624,169.5231,168.3699,168.5885
2021-11-26,GLD,stock,168.6,168.64,166.37,166.85,9605192,2021-11-26,2021-11-26,40.8045,169.8287,168.3875,168.6688
2021-11-24,GLD,stock,166.5825,167.44,166.32,167.12,5359457,2021-11-24,2021-11-24,41.5282,170.1422,168.4029,168.7430
2021-11-23,GLD,stock,167.28,167.6,166.53,167.28,8053370,2021-11-23,2021-11-23,41.9375,170.4604,168.4158,168.8093
2021-11-22,GLD,stock,169.9,170.44,168.42,168.74,13100511,2021-11-22,2021-11-22,45.7589,170.7951,168.4272,168.8717
2021-11-19,GLD,stock,173.69,174.1,172.235,172.61,8787253,2021-11-19,2021-11-19,58.9889,171.0115,168.4241,168.8771
2021-11-18,GLD,stock,173.96,174.36,173.53,173.94,6253445,2021-11-18,2021-11-18,64.9848,170.8432,168.3820,168.7247
2021-11-17,GLD,stock,174.24,174.605,173.89,174.5,6523061,2021-11-17,2021-11-17,67.6742,170.5172,168.3262,168.5119
2021-11-16,GLD,stock,173.97,174.48,172.86,172.92,8667323,2021-11-16,2021-11-16,63.7430,170.0980,168.2641,168.2674
2021-11-15,GLD,stock,174.1,174.59,173.69,174.18,5630808,2021-11-15,2021-11-15,70.0514,169.8009,168.2173,168.0775
2021-11-12,GLD,stock,173.51,174.67,173.4,174.45,7638200,2021-11-12,2021-11-12,71.4586,169.3399,168.1574,167.8285
2021-11-11,GLD,stock,173.98,174.27,173.74,174.12,5959640,2021-11-11,2021-11-11,70.7927,168.8020,168.0942,167.5582
2021-11-10,GLD,stock,173.67,174.65,172.11,173.15,11461779,2021-11-10,2021-11-10,68.8064,168.2423,168.0336,167.2904
2021-11-09,GLD,stock,170.73,171.31,170.12,171.29,5686157,2021-11-09,2021-11-09,64.5087,167.7257,167.9822,167.0512
2021-11-08,GLD,stock,170.43,170.7,170.06,170.45,4966135,2021-11-08,2021-11-08,62.3323,167.3505,167.9489,166.8782
2021-11-05,GLD,stock,168.42,169.94,167.85,169.84,9368948,2021-11-05,2021-11-05,60.7076,167.0242,167.9238,166.7324
2021-11-04,GLD,stock,167.51,168.14,167.37,167.65,6656097,2021-11-04,2021-11-04,54.1089,166.7278,167.9045,166.6056
2021-11-03,GLD,stock,165.34,165.95,164.38,165.77,9055208,2021-11-03,2021-11-03,47.0159,166.6307,167.9071,166.5629
2021-11-02,GLD,stock,167.43,167.63,166.963,167.16,3603983,2021-11-02,2021-11-02,52.5972,166.7213,167.9286,166.5953
2021-11-01,GLD,stock,167.38,167.84,166.91,167.52,4963736,2021-11-01,2021-11-01,54.1429,166.6752,167.9363,166.5722
2021-10-29,GLD,stock,166.29,166.73,165.64,166.65,7531872,2021-10-29,2021-10-29,50.9052,166.5862,167.9405,166.5336
2021-10-28,GLD,stock,168.98,169.25,167.53,168.08,7000717,2021-10-28,2021-10-28,57.0534,166.5795,167.9534,166.5288
2021-10-27,GLD,stock,167.73,168.2,166.86,168.12,5823080,2021-10-27,2021-10-27,57.2329,166.4216,167.9522,166.4655
2021-10-26,GLD,stock,167.88,167.91,166.63,167.68,6658890,2021-10-26,2021-10-26,55.8126,166.2428,167.9505,166.3980
2021-10-25,GLD,stock,168.66,169.21,168.53,168.93,4881346,2021-10-25,2021-10-25,61.1719,166.0915,167.9532,166.3456
2021-10-22,GLD,stock,168.67,169.54,166.67,167.77,10703927,2021-10-22,2021-10-22,57.6692,165.7927,167.9434,166.2402
2021-10-21,GLD,stock,166.7,166.94,166.24,166.75,4412389,2021-10-21,2021-10-21,54.3034,165.5846,167.9451,166.1777
2021-10-20,GLD,stock,166.21,167.11,165.9258,166.9,5022036,2021-10-20,2021-10-20,54.8995,165.4619,167.9571,166.1543
2021-10-19,GLD,stock,166.5,166.5,165.2001,165.45,6588473,2021-10-19,2021-10-19,49.9699,165.3105,167.9678,166.1239
2021-10-18,GLD,stock,165.42,165.59,164.81,164.92,4029594,2021-10-18,2021-10-18,48.0424,165.2958,167.9931,166.1514
2021-10-15,GLD,stock,165.39,166.09,165.1,165.33,8699223,2021-10-15,2021-10-15,49.4098,165.3354,168.0240,166.2017
2021-10-14,GLD,stock,168.19,168.22,167.71,168,5083847,2021-10-14,2021-10-14,59.6821,165.3359,168.0510,166.2373
2021-10-13,GLD,stock,165.28,167.92,165.28,167.59,11118291,2021-10-13,2021-10-13,58.4504,165.0555,168.0515,166.1653
2021-10-12,GLD,stock,164.5701,165.44,164.31,164.66,5453049,2021-10-12,2021-10-12,47.8854,164.7887,168.0562,166.1072
2021-10-11,GLD,stock,164.04,164.58,163.91,163.92,3820087,2021-10-11,2021-10-11,44.5806,164.8023,168.0903,166.1662
2021-10-08,GLD,stock,166.32,166.42,164.135,164.23,8536109,2021-10-08,2021-10-08,45.7081,164.8952,168.1322,166.2579
2021-10-07,GLD,stock,164.02,164.8507,163.96,164.16,4791505,2021-10-07,2021-10-07,45.4187,164.9652,168.1714,166.3407
2021-10-06,GLD,stock,164.23,165.06,164.1531,165.03,6067156,2021-10-06,2021-10-06,48.3964,165.0499,168.2118,166.4297
2021-10-05,GLD,stock,163.94,164.85,163.49,164.59,5617283,2021-10-05,2021-10-05,46.7571,165.0520,168.2437,166.4868
2021-10-04,GLD,stock,163.69,165.54,163.47,165.36,7651658,2021-10-04,2021-10-04,49.3022,165.1007,168.2805,166.5642
2021-10-01,GLD,stock,164.27,164.96,163.885,164.59,6654686,2021-10-01,2021-10-01,46.6033,165.0734,168.3098,166.6134
2021-09-30,GLD,stock,162.66,164.95,162.34,164.22,10574824,2021-09-30,2021-09-30,45.3041,165.1242,168.3472,166.6960
2021-09-29,GLD,stock,162.35,162.74,160.97,161.32,8360656,2021-09-29,2021-09-29,33.5341,165.2194,168.3887,166.7970
2021-09-28,GLD,stock,162.73,162.82,161.73,162.05,9282755,2021-09-28,2021-09-28,35.3102,165.6299,168.4597,167.0206
2021-09-27,GLD,stock,163.85,164.3608,163.51,163.64,4942989,2021-09-27,2021-09-27,39.5463,166.0067,168.5241,167.2235
2021-09-24,GLD,stock,163,164,162.74,163.3,6937521,2021-09-24,2021-09-24,38.0711,166.2559,168.5732,167.3697
2021-09-23,GLD,stock,164.1,164.2,163.27,163.51,8451899,2021-09-23,2021-09-23,38.6115,166.5670,168.6262,167.5359
2021-09-22,GLD,stock,165.89,167.15,165.03,165.42,9777794,2021-09-22,2021-09-22,43.8706,166.8888,168.6776,167.7002
2021-09-21,GLD,stock,165.81,166.63,165.49,166.04,7181458,2021-09-21,2021-09-21,45.7489,167.0434,168.7104,167.7932
2021-09-20,GLD,stock,164.29,165.28,164.07,164.94,7566577,2021-09-20,2021-09-20,41.6320,167.1490,168.7372,167.8648
2021-09-17,GLD,stock,163.86,164.32,163.4,163.77,8369679,2021-09-17,2021-09-17,36.9028,167.3815,168.7754,167.9842
2021-09-16,GLD,stock,164.38,164.44,163.233,164.03,11780399,2021-09-16,2021-09-16,37.5303,167.7617,168.8257,168.1562
2021-09-15,GLD,stock,168.1332,168.36,167.45,167.83,5624883,2021-09-15,2021-09-15,48.7888,168.1545,168.8739,168.3246
2021-09-14,GLD,stock,168.22,169.16,167.48,168.82,7922917,2021-09-14,2021-09-14,52.6065,168.1887,168.8844,168.3448
2021-09-13,GLD,stock,167.45,168.22,167.395,167.74,5474323,2021-09-13,2021-09-13,48.5264,168.1222,168.8850,168.3254
2021-09-10,GLD,stock,167.81,168.08,167.145,167.18,7426272,2021-09-10,2021-09-10,46.3005,168.1625,168.8965,168.3493
2021-09-09,GLD,stock,168.17,168.28,166.83,168.03,6641424,2021-09-09,2021-09-09,49.3056,168.2659,168.9138,168.3970
2021-09-08,GLD,stock,168.02,168.08,166.7,167.29,6575990,2021-09-08,2021-09-08,46.4984,168.2907,168.9227,168.4120
2021-09-07,GLD,stock,169.56,169.78,167.63,167.71,10007697,2021-09-07,2021-09-07,47.8962,168.3960,168.9391,168.4578
2021-09-03,GLD,stock,170.59,171.55,170.15,171.06,8353646,2021-09-03,2021-09-03,61.6144,168.4683,168.9514,168.4883
2021-09-02,GLD,stock,169.5,169.63,168.82,169.25,4601128,2021-09-02,2021-09-02,55.1729,168.1955,168.9302,168.3834
2021-09-01,GLD,stock,169.94,170,169.16,169.7,4764866,2021-09-01,2021-09-01,57.3965,168.0844,168.9270,168.3480
2021-08-31,GLD,stock,169.23,169.92,168.75,169.69,6336002,2021-08-31,2021-08-31,57.3611,167.9144,168.9192,168.2928
2021-08-30,GLD,stock,169.66,169.835,169.09,169.35,3768628,2021-08-30,2021-08-30,56.2104,167.7275,168.9115,168.2358
2021-08-27,GLD,stock,167.58,170.19,166.87,170.19,10036431,2021-08-27,2021-08-27,59.9201,167.5567,168.9071,168.1903
2021-08-26,GLD,stock,167.21,168.21,166.83,167.67,4371866,2021-08-26,2021-08-26,50.8916,167.2795,168.8942,168.1087
2021-08-25,GLD,stock,167.88,167.92,166.74,167.48,5588751,2021-08-25,2021-08-25,50.1047,167.2384,168.9065,168.1266
2021-08-24,GLD,stock,169.04,169.27,168.52,168.65,4519173,2021-08-24,2021-08-24,55.1585,167.2130,168.9208,168.1530
2021-08-23,GLD,stock,168.82,168.91,167.96,168.73,8190548,2021-08-23,2021-08-23,55.5140,167.0617,168.9236,168.1327
2021-08-20,GLD,stock,166.8,167.14,166.36,166.7,7154348,2021-08-20,2021-08-20,47.5482,166.8861,168.9255,168.1083
2021-08-19,GLD,stock,167.24,167.29,166.16,166.61,6934268,2021-08-19,2021-08-19,47.1586,166.9057,168.9479,168.1658
2021-08-18,GLD,stock,167.24,167.51,166.26,167.1,7697931,2021-08-18,2021-08-18,48.9983,166.9368,168.9714,168.2293
2021-08-17,GLD,stock,167.29,167.73,166.56,166.97,7106992,2021-08-17,2021-08-17,48.5034,166.9196,168.9902,168.2754
2021-08-16,GLD,stock,166.73,167.39,166.59,167.22,7781796,2021-08-16,2021-08-16,49.3587,166.9143,169.0105,168.3287
2021-08-13,GLD,stock,165.02,166.46,164.89,166.39,7388246,2021-08-13,2021-08-13,46.4475,166.8821,169.0285,168.3739
2021-08-12,GLD,stock,163.65,164.1,162.9335,164.04,5222080,2021-08-12,2021-08-12,36.9128,166.9339,169.0550,168.4549
2021-08-11,GLD,stock,163.15,164.17,162.68,164,7382417,2021-08-11,2021-08-11,36.7347,167.2386,169.1054,168.6351
2021-08-10,GLD,stock,161.39,162.11,160.68,161.77,6870766,2021-08-10,2021-08-10,25.9111,167.5795,169.1567,168.8243
2021-08-09,GLD,stock,163.01,163.295,161.26,161.72,11546973,2021-08-09,2021-08-09,25.6462,168.1910,169.2309,169.1122
2021-08-06,GLD,stock,165.84,165.93,164.55,164.64,13547643,2021-08-06,2021-08-06,31.8132,168.8721,169.3064,169.4139
2021-08-05,GLD,stock,169.37,169.4371,168.203,168.86,7893245,2021-08-05,2021-08-05,46.9705,169.3176,169.3533,169.6088
2021-08-04,GLD,stock,171.28,171.4,168.99,169.53,9796349,2021-08-04,2021-08-04,50.5190,169.3658,169.3583,169.6393
2021-08-03,GLD,stock,169.42,169.83,169.21,169.49,5402340,2021-08-03,2021-08-03,50.3109,169.3485,169.3566,169.6438
2021-08-02,GLD,stock,169.3,170.245,169.1,169.61,10783240,2021-08-02,2021-08-02,50.9074,169.3336,169.3552,169.6501
2021-07-30,GLD,stock,170.72,170.99,169.38,169.82,7391706,2021-07-30,2021-07-30,51.9073,169.3045,169.3527,169.6517
2021-07-29,GLD,stock,170.7,171.52,170.67,171.17,8092385,2021-07-29,2021-07-29,58.8021,169.2503,169.3480,169.6449
2021-07-28,GLD,stock,168.26,169.38,167.72,169.29,7905846,2021-07-28,2021-07-28,50.2583,169.0482,169.3297,169.5826
2021-07-27,GLD,stock,168.73,168.905,167.93,168.44,6300183,2021-07-27,2021-07-27,45.5143,169.0227,169.3301,169.5945
2021-07-26,GLD,stock,168.58,168.86,168.08,168.16,5229817,2021-07-26,2021-07-26,43.8771,169.0841,169.3390,169.6417
2021-07-23,GLD,stock,168.5,168.88,167.95,168.56,5831463,2021-07-23,2021-07-23,45.6987,169.1814,169.3508,169.7021
2021-07-22,GLD,stock,168.49,169.191,168.06,169.09,4793605,2021-07-22,2021-07-22,48.1586,169.2468,169.3588,169.7488
2021-07-21,GLD,stock,168.33,169,168.14,168.76,4622581,2021-07-21,2021-07-21,46.4933,169.2633,169.3615,169.7757
2021-07-20,GLD,stock,170.51,170.8,168.92,169.39,6540058,2021-07-20,2021-07-20,49.3007,169.3162,169.3675,169.8171
2021-07-19,GLD,stock,169.51,169.91,168.89,169.61,6707365,2021-07-19,2021-07-19,50.2852,169.3085,169.3673,169.8345
2021-07-16,GLD,stock,170.65,170.95,169.28,169.41,9460348,2021-07-16,2021-07-16,49.4328,169.2767,169.3649,169.8437
2021-07-15,GLD,stock,170.89,171.3,170.34,171.07,6520126,2021-07-15,2021-07-15,56.9604,169.2627,169.3644,169.8614
2021-07-14,GLD,stock,170.91,171.04,170.28,171.04,8830335,2021-07-14,2021-07-14,56.8501,169.0725,169.3473,169.8121
2021-07-13,GLD,stock,169.51,169.9,168.93,169.22,7040277,2021-07-13,2021-07-13,49.5720,168.8653,169.3303,169.7620
2021-07-12,GLD,stock,168.7,169.16,167.64,169,7315422,2021-07-12,2021-07-12,48.5988,168.8280,169.3314,169.7841
2021-07-09,GLD,stock,168.84,169.62,168.66,169.21,4997398,2021-07-09,2021-07-09,49.4446,168.8099,169.3347,169.8161
2021-07-08,GLD,stock,169.82,169.855,167.91,168.65,7244275,2021-07-08,2021-07-08,47.1679,168.7678,169.3360,169.8408
2021-07-07,GLD,stock,168.72,169.23,168.19,168.76,7108909,2021-07-07,2021-07-07,47.5585,168.7802,169.3429,169.8894
2021-07-06,GLD,stock,169.27,169.65,167.54,168.12,7932050,2021-07-06,2021-07-06,45.1022,168.7823,169.3487,169.9355
2021-07-02,GLD,stock,167.35,167.715,166.4,167.29,7873574,2021-07-02,2021-07-02,41.8205,168.8520,169.3611,170.0096
2021-07-01,GLD,stock,166.65,166.88,165.5,166.2,7430497,2021-07-01,2021-07-01,37.2460,169.0165,169.3819,170.1206
2021-06-30,GLD,stock,164.57,166.1,164.29,165.63,7955839,2021-06-30,2021-06-30,34.7549,169.3129,169.4139,170.2807
2021-06-29,GLD,stock,164.34,165.2782,164.01,164.83,7451415,2021-06-29,2021-06-29,31.1953,169.7006,169.4519,170.4705
2021-06-28,GLD,stock,166.68,166.91,166.3575,166.58,6508902,2021-06-28,2021-06-28,35.0832,170.2133,169.4983,170.7007
2021-06-25,GLD,stock,167.45,167.525,166.29,166.59,7473679,2021-06-25,2021-06-25,35.1064,170.5958,169.5277,170.8689
2021-06-24,GLD,stock,167,167.23,166.01,166.04,6903352,2021-06-24,2021-06-24,32.8365,171.0174,169.5572,171.0435
2021-06-23,GLD,stock,166.97,168.03,165.97,166.14,8474276,2021-06-23,2021-06-23,33.0316,171.5414,169.5925,171.2478
2021-06-22,GLD,stock,166.35,166.915,166.01,166.25,7223919,2021-06-22,2021-06-22,33.2333,172.1099,169.6272,171.4563
2021-06-21,GLD,stock,166.52,167.2218,166,166.95,8370991,2021-06-21,2021-06-21,34.4770,172.7268,169.6612,171.6688
2021-06-18,GLD,stock,166.14,166.72,164.87,164.93,15744310,2021-06-18,2021-06-18,27.1739,173.3348,169.6884,171.8614
2021-06-17,GLD,stock,167.02,167.615,165.44,165.85,27232236,2021-06-17,2021-06-17,28.5182,174.2196,169.7363,172.1443
2021-06-16,GLD,stock,173.91,174.465,171.03,171.11,16039864,2021-06-16,2021-06-16,38.6756,175.1006,169.7753,172.4012
2021-06-15,GLD,stock,174.78,174.915,173.34,174.05,7550154,2021-06-15,2021-06-15,47.4463,175.5206,169.7619,172.4539
2021-06-14,GLD,stock,173.16,175.06,172.95,174.71,7733645,2021-06-14,2021-06-14,49.8006,175.6754,169.7188,172.3887
2021-06-11,GLD,stock,176.33,176.57,175.48,175.74,7836860,2021-06-11,2021-06-11,53.6589,175.7771,169.6686,172.2940
2021-06-10,GLD,stock,176.7,177.85,176.48,177.74,9896612,2021-06-10,2021-06-10,62.3716,175.7810,169.6076,172.1533
2021-06-09,GLD,stock,177.38,177.8,176.78,176.98,6346094,2021-06-09,2021-06-09,60.0847,175.5747,169.5259,171.9253
2021-06-08,GLD,stock,177.23,177.54,176.37,177.32,5905832,2021-06-08,2021-06-08,61.6410,175.4268,169.4510,171.7190
2021-06-07,GLD,stock,176.96,177.9,176.63,177.87,7709094,2021-06-07,2021-06-07,64.1363,175.2275,169.3719,171.4904
2021-06-04,GLD,stock,176.65,177.57,176.61,177.16,8375264,2021-06-04,2021-06-04,62.3072,174.9494,169.2865,171.2300
2021-06-03,GLD,stock,175.83,175.83,174.66,175.27,10153899,2021-06-03,2021-06-03,56.8701,174.7167,169.2073,170.9879
2021-06-02,GLD,stock,178.34,178.78,177.97,178.77,6613106,2021-06-02,2021-06-02,75.6297,174.6584,169.1464,170.8132
2021-06-01,GLD,stock,178.76,178.85,177.19,177.9,9143250,2021-06-01,2021-06-01,73.6213,174.2257,169.0497,170.4884
2021-05-28,GLD,stock,177.46,178.43,177.2411,178.38,9968324,2021-05-28,2021-05-28,76.8667,173.8389,168.9607,170.1859
2021-05-27,GLD,stock,177.39,177.82,176.81,177.71,7992951,2021-05-27,2021-05-27,75.4649,173.3609,168.8661,169.8514
2021-05-26,GLD,stock,178.368,178.61,177.04,177.64,8495383,2021-05-26,2021-05-26,75.3198,172.9031,168.7772,169.5307
2021-05-25,GLD,stock,176.15,177.95,176.04,177.95,8986945,2021-05-25,2021-05-25,77.1972,172.4044,168.6881,169.1997
2021-05-24,GLD,stock,176.15,176.59,175.87,176.35,5557339,2021-05-24,2021-05-24,74.1036,171.8207,168.5950,168.8425
2021-05-21,GLD,stock,176.58,176.8602,175.145,176.04,7677190,2021-05-21,2021-05-21,73.4557,171.3439,168.5171,168.5361
2021-05-20,GLD,stock,175.32,176.46,175.11,175.96,9802799,2021-05-20,2021-05-20,73.2956,170.8496,168.4415,168.2298
2021-05-19,GLD,stock,175.14,177,174.345,175.16,20741106,2021-05-19,2021-05-19,71.7113,170.3117,168.3659,167.9143
2021-05-18,GLD,stock,175.18,175.21,174.46,175.04,7294010,2021-05-18,2021-05-18,71.4756,169.8013,168.2976,167.6186
2021-05-17,GLD,stock,173.3,175,173.28,174.7,11956831,2021-05-17,2021-05-17,70.8363,169.2499,168.2299,167.3156
2021-05-14,GLD,stock,172.05,172.7,171.82,172.69,9686777,2021-05-14,2021-05-14,66.7446,168.6762,168.1649,167.0142
2021-05-13,GLD,stock,170.35,171.27,170.225,171.13,8078266,2021-05-13,2021-05-13,63.0039,168.2537,168.1194,166.7826
2021-05-12,GLD,stock,171.4321,171.835,170.345,170.43,12666262,2021-05-12,2021-05-12,61.1847,167.9509,168.0891,166.6051
2021-05-11,GLD,stock,170.5582,172.17,170.27,172.14,8348213,2021-05-11,2021-05-11,68.8663,167.6899,168.0656,166.4490
2021-05-10,GLD,stock,172.74,172.84,171.78,172.11,8276584,2021-05-10,2021-05-10,68.8025,167.2215,168.0246,166.2167
2021-05-07,GLD,stock,171.53,172.5501,171,171.59,14748628,2021-05-07,2021-05-07,67.7383,166.7069,167.9836,165.9762
2021-05-06,GLD,stock,167.95,170.29,167.92,170.06,13574072,2021-05-06,2021-05-06,64.4225,166.1929,167.9473,165.7470
2021-05-05,GLD,stock,166.63,167.31,166.61,167.27,5950000,2021-05-05,2021-05-05,56.9265,165.7859,167.9261,165.5710
2021-05-04,GLD,stock,167.69,168.55,165.5,166.58,10267411,2021-05-04,2021-05-04,54.7364,165.6296,167.9327,165.5017
2021-05-03,GLD,stock,167.61,168.43,167.41,167.81,9014708,2021-05-03,2021-05-03,59.7666,165.5296,167.9463,165.4576
2021-04-30,GLD,stock,165.86,166,165.24,165.66,6248711,2021-04-30,2021-04-30,52.7132,165.2895,167.9477,165.3616
2021-04-29,GLD,stock,165.58,166.26,164.47,166.22,9067627,2021-04-29,2021-04-29,55.0472,165.2506,167.9707,165.3494
2021-04-28,GLD,stock,165.75,166.96,165.49,166.91,6932217,2021-04-28,2021-04-28,57.9848,165.1485,167.9883,165.3139
2021-04-27,GLD,stock,166.92,167.15,166.28,166.42,5363499,2021-04-27,2021-04-27,56.4523,164.9631,167.9991,165.2488
2021-04-26,GLD,stock,166.63,166.865,166.05,166.84,4786613,2021-04-26,2021-04-26,58.1401,164.8097,168.0150,165.2010
2021-04-23,GLD,stock,167.37,167.53,165.78,166.4,7107484,2021-04-23,2021-04-23,56.8862,164.5960,168.0268,165.1341
2021-04-22,GLD,stock,167.11,167.53,166.4901,167.04,7680140,2021-04-22,2021-04-22,59.2848,164.4061,168.0431,165.0824
2021-04-21,GLD,stock,167.18,168.39,167.15,168.13,8380178,2021-04-21,2021-04-21,63.5204,164.1289,168.0532,165.0025
2021-04-20,GLD,stock,165.65,166.81,165.62,166.48,6531979,2021-04-20,2021-04-20,59.4479,163.7077,168.0524,164.8748
2021-04-19,GLD,stock,165.91,166.44,165.72,165.89,5721727,2021-04-19,2021-04-19,57.8869,163.4159,168.0682,164.8093
2021-04-16,GLD,stock,166.24,166.811,165.94,166.35,10057602,2021-04-16,2021-04-16,59.5464,163.1554,168.0901,164.7652
2021-04-15,GLD,stock,164.07,165.79,164.03,165.35,8250646,2021-04-15,2021-04-15,57.0615,162.8192,168.1076,164.7005
2021-04-14,GLD,stock,162.77,163.05,162.3,162.72,6312296,2021-04-14,2021-04-14,49.4836,162.5528,168.1353,164.6740
2021-04-13,GLD,stock,163.18,163.85,163.03,163.43,6995903,2021-04-13,2021-04-13,51.7741,162.5352,168.1898,164.7538
2021-04-12,GLD,stock,162.73,162.8,161.81,162.28,4896669,2021-04-12,2021-04-12,48.1654,162.4410,168.2376,164.8078
2021-04-09,GLD,stock,162.75,163.66,162.48,163.27,6657898,2021-04-09,2021-04-09,51.2298,162.4579,168.2975,164.9110
2021-04-08,GLD,stock,164.1679,164.77,164.14,164.51,6574524,2021-04-08,2021-04-08,55.3235,162.3724,168.3480,164.9780
2021-04-07,GLD,stock,162.82,163.31,162.5,162.76,5436014,2021-04-07,2021-04-07,50.0978,162.1474,168.3866,164.9971
2021-04-06,GLD,stock,162.79,163.53,162.75,163.22,6761166,2021-04-06,2021-04-06,51.5701,162.0829,168.4431,165.0884
2021-04-05,GLD,stock,161.52,162.4047,161.36,161.92,6163799,2021-04-05,2021-04-05,47.5230,161.9633,168.4956,165.1646
2021-04-01,GLD,stock,161.56,162.11,161.28,161.98,7105228,2021-04-01,2021-04-01,47.6938,161.9678,168.5617,165.2971
2021-03-31,GLD,stock,158.06,160.68,158.05,159.96,10623771,2021-03-31,2021-03-31,41.0723,161.9665,168.6278,165.4324
2021-03-30,GLD,stock,157.94,158.2,157.55,157.57,8353246,2021-03-30,2021-03-30,31.5527,162.1777,168.7150,165.6558
2021-03-29,GLD,stock,161.46,161.52,159.83,160.31,8409316,2021-03-29,2021-03-29,38.1060,162.6628,168.8270,165.9858
2021-03-26,GLD,stock,161.71,162.73,161.6499,162.24,6153894,2021-03-26,2021-03-26,44.0963,162.9104,168.9126,166.2175
2021-03-25,GLD,stock,163.0599,163.5799,161.32,161.78,8398596,2021-03-25,2021-03-25,42.0812,162.9810,168.9796,166.3799
2021-03-24,GLD,stock,162.21,162.89,161.94,162.37,6183666,2021-03-24,2021-03-24,43.9688,163.1074,169.0520,166.5676
2021-03-23,GLD,stock,162.45,162.49,161.592,161.81,6048301,2021-03-23,2021-03-23,41.6625,163.1850,169.1191,166.7389
2021-03-22,GLD,stock,162.27,163.13,162.16,163,5239970,2021-03-22,2021-03-22,45.3454,163.3298,169.1926,166.9401
2021-03-19,GLD,stock,162.56,163.43,162.4299,163.24,6868892,2021-03-19,2021-03-19,46.1088,163.3645,169.2548,167.1009
2021-03-18,GLD,stock,161.15,162.82,161.11,162.56,8731762,2021-03-18,2021-03-18,43.6114,163.3776,169.3153,167.2585
2021-03-17,GLD,stock,162.268,164.15,161.48,163.51,12626689,2021-03-17,2021-03-17,46.4009,163.4636,169.3832,167.4503
2021-03-16,GLD,stock,162.36,163.2,161.81,162.35,7547417,2021-03-16,2021-03-16,42.2098,163.4588,169.4422,167.6111
2021-03-15,GLD,stock,162.305,162.55,161.43,162.2,8110140,2021-03-15,2021-03-15,41.6621,163.5755,169.5135,167.8259
2021-03-12,GLD,stock,159.54,161.69,159.35,161.49,8608514,2021-03-12,2021-03-12,39.1262,163.7203,169.5870,168.0555
2021-03-11,GLD,stock,161.47,161.98,161.12,161.52,6749209,2021-03-11,2021-03-11,39.1931,163.9550,169.6684,168.3235
2021-03-10,GLD,stock,161.06,161.78,160.66,161.66,7962003,2021-03-10,2021-03-10,39.4854,164.2113,169.7503,168.6012
2021-03-09,GLD,stock,160.75,161.2521,160.415,160.84,10382555,2021-03-09,2021-03-09,36.9269,164.4799,169.8316,168.8845
2021-03-08,GLD,stock,158.58,158.74,157.1297,157.49,12134854,2021-03-08,2021-03-08,24.8782,164.8631,169.9219,169.2128
2021-03-05,GLD,stock,159.66,159.82,158.55,159.14,12068139,2021-03-05,2021-03-05,27.2598,165.6392,170.0469,169.6913
2021-03-04,GLD,stock,160.6,161.455,158.43,159.04,13870077,2021-03-04,2021-03-04,26.8658,166.3233,170.1565,170.1220
2021-03-03,GLD,stock,160.61,161.69,159.485,160.62,13059936,2021-03-03,2021-03-03,29.1852,167.0899,170.2682,170.5743
2021-03-02,GLD,stock,161.93,162.925,161.22,162.41,11424608,2021-03-02,2021-03-02,32.1005,167.7710,170.3652,170.9806
2021-03-01,GLD,stock,163.03,163.35,161.16,161.53,13828347,2021-03-01,2021-03-01,28.8563,168.3353,170.4451,171.3304
2021-02-26,GLD,stock,165,165.1,160.95,161.81,22706300,2021-02-26,2021-02-26,29.2695,169.0517,170.5347,171.7305
2021-02-25,GLD,stock,166.92,167.66,165.45,165.82,16233818,2021-02-25,2021-02-25,36.1538,169.8139,170.6224,172.1354
2021-02-24,GLD,stock,167.65,169.14,167.15,169,8890612,2021-02-24,2021-02-24,43.7273,170.2344,170.6707,172.3931
2021-02-23,GLD,stock,169.48,169.74,168.28,169.12,8616789,2021-02-23,2021-02-23,44.0507,170.3643,170.6875,172.5316
2021-02-22,GLD,stock,168.54,169.89,168.3,169.51,9981965,2021-02-22,2021-02-22,45.0561,170.4953,170.7032,172.6709
2021-02-19,GLD,stock,166.76,167.94,166.6,167.01,8273502,2021-02-19,2021-02-19,36.4176,170.5990,170.7152,172.7999
2021-02-18,GLD,stock,166.98,167.3,165.73,166.32,7498157,2021-02-18,2021-02-18,33.7480,170.9768,170.7525,173.0362
2021-02-17,GLD,stock,166.92,167.34,165.85,166.33,11252788,2021-02-17,2021-02-17,33.7671,171.4669,170.7970,173.3104
2021-02-16,GLD,stock,168.14,170.065,167.73,168.24,14761087,2021-02-16,2021-02-16,37.5302,172.0077,170.8419,173.5953
2021-02-12,GLD,stock,170.29,171.65,169.88,170.69,6018930,2021-02-12,2021-02-12,43.2745,172.4043,170.8680,173.8139
2021-02-11,GLD,stock,172.7,172.871,170.71,171.21,5994522,2021-02-11,2021-02-11,44.6205,172.5847,170.8698,173.9414
2021-02-10,GLD,stock,173.15,173.22,172.01,172.71,6064966,2021-02-10,2021-02-10,48.6758,172.7294,170.8664,174.0528
2021-02-09,GLD,stock,172.57,173.03,171.75,172.08,5020659,2021-02-09,2021-02-09,46.7898,172.7315,170.8479,174.1077
2021-02-08,GLD,stock,171.9799,172.4,171.49,171.52,6887535,2021-02-08,2021-02-08,45.1253,172.8001,170.8355,174.1904
2021-02-05,GLD,stock,168.99,170.18,168.67,169.81,6538458,2021-02-05,2021-02-05,39.7846,172.9348,170.8286,174.2994
2021-02-04,GLD,stock,168.29,168.395,167.34,168.15,13736624,2021-02-04,2021-02-04,33.9938,173.2637,170.8389,174.4827
2021-02-03,GLD,stock,172.36,172.5901,171.5,171.85,4658060,2021-02-03,2021-02-03,42.4413,173.8020,170.8659,174.7411
2021-02-02,GLD,stock,172.49,172.53,171.51,172.11,7163267,2021-02-02,2021-02-02,43.1409,174.0075,170.8560,174.8591
2021-02-01,GLD,stock,175.02,175.26,174.06,174.23,9079082,2021-02-01,2021-02-01,49.2923,174.2072,170.8434,174.9713
2021-01-29,GLD,stock,174.87,175.1633,172.61,172.61,11252816,2021-01-29,2021-01-29,43.5843,174.2048,170.8094,175.0016
2021-01-28,GLD,stock,174.28,174.73,172.04,172.68,9392363,2021-01-28,2021-01-28,43.7821,174.3727,170.7913,175.0992
2021-01-27,GLD,stock,172.93,173.52,171.66,172.52,9036528,2021-01-27,2021-01-27,43.2355,174.5509,170.7723,175.1980
2021-01-26,GLD,stock,173.98,174.26,173.4202,173.62,4685568,2021-01-26,2021-01-26,46.0968,174.7647,170.7547,175.3073
2021-01-25,GLD,stock,174.8199,174.96,173.19,174.05,5936770,2021-01-25,2021-01-25,47.2314,174.8852,170.7259,175.3761
2021-01-22,GLD,stock,172.89,174.29,172.35,173.9,7269592,2021-01-22,2021-01-22,46.8073,174.9731,170.6925,175.4303
2021-01-21,GLD,stock,175.11,175.51,174.51,175.28,7250164,2021-01-21,2021-01-21,50.2580,175.0860,170.6603,175.4927
2021-01-20,GLD,stock,174.37,175.467,173.82,175.39,9456038,2021-01-20,2021-01-20,50.5337,175.0656,170.6138,175.5014
2021-01-19,GLD,stock,172.71,172.85,171.92,172.58,7485700,2021-01-19,2021-01-19,43.1328,175.0315,170.5658,175.5060
2021-01-15,GLD,stock,172.8437,173.07,170.975,171.13,16172494,2021-01-15,2021-01-15,38.7413,175.2895,170.5456,175.6254
2021-01-14,GLD,stock,173.44,174.22,172.655,173.28,13522670,2021-01-14,2021-01-14,43.3506,175.7273,170.5397,175.8089
2021-01-13,GLD,stock,173.68,174.46,173.05,173.37,14110299,2021-01-13,2021-01-13,43.5520,175.9850,170.5122,175.9121
2021-01-12,GLD,stock,173.13,174.18,172.32,174.12,9699545,2021-01-12,2021-01-12,45.1762,176.2602,170.4835,176.0158
2021-01-11,GLD,stock,172.14,173.68,172.03,173,8579195,2021-01-11,2021-01-11,42.1865,176.4855,170.4469,176.0932
2021-01-08,GLD,stock,176.83,176.9899,171.48,173.34,24399895,2021-01-08,2021-01-08,42.8451,176.8524,170.4213,176.2195
2021-01-07,GLD,stock,179.69,179.92,178.84,179.48,7110214,2021-01-07,2021-01-07,58.0402,177.2221,170.3919,176.3370
2021-01-06,GLD,stock,181.49,181.58,178.24,179.9,18453495,2021-01-06,2021-01-06,59.3777,176.9845,170.3006,176.2087
2021-01-05,GLD,stock,182.87,183.21,181.8239,182.87,12718753,2021-01-05,2021-01-05,69.9654,176.6776,170.2041,176.0581
2021-01-04,GLD,stock,181.97,182.4,180.955,182.33,14331436,2021-01-04,2021-01-04,69.0331,176.0257,170.0768,175.7800
2020-12-31,GLD,stock,178.07,178.4,177.32,178.36,7540757,2020-12-31,2020-12-31,60.7073,175.3621,169.9537,175.5127
2020-12-30,GLD,stock,176.44,177.72,176.44,177.7,5914039,2020-12-30,2020-12-30,59.0059,175.0465,169.8692,175.3965
2020-12-29,GLD,stock,176.25,176.97,175.57,176.35,5983741,2020-12-29,2020-12-29,55.3322,174.7672,169.7905,175.3024
2020-12-28,GLD,stock,177.26,177.91,175.625,175.71,7750613,2020-12-28,2020-12-28,53.4976,174.6006,169.7246,175.2597
2020-12-24,GLD,stock,175.55,176.37,175.5145,176.35,3695443,2020-12-24,2020-12-24,55.6187,174.4838,169.6644,175.2413
2020-12-23,GLD,stock,175.1,176.21,175.06,175.65,6542767,2020-12-23,2020-12-23,53.7566,174.2874,169.5972,175.1961
2020-12-22,GLD,stock,176.2,176.34,174.34,174.49,9447403,2020-12-22,2020-12-22,50.5649,174.1440,169.5364,175.1775
2020-12-21,GLD,stock,176.29,176.94,175.76,175.88,8168924,2020-12-21,2020-12-21,54.7712,174.1076,169.4866,175.2056
2020-12-18,GLD,stock,176.65,176.98,176.1,176.44,6789888,2020-12-18,2020-12-18,56.5304,173.9210,169.4223,175.1781
2020-12-17,GLD,stock,177.15,177.87,176.575,176.74,9475790,2020-12-17,2020-12-17,57.4483,173.6558,169.3518,175.1265
2020-12-16,GLD,stock,174.13,175.015,173.02,174.9,8174737,2020-12-16,2020-12-16,53.1124,173.3312,169.2776,175.0607
2020-12-15,GLD,stock,173.43,173.9799,173.055,173.94,6848629,2020-12-15,2020-12-15,50.6775,173.1660,169.2210,175.0673
2020-12-14,GLD,stock,171.91,172.52,170.91,171.54,7644419,2020-12-14,2020-12-14,43.9165,173.0846,169.1736,175.1133
2020-12-11,GLD,stock,172.25,173.32,172.11,172.49,6084848,2020-12-11,2020-12-11,46.2466,173.2471,169.1498,175.2591
2020-12-10,GLD,stock,172.9,173.58,171.7,172.17,6564030,2020-12-10,2020-12-10,45.3395,173.3268,169.1163,175.3721
2020-12-09,GLD,stock,173.92,174.0399,171.24,172.5,10743185,2020-12-09,2020-12-09,46.0842,173.4486,169.0856,175.5028
2020-12-08,GLD,stock,175.51,175.93,174.72,175.5,6348418,2020-12-08,2020-12-08,53.5025,173.5485,169.0513,175.6254
2020-12-07,GLD,stock,172.56,175.29,172.51,174.89,10555101,2020-12-07,2020-12-07,52.0450,173.3431,168.9865,175.6305
2020-12-04,GLD,stock,172.78,173.32,171.59,172.32,10098639,2020-12-04,2020-12-04,45.3422,173.1802,168.9271,175.6607
2020-12-03,GLD,stock,172.64,172.85,171.08,172.81,10457274,2020-12-03,2020-12-03,46.4927,173.2708,168.8930,175.7971
2020-12-02,GLD,stock,170.57,171.76,170.15,171.46,9199741,2020-12-02,2020-12-02,42.7783,173.3193,168.8537,175.9190
2020-12-01,GLD,stock,169.76,170.48,169.3,170.18,13457085,2020-12-01,2020-12-01,39.0533,173.5150,168.8275,176.1010
2020-11-30,GLD,stock,166.68,167.43,166.03,166.67,13209977,2020-11-30,2020-11-30,26.9437,173.8660,168.8139,176.3427
2020-11-27,GLD,stock,166.9,167.8298,166.78,167.79,10569141,2020-11-27,2020-11-27,28.6292,174.6235,168.8354,176.7375
2020-11-25,GLD,stock,169.975,170.52,169.24,169.51,10286575,2020-11-25,2020-11-25,31.4331,175.3428,168.8459,177.1027
2020-11-24,GLD,stock,169.3,169.69,168.86,169.59,18823230,2020-11-24,2020-11-24,31.5667,175.9568,168.8392,177.4126
2020-11-23,GLD,stock,175.1,175.24,171.78,172.23,15510552,2020-11-23,2020-11-23,36.2906,176.6270,168.8317,177.7319
2020-11-20,GLD,stock,176.12,176.38,175.58,175.69,6380936,2020-11-20,2020-11-20,44.3716,177.0898,168.7975,177.9565
2020-11-19,GLD,stock,174.3,175.22,174.17,175.16,6965056,2020-11-19,2020-11-19,42.5521,177.2372,168.7283,178.0490
2020-11-18,GLD,stock,176.26,176.86,175.35,175.49,7384661,2020-11-18,2020-11-18,43.3723,177.4558,168.6636,178.1669
2020-11-17,GLD,stock,177.25,177.44,176.0903,176.5,8229142,2020-11-17,2020-11-17,45.8860,177.6628,168.5950,178.2762
2020-11-16,GLD,stock,177.23,177.91,176.87,177.15,8358474,2020-11-16,2020-11-16,47.5323,177.7852,168.5156,178.3487
2020-11-13,GLD,stock,177.65,177.8,176.84,177.16,6470910,2020-11-13,2020-11-13,47.5567,177.8520,168.4288,178.3976
2020-11-12,GLD,stock,176.04,176.765,175.84,175.96,7182263,2020-11-12,2020-11-12,44.3785,177.9249,168.3411,178.4481
2020-11-11,GLD,stock,174.695,175.28,174.435,174.9,9008471,2020-11-11,2020-11-11,41.4690,178.1317,168.2645,178.5496
2020-11-10,GLD,stock,176.75,176.91,175.66,175.66,11728459,2020-11-10,2020-11-10,42.9652,178.4719,168.1978,178.6986
2020-11-09,GLD,stock,176.42,176.45,173.64,175.08,29800706,2020-11-09,2020-11-09,41.4686,178.7679,168.1228,178.8226
2020-11-06,GLD,stock,183.4,183.53,182.19,183.19,10378266,2020-11-06,2020-11-06,62.8985,179.1560,168.0529,178.9754
2020-11-05,GLD,stock,181,183.285,180.97,182.93,16102775,2020-11-05,2020-11-05,62.3188,178.7314,167.9007,178.8034
2020-11-04,GLD,stock,178.93,179.19,177.66,178.82,11117259,2020-11-04,2020-11-04,51.1051,178.2895,167.7497,178.6349
2020-11-03,GLD,stock,178.95,179.39,178.3,178.92,7577196,2020-11-03,2020-11-03,51.4511,178.2336,167.6384,178.6274
2020-11-02,GLD,stock,177.4499,177.925,177.1301,177.91,6498368,2020-11-02,2020-11-02,48.1601,178.1614,167.5250,178.6154
2020-10-30,GLD,stock,177.18,177.36,175.95,176.2,7304589,2020-10-30,2020-10-30,41.9765,178.1878,167.4207,178.6442
2020-10-29,GLD,stock,175.02,176.14,174.83,175.4,8474453,2020-10-29,2020-10-29,38.8054,178.3971,167.3324,178.7440
2020-10-28,GLD,stock,176.45,176.85,175.44,176.13,11734083,2020-10-28,2020-10-28,40.6896,178.7126,167.2514,178.8805
2020-10-27,GLD,stock,178.71,179.43,178.51,179.02,5826871,2020-10-27,2020-10-27,49.5306,178.9844,167.1621,178.9928
2020-10-26,GLD,stock,178.75,179.14,178.22,178.55,5105103,2020-10-26,2020-10-26,47.8184,178.9807,167.0430,178.9916
2020-10-23,GLD,stock,179.09,179.2,177.76,178.64,5919276,2020-10-23,2020-10-23,48.1086,179.0260,166.9273,179.0097
2020-10-22,GLD,stock,178.8767,179.027,177.72,178.83,8376974,2020-10-22,2020-10-22,48.6878,179.0666,166.8096,179.0248
2020-10-21,GLD,stock,180.47,181.31,180.23,180.6,7548086,2020-10-21,2020-10-21,54.3483,179.0915,166.6888,179.0327
2020-10-20,GLD,stock,178.54,179.67,178.08,179.25,7124678,2020-10-20,2020-10-20,50.2521,178.9327,166.5490,178.9687
2020-10-19,GLD,stock,179.41,179.475,178.37,178.39,6084398,2020-10-19,2020-10-19,47.4636,178.8994,166.4213,178.9573
2020-10-16,GLD,stock,179.22,179.32,178.13,178.3,7262158,2020-10-16,2020-10-16,47.1759,178.9530,166.3010,178.9804
2020-10-15,GLD,stock,177.71,179.15,177.59,178.92,6821291,2020-10-15,2020-10-15,48.8887,179.0217,166.1804,179.0082
2020-10-14,GLD,stock,179.09,179.59,178.27,178.27,9100896,2020-10-14,2020-10-14,47.0160,179.0324,166.0524,179.0118
2020-10-13,GLD,stock,178.5633,178.6,177.1,177.72,8384295,2020-10-13,2020-10-13,45.4455,179.1127,165.9296,179.0421
2020-10-12,GLD,stock,180.57,180.83,180.19,180.56,4842997,2020-10-12,2020-10-12,52.9743,179.2593,165.8111,179.0960
2020-10-09,GLD,stock,180.13,181.17,179.93,181.08,15979775,2020-10-09,2020-10-09,54.5097,179.1223,165.6629,179.0363
2020-10-08,GLD,stock,178.18,178.45,176.67,177.85,6530845,2020-10-08,2020-10-08,45.3787,178.9163,165.5079,178.9529
2020-10-07,GLD,stock,177.09,177.42,176.43,177.22,6410899,2020-10-07,2020-10-07,43.3180,179.0285,165.3839,178.9979
2020-10-06,GLD,stock,180.16,180.37,177.0513,177.3,8632761,2020-10-06,2020-10-06,43.5116,179.2189,165.2649,179.0704
2020-10-05,GLD,stock,179.02,180.14,178.9,179.41,6969605,2020-10-05,2020-10-05,48.8583,179.4209,165.1440,179.1427
2020-10-02,GLD,stock,178.69,179.29,178.16,178.54,7488503,2020-10-02,2020-10-02,46.3334,179.4220,165.0006,179.1318
2020-10-01,GLD,stock,178.71,179.5,178.0375,178.7,10402833,2020-10-01,2020-10-01,46.7274,179.5148,164.8645,179.1559
2020-09-30,GLD,stock,177.71,178.61,176.66,177.12,8371844,2020-09-30,2020-09-30,42.2227,179.6006,164.7255,179.1745
2020-09-29,GLD,stock,177.19,178.33,176.95,178.19,8762004,2020-09-29,2020-09-29,44.5940,179.8617,164.6009,179.2584
2020-09-28,GLD,stock,175.83,176.805,175.09,176.7,7109746,2020-09-28,2020-09-28,40.2554,180.0377,164.4644,179.3020
2020-09-25,GLD,stock,174.41,175.3,173.89,174.94,6779192,2020-09-25,2020-09-25,34.6420,180.3890,164.3414,179.4082
2020-09-24,GLD,stock,174.36,176.235,173.77,175.44,11759192,2020-09-24,2020-09-24,35.5224,180.9626,164.2349,179.5906
2020-09-23,GLD,stock,176.98,177.26,174.1,174.79,18134030,2020-09-23,2020-09-23,33.4816,181.5439,164.1222,179.7600
2020-09-22,GLD,stock,179.63,180.02,178.11,178.65,7977916,2020-09-22,2020-09-22,40.5609,182.2549,164.0150,179.9629
2020-09-21,GLD,stock,179.84,180.29,176.75,179.52,17436121,2020-09-21,2020-09-21,42.4389,182.6344,163.8679,180.0165
2020-09-18,GLD,stock,183.07,184.09,182.64,183.2,9959667,2020-09-18,2020-09-18,51.8723,182.9622,163.7106,180.0367
2020-09-17,GLD,stock,181.92,183.09,181.48,182.96,8836188,2020-09-17,2020-09-17,51.2156,182.9371,163.5148,179.9076
2020-09-16,GLD,stock,184.98,185.01,183.33,183.97,12717630,2020-09-16,2020-09-16,54.1003,182.9347,163.3193,179.7830
2020-09-15,GLD,stock,184.46,184.67,182.92,183.45,7993693,2020-09-15,2020-09-15,52.8301,182.8258,163.1118,179.6121
2020-09-14,GLD,stock,183.57,184.3,183.39,183.89,9709501,2020-09-14,2020-09-14,54.0043,182.7601,162.9074,179.4555
2020-09-11,GLD,stock,183.14,183.5499,182.005,182.45,7662287,2020-09-11,2020-09-11,50.6726,182.6411,162.6965,179.2745
2020-09-10,GLD,stock,184.23,184.68,182.28,182.46,9143612,2020-09-10,2020-09-10,50.6963,182.6612,162.4980,179.1449
2020-09-09,GLD,stock,182.5,183.22,182.19,183.05,8424118,2020-09-09,2020-09-09,52.0283,182.6824,162.2974,179.0095
2020-09-08,GLD,stock,179.5,182.27,179.02,181.29,13229196,2020-09-08,2020-09-08,48.2629,182.6437,162.0888,178.8446
2020-09-04,GLD,stock,180.95,182.1,180.05,181.64,11567864,2020-09-04,2020-09-04,48.9727,182.7862,161.8958,178.7448
2020-09-03,GLD,stock,182.3,182.82,180.49,181.14,12176904,2020-09-03,2020-09-03,47.9574,182.9069,161.6974,178.6266
2020-09-02,GLD,stock,183.75,183.86,181.5,182.62,11536946,2020-09-02,2020-09-02,50.7320,183.0929,161.5020,178.5241
2020-09-01,GLD,stock,186.99,186.99,184.33,185.05,10689058,2020-09-01,2020-09-01,55.6399,183.1426,161.2897,178.3569
2020-08-31,GLD,stock,184.79,185.53,184.28,184.83,10251152,2020-08-31,2020-08-31,55.2761,182.9419,161.0509,178.0837
2020-08-28,GLD,stock,183.98,185.4,183.4046,184.39,13200826,2020-08-28,2020-08-28,54.5846,182.7431,160.8120,177.8083
2020-08-27,GLD,stock,185,185.17,179.37,181.24,16299207,2020-08-27,2020-08-27,49.3812,182.5697,160.5750,177.5397
2020-08-26,GLD,stock,180.26,183.58,180.2,183.36,12715762,2020-08-26,2020-08-26,53.1896,182.7097,160.3673,177.3887
2020-08-25,GLD,stock,181.06,181.25,179.731,181.22,10056066,2020-08-25,2020-08-25,49.5420,182.6413,160.1362,177.1449
2020-08-24,GLD,stock,182.91,182.925,180.685,181,11605788,2020-08-24,2020-08-24,49.1639,182.7909,159.9243,176.9786
2020-08-21,GLD,stock,182.14,182.81,180.47,182.03,12713741,2020-08-21,2020-08-21,50.8196,182.9794,159.7125,176.8145
2020-08-20,GLD,stock,181.19,183.71,180.93,183.5,16692201,2020-08-20,2020-08-20,53.1938,183.0793,159.4882,176.6016
2020-08-19,GLD,stock,187.21,187.46,181.71,182.24,24646942,2020-08-19,2020-08-19,51.3862,183.0350,159.2469,176.3200
2020-08-18,GLD,stock,189.18,189.4,185.63,188.18,16291627,2020-08-18,2020-08-18,61.8407,183.1187,159.0158,176.0784
2020-08-17,GLD,stock,184.69,187.01,184.66,186.5,15340780,2020-08-17,2020-08-17,59.6867,182.5860,158.7227,175.5844
2020-08-14,GLD,stock,183.44,183.72,181.49,182.54,11791981,2020-08-14,2020-08-14,54.0038,182.1740,158.4435,175.1389
2020-08-13,GLD,stock,181.56,184.7,181.36,183.33,18596773,2020-08-13,2020-08-13,55.4519,182.1354,158.2013,174.8368
2020-08-12,GLD,stock,182.61,183.1,179.04,179.1,28779419,2020-08-12,2020-08-12,48.5993,182.0097,157.9488,174.4902
2020-08-11,GLD,stock,183.57,183.98,179.43,179.94,45354997,2020-08-11,2020-08-11,50.0180,182.3160,157.7362,174.3020
2020-08-10,GLD,stock,191.2,192.61,189.66,190.15,19047223,2020-08-10,2020-08-10,74.5969,182.5661,157.5131,174.0719
2020-08-07,GLD,stock,192.705,192.96,189.33,190.81,24570160,2020-08-07,2020-08-07,76.8641,181.7678,157.1851,173.4156
2020-08-06,GLD,stock,193.74,194.4499,192.5207,193.89,20640119,2020-08-06,2020-08-06,88.5228,180.8160,156.8471,172.7057
2020-08-05,GLD,stock,191.65,193.13,190.62,191.35,27193718,2020-08-05,2020-08-05,87.0145,179.4397,156.4748,171.8410
2020-08-04,GLD,stock,185.61,189.6,185.21,189.59,20773210,2020-08-04,2020-08-04,85.8151,178.1860,156.1243,171.0447
2020-08-03,GLD,stock,185.05,185.82,184.2,185.64,12896999,2020-08-03,2020-08-03,82.4338,176.9856,155.7880,170.2878
2020-07-31,GLD,stock,184.51,185.7501,184.165,185.43,15885010,2020-07-31,2020-07-31,82.2246,176.0746,155.4880,169.6611
2020-07-30,GLD,stock,183.44,184.33,182.13,183.76,18061227,2020-07-30,2020-07-30,80.5109,175.0898,155.1870,169.0175
2020-07-29,GLD,stock,184.0089,186.14,182.39,185.13,25640100,2020-07-29,2020-07-29,86.8924,174.1772,154.8999,168.4158
2020-07-28,GLD,stock,182.02,184.26,181.42,183.75,21164633,2020-07-28,2020-07-28,85.8428,173.0243,154.5961,167.7336
2020-07-27,GLD,stock,181.85,182.83,181.53,182.23,21115604,2020-07-27,2020-07-27,84.5800,171.8952,154.3030,167.0798
2020-07-24,GLD,stock,179.14,179.16,178.2,178.7,15601327,2020-07-24,2020-07-24,80.9071,170.8074,154.0224,166.4615
2020-07-23,GLD,stock,176.17,178.41,175.65,177.18,23006824,2020-07-23,2020-07-23,78.8973,169.9766,153.7744,165.9619
2020-07-22,GLD,stock,174.05,175.77,173.76,175.63,18712467,2020-07-22,2020-07-22,76.5611,169.2183,153.5391,165.5040
2020-07-21,GLD,stock,172.53,173.25,172.31,173,12824492,2020-07-21,2020-07-21,71.6090,168.5434,153.3171,165.0907
2020-07-20,GLD,stock,170.76,171.07,170.27,170.94,10017165,2020-07-20,2020-07-20,66.4540,168.0743,153.1193,164.7679
2020-07-17,GLD,stock,169.94,170.27,169.61,170.12,10291745,2020-07-17,2020-07-17,64.0407,167.7726,152.9402,164.5160
2020-07-16,GLD,stock,169.8,170,168.65,168.73,10283038,2020-07-16,2020-07-16,59.4487,167.5255,152.7675,164.2872
2020-07-15,GLD,stock,169.62,170.43,169.39,170.34,8728537,2020-07-15,2020-07-15,68.9136,167.3988,152.6071,164.1059
2020-07-14,GLD,stock,168.97,170.2,168.81,170.19,9803313,2020-07-14,2020-07-14,68.4795,167.0892,152.4289,163.8515
2020-07-13,GLD,stock,170.29,170.42,169.16,169.4,11089698,2020-07-13,2020-07-13,66.1688,166.7628,152.2504,163.5927
2020-07-10,GLD,stock,169.95,170.15,168.57,169.19,8213071,2020-07-10,2020-07-10,65.5453,166.4851,152.0780,163.3557
2020-07-09,GLD,stock,170.48,170.64,168.78,169.63,13317747,2020-07-09,2020-07-09,67.9828,166.2004,151.9060,163.1176
2020-07-08,GLD,stock,170.32,170.86,169.78,170.09,11686924,2020-07-08,2020-07-08,70.5289,165.8394,151.7279,162.8518
2020-07-07,GLD,stock,167.41,169.04,167.38,169.04,11589391,2020-07-07,2020-07-07,67.9877,165.3920,151.5434,162.5563
2020-07-06,GLD,stock,167.75,168,167.19,167.98,7259154,2020-07-06,2020-07-06,65.1725,165.0080,151.3675,162.2917
2020-07-02,GLD,stock,166.2,167.24,166.02,166.98,8750017,2020-07-02,2020-07-02,62.2655,164.6951,151.2006,162.0595
2020-07-01,GLD,stock,167.05,167.06,165.34,166.62,13183934,2020-07-01,2020-07-01,61.1824,164.4546,151.0420,161.8587
2020-06-30,GLD,stock,166.31,167.99,166.19,167.37,12746655,2020-06-30,2020-06-30,64.7794,164.2267,150.8854,161.6643
2020-06-29,GLD,stock,166.56,166.8,166.18,166.63,6735695,2020-06-29,2020-06-29,62.7742,163.8958,150.7197,161.4315
2020-06-26,GLD,stock,164.87,166.56,164.22,166.54,9742380,2020-06-26,2020-06-26,62.5334,163.6080,150.5598,161.2193
2020-06-25,GLD,stock,165.89,165.91,165.16,165.8,7080571,2020-06-25,2020-06-25,60.5861,163.2994,150.3992,161.0021
2020-06-24,GLD,stock,166.01,166.99,165.45,165.9,10850683,2020-06-24,2020-06-24,60.9838,163.0362,150.2444,160.8063
2020-06-23,GLD,stock,165.63,166.52,165.52,166.48,12130759,2020-06-23,2020-06-23,63.2189,162.7347,150.0871,160.5984
2020-06-22,GLD,stock,165.06,165.73,164.41,165.09,12357344,2020-06-22,2020-06-22,59.9526,162.3405,149.9223,160.3583
2020-06-19,GLD,stock,162.87,164.09,162.78,164.03,12181570,2020-06-19,2020-06-19,57.2653,162.0510,149.7699,160.1652
2020-06-18,GLD,stock,162.1965,162.32,161.44,162.24,5393023,2020-06-18,2020-06-18,52.2399,161.8427,149.6266,160.0074
2020-06-17,GLD,stock,162,162.62,161.77,162.56,4752277,2020-06-17,2020-06-17,53.2799,161.8009,149.4998,159.9163
2020-06-16,GLD,stock,161.85,162.685,161.36,162.25,7962903,2020-06-16,2020-06-16,52.4279,161.7210,149.3686,159.8084
2020-06-15,GLD,stock,160.52,162.56,160.16,162.33,8520875,2020-06-15,2020-06-15,52.6580,161.6653,149.2391,159.7087
2020-06-12,GLD,stock,163.41,163.88,162.56,162.62,6891670,2020-06-12,2020-06-12,53.4477,161.5953,149.1075,159.6017
2020-06-11,GLD,stock,163.3299,164.06,161.9701,162.39,11669004,2020-06-11,2020-06-11,52.9279,161.4875,148.9717,159.4785
2020-06-10,GLD,stock,162.11,163.63,160.52,163.57,12988548,2020-06-10,2020-06-10,55.9018,161.3925,148.8369,159.3597
2020-06-09,GLD,stock,161.07,161.775,160.87,161.26,9028378,2020-06-09,2020-06-09,50.8852,161.1633,148.6888,159.1878
2020-06-08,GLD,stock,158.9,159.8599,158.47,159.72,9235800,2020-06-08,2020-06-08,47.1644,161.1531,148.5625,159.1033
2020-06-05,GLD,stock,158.6201,158.72,157.035,158.01,16017821,2020-06-05,2020-06-05,42.6875,161.3039,148.4503,159.0781
2020-06-04,GLD,stock,161.14,161.87,159.84,161.28,10089713,2020-06-04,2020-06-04,50.2476,161.6507,148.3542,159.1217
2020-06-03,GLD,stock,160.3301,160.9,158.82,159.6,16981986,2020-06-03,2020-06-03,45.6561,161.6897,148.2243,159.0336
2020-06-02,GLD,stock,163.9999,164.08,161.86,162.6,10385420,2020-06-02,2020-06-02,53.9050,161.9097,148.1100,159.0105
2020-06-01,GLD,stock,162.9235,163.74,162.39,163.66,8139420,2020-06-01,2020-06-01,57.3017,161.8370,147.9644,158.8640
2020-05-29,GLD,stock,162.58,163.4,162.32,162.91,12581762,2020-05-29,2020-05-29,55.4576,161.6451,147.8066,158.6682
2020-05-28,GLD,stock,162.12,162.4598,160.9,161.72,9757164,2020-05-28,2020-05-28,52.4308,161.5120,147.6548,158.4951
2020-05-27,GLD,stock,159.42,161.34,159.2,161.18,13060837,2020-05-27,2020-05-27,51.0285,161.4901,147.5135,158.3634
2020-05-26,GLD,stock,162.58,162.58,160.69,160.89,13929709,2020-05-26,2020-05-26,50.2979,161.5227,147.3761,158.2485
2020-05-22,GLD,stock,162.88,163.47,162.74,163.21,8537849,2020-05-22,2020-05-22,56.5672,161.5893,147.2403,158.1407
2020-05-21,GLD,stock,163.46,163.58,161.37,162.25,11786413,2020-05-21,2020-05-21,54.3825,161.4187,147.0798,157.9338
2020-05-20,GLD,stock,164.54,164.9599,163.89,164.65,10658300,2020-05-20,2020-05-20,61.5724,161.3312,146.9274,157.7576
2020-05-19,GLD,stock,163.6,164.43,163.04,164.26,8536322,2020-05-19,2020-05-19,60.7902,160.9818,146.7492,157.4763
2020-05-18,GLD,stock,164.33,164.495,162.4102,162.69,14132780,2020-05-18,2020-05-18,57.5609,160.6368,146.5733,157.1994
2020-05-15,GLD,stock,164.02,164.8,163.08,163.93,13915777,2020-05-15,2020-05-15,61.2612,160.4206,146.4113,156.9753
2020-05-14,GLD,stock,161.53,163.34,161.51,163.01,17074770,2020-05-14,2020-05-14,59.4660,160.0512,146.2352,156.6914
2020-05-13,GLD,stock,160.94,161.62,160.54,161.58,10936634,2020-05-13,2020-05-13,56.5606,159.7398,146.0666,156.4335
2020-05-12,GLD,stock,160.3,160.95,159.72,160.04,10384042,2020-05-12,2020-05-12,53.2066,159.5461,145.9107,156.2234
2020-05-11,GLD,stock,160.34,160.71,158.89,159.42,11191579,2020-05-11,2020-05-11,51.8157,159.4941,145.7687,156.0677
2020-05-08,GLD,stock,161.08,162,160,160.42,12240280,2020-05-08,2020-05-08,54.2298,159.5019,145.6315,155.9308
2020-05-07,GLD,stock,159.5,161.96,159.36,161.39,13689766,2020-05-07,2020-05-07,56.6052,159.4052,145.4829,155.7476
2020-05-06,GLD,stock,158.99,159.81,158.1,158.95,13342862,2020-05-06,2020-05-06,51.6593,159.1963,145.3230,155.5173
2020-05-05,GLD,stock,160.16,161.1,159.33,161.02,10550702,2020-05-05,2020-05-05,56.7551,159.2222,145.1860,155.3772
2020-05-04,GLD,stock,160.33,160.95,159.91,160.34,7982737,2020-05-04,2020-05-04,55.4135,159.0330,145.0269,155.1469
2020-05-01,GLD,stock,158,160.45,157.8,159.78,10881552,2020-05-01,2020-05-01,54.3301,158.8954,144.8730,154.9349
2020-04-30,GLD,stock,160.22,160.82,158.13,158.8,13626783,2020-04-30,2020-04-30,52.4526,158.8023,144.7232,154.7371
2020-04-29,GLD,stock,160.1,161.85,159.76,161.73,12221655,2020-04-29,2020-04-29,59.2104,158.8026,144.5817,154.5713
2020-04-28,GLD,stock,160.89,160.98,159.16,160.84,10378909,2020-04-28,2020-04-28,57.6722,158.4944,144.4094,154.2791
2020-04-27,GLD,stock,161.88,162,160.41,161.56,9024335,2020-04-27,2020-04-27,59.3536,158.2475,144.2442,154.0113
2020-04-24,GLD,stock,163.13,163.31,160.89,162.64,11198404,2020-04-24,2020-04-24,61.8658,157.8988,144.0702,153.7032
2020-04-23,GLD,stock,162.38,163.6,161.84,163.34,14920793,2020-04-23,2020-04-23,63.4829,157.3997,143.8836,153.3384
2020-04-22,GLD,stock,160.5,161.74,160.42,161.73,12891829,2020-04-22,2020-04-22,61.3237,156.7744,143.6880,152.9302
2020-04-21,GLD,stock,157.6,159.21,157.04,158.61,12457516,2020-04-21,2020-04-21,56.7187,156.2528,143.5067,152.5710
2020-04-20,GLD,stock,158.62,160.22,158.46,159.7,10680239,2020-04-20,2020-04-20,58.9975,156.0047,143.3549,152.3246
2020-04-17,GLD,stock,159.72,160.07,158.12,158.57,14646944,2020-04-17,2020-04-17,57.3478,155.6157,143.1906,152.0235
2020-04-16,GLD,stock,161.88,163.15,160.65,161.71,9164551,2020-04-16,2020-04-16,63.9909,155.3047,143.0361,151.7563
2020-04-15,GLD,stock,161.8,162.54,160.8061,161.85,12112985,2020-04-15,2020-04-15,64.2993,154.6305,142.8484,151.3500
2020-04-14,GLD,stock,162.6701,164.42,161.78,162.68,17085552,2020-04-14,2020-04-14,66.0515,153.8705,142.6574,150.9215
2020-04-13,GLD,stock,159.17,162.38,158.625,161.41,20520700,2020-04-13,2020-04-13,64.6841,152.9432,142.4562,150.4415
2020-04-09,GLD,stock,158.08,159.08,157.21,158.69,18039666,2020-04-09,2020-04-09,61.6087,152.0520,142.2657,149.9938
2020-04-08,GLD,stock,155.91,155.94,154.59,154.65,7589797,2020-04-08,2020-04-08,56.3684,151.3532,142.1006,149.6389
2020-04-07,GLD,stock,155.33,156.14,154.38,156.04,9167837,2020-04-07,2020-04-07,58.9387,151.0062,141.9745,149.4344
2020-04-06,GLD,stock,154.1699,157.22,153.96,156.88,14636349,2020-04-06,2020-04-06,60.4863,150.4763,141.8332,149.1647
2020-04-03,GLD,stock,152.4097,153.09,151.66,152.65,8466802,2020-04-03,2020-04-03,54.9555,149.8023,141.6819,148.8498
2020-04-02,GLD,stock,151.2,152.5,150.7,151.9,9171702,2020-04-02,2020-04-02,53.8929,149.5025,141.5717,148.6947
2020-04-01,GLD,stock,148.2,150.08,147.85,149.45,11789096,2020-04-01,2020-04-01,50.3396,149.2501,141.4679,148.5639
2020-03-31,GLD,stock,151.36,151.8,147.97,148.05,13282011,2020-03-31,2020-03-31,48.2222,149.2291,141.3877,148.5277
2020-03-30,GLD,stock,152.41,153.08,151.57,152.92,12064244,2020-03-30,2020-03-30,55.9241,149.3532,141.3207,148.5472
2020-03-27,GLD,stock,153,153.55,152,152.25,9818063,2020-03-27,2020-03-27,55.0060,148.9778,141.2041,148.3687
2020-03-26,GLD,stock,153.3,154.81,152.08,153.24,12744195,2020-03-26,2020-03-26,56.6242,148.6333,141.0931,148.2103
2020-03-25,GLD,stock,152.58,152.878,151.01,151.3,16408181,2020-03-25,2020-03-25,54.1709,148.1484,140.9710,148.0050
2020-03-24,GLD,stock,153.5,155.66,152.05,153.4,20601136,2020-03-24,2020-03-24,57.4362,147.8167,140.8672,147.8705
2020-03-23,GLD,stock,142.675,146.93,142.28,146.3,28205580,2020-03-23,2020-03-23,47.5014,147.2290,140.7413,147.6448
2020-03-20,GLD,stock,140.7399,141.17,139.14,140.11,19896161,2020-03-20,2020-03-20,35.2701,147.3267,140.6854,147.6997
2020-03-19,GLD,stock,139.0781,140.5,137.8503,138.04,20771230,2020-03-19,2020-03-19,30.2219,148.0864,140.6912,148.0095
2020-03-18,GLD,stock,141.75,142.88,138.5,140.7,21891367,2020-03-18,2020-03-18,33.3229,149.1439,140.7178,148.4164
2020-03-17,GLD,stock,140.18,146.2,139.93,143.56,24390448,2020-03-17,2020-03-17,37.1262,150.0327,140.7180,148.7314
2020-03-16,GLD,stock,137.56,142.96,136.12,141.64,24368528,2020-03-16,2020-03-16,32.3101,150.7141,140.6895,148.9425
2020-03-13,GLD,stock,149.42,149.6,141.58,143.28,35132872,2020-03-13,2020-03-13,34.4001,151.6692,140.6799,149.2405
2020-03-12,GLD,stock,151.53,151.55,146.85,147.79,32836122,2020-03-12,2020-03-12,41.2065,152.5523,140.6538,149.4838
2020-03-11,GLD,stock,156.26,156.5,153.61,153.93,17763825,2020-03-11,2020-03-11,54.9515,153.0536,140.5821,149.5530
2020-03-10,GLD,stock,156.2303,156.41,154.39,154.48,18687110,2020-03-10,2020-03-10,56.5197,152.9614,140.4479,149.3743
2020-03-09,GLD,stock,158.5,159.37,156.33,157.81,24773134,2020-03-09,2020-03-09,67.3204,152.8015,140.3069,149.1659
2020-03-06,GLD,stock,158.32,159.25,154.54,157.55,26934835,2020-03-06,2020-03-06,66.8612,152.2743,140.1310,148.8131
2020-03-05,GLD,stock,156.06,157.62,155.72,157.49,17937637,2020-03-05,2020-03-05,66.7612,151.7190,139.9559,148.4565
2020-03-04,GLD,stock,154.4,154.96,153.7,154.16,12271488,2020-03-04,2020-03-04,60.6352,151.1115,139.7797,148.0878
2020-03-03,GLD,stock,150.84,155.24,150.735,153.89,28473121,2020-03-03,2020-03-03,60.0813,150.7906,139.6352,147.8399
2020-03-02,GLD,stock,149.97,150.73,149.04,149.2,16264343,2020-03-02,2020-03-02,48.3612,150.4643,139.4919,147.5930
2020-02-28,GLD,stock,152.71,152.77,147.05,148.38,42698920,2020-02-28,2020-02-28,45.7765,150.5974,139.3943,147.5274
2020-02-27,GLD,stock,155.58,156.27,153.9,154,27842425,2020-02-27,2020-02-27,67.1740,150.8309,139.3040,147.4926
2020-02-26,GLD,stock,153.84,155.28,152.9,153.97,17902830,2020-02-26,2020-02-26,67.0978,150.4973,139.1563,147.2270
2020-02-25,GLD,stock,155.12,156.08,152.91,153.3,28034251,2020-02-25,2020-02-25,65.4330,150.1317,139.0074,146.9517
2020-02-24,GLD,stock,158.36,158.53,155.36,156.09,27077119,2020-02-24,2020-02-24,81.3489,149.7982,138.8638,146.6926
2020-02-21,GLD,stock,154.4057,155.2219,154.18,154.7,16344191,2020-02-21,2020-02-21,78.9840,149.1359,138.6907,146.3091
2020-02-20,GLD,stock,152,152.83,151.95,152.41,8427774,2020-02-20,2020-02-20,73.9264,148.5502,138.5298,145.9666
2020-02-19,GLD,stock,150.9884,151.82,150.815,151.79,9240505,2020-02-19,2020-02-19,72.2474,148.1439,138.3903,145.7036
2020-02-18,GLD,stock,149.88,151.09,149.47,150.91,11523582,2020-02-18,2020-02-18,69.6734,147.7601,138.2556,145.4552
2020-02-14,GLD,stock,148.74,149.13,148.63,149,5344151,2020-02-14,2020-02-14,62.7016,147.4286,138.1284,145.2325
2020-02-13,GLD,stock,148.24,148.58,147.9501,148.38,7080088,2020-02-13,2020-02-13,59.9246,147.2631,138.0192,145.0787
2020-02-12,GLD,stock,147.42,147.81,147.1567,147.54,5008759,2020-02-12,2020-02-12,55.7829,147.1456,137.9150,144.9440
2020-02-11,GLD,stock,148.03,148.16,147.01,147.66,5173393,2020-02-11,2020-02-11,56.5583,147.1041,137.8183,144.8380
2020-02-10,GLD,stock,148.21,148.4464,147.91,148.17,5788476,2020-02-10,2020-02-10,59.8409,147.0455,137.7194,144.7229
2020-02-07,GLD,stock,147.83,148.18,147.335,147.79,6367355,2020-02-07,2020-02-07,58.1608,146.9272,137.6143,144.5822
2020-02-06,GLD,stock,147.28,147.63,147,147.4,4807047,2020-02-06,2020-02-06,56.4234,146.8364,137.5121,144.4512
2020-02-05,GLD,stock,146.38,146.81,146.16,146.61,6156860,2020-02-05,2020-02-05,52.7314,146.7770,137.4127,144.3309
2020-02-04,GLD,stock,146.96,147.03,145.8,146.43,10501897,2020-02-04,2020-02-04,51.8686,146.7946,137.3203,144.2378
2020-02-03,GLD,stock,148.66,148.78,147.6802,148.36,9103481,2020-02-03,2020-02-03,63.3881,146.8330,137.2287,144.1484
2020-01-31,GLD,stock,148.88,149.68,148.81,149.33,14781354,2020-01-31,2020-01-31,70.7179,146.6722,137.1168,143.9765
2020-01-30,GLD,stock,148.69,149.31,148.01,148.47,9117215,2020-01-30,2020-01-30,67.6370,146.3925,136.9941,143.7579
2020-01-29,GLD,stock,147.7,148.56,147.61,148.46,5004617,2020-01-29,2020-01-29,67.6002,146.1738,136.8788,143.5656
2020-01-28,GLD,stock,148.36,148.56,147.53,147.66,7507154,2020-01-28,2020-01-28,64.6103,145.9331,136.7624,143.3658
2020-01-27,GLD,stock,149.21,149.32,148.4575,148.99,9963178,2020-01-27,2020-01-27,75.3438,145.7514,136.6528,143.1906
2020-01-24,GLD,stock,146.9221,148.38,146.89,147.98,9913786,2020-01-24,2020-01-24,72.0722,145.4105,136.5288,142.9539
2020-01-23,GLD,stock,147,147.62,146.62,147.12,8411937,2020-01-23,2020-01-23,68.7988,145.1400,136.4138,142.7487
2020-01-22,GLD,stock,146.68,146.81,146.38,146.79,4772215,2020-01-22,2020-01-22,67.4389,144.9316,136.3062,142.5703
2020-01-21,GLD,stock,145.77,146.86,145.551,146.74,6076269,2020-01-21,2020-01-21,67.2380,144.7359,136.2008,142.3981
2020-01-17,GLD,stock,146.51,146.99,146.31,146.58,11119151,2020-01-17,2020-01-17,66.6262,144.5250,136.0949,142.2208
2020-01-16,GLD,stock,146.2313,146.4658,145.755,146.31,6051756,2020-01-16,2020-01-16,65.6201,144.3087,135.9895,142.0429
2020-01-15,GLD,stock,146.21,146.73,145.82,146.54,6498475,2020-01-15,2020-01-15,67.2230,144.0980,135.8858,141.8687
2020-01-14,GLD,stock,145.4005,145.81,145.082,145.69,6589676,2020-01-14,2020-01-14,64.2240,143.8409,135.7787,141.6781
2020-01-13,GLD,stock,146.35,146.38,145.78,145.82,7593771,2020-01-13,2020-01-13,65.0695,143.6463,135.6791,141.5143
2020-01-10,GLD,stock,146.22,146.99,146.17,146.91,6183208,2020-01-10,2020-01-10,72.5011,143.4175,135.5772,141.3386
2020-01-09,GLD,stock,146.07,146.41,145.44,146.03,10292147,2020-01-09,2020-01-09,69.9262,143.0499,135.4633,141.1112
2020-01-08,GLD,stock,148.49,148.61,146.14,146.86,22247107,2020-01-08,2020-01-08,76.1729,142.7362,135.3571,140.9104
2020-01-07,GLD,stock,147.57,148.14,147.43,147.97,7996704,2020-01-07,2020-01-07,85.6778,142.3021,135.2415,140.6676
2020-01-06,GLD,stock,148.42,148.48,146.95,147.39,14397138,2020-01-06,2020-01-06,84.7548,141.7054,135.1135,140.3695
2020-01-03,GLD,stock,145.7713,146.32,145.4,145.86,12272707,2020-01-03,2020-01-03,81.8971,141.1071,134.9902,140.0830
2020-01-02,GLD,stock,143.86,144.21,143.4,143.95,7732710,2020-01-02,2020-01-02,76.8715,140.6068,134.8809,139.8472
2019-12-31,GLD,stock,143.31,143.605,142.8,142.9,5312671,2019-12-31,2019-12-31,73.0528,140.2548,134.7898,139.6797
2019-12-30,GLD,stock,142.57,142.8,142.46,142.63,4810215,2019-12-30,2019-12-30,71.9468,139.9764,134.7083,139.5483
2019-12-27,GLD,stock,142.26,142.73,142.17,142.33,5119883,2019-12-27,2019-12-27,70.7063,139.6971,134.6286,139.4225
2019-12-26,GLD,stock,142.06,142.47,141.9062,142.38,8338329,2019-12-26,2019-12-26,71.1935,139.4199,134.5512,139.3038
2019-12-24,GLD,stock,140.4401,141.33,140.43,141.27,5303698,2019-12-24,2019-12-24,66.4244,139.1083,134.4726,139.1783
2019-12-23,GLD,stock,139.53,139.96,139.53,139.95,5180814,2019-12-23,2019-12-23,58.9132,138.8808,134.4042,139.0929
2019-12-20,GLD,stock,139.3705,139.52,138.98,139.52,4446611,2019-12-20,2019-12-20,55.9310,138.7682,134.3485,139.0579
2019-12-19,GLD,stock,139.0421,139.55,138.87,139.38,4974681,2019-12-19,2019-12-19,54.9423,138.6891,134.2965,139.0390
2019-12-18,GLD,stock,138.86,139.25,138.81,139.02,3607526,2019-12-18,2019-12-18,52.3918,138.6164,134.2454,139.0251
2019-12-17,GLD,stock,139.04,139.3,138.851,139.01,4287398,2019-12-17,2019-12-17,52.3222,138.5739,134.1975,139.0253
2019-12-16,GLD,stock,139.2,139.39,138.8,139.04,4645603,2019-12-16,2019-12-16,52.5362,138.5280,134.1491,139.0260
2019-12-13,GLD,stock,138.52,139.21,137.98,139.05,6964255,2019-12-13,2019-12-13,52.6028,138.4741,134.0999,139.0254
2019-12-12,GLD,stock,139.78,139.85,137.88,138.43,8809561,2019-12-12,2019-12-12,48.8719,138.4135,134.0502,139.0244
2019-12-11,GLD,stock,138.2,139.3,138.1201,138.92,6051297,2019-12-11,2019-12-11,51.8682,138.4118,134.0062,139.0486
2019-12-10,GLD,stock,138.25,138.33,137.74,137.97,3240667,2019-12-10,2019-12-10,45.8967,138.3583,133.9568,139.0539
2019-12-09,GLD,stock,137.81,137.81,137.45,137.58,2711506,2019-12-09,2019-12-09,43.2108,138.3991,133.9164,139.0981
2019-12-06,GLD,stock,137.76,137.8262,137.4,137.62,8714531,2019-12-06,2019-12-06,43.4161,138.4853,133.8796,139.1601
2019-12-05,GLD,stock,138.8,139.45,138.79,139,5661533,2019-12-05,2019-12-05,51.2090,138.5764,133.8420,139.2229
2019-12-04,GLD,stock,139.16,139.165,138.59,138.92,6322253,2019-12-04,2019-12-04,50.7330,138.5318,133.7902,139.2320
2019-12-03,GLD,stock,139.06,139.57,138.97,139.11,8500626,2019-12-03,2019-12-03,51.8486,138.4910,133.7386,139.2448
2019-12-02,GLD,stock,137.314,138.09,137.3,137.79,8274464,2019-12-02,2019-12-02,43.8888,138.4258,133.6847,139.2503
2019-11-29,GLD,stock,137.1,138.1341,137.08,137.86,4516421,2019-11-29,2019-11-29,44.2490,138.4928,133.6434,139.3099
2019-11-27,GLD,stock,137.03,137.21,136.83,137.01,4106004,2019-11-27,2019-11-27,38.5638,138.5594,133.6010,139.3691
2019-11-26,GLD,stock,136.98,137.8,136.58,137.74,4724383,2019-11-26,2019-11-26,41.9775,138.7225,133.5668,139.4654
2019-11-25,GLD,stock,137.32,137.62,136.99,137.08,6468727,2019-11-25,2019-11-25,37.3193,138.8259,133.5248,139.5358
2019-11-22,GLD,stock,138.37,138.46,137.66,137.74,3620266,2019-11-22,2019-11-22,40.3255,139.0096,133.4891,139.6360
2019-11-21,GLD,stock,138.39,138.56,137.77,138,4196464,2019-11-21,2019-11-21,41.5498,139.1433,133.4464,139.7134
2019-11-20,GLD,stock,138.53,139,138.1,138.76,6864781,2019-11-20,2019-11-20,45.2814,139.2636,133.4006,139.7833
2019-11-19,GLD,stock,138.13,138.9716,138.13,138.69,4819651,2019-11-19,2019-11-19,44.8579,139.3166,133.3467,139.8251
2019-11-18,GLD,stock,138.44,138.85,138.3,138.62,5717762,2019-11-18,2019-11-18,44.4586,139.3826,133.2930,139.8714
2019-11-15,GLD,stock,138.03,138.4208,137.971,138.21,10106690,2019-11-15,2019-11-15,42.1821,139.4629,133.2395,139.9225
2019-11-14,GLD,stock,138.38,138.94,137.8685,138.56,5220259,2019-11-14,2019-11-14,43.5986,139.5948,133.1895,139.9924
2019-11-13,GLD,stock,137.8,138.22,137.64,137.98,8809170,2019-11-13,2019-11-13,40.5252,139.7037,133.1356,140.0509
2019-11-12,GLD,stock,137.03,137.59,136.19,137.43,6448394,2019-11-12,2019-11-12,37.5276,139.8851,133.0869,140.1354
2019-11-11,GLD,stock,137.61,137.79,136.435,137.06,7037251,2019-11-11,2019-11-11,35.4968,140.1436,133.0432,140.2458
2019-11-08,GLD,stock,137.7,138.33,137.39,137.39,10377412,2019-11-08,2019-11-08,36.4789,140.4682,133.0029,140.3759
2019-11-07,GLD,stock,140.11,140.2,137.6,138.27,15176983,2019-11-07,2019-11-07,39.1619,140.7922,132.9588,140.4977
2019-11-06,GLD,stock,140.12,140.79,140,140.45,6404884,2019-11-06,2019-11-06,47.1366,141.0577,132.9054,140.5887
2019-11-05,GLD,stock,140.7,140.89,139.38,139.85,11769429,2019-11-05,2019-11-05,44.2344,141.1216,132.8296,140.5943
2019-11-04,GLD,stock,142.2367,142.45,141.7446,142.15,4737087,2019-11-04,2019-11-04,54.9782,141.2555,132.7590,140.6247
2019-11-01,GLD,stock,142.21,142.9,142.01,142.56,8089314,2019-11-01,2019-11-01,57.2812,141.1613,132.6646,140.5625
2019-10-31,GLD,stock,141.98,142.69,141.89,142.43,7043202,2019-10-31,2019-10-31,56.7477,141.0141,132.5652,140.4809
2019-10-30,GLD,stock,140.54,141.04,139.55,141.02,6992123,2019-10-30,2019-10-30,50.5258,140.8651,132.4660,140.4014
2019-10-29,GLD,stock,140,140.63,139.78,140.25,3835104,2019-10-29,2019-10-29,46.6329,140.8487,132.3801,140.3761
2019-10-28,GLD,stock,141.25,141.25,140.4004,140.64,5402458,2019-10-28,2019-10-28,48.4249,140.9118,132.3010,140.3813
2019-10-25,GLD,stock,142.8181,142.83,141.4,141.86,6008671,2019-10-25,2019-10-25,54.5098,140.9404,132.2172,140.3707
2019-10-24,GLD,stock,141,141.74,140.93,141.53,6263966,2019-10-24,2019-10-24,53.0273,140.8436,132.1202,140.3099
2019-10-23,GLD,stock,140.59,141,140.5,140.53,4159671,2019-10-23,2019-10-23,48.2849,140.7713,132.0257,140.2601
2019-10-22,GLD,stock,140.13,140.3,139.72,140.2,3880815,2019-10-22,2019-10-22,46.6339,140.7967,131.9402,140.2491
2019-10-21,GLD,stock,140.72,140.76,139.6,139.79,8312737,2019-10-21,2019-10-21,44.5932,140.8595,131.8572,140.2511
2019-10-18,GLD,stock,140.5,140.71,140.32,140.46,6416080,2019-10-18,2019-10-18,47.3401,140.9721,131.7775,140.2699
2019-10-17,GLD,stock,140.5,141.12,140.42,140.61,6216147,2019-10-17,2019-10-17,47.9542,141.0260,131.6902,140.2622
2019-10-16,GLD,stock,140.1599,140.53,139.6988,140.41,10363294,2019-10-16,2019-10-16,47.1047,141.0698,131.6006,140.2480
2019-10-15,GLD,stock,140.27,140.3,139.21,139.61,9130388,2019-10-15,2019-10-15,43.6908,141.1393,131.5120,140.2414
2019-10-14,GLD,stock,140.45,140.82,140.34,140.59,4008722,2019-10-14,2019-10-14,47.1525,141.3003,131.4306,140.2671
2019-10-11,GLD,stock,139.9801,140.19,138.91,140.03,11423274,2019-10-11,2019-10-11,44.8332,141.3750,131.3386,140.2539
2019-10-10,GLD,stock,141.59,141.66,140.578,140.81,9274648,2019-10-10,2019-10-10,47.5312,141.5166,131.2512,140.2631
2019-10-09,GLD,stock,142.16,142.58,141.62,142.05,6928809,2019-10-09,2019-10-09,52.1651,141.5910,131.1552,140.2408
2019-10-08,GLD,stock,142.03,142.29,141.17,141.92,10478330,2019-10-08,2019-10-08,51.7067,141.5427,131.0457,140.1669
2019-10-07,GLD,stock,141.16,141.7709,140.24,140.69,6155985,2019-10-07,2019-10-07,47.2675,141.5029,130.9364,140.0954
2019-10-04,GLD,stock,141.48,142.31,141.14,141.9,9689748,2019-10-04,2019-10-04,51.6003,141.5885,130.8383,140.0711
2019-10-03,GLD,stock,141.36,143.25,141.29,141.9,12406393,2019-10-03,2019-10-03,51.6003,141.5557,130.7272,139.9964
2019-10-02,GLD,stock,140.79,141.88,140.462,141.26,11942729,2019-10-02,2019-10-02,49.4887,141.5195,130.6149,139.9187
2019-10-01,GLD,stock,138.07,140.19,137.8,139.63,12500459,2019-10-01,2019-10-01,43.6773,141.5468,130.5079,139.8640
2019-09-30,GLD,stock,139.77,140.21,138.03,138.87,15501664,2019-09-30,2019-09-30,40.7247,141.7486,130.4162,139.8736
2019-09-27,GLD,stock,140.35,141.68,140.16,141.06,9663779,2019-09-27,2019-09-27,47.3692,142.0516,130.3313,139.9145
2019-09-26,GLD,stock,142.19,142.57,141.56,141.79,8781994,2019-09-26,2019-09-26,49.8887,142.1560,130.2234,139.8678
2019-09-25,GLD,stock,144.08,144.29,141.44,141.83,11993328,2019-09-25,2019-09-25,50.0240,142.1945,130.1072,139.7893
2019-09-24,GLD,stock,143.21,144.77,142.88,144.51,10619888,2019-09-24,2019-09-24,60.1844,142.2328,129.9894,139.7060
2019-09-23,GLD,stock,143.19,143.94,143.07,143.75,9033969,2019-09-23,2019-09-23,57.9346,141.9931,129.8434,139.5099
2019-09-20,GLD,stock,141.61,143.03,141.46,142.95,12143073,2019-09-20,2019-09-20,55.4754,141.8082,129.7037,139.3369
2019-09-19,GLD,stock,141.57,141.74,141.0851,141.28,8062414,2019-09-19,2019-09-19,49.7851,141.6880,129.5705,139.1894
2019-09-18,GLD,stock,141.93,142.53,139.81,140.71,15066645,2019-09-18,2019-09-18,47.6652,141.7310,129.4528,139.1041
2019-09-17,GLD,stock,141.82,142.11,141.2237,141.6,7045262,2019-09-17,2019-09-17,50.7729,141.8384,129.3397,139.0385
2019-09-16,GLD,stock,141.6,142.05,141.02,141.32,8078398,2019-09-16,2019-09-16,49.8171,141.8635,129.2165,138.9340
2019-09-13,GLD,stock,141.73,141.99,140.06,140.15,13450924,2019-09-13,2019-09-13,45.7284,141.9207,129.0949,138.8366
2019-09-12,GLD,stock,142.6899,143.1,141.11,141.32,12661188,2019-09-12,2019-09-12,49.4712,142.1071,128.9837,138.7830
2019-09-11,GLD,stock,140.3401,141.26,140.28,141.03,7435539,2019-09-11,2019-09-11,48.5010,142.1900,128.8598,138.6794
2019-09-10,GLD,stock,141.23,141.525,140.16,140.18,12606324,2019-09-10,2019-09-10,45.6615,142.3121,128.7374,138.5835
2019-09-09,GLD,stock,142.37,142.46,141.18,141.39,11317417,2019-09-09,2019-09-09,49.2511,142.5365,128.6224,138.5183
2019-09-06,GLD,stock,143.66,144.06,141.86,141.94,14174625,2019-09-06,2019-09-06,50.9413,142.6572,128.4941,138.4011
2019-09-05,GLD,stock,144.9867,145.015,142,143.14,20292448,2019-09-05,2019-09-05,54.7479,142.7327,128.3590,138.2566
2019-09-04,GLD,stock,145.54,146.82,145.5,146.66,11284999,2019-09-04,2019-09-04,68.7387,142.6898,128.2104,138.0573
2019-09-03,GLD,stock,144.96,146.13,144.741,145.75,15613445,2019-09-03,2019-09-03,66.6956,142.2719,128.0250,137.7062
2019-08-30,GLD,stock,143.84,144.8822,143.02,143.75,9641918,2019-08-30,2019-08-30,61.5698,141.9058,127.8469,137.3779
2019-08-29,GLD,stock,145.4,145.49,143.28,144.12,14764572,2019-08-29,2019-08-29,63.2419,141.7117,127.6870,137.1178
2019-08-28,GLD,stock,145.39,145.68,144.64,145.16,11452157,2019-08-28,2019-08-28,68.0665,141.4582,127.5219,136.8320
2019-08-27,GLD,stock,144.3,145.68,144.27,145.57,12857588,2019-08-27,2019-08-27,70.0220,141.0685,127.3446,136.4921
2019-08-26,GLD,stock,144.35,144.97,143.91,144.19,12200810,2019-08-26,2019-08-26,67.0647,140.5947,127.1615,136.1215
2019-08-23,GLD,stock,141.84,144.33,141.64,144.17,20290539,2019-08-23,2019-08-23,67.0209,140.2162,126.9903,135.7922
2019-08-22,GLD,stock,141.39,141.9,141.17,141.4,6847647,2019-08-22,2019-08-22,60.2200,139.8000,126.8177,135.4503
2019-08-21,GLD,stock,141.62,142.17,141.46,141.76,8118733,2019-08-21,2019-08-21,61.7569,139.6316,126.6711,135.2074
2019-08-20,GLD,stock,141.77,142.255,141.6,142.21,7479375,2019-08-20,2019-08-20,63.6422,139.4076,126.5195,134.9400
2019-08-19,GLD,stock,141.33,141.79,140.85,141.11,10558366,2019-08-19,2019-08-19,60.9353,139.1126,126.3618,134.6432
2019-08-16,GLD,stock,142.75,143.13,141.8,142.78,12184492,2019-08-16,2019-08-16,68.0810,138.9023,126.2135,134.3793
2019-08-15,GLD,stock,142.96,144.02,142.61,143.7,13501099,2019-08-15,2019-08-15,72.4257,138.4942,126.0470,134.0364
2019-08-14,GLD,stock,142.9,143.75,142.05,142.75,20672858,2019-08-14,2019-08-14,70.6285,137.9462,125.8696,133.6419
2019-08-13,GLD,stock,143.17,143.285,139.35,141.78,29930394,2019-08-13,2019-08-13,68.6938,137.4405,125.7000,133.2702
2019-08-12,GLD,stock,141.67,143.38,141.64,142.63,22574074,2019-08-12,2019-08-12,72.5841,136.9837,125.5384,132.9228
2019-08-09,GLD,stock,141.28,142.03,140.96,141.26,9485912,2019-08-09,2019-08-09,70.0452,136.3894,125.3666,132.5266
2019-08-08,GLD,stock,140.9,142.37,140.71,141.73,13108554,2019-08-08,2019-08-08,72.1744,135.8767,125.2069,132.1702
2019-08-07,GLD,stock,141.28,142.47,140.88,141.02,26671092,2019-08-07,2019-08-07,70.9351,135.2606,125.0408,131.7800
2019-08-06,GLD,stock,138.33,139.03,138.005,138.91,9471209,2019-08-06,2019-08-06,66.8622,134.6543,124.8802,131.4028
2019-08-05,GLD,stock,137.93,138.64,137.05,137.79,17519817,2019-08-05,2019-08-05,64.4036,134.2063,124.7392,131.0964
2019-08-02,GLD,stock,135.39,136.6,135.37,135.89,13753222,2019-08-02,2019-08-02,59.6928,133.8291,124.6080,130.8232
2019-08-01,GLD,stock,132.42,136.43,132.305,136.41,27719822,2019-08-01,2019-08-01,61.7703,133.6122,124.4946,130.6164
2019-07-31,GLD,stock,135.03,135.42,133.02,133.21,18797199,2019-07-31,2019-07-31,52.2800,133.3177,124.3749,130.3799
2019-07-30,GLD,stock,134.76,135.18,134.41,134.98,9458733,2019-07-30,2019-07-30,59.9199,133.3290,124.2861,130.2644
2019-07-29,GLD,stock,134.06,134.729,133.44,134.53,9162417,2019-07-29,2019-07-29,58.4878,133.1552,124.1786,130.0719
2019-07-26,GLD,stock,134.24,134.29,133.59,133.64,6249928,2019-07-26,2019-07-26,55.5724,133.0105,124.0746,129.8900
2019-07-25,GLD,stock,134.24,134.28,133.09,133.42,11708241,2019-07-25,2019-07-25,54.8444,132.9442,123.9784,129.7369
2019-07-24,GLD,stock,134.59,134.84,133.98,134.37,6715167,2019-07-24,2019-07-24,58.7009,132.8941,123.8836,129.5866
2019-07-23,GLD,stock,134.43,134.95,133.56,133.69,9981379,2019-07-23,2019-07-23,56.6761,132.7388,123.7782,129.3913
2019-07-22,GLD,stock,134.56,134.82,134.32,134.45,7570898,2019-07-22,2019-07-22,59.7145,132.6387,123.6786,129.2159
2019-07-19,GLD,stock,135.45,136.03,133.97,134.47,18079195,2019-07-19,2019-07-19,59.7928,132.4480,123.5703,129.0023
2019-07-18,GLD,stock,133.83,136.63,133.61,136.48,18466488,2019-07-18,2019-07-18,68.1331,132.2352,123.4608,128.7791
2019-07-17,GLD,stock,133,134.6,132.89,134.58,11288279,2019-07-17,2019-07-17,63.6871,131.7883,123.3299,128.4648
2019-07-16,GLD,stock,133.18,133.3,132.13,132.4,7965981,2019-07-16,2019-07-16,57.3471,131.4945,123.2168,128.2152
2019-07-15,GLD,stock,133.18,133.53,132.805,133.53,4026583,2019-07-15,2019-07-15,62.6085,131.3992,123.1245,128.0443
2019-07-12,GLD,stock,132.89,133.69,132.53,133.53,6309451,2019-07-12,2019-07-12,62.6085,131.1749,123.0200,127.8204
2019-07-11,GLD,stock,133.58,133.7,132.41,132.7,7535133,2019-07-11,2019-07-11,60.3018,130.9270,122.9143,127.5874
2019-07-10,GLD,stock,132.94,133.87,132.35,133.83,13920593,2019-07-10,2019-07-10,65.4025,130.7403,122.8160,127.3787
2019-07-09,GLD,stock,131.43,132.1,131.1575,131.75,6633439,2019-07-09,2019-07-09,59.5551,130.4151,122.7053,127.1154
2019-07-08,GLD,stock,132.18,132.341,131.28,131.29,8028884,2019-07-08,2019-07-08,58.1008,130.2746,122.6144,126.9262
2019-07-05,GLD,stock,131.46,132.32,130.81,132.14,11536581,2019-07-05,2019-07-05,61.9210,130.1677,122.5272,126.7481
2019-07-03,GLD,stock,133.61,134.1,133.23,133.63,6351547,2019-07-03,2019-07-03,69.3425,129.9601,122.4306,126.5280
2019-07-02,GLD,stock,131.27,133.63,131.16,133.41,13282139,2019-07-02,2019-07-02,68.8303,129.5738,122.3180,126.2382
2019-07-01,GLD,stock,131.56,131.755,130.55,130.62,13369815,2019-07-01,2019-07-01,61.1960,129.1699,122.2066,125.9454
2019-06-28,GLD,stock,133.05,133.34,132.61,133.2,8076966,2019-06-28,2019-06-28,77.4941,129.0173,122.1220,125.7546
2019-06-27,GLD,stock,132.38,132.97,132.26,132.84,8412764,2019-06-27,2019-06-27,76.6897,128.5770,122.0107,125.4508
2019-06-26,GLD,stock,132.99,133.55,132.41,132.97,12016402,2019-06-26,2019-06-26,77.6199,128.1283,121.9018,125.1492
2019-06-25,GLD,stock,134.9,135.55,133.21,134.2,24772241,2019-06-25,2019-06-25,86.8785,127.6186,121.7906,124.8299
2019-06-24,GLD,stock,132.77,134.035,132.58,133.94,17851801,2019-06-24,2019-06-24,86.5639,126.9259,121.6659,124.4475
2019-06-21,GLD,stock,131.77,132.17,131.07,131.98,15068037,2019-06-21,2019-06-21,83.8544,126.1875,121.5425,124.0600
2019-06-20,GLD,stock,130.41,131.49,130.185,131.11,18636339,2019-06-20,2019-06-20,82.3907,125.5778,121.4376,123.7368
2019-06-19,GLD,stock,126.77,127.99,126.7,127.89,11660649,2019-06-19,2019-06-19,74.4214,124.9955,121.3404,123.4358
2019-06-18,GLD,stock,127.58,127.75,126.39,127.12,10309646,2019-06-18,2019-06-18,71.5638,124.6908,121.2746,123.2540
2019-06-17,GLD,stock,126.7,126.77,126.17,126.48,4763345,2019-06-17,2019-06-17,68.8806,124.4351,121.2158,123.0962
2019-06-14,GLD,stock,127.21,127.63,126.26,126.56,9226446,2019-06-14,2019-06-14,69.6434,124.2198,121.1629,122.9581
2019-06-13,GLD,stock,126.03,126.77,125.9599,126.6,5374818,2019-06-13,2019-06-13,70.0033,123.9735,121.1087,122.8111
2019-06-12,GLD,stock,125.6,126.2,125.56,125.83,5756153,2019-06-12,2019-06-12,66.9502,123.6970,121.0535,122.6564
2019-06-11,GLD,stock,124.94,125.4,124.884,125.18,4757841,2019-06-11,2019-06-11,64.0849,123.4725,121.0055,122.5269
2019-06-10,GLD,stock,125.46,125.525,125.065,125.33,5409983,2019-06-10,2019-06-10,65.2980,123.2927,120.9635,122.4186
2019-06-07,GLD,stock,126.79,127.25,126.32,126.59,8145853,2019-06-07,2019-06-07,76.6096,123.0783,120.9196,122.2998
2019-06-06,GLD,stock,125.93,126.45,125.8,125.88,5551778,2019-06-06,2019-06-06,74.2781,122.7086,120.8627,122.1247
2019-06-05,GLD,stock,126.18,126.37,125.24,125.47,7637880,2019-06-05,2019-06-05,72.8257,122.3748,120.8122,121.9714
2019-06-04,GLD,stock,124.88,125.42,124.61,125.15,7997062,2019-06-04,2019-06-04,71.6662,122.0490,120.7654,121.8286
2019-06-03,GLD,stock,124.09,125.34,123.9,125.11,14173636,2019-06-03,2019-06-03,71.5252,121.7226,120.7214,121.6930
2019-05-31,GLD,stock,122.55,123.4,122.315,123.33,15367001,2019-05-31,2019-05-31,64.1524,121.3660,120.6772,121.5536
2019-05-30,GLD,stock,120.96,121.69,120.8,121.69,7757033,2019-05-30,2019-05-30,53.9519,121.1592,120.6506,121.4811
2019-05-29,GLD,stock,121.11,121.26,120.745,120.87,4133202,2019-05-29,2019-05-29,46.9423,121.1034,120.6401,121.4725
2019-05-28,GLD,stock,120.8,120.84,120.46,120.83,4303495,2019-05-28,2019-05-28,46.5739,121.1279,120.6378,121.4971
2019-05-24,GLD,stock,121.13,121.31,120.89,121.3,2324653,2019-05-24,2019-05-24,50.3912,121.1593,120.6359,121.5244
2019-05-23,GLD,stock,120.82,121.52,120.77,121.17,6054721,2019-05-23,2019-05-23,49.3244,121.1445,120.6292,121.5335
2019-05-22,GLD,stock,120.35,120.5,120.19,120.24,3741805,2019-05-22,2019-05-22,40.8792,121.1418,120.6238,121.5484
2019-05-21,GLD,stock,120.08,120.36,119.83,120.36,3845702,2019-05-21,2019-05-21,41.7121,121.2367,120.6276,121.6018
2019-05-20,GLD,stock,120.51,120.74,120.42,120.64,4345803,2019-05-20,2019-05-20,43.6385,121.3290,120.6303,121.6524
2019-05-17,GLD,stock,121.03,121.06,120.33,120.65,6589382,2019-05-17,2019-05-17,43.7055,121.4016,120.6302,121.6938
2019-05-16,GLD,stock,122.03,122.0734,121.19,121.51,6349454,2019-05-16,2019-05-16,49.8066,121.4807,120.6300,121.7364
2019-05-15,GLD,stock,122.71,122.765,122.2199,122.39,10298968,2019-05-15,2019-05-15,57.4231,121.4776,120.6212,121.7456
2019-05-14,GLD,stock,122.6,122.66,122.12,122.46,5556105,2019-05-14,2019-05-14,58.0792,121.3815,120.6034,121.7193
2019-05-13,GLD,stock,122.63,122.85,122.325,122.67,11130908,2019-05-13,2019-05-13,59.9883,121.2680,120.5848,121.6891
2019-05-10,GLD,stock,121.41,121.73,121.3,121.43,4586301,2019-05-10,2019-05-10,51.1913,121.1204,120.5638,121.6490
2019-05-09,GLD,stock,120.96,121.62,120.86,121.2,5015785,2019-05-09,2019-05-09,49.2703,121.0878,120.5551,121.6580
2019-05-08,GLD,stock,121.54,121.54,120.77,120.91,4178965,2019-05-08,2019-05-08,46.8197,121.0760,120.5486,121.6767
2019-05-07,GLD,stock,121.02,121.42,120.9067,121.21,4010654,2019-05-07,2019-05-07,49.0980,121.0935,120.5450,121.7080
2019-05-06,GLD,stock,120.61,121.12,120.54,120.81,3479563,2019-05-06,2019-05-06,45.8347,121.0813,120.5383,121.7283
2019-05-03,GLD,stock,120.56,121.08,120.475,120.65,8414504,2019-05-03,2019-05-03,44.5135,121.1098,120.5356,121.7658
2019-05-02,GLD,stock,119.69,120.11,119.54,119.94,6759844,2019-05-02,2019-05-02,38.3132,121.1582,120.5344,121.8113
2019-05-01,GLD,stock,121.03,121.55,120.18,120.4,12331836,2019-05-01,2019-05-01,41.0745,121.2864,120.5404,121.8877
2019-04-30,GLD,stock,120.89,121.36,120.85,121.2,4758567,2019-04-30,2019-04-30,46.4848,121.3797,120.5418,121.9484
2019-04-29,GLD,stock,120.88,120.91,120.665,120.83,4469721,2019-04-29,2019-04-29,43.2760,121.3987,120.5352,121.9790
2019-04-26,GLD,stock,121.26,121.67,121.2199,121.37,6022715,2019-04-26,2019-04-26,47.1036,121.4585,120.5322,122.0259
2019-04-25,GLD,stock,120.72,121.0962,120.5,120.57,4836857,2019-04-25,2019-04-25,39.7760,121.4678,120.5238,122.0526
2019-04-24,GLD,stock,120.06,120.72,120.04,120.47,4173034,2019-04-24,2019-04-24,38.7919,121.5624,120.5233,122.1131
2019-04-23,GLD,stock,119.67,120.2,119.55,120.12,5574897,2019-04-23,2019-04-23,35.3588,121.6773,120.5239,122.1802
2019-04-22,GLD,stock,120.46,120.5,120.27,120.37,2251185,2019-04-22,2019-04-22,36.7250,121.8413,120.5279,122.2643
2019-04-18,GLD,stock,120.24,120.54,120.15,120.37,4090401,2019-04-18,2019-04-18,36.7250,121.9961,120.5295,122.3416
2019-04-17,GLD,stock,120.46,120.51,120.195,120.28,4693864,2019-04-17,2019-04-17,35.9569,122.1673,120.5311,122.4221
2019-04-16,GLD,stock,120.38,120.63,120.19,120.51,10097802,2019-04-16,2019-04-16,37.0234,122.3660,120.5337,122.5095
2019-04-15,GLD,stock,121.2,121.82,121.095,121.6,4252774,2019-04-15,2019-04-15,42.5817,122.5614,120.5339,122.5911
2019-04-12,GLD,stock,121.96,122.31,121.8,121.83,5272844,2019-04-12,2019-04-12,43.8722,122.6625,120.5232,122.6316
2019-04-11,GLD,stock,122.54,122.75,121.79,121.95,11694503,2019-04-11,2019-04-11,44.5260,122.7502,120.5100,122.6643
2019-04-10,GLD,stock,123.22,123.77,123.19,123.53,6344767,2019-04-10,2019-04-10,54.4455,122.8344,120.4956,122.6935
2019-04-09,GLD,stock,123.26,123.35,123.03,123.15,4648392,2019-04-09,2019-04-09,52.0603,122.7612,120.4651,122.6593
2019-04-08,GLD,stock,122.97,123.0199,122.4,122.51,4271034,2019-04-08,2019-04-08,47.7848,122.7203,120.4381,122.6393
2019-04-05,GLD,stock,121.88,122.13,121.6633,121.98,5114493,2019-04-05,2019-04-05,43.9401,122.7424,120.4173,122.6446
2019-04-04,GLD,stock,121.1,122.24,120.96,122.11,7508760,2019-04-04,2019-04-04,44.6896,122.8227,120.4016,122.6717
2019-04-03,GLD,stock,121.73,122.01,121.675,121.8,6152734,2019-04-03,2019-04-03,42.5186,122.8977,120.3844,122.6946
2019-04-02,GLD,stock,121.72,122.01,121.68,121.98,4474953,2019-04-02,2019-04-02,43.4379,123.0132,120.3702,122.7311
2019-04-01,GLD,stock,122.4,122.43,121.46,121.53,13559963,2019-04-01,2019-04-01,40.4491,123.1220,120.3540,122.7618
2019-03-29,GLD,stock,122.64,122.75,122.01,122.01,7094201,2019-03-29,2019-03-29,42.6830,123.2895,120.3422,122.8121
2019-03-28,GLD,stock,122.28,122.355,121.705,121.9,11878328,2019-03-28,2019-03-28,42.0014,123.4242,120.3254,122.8448
2019-03-27,GLD,stock,124.35,124.375,123.56,123.65,6595016,2019-03-27,2019-03-27,50.9529,123.5847,120.3096,122.8834
2019-03-26,GLD,stock,124.48,124.51,124.07,124.3,5056224,2019-03-26,2019-03-26,54.9955,123.5778,120.2760,122.8521
2019-03-25,GLD,stock,124.56,125.11,124.4801,124.92,7288343,2019-03-25,2019-03-25,59.1522,123.5018,120.2356,122.7930
2019-03-22,GLD,stock,123.93,124.22,123.73,123.97,5874016,2019-03-22,2019-03-22,54.2301,123.3525,120.1885,122.7062
2019-03-21,GLD,stock,124.36,124.37,123.11,123.68,7739775,2019-03-21,2019-03-21,52.6115,123.2875,120.1505,122.6546
2019-03-20,GLD,stock,123.66,124.42,122.65,124.18,11304912,2019-03-20,2019-03-20,55.7690,123.2462,120.1150,122.6127
2019-03-19,GLD,stock,123.72,123.79,123.34,123.38,6558693,2019-03-19,2019-03-19,51.4390,123.1479,120.0742,122.5487
2019-03-18,GLD,stock,123.3,123.3998,122.89,123.04,7783205,2019-03-18,2019-03-18,49.4875,123.1234,120.0409,122.5148
2019-03-15,GLD,stock,123.06,123.4,122.9132,122.97,9412061,2019-03-15,2019-03-15,49.0965,123.1322,120.0108,122.4934
2019-03-14,GLD,stock,122.33,122.545,122.12,122.41,6778443,2019-03-14,2019-03-14,45.9902,123.1493,119.9810,122.4739
2019-03-13,GLD,stock,123.56,123.88,123.425,123.84,7377297,2019-03-13,2019-03-13,53.7705,123.2271,119.9566,122.4765
2019-03-12,GLD,stock,122.54,123.03,122.4,122.98,6289860,2019-03-12,2019-03-12,48.9474,123.1626,119.9176,122.4209
2019-03-11,GLD,stock,122.52,122.54,121.92,122.24,6708655,2019-03-11,2019-03-11,44.3047,123.1818,119.8868,122.3981
2019-03-08,GLD,stock,122.7,122.89,122.37,122.84,10427747,2019-03-08,2019-03-08,47.5611,123.2810,119.8632,122.4045
2019-03-07,GLD,stock,121.27,121.71,121.18,121.51,6088768,2019-03-07,2019-03-07,38.2136,123.3274,119.8333,122.3867
2019-03-06,GLD,stock,121.43,121.64,121.26,121.61,4820443,2019-03-06,2019-03-06,38.6952,123.5187,119.8164,122.4225
2019-03-05,GLD,stock,121.38,121.73,121.03,121.72,7120090,2019-03-05,2019-03-05,39.1998,123.7196,119.7984,122.4557
2019-03-04,GLD,stock,121.56,121.85,121.18,121.56,10272586,2019-03-04,2019-03-04,38.1097,123.9301,119.7791,122.4857
2019-03-01,GLD,stock,123.48,123.96,121.87,121.88,16411743,2019-03-01,2019-03-01,39.4223,124.1796,119.7612,122.5235
2019-02-28,GLD,stock,124.71,124.71,123.98,123.99,7811731,2019-02-28,2019-02-28,49.9575,124.4217,119.7399,122.5498
2019-02-27,GLD,stock,125.17,125.226,124.4,124.69,7935647,2019-02-27,2019-02-27,54.4392,124.4671,119.6972,122.4910
2019-02-26,GLD,stock,125.33,125.6171,125.05,125.58,5153511,2019-02-26,2019-02-26,60.8880,124.4436,119.6470,122.4012
2019-02-25,GLD,stock,125.78,125.9,125.23,125.37,4882615,2019-02-25,2019-02-25,59.8458,124.3240,119.5874,122.2715
2019-02-22,GLD,stock,125.53,125.95,125.39,125.5,5439375,2019-02-22,2019-02-22,60.7767,124.2139,119.5292,122.1450
2019-02-21,GLD,stock,126.15,126.22,125.05,125.05,8634596,2019-02-21,2019-02-21,58.7124,124.0785,119.4692,122.0081
2019-02-20,GLD,stock,127,127.21,126.31,126.48,8889665,2019-02-20,2019-02-20,69.5069,123.9763,119.4131,121.8839
2019-02-19,GLD,stock,125.98,126.79,125.93,126.7,15614028,2019-02-19,2019-02-19,71.3817,123.7127,119.3421,121.6963
2019-02-15,GLD,stock,124.59,125,124.18,124.8,12190104,2019-02-15,2019-02-15,63.4826,123.3983,119.2682,121.4921
2019-02-14,GLD,stock,123.84,124.2,123.53,124.06,6276529,2019-02-14,2019-02-14,59.4330,123.2507,119.2126,121.3571
2019-02-13,GLD,stock,123.84,124.55,123.31,123.37,7640509,2019-02-13,2019-02-13,55.1243,123.1655,119.1639,121.2467
2019-02-12,GLD,stock,123.96,124.03,123.61,123.86,4271869,2019-02-12,2019-02-12,59.2759,123.1440,119.1216,121.1601
2019-02-11,GLD,stock,123.19,123.82,123.19,123.6,4821904,2019-02-11,2019-02-11,57.7065,123.0687,119.0740,121.0499
2019-02-08,GLD,stock,124.05,124.33,123.9799,124.21,4235221,2019-02-08,2019-02-08,62.9954,123.0127,119.0285,120.9458
2019-02-07,GLD,stock,123.8,123.95,123.4367,123.74,5935456,2019-02-07,2019-02-07,60.3986,122.8867,118.9764,120.8125
2019-02-06,GLD,stock,124.16,124.1899,123.4,123.44,6595100,2019-02-06,2019-02-06,58.6800,122.7969,118.9285,120.6931
2019-02-05,GLD,stock,124.29,124.42,124.05,124.28,6291367,2019-02-05,2019-02-05,66.1433,122.7292,118.8832,120.5809
2019-02-04,GLD,stock,123.99,124.29,123.82,123.96,6879187,2019-02-04,2019-02-04,64.5483,122.5659,118.8289,120.4300
2019-02-01,GLD,stock,124.89,125.05,124.37,124.5,12485496,2019-02-01,2019-02-01,69.6931,122.4192,118.7774,120.2859
2019-01-31,GLD,stock,125.18,125.23,124.62,124.75,10209516,2019-01-31,2019-01-31,72.1658,122.2002,118.7199,120.1139
2019-01-30,GLD,stock,123.91,125.07,123.7,124.69,12103963,2019-01-30,2019-01-30,71.9440,121.9317,118.6593,119.9246
2019-01-29,GLD,stock,123.71,124,123.46,123.98,11610204,2019-01-29,2019-01-29,69.2511,121.6414,118.5986,119.7301
2019-01-28,GLD,stock,122.75,123.29,122.7178,123.29,8522178,2019-01-28,2019-01-28,66.3353,121.3952,118.5446,119.5567
2019-01-25,GLD,stock,122.02,122.91,122.02,122.86,11103309,2019-01-25,2019-01-25,64.3807,121.1958,118.4969,119.4043
2019-01-24,GLD,stock,121.16,121.36,120.92,121.09,5662490,2019-01-24,2019-01-24,54.2213,121.0206,118.4530,119.2632
2019-01-23,GLD,stock,120.96,121.54,120.86,121.28,5224918,2019-01-23,2019-01-23,55.8079,121.0133,118.4265,119.1887
2019-01-22,GLD,stock,121.18,121.5,120.9,121.45,7896668,2019-01-22,2019-01-22,57.1985,120.9852,118.3978,119.1033
2019-01-18,GLD,stock,121.23,121.515,121.02,121.02,10896307,2019-01-18,2019-01-18,54.5378,120.9363,118.3672,119.0075
2019-01-17,GLD,stock,122.03,122.26,121.81,122.11,8558523,2019-01-17,2019-01-17,63.8855,120.9275,118.3405,118.9254
2019-01-16,GLD,stock,122.04,122.44,122.02,122.27,6878137,2019-01-16,2019-01-16,65.4138,120.8030,118.3026,118.7954
2019-01-15,GLD,stock,122.28,122.38,121.62,121.88,7512779,2019-01-15,2019-01-15,63.4340,120.6486,118.2627,118.6536
2019-01-14,GLD,stock,122.15,122.24,121.87,122.09,6477072,2019-01-14,2019-01-14,65.3030,120.5190,118.2264,118.5219
2019-01-11,GLD,stock,121.74,122.05,121.66,121.8,8622666,2019-01-11,2019-01-11,63.9406,120.3536,118.1876,118.3763
2019-01-10,GLD,stock,121.98,122.179,121.57,121.59,6672058,2019-01-10,2019-01-10,62.9627,120.2014,118.1513,118.2365
2019-01-09,GLD,stock,121.45,122.335,121.44,122.31,10555933,2019-01-09,2019-01-09,68.9125,120.0552,118.1167,118.0996
2019-01-08,GLD,stock,121.15,121.71,121.06,121.53,7643363,2019-01-08,2019-01-08,65.6469,119.8179,118.0745,117.9278
2019-01-07,GLD,stock,122.16,122.22,121.5731,121.86,7473641,2019-01-07,2019-01-07,68.4726,119.6376,118.0398,117.7808
2019-01-04,GLD,stock,121.32,121.6,120.69,121.44,13334368,2019-01-04,2019-01-04,66.7828,119.4037,118.0014,117.6143
2019-01-03,GLD,stock,121.78,122.46,121.73,122.43,15440840,2019-01-03,2019-01-03,75.6585,119.1893,117.9669,117.4581
2019-01-02,GLD,stock,121.35,121.75,120.88,121.33,12776155,2019-01-02,2019-01-02,71.7903,118.8482,117.9220,117.2552
2018-12-31,GLD,stock,120.98,121.26,120.83,121.25,8449441,2018-12-31,2018-12-31,71.4843,118.5870,117.8878,117.0889
2018-12-28,GLD,stock,120.8,121.08,120.72,121.06,6864842,2018-12-28,2018-12-28,70.7853,118.3067,117.8540,116.9190
2018-12-27,GLD,stock,120.57,120.895,120.14,120.57,11874408,2018-12-27,2018-12-27,68.9636,118.0168,117.8217,116.7500
2018-12-26,GLD,stock,120.62,120.995,119.57,119.66,14293459,2018-12-26,2018-12-26,65.2241,117.7481,117.7941,116.5941
2018-12-24,GLD,stock,119.57,120.14,119.57,120.02,9736359,2018-12-24,2018-12-24,68.2447,117.5468,117.7754,116.4689
2018-12-21,GLD,stock,119.19,119.25,118.57,118.72,13629830,2018-12-21,2018-12-21,62.4069,117.2865,117.7528,116.3240
2018-12-20,GLD,stock,119.11,119.74,118.68,119.24,18615143,2018-12-20,2018-12-20,66.9805,117.1356,117.7431,116.2262
2018-12-19,GLD,stock,118.24,118.96,117.4,117.43,13827509,2018-12-19,2018-12-19,56.7313,116.9141,117.7281,116.1032
2018-12-18,GLD,stock,117.85,118.2,117.81,118.15,7542875,2018-12-18,2018-12-18,64.0781,116.8598,117.7310,116.0490
2018-12-17,GLD,stock,117.37,118.03,117.35,117.87,8455007,2018-12-17,2018-12-17,62.3158,116.7240,117.7268,115.9633
2018-12-14,GLD,stock,116.63,117.3,116.58,117.06,7501660,2018-12-14,2018-12-14,56.5959,116.6033,117.7254,115.8855
2018-12-13,GLD,stock,117.54,117.62,117.26,117.53,4131770,2018-12-13,2018-12-13,61.6366,116.5553,117.7321,115.8375
2018-12-12,GLD,stock,117.7,117.95,117.6117,117.79,4136781,2018-12-12,2018-12-12,64.5918,116.4527,117.7341,115.7684
2018-12-11,GLD,stock,117.67,117.89,117.35,117.54,6395391,2018-12-11,2018-12-11,63.0082,116.3119,117.7336,115.6859
2018-12-10,GLD,stock,117.7,117.94,117.42,117.68,8118110,2018-12-10,2018-12-10,64.5084,116.1826,117.7355,115.6102
2018-12-07,GLD,stock,117.62,118.23,117.54,118.09,10402903,2018-12-07,2018-12-07,68.9742,116.0250,117.7361,115.5258
2018-12-06,GLD,stock,117.38,117.685,116.92,117.14,9267628,2018-12-06,2018-12-06,63.5441,115.8076,117.7325,115.4211
2018-12-04,GLD,stock,117.37,117.39,116.931,117.12,7186437,2018-12-04,2018-12-04,63.4190,115.6674,117.7385,115.3509
2018-12-03,GLD,stock,116.6,116.77,116.295,116.41,8463378,2018-12-03,2018-12-03,58.7507,115.5145,117.7447,115.2787
2018-11-30,GLD,stock,115.42,115.66,115.04,115.54,8169579,2018-11-30,2018-11-30,51.7438,115.4202,117.7581,115.2326
2018-11-29,GLD,stock,115.97,116.24,115.56,115.74,6479502,2018-11-29,2018-11-29,53.6907,115.4076,117.7804,115.2200
2018-11-28,GLD,stock,114.76,116.07,114.59,115.38,13789016,2018-11-28,2018-11-28,50.5829,115.3726,117.8009,115.1988
2018-11-27,GLD,stock,115.55,115.63,114.6,114.95,9671170,2018-11-27,2018-11-27,46.6090,115.3718,117.8252,115.1914
2018-11-26,GLD,stock,115.84,115.87,115.53,115.64,4018622,2018-11-26,2018-11-26,52.9541,115.4162,117.8541,115.2012
2018-11-23,GLD,stock,115.76,115.88,115.585,115.77,3726611,2018-11-23,2018-11-23,54.2461,115.3926,117.8764,115.1833
2018-11-21,GLD,stock,115.94,116.35,115.86,115.86,8834206,2018-11-21,2018-11-21,55.1105,115.3529,117.8975,115.1594
2018-11-20,GLD,stock,115.94,115.95,115.37,115.67,9075193,2018-11-20,2018-11-20,53.6631,115.2995,117.9180,115.1308
2018-11-19,GLD,stock,115.45,115.92,115.37,115.67,8508445,2018-11-19,2018-11-19,53.6631,115.2605,117.9406,115.1088
2018-11-16,GLD,stock,115.83,115.88,115.37,115.62,8576955,2018-11-16,2018-11-16,53.3216,115.2174,117.9634,115.0859
2018-11-15,GLD,stock,114.83,114.99,114.56,114.77,8910585,2018-11-15,2018-11-15,47.1759,115.1751,117.9870,115.0641
2018-11-14,GLD,stock,113.53,115.06,113.46,114.64,13950218,2018-11-14,2018-11-14,46.1693,115.2177,118.0193,115.0761
2018-11-13,GLD,stock,113.72,113.93,113.42,113.7,9309074,2018-11-13,2018-11-13,38.2721,115.2785,118.0533,115.0939
2018-11-12,GLD,stock,114.01,114.05,113.58,113.66,7499046,2018-11-12,2018-11-12,37.9122,115.4447,118.0970,115.1508
2018-11-09,GLD,stock,114.6,114.75,114.14,114.48,14159472,2018-11-09,2018-11-09,42.6454,115.6325,118.1416,115.2116
2018-11-08,GLD,stock,115.77,116.15,115.5,115.78,7638817,2018-11-08,2018-11-08,52.2482,115.7539,118.1784,115.2415
2018-11-07,GLD,stock,116.26,116.345,115.9,116.03,8392112,2018-11-07,2018-11-07,54.4371,115.7511,118.2025,115.2195
2018-11-06,GLD,stock,116.44,116.525,115.74,116.04,7270793,2018-11-06,2018-11-06,54.5220,115.7218,118.2244,115.1864
2018-11-05,GLD,stock,116.28,116.67,116.23,116.37,6291450,2018-11-05,2018-11-05,57.2564,115.6883,118.2463,115.1516
2018-11-02,GLD,stock,116.61,116.98,116.39,116.65,8796962,2018-11-02,2018-11-02,59.6119,115.6165,118.2652,115.1019
2018-11-01,GLD,stock,116.33,117.07,116.18,116.63,13662915,2018-11-01,2018-11-01,59.5014,115.5077,118.2814,115.0387
2018-10-31,GLD,stock,114.89,115.17,114.66,115.15,11409346,2018-10-31,2018-10-31,50.1242,115.3896,118.2980,114.9737
2018-10-30,GLD,stock,115.85,116.04,115.635,115.8,7233614,2018-10-30,2018-10-30,55.3509,115.4148,118.3296,114.9665
2018-10-29,GLD,stock,116.41,116.54,115.84,116.31,8732486,2018-10-29,2018-10-29,59.9017,115.3742,118.3551,114.9325
2018-10-26,GLD,stock,116.83,117.65,116.46,116.77,15733170,2018-10-26,2018-10-26,64.3316,115.2757,118.3756,114.8763
2018-10-25,GLD,stock,116.58,116.73,116.19,116.4,8303495,2018-10-25,2018-10-25,62.2463,115.1185,118.3917,114.7990
2018-10-24,GLD,stock,116.38,116.72,116.1101,116.66,8563293,2018-10-24,2018-10-24,64.7150,114.9836,118.4118,114.7336
2018-10-23,GLD,stock,117.16,117.25,116.33,116.39,12704177,2018-10-23,2018-10-23,63.3119,114.8071,118.4294,114.6550
2018-10-22,GLD,stock,115.57,115.7789,115.43,115.71,5200759,2018-10-22,2018-10-22,59.5502,114.6405,118.4499,114.5842
2018-10-19,GLD,stock,116.23,116.24,115.96,116.01,7453947,2018-10-19,2018-10-19,62.1612,114.5279,118.4774,114.5382
2018-10-18,GLD,stock,115.83,116.41,115.63,115.92,7964106,2018-10-18,2018-10-18,61.6933,114.3719,118.5022,114.4782
2018-10-17,GLD,stock,115.89,116.33,115.68,115.79,7078639,2018-10-17,2018-10-17,61.0473,114.2089,118.5282,114.4193
2018-10-16,GLD,stock,116.49,116.6,115.8,115.8,9531769,2018-10-16,2018-10-16,61.1209,114.0425,118.5557,114.3634
2018-10-15,GLD,stock,116.12,116.53,115.89,116,11828366,2018-10-15,2018-10-15,62.5213,113.8575,118.5834,114.3047
2018-10-12,GLD,stock,115.58,115.71,115.08,115.23,12939315,2018-10-12,2018-10-12,59.1776,113.6319,118.6093,114.2355
2018-10-11,GLD,stock,114.2,116.04,114.09,115.78,26810920,2018-10-11,2018-10-11,62.8996,113.4637,118.6433,114.1949
2018-10-10,GLD,stock,112.47,112.96,112.25,112.88,10571316,2018-10-10,2018-10-10,46.3909,113.2199,118.6721,114.1303
2018-10-09,GLD,stock,112.37,112.67,111.97,112.6,8352697,2018-10-09,2018-10-09,44.1634,113.2557,118.7303,114.1813
2018-10-08,GLD,stock,112.25,112.59,111.9,112.54,12111577,2018-10-08,2018-10-08,43.6979,113.3247,118.7919,114.2458
2018-10-05,GLD,stock,113.81,114.1,113.57,113.8,7994440,2018-10-05,2018-10-05,52.1809,113.4073,118.8547,114.3155
2018-10-04,GLD,stock,113.83,114.19,113.255,113.48,6616212,2018-10-04,2018-10-04,49.8866,113.3660,118.9055,114.3365
2018-10-03,GLD,stock,113.87,114.05,113.26,113.42,6674517,2018-10-03,2018-10-03,49.4645,113.3540,118.9601,114.3714
2018-10-02,GLD,stock,113.7,114.33,113.61,113.87,10776912,2018-10-02,2018-10-02,52.5471,113.3470,119.0157,114.4103
2018-10-01,GLD,stock,112.4,112.62,112.15,112.57,3893012,2018-10-01,2018-10-01,43.0217,113.2920,119.0674,114.4323
2018-09-28,GLD,stock,112.16,113,112.07,112.76,6020579,2018-09-28,2018-09-28,44.2266,113.3680,119.1327,114.5083
2018-09-27,GLD,stock,112.1,112.4156,111.8499,112.05,7683739,2018-09-27,2018-09-27,38.2233,113.4320,119.1968,114.5797
2018-09-26,GLD,stock,113.11,113.6,112.66,113.05,8297429,2018-09-26,2018-09-26,44.4857,113.5774,119.2686,114.6830
2018-09-25,GLD,stock,113.75,113.885,113.57,113.65,3004824,2018-09-25,2018-09-25,48.9542,113.6330,119.3311,114.7496
2018-09-24,GLD,stock,113.68,113.96,113.43,113.47,4435578,2018-09-24,2018-09-24,47.4847,113.6312,119.3882,114.7945
2018-09-21,GLD,stock,112.8701,113.68,112.79,113.49,6831550,2018-09-21,2018-09-21,47.6262,113.6481,119.4477,114.8486
2018-09-20,GLD,stock,114.21,114.37,113.855,114.27,4384523,2018-09-20,2018-09-20,53.3855,113.6648,119.5076,114.9040
2018-09-19,GLD,stock,113.94,114.15,113.68,113.88,4223199,2018-09-19,2018-09-19,50.6126,113.6011,119.5602,114.9299
2018-09-18,GLD,stock,113.79,113.91,113.275,113.44,4737849,2018-09-18,2018-09-18,47.3304,113.5717,119.6173,114.9727
2018-09-17,GLD,stock,113.6,114.03,113.55,113.61,4727254,2018-09-17,2018-09-17,48.4865,113.5856,119.6794,115.0353
2018-09-14,GLD,stock,113.79,113.9,112.91,113.02,5375645,2018-09-14,2018-09-14,44.0850,113.5830,119.7404,115.0935
2018-09-13,GLD,stock,114.72,114.78,113.58,113.76,5636023,2018-09-13,2018-09-13,48.9567,113.6423,119.8079,115.1781
2018-09-12,GLD,stock,113.12,114.39,113.055,114.17,6315934,2018-09-12,2018-09-12,51.9079,113.6299,119.8687,115.2360
2018-09-11,GLD,stock,112.65,113.37,112.42,113.22,3791338,2018-09-11,2018-09-11,44.7409,113.5730,119.9260,115.2795
2018-09-10,GLD,stock,113.26,113.43,113,113.15,2316693,2018-09-10,2018-09-10,44.1716,113.6102,119.9934,115.3636
2018-09-07,GLD,stock,113.26,113.6,112.97,113.23,3714023,2018-09-07,2018-09-07,44.6599,113.6586,120.0622,115.4539
2018-09-06,GLD,stock,113.89,114.26,113.28,113.54,4784729,2018-09-06,2018-09-06,46.5096,113.7038,120.1308,115.5447
2018-09-05,GLD,stock,113.36,113.44,113.12,113.32,4459202,2018-09-05,2018-09-05,45.0087,113.7210,120.1971,115.6265
2018-09-04,GLD,stock,112.75,113.07,112.61,112.93,6617486,2018-09-04,2018-09-04,42.3456,113.7632,120.2662,115.7207
2018-08-31,GLD,stock,113.72,114.06,113.44,113.51,5048673,2018-08-31,2018-08-31,45.3804,113.8509,120.3399,115.8346
2018-08-30,GLD,stock,113.92,113.93,113.24,113.64,5431600,2018-08-30,2018-08-30,46.0676,113.8868,120.4086,115.9294
2018-08-29,GLD,stock,114.16,114.21,113.85,114.2,5616329,2018-08-29,2018-08-29,49.0377,113.9128,120.4766,116.0229
2018-08-28,GLD,stock,114.76,114.8666,113.55,113.68,6101386,2018-08-28,2018-08-28,46.0379,113.8825,120.5397,116.0973
2018-08-27,GLD,stock,114.12,114.78,114.12,114.59,4364167,2018-08-27,2018-08-27,50.9074,113.9039,120.6086,116.1959
2018-08-24,GLD,stock,113.25,114.42,113.21,114.16,9214703,2018-08-24,2018-08-24,48.5181,113.8316,120.6691,116.2615
2018-08-23,GLD,stock,112.68,112.88,112.06,112.2,5500102,2018-08-23,2018-08-23,35.1620,113.7971,120.7345,116.3473
2018-08-22,GLD,stock,113.39,113.49,113.07,113.27,6215910,2018-08-22,2018-08-22,40.4865,113.9652,120.8203,116.5165
2018-08-21,GLD,stock,112.77,113.1,112.44,113.02,5042443,2018-08-21,2018-08-21,38.4648,114.0384,120.8962,116.6491
2018-08-20,GLD,stock,112.38,112.74,112.16,112.69,5313403,2018-08-20,2018-08-20,35.7914,114.1456,120.9753,116.7972
2018-08-17,GLD,stock,111.69,112.15,111.38,112.13,8470951,2018-08-17,2018-08-17,31.0727,114.2988,121.0586,116.9648
2018-08-16,GLD,stock,111.46,111.88,111.1,111.1,7484637,2018-08-16,2018-08-16,21.1795,114.5271,121.1483,117.1622
2018-08-15,GLD,stock,112.17,112.18,111.06,111.19,12398366,2018-08-15,2018-08-15,21.4291,114.8878,121.2493,117.4096
2018-08-14,GLD,stock,113.25,113.48,112.84,113.07,7086193,2018-08-14,2018-08-14,27.7777,115.2770,121.3504,117.6635
2018-08-13,GLD,stock,113.81,113.81,112.83,112.96,9150873,2018-08-13,2018-08-13,26.5961,115.5094,121.4336,117.8510
2018-08-10,GLD,stock,114.81,115.23,114.6076,114.69,6757857,2018-08-10,2018-08-10,34.9450,115.7777,121.5188,118.0506
2018-08-09,GLD,stock,115.02,115.12,114.69,114.74,4252956,2018-08-09,2018-08-09,35.2419,115.8922,121.5874,118.1877
2018-08-08,GLD,stock,114.75,114.95,114.41,114.91,3809872,2018-08-08,2018-08-08,36.2133,116.0135,121.6562,118.3285
2018-08-07,GLD,stock,114.85,114.935,114.42,114.59,5188447,2018-08-07,2018-08-07,32.9847,116.1297,121.7240,118.4680
2018-08-06,GLD,stock,114.56,114.72,114.31,114.33,5811614,2018-08-06,2018-08-06,30.3239,116.2917,121.7957,118.6263
2018-08-03,GLD,stock,115.09,115.53,114.86,114.92,5953227,2018-08-03,2018-08-03,33.0925,116.4982,121.8708,118.8016
2018-08-02,GLD,stock,115.17,115.23,114.42,114.52,6204210,2018-08-02,2018-08-02,29.0123,116.6644,121.9406,118.9601
2018-08-01,GLD,stock,115.63,115.7,115.125,115.14,7941660,2018-08-01,2018-08-01,31.8037,116.8901,122.0152,119.1413
2018-07-31,GLD,stock,115.47,116.35,115.394,115.99,5508456,2018-07-31,2018-07-31,36.2430,117.0743,122.0843,119.3046
2018-07-30,GLD,stock,115.8,116.02,115.64,115.65,4157371,2018-07-30,2018-07-30,32.7568,117.1884,122.1456,119.4399
2018-07-27,GLD,stock,115.92,116.2399,115.77,115.83,5242099,2018-07-27,2018-07-27,33.6616,117.3504,122.2108,119.5946
2018-07-26,GLD,stock,116.24,116.51,115.77,115.77,6382946,2018-07-26,2018-07-26,33.0895,117.5104,122.2750,119.7483
2018-07-25,GLD,stock,116.79,116.8366,116.27,116.68,5480914,2018-07-25,2018-07-25,37.6638,117.6936,122.3403,119.9106
2018-07-24,GLD,stock,116.22,116.43,115.91,116.04,4801046,2018-07-24,2018-07-24,31.4777,117.8003,122.3972,120.0425
2018-07-23,GLD,stock,116.25,116.31,115.76,116,6247368,2018-07-23,2018-07-23,31.0807,117.9856,122.4611,120.2059
2018-07-20,GLD,stock,116.4,116.71,116.24,116.56,7892317,2018-07-20,2018-07-20,33.6119,118.1946,122.5261,120.3775
2018-07-19,GLD,stock,115.13,116.47,115.12,115.81,14227628,2018-07-19,2018-07-19,26.1305,118.3667,122.5860,120.5334
2018-07-18,GLD,stock,116.03,116.35,115.83,116.31,5391963,2018-07-18,2018-07-18,28.0901,118.6358,122.6541,120.7262
2018-07-17,GLD,stock,116.72,116.925,116.12,116.28,7939635,2018-07-17,2018-07-17,27.7884,118.8806,122.7179,120.9064
2018-07-16,GLD,stock,117.51,117.625,117.28,117.55,3670943,2018-07-16,2018-07-16,33.2768,119.1544,122.7826,121.0952
2018-07-13,GLD,stock,117.62,117.75,117.4465,117.61,5444284,2018-07-13,2018-07-13,33.5677,119.3233,122.8352,121.2399
2018-07-12,GLD,stock,118,118.2638,117.94,118.13,4585460,2018-07-12,2018-07-12,36.1074,119.5036,122.8877,121.3881
2018-07-11,GLD,stock,118.45,118.53,117.62,117.64,6974791,2018-07-11,2018-07-11,31.5776,119.6482,122.9355,121.5211
2018-07-10,GLD,stock,118.89,119,118.61,118.93,3754770,2018-07-10,2018-07-10,38.1979,119.8596,122.9887,121.6795
2018-07-09,GLD,stock,119.65,119.73,119.14,119.15,4075297,2018-07-09,2018-07-09,39.5097,119.9574,123.0295,121.7917
2018-07-06,GLD,stock,118.97,119.03,118.731,118.86,2947058,2018-07-06,2018-07-06,36.8555,120.0424,123.0685,121.8995
2018-07-05,GLD,stock,118.92,119.33,118.77,119.05,4951873,2018-07-05,2018-07-05,37.8663,120.1669,123.1108,122.0236
2018-07-03,GLD,stock,118.41,119.08,118.38,118.65,8900973,2018-07-03,2018-07-03,34.3462,120.2844,123.1516,122.1450
2018-07-02,GLD,stock,118.18,118.21,117.4,117.46,12021957,2018-07-02,2018-07-02,22.1646,120.4565,123.1969,122.2876
2018-06-29,GLD,stock,118.43,118.94,118.26,118.65,8002828,2018-06-29,2018-06-29,26.7782,120.7719,123.2545,122.4847
2018-06-28,GLD,stock,118.59,118.67,118.01,118.22,7760936,2018-06-28,2018-06-28,21.2803,120.9953,123.3008,122.6412
2018-06-27,GLD,stock,118.96,119.05,118.48,118.58,6480064,2018-06-27,2018-06-27,22.5995,121.2874,123.3519,122.8217
2018-06-26,GLD,stock,119.28,119.59,119.09,119.26,8675447,2018-06-26,2018-06-26,25.3565,121.5724,123.3998,122.9948
2018-06-25,GLD,stock,120,120.23,119.8299,119.89,9300195,2018-06-25,2018-06-25,28.3298,121.8158,123.4414,123.1472
2018-06-22,GLD,stock,120.21,120.4,120.1,120.34,4518408,2018-06-22,2018-06-22,30.7189,122.0185,123.4771,123.2802
2018-06-21,GLD,stock,119.92,120.32,119.821,120.05,5681906,2018-06-21,2018-06-21,27.0367,122.1952,123.5086,123.4002
2018-06-20,GLD,stock,120.79,120.81,120.16,120.26,4548491,2018-06-20,2018-06-20,28.0388,122.4210,123.5434,123.5369
2018-06-19,GLD,stock,120.81,121.03,120.581,120.8,4925832,2018-06-19,2018-06-19,30.7609,122.6485,123.5764,123.6707
2018-06-18,GLD,stock,121.35,121.44,120.99,121.11,3845950,2018-06-18,2018-06-18,32.4398,122.8431,123.6043,123.7878
2018-06-15,GLD,stock,122.18,122.2,120.83,121.34,14536993,2018-06-15,2018-06-15,33.7072,123.0255,123.6294,123.8971
2018-06-14,GLD,stock,123.63,123.86,123.32,123.38,8015447,2018-06-14,2018-06-14,49.6997,123.2029,123.6524,124.0015
2018-06-13,GLD,stock,122.84,123.34,122.47,123.19,5867744,2018-06-13,2018-06-13,47.5474,123.1843,123.6551,124.0269
2018-06-12,GLD,stock,122.95,123.18,122.64,122.82,7279620,2018-06-12,2018-06-12,43.1487,123.1837,123.6598,124.0610
2018-06-11,GLD,stock,123.1,123.42,123.0175,123.23,3201179,2018-06-11,2018-06-11,47.2236,123.2220,123.6682,124.1117
2018-06-08,GLD,stock,123.08,123.12,122.91,123.01,3865667,2018-06-08,2018-06-08,44.6176,123.2211,123.6726,124.1477
2018-06-07,GLD,stock,122.96,123.145,122.69,122.86,3700745,2018-06-07,2018-06-07,42.8303,123.2433,123.6793,124.1941
2018-06-06,GLD,stock,123.08,123.35,122.63,122.92,4083702,2018-06-06,2018-06-06,43.3499,123.2837,123.6875,124.2486
2018-06-05,GLD,stock,122.55,123.2257,122.281,122.85,6864209,2018-06-05,2018-06-05,42.5955,123.3220,123.6952,124.3028
2018-06-04,GLD,stock,122.85,122.93,122.37,122.37,4345370,2018-06-04,2018-06-04,37.2765,123.3717,123.7037,124.3621
2018-06-01,GLD,stock,122.58,123.09,122.44,122.49,8059121,2018-06-01,2018-06-01,38.0959,123.4771,123.7171,124.4434
2018-05-31,GLD,stock,123.26,123.78,123.1,123.1,7862495,2018-05-31,2018-05-31,42.5065,123.5810,123.7295,124.5231
2018-05-30,GLD,stock,123.17,123.61,123.17,123.37,4573697,2018-05-30,2018-05-30,44.6303,123.6316,123.7358,124.5812
2018-05-29,GLD,stock,122.84,123.64,122.66,123.19,9013170,2018-05-29,2018-05-29,42.8631,123.6592,123.7395,124.6307
2018-05-25,GLD,stock,123.66,123.7,123.21,123.21,7920650,2018-05-25,2018-05-25,43.0047,123.7085,123.7450,124.6895
2018-05-24,GLD,stock,123.1,123.82,123.08,123.59,8850085,2018-05-24,2018-05-24,45.6666,123.7610,123.7504,124.7499
2018-05-23,GLD,stock,122.14,122.74,122.11,122.54,7007256,2018-05-23,2018-05-23,35.4085,123.7790,123.7520,124.7972
2018-05-22,GLD,stock,122.7,122.74,122.34,122.41,4579602,2018-05-22,2018-05-22,33.9754,123.9095,123.7642,124.8893
2018-05-21,GLD,stock,122.16,122.53,121.97,122.48,4126673,2018-05-21,2018-05-21,34.3565,124.0673,123.7778,124.9905
2018-05-18,GLD,stock,122.05,122.65,122.01,122.41,6837125,2018-05-18,2018-05-18,33.6655,124.2344,123.7908,125.0930
2018-05-17,GLD,stock,122.23,122.43,122.04,122.36,7781336,2018-05-17,2018-05-17,33.1991,124.4264,123.8047,125.2025
2018-05-16,GLD,stock,122.38,122.61,122.03,122.29,4943275,2018-05-16,2018-05-16,32.5829,124.6439,123.8192,125.3185
2018-05-15,GLD,stock,122.82,122.82,122.13,122.48,10911900,2018-05-15,2018-05-15,33.3585,124.8917,123.8346,125.4421
2018-05-14,GLD,stock,125.16,125.21,124.44,124.49,3753223,2018-05-14,2018-05-14,43.5388,125.1456,123.8482,125.5630
2018-05-11,GLD,stock,125.57,125.59,124.94,125,4299164,2018-05-11,2018-05-11,46.9118,125.2146,123.8418,125.6068
2018-05-10,GLD,stock,125.22,125.3724,124.75,125.18,5218356,2018-05-10,2018-05-10,48.1340,125.2372,123.8301,125.6316
2018-05-09,GLD,stock,124.45,124.87,124.24,124.33,4405593,2018-05-09,2018-05-09,41.4450,125.2432,123.8165,125.6500
2018-05-08,GLD,stock,124.14,124.95,123.79,124.59,5551078,2018-05-08,2018-05-08,43.0208,125.3393,123.8114,125.7039
2018-05-07,GLD,stock,124.5,124.7,124.3,124.57,3397508,2018-05-07,2018-05-07,42.8657,125.4182,123.8036,125.7494
2018-05-04,GLD,stock,124.1,124.65,124,124.54,5883574,2018-05-04,2018-05-04,42.6481,125.5075,123.7959,125.7975
2018-05-03,GLD,stock,124.66,124.76,124.24,124.28,4857387,2018-05-03,2018-05-03,40.8351,125.6093,123.7884,125.8489
2018-05-02,GLD,stock,123.9,124.54,123.58,123.65,7614019,2018-05-02,2018-05-02,36.3047,125.7492,123.7834,125.9129
2018-05-01,GLD,stock,123.9,123.9848,123.39,123.71,7551577,2018-05-01,2018-05-01,36.5522,125.9702,123.7848,126.0053
2018-04-30,GLD,stock,124.41,125.2,124.1901,124.59,9830612,2018-04-30,2018-04-30,40.2936,126.2081,123.7855,126.0989
2018-04-27,GLD,stock,125.2,125.62,125.17,125.5,5653996,2018-04-27,2018-04-27,44.6856,126.3785,123.7774,126.1605
2018-04-26,GLD,stock,125.54,125.57,124.69,124.97,7517135,2018-04-26,2018-04-26,41.2207,126.4709,123.7601,126.1875
2018-04-25,GLD,stock,125.23,125.51,125.06,125.41,5981944,2018-04-25,2018-04-25,43.3122,126.6289,123.7480,126.2372
2018-04-24,GLD,stock,125.78,126.34,125.67,126.23,4733107,2018-04-24,2018-04-24,47.4814,126.7572,123.7313,126.2709
2018-04-23,GLD,stock,125.62,125.76,125.3412,125.62,6921519,2018-04-23,2018-04-23,43.7405,126.8127,123.7062,126.2726
2018-04-20,GLD,stock,126.69,126.97,126.55,126.63,10403128,2018-04-20,2018-04-20,49.1197,126.9383,123.6869,126.2993
2018-04-19,GLD,stock,127.81,127.8839,127.13,127.6,8736103,2018-04-19,2018-04-19,55.1704,126.9707,123.6573,126.2858
2018-04-18,GLD,stock,128.32,128.54,127.751,127.85,6755575,2018-04-18,2018-04-18,56.8462,126.9045,123.6177,126.2321
2018-04-17,GLD,stock,127.02,127.78,127.001,127.75,4184077,2018-04-17,2018-04-17,56.3538,126.8050,123.5752,126.1661
2018-04-16,GLD,stock,127.74,128.05,127.57,127.63,4600039,2018-04-16,2018-04-16,55.7917,126.7055,123.5332,126.1014
2018-04-13,GLD,stock,127.07,127.75,127.03,127.45,6821338,2018-04-13,2018-04-13,54.9842,126.6082,123.4921,126.0390
2018-04-12,GLD,stock,127.25,127.34,126.47,126.62,8141339,2018-04-12,2018-04-12,51.1647,126.5196,123.4523,125.9814
2018-04-11,GLD,stock,128.09,129.47,127.78,128.11,12348564,2018-04-11,2018-04-11,59.5934,126.5090,123.4204,125.9554
2018-04-10,GLD,stock,127.02,127.305,126.67,127.12,5403992,2018-04-10,2018-04-10,55.0219,126.3405,123.3733,125.8674
2018-04-09,GLD,stock,126.45,126.86,126.23,126.82,4189864,2018-04-09,2018-04-09,53.5429,126.2584,123.3356,125.8163
2018-04-06,GLD,stock,126.57,126.6,126.125,126.39,6121225,2018-04-06,2018-04-06,51.4167,126.1993,123.3006,125.7753
2018-04-05,GLD,stock,125.45,126.0825,125.425,125.8,5332957,2018-04-05,2018-04-05,48.4083,126.1792,123.2696,125.7503
2018-04-04,GLD,stock,127.5,127.53,126.32,126.45,7488254,2018-04-04,2018-04-04,51.6822,126.2192,123.2442,125.7482
2018-04-03,GLD,stock,126.54,126.59,126.01,126.3,6083717,2018-04-03,2018-04-03,50.9717,126.1949,123.2119,125.7196
2018-04-02,GLD,stock,126.65,127.54,126.375,127.26,11421144,2018-04-02,2018-04-02,55.8528,126.1838,123.1809,125.6959
2018-03-29,GLD,stock,125.42,125.81,125.31,125.79,7117156,2018-03-29,2018-03-29,48.8942,126.0705,123.1399,125.6320
2018-03-28,GLD,stock,126.48,126.61,125.51,125.73,10254883,2018-03-28,2018-03-28,48.5871,126.1000,123.1133,125.6256
2018-03-27,GLD,stock,127.23,127.62,127.05,127.49,6180707,2018-03-27,2018-03-27,58.0976,126.1390,123.0870,125.6213
2018-03-26,GLD,stock,128.05,128.58,128.0107,128.28,6169843,2018-03-26,2018-03-26,63.2586,125.9968,123.0427,125.5451
2018-03-23,GLD,stock,127.82,128.06,127.4054,127.61,12025882,2018-03-23,2018-03-23,60.4949,125.7564,122.9901,125.4334
2018-03-22,GLD,stock,126.09,126.34,125.64,125.98,5298709,2018-03-22,2018-03-22,52.4077,125.5613,122.9436,125.3446
2018-03-21,GLD,stock,125.4,126.76,125.03,126.48,12532035,2018-03-21,2018-03-21,55.6528,125.5173,122.9131,125.3187
2018-03-20,GLD,stock,124.41,124.55,123.96,124.31,3399440,2018-03-20,2018-03-20,40.9065,125.4159,122.8773,125.2713
2018-03-19,GLD,stock,124.57,125.16,124.42,124.87,4335420,2018-03-19,2018-03-19,44.4482,125.5323,122.8629,125.3105
2018-03-16,GLD,stock,124.84,124.87,124.21,124.6,7402188,2018-03-16,2018-03-16,42.2080,125.6020,122.8427,125.3285
2018-03-15,GLD,stock,125.12,125.21,124.72,124.9,6130124,2018-03-15,2018-03-15,44.0404,125.7075,122.8251,125.3582
2018-03-14,GLD,stock,125.49,125.76,125.34,125.7,3777021,2018-03-14,2018-03-14,49.3448,125.7925,122.8042,125.3769
2018-03-13,GLD,stock,125.67,125.99,125.05,125.78,4798303,2018-03-13,2018-03-13,49.9029,125.8023,122.7751,125.3637
2018-03-12,GLD,stock,125.04,125.57,124.84,125.54,2884269,2018-03-12,2018-03-12,48.2731,125.8046,122.7449,125.3467
2018-03-09,GLD,stock,124.94,125.69,124.78,125.54,5066833,2018-03-09,2018-03-09,48.2731,125.8325,122.7168,125.3388
2018-03-08,GLD,stock,125.69,125.7,125.125,125.42,3474944,2018-03-08,2018-03-08,47.5373,125.8632,122.6884,125.3306
2018-03-07,GLD,stock,126.22,126.29,125.42,125.72,5158674,2018-03-07,2018-03-07,49.1607,125.9099,122.6610,125.3270
2018-03-06,GLD,stock,126.2,126.9563,126.13,126.53,8676781,2018-03-06,2018-03-06,53.7641,125.9299,122.6302,125.3109
2018-03-05,GLD,stock,125.35,125.48,124.96,125.18,5778343,2018-03-05,2018-03-05,45.9281,125.8667,122.5910,125.2612
2018-03-02,GLD,stock,125.67,125.69,124.97,125.39,9994341,2018-03-02,2018-03-02,47.0807,125.9390,122.5650,125.2645
2018-03-01,GLD,stock,124.15,125.31,123.575,124.72,12910071,2018-03-01,2018-03-01,42.8304,125.9968,122.5366,125.2594
2018-02-28,GLD,stock,125.09,125.46,124.81,125,4534884,2018-02-28,2018-02-28,44.2083,126.1312,122.5147,125.2814
2018-02-27,GLD,stock,126.06,126.15,124.59,125.13,7082301,2018-02-27,2018-02-27,44.8300,126.2503,122.4897,125.2929
2018-02-26,GLD,stock,126.45,126.62,126.18,126.45,3194743,2018-02-26,2018-02-26,51.6835,126.3682,122.4632,125.2995
2018-02-23,GLD,stock,126.06,126.3,125.85,126.14,4239709,2018-02-23,2018-02-23,50.0171,126.3596,122.4231,125.2526
2018-02-22,GLD,stock,125.92,126.37,125.88,126.3,5346347,2018-02-22,2018-02-22,50.8578,126.3827,122.3857,125.2163
2018-02-21,GLD,stock,126.36,126.76,125.44,125.66,7908753,2018-02-21,2018-02-21,47.5858,126.3914,122.3464,125.1721
2018-02-20,GLD,stock,127.28,127.4,126.04,126.24,11148745,2018-02-20,2018-02-20,50.4103,126.4684,122.3131,125.1522
2018-02-16,GLD,stock,128.3,128.7,127.5689,127.96,7956921,2018-02-16,2018-02-16,60.2594,126.4924,122.2736,125.1078
2018-02-15,GLD,stock,128.43,128.569,127.94,128.38,7276495,2018-02-15,2018-02-15,63.0527,126.3379,122.2165,124.9914
2018-02-14,GLD,stock,126.47,128.59,126.29,128.23,16416413,2018-02-14,2018-02-14,62.4758,126.1230,122.1545,124.8531
2018-02-13,GLD,stock,125.67,126.18,125.52,126.08,5321327,2018-02-13,2018-02-13,52.6331,125.9012,122.0935,124.7152
2018-02-12,GLD,stock,125.19,125.82,125.11,125.37,6984852,2018-02-12,2018-02-12,48.4899,125.8823,122.0534,124.6595
2018-02-09,GLD,stock,124.65,125.14,124.39,124.77,14140696,2018-02-09,2018-02-09,44.6938,125.9363,122.0201,124.6305
2018-02-08,GLD,stock,124.92,125.44,124.51,124.98,7343637,2018-02-08,2018-02-08,45.7906,126.0590,121.9924,124.6248
2018-02-07,GLD,stock,125.48,125.77,124.41,124.79,8558460,2018-02-07,2018-02-07,44.6494,126.1726,121.9624,124.6104
2018-02-06,GLD,stock,126.54,126.55,125.22,125.38,17672450,2018-02-06,2018-02-06,47.5347,126.3182,121.9340,124.6030
2018-02-05,GLD,stock,126.82,127.31,126.44,126.71,13596327,2018-02-05,2018-02-05,54.9701,126.4169,121.8994,124.5713
2018-02-02,GLD,stock,126.81,126.85,125.955,126.39,16789214,2018-02-02,2018-02-02,53.3395,126.3861,121.8510,124.4840
2018-02-01,GLD,stock,127.18,128.15,127.08,128.07,10854639,2018-02-01,2018-02-01,64.7745,126.3856,121.8054,124.4062
2018-01-31,GLD,stock,127.45,127.85,126.4,127.65,13418904,2018-01-31,2018-01-31,62.9296,126.2083,121.7424,124.2567
2018-01-30,GLD,stock,127.91,127.9167,126.74,126.8,9736105,2018-01-30,2018-01-30,58.8827,126.0566,121.6831,124.1182
2018-01-29,GLD,stock,127.58,127.63,126.915,127.35,6956392,2018-01-29,2018-01-29,63.0160,125.9783,121.6316,124.0087
2018-01-26,GLD,stock,128.24,128.52,127.97,128.07,7828744,2018-01-26,2018-01-26,68.8949,125.8340,121.5742,123.8723
2018-01-25,GLD,stock,128.69,129.515,127.36,127.97,15219664,2018-01-25,2018-01-25,68.5161,125.5986,121.5089,123.7010
2018-01-24,GLD,stock,128.39,129.265,128.2338,128.83,11827554,2018-01-24,2018-01-24,75.8971,125.3490,121.4440,123.5268
2018-01-23,GLD,stock,126.53,127.35,126.34,127.28,6190410,2018-01-23,2018-01-23,70.5958,124.9825,121.3697,123.3103
2018-01-22,GLD,stock,126.51,126.75,126.28,126.65,4893546,2018-01-22,2018-01-22,67.9339,124.7407,121.3103,123.1483
2018-01-19,GLD,stock,126.57,126.73,126.41,126.42,8773753,2018-01-19,2018-01-19,66.9187,124.5397,121.2567,123.0053
2018-01-18,GLD,stock,126.13,126.52,125.8,125.86,6289271,2018-01-18,2018-01-18,64.3682,124.3418,121.2048,122.8660
2018-01-17,GLD,stock,126.77,127.22,125.9,126.14,10130509,2018-01-17,2018-01-17,66.7579,124.1820,121.1580,122.7438
2018-01-16,GLD,stock,126.6,127.18,126.4,127.17,8083895,2018-01-16,2018-01-16,76.4529,123.9759,121.1079,122.6051
2018-01-12,GLD,stock,126.01,127.13,125.81,126.96,9258570,2018-01-12,2018-01-12,75.7871,123.6396,121.0470,122.4188
2018-01-11,GLD,stock,125.37,125.66,125.25,125.44,5994730,2018-01-11,2018-01-11,70.1070,123.2901,120.9876,122.2335
2018-01-10,GLD,stock,125.17,125.31,124.72,125.03,14809303,2018-01-10,2018-01-10,68.2409,123.0638,120.9428,122.1026
2018-01-09,GLD,stock,124.49,124.86,124.23,124.73,9153584,2018-01-09,2018-01-09,66.8341,122.8569,120.9017,121.9831
2018-01-08,GLD,stock,125.2,125.32,124.9,125.31,3566707,2018-01-08,2018-01-08,72.6078,122.6597,120.8633,121.8710
2018-01-05,GLD,stock,124.93,125.48,124.83,125.33,5739904,2018-01-05,2018-01-05,72.8092,122.3807,120.8186,121.7306
2018-01-04,GLD,stock,124.89,125.85,124.74,125.46,7329718,2018-01-04,2018-01-04,74.0489,122.0703,120.7732,121.5837
2018-01-03,GLD,stock,125.05,125.09,124.101,124.82,7904326,2018-01-03,2018-01-03,71.8584,121.7134,120.7261,121.4255
2018-01-02,GLD,stock,124.66,125.18,124.39,125.15,11762515,2018-01-02,2018-01-02,74.8848,121.3864,120.6850,121.2869
2017-12-29,GLD,stock,123.7,124.085,123.46,123.65,7852109,2017-12-29,2017-12-29,69.4551,120.9903,120.6401,121.1292
2017-12-28,GLD,stock,122.82,122.92,122.56,122.85,5732725,2017-12-28,2017-12-28,65.7927,120.7103,120.6098,121.0264
2017-12-27,GLD,stock,122,122.34,121.875,122.23,6232678,2017-12-27,2017-12-27,62.5623,120.4851,120.5873,120.9519
2017-12-26,GLD,stock,121.55,121.87,121.51,121.77,8224411,2017-12-26,2017-12-26,59.9571,120.3014,120.5708,120.8998
2017-12-22,GLD,stock,120.69,121.14,120.57,120.94,5791312,2017-12-22,2017-12-22,54.6721,120.1468,120.5588,120.8642
2017-12-21,GLD,stock,120.08,120.45,120,120.31,4823709,2017-12-21,2017-12-21,50.0232,120.0633,120.5549,120.8611
2017-12-20,GLD,stock,119.96,120.36,119.81,120.14,5734625,2017-12-20,2017-12-20,48.7049,120.0373,120.5574,120.8836
2017-12-19,GLD,stock,119.64,119.9,119.53,119.82,4018885,2017-12-19,2017-12-19,46.2257,120.0265,120.5616,120.9140
2017-12-18,GLD,stock,119.64,119.99,119.6,119.73,5452212,2017-12-18,2017-12-18,45.5383,120.0483,120.5691,120.9586
2017-12-15,GLD,stock,119.42,119.5,118.97,119.18,7531964,2017-12-15,2017-12-15,41.2784,120.0818,120.5775,121.0088
2017-12-14,GLD,stock,119.1,119.285,118.705,118.93,6993592,2017-12-14,2017-12-14,39.2736,120.1767,120.5915,121.0834
2017-12-13,GLD,stock,118.19,119.35,118.01,119.17,10086657,2017-12-13,2017-12-13,40.5064,120.3079,120.6082,121.1713
2017-12-12,GLD,stock,117.73,118.17,117.4,118.15,8020109,2017-12-12,2017-12-12,32.0944,120.4277,120.6227,121.2530
2017-12-11,GLD,stock,118.37,118.54,117.8,118.01,4522244,2017-12-11,2017-12-11,30.8483,120.6675,120.6475,121.3797
2017-12-08,GLD,stock,118.63,118.92,118.33,118.48,5231287,2017-12-08,2017-12-08,32.7201,120.9472,120.6740,121.5172
2017-12-07,GLD,stock,119.01,119.24,118.1,118.49,12900240,2017-12-07,2017-12-07,32.7594,121.2069,120.6961,121.6412
2017-12-06,GLD,stock,120.03,120.44,119.87,120.07,6643006,2017-12-06,2017-12-06,39.7611,121.4929,120.7183,121.7698
2017-12-05,GLD,stock,120.44,120.505,119.72,120.32,10041159,2017-12-05,2017-12-05,41.0502,121.6427,120.7248,121.8392
2017-12-04,GLD,stock,121.15,121.2,120.84,121.18,6943679,2017-12-04,2017-12-04,45.7925,121.7819,120.7288,121.9012
2017-12-01,GLD,stock,120.94,122.43,120.74,121.59,13080101,2017-12-01,2017-12-01,48.2607,121.8453,120.7243,121.9306
2017-11-30,GLD,stock,121.44,121.695,120.64,121.1,7936260,2017-11-30,2017-11-30,44.9691,121.8722,120.7156,121.9445
2017-11-29,GLD,stock,122.24,122.33,121.74,122.04,6138941,2017-11-29,2017-11-29,50.7167,121.9535,120.7118,121.9790
2017-11-28,GLD,stock,123.05,123.17,122.53,122.81,5603112,2017-11-28,2017-11-28,56.1783,121.9444,120.6984,121.9765
2017-11-27,GLD,stock,123.26,123.33,122.67,122.83,4961215,2017-11-27,2017-11-27,56.3246,121.8532,120.6772,121.9425
2017-11-24,GLD,stock,122.36,122.61,122.22,122.32,1779705,2017-11-24,2017-11-24,53.4546,121.7504,120.6555,121.9063
2017-11-22,GLD,stock,122.26,122.95,122.17,122.63,5211832,2017-11-22,2017-11-22,55.5136,121.6905,120.6388,121.8894
2017-11-21,GLD,stock,121.67,122,121.5,121.51,4956456,2017-11-21,2017-11-21,48.9117,121.5916,120.6188,121.8592
2017-11-20,GLD,stock,122.3,122.41,121.04,121.31,8356673,2017-11-20,2017-11-20,47.6229,121.6001,120.6098,121.8734
2017-11-17,GLD,stock,122.15,123.17,121.95,122.86,10613583,2017-11-17,2017-11-17,58.1868,121.6307,120.6028,121.8964
2017-11-16,GLD,stock,121.45,121.71,121.29,121.4,2796045,2017-11-16,2017-11-16,48.1213,121.5013,120.5801,121.8571
2017-11-15,GLD,stock,122.13,122.36,121.25,121.41,4984387,2017-11-15,2017-11-15,48.1951,121.5119,120.5719,121.8757
2017-11-14,GLD,stock,120.9,121.91,120.77,121.56,6188992,2017-11-14,2017-11-14,49.2469,121.5227,120.5635,121.8947
2017-11-13,GLD,stock,121.43,121.55,121.27,121.31,6249206,2017-11-13,2017-11-13,47.4728,121.5188,120.5534,121.9084
2017-11-10,GLD,stock,121.99,122.11,120.935,121.13,7116200,2017-11-10,2017-11-10,46.2158,121.5407,120.5458,121.9328
2017-11-09,GLD,stock,121.85,122.41,121.73,122.13,6072394,2017-11-09,2017-11-09,52.7245,121.5840,120.5400,121.9656
2017-11-08,GLD,stock,121.95,122.25,121.59,121.63,5565212,2017-11-08,2017-11-08,49.4170,121.5265,120.5240,121.9589
2017-11-07,GLD,stock,121.51,121.56,120.78,121.21,4165933,2017-11-07,2017-11-07,46.4974,121.5156,120.5129,121.9723
2017-11-06,GLD,stock,120.72,121.85,120.68,121.65,6953772,2017-11-06,2017-11-06,49.2635,121.5478,120.5059,122.0034
2017-11-03,GLD,stock,121.36,121.43,120.1844,120.62,6330642,2017-11-03,2017-11-03,41.7284,121.5370,120.4944,122.0178
2017-11-02,GLD,stock,121.29,121.96,121.05,121.19,5368199,2017-11-02,2017-11-02,45.1761,121.6335,120.4931,122.0749
2017-11-01,GLD,stock,120.98,121.55,120.835,121.11,4647587,2017-11-01,2017-11-01,44.5793,121.6802,120.4861,122.1110
2017-10-31,GLD,stock,120.82,120.84,120.38,120.67,3910495,2017-10-31,2017-10-31,41.3170,121.7402,120.4798,122.1519
2017-10-30,GLD,stock,120.93,121.47,120.8,121.13,5117133,2017-10-30,2017-10-30,43.8211,121.8529,120.4779,122.2124
2017-10-27,GLD,stock,120.38,120.99,120.21,120.9,6663378,2017-10-27,2017-10-27,42.1945,121.9290,120.4714,122.2565
2017-10-26,GLD,stock,121.16,121.16,120.22,120.33,6438806,2017-10-26,2017-10-26,38.0680,122.0373,120.4671,122.3119
2017-10-25,GLD,stock,121.31,121.5899,120.84,121.35,4282369,2017-10-25,2017-10-25,43.1914,122.2170,120.4684,122.3928
2017-10-24,GLD,stock,121.26,121.71,120.98,121.33,5114077,2017-10-24,2017-10-24,43.0518,122.3083,120.4596,122.4354
2017-10-23,GLD,stock,120.98,121.9,120.96,121.8,5069650,2017-10-23,2017-10-23,45.4902,122.4112,120.4508,122.4805
2017-10-20,GLD,stock,121.68,121.98,121.39,121.61,8481102,2017-10-20,2017-10-20,44.3061,122.4756,120.4373,122.5083
2017-10-19,GLD,stock,122.2,122.55,122.111,122.39,5564004,2017-10-19,2017-10-19,48.3063,122.5667,120.4255,122.5449
2017-10-18,GLD,stock,121.71,121.94,121.55,121.67,3666407,2017-10-18,2017-10-18,43.9703,122.5853,120.4057,122.5512
2017-10-17,GLD,stock,122.03,122.32,121.73,122.13,7041240,2017-10-17,2017-10-17,46.2729,122.6816,120.3930,122.5872
2017-10-16,GLD,stock,123.82,123.97,122.57,122.97,8199818,2017-10-16,2017-10-16,50.7822,122.7397,120.3756,122.6059
2017-10-13,GLD,stock,123.66,123.86,123.34,123.82,6820055,2017-10-13,2017-10-13,55.9008,122.7154,120.3495,122.5910
2017-10-12,GLD,stock,122.84,123.035,122.5,122.89,3034775,2017-10-12,2017-10-12,50.8696,122.5992,120.3146,122.5408
2017-10-11,GLD,stock,122.57,122.88,122.03,122.79,5647326,2017-10-11,2017-10-11,50.3035,122.5686,120.2887,122.5266
2017-10-10,GLD,stock,122.62,122.97,122.36,122.4,9315475,2017-10-10,2017-10-10,48.1395,122.5453,120.2636,122.5158
2017-10-09,GLD,stock,121.64,122.11,121.551,122.08,5263706,2017-10-09,2017-10-09,46.3598,122.5605,120.2421,122.5206
2017-10-06,GLD,stock,120.26,121.21,119.7835,121.09,10012506,2017-10-06,2017-10-06,40.4936,122.6111,120.2237,122.5385
2017-10-05,GLD,stock,121.15,121.24,120.395,120.52,6204169,2017-10-05,2017-10-05,36.7983,122.7712,120.2150,122.5977
2017-10-04,GLD,stock,121.21,121.27,120.7101,121.17,6475238,2017-10-04,2017-10-04,39.3884,123.0082,120.2119,122.6825
2017-10-03,GLD,stock,120.72,121.1,120.7041,120.83,3727955,2017-10-03,2017-10-03,37.2429,123.2017,120.2023,122.7442
2017-10-02,GLD,stock,121.17,121.34,120.74,120.77,11755378,2017-10-02,2017-10-02,36.8767,123.4514,120.1959,122.8223
2017-09-29,GLD,stock,122.29,122.3,121.55,121.58,10207343,2017-09-29,2017-09-29,39.7866,123.7336,120.1902,122.9061
2017-09-28,GLD,stock,122.04,122.475,121.83,122.21,5968213,2017-09-28,2017-09-28,42.1910,123.9603,120.1762,122.9602
2017-09-27,GLD,stock,122.04,122.51,121.88,121.98,6903944,2017-09-27,2017-09-27,40.9819,124.1446,120.1558,122.9909
2017-09-26,GLD,stock,123.57,123.81,122.9,123.14,8673582,2017-09-26,2017-09-26,45.4320,124.3724,120.1374,123.0321
2017-09-25,GLD,stock,122.78,124.66,122.71,124.53,10257209,2017-09-25,2017-09-25,51.6756,124.5021,120.1073,123.0277
2017-09-22,GLD,stock,123.03,123.39,122.9348,123.24,6011928,2017-09-22,2017-09-22,45.1837,124.4992,120.0628,122.9664
2017-09-21,GLD,stock,122.56,123.07,122.49,122.68,7757897,2017-09-21,2017-09-21,42.0452,124.6318,120.0309,122.9552
2017-09-20,GLD,stock,124.68,125.0599,123.15,123.62,11415229,2017-09-20,2017-09-20,46.1650,124.8372,120.0043,122.9665
2017-09-19,GLD,stock,124.49,124.65,124.03,124.62,5826537,2017-09-19,2017-09-19,51.1123,124.9653,119.9679,122.9398
2017-09-18,GLD,stock,124.71,124.76,123.965,124.36,8859807,2017-09-18,2017-09-18,49.8138,125.0017,119.9212,122.8712
2017-09-15,GLD,stock,125.99,125.99,125.41,125.53,7124727,2017-09-15,2017-09-15,56.0324,125.0692,119.8765,122.8104
2017-09-14,GLD,stock,125.66,126.44,125.62,126.16,5330663,2017-09-14,2017-09-14,59.7627,125.0207,119.8197,122.6994
2017-09-13,GLD,stock,126.4,126.45,125.5,125.61,8490963,2017-09-13,2017-09-13,57.4673,124.9008,119.7560,122.5582
2017-09-12,GLD,stock,126.03,126.59,125.94,126.56,8349012,2017-09-12,2017-09-12,63.2550,124.8262,119.6972,122.4336
2017-09-11,GLD,stock,126.74,126.94,126.045,126.19,8737510,2017-09-11,2017-09-11,61.8660,124.6436,119.6282,122.2652
2017-09-08,GLD,stock,128.205,128.3,127.59,127.97,8903683,2017-09-08,2017-09-08,74.4352,124.4809,119.5623,122.1050
2017-09-07,GLD,stock,127.56,128.32,127.39,128.13,10219719,2017-09-07,2017-09-07,75.7192,124.1136,119.4778,121.8656
2017-09-06,GLD,stock,127.34,127.44,126.55,126.81,10059273,2017-09-06,2017-09-06,72.0219,123.6908,119.3908,121.6099
2017-09-05,GLD,stock,126.65,127.78,126.57,127.46,11703242,2017-09-05,2017-09-05,77.4119,123.3625,119.3162,121.3977
2017-09-01,GLD,stock,126.01,126.17,125.12,126.06,11567404,2017-09-01,2017-09-01,73.4359,122.9312,119.2344,121.1502
2017-08-31,GLD,stock,124.58,125.84,124.55,125.82,11775530,2017-08-31,2017-08-31,72.6701,122.6018,119.1658,120.9498
2017-08-30,GLD,stock,124.33,124.62,124.16,124.36,6328422,2017-08-30,2017-08-30,67.3540,122.2630,119.0989,120.7511
2017-08-29,GLD,stock,125.81,125.87,124.0545,124.42,9861471,2017-08-29,2017-08-29,67.8577,122.0423,119.0460,120.6038
2017-08-28,GLD,stock,123.33,124.73,123.33,124.69,11578265,2017-08-28,2017-08-28,70.0466,121.7920,118.9920,120.4480
2017-08-25,GLD,stock,122.77,123.02,121.29,122.74,12398247,2017-08-25,2017-08-25,61.7783,121.4870,118.9348,120.2749
2017-08-24,GLD,stock,122.39,122.64,122.13,122.29,4193396,2017-08-24,2017-08-24,59.3754,121.3551,118.8965,120.1742
2017-08-23,GLD,stock,122.58,122.69,122.31,122.67,5038391,2017-08-23,2017-08-23,62.4542,121.2567,118.8624,120.0879
2017-08-22,GLD,stock,122.56,122.56,121.85,122.21,6493937,2017-08-22,2017-08-22,60.1303,121.1079,118.8241,119.9825
2017-08-21,GLD,stock,122.54,122.981,122.5,122.76,5549687,2017-08-21,2017-08-21,64.5673,120.9919,118.7901,119.8916
2017-08-18,GLD,stock,123.37,123.54,122,122.3,13654226,2017-08-18,2017-08-18,62.4133,120.8058,118.7502,119.7745
2017-08-17,GLD,stock,122.29,122.6099,121.76,122.49,8183805,2017-08-17,2017-08-17,63.9033,120.6485,118.7145,119.6714
2017-08-16,GLD,stock,120.66,122.06,120.66,121.87,8267341,2017-08-16,2017-08-16,61.0887,120.4546,118.6766,119.5564
2017-08-15,GLD,stock,120.6,121.2299,120.5828,120.98,6731340,2017-08-15,2017-08-15,56.5753,120.3057,118.6445,119.4619
2017-08-14,GLD,stock,121.98,122.24,121.6845,121.92,6035297,2017-08-14,2017-08-14,63.8372,120.2347,118.6210,119.4000
2017-08-11,GLD,stock,122.24,122.83,122.03,122.79,8019519,2017-08-11,2017-08-11,71.7526,120.0573,118.5879,119.2971
2017-08-10,GLD,stock,122.08,122.44,122.03,122.21,9817872,2017-08-10,2017-08-10,69.4041,119.7696,118.5456,119.1545
2017-08-09,GLD,stock,121.02,121.55,120.76,121.31,9186236,2017-08-09,2017-08-09,65.2401,119.5127,118.5088,119.0298
2017-08-08,GLD,stock,120.02,120.12,118.97,119.86,7227220,2017-08-08,2017-08-08,56.3533,119.3236,118.4807,118.9368
2017-08-07,GLD,stock,119.43,119.79,119.43,119.51,3010138,2017-08-07,2017-08-07,53.7002,119.2671,118.4668,118.8991
2017-08-04,GLD,stock,119.97,120.039,119.2201,119.65,8644781,2017-08-04,2017-08-04,54.9407,119.2415,118.4563,118.8741
2017-08-03,GLD,stock,120.31,120.83,120.31,120.59,4275576,2017-08-03,2017-08-03,64.1844,119.1985,118.4443,118.8425
2017-08-02,GLD,stock,120.51,121.02,120.34,120.4,5945279,2017-08-02,2017-08-02,63.0165,119.0521,118.4228,118.7711
2017-08-01,GLD,stock,120.44,121.14,120.44,120.65,7365056,2017-08-01,2017-08-01,65.6313,118.9102,118.4029,118.7047
2017-07-31,GLD,stock,120.5,120.805,120.45,120.75,3944561,2017-07-31,2017-07-31,66.6586,118.7270,118.3803,118.6253
2017-07-28,GLD,stock,120.15,120.8558,120.14,120.69,7393606,2017-07-28,2017-07-28,66.3653,118.5141,118.3565,118.5385
2017-07-27,GLD,stock,120.1,120.14,119.28,119.79,6385216,2017-07-27,2017-07-27,61.6680,118.2850,118.3330,118.4507
2017-07-26,GLD,stock,118.57,120.15,118.55,119.88,8527944,2017-07-26,2017-07-26,62.4782,118.1266,118.3184,118.3961
2017-07-25,GLD,stock,118.99,119.32,118.79,118.92,6202988,2017-07-25,2017-07-25,56.8650,117.9421,118.3027,118.3355
2017-07-24,GLD,stock,119.52,119.5762,119.18,119.31,3654331,2017-07-24,2017-07-24,60.2660,117.8391,118.2965,118.3116
2017-07-21,GLD,stock,119,119.39,118.751,119.26,10135919,2017-07-21,2017-07-21,59.9811,117.6843,118.2863,118.2709
2017-07-20,GLD,stock,117.92,118.62,117.66,118.24,5571648,2017-07-20,2017-07-20,53.6902,117.5184,118.2765,118.2305
2017-07-19,GLD,stock,118.18,118.27,117.8363,118.08,3205142,2017-07-19,2017-07-19,52.6050,117.4425,118.2769,118.2301
2017-07-18,GLD,stock,117.99,118.33,117.88,118.11,7158573,2017-07-18,2017-07-18,52.8205,117.3753,118.2789,118.2362
2017-07-17,GLD,stock,117.42,117.53,117.23,117.29,5170849,2017-07-17,2017-07-17,47.3455,117.2980,118.2806,118.2414
2017-07-14,GLD,stock,117.04,117.25,116.64,116.77,5788219,2017-07-14,2017-07-14,43.4836,117.2989,118.2905,118.2802
2017-07-13,GLD,stock,116.04,116.04,115.67,115.82,4148935,2017-07-13,2017-07-13,35.4524,117.3545,118.3058,118.3419
2017-07-12,GLD,stock,116.21,116.33,115.87,116.03,4654361,2017-07-12,2017-07-12,36.5176,117.5161,118.3308,118.4448
2017-07-11,GLD,stock,115.26,115.77,114.88,115.62,6637939,2017-07-11,2017-07-11,32.8605,117.6725,118.3539,118.5434
2017-07-10,GLD,stock,115.02,115.57,114.83,115.47,4970886,2017-07-10,2017-07-10,31.5203,117.8885,118.3814,118.6627
2017-07-07,GLD,stock,115.78,115.79,114.8,115.28,11153608,2017-07-07,2017-07-07,29.8738,118.1431,118.4106,118.7930
2017-07-06,GLD,stock,116.58,116.61,116.24,116.47,4443390,2017-07-06,2017-07-06,34.7300,118.4445,118.4421,118.9364
2017-07-05,GLD,stock,115.91,116.67,115.87,116.52,7223256,2017-07-05,2017-07-05,34.9517,118.6523,118.4619,119.0371
2017-07-03,GLD,stock,116.54,116.85,115.94,116.09,12145049,2017-07-03,2017-07-03,31.4581,118.8768,118.4814,119.1398
2017-06-30,GLD,stock,118.08,118.41,117.95,118.02,7272612,2017-06-30,2017-06-30,40.5306,119.1701,118.5055,119.2643
2017-06-29,GLD,stock,117.97,118.64,117.91,118.32,7705165,2017-06-29,2017-06-29,42.2911,119.2912,118.5103,119.3151
2017-06-28,GLD,stock,119.06,119.06,118.685,118.9,4220130,2017-06-28,2017-06-28,45.8677,119.3935,118.5123,119.3557
2017-06-27,GLD,stock,118.87,119.05,118.481,118.81,5759344,2017-06-27,2017-06-27,45.1999,119.4454,118.5084,119.3743
2017-06-26,GLD,stock,118.29,118.535,118.17,118.36,6593380,2017-06-26,2017-06-26,41.8706,119.5123,118.5053,119.3973
2017-06-23,GLD,stock,119.65,119.66,119.31,119.43,9258628,2017-06-23,2017-06-23,48.3573,119.6336,118.5068,119.4396
2017-06-22,GLD,stock,119.13,119.1978,118.6,118.92,5811927,2017-06-22,2017-06-22,44.5556,119.6550,118.4975,119.4400
2017-06-21,GLD,stock,118.15,118.66,118.15,118.52,4723749,2017-06-21,2017-06-21,41.4147,119.7324,118.4933,119.4613
2017-06-20,GLD,stock,118.42,118.46,118.07,118.18,4617387,2017-06-20,2017-06-20,38.6725,119.8600,118.4930,119.4997
2017-06-19,GLD,stock,118.74,118.84,118.33,118.43,6786973,2017-06-19,2017-06-19,39.9492,120.0368,118.4961,119.5535
2017-06-16,GLD,stock,119.35,119.5,119.24,119.34,6435674,2017-06-16,2017-06-16,44.9668,120.2060,118.4968,119.5994
2017-06-15,GLD,stock,119.22,119.5,119.1275,119.32,6796668,2017-06-15,2017-06-15,44.8254,120.2971,118.4883,119.6100
2017-06-14,GLD,stock,121.51,121.88,119.57,119.82,21124841,2017-06-14,2017-06-14,47.6692,120.4000,118.4800,119.6218
2017-06-13,GLD,stock,119.95,120.71,119.92,120.48,3786628,2017-06-13,2017-06-13,51.6886,120.4610,118.4665,119.6137
2017-06-12,GLD,stock,120.33,120.685,120.265,120.36,4927375,2017-06-12,2017-06-12,50.9909,120.4590,118.4463,119.5784
2017-06-09,GLD,stock,120.46,120.91,120.4,120.54,7054664,2017-06-09,2017-06-09,52.0376,120.4694,118.4270,119.5465
2017-06-08,GLD,stock,122.07,122.08,120.95,121.65,8169807,2017-06-08,2017-06-08,58.9690,120.4620,118.4058,119.5059
2017-06-07,GLD,stock,122.79,123.16,122.015,122.45,9039175,2017-06-07,2017-06-07,64.7401,120.3370,118.3732,119.4184
2017-06-06,GLD,stock,123.09,123.31,122.77,123.1,10798527,2017-06-06,2017-06-06,69.9014,120.1145,118.3322,119.2947
2017-06-05,GLD,stock,121.91,121.94,121.58,121.73,3979162,2017-06-05,2017-06-05,64.3369,119.8003,118.2843,119.1394
2017-06-02,GLD,stock,121.31,121.71,121.19,121.61,7268054,2017-06-02,2017-06-02,63.7925,119.5972,118.2497,119.0336
2017-06-01,GLD,stock,120.17,120.74,120.06,120.72,8702543,2017-06-01,2017-06-01,59.5384,119.3853,118.2159,118.9285
2017-05-31,GLD,stock,120.31,121.23,120.26,120.62,10360724,2017-05-31,2017-05-31,59.0362,119.2448,118.1907,118.8553
2017-05-30,GLD,stock,120.24,120.33,119.95,120.14,4507493,2017-05-30,2017-05-30,56.6376,119.1000,118.1663,118.7833
2017-05-26,GLD,stock,120.49,120.79,120.33,120.54,6791648,2017-05-26,2017-05-26,59.3257,118.9906,118.1465,118.7279
2017-05-25,GLD,stock,119.52,119.695,119.29,119.48,4105092,2017-05-25,2017-05-25,53.9473,118.8275,118.1224,118.6540
2017-05-24,GLD,stock,119.07,119.7425,118.915,119.61,7064911,2017-05-24,2017-05-24,54.7721,118.7588,118.1088,118.6203
2017-05-23,GLD,stock,120.13,120.19,118.9841,119.14,8305434,2017-05-23,2017-05-23,52.3252,118.6692,118.0937,118.5799
2017-05-22,GLD,stock,119.63,120.14,119.58,119.9,5132485,2017-05-22,2017-05-22,56.9517,118.6196,118.0832,118.5570
2017-05-19,GLD,stock,119.39,119.545,118.88,119.4,6787254,2017-05-19,2017-05-19,54.4937,118.4848,118.0649,118.5022
2017-05-18,GLD,stock,119.77,119.84,118.56,118.81,10341141,2017-05-18,2017-05-18,51.4565,118.3885,118.0515,118.4655
2017-05-17,GLD,stock,119.36,120.02,119.27,119.79,13936876,2017-05-17,2017-05-17,57.3613,118.3441,118.0439,118.4515
2017-05-16,GLD,stock,117.45,117.91,117.4,117.65,4942822,2017-05-16,2017-05-16,44.4315,118.1919,118.0263,118.3968
2017-05-15,GLD,stock,117.52,117.54,116.99,117.14,5019589,2017-05-15,2017-05-15,40.4343,118.2490,118.0301,118.4273
2017-05-12,GLD,stock,117.07,117.16,116.73,116.83,5434477,2017-05-12,2017-05-12,37.9135,118.3657,118.0391,118.4799
2017-05-11,GLD,stock,116.21,116.845,116.185,116.5,6274368,2017-05-11,2017-05-11,35.2030,118.5274,118.0512,118.5472
2017-05-10,GLD,stock,116.42,116.4999,115.86,116.04,4290459,2017-05-10,2017-05-10,31.3220,118.7408,118.0668,118.6308
2017-05-09,GLD,stock,116.18,116.24,115.56,116.05,6801280,2017-05-09,2017-05-09,31.3599,119.0251,118.0872,118.7365
2017-05-08,GLD,stock,117.03,117.14,116.68,116.75,5438375,2017-05-08,2017-05-08,34.0381,119.3382,118.1077,118.8462
2017-05-05,GLD,stock,116.86,117.07,116.68,117.01,7127199,2017-05-05,2017-05-05,35.0712,119.6107,118.1213,118.9317
2017-05-04,GLD,stock,116.81,117.28,116.63,116.79,12405323,2017-05-04,2017-05-04,33.4851,119.8844,118.1325,119.0102
2017-05-03,GLD,stock,119.18,119.34,117.92,117.98,10811052,2017-05-03,2017-05-03,38.1681,120.2101,118.1460,119.1008
2017-05-02,GLD,stock,119.3,119.65,119.24,119.65,4900784,2017-05-02,2017-05-02,46.6745,120.4449,118.1476,119.1465
2017-05-01,GLD,stock,120.21,120.75,119.35,119.67,9331809,2017-05-01,2017-05-01,46.7904,120.5286,118.1325,119.1260
2017-04-28,GLD,stock,120.34,120.77,120.27,120.77,9134246,2017-04-28,2017-04-28,53.5905,120.6189,118.1171,119.1038
2017-04-27,GLD,stock,120.42,120.5975,119.97,120.39,8266954,2017-04-27,2017-04-27,51.3212,120.6030,118.0904,119.0358
2017-04-26,GLD,stock,120.21,120.96,119.87,120.84,9758844,2017-04-26,2017-04-26,54.2375,120.6255,118.0673,118.9805
2017-04-25,GLD,stock,120.53,120.87,120.05,120.25,10344784,2017-04-25,2017-04-25,50.8362,120.6029,118.0394,118.9046
2017-04-24,GLD,stock,120.77,121.51,120.6601,121.48,11053559,2017-04-24,2017-04-24,59.3799,120.6400,118.0172,118.8497
2017-04-21,GLD,stock,122.14,122.61,121.73,122.31,15608031,2017-04-21,2017-04-21,66.3690,120.5516,117.9824,118.7423
2017-04-20,GLD,stock,121.82,122.17,121.5,121.96,11787330,2017-04-20,2017-04-20,64.7442,120.3665,117.9389,118.5967
2017-04-19,GLD,stock,122.25,122.26,121.28,121.73,8472702,2017-04-19,2017-04-19,63.6732,120.1988,117.8985,118.4594
2017-04-18,GLD,stock,122.43,123.0292,121.73,122.82,10903701,2017-04-18,2017-04-18,73.4984,120.0376,117.8600,118.3259
2017-04-17,GLD,stock,122.55,123.07,121.99,122.24,8469580,2017-04-17,2017-04-17,71.3111,119.7447,117.8102,118.1425
2017-04-13,GLD,stock,122.54,122.65,122.03,122.6,9892641,2017-04-13,2017-04-13,74.8728,119.4821,117.7656,117.9752
2017-04-12,GLD,stock,121.38,122.22,121.14,122.02,9502540,2017-04-12,2017-04-12,72.8437,119.1539,117.7170,117.7865
2017-04-11,GLD,stock,120.33,121.4,120.29,121.19,12455294,2017-04-11,2017-04-11,69.5792,118.8522,117.6738,117.6137
2017-04-10,GLD,stock,119.04,119.69,118.85,119.46,4623673,2017-04-10,2017-04-10,60.3556,118.6061,117.6385,117.4677
2017-04-07,GLD,stock,120.3,120.67,119.14,119.46,12350093,2017-04-07,2017-04-07,60.3556,118.5162,117.6202,117.3864
2017-04-06,GLD,stock,119.22,119.42,118.975,119.18,4633470,2017-04-06,2017-04-06,58.6040,118.4168,117.6017,117.3018
2017-04-05,GLD,stock,118.62,119.63,118.4,119.62,8105952,2017-04-05,2017-04-05,62.6426,118.3365,117.5858,117.2251
2017-04-04,GLD,stock,119.59,119.77,119.38,119.62,4687301,2017-04-04,2017-04-04,62.6426,118.2014,117.5654,117.1273
2017-04-03,GLD,stock,118.69,119.37,118.67,119.35,6105704,2017-04-03,2017-04-03,61.2289,118.0521,117.5447,117.0256
2017-03-31,GLD,stock,118.61,119.08,118.46,118.72,8520847,2017-03-31,2017-03-31,57.7660,117.9154,117.5266,116.9307
2017-03-30,GLD,stock,118.77,119.12,118.32,118.47,6894572,2017-03-30,2017-03-30,56.3288,117.8308,117.5146,116.8577
2017-03-29,GLD,stock,119.22,119.45,119.047,119.33,4911042,2017-03-29,2017-03-29,63.1987,117.7635,117.5050,116.7919
2017-03-28,GLD,stock,119.74,119.83,118.78,119.04,7112787,2017-03-28,2017-03-28,61.7375,117.5986,117.4866,116.6883
2017-03-27,GLD,stock,119.93,120.08,119.27,119.53,8519573,2017-03-27,2017-03-27,65.8391,117.4468,117.4710,116.5923
2017-03-24,GLD,stock,118.5,119.21,118.39,118.86,6879634,2017-03-24,2017-03-24,62.6921,117.2276,117.4503,116.4724
2017-03-23,GLD,stock,119.15,119.25,118.32,118.67,6201129,2017-03-23,2017-03-23,61.7646,117.0557,117.4362,116.3749
2017-03-22,GLD,stock,118.87,119.15,118.68,118.83,7287350,2017-03-22,2017-03-22,62.9891,116.8858,117.4238,116.2813
2017-03-21,GLD,stock,117.77,118.8,117.76,118.54,9567932,2017-03-21,2017-03-21,61.7115,116.6812,117.4096,116.1772
2017-03-20,GLD,stock,117.31,117.595,117.205,117.5645,4000202,2017-03-20,2017-03-20,57.0843,116.4855,117.3983,116.0808
2017-03-17,GLD,stock,117.04,117.27,116.91,116.99,4683039,2017-03-17,2017-03-17,54.0473,116.3719,117.3966,116.0202
2017-03-16,GLD,stock,117.27,117.29,116.69,116.73,9322018,2017-03-16,2017-03-16,52.6388,116.3068,117.4007,115.9807
2017-03-15,GLD,stock,114.29,116.25,114.02,116.25,13524082,2017-03-15,2017-03-15,50.0123,116.2623,117.4074,115.9501
2017-03-14,GLD,stock,114.54,115.01,114.025,114.12,5301810,2017-03-14,2017-03-14,35.2059,116.2636,117.4190,115.9378
2017-03-13,GLD,stock,114.63,114.91,114.505,114.74,5807391,2017-03-13,2017-03-13,38.2698,116.4892,117.4522,116.0120
2017-03-10,GLD,stock,114.45,114.73,114.13,114.72,7929500,2017-03-10,2017-03-10,38.1085,116.6734,117.4795,116.0639
2017-03-09,GLD,stock,114.78,115.025,114.405,114.47,6410916,2017-03-09,2017-03-09,36.1721,116.8790,117.5072,116.1188
2017-03-08,GLD,stock,114.99,115.36,114.945,115.06,7620924,2017-03-08,2017-03-08,38.8346,117.1326,117.5377,116.1861
2017-03-07,GLD,stock,116.13,116.25,115.615,115.78,6846277,2017-03-07,2017-03-07,42.3686,117.3507,117.5626,116.2321
2017-03-06,GLD,stock,117.35,117.35,116.63,116.72,4883547,2017-03-06,2017-03-06,47.6222,117.5161,117.5805,116.2505
2017-03-03,GLD,stock,116.95,117.73,116.44,117.51,10665818,2017-03-03,2017-03-03,52.7242,117.5999,117.5892,116.2313
2017-03-02,GLD,stock,117.76,118.34,117.225,117.58,10986262,2017-03-02,2017-03-02,53.1930,117.6093,117.5900,116.1792
2017-03-01,GLD,stock,117.98,119.12,117.95,119.06,8679637,2017-03-01,2017-03-01,64.4450,117.6124,117.5901,116.1220
2017-02-28,GLD,stock,119.71,119.84,118.82,119.23,8727832,2017-02-28,2017-02-28,65.9326,117.4600,117.5753,116.0021
2017-02-27,GLD,stock,119.73,120.4,119.12,119.12,9263499,2017-02-27,2017-02-27,65.4535,117.2737,117.5587,115.8703
2017-02-24,GLD,stock,119.74,119.88,119.25,119.7,9808957,2017-02-24,2017-02-24,70.2938,117.0794,117.5430,115.7377
2017-02-23,GLD,stock,118.76,119.155,118.675,118.94,7523304,2017-02-23,2017-02-23,67.3566,116.8035,117.5213,115.5759
2017-02-22,GLD,stock,117.86,118.02,117.24,117.91,6057179,2017-02-22,2017-02-22,62.7174,116.5786,117.5070,115.4386
2017-02-21,GLD,stock,117.04,118,116.77,117.75,6166875,2017-02-21,2017-02-21,61.9371,116.4385,117.5030,115.3378
2017-02-17,GLD,stock,118.19,118.4,117.6201,117.68,7338065,2017-02-17,2017-02-17,61.6107,116.3004,117.5005,115.2393
2017-02-16,GLD,stock,117.93,118.35,117.83,118.08,6378650,2017-02-16,2017-02-16,64.5477,116.1552,117.4987,115.1397
2017-02-15,GLD,stock,116.33,117.48,116.2466,117.45,7088419,2017-02-15,2017-02-15,61.8908,115.9526,117.4929,115.0197
2017-02-14,GLD,stock,117.51,117.56,116.38,116.93,6927842,2017-02-14,2017-02-14,59.5685,115.7949,117.4933,114.9205
2017-02-13,GLD,stock,116.73,116.95,116.15,116.8,7354924,2017-02-13,2017-02-13,58.9883,115.6755,117.4990,114.8384
2017-02-10,GLD,stock,116.68,117.86,116.67,117.6,9072146,2017-02-10,2017-02-10,64.2572,115.5571,117.5060,114.7584
2017-02-09,GLD,stock,118.32,118.58,117.2,117.29,8177210,2017-02-09,2017-02-09,63.0703,115.3420,117.5050,114.6424
2017-02-08,GLD,stock,118.09,118.59,117.81,118.19,9633443,2017-02-08,2017-02-08,69.2715,115.1370,117.5072,114.5343
2017-02-07,GLD,stock,117.31,117.74,117.2,117.46,8621039,2017-02-07,2017-02-07,66.8140,114.8156,117.5003,114.3851
2017-02-06,GLD,stock,117.07,117.74,116.74,117.7,8547843,2017-02-06,2017-02-06,68.4861,114.5373,117.5007,114.2596
2017-02-03,GLD,stock,115.73,116.365,115.71,116.13,9455464,2017-02-03,2017-02-03,62.8364,114.2043,117.4987,114.1192
2017-02-02,GLD,stock,116.26,116.57,115.625,115.84,7189461,2017-02-02,2017-02-02,61.6574,114.0016,117.5125,114.0371
2017-02-01,GLD,stock,114.66,115.45,114.14,115.2,6932889,2017-02-01,2017-02-01,58.9914,113.8081,117.5293,113.9635
2017-01-31,GLD,stock,115.27,115.8173,115.18,115.55,10421882,2017-01-31,2017-01-31,61.1506,113.6616,117.5527,113.9131
2017-01-30,GLD,stock,113.61,114.3,113.535,113.97,7687782,2017-01-30,2017-01-30,54.1096,113.4628,117.5728,113.8463
2017-01-27,GLD,stock,112.93,113.545,112.81,113.49,6706135,2017-01-27,2017-01-27,51.6370,113.4095,117.6091,113.8412
2017-01-26,GLD,stock,113.24,113.505,112.83,113.26,5390463,2017-01-26,2017-01-26,50.4490,113.4010,117.6505,113.8555
2017-01-25,GLD,stock,114.14,114.44,113.68,114.32,6697523,2017-01-25,2017-01-25,56.3750,113.4158,117.6946,113.8798
2017-01-24,GLD,stock,115.69,116.02,114.94,115.27,5798840,2017-01-24,2017-01-24,62.4830,113.3206,117.7285,113.8619
2017-01-23,GLD,stock,115.51,116.17,115.2,115.79,6373102,2017-01-23,2017-01-23,66.1245,113.1154,117.7532,113.8044
2017-01-20,GLD,stock,114.65,115.76,114.32,115.05,12261510,2017-01-20,2017-01-20,63.2980,112.8339,117.7729,113.7234
2017-01-19,GLD,stock,114.32,114.96,113.935,114.77,6437008,2017-01-19,2017-01-19,62.1896,112.6006,117.8003,113.6692
2017-01-18,GLD,stock,115.74,115.92,114.56,114.87,6498109,2017-01-18,2017-01-18,62.8187,112.3723,117.8308,113.6243
2017-01-17,GLD,stock,115.89,115.96,115.495,115.85,9142370,2017-01-17,2017-01-17,69.1885,112.1094,117.8605,113.5734
2017-01-13,GLD,stock,113.65,114.31,113.19,114.21,7261454,2017-01-13,2017-01-13,63.4255,111.7156,117.8807,113.4805
2017-01-12,GLD,stock,114.52,114.93,113.805,113.91,8457319,2017-01-12,2017-01-12,62.2254,111.4530,117.9176,113.4507
2017-01-11,GLD,stock,112.87,114.19,112.17,113.5,9918689,2017-01-11,2017-01-11,60.5841,111.1944,117.9579,113.4320
2017-01-10,GLD,stock,112.94,113.45,112.635,113.15,6093404,2017-01-10,2017-01-10,59.1780,110.9517,118.0027,113.4292
2017-01-09,GLD,stock,112.39,113.0399,112.18,112.67,5674636,2017-01-09,2017-01-09,57.2354,110.7203,118.0515,113.4406
2017-01-06,GLD,stock,111.81,112.38,111.57,111.75,7686070,2017-01-06,2017-01-06,53.2783,110.5151,118.1055,113.4721
2017-01-05,GLD,stock,112.16,112.94,112.07,112.58,9606761,2017-01-05,2017-01-05,57.7553,110.3851,118.1694,113.5424
2017-01-04,GLD,stock,111.06,111.22,110.61,110.86,4904119,2017-01-04,2017-01-04,49.6068,110.1541,118.2256,113.5816
2017-01-03,GLD,stock,109.62,111,109.37,110.47,7527353,2017-01-03,2017-01-03,47.4735,110.0798,118.2996,113.6927
2016-12-30,GLD,stock,110.38,110.62,109.53,109.61,8873725,2016-12-30,2016-12-30,42.4884,110.0387,118.3783,113.8243
2016-12-29,GLD,stock,109.23,110.53,109.16,110.29,7563896,2016-12-29,2016-12-29,45.6709,110.0838,118.4664,113.9963
2016-12-28,GLD,stock,108.4,108.91,108.29,108.86,5091228,2016-12-28,2016-12-28,36.3633,110.0621,118.5486,114.1476
2016-12-27,GLD,stock,108.61,108.67,108.24,108.56,3685504,2016-12-27,2016-12-27,34.1661,110.1886,118.6460,114.3634
2016-12-23,GLD,stock,107.84,108.25,107.8,107.93,5012242,2016-12-23,2016-12-23,29.4139,110.3601,118.7474,114.6002
2016-12-22,GLD,stock,107.68,108.1,107.49,107.59,4942759,2016-12-22,2016-12-22,26.7646,110.6159,118.8561,114.8725
2016-12-21,GLD,stock,108.25,108.3125,107.68,107.85,5188680,2016-12-21,2016-12-21,27.4974,110.9344,118.9693,115.1697
2016-12-20,GLD,stock,107.47,107.997,107.2942,107.79,7321100,2016-12-20,2016-12-20,27.0695,111.2591,119.0810,115.4685
2016-12-19,GLD,stock,108.6,108.88,108.34,108.59,5339066,2016-12-19,2016-12-19,29.2035,111.6242,119.1945,115.7819
2016-12-16,GLD,stock,107.95,108.78,107.475,108.05,10602807,2016-12-16,2016-12-16,25.5235,111.9436,119.3011,116.0755
2016-12-15,GLD,stock,107.85,107.99,107,107.34,14427539,2016-12-15,2016-12-15,20.4768,112.3535,119.4142,116.4030
2016-12-14,GLD,stock,110.95,110.98,108.52,108.83,12933647,2016-12-14,2016-12-14,23.5921,112.8812,119.5355,116.7730
2016-12-13,GLD,stock,110.57,110.79,110.06,110.45,7961600,2016-12-13,2016-12-13,27.8733,113.3077,119.6431,117.0972
2016-12-12,GLD,stock,110.59,111.11,110.2659,110.82,6156469,2016-12-12,2016-12-12,28.9890,113.6085,119.7355,117.3685
2016-12-09,GLD,stock,111.18,111.25,110.19,110.4,10507697,2016-12-09,2016-12-09,25.8611,113.9020,119.8251,117.6358
2016-12-08,GLD,stock,111.72,111.8711,111.46,111.57,5977792,2016-12-08,2016-12-08,29.1866,114.2706,119.9198,117.9311
2016-12-07,GLD,stock,112.13,112.5,111.77,111.83,4901840,2016-12-07,2016-12-07,29.9822,114.5549,120.0038,118.1907
2016-12-06,GLD,stock,111.69,112.03,111.19,111.43,5533689,2016-12-06,2016-12-06,27.1452,114.8417,120.0859,118.4504
2016-12-05,GLD,stock,111.15,112.11,110.31,111.54,10187891,2016-12-05,2016-12-05,27.4290,115.2008,120.1729,118.7369
2016-12-02,GLD,stock,111.89,112.32,111.78,112.14,7416468,2016-12-02,2016-12-02,28.9626,115.5862,120.2597,119.0307
2016-12-01,GLD,stock,111.11,111.99,110.63,111.54,10236970,2016-12-01,2016-12-01,25.0724,115.9490,120.3413,119.3119
2016-11-30,GLD,stock,112.69,112.79,111.5,111.75,10925538,2016-11-30,2016-11-30,25.5267,116.4131,120.4297,119.6291
2016-11-29,GLD,stock,112.76,113.48,112.6901,113.27,7438616,2016-11-29,2016-11-29,29.0668,116.9039,120.5170,119.9507
2016-11-28,GLD,stock,113.23,113.84,112.77,113.8,5655402,2016-11-28,2016-11-28,30.4333,117.2864,120.5898,120.2234
2016-11-25,GLD,stock,113.42,113.51,112.35,112.61,5345889,2016-11-25,2016-11-25,22.8736,117.6534,120.6580,120.4856
2016-11-23,GLD,stock,113.87,113.88,112.65,113.25,20982117,2016-11-23,2016-11-23,24.1862,118.1843,120.7389,120.8070
2016-11-22,GLD,stock,115.72,115.79,114.98,115.54,6391928,2016-11-22,2016-11-22,29.8837,118.7037,120.8142,121.1155
2016-11-21,GLD,stock,115.72,115.94,115.29,115.58,6654155,2016-11-21,2016-11-21,29.9983,119.0367,120.8672,121.3431
2016-11-18,GLD,stock,115.52,115.77,114.96,115.15,10444285,2016-11-18,2016-11-18,27.2115,119.4006,120.9203,121.5783
2016-11-17,GLD,stock,116.91,117.22,115.44,116.17,10342274,2016-11-17,2016-11-17,29.8270,119.8480,120.9783,121.8407
2016-11-16,GLD,stock,117.27,117.27,116.58,116.77,5486129,2016-11-16,2016-11-16,31.4798,120.2352,121.0266,122.0721
2016-11-15,GLD,stock,116.46,117.24,116.29,117.12,9348572,2016-11-15,2016-11-15,32.4538,120.5999,121.0694,122.2885
2016-11-14,GLD,stock,116.12,117.14,115.49,116.11,20729377,2016-11-14,2016-11-14,26.3469,120.9662,121.1091,122.4995
2016-11-11,GLD,stock,119.65,119.69,116.23,117.1,20381828,2016-11-11,2016-11-11,28.7094,121.4774,121.1594,122.7603
2016-11-10,GLD,stock,121.52,121.54,119.38,119.75,22267962,2016-11-10,2016-11-10,36.9433,121.9382,121.2002,122.9913
2016-11-09,GLD,stock,124.3,124.35,121.105,121.56,18236450,2016-11-09,2016-11-09,45.1574,122.1686,121.2147,123.1236
2016-11-08,GLD,stock,122.12,123.09,121.36,121.64,9480647,2016-11-08,2016-11-08,45.5732,122.2326,121.2113,123.1874
2016-11-07,GLD,stock,122.66,122.71,121.88,122.15,10014986,2016-11-07,2016-11-07,48.2009,122.2950,121.2070,123.2506
2016-11-04,GLD,stock,124.4,124.54,124.04,124.39,8594613,2016-11-04,2016-11-04,63.0209,122.3103,121.1975,123.2955
2016-11-03,GLD,stock,123.36,124.33,123.35,124.3,10093107,2016-11-03,2016-11-03,62.5918,122.0913,121.1654,123.2509
2016-11-02,GLD,stock,123.76,124.76,123.56,123.64,15692420,2016-11-02,2016-11-02,59.3823,121.8588,121.1339,123.2080
2016-11-01,GLD,stock,122.8,123.21,122.57,122.73,13384307,2016-11-01,2016-11-01,54.3699,121.6713,121.1087,123.1904
2016-10-31,GLD,stock,121.51,122,121.23,121.94,7722055,2016-10-31,2016-10-31,49.3293,121.5599,121.0924,123.2092
2016-10-28,GLD,stock,121.2,122.48,120.81,121.58,11639887,2016-10-28,2016-10-28,46.8446,121.5199,121.0839,123.2610
2016-10-27,GLD,stock,121.11,121.18,120.75,121.01,4335994,2016-10-27,2016-10-27,42.7146,121.5136,121.0789,123.3296
2016-10-26,GLD,stock,121.37,121.53,120.61,120.79,3905914,2016-10-26,2016-10-26,41.0738,121.5666,121.0796,123.4243
2016-10-25,GLD,stock,120.89,121.76,120.855,121.47,6141110,2016-10-25,2016-10-25,44.7529,121.6483,121.0825,123.5318
2016-10-24,GLD,stock,121.28,121.3,120.16,120.56,5481119,2016-10-24,2016-10-24,37.8332,121.6671,121.0786,123.6160
2016-10-21,GLD,stock,120.9,120.925,120.55,120.83,6707783,2016-10-21,2016-10-21,39.1854,121.7836,121.0838,123.7407
2016-10-20,GLD,stock,121.39,121.59,120.63,120.74,6496724,2016-10-20,2016-10-20,38.5051,121.8840,121.0864,123.8595
2016-10-19,GLD,stock,121.13,121.4565,120.89,121.11,6019772,2016-10-19,2016-10-19,40.2228,122.0044,121.0899,123.9868
2016-10-18,GLD,stock,120.08,120.64,119.82,120.42,4919730,2016-10-18,2016-10-18,35.2185,122.0986,121.0896,124.1043
2016-10-17,GLD,stock,119.7,119.92,119.58,119.68,4777878,2016-10-17,2016-10-17,29.3266,122.2753,121.0964,124.2546
2016-10-14,GLD,stock,119.37,120.16,119.29,119.36,6577309,2016-10-14,2016-10-14,26.6477,122.5485,121.1106,124.4413
2016-10-13,GLD,stock,120,120.42,119.8,120.03,7184647,2016-10-13,2016-10-13,28.7677,122.8841,121.1282,124.6487
2016-10-12,GLD,stock,119.72,120.07,119.289,119.74,4848622,2016-10-12,2016-10-12,26.4148,123.1845,121.1392,124.8373
2016-10-11,GLD,stock,119.92,120.16,119.53,119.55,6065330,2016-10-11,2016-10-11,24.9057,123.5471,121.1533,125.0453
2016-10-10,GLD,stock,120.16,120.42,119.92,120.16,4514368,2016-10-10,2016-10-10,26.5276,123.9679,121.1694,125.2696
2016-10-07,GLD,stock,120.49,120.58,118.42,119.74,17907270,2016-10-07,2016-10-07,23.3357,124.3687,121.1796,125.4782
2016-10-06,GLD,stock,119.69,119.98,119.24,119.66,17917672,2016-10-06,2016-10-06,22.7421,124.8559,121.1940,125.7124
2016-10-05,GLD,stock,121.33,121.59,120.4,120.78,14718120,2016-10-05,2016-10-05,25.2876,125.4029,121.2095,125.9594
2016-10-04,GLD,stock,123.16,123.18,120.86,120.97,24372722,2016-10-04,2016-10-04,25.7415,125.8895,121.2138,126.1708
2016-10-03,GLD,stock,125.32,125.46,124.9,125.32,9044105,2016-10-03,2016-10-03,41.6236,126.4073,121.2162,126.3831
2016-09-30,GLD,stock,126.52,126.55,125.235,125.64,11204261,2016-09-30,2016-09-30,43.4551,126.5218,121.1750,126.4265
2016-09-29,GLD,stock,125.84,126.34,125.54,126.07,7448407,2016-09-29,2016-09-29,45.9794,126.6146,121.1301,126.4586
2016-09-28,GLD,stock,126.25,126.4,125.73,126.22,6757652,2016-09-28,2016-09-28,46.8612,126.6719,121.0805,126.4745
2016-09-27,GLD,stock,126.86,126.9,126.341,126.62,6220662,2016-09-27,2016-09-27,49.1975,126.7195,121.0288,126.4848
2016-09-26,GLD,stock,127.96,128.035,127.42,127.55,5842740,2016-09-26,2016-09-26,55.1315,126.7300,120.9726,126.4793
2016-09-23,GLD,stock,127.6,127.86,127.43,127.65,7702291,2016-09-23,2016-09-23,55.8036,126.6436,120.9065,126.4356
2016-09-22,GLD,stock,127.57,128.2,127.5,127.57,15188007,2016-09-22,2016-09-22,55.3997,126.5377,120.8387,126.3861
2016-09-21,GLD,stock,126.33,127.42,125.96,127.27,13646448,2016-09-21,2016-09-21,53.9339,126.4291,120.7711,126.3377
2016-09-20,GLD,stock,125.31,125.59,125.17,125.44,5672021,2016-09-20,2016-09-20,43.3964,126.3405,120.7058,126.2997
2016-09-19,GLD,stock,125.61,125.62,125.25,125.32,4959637,2016-09-19,2016-09-19,42.5968,126.4353,120.6582,126.3348
2016-09-16,GLD,stock,124.81,125.245,124.67,125.06,18995065,2016-09-16,2016-09-16,40.9178,126.5527,120.6113,126.3762
2016-09-15,GLD,stock,125.73,126.1,124.91,125.37,12978856,2016-09-15,2016-09-15,42.2872,126.7099,120.5666,126.4299
2016-09-14,GLD,stock,126.1,126.54,126.03,126.18,5820694,2016-09-14,2016-09-14,46.0244,126.8509,120.5183,126.4732
2016-09-13,GLD,stock,126.47,126.6,125.53,125.75,8866372,2016-09-13,2016-09-13,43.5659,126.9215,120.4614,126.4852
2016-09-12,GLD,stock,126.31,126.92,125.97,126.59,11140336,2016-09-12,2016-09-12,47.4897,127.0448,120.4083,126.5152
2016-09-09,GLD,stock,127.24,127.51,126.7,126.75,12485597,2016-09-09,2016-09-09,48.2585,127.0927,120.3462,126.5121
2016-09-08,GLD,stock,128.16,128.52,127.4,127.59,10561791,2016-09-08,2016-09-08,52.3931,127.1288,120.2818,126.5024
2016-09-07,GLD,stock,128.79,128.86,128.12,128.27,8859847,2016-09-07,2016-09-07,55.9997,127.0802,120.2084,126.4580
2016-09-06,GLD,stock,127.4,129.08,127.27,128.71,15115279,2016-09-06,2016-09-06,58.4158,126.9550,120.1273,126.3840
2016-09-02,GLD,stock,126.29,126.57,125.58,126.57,11318572,2016-09-02,2016-09-02,48.3522,126.7703,120.0411,126.2891
2016-09-01,GLD,stock,124.67,125.51,124.55,125.29,12877745,2016-09-01,2016-09-01,40.3321,126.7913,119.9755,126.2776
2016-08-31,GLD,stock,124.73,125.11,124.64,124.78,13324105,2016-08-31,2016-08-31,36.6951,126.9494,119.9220,126.3180
2016-08-30,GLD,stock,125.73,125.95,124.88,125.03,9877044,2016-08-30,2016-08-30,37.7423,127.1777,119.8732,126.3807
2016-08-29,GLD,stock,126,126.48,125.93,126.3,5562409,2016-08-29,2016-08-29,43.6131,127.4038,119.8214,126.4359
2016-08-26,GLD,stock,126.88,128.11,125.82,126.05,17967738,2016-08-26,2016-08-26,41.9629,127.5200,119.7563,126.4414
2016-08-25,GLD,stock,125.98,126.31,125.96,126.23,5926294,2016-08-25,2016-08-25,42.8003,127.6748,119.6930,126.4574
2016-08-24,GLD,stock,126.92,126.9663,126.295,126.34,13539655,2016-08-24,2016-08-24,43.2906,127.8268,119.6273,126.4667
2016-08-23,GLD,stock,128.14,128.22,127.61,127.76,9038482,2016-08-23,2016-08-23,50.1804,127.9833,119.5599,126.4718
2016-08-22,GLD,stock,127.63,127.92,127.45,127.78,8627222,2016-08-22,2016-08-22,50.2851,128.0068,119.4775,126.4192
2016-08-19,GLD,stock,128.08,128.67,127.855,127.97,10660119,2016-08-19,2016-08-19,51.2276,128.0307,119.3940,126.3637
2016-08-18,GLD,stock,128.89,129.17,128.58,129.11,9500636,2016-08-18,2016-08-18,57.2015,128.0371,119.3078,126.2981
2016-08-17,GLD,stock,128.17,128.99,127.46,128.5,12034752,2016-08-17,2016-08-17,54.5691,127.9242,119.2093,126.1834
2016-08-16,GLD,stock,128.12,129.04,128,128.47,8678143,2016-08-16,2016-08-16,54.4412,127.8636,119.1159,126.0888
2016-08-15,GLD,stock,127.62,128.25,127.6,127.84,4530841,2016-08-15,2016-08-15,51.7934,127.7997,119.0219,125.9916
2016-08-12,GLD,stock,129.12,129.26,127.2,127.4,15395846,2016-08-12,2016-08-12,49.9053,127.7955,118.9333,125.9162
2016-08-11,GLD,stock,128.61,129.19,127.475,127.67,9763821,2016-08-11,2016-08-11,51.0445,127.8371,118.8482,125.8556
2016-08-10,GLD,stock,129.12,129.2006,128.15,128.56,6196202,2016-08-10,2016-08-10,54.8789,127.8547,118.7595,125.7816
2016-08-09,GLD,stock,127.94,128.14,127.75,127.96,7500421,2016-08-09,2016-08-09,52.6524,127.7805,118.6610,125.6682
2016-08-08,GLD,stock,127.29,127.7,127.274,127.44,6773804,2016-08-08,2016-08-08,50.6944,127.7616,118.5676,125.5746
2016-08-05,GLD,stock,128.46,128.5466,127.39,127.55,16205122,2016-08-05,2016-08-05,51.1096,127.7954,118.4784,125.4985
2016-08-04,GLD,stock,130.01,130.28,129.82,129.87,4908131,2016-08-04,2016-08-04,60.8727,127.8213,118.3872,125.4147
2016-08-03,GLD,stock,129.95,129.96,129.27,129.65,5010703,2016-08-03,2016-08-03,60.2033,127.6056,118.2718,125.2329
2016-08-02,GLD,stock,130.04,130.55,129.9449,130.27,7652767,2016-08-02,2016-08-02,63.0249,127.3904,118.1575,125.0526
2016-08-01,GLD,stock,128.57,129.34,128.56,129.22,7109898,2016-08-01,2016-08-01,60.0828,127.0873,118.0358,124.8396
2016-07-29,GLD,stock,128.42,129.41,127.88,128.98,13708194,2016-07-29,2016-07-29,59.3971,126.8628,117.9234,124.6609
2016-07-28,GLD,stock,128.09,128.2,127.205,127.66,9261756,2016-07-28,2016-07-28,55.4924,126.6399,117.8122,124.4846
2016-07-27,GLD,stock,126.79,128.12,126.04,128.03,17066363,2016-07-27,2016-07-27,56.9171,126.5326,117.7133,124.3550
2016-07-26,GLD,stock,126.09,126.14,125.745,126,7613155,2016-07-26,2016-07-26,50.4341,126.3750,117.6096,124.2050
2016-07-25,GLD,stock,125.53,126.21,125.11,125.47,13139408,2016-07-25,2016-07-25,48.5574,126.4144,117.5252,124.1317
2016-07-22,GLD,stock,126.43,126.52,126.01,126.35,7716032,2016-07-22,2016-07-22,51.5677,126.5138,117.4454,124.0771
2016-07-21,GLD,stock,125.66,127.37,125.6,127.3,9399212,2016-07-21,2016-07-21,54.9847,126.5311,117.3559,123.9843
2016-07-20,GLD,stock,125.5,126.12,125.31,125.39,11777708,2016-07-20,2016-07-20,48.6299,126.4501,117.2560,123.8490
2016-07-19,GLD,stock,126.95,127.35,126.82,127.21,5170665,2016-07-19,2016-07-19,55.5713,126.5617,117.1742,123.7861
2016-07-18,GLD,stock,127.02,127.5,126.63,127.04,8489677,2016-07-18,2016-07-18,55.0144,126.4935,117.0734,123.6463
2016-07-15,GLD,stock,126.38,127.19,126.33,126.84,13892073,2016-07-15,2016-07-15,54.3898,126.4360,116.9732,123.5078
2016-07-14,GLD,stock,126.31,127.37,126.03,127.33,12132423,2016-07-14,2016-07-14,56.1639,126.3934,116.8740,123.3718
2016-07-13,GLD,stock,128,128.43,127.61,128.32,7377686,2016-07-13,2016-07-13,59.8248,126.2949,116.7689,123.2102
2016-07-12,GLD,stock,128.52,128.54,126.99,127.15,26459620,2016-07-12,2016-07-12,56.7296,126.0817,116.6528,123.0017
2016-07-11,GLD,stock,129.49,129.895,129.16,129.29,10855630,2016-07-11,2016-07-11,65.2703,125.9692,116.5473,122.8323
2016-07-08,GLD,stock,129.85,130.52,128.97,130.52,17634218,2016-07-08,2016-07-08,70.9731,125.6197,116.4193,122.5688
2016-07-07,GLD,stock,129.82,130.12,128.98,129.74,16508526,2016-07-07,2016-07-07,69.3987,125.1038,116.2776,122.2442
2016-07-06,GLD,stock,130.5,131.15,129.82,130.23,17376671,2016-07-06,2016-07-06,71.6661,124.6158,116.1423,121.9383
2016-07-05,GLD,stock,128.8,129.59,128.17,129.47,19026247,2016-07-05,2016-07-05,70.2670,124.0249,116.0007,121.5998
2016-07-01,GLD,stock,127.66,128.42,127.44,128.41,14940706,2016-07-01,2016-07-01,68.2355,123.4517,115.8653,121.2786
2016-06-30,GLD,stock,125.95,126.52,125.5,126.47,15981577,2016-06-30,2016-06-30,64.0627,122.9298,115.7392,120.9875
2016-06-29,GLD,stock,125.91,126.81,125.7,125.84,12218444,2016-06-29,2016-06-29,62.5804,122.5571,115.6314,120.7637
2016-06-28,GLD,stock,125.56,126.02,125.06,125.32,16001451,2016-06-28,2016-06-28,61.3589,122.2115,115.5288,120.5565
2016-06-27,GLD,stock,126.44,127.05,125.83,126.68,21400484,2016-06-27,2016-06-27,66.6424,121.8843,115.4304,120.3621
2016-06-24,GLD,stock,126.62,126.82,125,126.01,35782892,2016-06-24,2016-06-24,65.2745,121.3795,115.3173,120.1042
2016-06-23,GLD,stock,120.48,121.03,120.06,120.11,10704904,2016-06-23,2016-06-23,47.7571,120.8921,115.2099,119.8632
2016-06-22,GLD,stock,120.83,121.25,120.68,120.9,7861000,2016-06-22,2016-06-22,50.9529,120.9744,115.1606,119.8531
2016-06-21,GLD,stock,121.65,121.86,120.77,120.84,14585633,2016-06-21,2016-06-21,50.7203,120.9823,115.1029,119.8104
2016-06-20,GLD,stock,122.26,123.33,122.13,123.21,11866200,2016-06-20,2016-06-20,61.3988,120.9972,115.0453,119.7684
2016-06-17,GLD,stock,123.26,124.1,122.69,123.95,15573825,2016-06-17,2016-06-17,65.3903,120.7643,114.9632,119.6279
2016-06-16,GLD,stock,125.17,125.67,122.23,122.38,26635004,2016-06-16,2016-06-16,60.3066,120.4290,114.8729,119.4515
2016-06-15,GLD,stock,122.52,123.87,122.38,123.68,15053005,2016-06-15,2016-06-15,67.9847,120.2236,114.7974,119.3319
2016-06-14,GLD,stock,123,123.06,122.3,122.77,11651694,2016-06-14,2016-06-14,65.0962,119.8598,114.7082,119.1545
2016-06-13,GLD,stock,122.8,122.83,122.03,122.64,12594223,2016-06-13,2016-06-13,64.6734,119.5534,114.6271,119.0069
2016-06-10,GLD,stock,121.55,122.1,121.175,121.74,13939966,2016-06-10,2016-06-10,61.6902,119.2285,114.5466,118.8586
2016-06-09,GLD,stock,120.61,121.4829,120.55,121.25,12173954,2016-06-09,2016-06-09,59.9817,118.9642,114.4743,118.7410
2016-06-08,GLD,stock,120.3,120.78,120.23,120.58,11661736,2016-06-08,2016-06-08,57.5797,118.7236,114.4062,118.6386
2016-06-07,GLD,stock,118.5,119.02,118.41,118.82,4602865,2016-06-07,2016-06-07,50.3037,118.5281,114.3442,118.5594
2016-06-06,GLD,stock,118.89,119.17,118.455,118.92,9887863,2016-06-06,2016-06-06,50.7631,118.4974,114.2992,118.5487
2016-06-03,GLD,stock,118.25,118.89,118.23,118.88,14605056,2016-06-03,2016-06-03,50.5955,118.4529,114.2527,118.5336
2016-06-02,GLD,stock,115.78,115.97,115.58,115.67,4591562,2016-06-02,2016-06-02,33.8082,118.4080,114.2062,118.5194
2016-06-01,GLD,stock,115.97,116.135,115.2,115.94,8399598,2016-06-01,2016-06-01,34.7299,118.6962,114.1915,118.6357
2016-05-31,GLD,stock,115.76,116.4,115.5,116.06,8187605,2016-05-31,2016-05-31,35.1251,118.9863,114.1740,118.7458
2016-05-27,GLD,stock,116.27,116.36,115.29,115.62,8686689,2016-05-27,2016-05-27,32.5103,119.2944,114.1550,118.8554
2016-05-26,GLD,stock,117.57,117.63,116.39,116.58,5893510,2016-05-26,2016-05-26,35.4011,119.6811,114.1403,118.9874
2016-05-25,GLD,stock,116.59,117.0599,116.32,116.98,10499963,2016-05-25,2016-05-25,36.6624,120.0076,114.1158,119.0857
2016-05-24,GLD,stock,118.17,118.23,117.25,117.3,12772047,2016-05-24,2016-05-24,37.6591,120.3263,114.0870,119.1716
2016-05-23,GLD,stock,118.86,119.6,118.75,119.37,8628234,2016-05-23,2016-05-23,45.0092,120.6448,114.0547,119.2480
2016-05-20,GLD,stock,120.19,120.32,119.31,119.71,10379355,2016-05-20,2016-05-20,46.3902,120.7790,114.0013,119.2431
2016-05-19,GLD,stock,119,119.975,118.9201,119.87,14339652,2016-05-19,2016-05-19,47.0206,120.8915,113.9439,119.2240
2016-05-18,GLD,stock,121.22,121.92,119.88,120.1,13381728,2016-05-18,2016-05-18,47.8893,120.9991,113.8843,119.1976
2016-05-17,GLD,stock,121.58,122.52,121.48,122.22,8619848,2016-05-17,2016-05-17,56.8838,121.0937,113.8219,119.1608
2016-05-16,GLD,stock,122.93,122.97,121.38,121.8,7103042,2016-05-16,2016-05-16,55.3407,120.9751,113.7375,119.0359
2016-05-13,GLD,stock,121.09,121.86,120.66,121.71,7672825,2016-05-13,2016-05-13,55.0204,120.8883,113.6564,118.9231
2016-05-12,GLD,stock,122.02,122.39,121,121.16,7447120,2016-05-12,2016-05-12,53.1121,120.8018,113.5755,118.8094
2016-05-11,GLD,stock,121.85,122.16,121.38,122.12,7590081,2016-05-11,2016-05-11,57.0340,120.7641,113.4993,118.7134
2016-05-10,GLD,stock,120.74,121.38,120.08,120.98,9844957,2016-05-10,2016-05-10,53.2255,120.6214,113.4126,118.5744
2016-05-09,GLD,stock,121.2,121.285,120.59,120.65,9236166,2016-05-09,2016-05-09,52.0838,120.5836,113.3366,118.4762
2016-05-06,GLD,stock,122.83,123.805,122.5876,123.18,11366823,2016-05-06,2016-05-06,63.0371,120.5766,113.2631,118.3875
2016-05-05,GLD,stock,122.63,122.7325,121.25,122.07,8846907,2016-05-05,2016-05-05,59.5735,120.3026,113.1634,118.1918
2016-05-04,GLD,stock,122.85,123.23,121.51,122.21,9398242,2016-05-04,2016-05-04,60.2346,120.1166,113.0739,118.0335
2016-05-03,GLD,stock,123.73,123.82,122.51,122.96,9063588,2016-05-03,2016-05-03,63.7536,119.8962,112.9821,117.8631
2016-05-02,GLD,stock,123.78,123.96,123.045,123.24,12137459,2016-05-02,2016-05-02,65.0715,119.5737,112.8818,117.6550
2016-04-29,GLD,stock,122.43,123.93,122.34,123.65,19043902,2016-04-29,2016-04-29,66.9534,119.1878,112.7777,117.4271
2016-04-28,GLD,stock,119.92,121.42,119.7301,121.29,15133641,2016-04-28,2016-04-28,60.9112,118.7181,112.6684,117.1731
2016-04-27,GLD,stock,118.97,119.7,118.43,119.04,7976411,2016-04-27,2016-04-27,53.3620,118.4473,112.5818,117.0051
2016-04-26,GLD,stock,118.79,118.89,118.45,118.7,9906835,2016-04-26,2016-04-26,52.0630,118.3850,112.5169,116.9220
2016-04-25,GLD,stock,118.14,118.7122,118.11,118.23,4369353,2016-04-25,2016-04-25,50.2855,118.3518,112.4547,116.8494
2016-04-22,GLD,stock,118.71,119.02,117.28,117.89,10047007,2016-04-22,2016-04-22,49.0156,118.3646,112.3967,116.7931
2016-04-21,GLD,stock,120.42,120.55,119.13,119.42,14612767,2016-04-21,2016-04-21,54.8725,118.4146,112.3415,116.7483
2016-04-20,GLD,stock,119.67,120.08,118.721,118.97,10233193,2016-04-20,2016-04-20,53.3501,118.3087,112.2703,116.6393
2016-04-19,GLD,stock,119.87,120.09,119.37,119.58,21031520,2016-04-19,2016-04-19,55.7160,118.2391,112.2030,116.5441
2016-04-18,GLD,stock,118.53,118.56,117.63,117.74,5809803,2016-04-18,2016-04-18,49.4353,118.0980,112.1288,116.4202
2016-04-15,GLD,stock,117.33,118.12,117.19,117.92,7838146,2016-04-15,2016-04-15,50.0806,118.1357,112.0724,116.3663
2016-04-14,GLD,stock,118.09,118.1869,116.95,117.11,13165804,2016-04-14,2016-04-14,47.2011,118.1584,112.0137,116.3029
2016-04-13,GLD,stock,119.37,119.43,118.56,118.77,8841545,2016-04-13,2016-04-13,53.0212,118.2687,111.9625,116.2700
2016-04-12,GLD,stock,120.23,120.345,119.55,120.05,9689464,2016-04-12,2016-04-12,58.1556,118.2160,111.8940,116.1679
2016-04-11,GLD,stock,119.47,120.3,119.42,120.03,9845964,2016-04-11,2016-04-11,58.0967,118.0229,111.8121,116.0095
2016-04-08,GLD,stock,118.07,118.77,117.98,118.43,9078874,2016-04-08,2016-04-08,53.2059,117.8116,111.7295,115.8454
2016-04-07,GLD,stock,118.65,118.85,115,118.61,11900452,2016-04-07,2016-04-07,53.8626,117.7465,111.6621,115.7399
2016-04-06,GLD,stock,116.7,117.385,116.26,116.94,7549435,2016-04-06,2016-04-06,48.3727,117.6557,111.5923,115.6227
2016-04-05,GLD,stock,117.76,117.93,117.15,117.66,8865906,2016-04-05,2016-04-05,50.7923,117.7310,111.5386,115.5690
2016-04-04,GLD,stock,116.67,116.73,116.07,116.15,7643738,2016-04-04,2016-04-04,45.4817,117.7385,111.4770,115.4836
2016-04-01,GLD,stock,116.08,116.98,115.55,116.93,10405379,2016-04-01,2016-04-01,47.9646,117.9057,111.4301,115.4564
2016-03-31,GLD,stock,118.161,118.39,117.6,117.64,9348249,2016-03-31,2016-03-31,50.2849,118.0084,111.3748,115.3963
2016-03-30,GLD,stock,117.88,118.2,116.91,117.1,10769071,2016-03-30,2016-03-30,48.5263,118.0471,111.3118,115.3047
2016-03-29,GLD,stock,117.36,118.81,116.8,118.76,14472350,2016-03-29,2016-03-29,53.9765,118.1468,111.2537,115.2314
2016-03-28,GLD,stock,116.73,116.91,116.27,116.6,3879076,2016-03-28,2016-03-28,46.7503,118.0823,111.1782,115.0874
2016-03-24,GLD,stock,116.77,116.94,116.3,116.33,6280937,2016-03-24,2016-03-24,45.7618,118.2383,111.1237,115.0257
2016-03-23,GLD,stock,116.74,117.12,116.16,116.61,15993672,2016-03-23,2016-03-23,46.5947,118.4392,111.0714,114.9724
2016-03-22,GLD,stock,119.73,120.16,118.96,119.31,6786752,2016-03-22,2016-03-22,55.6667,118.6318,111.0157,114.9056
2016-03-21,GLD,stock,119,119.33,118.73,118.96,7240640,2016-03-21,2016-03-21,54.6027,118.5604,110.9324,114.7258
2016-03-18,GLD,stock,119.59,120.34,119.51,119.8,16965893,2016-03-18,2016-03-18,57.6880,118.5183,110.8517,114.5530
2016-03-17,GLD,stock,121.16,121.18,120.03,120.13,9912732,2016-03-17,2016-03-17,58.9021,118.3834,110.7618,114.3388
2016-03-16,GLD,stock,117.42,120.76,117.34,120.59,17333961,2016-03-16,2016-03-16,60.5516,118.1995,110.6676,114.1024
2016-03-15,GLD,stock,117.78,118.04,117.36,117.96,9949030,2016-03-15,2016-03-15,53.6623,117.9479,110.5679,113.8377
2016-03-14,GLD,stock,120.27,120.31,117.5,117.87,14256598,2016-03-14,2016-03-14,53.4037,117.9466,110.4936,113.6694
2016-03-11,GLD,stock,121.19,121.385,119.36,119.41,10831135,2016-03-11,2016-03-11,58.5996,117.9547,110.4195,113.4979
2016-03-10,GLD,stock,120.5,121.76,120.42,121.5,18104896,2016-03-10,2016-03-10,66.7884,117.8015,110.3291,113.2566
2016-03-09,GLD,stock,119.2,120.39,118.84,119.58,8672862,2016-03-09,2016-03-09,62.2936,117.4122,110.2168,112.9202
2016-03-08,GLD,stock,121.79,121.88,120.47,120.58,11530989,2016-03-08,2016-03-08,66.6566,117.1840,110.1227,112.6483
2016-03-07,GLD,stock,121.18,121.5801,120.41,121.14,9358611,2016-03-07,2016-03-07,69.1760,116.8265,110.0176,112.3246
2016-03-04,GLD,stock,121.13,122.37,120.22,120.54,16261054,2016-03-04,2016-03-04,67.9716,116.3725,109.9059,111.9648
2016-03-03,GLD,stock,118.86,121.3,118.81,120.73,18724053,2016-03-03,2016-03-03,68.7616,115.9338,109.7990,111.6148
2016-03-02,GLD,stock,118.34,118.97,118.07,118.68,8903045,2016-03-02,2016-03-02,64.6445,115.4289,109.6891,111.2427
2016-03-01,GLD,stock,118.74,119.11,117.34,117.77,14139278,2016-03-01,2016-03-01,62.6135,115.0867,109.5988,110.9392
2016-02-29,GLD,stock,117.59,118.7,117.53,118.64,11517545,2016-02-29,2016-02-29,65.9783,114.8043,109.5166,110.6604
2016-02-26,GLD,stock,117.43,117.72,115.8637,117.11,12505077,2016-02-26,2016-02-26,62.7055,114.4005,109.4249,110.3347
2016-02-25,GLD,stock,117.62,118.91,117.5401,117.92,12500275,2016-02-25,2016-02-25,65.8180,114.1153,109.3477,110.0581
2016-02-24,GLD,stock,119,119.86,117.35,117.61,17938767,2016-02-24,2016-02-24,65.2042,113.7148,109.2616,109.7372
2016-02-23,GLD,stock,116.68,117.42,116.52,117.22,9033429,2016-02-23,2016-02-23,64.4587,113.3048,109.1777,109.4159
2016-02-22,GLD,stock,115.44,116.19,115.41,115.49,10677842,2016-02-22,2016-02-22,61.0182,112.8927,109.0968,109.0973
2016-02-19,GLD,stock,117.26,117.965,117.1,117.58,15191950,2016-02-19,2016-02-19,68.4515,112.6193,109.0326,108.8364
2016-02-18,GLD,stock,115.3,118.595,115.29,118.29,13586529,2016-02-18,2016-02-18,71.1871,112.0971,108.9467,108.4795
2016-02-17,GLD,stock,115.47,116.07,114.89,115.48,10582440,2016-02-17,2016-02-17,66.2268,111.4452,108.8528,108.0791
2016-02-16,GLD,stock,116,116.31,114.74,114.77,14601662,2016-02-16,2016-02-16,64.8053,111.0205,108.7862,107.7770
2016-02-12,GLD,stock,118.12,118.74,117.88,118.36,16981163,2016-02-12,2016-02-12,80.7669,110.6258,108.7260,107.4916
2016-02-11,GLD,stock,118.59,120.84,117.77,119.0592,49138983,2016-02-11,2016-02-11,84.5322,109.8117,108.6292,107.0480
2016-02-10,GLD,stock,113.92,114.52,112.98,114.46,13311118,2016-02-10,2016-02-10,78.3742,108.8383,108.5244,106.5577
2016-02-09,GLD,stock,114.43,114.69,113.55,113.58,18156696,2016-02-09,2016-02-09,76.7280,108.2465,108.4647,106.2352
2016-02-08,GLD,stock,113.67,114.8692,113.39,113.83,28341176,2016-02-08,2016-02-08,78.3003,107.6851,108.4133,105.9354
2016-02-05,GLD,stock,109.79,112.35,109.58,112.32,14777267,2016-02-05,2016-02-05,75.4825,107.0383,108.3589,105.6132
2016-02-04,GLD,stock,110.45,110.7,109.92,110.57,13213681,2016-02-04,2016-02-04,71.4999,106.4823,108.3191,105.3394
2016-02-03,GLD,stock,107.91,109.58,107.9,109.25,15785215,2016-02-03,2016-02-03,67.8409,106.0520,108.2964,105.1259
2016-02-02,GLD,stock,107.92,108.18,107.35,108.09,6656018,2016-02-02,2016-02-02,64.0776,105.7154,108.2869,104.9576
2016-02-01,GLD,stock,107.54,108.15,107.53,108.05,10471814,2016-02-01,2016-02-01,63.9425,105.4654,108.2888,104.8298
2016-01-29,GLD,stock,106.61,107,106.26,106.9492,8098682,2016-01-29,2016-01-29,60.1085,105.1933,108.2912,104.6983
2016-01-28,GLD,stock,106.55,106.86,106.48,106.54,5914192,2016-01-28,2016-01-28,58.5885,105.0085,108.3047,104.6065
2016-01-27,GLD,stock,106.86,107.93,106.65,107.69,8273353,2016-01-27,2016-01-27,65.0573,104.8473,108.3225,104.5275
2016-01-26,GLD,stock,106.32,107.43,106.255,107.29,8443381,2016-01-26,2016-01-26,63.7651,104.5481,108.3288,104.3985
2016-01-25,GLD,stock,105.76,106.09,105.6,106.08,6819409,2016-01-25,2016-01-25,59.5651,104.2594,108.3393,104.2804
2016-01-22,GLD,stock,104.93,105.51,104.76,105,4185326,2016-01-22,2016-01-22,55.2677,104.0678,108.3620,104.2070
2016-01-21,GLD,stock,104.99,105.49,104.515,105.49,5425032,2016-01-21,2016-01-21,57.8583,103.9697,108.3957,104.1746
2016-01-20,GLD,stock,105.17,106.16,104.94,105.37,10120876,2016-01-20,2016-01-20,57.4043,103.8096,108.4250,104.1209
2016-01-19,GLD,stock,104.06,104.45,103.65,103.98,4588405,2016-01-19,2016-01-19,51.8211,103.6454,108.4557,104.0699
2016-01-15,GLD,stock,104.92,104.96,103.965,104.08,10052735,2016-01-15,2016-01-15,52.2788,103.6102,108.5006,104.0736
2016-01-14,GLD,stock,103.75,104.18,102.4985,103.02,9989065,2016-01-14,2016-01-14,47.7344,103.5607,108.5451,104.0733
2016-01-13,GLD,stock,103.89,104.8199,103.78,104.72,7324203,2016-01-13,2016-01-13,55.6226,103.6176,108.6006,104.1163
2016-01-12,GLD,stock,104.09,104.59,103.65,104.21,5540231,2016-01-12,2016-01-12,53.4811,103.5016,108.6396,104.0917
2016-01-11,GLD,stock,105.47,105.566,104.71,104.74,6272359,2016-01-11,2016-01-11,56.0931,103.4270,108.6841,104.0869
2016-01-08,GLD,stock,105.48,105.8,105.04,105.68,7678153,2016-01-08,2016-01-08,60.9996,103.2888,108.7238,104.0602
2016-01-07,GLD,stock,105.83,106.237,105.19,106.15,11730376,2016-01-07,2016-01-07,63.5818,103.0371,108.7543,103.9941
2016-01-06,GLD,stock,104.37,104.8,103.93,104.67,9316599,2016-01-06,2016-01-06,58.4374,102.7094,108.7805,103.9061
2016-01-05,GLD,stock,103.13,103.46,102.93,103.18,3500272,2016-01-05,2016-01-05,52.1137,102.5030,108.8218,103.8749
2016-01-04,GLD,stock,103.13,103.67,102.485,102.89,6439982,2016-01-04,2016-01-04,50.7598,102.4318,108.8785,103.9033
2015-12-31,GLD,stock,101.48,101.72,101.31,101.46,3823564,2015-12-31,2015-12-31,43.4368,102.3836,108.9387,103.9446
2015-12-30,GLD,stock,101.47,101.6,101.345,101.42,3744959,2015-12-30,2015-12-30,43.2174,102.4808,109.0139,104.0461
2015-12-29,GLD,stock,102.52,102.58,102.11,102.2,2832238,2015-12-29,2015-12-29,46.4812,102.5924,109.0902,104.1532
2015-12-28,GLD,stock,102.48,102.5962,102.03,102.27,3356190,2015-12-28,2015-12-28,46.7755,102.6337,109.1594,104.2330
2015-12-24,GLD,stock,102.82,103.05,102.77,103.05,1710153,2015-12-24,2015-12-24,50.0556,102.6720,109.2287,104.3131
2015-12-23,GLD,stock,102.4,102.59,102.21,102.31,2821380,2015-12-23,2015-12-23,46.7671,102.6322,109.2908,104.3646
2015-12-22,GLD,stock,103.09,103.2,102.5599,102.61,4123512,2015-12-22,2015-12-22,47.9558,102.6662,109.3609,104.4485
2015-12-21,GLD,stock,102.95,103.52,102.83,103.15,6378892,2015-12-21,2015-12-21,50.0834,102.6721,109.4288,104.5236
2015-12-18,GLD,stock,101.35,102.53,101.3,102.04,8345864,2015-12-18,2015-12-18,45.4652,102.6218,109.4919,104.5796
2015-12-17,GLD,stock,100.92,100.99,100.2326,100.5,10156223,2015-12-17,2015-12-17,38.0856,102.6830,109.5668,104.6833
2015-12-16,GLD,stock,102.59,103.2,101.66,102.75,8292194,2015-12-16,2015-12-16,46.6498,102.9128,109.6579,104.8540
2015-12-15,GLD,stock,101.71,102.06,101.41,101.52,6831064,2015-12-15,2015-12-15,39.7754,102.9299,109.7273,104.9399
2015-12-14,GLD,stock,102.58,102.72,101.74,101.79,5563778,2015-12-14,2015-12-14,40.8483,103.0784,109.8098,105.0795
2015-12-11,GLD,stock,101.91,103.32,101.85,103.11,6798161,2015-12-11,2015-12-11,46.5480,103.2140,109.8904,105.2137
2015-12-10,GLD,stock,102.51,102.825,102.34,102.55,3853545,2015-12-10,2015-12-10,43.4390,103.2249,109.9586,105.2996
2015-12-09,GLD,stock,103.63,103.66,102.32,102.64,6026283,2015-12-09,2015-12-09,43.8193,103.2960,110.0330,105.4118
2015-12-08,GLD,stock,103.13,103.26,102.53,102.84,3412291,2015-12-08,2015-12-08,44.6256,103.3650,110.1073,105.5250
2015-12-07,GLD,stock,103.32,103.37,102.5,102.67,4393461,2015-12-07,2015-12-07,43.8096,103.4203,110.1804,105.6346
2015-12-04,GLD,stock,102.74,104.21,102.65,104.02,10670249,2015-12-04,2015-12-04,49.1511,103.4993,110.2559,105.7556
2015-12-03,GLD,stock,101.23,101.97,100.845,101.76,6499935,2015-12-03,2015-12-03,37.2596,103.4444,110.3185,105.8264
2015-12-02,GLD,stock,101.35,101.35,100.53,100.69,10223492,2015-12-02,2015-12-02,30.0700,103.6217,110.4045,105.9924
2015-12-01,GLD,stock,102.3,102.43,101.81,102.28,4645916,2015-12-01,2015-12-01,35.7177,103.9304,110.5022,106.2088
2015-11-30,GLD,stock,101.53,102.38,101.52,101.92,6772983,2015-11-30,2015-11-30,33.0750,104.1041,110.5848,106.3692
2015-11-27,GLD,stock,101.01,101.62,100.99,101.25,4993553,2015-11-27,2015-11-27,27.9565,104.3340,110.6719,106.5508
2015-11-25,GLD,stock,102.47,102.69,102.21,102.46,2931291,2015-11-25,2015-11-25,32.0697,104.6586,110.7666,106.7671
2015-11-24,GLD,stock,103.12,103.25,102.69,102.94,3479620,2015-11-24,2015-11-24,33.9073,104.8900,110.8501,106.9429
2015-11-23,GLD,stock,102.48,102.75,102.16,102.26,4042473,2015-11-23,2015-11-23,28.5192,105.0953,110.9296,107.1063
2015-11-20,GLD,stock,103.58,103.66,102.97,103.09,5971643,2015-11-20,2015-11-20,31.4226,105.3938,111.0167,107.3041
2015-11-19,GLD,stock,103.07,104.09,103.07,103.56,5087639,2015-11-19,2015-11-19,33.1998,105.6363,111.0964,107.4761
2015-11-18,GLD,stock,102.39,102.95,102.04,102.43,5043766,2015-11-18,2015-11-18,23.5462,105.8548,111.1721,107.6360
2015-11-17,GLD,stock,103.38,103.3999,101.98,102.34,8593070,2015-11-17,2015-11-17,22.7203,106.2153,111.2600,107.8485
2015-11-16,GLD,stock,103.98,104.03,103.515,103.71,2951244,2015-11-16,2015-11-16,26.8150,106.6232,111.3496,108.0733
2015-11-13,GLD,stock,103.54,103.74,103.45,103.56,3224207,2015-11-13,2015-11-13,25.4490,106.9299,111.4264,108.2514
2015-11-12,GLD,stock,103.09,104.32,103.04,103.85,6300546,2015-11-12,2015-11-12,26.3314,107.2846,111.5055,108.4429
2015-11-11,GLD,stock,104.09,104.23,103.78,103.83,3527590,2015-11-11,2015-11-11,26.1674,107.6462,111.5824,108.6303
2015-11-10,GLD,stock,104.09,104.65,103.87,104.18,4450764,2015-11-10,2015-11-10,27.1491,108.0479,111.6603,108.8263
2015-11-09,GLD,stock,104.29,104.58,104.19,104.4,4129199,2015-11-09,2015-11-09,27.7569,108.4550,111.7355,109.0159
2015-11-06,GLD,stock,104.17,104.42,104.02,104.1,8831874,2015-11-06,2015-11-06,25.6493,108.8819,111.8092,109.2043
2015-11-05,GLD,stock,106.01,106.1,105.58,105.64,5931124,2015-11-05,2015-11-05,29.7924,109.3852,111.8867,109.4127
2015-11-04,GLD,stock,107.02,107.09,105.92,105.97,7617813,2015-11-04,2015-11-04,30.7817,109.7794,111.9495,109.5667
2015-11-03,GLD,stock,107.79,107.8094,106.68,106.98,7145264,2015-11-03,2015-11-03,33.9896,110.1804,112.0096,109.7135
2015-11-02,GLD,stock,108.64,108.84,108.46,108.59,5843311,2015-11-02,2015-11-02,40.1889,110.5173,112.0601,109.8250
2015-10-30,GLD,stock,109.5,109.58,109.06,109.3,5543162,2015-10-30,2015-10-30,43.4328,110.7202,112.0950,109.8754
2015-10-29,GLD,stock,110.23,110.6,109.66,109.72,5150835,2015-10-29,2015-10-29,45.4479,110.8697,112.1231,109.8989
2015-10-28,GLD,stock,112.68,113.25,110.31,110.78,8201197,2015-10-28,2015-10-28,50.9920,110.9907,112.1472,109.9062
2015-10-27,GLD,stock,111.31,111.81,111.29,111.68,2646105,2015-10-27,2015-10-27,56.4182,111.0129,112.1610,109.8706
2015-10-26,GLD,stock,111.73,111.98,111.33,111.43,2573512,2015-10-26,2015-10-26,55.1883,110.9427,112.1658,109.7967
2015-10-23,GLD,stock,111.81,111.84,110.9601,111.5,4868351,2015-10-23,2015-10-23,55.5962,110.8914,112.1732,109.7300
2015-10-22,GLD,stock,111.52,112.21,111.43,111.69,3436365,2015-10-22,2015-10-22,56.6517,110.8273,112.1800,109.6578
2015-10-21,GLD,stock,112.37,112.37,111.41,111.73,3908787,2015-10-21,2015-10-21,56.8627,110.7365,112.1849,109.5748
2015-10-20,GLD,stock,112.38,113.09,112.38,112.73,4903225,2015-10-20,2015-10-20,62.2455,110.6319,112.1895,109.4869
2015-10-19,GLD,stock,112.64,112.69,111.89,112.02,3959383,2015-10-19,2015-10-19,59.7324,110.4111,112.1840,109.3545
2015-10-16,GLD,stock,113.24,113.44,112.43,112.49,7328038,2015-10-16,2015-10-16,62.2806,110.2417,112.1857,109.2457
2015-10-15,GLD,stock,113.2,113.99,112.94,113.29,14083929,2015-10-15,2015-10-15,66.7837,110.0051,112.1826,109.1133
2015-10-14,GLD,stock,112.63,113.95,112.3,113.81,10207765,2015-10-14,2015-10-14,69.8312,109.6593,112.1715,108.9428
2015-10-13,GLD,stock,111.36,111.87,111.28,111.86,5149627,2015-10-13,2015-10-13,64.1319,109.2224,112.1550,108.7442
2015-10-12,GLD,stock,111.67,111.7324,111.01,111.31,6257945,2015-10-12,2015-10-12,62.2649,108.9447,112.1580,108.6170
2015-10-09,GLD,stock,110.54,111.05,110.23,110.87,7907263,2015-10-09,2015-10-09,60.7470,108.6958,112.1665,108.5071
2015-10-08,GLD,stock,109.16,110.27,109.06,109.14,5038194,2015-10-08,2015-10-08,53.9904,108.4669,112.1795,108.4106
2015-10-07,GLD,stock,109.75,110.14,109.34,109.7,5355489,2015-10-07,2015-10-07,56.9362,108.3960,112.2101,108.3808
2015-10-06,GLD,stock,109.8,110.26,109.63,109.86,7513898,2015-10-06,2015-10-06,57.7725,108.2588,112.2353,108.3270
2015-10-05,GLD,stock,109.14,109.38,108.46,108.77,5490200,2015-10-05,2015-10-05,53.4469,108.0902,112.2592,108.2644
2015-10-02,GLD,stock,108.54,109.3199,108.54,108.99,7730647,2015-10-02,2015-10-02,54.4931,108.0187,112.2943,108.2438
2015-10-01,GLD,stock,106.98,107.21,106.63,106.73,4278592,2015-10-01,2015-10-01,44.0457,107.9164,112.3275,108.2133
2015-09-30,GLD,stock,106.78,107.075,106.47,106.86,7405576,2015-09-30,2015-09-30,44.5925,108.0413,112.3837,108.2739
2015-09-29,GLD,stock,108.24,108.69,107.88,107.98,4043592,2015-09-29,2015-09-29,49.5097,108.1657,112.4392,108.3316
2015-09-28,GLD,stock,108.37,108.91,108.27,108.42,3809622,2015-09-28,2015-09-28,51.5848,108.1852,112.4840,108.3459
2015-09-25,GLD,stock,109.87,110.03,109.55,109.81,5209493,2015-09-25,2015-09-25,58.8161,108.1605,112.5249,108.3429
2015-09-24,GLD,stock,109.67,110.82,109.63,110.49,11024343,2015-09-24,2015-09-24,62.8162,107.9869,112.5522,108.2830
2015-09-23,GLD,stock,108.54,108.64,108.2,108.22,2744177,2015-09-23,2015-09-23,52.8830,107.7234,112.5729,108.1930
2015-09-22,GLD,stock,107.58,107.96,107.44,107.79,5483262,2015-09-22,2015-09-22,50.5599,107.6711,112.6166,108.1919
2015-09-21,GLD,stock,108.49,108.66,108.328,108.53,4104752,2015-09-21,2015-09-21,54.8842,107.6586,112.6652,108.2083
2015-09-18,GLD,stock,109.1,109.38,108.82,109.21,6794284,2015-09-18,2015-09-18,59.2050,107.5668,112.7067,108.1951
2015-09-17,GLD,stock,107.07,108.58,106.96,108.41,8403849,2015-09-17,2015-09-17,55.3664,107.3939,112.7419,108.1537
2015-09-16,GLD,stock,106.6,107.709,106.56,107.31,5315633,2015-09-16,2015-09-16,49.2720,107.2869,112.7854,108.1432
2015-09-15,GLD,stock,105.83,106.06,105.68,105.9,2904958,2015-09-15,2015-09-15,39.4276,107.2845,112.8404,108.1772
2015-09-14,GLD,stock,105.86,106.39,105.78,106.22,2350848,2015-09-14,2015-09-14,41.1088,107.4302,112.9102,108.2702
2015-09-11,GLD,stock,105.65,106.2,105.27,106.16,4023894,2015-09-11,2015-09-11,40.6683,107.5576,112.9774,108.3539
2015-09-10,GLD,stock,106.61,106.698,106.18,106.38,6203955,2015-09-10,2015-09-10,41.7310,107.7047,113.0459,108.4434
2015-09-09,GLD,stock,106.64,106.71,105.48,106.13,8855138,2015-09-09,2015-09-09,40.0788,107.8442,113.1129,108.5276
2015-09-08,GLD,stock,107.6,107.94,107.31,107.52,5982061,2015-09-08,2015-09-08,46.9524,108.0246,113.1831,108.6255
2015-09-04,GLD,stock,107.14,107.56,107.07,107.49,4025022,2015-09-04,2015-09-04,46.7695,108.0778,113.2400,108.6706
2015-09-03,GLD,stock,107.77,108.32,107.56,107.84,3913100,2015-09-03,2015-09-03,48.5848,108.1396,113.2978,108.7188
2015-09-02,GLD,stock,109.01,109.34,108.46,108.62,4115731,2015-09-02,2015-09-02,52.8281,108.1712,113.3527,108.7547
2015-09-01,GLD,stock,109.63,109.77,108.94,109.2,7077848,2015-09-01,2015-09-01,56.2182,108.1239,113.4002,108.7602
2015-08-31,GLD,stock,108.19,108.92,108.03,108.82,4532081,2015-08-31,2015-08-31,54.4395,108.0106,113.4424,108.7422
2015-08-28,GLD,stock,108.17,109.3,108.12,108.7,7558923,2015-08-28,2015-08-28,53.8901,107.9255,113.4889,108.7391
2015-08-27,GLD,stock,107.39,108.04,107.11,107.73,8102071,2015-08-27,2015-08-27,49.3020,107.8439,113.5370,108.7407
2015-08-26,GLD,stock,107.72,108.06,107.08,107.67,10856643,2015-08-26,2015-08-26,49.0105,107.8559,113.5954,108.7819
2015-08-25,GLD,stock,110.01,110.05,108.72,109.16,9974186,2015-08-25,2015-08-25,56.4996,107.8755,113.6549,108.8273
2015-08-24,GLD,stock,111.54,112.12,109.77,110.53,18388730,2015-08-24,2015-08-24,64.9766,107.7403,113.7001,108.8137
2015-08-21,GLD,stock,110.93,111.33,110.12,111.13,13917638,2015-08-21,2015-08-21,69.1989,107.4466,113.7320,108.7437
2015-08-20,GLD,stock,109.81,110.61,109.7,110.44,12549017,2015-08-20,2015-08-20,66.9022,107.0589,113.7581,108.6463
2015-08-19,GLD,stock,107.63,108.67,107.63,108.55,7034568,2015-08-19,2015-08-19,59.1560,106.7030,113.7915,108.5730
2015-08-18,GLD,stock,106.67,107.33,106.31,107.11,4121839,2015-08-18,2015-08-18,51.0511,106.5086,113.8442,108.5740
2015-08-17,GLD,stock,107.37,107.51,107,107.13,5769080,2015-08-17,2015-08-17,51.1821,106.4452,113.9118,108.6337
2015-08-14,GLD,stock,107.07,107.41,106.543,106.85,3509238,2015-08-14,2015-08-14,49.4976,106.3732,113.9800,108.6951
2015-08-13,GLD,stock,106.95,107.18,106.71,106.86,4761682,2015-08-13,2015-08-13,49.5543,106.3230,114.0517,108.7704
2015-08-12,GLD,stock,106.99,107.91,106.93,107.75,10022547,2015-08-12,2015-08-12,54.7367,106.2664,114.1239,108.8484
2015-08-11,GLD,stock,106.49,106.63,105.77,106.26,4060892,2015-08-11,2015-08-11,45.9492,106.1103,114.1880,108.8932
2015-08-10,GLD,stock,105.03,106.27,104.9172,105.72,5892602,2015-08-10,2015-08-10,42.1710,106.0945,114.2677,109.0007
2015-08-07,GLD,stock,104.56,105.38,104.55,104.65,4400915,2015-08-07,2015-08-07,33.6356,106.1339,114.3536,109.1346
2015-08-06,GLD,stock,104.15,104.86,104.14,104.39,3908124,2015-08-06,2015-08-06,31.3494,106.2902,114.4511,109.3177
2015-08-05,GLD,stock,104.42,104.5038,103.78,103.93,5041015,2015-08-05,2015-08-05,27.2309,106.4902,114.5522,109.5188
2015-08-04,GLD,stock,104.56,104.75,103.95,104.31,3241016,2015-08-04,2015-08-04,28.5445,106.7597,114.6590,109.7469
2015-08-03,GLD,stock,104.59,104.82,104.05,104.1,3528596,2015-08-03,2015-08-03,26.7307,107.0175,114.7630,109.9688
2015-07-31,GLD,stock,105.41,105.75,104.69,104.93,6689175,2015-07-31,2015-07-31,29.4766,107.3246,114.8701,110.2084
2015-07-30,GLD,stock,104.03,104.97,103.86,104.27,6651960,2015-07-30,2015-07-30,23.6884,107.5767,114.9700,110.4238
2015-07-29,GLD,stock,104.93,105.63,104.49,105.17,5616909,2015-07-29,2015-07-29,26.4358,107.9248,115.0776,110.6750
2015-07-28,GLD,stock,105.09,105.33,104.83,105.02,5549222,2015-07-28,2015-07-28,25.0912,108.2147,115.1772,110.8997
2015-07-27,GLD,stock,104.94,105.68,104.66,104.86,10690142,2015-07-27,2015-07-27,23.7101,108.5510,115.2792,111.1397
2015-07-24,GLD,stock,103.61,105.59,103.431,105.35,11572679,2015-07-24,2015-07-24,25.0221,108.9396,115.3840,111.3960
2015-07-23,GLD,stock,104.98,105.3,104.2,104.33,5779289,2015-07-23,2015-07-23,16.0426,109.3174,115.4848,111.6428
2015-07-22,GLD,stock,104.39,105.09,104.18,104.8,8349201,2015-07-22,2015-07-22,16.9091,109.8424,115.5969,111.9412
2015-07-21,GLD,stock,105.81,106.32,105.25,105.37,10519791,2015-07-21,2015-07-21,18.0041,110.3732,115.7054,112.2327
2015-07-20,GLD,stock,106.6,106.65,105.62,105.7,15751735,2015-07-20,2015-07-20,18.6536,110.8998,115.8093,112.5128
2015-07-17,GLD,stock,109.11,109.16,108.4,108.65,14858273,2015-07-17,2015-07-17,26.6260,111.4472,115.9109,112.7909
2015-07-16,GLD,stock,109.67,110.01,109.6,109.76,4629683,2015-07-16,2015-07-16,31.3001,111.7416,115.9839,112.9599
2015-07-15,GLD,stock,110,110.1914,109.58,110.16,9286201,2015-07-15,2015-07-15,33.2534,111.9502,116.0464,113.0905
2015-07-14,GLD,stock,111,111.075,110.63,110.74,2600955,2015-07-14,2015-07-14,36.3038,112.1387,116.1056,113.2101
2015-07-13,GLD,stock,110.43,111.14,110.36,110.99,4279310,2015-07-13,2015-07-13,37.6876,112.2859,116.1595,113.3110
2015-07-10,GLD,stock,111.18,111.71,111.03,111.49,3594918,2015-07-10,2015-07-10,40.5586,112.4223,116.2115,113.4057
2015-07-09,GLD,stock,111.8,111.93,111.15,111.36,3802857,2015-07-09,2015-07-09,39.4449,112.5204,116.2589,113.4839
2015-07-08,GLD,stock,111.38,111.65,111.08,111.09,5694941,2015-07-08,2015-07-08,37.1747,112.6426,116.3081,113.5706
2015-07-07,GLD,stock,111.08,111.14,110.05,110.76,9073403,2015-07-07,2015-07-07,34.3829,112.8060,116.3606,113.6718
2015-07-06,GLD,stock,111.71,112.58,111.63,112.06,4259775,2015-07-06,2015-07-06,41.0568,113.0214,116.4169,113.7907
2015-07-02,GLD,stock,111.66,111.839,111.41,111.76,3838553,2015-07-02,2015-07-02,38.4987,113.1226,116.4607,113.8613
2015-07-01,GLD,stock,112.12,112.51,111.94,111.98,4409026,2015-07-01,2015-07-01,39.6711,113.2660,116.5079,113.9471
2015-06-30,GLD,stock,112.24,113.05,111.84,112.37,7897042,2015-06-30,2015-06-30,41.7647,113.4014,116.5534,114.0274
2015-06-29,GLD,stock,112.81,113.23,112.53,113.07,5820226,2015-06-29,2015-06-29,45.7924,113.5099,116.5955,114.0950
2015-06-26,GLD,stock,112.2,112.68,112.13,112.56,4392589,2015-06-26,2015-06-26,42.0089,113.5562,116.6309,114.1368
2015-06-25,GLD,stock,112.43,112.71,112.32,112.44,2904711,2015-06-25,2015-06-25,41.1108,113.6611,116.6718,114.2012
2015-06-24,GLD,stock,112.48,112.74,112.31,112.59,2975539,2015-06-24,2015-06-24,41.8633,113.7896,116.7143,114.2731
2015-06-23,GLD,stock,112.96,113.17,112.79,112.89,4522797,2015-06-23,2015-06-23,43.3365,113.9159,116.7558,114.3418
2015-06-22,GLD,stock,113.79,113.94,113.34,113.64,5763662,2015-06-22,2015-06-22,47.1915,114.0239,116.7946,114.4010
2015-06-19,GLD,stock,115.34,115.46,114.95,115.12,4611647,2015-06-19,2015-06-19,56.3817,114.0643,116.8263,114.4321
2015-06-18,GLD,stock,115.19,115.61,114.89,115.32,8041255,2015-06-18,2015-06-18,57.7940,113.9532,116.8435,114.4040
2015-06-17,GLD,stock,113.07,114.04,112.63,113.85,6455983,2015-06-17,2015-06-17,49.0906,113.8093,116.8588,114.3666
2015-06-16,GLD,stock,113.08,113.45,112.789,113.32,4033268,2015-06-16,2015-06-16,45.3152,113.8050,116.8890,114.3877
2015-06-15,GLD,stock,113.28,114.15,113.21,113.73,5055086,2015-06-15,2015-06-15,47.8650,113.8561,116.9249,114.4313
2015-06-12,GLD,stock,113.06,113.499,112.96,113.23,2998483,2015-06-12,2015-06-12,44.3170,113.8694,116.9570,114.4599
2015-06-11,GLD,stock,113.27,113.41,112.92,113.26,4434731,2015-06-11,2015-06-11,44.4856,113.9367,116.9945,114.5101
2015-06-10,GLD,stock,114.14,114.14,113.69,113.78,5452863,2015-06-10,2015-06-10,47.3886,114.0079,117.0320,114.5612
2015-06-09,GLD,stock,113.15,113.23,112.71,112.82,3529924,2015-06-09,2015-06-09,40.7618,114.0319,117.0647,114.5930
2015-06-08,GLD,stock,112.39,112.6599,112.13,112.57,3122078,2015-06-08,2015-06-08,38.9008,114.1594,117.1074,114.6654
2015-06-05,GLD,stock,111.6,112.39,111.5668,112.24,5561283,2015-06-05,2015-06-05,36.4539,114.3267,117.1530,114.7509
2015-06-04,GLD,stock,112.98,113.1497,112.48,112.84,5566618,2015-06-04,2015-06-04,39.0974,114.5464,117.2023,114.8534
2015-06-03,GLD,stock,114.13,114.37,113.08,113.64,4886054,2015-06-03,2015-06-03,42.9540,114.7260,117.2462,114.9356
2015-06-02,GLD,stock,114.36,114.645,114.17,114.46,3988639,2015-06-02,2015-06-02,47.4045,114.8403,117.2824,114.9885
2015-06-01,GLD,stock,115.02,115.5,113.9,114,8254034,2015-06-01,2015-06-01,44.4039,114.8804,117.3108,115.0101
2015-05-29,GLD,stock,114.14,114.48,114,114.1,3407489,2015-05-29,2015-05-29,44.9212,114.9731,117.3441,115.0513
2015-05-28,GLD,stock,113.85,114.16,113.21,114.02,5266016,2015-05-28,2015-05-28,44.4403,115.0650,117.3767,115.0901
2015-05-27,GLD,stock,113.78,114.0149,113.63,113.89,2681069,2015-05-27,2015-05-27,43.6986,115.1750,117.4104,115.1338
2015-05-26,GLD,stock,113.84,114.23,113.7,113.91,5769580,2015-05-26,2015-05-26,43.7821,115.3102,117.4458,115.1846
2015-05-22,GLD,stock,115.51,115.93,115.32,115.6,1780191,2015-05-22,2015-05-22,51.5036,115.4576,117.4813,115.2366
2015-05-21,GLD,stock,115.53,116,115.47,115.69,2514693,2015-05-21,2015-05-21,51.9567,115.4426,117.5002,115.2218
2015-05-20,GLD,stock,116.03,116.38,115.76,116.08,4432556,2015-05-20,2015-05-20,53.8636,115.4166,117.5184,115.2026
2015-05-19,GLD,stock,116.55,116.73,115.65,115.89,5052147,2015-05-19,2015-05-19,53.0846,115.3467,117.5329,115.1668
2015-05-18,GLD,stock,117.78,117.88,117.27,117.52,5079850,2015-05-18,2015-05-18,61.3334,115.2895,117.5494,115.1373
2015-05-15,GLD,stock,116.8,117.63,116.68,117.53,4447333,2015-05-15,2015-05-15,61.3878,115.0548,117.5497,115.0401
2015-05-14,GLD,stock,117.28,117.75,117.03,117.18,6923017,2015-05-14,2015-05-14,60.2430,114.7942,117.5499,114.9384
2015-05-13,GLD,stock,115.74,116.93,115.68,116.55,11768224,2015-05-13,2015-05-13,58.1701,114.5431,117.5536,114.8469
2015-05-12,GLD,stock,114.1,114.67,114.0648,114.5,3256715,2015-05-12,2015-05-12,50.3477,114.3318,117.5637,114.7774
2015-05-11,GLD,stock,114.09,114.31,113.08,113.53,2916745,2015-05-11,2015-05-11,45.9029,114.3141,117.5945,114.7888
2015-05-08,GLD,stock,114.34,114.43,113.59,113.97,9964072,2015-05-08,2015-05-08,47.7016,114.3967,117.6353,114.8401
2015-05-07,GLD,stock,113.84,114.01,113.32,113.42,5455090,2015-05-07,2015-05-07,45.2096,114.4416,117.6722,114.8757
2015-05-06,GLD,stock,114.59,114.75,114.02,114.36,3280733,2015-05-06,2015-05-06,48.9080,114.5491,117.7149,114.9351
2015-05-05,GLD,stock,114.89,115.11,114.39,114.42,3856520,2015-05-05,2015-05-05,49.1463,114.5690,117.7486,114.9585
2015-05-04,GLD,stock,114.18,114.44,113.88,114.1,3648052,2015-05-04,2015-05-04,47.8889,114.5847,117.7821,114.9805
2015-05-01,GLD,stock,112.42,113.3089,112.28,113.08,7597006,2015-05-01,2015-05-01,43.7741,114.6357,117.8191,115.0165
2015-04-30,GLD,stock,113.88,113.88,112.96,113.47,9440253,2015-04-30,2015-04-30,45.0367,114.7995,117.8667,115.0955
2015-04-29,GLD,stock,116.06,116.39,115.28,115.51,7170477,2015-04-29,2015-04-29,52.3741,114.9394,117.9109,115.1618
2015-04-28,GLD,stock,115.36,116.62,115.34,116.33,8054361,2015-04-28,2015-04-28,55.7652,114.8794,117.9350,115.1476
2015-04-27,GLD,stock,113.87,115.82,113.67,115.33,7487557,2015-04-27,2015-04-27,52.2653,114.7267,117.9511,115.0994
2015-04-24,GLD,stock,113.96,114.07,112.77,113.05,7152913,2015-04-24,2015-04-24,42.6602,114.6631,117.9775,115.0900
2015-04-23,GLD,stock,113.9,114.96,113.81,114.66,3459495,2015-04-23,2015-04-23,49.1442,114.8329,118.0270,115.1732
2015-04-22,GLD,stock,114.83,114.96,113.77,113.83,5695960,2015-04-22,2015-04-22,45.1536,114.8512,118.0609,115.1942
2015-04-21,GLD,stock,114.72,115.56,114.65,115.38,3317715,2015-04-21,2015-04-21,52.2654,114.9586,118.1034,115.2499
2015-04-20,GLD,stock,114.82,114.95,114.3162,114.72,3932756,2015-04-20,2015-04-20,49.0953,114.9143,118.1307,115.2445
2015-04-17,GLD,stock,115.38,115.79,115.23,115.6,3496313,2015-04-17,2015-04-17,53.4938,114.9347,118.1650,115.2659
2015-04-16,GLD,stock,115.55,115.66,114.64,115.03,3132336,2015-04-16,2015-04-16,50.8451,114.8647,118.1908,115.2523
2015-04-15,GLD,stock,114.8,115.6,114.47,115.43,3655950,2015-04-15,2015-04-15,52.8048,114.8473,118.2226,115.2614
2015-04-14,GLD,stock,114.69,115.07,114.39,114.44,3651459,2015-04-14,2015-04-14,48.2179,114.7860,118.2506,115.2545
2015-04-13,GLD,stock,115.35,115.3899,114.8,115.14,3190149,2015-04-13,2015-04-13,51.5045,114.8224,118.2889,115.2878
2015-04-10,GLD,stock,116,116.19,115.5,115.966,3932404,2015-04-10,2015-04-10,55.6615,114.7890,118.3206,115.2938
2015-04-09,GLD,stock,114.8,114.85,114.48,114.67,4707044,2015-04-09,2015-04-09,49.7528,114.6651,118.3442,115.2663
2015-04-08,GLD,stock,115.98,116.03,114.9,115.47,5568527,2015-04-08,2015-04-08,53.8675,114.6645,118.3812,115.2907
2015-04-07,GLD,stock,116.27,116.51,115.94,116.11,2468498,2015-04-07,2015-04-07,57.3936,114.5798,118.4104,115.2834
2015-04-06,GLD,stock,117.32,117.47,116.52,116.69,5914163,2015-04-06,2015-04-06,60.7394,114.4187,118.4336,115.2496
2015-04-02,GLD,stock,115.47,115.72,114.68,115.28,3884072,2015-04-02,2015-04-02,54.7900,114.1796,118.4511,115.1908
2015-04-01,GLD,stock,114.56,115.99,114.54,115.6,7324008,2015-04-01,2015-04-01,56.5974,114.0638,118.4829,115.1872
2015-03-31,GLD,stock,113.84,114.28,113.4065,113.66,4383314,2015-03-31,2015-03-31,46.6991,113.9021,118.5119,115.1703
2015-03-30,GLD,stock,113.9,114.01,113.54,113.75,4383858,2015-03-30,2015-03-30,47.1624,113.9275,118.5607,115.2320
2015-03-27,GLD,stock,115.14,115.36,114.45,115.06,4921741,2015-03-27,2015-03-27,54.4664,113.9462,118.6090,115.2925
2015-03-26,GLD,stock,115.73,115.84,115.34,115.48,5495161,2015-03-26,2015-03-26,57.0990,113.8290,118.6447,115.3020
2015-03-25,GLD,stock,115.11,115.14,114.65,114.73,3021437,2015-03-25,2015-03-25,53.3611,113.6552,118.6765,115.2947
2015-03-24,GLD,stock,114.35,114.6499,113.82,114.57,2979338,2015-03-24,2015-03-24,52.5419,113.5420,118.7162,115.3178
2015-03-23,GLD,stock,113.7,114.3701,113.4899,114.29,4240258,2015-03-23,2015-03-23,51.1477,113.4338,118.7578,115.3483
2015-03-20,GLD,stock,112.71,114,112.67,113.57,8033444,2015-03-20,2015-03-20,47.4622,113.3437,118.8027,115.3915
2015-03-19,GLD,stock,111.85,112.58,111.58,112.29,6537743,2015-03-19,2015-03-19,39.9885,113.3199,118.8553,115.4658
2015-03-18,GLD,stock,110.33,112.87,110.09,112.37,12448040,2015-03-18,2015-03-18,40.3214,113.4283,118.9213,115.5954
2015-03-17,GLD,stock,109.92,111.35,109.77,110.21,8923264,2015-03-17,2015-03-17,24.5807,113.5397,118.9872,115.7271
2015-03-16,GLD,stock,111.09,111.205,110.42,110.81,3265305,2015-03-16,2015-03-16,26.3751,113.8902,119.0754,115.9523
2015-03-13,GLD,stock,111.1,111.28,110.51,110.88,4557576,2015-03-13,2015-03-13,26.5854,114.2144,119.1584,116.1622
2015-03-12,GLD,stock,111.15,111.2,110.25,110.72,6631459,2015-03-12,2015-03-12,25.3219,114.5654,119.2416,116.3778
2015-03-11,GLD,stock,111.23,111.25,110.16,110.75,6550445,2015-03-11,2015-03-11,25.3980,114.9702,119.3273,116.6087
2015-03-10,GLD,stock,112.09,112.35,111.22,111.42,7019781,2015-03-10,2015-03-10,27.0862,115.4144,119.4135,116.8478
2015-03-09,GLD,stock,112.42,112.62,111.95,111.97,5534011,2015-03-09,2015-03-09,28.5317,115.8349,119.4938,117.0694
2015-03-06,GLD,stock,113.17,113.26,111.7,111.86,11190846,2015-03-06,2015-03-06,27.8163,116.2417,119.5694,117.2775
2015-03-05,GLD,stock,115.43,116.12,114.84,115,5872197,2015-03-05,2015-03-05,37.8632,116.7030,119.6469,117.4986
2015-03-04,GLD,stock,115.7,115.79,115.02,115.11,4762403,2015-03-04,2015-03-04,38.3134,116.8822,119.6936,117.6006
2015-03-03,GLD,stock,116.04,116.61,115.35,115.47,4738347,2015-03-03,2015-03-03,39.7496,117.0688,119.7397,117.7023
2015-03-02,GLD,stock,116.5,116.64,115.62,115.68,7993280,2015-03-02,2015-03-02,40.5734,117.2371,119.7826,117.7934
2015-02-27,GLD,stock,116.74,117.07,116.16,116.16,8255636,2015-02-27,2015-02-27,42.4402,117.4010,119.8238,117.8796
2015-02-26,GLD,stock,116.54,116.55,115.83,116.07,4025356,2015-02-26,2015-02-26,41.9754,117.5316,119.8607,117.9498
2015-02-25,GLD,stock,115.83,115.89,115.33,115.7,5032535,2015-02-25,2015-02-25,40.1297,117.6855,119.8988,118.0266
2015-02-24,GLD,stock,115,115.55,114.29,115.26,7612919,2015-02-24,2015-02-24,37.9502,117.8945,119.9410,118.1215
2015-02-23,GLD,stock,115.11,116.22,115.07,115.43,4812393,2015-02-23,2015-02-23,38.4524,118.1718,119.9880,118.2383
2015-02-20,GLD,stock,116.1,116.455,115.05,115.28,6681734,2015-02-20,2015-02-20,37.7777,118.4604,120.0338,118.3529
2015-02-19,GLD,stock,116.4,116.54,115.74,115.94,6528724,2015-02-19,2015-02-19,39.5489,118.7952,120.0816,118.4784
2015-02-18,GLD,stock,115.99,116.53,114.99,116.34,8336029,2015-02-18,2015-02-18,40.6207,119.0957,120.1232,118.5820
2015-02-17,GLD,stock,116.4,116.54,115.58,116.01,7225154,2015-02-17,2015-02-17,39.3618,119.3858,120.1612,118.6735
2015-02-13,GLD,stock,118.05,118.58,117.79,117.98,4108870,2015-02-13,2015-02-13,44.6037,119.7412,120.2030,118.7822
2015-02-12,GLD,stock,117.68,117.82,117.09,117.34,4344444,2015-02-12,2015-02-12,42.2851,119.9265,120.2253,118.8149
2015-02-11,GLD,stock,118.49,118.57,117,117.07,6784397,2015-02-11,2015-02-11,41.3230,120.1988,120.2543,118.8752
2015-02-10,GLD,stock,118.63,119.06,118.21,118.47,4086321,2015-02-10,2015-02-10,44.9291,120.5282,120.2863,118.9488
2015-02-09,GLD,stock,118.83,119.4,118.77,119.17,5237181,2015-02-09,2015-02-09,46.8264,120.7448,120.3045,118.9684
2015-02-06,GLD,stock,119.15,119.52,117.95,118.64,13206906,2015-02-06,2015-02-06,45.1994,120.9106,120.3160,118.9601
2015-02-05,GLD,stock,120.98,121.83,120.61,121.79,6879945,2015-02-05,2015-02-05,54.3824,121.1496,120.3328,118.9732
2015-02-04,GLD,stock,121.63,122.22,120.92,121.58,5386747,2015-02-04,2015-02-04,53.8014,121.0822,120.3181,118.8582
2015-02-03,GLD,stock,121.74,121.76,120.5648,121.05,8255863,2015-02-03,2015-02-03,52.3799,121.0298,120.3055,118.7471
2015-02-02,GLD,stock,121.84,123.155,121.82,122.42,8885189,2015-02-02,2015-02-02,56.5568,121.0276,120.2980,118.6532
2015-01-30,GLD,stock,121.3,123.55,120.915,123.45,14555862,2015-01-30,2015-01-30,59.8909,120.8811,120.2767,118.4994
2015-01-29,GLD,stock,121.99,122.29,120.26,120.76,11997964,2015-01-29,2015-01-29,53.2002,120.6107,120.2448,118.2973
2015-01-28,GLD,stock,123.52,123.89,122.94,123.42,8470574,2015-01-28,2015-01-28,62.8227,120.5950,120.2396,118.1968
2015-01-27,GLD,stock,123.56,124.64,123.51,124.4,9584838,2015-01-27,2015-01-27,66.9664,120.2976,120.2076,117.9836
2015-01-26,GLD,stock,123.33,123.3447,122.52,122.99,6768646,2015-01-26,2015-01-26,63.7741,119.8657,120.1655,117.7217
2015-01-23,GLD,stock,124.43,124.5,123.35,124.23,6270911,2015-01-23,2015-01-23,69.2381,119.5369,120.1371,117.5067
2015-01-22,GLD,stock,125.07,125.58,124.145,125.23,10518355,2015-01-22,2015-01-22,73.9849,119.0429,120.0960,117.2323
2015-01-21,GLD,stock,125.18,125.34,123.37,124.23,11082739,2015-01-21,2015-01-21,72.2162,118.3916,120.0444,116.9059
2015-01-20,GLD,stock,123.63,124.6,123.49,124.2,14968636,2015-01-20,2015-01-20,72.1634,117.7770,120.0023,116.6069
2015-01-16,GLD,stock,121.73,123.15,121.705,122.52,14428223,2015-01-16,2015-01-16,69.1160,117.1009,119.9601,116.2970
2015-01-15,GLD,stock,120.41,121.695,120.34,120.94,17692548,2015-01-15,2015-01-15,65.8512,116.5305,119.9344,116.0430
2015-01-14,GLD,stock,119.08,119.32,117.9,117.97,7727403,2015-01-14,2015-01-14,58.1245,116.0663,119.9243,115.8431
2015-01-13,GLD,stock,118.96,119.19,117.87,118.16,7693200,2015-01-13,2015-01-13,58.9164,115.8659,119.9439,115.7563
2015-01-12,GLD,stock,117.46,118.71,117.32,118.56,8318211,2015-01-12,2015-01-12,60.5285,115.6245,119.9618,115.6582
2015-01-09,GLD,stock,116.51,117.34,116.5,117.26,7962886,2015-01-09,2015-01-09,56.9757,115.3154,119.9759,115.5397
2015-01-08,GLD,stock,116.45,116.87,115.85,115.94,7033675,2015-01-08,2015-01-08,52.9858,115.1108,120.0032,115.4695
2015-01-07,GLD,stock,116.47,116.88,116.17,116.43,6434196,2015-01-07,2015-01-07,54.7355,115.0235,120.0441,115.4503
2015-01-06,GLD,stock,116.22,117.5,115.8,117.12,11238313,2015-01-06,2015-01-06,57.2055,114.8754,120.0804,115.4103
2015-01-05,GLD,stock,114.78,116,114.73,115.8,8177350,2015-01-05,2015-01-05,53.4760,114.6391,120.1101,115.3406
2015-01-02,GLD,stock,112.49,114.8,112.32,114.08,7109594,2015-01-02,2015-01-02,47.9920,114.5169,120.1535,115.3218
2014-12-31,GLD,stock,114.89,115,113.28,113.58,7624198,2014-12-31,2014-12-31,46.2828,114.5629,120.2145,115.3725
2014-12-30,GLD,stock,114.99,116.26,114.9,115.2,7987311,2014-12-30,2014-12-30,51.3610,114.6664,120.2812,115.4457
2014-12-29,GLD,stock,114.61,114.64,113.23,113.67,12963725,2014-12-29,2014-12-29,46.1824,114.6102,120.3322,115.4557
2014-12-26,GLD,stock,114.82,114.98,114.53,114.83,3765581,2014-12-26,2014-12-26,49.9246,114.7092,120.3992,115.5286
2014-12-24,GLD,stock,112.83,112.92,112.66,112.77,1501552,2014-12-24,2014-12-24,42.2015,114.6965,120.4552,115.5571
2014-12-23,GLD,stock,112.88,113.32,112.61,112.74,7763327,2014-12-23,2014-12-23,42.0807,114.8993,120.5324,115.6708
2014-12-22,GLD,stock,114.81,114.97,112.41,112.55,7483195,2014-12-22,2014-12-22,41.3600,115.1266,120.6107,115.7905
2014-12-19,GLD,stock,115.06,115.22,114.77,114.77,4652333,2014-12-19,2014-12-19,47.8157,115.3978,120.6917,115.9227
2014-12-18,GLD,stock,115.59,115.81,114.58,115.15,5258103,2014-12-18,2014-12-18,49.0322,115.4639,120.7513,115.9698
2014-12-17,GLD,stock,115.1,115.48,113.58,114.27,9097329,2014-12-17,2014-12-17,46.0826,115.4969,120.8076,116.0032
2014-12-16,GLD,stock,116.28,116.5,114.07,114.95,9173964,2014-12-16,2014-12-16,48.0791,115.6261,120.8733,116.0740
2014-12-15,GLD,stock,116.22,116.9698,114.36,114.39,8795987,2014-12-15,2014-12-15,46.3000,115.6972,120.9328,116.1199
2014-12-12,GLD,stock,117.39,117.8,116.68,117.41,4736535,2014-12-12,2014-12-12,55.8901,115.8349,120.9985,116.1905
2014-12-11,GLD,stock,116.98,118.38,116.82,117.69,5214467,2014-12-11,2014-12-11,56.9049,115.6690,121.0346,116.1407
2014-12-10,GLD,stock,118.15,118.47,117.81,117.96,4277427,2014-12-10,2014-12-10,57.8453,115.4563,121.0682,116.0774
2014-12-09,GLD,stock,117.04,118.99,116.98,118.19,10467158,2014-12-09,2014-12-09,58.6115,115.1928,121.0995,116.0006
2014-12-08,GLD,stock,114.97,116.16,114.46,115.78,5224491,2014-12-08,2014-12-08,52.4885,114.8773,121.1287,115.9112
2014-12-05,GLD,stock,115.16,115.18,114.24,114.43,6330980,2014-12-05,2014-12-05,48.5276,114.7822,121.1825,115.9166
2014-12-04,GLD,stock,116.01,116.3399,115.61,115.88,3623615,2014-12-04,2014-12-04,52.9284,114.8193,121.2503,115.9773
2014-12-03,GLD,stock,115.68,116.76,115.56,116.33,5758821,2014-12-03,2014-12-03,54.3487,114.7077,121.3043,115.9812
2014-12-02,GLD,stock,115.13,115.7095,114.72,115.14,6378105,2014-12-02,2014-12-02,51.1283,114.5369,121.3543,115.9670
2014-12-01,GLD,stock,113.8,117.36,113.74,116.58,15643964,2014-12-01,2014-12-01,55.5300,114.4734,121.4167,116.0008
2014-11-28,GLD,stock,113.53,113.83,111.95,112.11,9616332,2014-11-28,2014-11-28,40.8527,114.2517,121.4654,115.9771
2014-11-26,GLD,stock,115.25,115.34,114.98,115.16,3184017,2014-11-26,2014-11-26,51.6544,114.4771,121.5594,116.1350
2014-11-25,GLD,stock,115.1,115.47,114.9,115.38,9051813,2014-11-25,2014-11-25,52.5857,114.4052,121.6237,116.1748
2014-11-24,GLD,stock,115.15,115.3699,114.79,115.11,4695022,2014-11-24,2014-11-24,51.5911,114.3026,121.6864,116.2072
2014-11-21,GLD,stock,115.58,115.96,114.47,115.39,6564258,2014-11-21,2014-11-21,52.6547,114.2176,121.7525,116.2520
2014-11-20,GLD,stock,114.57,115.0156,114.09,114.86,5607779,2014-11-20,2014-11-20,50.8745,114.0942,121.8165,116.2872
2014-11-19,GLD,stock,114.93,115.35,112.88,113.68,11997742,2014-11-19,2014-11-19,46.7341,114.0136,121.8864,116.3454
2014-11-18,GLD,stock,114.86,115.17,114.55,115.05,5586694,2014-11-18,2014-11-18,51.4050,114.0488,121.9689,116.4542
2014-11-17,GLD,stock,113.97,114.27,113.56,114.05,5440990,2014-11-17,2014-11-17,47.8738,113.9434,122.0384,116.5115
2014-11-14,GLD,stock,110.76,114.72,110.6501,114.47,14173586,2014-11-14,2014-11-14,49.2701,113.9321,122.1187,116.6120
2014-11-13,GLD,stock,111.89,112.26,111.22,111.67,4874598,2014-11-13,2014-11-13,38.0926,113.8755,122.1956,116.6994
2014-11-12,GLD,stock,112.05,112.17,111.23,111.5,5133300,2014-11-12,2014-11-12,37.3140,114.1077,122.3014,116.9047
2014-11-11,GLD,stock,111.08,112.76,110.87,112.04,8603165,2014-11-11,2014-11-11,38.7516,114.3822,122.4099,117.1253
2014-11-10,GLD,stock,112.24,112.24,110.28,110.46,8548523,2014-11-10,2014-11-10,31.5904,114.6287,122.5141,117.3329
2014-11-07,GLD,stock,110.78,113.15,110.73,112.97,10916540,2014-11-07,2014-11-07,38.1746,115.0675,122.6353,117.6134
2014-11-06,GLD,stock,109.92,110.49,109.75,109.88,7019854,2014-11-06,2014-11-06,18.8369,115.2883,122.7324,117.8029
2014-11-05,GLD,stock,109.92,110.84,109.67,109.79,13560114,2014-11-05,2014-11-05,18.1445,115.8576,122.8616,118.1263
2014-11-04,GLD,stock,112.12,112.71,112.08,112.22,6430111,2014-11-04,2014-11-04,23.0815,116.4963,122.9930,118.4666
2014-11-03,GLD,stock,112.39,112.68,112,112.15,6605175,2014-11-03,2014-11-03,22.5176,116.9464,123.1012,118.7215
2014-10-31,GLD,stock,111.83,112.88,111.655,112.66,18209615,2014-10-31,2014-10-31,23.6928,117.4513,123.2113,118.9898
2014-10-30,GLD,stock,115.8,115.83,114.94,115.19,7852239,2014-10-30,2014-10-30,31.1915,117.9557,123.3173,119.2481
2014-10-29,GLD,stock,117.65,117.91,116.14,116.41,7900772,2014-10-29,2014-10-29,36.3418,118.2468,123.3990,119.4138
2014-10-28,GLD,stock,118.48,118.48,118.01,118.1,3262626,2014-10-28,2014-10-28,46.1421,118.4401,123.4693,119.5364
2014-10-27,GLD,stock,118.18,118.37,118.01,118.06,2445376,2014-10-27,2014-10-27,45.8210,118.4760,123.5232,119.5950
2014-10-24,GLD,stock,118.62,118.63,118.12,118.35,3611311,2014-10-24,2014-10-24,47.7370,118.5197,123.5781,119.6576
2014-10-23,GLD,stock,118.71,118.82,117.88,118.52,6423205,2014-10-23,2014-10-23,48.8489,118.5376,123.6307,119.7110
2014-10-22,GLD,stock,119.69,119.79,119.25,119.34,3741487,2014-10-22,2014-10-22,54.5387,118.5395,123.6820,119.7596
2014-10-21,GLD,stock,120.27,120.5,119.905,120.02,4568269,2014-10-21,2014-10-21,59.9123,118.4552,123.7257,119.7768
2014-10-20,GLD,stock,119.68,119.86,119.54,119.8,3034916,2014-10-20,2014-10-20,58.6895,118.2905,123.7629,119.7668
2014-10-17,GLD,stock,119.06,119.23,118.42,118.99,8060834,2014-10-17,2014-10-17,53.8799,118.1316,123.8027,119.7655
2014-10-16,GLD,stock,119.02,119.65,118.8799,119.22,6550140,2014-10-16,2014-10-16,55.5863,118.0412,123.8511,119.7971
2014-10-15,GLD,stock,119.23,120.18,118.59,118.99,9460425,2014-10-15,2014-10-15,54.2406,117.9171,123.8977,119.8207
2014-10-14,GLD,stock,118.58,118.82,118.351,118.59,5180665,2014-10-14,2014-10-14,51.8864,117.8042,123.9470,119.8546
2014-10-13,GLD,stock,118.14,118.665,117.93,118.52,5397633,2014-10-13,2014-10-13,51.4808,117.7215,124.0008,119.9062
2014-10-10,GLD,stock,117.7,117.74,117.19,117.59,4653307,2014-10-10,2014-10-10,45.8488,117.6374,124.0559,119.9628
2014-10-09,GLD,stock,117.86,118.26,117.49,117.64,6612637,2014-10-09,2014-10-09,46.1160,117.6424,124.1209,120.0596
2014-10-08,GLD,stock,117.03,117.71,115.85,117.4701,10675551,2014-10-08,2014-10-08,45.1064,117.6427,124.1860,120.1584
2014-10-07,GLD,stock,116.31,116.63,116.09,116.36,5278476,2014-10-07,2014-10-07,38.0661,117.6609,124.2535,120.2681
2014-10-06,GLD,stock,115.16,116.31,114.94,116.03,7647060,2014-10-06,2014-10-06,35.7929,117.7978,124.3329,120.4276
2014-10-03,GLD,stock,115.17,115.51,114.42,114.61,11304593,2014-10-03,2014-10-03,24.7588,117.9839,124.4163,120.6071
2014-10-02,GLD,stock,116.86,117.21,116.33,116.74,6352009,2014-10-02,2014-10-02,32.5502,118.3390,124.5149,120.8519
2014-10-01,GLD,stock,116.61,117.26,116.59,116.77,7024201,2014-10-01,2014-10-01,32.6847,118.5073,124.5930,121.0197
2014-09-30,GLD,stock,116.54,117.35,115.85,116.21,10174560,2014-09-30,2014-09-30,27.4906,118.6902,124.6716,121.1932
2014-09-29,GLD,stock,117.27,117.4,116.8999,117.03,4051047,2014-09-29,2014-09-29,30.7129,118.9513,124.7567,121.3966
2014-09-26,GLD,stock,117.02,117.1,116.58,117.06,4185425,2014-09-26,2014-09-26,30.8356,119.1535,124.8343,121.5748
2014-09-25,GLD,stock,116.3,117.76,116.2,117.39,7640357,2014-09-25,2014-09-25,32.1484,119.3739,124.9124,121.7591
2014-09-24,GLD,stock,117.12,117.719,116.9,117.05,5518416,2014-09-24,2014-09-24,29.2674,119.5827,124.9880,121.9374
2014-09-23,GLD,stock,117.99,117.99,117.31,117.6,4667327,2014-09-23,2014-09-23,31.2613,119.8493,125.0678,122.1369
2014-09-22,GLD,stock,116.72,117.37,116.58,116.85,7602075,2014-09-22,2014-09-22,24.7719,120.0861,125.1429,122.3221
2014-09-19,GLD,stock,117.51,117.57,116.72,117.09,10931243,2014-09-19,2014-09-19,25.4869,120.4267,125.2262,122.5454
2014-09-18,GLD,stock,117.41,118.09,117.19,117.78,5368874,2014-09-18,2014-09-18,27.6146,120.7780,125.3080,122.7681
2014-09-17,GLD,stock,118.95,119.24,117.5,117.54,8328712,2014-09-17,2014-09-17,25.6088,121.0935,125.3837,122.9717
2014-09-16,GLD,stock,118.85,119.43,118.44,118.83,6544481,2014-09-16,2014-09-16,29.7191,121.4676,125.4625,123.1934
2014-09-15,GLD,stock,118.79,118.86,118.46,118.64,4778579,2014-09-15,2014-09-15,28.1417,121.7452,125.5291,123.3715
2014-09-12,GLD,stock,118.63,118.9,118.07,118.38,8129457,2014-09-12,2014-09-12,26.0321,122.0721,125.5984,123.5646
2014-09-11,GLD,stock,119.61,119.7,118.77,119.472,7618266,2014-09-11,2014-09-11,29.3979,122.4607,125.6709,123.7763
2014-09-10,GLD,stock,120.13,120.54,119.64,120.26,7022579,2014-09-10,2014-09-10,32.1864,122.7754,125.7332,123.9519
2014-09-09,GLD,stock,120.57,120.94,120,120.87,6157321,2014-09-09,2014-09-09,34.5415,123.0401,125.7882,124.1026
2014-09-08,GLD,stock,121.58,121.61,120.37,120.73,7508620,2014-09-08,2014-09-08,33.5046,123.2686,125.8377,124.2346
2014-09-05,GLD,stock,121.83,122.06,121.63,122.06,3490704,2014-09-05,2014-09-05,38.9471,123.5358,125.8890,124.3776
2014-09-04,GLD,stock,122.48,122.66,121.25,121.48,7310640,2014-09-04,2014-09-04,34.6484,123.6911,125.9275,124.4722
2014-09-03,GLD,stock,121.7,122.2,121.66,122.15,3415925,2014-09-03,2014-09-03,37.4790,123.9239,125.9722,124.5943
2014-09-02,GLD,stock,121.97,122.08,121.43,121.65,10128581,2014-09-02,2014-09-02,33.7271,124.1106,126.0106,124.6941
2014-08-29,GLD,stock,123.75,124.22,123.62,123.86,3684122,2014-08-29,2014-08-29,44.7484,124.3696,126.0544,124.8184
2014-08-28,GLD,stock,124.15,124.33,123.81,124,3297757,2014-08-28,2014-08-28,45.6255,124.4232,126.0765,124.8575
2014-08-27,GLD,stock,123.6,123.71,123.25,123.3199,2576944,2014-08-27,2014-08-27,40.3521,124.4678,126.0973,124.8925
2014-08-26,GLD,stock,123.92,123.97,123.28,123.35,3891112,2014-08-26,2014-08-26,40.5136,124.5886,126.1253,124.9567
2014-08-25,GLD,stock,122.92,123.04,122.72,122.74,5019903,2014-08-25,2014-08-25,35.6692,124.7190,126.1531,125.0222
2014-08-22,GLD,stock,123.09,123.33,122.57,123.19,4739968,2014-08-22,2014-08-22,37.7766,124.9273,126.1875,125.1154
2014-08-21,GLD,stock,122.72,123.24,122.45,122.88,8010459,2014-08-21,2014-08-21,35.3326,125.1102,126.2176,125.1940
2014-08-20,GLD,stock,124.82,124.82,123.88,124.22,4395911,2014-08-20,2014-08-20,41.9454,125.3450,126.2511,125.2884
2014-08-19,GLD,stock,125,125,124.48,124.68,4878772,2014-08-19,2014-08-19,44.6065,125.4634,126.2715,125.3320
2014-08-18,GLD,stock,124.78,125.08,124.65,124.96,4953347,2014-08-18,2014-08-18,46.2656,125.5458,126.2875,125.3587
2014-08-15,GLD,stock,124.52,126.07,124.41,125.483,13071958,2014-08-15,2014-08-15,49.4559,125.6075,126.3009,125.3749
2014-08-14,GLD,stock,126.24,126.53,126.13,126.31,3348451,2014-08-14,2014-08-14,55.0276,125.6206,126.3091,125.3705
2014-08-13,GLD,stock,126.35,126.53,125.9,126.2,3968495,2014-08-13,2014-08-13,54.3930,125.5480,126.3091,125.3322
2014-08-12,GLD,stock,126.42,126.81,125.87,125.99,4613407,2014-08-12,2014-08-12,53.2229,125.4794,126.3102,125.2967
2014-08-11,GLD,stock,125.84,126.04,125.64,125.96,3165498,2014-08-11,2014-08-11,53.0631,125.4257,126.3134,125.2685
2014-08-08,GLD,stock,126.08,126.41,125.89,126.19,5729316,2014-08-08,2014-08-08,54.3853,125.3694,126.3169,125.2402
2014-08-07,GLD,stock,125.47,126.51,125.37,126.18,7298926,2014-08-07,2014-08-07,54.3394,125.2831,126.3182,125.2015
2014-08-06,GLD,stock,125.71,126,125.52,125.67,9327849,2014-08-06,2014-08-06,52.0529,125.1886,126.3196,125.1615
2014-08-05,GLD,stock,123.74,124.52,123.4,123.87,8342542,2014-08-05,2014-08-05,42.6390,125.1380,126.3261,125.1408
2014-08-04,GLD,stock,124.36,124.47,123.73,123.99,6500560,2014-08-04,2014-08-04,43.1636,125.2714,126.3508,125.1926
2014-08-01,GLD,stock,124.54,124.81,124.23,124.38,7397317,2014-08-01,2014-08-01,44.8281,125.4063,126.3746,125.2417
2014-07-31,GLD,stock,123.85,124.07,123.23,123.39,9898582,2014-07-31,2014-07-31,39.3116,125.5144,126.3946,125.2769
2014-07-30,GLD,stock,124.89,124.93,124.41,124.83,5622346,2014-07-30,2014-07-30,45.4495,125.7380,126.4248,125.3539
2014-07-29,GLD,stock,125.79,125.88,124.72,125.2,5270794,2014-07-29,2014-07-29,47.2081,125.8336,126.4408,125.3753
2014-07-28,GLD,stock,125.44,125.67,125.3,125.58,3213705,2014-07-28,2014-07-28,49.0169,125.9003,126.4533,125.3824
2014-07-25,GLD,stock,124.48,125.93,124.43,125.791,5644498,2014-07-25,2014-07-25,50.0047,125.9340,126.4621,125.3744
2014-07-24,GLD,stock,124.85,124.87,123.9,124.35,8118607,2014-07-24,2014-07-24,42.6788,125.9490,126.4688,125.3574
2014-07-23,GLD,stock,125.72,126.04,125.4,125.62,3045018,2014-07-23,2014-07-23,48.4942,126.1173,126.4901,125.3985
2014-07-22,GLD,stock,126.33,126.4299,125.47,125.74,3887606,2014-07-22,2014-07-22,49.0809,126.1697,126.4989,125.3895
2014-07-21,GLD,stock,126.53,126.55,126.11,126.34,3303835,2014-07-21,2014-07-21,52.0023,126.2149,126.5065,125.3751
2014-07-18,GLD,stock,125.79,126.21,125.6701,126.13,6461677,2014-07-18,2014-07-18,51.0555,126.2017,126.5082,125.3358
2014-07-17,GLD,stock,125.52,127.55,125.11,127.0899,11430637,2014-07-17,2014-07-17,55.7208,126.2093,126.5120,125.3033
2014-07-16,GLD,stock,125.02,125.47,124.78,124.97,4104117,2014-07-16,2014-07-16,45.5100,126.1166,126.5061,125.2304
2014-07-15,GLD,stock,125.89,126.32,124.36,124.53,10548113,2014-07-15,2014-07-15,42.9757,126.2373,126.5216,125.2411
2014-07-14,GLD,stock,125.5,126.1,125.45,125.72,11469917,2014-07-14,2014-07-14,48.6594,126.4170,126.5416,125.2701
2014-07-11,GLD,stock,128.41,128.83,128.38,128.78,4322535,2014-07-11,2014-07-11,71.1175,126.4904,126.5499,125.2517
2014-07-10,GLD,stock,129.11,129.21,128.49,128.54,6314294,2014-07-10,2014-07-10,70.1129,126.2494,126.5274,125.1077
2014-07-09,GLD,stock,127.54,128.26,127.18,127.84,8369851,2014-07-09,2014-07-09,67.0046,126.0083,126.5072,124.9676
2014-07-08,GLD,stock,127.29,127.53,126.43,127.07,6220335,2014-07-08,2014-07-08,63.0830,125.8154,126.4938,124.8504
2014-07-07,GLD,stock,126.63,127.03,126.23,127.02,4636886,2014-07-07,2014-07-07,62.8165,125.6834,126.4880,124.7598
2014-07-03,GLD,stock,126.79,127.29,126.61,127.16,4922466,2014-07-03,2014-07-03,64.0180,125.5427,126.4827,124.6675
2014-07-02,GLD,stock,127.76,128.24,127.64,127.7,5742612,2014-07-02,2014-07-02,68.7259,125.3724,126.4759,124.5658
2014-07-01,GLD,stock,127.99,128.12,127.49,127.7,8148345,2014-07-01,2014-07-01,68.7259,125.1274,126.4636,124.4379
2014-06-30,GLD,stock,126.53,128.04,126.37,128.04,18143018,2014-06-30,2014-06-30,71.5840,124.8566,126.4511,124.3047
2014-06-27,GLD,stock,126.88,127.17,126.65,126.66,4200393,2014-06-27,2014-06-27,66.3025,124.5215,126.4352,124.1522
2014-06-26,GLD,stock,126.53,126.92,126.2,126.73,5531190,2014-06-26,2014-06-26,66.8880,124.2964,126.4329,124.0499
2014-06-25,GLD,stock,126.78,127.55,126.66,126.99,6695428,2014-06-25,2014-06-25,68.9895,124.0403,126.4299,123.9405
2014-06-24,GLD,stock,127.22,127.32,126.73,126.98,6355294,2014-06-24,2014-06-24,68.9546,123.7298,126.4243,123.8160
2014-06-23,GLD,stock,126.65,126.935,126.37,126.85,5142796,2014-06-23,2014-06-23,68.5279,123.3876,126.4187,123.6869
2014-06-20,GLD,stock,126.32,127.07,126.21,126.5,9955149,2014-06-20,2014-06-20,67.4078,123.0232,126.4144,123.5578
2014-06-19,GLD,stock,124.33,127.23,124.32,126.94,24374779,2014-06-19,2014-06-19,70.3297,122.6572,126.4135,123.4377
2014-06-18,GLD,stock,122.22,122.8,122.09,122.67,4604909,2014-06-18,2014-06-18,51.3119,122.2064,126.4082,123.2947
2014-06-17,GLD,stock,121.85,122.5,121.82,122.28,4035098,2014-06-17,2014-06-17,48.5130,122.1576,126.4458,123.3202
2014-06-16,GLD,stock,122.88,123.01,122.302,122.42,5833646,2014-06-16,2014-06-16,49.4608,122.1447,126.4877,123.3627
2014-06-13,GLD,stock,122.57,123.036,122.51,122.96,4026822,2014-06-13,2014-06-13,53.1821,122.1157,126.5286,123.4012
2014-06-12,GLD,stock,121.92,122.75,121.83,122.64,7394697,2014-06-12,2014-06-12,51.1601,122.0268,126.5644,123.4192
2014-06-11,GLD,stock,121.51,121.61,121.18,121.41,3573593,2014-06-11,2014-06-11,42.2596,121.9623,126.6039,123.4510
2014-06-10,GLD,stock,121.29,121.47,121.21,121.39,3561677,2014-06-10,2014-06-10,42.1003,122.0204,126.6561,123.5343
2014-06-09,GLD,stock,120.79,120.85,120.57,120.65,2789577,2014-06-09,2014-06-09,36.0368,122.0868,126.7090,123.6218
2014-06-06,GLD,stock,120.68,120.77,119.94,120.61,4808750,2014-06-06,2014-06-06,35.6988,122.2380,126.7699,123.7431
2014-06-05,GLD,stock,120.55,120.88,120.43,120.66,4183681,2014-06-05,2014-06-05,35.9191,122.4094,126.8318,123.8710
2014-06-04,GLD,stock,120.1,120.16,119.68,119.76,3861805,2014-06-04,2014-06-04,28.5490,122.5936,126.8938,124.0021
2014-06-03,GLD,stock,119.73,120.09,119.42,120.01,5010345,2014-06-03,2014-06-03,29.4219,122.8918,126.9655,124.1752
2014-06-02,GLD,stock,119.93,120.4599,119.61,119.7,5923679,2014-06-02,2014-06-02,26.8467,123.1952,127.0354,124.3452
2014-05-30,GLD,stock,120.76,120.81,119.62,120.43,8753575,2014-05-30,2014-05-30,29.1743,123.5631,127.1091,124.5348
2014-05-29,GLD,stock,120.78,121.46,120.77,120.94,5555563,2014-05-29,2014-05-29,30.9130,123.8929,127.1763,124.7024
2014-05-28,GLD,stock,121.47,121.7,120.92,121.2,6741191,2014-05-28,2014-05-28,31.8105,124.2037,127.2389,124.8559
2014-05-27,GLD,stock,122.98,123.07,121.75,121.85,10905402,2014-05-27,2014-05-27,34.1093,124.5199,127.2996,125.0051
2014-05-23,GLD,stock,124.6,124.661,124.19,124.51,2206288,2014-05-23,2014-05-23,47.0219,124.8010,127.3544,125.1339
2014-05-22,GLD,stock,125.14,125.24,124.535,124.67,3458801,2014-05-22,2014-05-22,48.0376,124.8316,127.3830,125.1594
2014-05-21,GLD,stock,124.25,124.55,123.53,124.39,6848002,2014-05-21,2014-05-21,46.1473,124.8486,127.4103,125.1794
2014-05-20,GLD,stock,124.12,124.91,124.09,124.69,3771117,2014-05-20,2014-05-20,47.8803,124.8969,127.4406,125.2116
2014-05-19,GLD,stock,125.28,125.47,124.48,124.58,3903200,2014-05-19,2014-05-19,47.2052,124.9186,127.4683,125.2329
2014-05-16,GLD,stock,124.35,124.77,124.29,124.5,4052154,2014-05-16,2014-05-16,46.7394,124.9543,127.4973,125.2595
2014-05-15,GLD,stock,124.77,125.51,124.54,124.77,5862519,2014-05-15,2014-05-15,48.0686,125.0021,127.5274,125.2905
2014-05-14,GLD,stock,125.8,125.96,125.44,125.81,4018583,2014-05-14,2014-05-14,53.5116,125.0266,127.5551,125.3118
2014-05-13,GLD,stock,124.79,125.1,124.5,124.6,2643478,2014-05-13,2014-05-13,47.0318,124.9441,127.5727,125.2914
2014-05-12,GLD,stock,125.4,125.42,124.69,124.94,4025958,2014-05-12,2014-05-12,48.8069,124.9803,127.6025,125.3196
2014-05-09,GLD,stock,124.39,124.47,123.82,124.1,3119978,2014-05-09,2014-05-09,43.9543,124.9845,127.6293,125.3351
2014-05-08,GLD,stock,124.19,124.47,123.891,124.17,3696147,2014-05-08,2014-05-08,44.2791,125.0777,127.6648,125.3856
2014-05-07,GLD,stock,125.52,125.57,123.92,124.17,8471166,2014-05-07,2014-05-07,44.2791,125.1732,127.6999,125.4352
2014-05-06,GLD,stock,126.02,126.11,125.63,125.98,3488007,2014-05-06,2014-05-06,53.0125,125.2788,127.7354,125.4868
2014-05-05,GLD,stock,126.47,126.63,126,126.22,5202763,2014-05-05,2014-05-05,54.3319,125.2050,127.7530,125.4667
2014-05-02,GLD,stock,123.69,125.67,123.33,125.06,9914822,2014-05-02,2014-05-02,48.5890,125.0981,127.7684,125.4359
2014-05-01,GLD,stock,123.17,123.83,123.06,123.8,6687796,2014-05-01,2014-05-01,41.1211,125.1022,127.7956,125.4513
2014-04-30,GLD,stock,124.19,125.05,123.82,124.22,10354278,2014-04-30,2014-04-30,43.0570,125.2392,127.8358,125.5187
2014-04-29,GLD,stock,124.95,125.38,124.65,124.86,5241798,2014-04-29,2014-04-29,46.1299,125.3465,127.8721,125.5717
2014-04-28,GLD,stock,125.3,125.34,124.45,124.88,4898101,2014-04-28,2014-04-28,46.2256,125.3977,127.9024,125.6007
2014-04-25,GLD,stock,125.18,125.71,125.07,125.43,7025124,2014-04-25,2014-04-25,48.8123,125.4522,127.9328,125.6302
2014-04-24,GLD,stock,122.87,125.12,122.8404,124.56,8755120,2014-04-24,2014-04-24,44.2283,125.4546,127.9579,125.6383
2014-04-23,GLD,stock,123.7,123.942,123.38,123.76,3741184,2014-04-23,2014-04-23,39.6105,125.5487,127.9921,125.6823
2014-04-22,GLD,stock,124.15,124.16,122.92,123.78,6899367,2014-04-22,2014-04-22,39.6868,125.7370,128.0346,125.7608
2014-04-21,GLD,stock,124.07,124.33,123.76,124.24,6579161,2014-04-21,2014-04-21,41.3891,125.9430,128.0774,125.8416
2014-04-17,GLD,stock,125.38,125.53,124.57,124.75,5902491,2014-04-17,2014-04-17,43.3012,126.1223,128.1159,125.9070
2014-04-16,GLD,stock,125.37,125.57,125.03,125.54,4072028,2014-04-16,2014-04-16,46.3835,126.2667,128.1498,125.9542
2014-04-15,GLD,stock,124.79,125.7,124.6,125.49,9970175,2014-04-15,2014-04-15,46.1583,126.3432,128.1760,125.9712
2014-04-14,GLD,stock,127.8,128.25,127.62,127.85,6680185,2014-04-14,2014-04-14,56.5749,126.4330,128.2030,125.9908
2014-04-11,GLD,stock,127.04,127.31,126.73,126.93,4699538,2014-04-11,2014-04-11,52.7120,126.2839,128.2065,125.9149
2014-04-10,GLD,stock,126.95,127.37,126.82,127.01,5008847,2014-04-10,2014-04-10,53.0933,126.2159,128.2194,125.8735
2014-04-09,GLD,stock,125.46,126.72,125.33,126.32,5307863,2014-04-09,2014-04-09,50.2082,126.1323,128.2315,125.8271
2014-04-08,GLD,stock,126.34,126.34,125.9,126.09,6946163,2014-04-08,2014-04-08,49.2419,126.1125,128.2507,125.8070
2014-04-07,GLD,stock,125.07,125.4725,124.84,124.91,3969823,2014-04-07,2014-04-07,44.0709,126.1149,128.2725,125.7954
2014-04-04,GLD,stock,125.2,125.96,124.86,125.57,7278979,2014-04-04,2014-04-04,46.5330,126.2417,128.3062,125.8316
2014-04-03,GLD,stock,123.75,124.26,123.59,123.92,3659603,2014-04-03,2014-04-03,38.5654,126.3124,128.3337,125.8422
2014-04-02,GLD,stock,124.41,124.75,124.19,124.32,4906684,2014-04-02,2014-04-02,39.9040,126.5643,128.3781,125.9207
2014-04-01,GLD,stock,123.71,123.85,123.1099,123.39,5998286,2014-04-01,2014-04-01,35.0359,126.8005,128.4189,125.9860
2014-03-31,GLD,stock,124.52,124.79,123.57,123.61,12379151,2014-03-31,2014-03-31,35.6706,127.1595,128.4694,126.0920
2014-03-28,GLD,stock,124.23,124.96,123.88,124.56,7253673,2014-03-28,2014-03-28,38.4647,127.5332,128.5183,126.1933
2014-03-27,GLD,stock,125.06,125.29,124.21,124.59,7315310,2014-03-27,2014-03-27,38.5533,127.8461,128.5581,126.2599
2014-03-26,GLD,stock,126.27,126.38,125.13,125.41,8581634,2014-03-26,2014-03-26,40.9459,128.1889,128.5979,126.3281
2014-03-25,GLD,stock,126.44,126.82,126.24,126.41,6567962,2014-03-25,2014-03-25,44.0409,128.4814,128.6300,126.3656
2014-03-24,GLD,stock,126.87,127.14,126.03,126.18,13076493,2014-03-24,2014-03-24,43.1227,128.6994,128.6523,126.3638
2014-03-21,GLD,stock,129.04,129.09,128.41,128.47,7246489,2014-03-21,2014-03-21,50.8343,128.9646,128.6771,126.3713
2014-03-20,GLD,stock,127.78,128.41,127.58,127.86,7690848,2014-03-20,2014-03-20,48.5589,129.0167,128.6792,126.2856
2014-03-19,GLD,stock,129.55,129.68,127.94,128.09,12932862,2014-03-19,2014-03-19,49.3586,129.1384,128.6874,126.2213
2014-03-18,GLD,stock,130.39,131.27,130.33,130.62,6424385,2014-03-18,2014-03-18,59.3419,129.2488,128.6935,126.1451
2014-03-17,GLD,stock,132.73,133.22,131.22,131.64,14630110,2014-03-17,2014-03-17,64.2033,129.1045,128.6741,125.9624
2014-03-14,GLD,stock,133.68,133.69,132.35,133.1,11949426,2014-03-14,2014-03-14,72.0483,128.8376,128.6443,125.7307
2014-03-13,GLD,stock,131.69,132.54,131.56,132.21,8007721,2014-03-13,2014-03-13,69.9714,128.3889,128.5995,125.4299
2014-03-12,GLD,stock,131.56,132.12,131.39,131.76,11107630,2014-03-12,2014-03-12,68.8859,127.9867,128.5632,125.1532
2014-03-11,GLD,stock,130.01,130.15,128.9301,129.86,7295113,2014-03-11,2014-03-11,63.7484,127.5895,128.5311,124.8835
2014-03-10,GLD,stock,128.88,129.61,128.7804,129.13,4170499,2014-03-10,2014-03-10,61.4791,127.3505,128.5177,124.6804
2014-03-07,GLD,stock,128.25,129.23,128.21,129.09,7577498,2014-03-07,2014-03-07,61.3560,127.1632,128.5116,124.4988
2014-03-06,GLD,stock,129.71,130.47,129.47,130.17,5417902,2014-03-06,2014-03-06,66.6991,126.9603,128.5058,124.3114
2014-03-05,GLD,stock,128.71,129.34,128.58,128.89,4880728,2014-03-05,2014-03-05,63.1694,126.6225,128.4890,124.0722
2014-03-04,GLD,stock,128.54,129.24,128.3236,128.68,6350420,2014-03-04,2014-03-04,62.5649,126.3838,128.4850,123.8756
2014-03-03,GLD,stock,130,130.5856,129.81,130.29,11741244,2014-03-03,2014-03-03,70.8424,126.1421,128.4830,123.6795
2014-02-28,GLD,stock,128.27,128.35,127.15,127.62,10588738,2014-02-28,2014-02-28,63.3819,125.7054,128.4649,123.4097
2014-02-27,GLD,stock,128.4,128.8,127.89,128.2,5067646,2014-02-27,2014-02-27,66.8312,125.5039,128.4734,123.2378
2014-02-26,GLD,stock,128.49,128.76,127.42,128.11,7057157,2014-02-26,2014-02-26,66.5690,125.2201,128.4761,123.0353
2014-02-25,GLD,stock,128.62,129.53,128.57,129.21,5787114,2014-02-25,2014-02-25,73.1283,124.9159,128.4798,122.8282
2014-02-24,GLD,stock,128.51,129.07,128.34,128.99,12116210,2014-02-24,2014-02-24,72.6274,124.4639,128.4725,122.5677
2014-02-21,GLD,stock,127.57,128.07,127.15,127.58,7306796,2014-02-21,2014-02-21,69.2120,123.9875,128.4673,122.3055
2014-02-20,GLD,stock,126.75,127.75,126.4,127.6,10578232,2014-02-20,2014-02-20,69.3259,123.6093,128.4762,122.0902
2014-02-19,GLD,stock,127.26,127.45,126.16,126.27,9390584,2014-02-19,2014-02-19,65.8551,123.1892,128.4850,121.8654
2014-02-18,GLD,stock,127.42,127.75,127.09,127.4,7690800,2014-02-18,2014-02-18,72.3102,122.8650,128.5073,121.6856
2014-02-14,GLD,stock,126.99,127.38,126.75,127.15,11180946,2014-02-14,2014-02-14,71.7412,122.3876,128.5184,121.4523
2014-02-13,GLD,stock,124.7,125.6,124.66,125.49,9263314,2014-02-13,2014-02-13,67.6410,121.8863,128.5321,121.2198
2014-02-12,GLD,stock,124.4,124.98,124.13,124.43,6654131,2014-02-12,2014-02-12,64.5950,121.5069,128.5627,121.0455
2014-02-11,GLD,stock,123.38,124.75,123.36,124.36,11558005,2014-02-11,2014-02-11,64.3894,121.1992,128.6042,120.9073
2014-02-10,GLD,stock,122.8,123.16,122.72,122.92,7937659,2014-02-10,2014-02-10,59.9476,120.8665,128.6469,120.7664
2014-02-07,GLD,stock,121.24,122.24,121.23,122.17,6683018,2014-02-07,2014-02-07,57.3763,120.6504,128.7045,120.6785
2014-02-06,GLD,stock,121.38,121.51,120.78,121.24,4748431,2014-02-06,2014-02-06,53.9741,120.4904,128.7701,120.6176
2014-02-05,GLD,stock,121.76,121.88,120.73,121.29,6801879,2014-02-05,2014-02-05,54.1900,120.4115,128.8458,120.5922
2014-02-04,GLD,stock,120.41,121.09,120.3888,120.99,7029192,2014-02-04,2014-02-04,53.1456,120.3190,128.9217,120.5638
2014-02-03,GLD,stock,120.47,122.11,120.32,121.32,9270176,2014-02-03,2014-02-03,54.4127,120.2484,129.0015,120.5464
2014-01-31,GLD,stock,120.65,120.86,119.46,120.09,7984890,2014-01-31,2014-01-31,50.3126,120.1356,129.0787,120.5148
2014-01-30,GLD,stock,119.67,120.22,119.6001,119.77,8752038,2014-01-30,2014-01-30,49.2090,120.1404,129.1690,120.5321
2014-01-29,GLD,stock,122.19,122.51,121.13,122.47,12262531,2014-01-29,2014-01-29,59.5761,120.1794,129.2635,120.5632
2014-01-28,GLD,stock,121.32,121.4,120.41,120.95,5156327,2014-01-28,2014-01-28,54.5732,119.9383,129.3317,120.4854
2014-01-27,GLD,stock,121.65,122.06,120.72,120.96,7533917,2014-01-27,2014-01-27,54.6145,119.8318,129.4160,120.4664
2014-01-24,GLD,stock,122.06,122.5,121.55,122.29,8540453,2014-01-24,2014-01-24,60.2439,119.7131,129.5010,120.4463
2014-01-23,GLD,stock,120.97,122.02,120.97,121.79,11038741,2014-01-23,2014-01-23,58.7600,119.4418,129.5734,120.3710
2014-01-22,GLD,stock,119.65,119.768,119.17,119.19,4898314,2014-01-22,2014-01-22,49.6934,119.1946,129.6517,120.3131
2014-01-21,GLD,stock,119.23,119.97,119.23,119.7,6765085,2014-01-21,2014-01-21,51.7663,119.1951,129.7568,120.3590
2014-01-17,GLD,stock,120.35,121.02,120.2,120.93,7926430,2014-01-17,2014-01-17,57.1006,119.1420,129.8579,120.3859
2014-01-16,GLD,stock,119.84,119.96,119.57,119.79,3950105,2014-01-16,2014-01-16,52.9259,118.9537,129.9476,120.3636
2014-01-15,GLD,stock,119.19,119.8099,119.1126,119.66,5476409,2014-01-15,2014-01-15,52.4357,118.8657,130.0497,120.3871
2014-01-14,GLD,stock,120.54,121.06,119.72,119.89,7506301,2014-01-14,2014-01-14,53.3483,118.7821,130.1541,120.4167
2014-01-13,GLD,stock,120.27,121.04,120.2,121.02,5877632,2014-01-13,2014-01-13,57.9491,118.6655,130.2573,120.4382
2014-01-10,GLD,stock,119.72,120.43,119.58,120.26,7994809,2014-01-10,2014-01-10,55.5553,118.4176,130.3501,120.4145
2014-01-09,GLD,stock,118.11,118.69,117.99,118.46,3972991,2014-01-09,2014-01-09,49.1948,118.2237,130.4515,120.4208
2014-01-08,GLD,stock,117.99,118.52,117.5,118.12,7432317,2014-01-08,2014-01-08,47.8867,118.1988,130.5720,120.5008
2014-01-07,GLD,stock,118.46,118.92,118.1301,118.82,6435823,2014-01-07,2014-01-07,50.3659,118.2071,130.6972,120.5980
2014-01-06,GLD,stock,119.76,120.39,117.11,119.5,10107731,2014-01-06,2014-01-06,52.8332,118.1426,130.8165,120.6706
2014-01-03,GLD,stock,118.64,119.62,118.59,119.29,5879119,2014-01-03,2014-01-03,52.1611,117.9997,130.9303,120.7184
2014-01-02,GLD,stock,117.93,118.73,117.75,118,7570508,2014-01-02,2014-01-02,47.9293,117.8639,131.0473,120.7767
2013-12-31,GLD,stock,114.61,117.13,114.46,116.12,12838233,2013-12-31,2013-12-31,40.8481,117.8496,131.1784,120.8900
2013-12-30,GLD,stock,116.37,116.4,115.18,115.39,6713023,2013-12-30,2013-12-30,37.7981,118.0317,131.3297,121.0847
2013-12-27,GLD,stock,117.31,117.38,116.85,117.12,4207991,2013-12-27,2013-12-27,42.6358,118.3097,131.4899,121.3171
2013-12-26,GLD,stock,117.23,117.23,116.65,116.74,3868528,2013-12-26,2013-12-26,41.0982,118.4350,131.6343,121.4884
2013-12-24,GLD,stock,115.79,116.29,115.71,116.1,3353940,2013-12-24,2013-12-24,38.5210,118.6134,131.7840,121.6822
2013-12-23,GLD,stock,115.61,116.12,115.43,115.57,6244146,2013-12-23,2013-12-23,36.3805,118.8780,131.9417,121.9101
2013-12-20,GLD,stock,115.37,116.469,115.06,115.94,14697716,2013-12-20,2013-12-20,37.2206,119.2262,132.1062,122.1689
2013-12-19,GLD,stock,115.97,116.06,114.5,114.82,15984757,2013-12-19,2013-12-19,32.8630,119.5721,132.2687,122.4231
2013-12-18,GLD,stock,119,120.05,117.29,117.61,16265046,2013-12-18,2013-12-18,39.1486,120.0723,132.4440,122.7334
2013-12-17,GLD,stock,118.96,119.9001,118.37,118.65,8589144,2013-12-17,2013-12-17,41.9241,120.3315,132.5931,122.9426
2013-12-16,GLD,stock,119.26,120.77,118.97,119.69,8193324,2013-12-16,2013-12-16,44.8786,120.5085,132.7333,123.1178
2013-12-13,GLD,stock,118.89,119.49,118.761,119.38,6484891,2013-12-13,2013-12-13,43.7820,120.5946,132.8644,123.2577
2013-12-12,GLD,stock,118.61,118.82,118.03,118.29,8810811,2013-12-12,2013-12-12,39.8768,120.7225,132.9999,123.4159
2013-12-11,GLD,stock,121.49,121.81,120.76,120.86,9934908,2013-12-11,2013-12-11,47.0292,120.9786,133.1477,123.6252
2013-12-10,GLD,stock,122.14,122.32,121.47,121.82,9164469,2013-12-10,2013-12-10,50.1492,120.9910,133.2712,123.7380
2013-12-09,GLD,stock,118.99,119.92,118.9496,119.72,5510392,2013-12-09,2013-12-09,42.3854,120.9038,133.3863,123.8163
2013-12-06,GLD,stock,118.86,119.26,118.01,118.55,7910040,2013-12-06,2013-12-06,37.3364,121.0284,133.5236,123.9835
2013-12-05,GLD,stock,118.2,119.24,117.41,118.3,10254676,2013-12-05,2013-12-05,36.2275,121.2893,133.6741,124.2053
2013-12-04,GLD,stock,118.33,120.76,118.16,119.96,9110691,2013-12-04,2013-12-04,40.6641,121.6039,133.8286,124.4463
2013-12-03,GLD,stock,117.58,118.31,117.23,117.96,7004847,2013-12-03,2013-12-03,31.2439,121.7770,133.9680,124.6294
2013-12-02,GLD,stock,119.2,119.29,117.5,117.58,10297128,2013-12-02,2013-12-02,29.2626,122.1788,134.1289,124.9017
2013-11-29,GLD,stock,120.67,121.05,120.62,120.7,2364671,2013-11-29,2013-11-29,37.5019,122.6628,134.2952,125.2005
2013-11-27,GLD,stock,120.49,120.69,119.25,119.46,6144568,2013-11-27,2013-11-27,30.2546,122.8695,134.4319,125.3842
2013-11-26,GLD,stock,119.84,120.4,119.59,119.82,9053320,2013-11-26,2013-11-26,31.2309,123.2283,134.5823,125.6260
2013-11-25,GLD,stock,119.23,121,119.13,120.46,7271846,2013-11-25,2013-11-25,32.9882,123.5871,134.7307,125.8630
2013-11-22,GLD,stock,120.24,120.4,119.82,119.92,6776461,2013-11-22,2013-11-22,29.8977,123.9163,134.8741,126.0835
2013-11-21,GLD,stock,119.81,120.35,119.31,119.94,7562937,2013-11-21,2013-11-21,29.9452,124.3369,135.0244,126.3351
2013-11-20,GLD,stock,121.67,122.44,119.76,120.12,14281010,2013-11-20,2013-11-20,30.3481,124.7998,135.1760,126.5961
2013-11-19,GLD,stock,122.97,123.4,122.83,122.95,3666451,2013-11-19,2013-11-19,37.7666,125.2924,135.3273,126.8604
2013-11-18,GLD,stock,123.7,123.96,122.55,122.9,6241279,2013-11-18,2013-11-18,37.5160,125.5390,135.4517,127.0201
2013-11-15,GLD,stock,124.16,124.52,124.07,124.32,4664240,2013-11-15,2013-11-15,41.9729,125.8167,135.5779,127.1882
2013-11-14,GLD,stock,123.92,124.91,123.88,124.27,7652117,2013-11-14,2013-11-14,41.7467,125.9743,135.6910,127.3053
2013-11-13,GLD,stock,122.97,123.24,122.39,122.85,5943228,2013-11-13,2013-11-13,35.0696,126.1537,135.8058,127.4292
2013-11-12,GLD,stock,123.51,123.87,121.7256,122.45,7694324,2013-11-12,2013-11-12,33.0627,126.5015,135.9360,127.6161
2013-11-11,GLD,stock,123.92,123.97,123.66,123.87,3252491,2013-11-11,2013-11-11,36.8135,126.9279,136.0716,127.8269
2013-11-08,GLD,stock,124.46,124.46,123.62,124.279,8410721,2013-11-08,2013-11-08,37.9654,127.2498,136.1942,127.9885
2013-11-07,GLD,stock,126.14,126.85,125.86,126.16,7700072,2013-11-07,2013-11-07,43.8211,127.5625,136.3139,128.1399
2013-11-06,GLD,stock,127.11,127.36,126.92,127.2,3540263,2013-11-06,2013-11-06,47.5896,127.7102,136.4160,128.2207
2013-11-05,GLD,stock,126.71,126.86,126,126.56,4941334,2013-11-05,2013-11-05,44.8810,127.7639,136.5086,128.2623
2013-11-04,GLD,stock,127.18,127.52,126.74,126.81,3808997,2013-11-04,2013-11-04,45.7384,127.8906,136.6086,128.3318
2013-11-01,GLD,stock,126.86,127.17,126.05,126.95,9566718,2013-11-01,2013-11-01,46.1973,128.0043,136.7071,128.3939
2013-10-31,GLD,stock,128.04,128.49,127.3,127.74,7719254,2013-10-31,2013-10-31,48.7609,128.1153,136.8051,128.4529
2013-10-30,GLD,stock,130.83,131.22,128.81,129.6,8875289,2013-10-30,2013-10-30,55.4933,128.1548,136.8962,128.4820
2013-10-29,GLD,stock,130.1642,130.59,129.57,129.77,5332833,2013-10-29,2013-10-29,56.1512,128.0027,136.9696,128.4363
2013-10-28,GLD,stock,130.41,131.44,130.1,130.56,6807897,2013-10-28,2013-10-28,59.1790,127.8167,137.0419,128.3819
2013-10-25,GLD,stock,129.53,130.92,129.46,130.46,8768115,2013-10-25,2013-10-25,58.9187,127.5279,137.1071,128.2930
2013-10-24,GLD,stock,129.41,130.53,129.41,129.9,10221736,2013-10-24,2013-10-24,57.5093,127.2192,137.1739,128.2045
2013-10-23,GLD,stock,128.55,129.09,128.35,128.69,5092215,2013-10-23,2013-10-23,54.3685,126.9370,137.2470,128.1353
2013-10-22,GLD,stock,128.25,129.81,128.22,129.34,8849245,2013-10-22,2013-10-22,56.4499,126.7525,137.3330,128.1127
2013-10-21,GLD,stock,127.13,127.3356,126.79,126.98,3374873,2013-10-21,2013-10-21,49.9958,126.4802,137.4133,128.0626
2013-10-18,GLD,stock,126.87,127.33,126.6,126.85,5342200,2013-10-18,2013-10-18,49.6138,126.4275,137.5182,128.1068
2013-10-17,GLD,stock,127.01,127.86,126.81,127.42,11770228,2013-10-17,2013-10-17,51.2063,126.3831,137.6254,128.1581
2013-10-16,GLD,stock,123.52,123.89,122.51,123.54,8523879,2013-10-16,2013-10-16,38.7876,126.2739,137.7280,128.1882
2013-10-15,GLD,stock,122.28,124.36,122.22,123.73,8372589,2013-10-15,2013-10-15,39.2418,126.5617,137.8706,128.3779
2013-10-14,GLD,stock,123.9,124.24,122.81,122.83,6115415,2013-10-14,2013-10-14,35.9428,126.8598,138.0127,128.5676
2013-10-11,GLD,stock,122.37,122.81,121.85,122.6,15967801,2013-10-11,2013-10-11,35.1067,127.2840,138.1653,128.8018
2013-10-10,GLD,stock,125.34,125.83,124.1,124.27,10509660,2013-10-10,2013-10-10,38.4944,127.7770,138.3217,129.0550
2013-10-09,GLD,stock,126.21,126.89,124.97,126.11,10705582,2013-10-09,2013-10-09,42.7111,128.1462,138.4629,129.2503
2013-10-08,GLD,stock,127.79,128.45,127.21,127.4,6989904,2013-10-08,2013-10-08,45.9908,128.3605,138.5871,129.3784
2013-10-07,GLD,stock,127.25,128.33,127.12,127.64,6733028,2013-10-07,2013-10-07,46.6091,128.4616,138.6995,129.4592
2013-10-04,GLD,stock,127.05,127.15,126,126.53,6923661,2013-10-04,2013-10-04,43.3376,128.5481,138.8107,129.5335
2013-10-03,GLD,stock,126.77,127.69,126.22,127.18,11605023,2013-10-03,2013-10-03,44.8313,128.7605,138.9341,129.6560
2013-10-02,GLD,stock,125.37,127.81,125.34,127.06,11994176,2013-10-02,2013-10-02,44.5034,128.9269,139.0522,129.7571
2013-10-01,GLD,stock,125.25,125.26,123.81,124.59,16706123,2013-10-01,2013-10-01,37.3907,129.1234,139.1727,129.8672
2013-09-30,GLD,stock,127.95,129.14,127.7,128.18,8979473,2013-09-30,2013-09-30,45.2110,129.6006,139.3193,130.0826
2013-09-27,GLD,stock,128.86,129.58,128.84,128.97,7426781,2013-09-27,2013-09-27,47.2295,129.7502,139.4312,130.1602
2013-09-26,GLD,stock,128.6097,128.99,127.32,127.79,9491371,2013-09-26,2013-09-26,43.7461,129.8323,139.5364,130.2088
2013-09-25,GLD,stock,127.57,129.21,127.52,128.79,7453621,2013-09-25,2013-09-25,46.1430,130.0473,139.6544,130.3076
2013-09-24,GLD,stock,126.4,128.21,126.34,127.66,7349709,2013-09-24,2013-09-24,42.8578,130.1796,139.7636,130.3695
2013-09-23,GLD,stock,127.52,128.44,127.33,127.55,7421818,2013-09-23,2013-09-23,42.5410,130.4448,139.8853,130.4801
2013-09-20,GLD,stock,130.6,130.91,127.9,127.96,19418837,2013-09-20,2013-09-20,43.3733,130.7496,140.0092,130.5997
2013-09-19,GLD,stock,132,132.78,131.22,131.75,14339052,2013-09-19,2013-09-19,52.1272,131.0432,140.1303,130.7074
2013-09-18,GLD,stock,125.32,132.16,125.15,132.01,24807119,2013-09-18,2013-09-18,52.8061,130.9688,140.2146,130.6649
2013-09-17,GLD,stock,126.81,126.99,126.11,126.5,8123304,2013-09-17,2013-09-17,36.5420,130.8592,140.2970,130.6100
2013-09-16,GLD,stock,127.48,128.02,126.335,126.45,9982799,2013-09-16,2013-09-16,36.3572,131.3181,140.4357,130.7777
2013-09-13,GLD,stock,127.16,127.96,126.21,127.82,12058670,2013-09-13,2013-09-13,39.2668,131.8305,140.5762,130.9544
2013-09-12,GLD,stock,128.62,128.78,127.61,127.67,12933893,2013-09-12,2013-09-12,38.7686,132.2526,140.7045,131.0823
2013-09-11,GLD,stock,131.58,131.81,131.26,131.7,5048208,2013-09-11,2013-09-11,48.7439,132.7350,140.8355,131.2216
2013-09-10,GLD,stock,131.82,132,131.11,131.74,8432445,2013-09-10,2013-09-10,48.8598,132.8440,140.9273,131.2021
2013-09-09,GLD,stock,134.13,134.32,133.67,133.91,5079726,2013-09-09,2013-09-09,55.5065,132.9602,141.0196,131.1801
2013-09-06,GLD,stock,133.42,134.4,133.33,134.15,8448842,2013-09-06,2013-09-06,56.2930,132.8602,141.0911,131.0687
2013-09-05,GLD,stock,134.13,134.35,131.8,132.2,11118578,2013-09-05,2013-09-05,51.0615,132.7244,141.1608,130.9429
2013-09-04,GLD,stock,134.61,134.84,133.72,134.66,7784378,2013-09-04,2013-09-04,59.3885,132.7796,141.2509,130.8916
2013-09-03,GLD,stock,135.46,136.789,135.025,136.42,8100663,2013-09-03,2013-09-03,66.6045,132.5817,141.3171,130.7378
2013-08-30,GLD,stock,134.65,135.71,134.44,134.62,7698123,2013-08-30,2013-08-30,62.2483,132.1777,141.3663,130.5058
2013-08-29,GLD,stock,136.12,136.55,135.42,135.87,7940577,2013-08-29,2013-08-29,67.9651,131.9206,141.4341,130.3379
2013-08-28,GLD,stock,137.21,137.46,136.66,136.71,13650418,2013-08-28,2013-08-28,72.0968,131.5049,141.4901,130.1121
2013-08-27,GLD,stock,136.94,137.55,136.52,136.75,11248825,2013-08-27,2013-08-27,72.2911,130.9569,141.5381,129.8428
2013-08-26,GLD,stock,134.88,135.6,134.15,135.45,7685996,2013-08-26,2013-08-26,69.8377,130.3471,141.5862,129.5609
2013-08-23,GLD,stock,132.58,135.24,132.5,134.9,11621948,2013-08-23,2013-08-23,68.7507,129.8100,141.6479,129.3205
2013-08-22,GLD,stock,132.56,133.46,132.27,132.81,5741803,2013-08-22,2013-08-22,64.1981,129.2742,141.7157,129.0928
2013-08-21,GLD,stock,131.74,133.23,131.51,132.07,10720160,2013-08-21,2013-08-21,62.3970,128.9020,141.8052,128.9411
2013-08-20,GLD,stock,132.0345,133.13,132.02,132.45,7804205,2013-08-20,2013-08-20,63.9306,128.5686,141.9030,128.8134
2013-08-19,GLD,stock,132.33,132.5,131.59,132.01,8118408,2013-08-19,2013-08-19,62.9515,128.1600,141.9981,128.6649
2013-08-16,GLD,stock,132.56,133.27,131.39,132.58,14435322,2013-08-16,2013-08-16,65.0764,127.7547,142.0984,128.5284
2013-08-15,GLD,stock,128.06,132.36,127.98,131.69,17215303,2013-08-15,2013-08-15,63.2793,127.2468,142.1941,128.3630
2013-08-14,GLD,stock,127.66,129.07,127.57,129,8700657,2013-08-14,2013-08-14,57.0811,126.7791,142.2997,128.2272
2013-08-13,GLD,stock,128.49,128.6499,127.38,127.74,7336118,2013-08-13,2013-08-13,53.6804,126.5453,142.4333,128.1957
2013-08-12,GLD,stock,129.57,129.71,128.88,129.13,7414415,2013-08-12,2013-08-12,58.4223,126.4196,142.5810,128.2143
2013-08-09,GLD,stock,126.51,127.27,126.3,126.86,6191969,2013-08-09,2013-08-09,51.9913,126.1342,142.7162,128.1769
2013-08-08,GLD,stock,124.78,126.99,124.77,126.86,8653622,2013-08-08,2013-08-08,51.9913,126.0578,142.8755,128.2307
2013-08-07,GLD,stock,124,124.6,123.85,124.15,5304729,2013-08-07,2013-08-07,42.9000,125.9734,143.0365,128.2866
2013-08-06,GLD,stock,124.33,124.55,123.55,123.97,6017104,2013-08-06,2013-08-06,42.2252,126.1653,143.2263,128.4554
2013-08-05,GLD,stock,126.51,126.64,125.34,125.7,4005180,2013-08-05,2013-08-05,47.2036,126.3964,143.4199,128.6385
2013-08-02,GLD,stock,126.74,127.25,126.32,126.36,6453432,2013-08-02,2013-08-02,49.2611,126.4697,143.5979,128.7585
2013-08-01,GLD,stock,127.84,127.89,126.33,126.61,10551050,2013-08-01,2013-08-01,50.0281,126.4813,143.7712,128.8564
2013-07-31,GLD,stock,127.76,128.92,126.13,127.96,16015251,2013-07-31,2013-07-31,54.2646,126.4678,143.9437,128.9480
2013-07-30,GLD,stock,127.95,128.31,127.22,128.12,4487696,2013-07-30,2013-07-30,54.7751,126.3107,144.1043,128.9884
2013-07-29,GLD,stock,128.45,128.78,128.25,128.47,3554897,2013-07-29,2013-07-29,55.8421,126.1202,144.2649,129.0238
2013-07-26,GLD,stock,128.11,128.97,126.78,128.78,6148476,2013-07-26,2013-07-26,56.7514,125.8729,144.4237,129.0464
2013-07-25,GLD,stock,127.7,128.87,127.64,128.67,4702336,2013-07-25,2013-07-25,56.5181,125.5669,144.5809,129.0573
2013-07-24,GLD,stock,129.17,129.3999,126.873,127.48,9961785,2013-07-24,2013-07-24,54.0271,125.2402,144.7408,129.0731
2013-07-23,GLD,stock,128.7,130.1399,128.35,129.71,8819682,2013-07-23,2013-07-23,60.0094,125.0044,144.9143,129.1381
2013-07-22,GLD,stock,127.65,129.46,127.59,128.84,10845510,2013-07-22,2013-07-22,58.3382,124.5091,145.0671,129.1148
2013-07-19,GLD,stock,124.89,125.42,124.65,125.11,5767703,2013-07-19,2013-07-19,50.0237,124.0532,145.2302,129.1260
2013-07-18,GLD,stock,124.11,124.52,123.78,124.01,6150827,2013-07-18,2013-07-18,47.1346,123.9420,145.4324,129.2899
2013-07-17,GLD,stock,125.04,125.7,122.73,123.32,10876244,2013-07-17,2013-07-17,45.2924,123.9348,145.6477,129.5054
2013-07-16,GLD,stock,124.76,125.21,124.33,124.89,5575959,2013-07-16,2013-07-16,48.8920,123.9996,145.8721,129.7579
2013-07-15,GLD,stock,124.08,124.39,123.84,124.18,4131906,2013-07-15,2013-07-15,47.1275,123.9058,146.0830,129.9566
2013-07-12,GLD,stock,123.52,124.3,123.32,124.13,6582783,2013-07-12,2013-07-12,47.0078,123.8770,146.3031,130.1924
2013-07-11,GLD,stock,124.26,124.365,123.47,124.24,11278528,2013-07-11,2013-07-11,47.2261,123.8503,146.5260,130.4398
2013-07-10,GLD,stock,121.15,122.35,120.59,120.95,14656135,2013-07-10,2013-07-10,39.4114,123.8093,146.7499,130.6929
2013-07-09,GLD,stock,120.84,121.51,120.05,120.62,8201258,2013-07-09,2013-07-09,38.5641,124.1103,147.0092,131.0905
2013-07-08,GLD,stock,119.09,119.66,118.93,119.51,8651946,2013-07-08,2013-07-08,35.7580,124.4777,147.2745,131.5179
2013-07-05,GLD,stock,118.08,118.18,116.74,118.09,11592421,2013-07-05,2013-07-05,32.0724,125.0006,147.5535,132.0080
2013-07-03,GLD,stock,120.7,121.77,120.54,120.74,6750238,2013-07-03,2013-07-03,35.6129,125.7281,147.8496,132.5761
2013-07-02,GLD,stock,121.34,121.47,119.78,120.05,10548958,2013-07-02,2013-07-02,33.8473,126.2531,148.1221,133.0592
2013-07-01,GLD,stock,119.94,121.95,119.38,121.13,15943221,2013-07-01,2013-07-01,35.2523,126.9061,148.4042,133.5902
2013-06-28,GLD,stock,115.22,119.33,114.68,119.11,32979223,2013-06-28,2013-06-28,30.2217,127.5141,148.6783,134.0988
2013-06-27,GLD,stock,119.1,119.51,115.65,115.94,29980250,2013-06-27,2013-06-27,21.3127,128.3987,148.9755,134.7106
2013-06-26,GLD,stock,119.88,119.9,118.06,118.28,24684233,2013-06-26,2013-06-26,23.3568,129.7102,149.3075,135.4767
2013-06-25,GLD,stock,123.65,123.9,122.88,123.47,9369177,2013-06-25,2013-06-25,29.1059,130.9133,149.6193,136.1786
2013-06-24,GLD,stock,124.31,124.7,123.31,123.93,12748606,2013-06-24,2013-06-24,29.7077,131.6969,149.8821,136.6973
2013-06-21,GLD,stock,125.16,125.57,124.46,125.05,16599624,2013-06-21,2013-06-21,31.1645,132.5144,150.1430,137.2184
2013-06-20,GLD,stock,125.2178,126.38,123.33,123.6,28857406,2013-06-20,2013-06-20,26.8522,133.3001,150.3951,137.7151
2013-06-19,GLD,stock,132.58,133.15,130.38,130.59,12965590,2013-06-19,2013-06-19,37.3170,134.3212,150.6644,138.2912
2013-06-18,GLD,stock,132.72,132.9601,131.5303,132.13,7378510,2013-06-18,2013-06-18,40.5500,134.7140,150.8662,138.6056
2013-06-17,GLD,stock,133.89,134.0599,133.5201,133.77,4072212,2013-06-17,2013-06-17,44.3495,134.9860,151.0545,138.8699
2013-06-14,GLD,stock,134,134.6,133.88,134.43,4278655,2013-06-14,2013-06-14,45.9587,135.1140,151.2282,139.0781
2013-06-13,GLD,stock,133.31,134.2,132.82,133.74,7161733,2013-06-13,2013-06-13,43.9856,135.1860,151.3970,139.2678
2013-06-12,GLD,stock,132.95,134.83,132.83,134.25,6549995,2013-06-12,2013-06-12,45.1161,135.3382,151.5745,139.4934
2013-06-11,GLD,stock,132.31,133.51,132.245,133.25,7196053,2013-06-11,2013-06-11,42.4216,135.4527,151.7486,139.7074
2013-06-10,GLD,stock,133.3,134.28,132.99,133.94,6141516,2013-06-10,2013-06-10,43.7994,135.6846,151.9345,139.9710
2013-06-07,GLD,stock,134.11,134.62,133.18,133.28,11051912,2013-06-07,2013-06-07,42.1300,135.8682,152.1154,140.2171
2013-06-06,GLD,stock,135.39,137.62,134.98,136.53,9846611,2013-06-06,2013-06-06,48.7514,136.1407,152.3047,140.5003
2013-06-05,GLD,stock,135.47,136.37,135.01,135.52,7441332,2013-06-05,2013-06-05,46.3167,136.0997,152.4632,140.6623
2013-06-04,GLD,stock,135.21,135.4399,134.27,135.23,5504866,2013-06-04,2013-06-04,45.6279,136.1607,152.6335,140.8722
2013-06-03,GLD,stock,134.77,136.98,134.43,136.51,9172892,2013-06-03,2013-06-03,48.1602,136.2587,152.8084,141.1025
2013-05-31,GLD,stock,135.71,136.05,133.89,133.92,9756046,2013-05-31,2013-05-31,42.1253,136.2322,152.9722,141.2900
2013-05-30,GLD,stock,136.67,137.11,136.26,136.7,8611541,2013-05-30,2013-05-30,47.6546,136.4756,153.1637,141.5908
2013-05-29,GLD,stock,134.09,134.91,133.64,134.83,8761924,2013-05-29,2013-05-29,42.9797,136.4520,153.3292,141.7904
2013-05-28,GLD,stock,133.68,135.57,132.8,133.49,12465978,2013-05-28,2013-05-28,39.3772,136.6227,153.5151,142.0745
2013-05-24,GLD,stock,134.11,134.51,133.64,133.76,5522584,2013-05-24,2013-05-24,39.8482,136.9525,153.7163,142.4249
2013-05-23,GLD,stock,134.51,134.84,133.12,134.61,10267440,2013-05-23,2013-05-23,41.2922,137.2885,153.9169,142.7786
2013-05-22,GLD,stock,134.18,136.77,130.95,131.94,25972965,2013-05-22,2013-05-22,34.3536,137.5704,154.1109,143.1120
2013-05-21,GLD,stock,132.17,133.65,131.452,132.88,14528073,2013-05-21,2013-05-21,35.7343,138.1631,154.3338,143.5680
2013-05-20,GLD,stock,130.88,135.32,130.85,135.12,21569512,2013-05-20,2013-05-20,39.2224,138.7192,154.5494,144.0042
2013-05-17,GLD,stock,133.17,133.48,131.02,131.07,20273243,2013-05-17,2013-05-17,27.3100,139.0981,154.7447,144.3668
2013-05-16,GLD,stock,133.18,134.48,133,134.09,12757368,2013-05-16,2013-05-16,31.5983,139.9432,154.9826,144.9096
2013-05-15,GLD,stock,136.59,136.98,134.23,134.63,19060179,2013-05-15,2013-05-15,32.4442,140.5593,155.1926,145.3512
2013-05-14,GLD,stock,137.95,139.16,137.64,137.81,9894419,2013-05-14,2013-05-14,38.0079,141.1834,155.3992,145.7888
2013-05-13,GLD,stock,138.46,138.966,138.16,138.43,6713440,2013-05-13,2013-05-13,39.2256,141.5385,155.5760,146.1145
2013-05-10,GLD,stock,138.22,139.75,137.26,139.6,14650497,2013-05-10,2013-05-10,41.5590,141.8657,155.7483,146.4281
2013-05-09,GLD,stock,141.33,142.36,140.51,140.81,8260014,2013-05-09,2013-05-09,44.0768,142.1042,155.9106,146.7068
2013-05-08,GLD,stock,141.78,142.81,141.49,142.46,11159753,2013-05-08,2013-05-08,47.7391,142.2405,156.0624,146.9475
2013-05-07,GLD,stock,140.38,140.64,139.37,140.38,13627227,2013-05-07,2013-05-07,42.1086,142.2174,156.1991,147.1307
2013-05-06,GLD,stock,142.33,142.465,141.63,142.15,7730280,2013-05-06,2013-05-06,46.0270,142.4108,156.3581,147.4062
2013-05-03,GLD,stock,141.7,142.71,141.4,142.09,11666035,2013-05-03,2013-05-03,45.8684,142.4382,156.5009,147.6207
2013-05-02,GLD,stock,142,142.47,141.642,141.92,11497145,2013-05-02,2013-05-02,45.4468,142.4749,156.6457,147.8465
2013-05-01,GLD,stock,140.59,141.55,139.3001,141.11,13910899,2013-05-01,2013-05-01,43.4997,142.5333,156.7937,148.0884
2013-04-30,GLD,stock,142.27,142.83,141.55,142.77,11282967,2013-04-30,2013-04-30,46.6696,142.6831,156.9513,148.3732
2013-04-29,GLD,stock,142.1353,142.66,141.485,142.3,10842990,2013-04-29,2013-04-29,45.6279,142.6740,157.0939,148.6019
2013-04-26,GLD,stock,142.3,143.43,140.04,140.91,19305648,2013-04-26,2013-04-26,42.5460,142.7133,157.2425,148.8591
2013-04-25,GLD,stock,140,142.08,139.785,141.63,18884714,2013-04-25,2013-04-25,43.7384,142.9032,157.4067,149.1836
2013-04-24,GLD,stock,138.09,138.55,137.45,138.3699,10368547,2013-04-24,2013-04-24,36.2229,143.0372,157.5652,149.4919
2013-04-23,GLD,stock,137.22,137.24,135.85,136.88,14644382,2013-04-23,2013-04-23,32.3902,143.5285,157.7582,149.9459
2013-04-22,GLD,stock,138.15,138.269,137.22,137.9,16566375,2013-04-22,2013-04-22,33.6767,144.2283,157.9680,150.4792
2013-04-19,GLD,stock,136,136.02,134.6,135.47,15658545,2013-04-19,2013-04-19,27.2876,144.8945,158.1697,150.9926
2013-04-18,GLD,stock,134.12,135.31,133.62,134.3,20039575,2013-04-18,2013-04-18,24.0150,145.8865,158.3978,151.6262
2013-04-17,GLD,stock,133.81,134.95,132.32,132.87,25427448,2013-04-17,2013-04-17,19.9247,147.1062,158.6400,152.3334
2013-04-16,GLD,stock,134.9,135.11,131.76,132.8,45601125,2013-04-16,2013-04-16,19.7283,148.6047,158.8990,153.1278
2013-04-15,GLD,stock,136,136.75,130.51,131.31,93698108,2013-04-15,2013-04-15,15.6384,150.2683,159.1613,153.9575
2013-04-12,GLD,stock,148.65,148.8499,143.426,143.95,55576295,2013-04-12,2013-04-12,26.1229,152.2640,159.4412,154.8819
2013-04-11,GLD,stock,150.76,151.71,150.629,151.05,8051017,2013-04-11,2013-04-11,40.1701,153.1391,159.5969,155.3281
2013-04-10,GLD,stock,152.67,152.71,150.5799,150.75,18507099,2013-04-10,2013-04-10,38.8806,153.3590,159.6828,155.5027
2013-04-09,GLD,stock,152.32,153.85,152.28,153.34,7040496,2013-04-09,2013-04-09,47.0016,153.6337,159.7726,155.6967
2013-04-08,GLD,stock,152.39,152.59,151.6,152.16,6245454,2013-04-08,2013-04-08,41.8645,153.6646,159.8372,155.7929
2013-04-05,GLD,stock,151.54,152.9599,151.07,152.81,14490884,2013-04-05,2013-04-05,44.0484,153.8229,159.9144,155.9411
2013-04-04,GLD,stock,149.65,150.6,149.44,150.29,12427837,2013-04-04,2013-04-04,31.1114,153.9296,159.9858,156.0689
2013-04-03,GLD,stock,152.02,152.53,149.92,150.73,15714167,2013-04-03,2013-04-03,32.3231,154.3127,160.0832,156.3048
2013-04-02,GLD,stock,153.09,153.31,152.26,152.43,9398254,2013-04-02,2013-04-02,37.5733,154.6898,160.1772,156.5324
2013-04-01,GLD,stock,154.57,154.93,154.3,154.67,4288086,2013-04-01,2013-04-01,46.8925,154.9277,160.2551,156.6998
2013-03-28,GLD,stock,154.5,154.8,154.22,154.47,6851200,2013-03-28,2013-03-28,45.7775,154.9548,160.3112,156.7826
2013-03-27,GLD,stock,154.67,155.62,154.509,155.36,6715926,2013-03-27,2013-03-27,50.1263,155.0058,160.3699,156.8770
2013-03-26,GLD,stock,154.47,154.91,154.28,154.72,7387222,2013-03-26,2013-03-26,46.7483,154.9686,160.4203,156.9390
2013-03-25,GLD,stock,154.71,155.57,154.36,155.24,6795362,2013-03-25,2013-03-25,49.2658,154.9947,160.4776,157.0295
2013-03-22,GLD,stock,155.451,155.99,155.42,155.55,4746276,2013-03-22,2013-03-22,50.7795,154.9689,160.5302,157.1026
2013-03-21,GLD,stock,156.17,156.43,155.879,156.246,4991110,2013-03-21,2013-03-21,54.2550,154.9077,160.5803,157.1659
2013-03-20,GLD,stock,155.53,155.83,154.88,155.37,8220958,2013-03-20,2013-03-20,50.2777,154.7669,160.6238,157.2035
2013-03-19,GLD,stock,155.22,156.34,155.1,156.08,11020405,2013-03-19,2013-03-19,53.7980,154.7034,160.6766,157.2783
2013-03-18,GLD,stock,155.7,155.93,155,155.38,9301568,2013-03-18,2013-03-18,50.6337,154.5585,160.7228,157.3272
2013-03-15,GLD,stock,154.12,154.72,153.97,154.001,5701173,2013-03-15,2013-03-15,43.5627,154.4720,160.7765,157.4067
2013-03-14,GLD,stock,153.02,154.17,153.01,153.68,11409538,2013-03-14,2013-03-14,41.7596,154.5216,160.8446,157.5457
2013-03-13,GLD,stock,154.26,154.604,153.423,153.66,7436362,2013-03-13,2013-03-13,41.6517,154.6101,160.9166,157.7035
2013-03-12,GLD,stock,154.07,154.69,153.9,154.19,7265676,2013-03-12,2013-03-12,43.6403,154.7102,160.9896,157.8686
2013-03-11,GLD,stock,152.82,153.06,152.65,152.99,4809106,2013-03-11,2013-03-11,37.3518,154.7649,161.0579,158.0187
2013-03-08,GLD,stock,151.61,153.29,151.403,152.71,11859467,2013-03-08,2013-03-08,35.7997,154.9517,161.1390,158.2240
2013-03-07,GLD,stock,153.02,153.21,152.4,152.69,6562890,2013-03-07,2013-03-07,35.6940,155.1877,161.2237,158.4490
2013-03-06,GLD,stock,152.17,153.38,151.65,153.23,10851039,2013-03-06,2013-03-06,37.2303,155.4506,161.3095,158.6841
2013-03-05,GLD,stock,153.1,153.39,152.11,152.38,10803494,2013-03-05,2013-03-05,33.0163,155.6844,161.3907,158.9067
2013-03-04,GLD,stock,152.45,152.74,151.87,152.3,6632438,2013-03-04,2013-03-04,32.6210,156.0322,161.4812,159.1731
2013-03-01,GLD,stock,153.1599,153.61,152.14,152.44,11177209,2013-03-01,2013-03-01,32.9369,156.4251,161.5735,159.4536
2013-02-28,GLD,stock,154.09,154.16,152.39,153,14863840,2013-02-28,2013-02-28,34.1657,156.8446,161.6653,159.7399
2013-02-27,GLD,stock,155.46,155.6,154.08,154.57,9594147,2013-02-27,2013-02-27,37.8411,157.2492,161.7524,160.0150
2013-02-26,GLD,stock,154.39,156.8,153.32,156.22,18174959,2013-02-26,2013-02-26,42.2796,157.5313,161.8246,160.2372
2013-02-25,GLD,stock,153.52,154.56,153.31,154.34,9415613,2013-02-25,2013-02-25,34.1018,157.6693,161.8809,160.4012
2013-02-22,GLD,stock,152.26,152.99,151.93,152.97,10092950,2013-02-22,2013-02-22,27.1141,158.0197,161.9567,160.6486
2013-02-21,GLD,stock,152,153.41,151.899,152.62,17963464,2013-02-21,2013-02-21,25.2334,158.5513,162.0470,160.9620
2013-02-20,GLD,stock,153.9,153.93,150.841,151.44,30891716,2013-02-20,2013-02-20,18.6628,159.1756,162.1417,161.3025
2013-02-19,GLD,stock,155.8,155.84,154.93,155.33,11803581,2013-02-19,2013-02-19,25.5311,159.9899,162.2493,161.7050
2013-02-15,GLD,stock,156.42,156.58,154.56,155.76,23373597,2013-02-15,2013-02-15,26.5334,160.4804,162.3188,161.9653
2013-02-14,GLD,stock,159.31,159.6499,158.04,158.348,12409574,2013-02-14,2013-02-14,33.9911,160.9773,162.3847,162.2185
2013-02-13,GLD,stock,159.6,159.64,158.77,159.05,8960633,2013-02-13,2013-02-13,36.5808,161.2541,162.4253,162.3765
2013-02-12,GLD,stock,159.35,160.05,158.88,159.89,7629416,2013-02-12,2013-02-12,39.9639,161.4861,162.4592,162.5123
2013-02-11,GLD,stock,159.78,159.98,159.2499,159.7,12071794,2013-02-11,2013-02-11,38.7746,161.6541,162.4851,162.6193
2013-02-08,GLD,stock,161.46,162.02,161.2,161.57,6085836,2013-02-08,2013-02-08,47.3461,161.8598,162.5131,162.7385
2013-02-07,GLD,stock,161.24,162.96,161.13,161.84,12826686,2013-02-07,2013-02-07,48.7922,161.8903,162.5225,162.7862
2013-02-06,GLD,stock,162.13,162.63,161.99,162.39,6133724,2013-02-06,2013-02-06,51.7839,161.8956,162.5294,162.8248
2013-02-05,GLD,stock,162.75,162.795,161.33,161.96,8979388,2013-02-05,2013-02-05,49.5376,161.8436,162.5308,162.8425
2013-02-04,GLD,stock,161.19,162.42,161.15,162,7354084,2013-02-04,2013-02-04,49.7378,161.8313,162.5365,162.8786
2013-02-01,GLD,stock,162.66,162.77,160.87,161.45,12904297,2013-02-01,2013-02-01,47.0039,161.8136,162.5419,162.9144
2013-01-31,GLD,stock,161.62,161.81,160.47,161.2,9333197,2013-01-31,2013-01-31,45.7586,161.8519,162.5529,162.9742
2013-01-30,GLD,stock,162.68,163.04,162.0301,162.19,12009935,2013-01-30,2013-01-30,50.0863,161.9205,162.5665,163.0466
2013-01-29,GLD,stock,161.01,161.31,160.69,160.99,7364409,2013-01-29,2013-01-29,44.1400,161.8921,162.5703,163.0816
2013-01-28,GLD,stock,160.24,160.73,160.02,160.29,8491459,2013-01-28,2013-01-28,40.2867,161.9871,162.5862,163.1669
2013-01-25,GLD,stock,160.56,161.04,160.31,160.65,9037561,2013-01-25,2013-01-25,41.6590,162.1657,162.6092,163.2844
2013-01-24,GLD,stock,161.98,162.27,161.18,161.42,13140209,2013-01-24,2013-01-24,44.6820,162.3252,162.6289,163.3919
2013-01-23,GLD,stock,163.92,163.95,163,163.21,6695789,2013-01-23,2013-01-23,52.9808,162.4205,162.6411,163.4724
2013-01-22,GLD,stock,163.48,164.22,163.37,163.67,8583249,2013-01-22,2013-01-22,55.4379,162.3374,162.6354,163.4831
2013-01-18,GLD,stock,163.95,163.97,163.019,163.09,10038032,2013-01-18,2013-01-18,52.8793,162.1971,162.6250,163.4754
2013-01-17,GLD,stock,161.94,164.4,161.83,163.35,14911402,2013-01-17,2013-01-17,54.1741,162.1032,162.6203,163.4912
2013-01-16,GLD,stock,162.42,163.03,162.15,162.65,9213529,2013-01-16,2013-01-16,51.1861,161.9719,162.6130,163.4969
2013-01-15,GLD,stock,162.8,163.17,162.355,162.558,10075598,2013-01-15,2013-01-15,50.7946,161.9005,162.6126,163.5315
2013-01-14,GLD,stock,161.88,161.97,161.13,161.54,7287865,2013-01-14,2013-01-14,46.3750,161.8313,162.6131,163.5712
2013-01-11,GLD,stock,161.86,161.9,160.1084,161.06,13675527,2013-01-11,2013-01-11,44.1798,161.8620,162.6239,163.6542
2013-01-10,GLD,stock,161.61,162.56,161.61,161.98,11420978,2013-01-10,2013-01-10,47.6515,161.9464,162.6396,163.7600
2013-01-09,GLD,stock,160.77,160.83,159.905,160.49,8333223,2013-01-09,2013-01-09,40.6362,161.9429,162.6463,163.8327
2013-01-08,GLD,stock,160.46,160.99,160.01,160.56,7694133,2013-01-08,2013-01-08,40.8751,162.0958,162.6679,163.9691
2013-01-07,GLD,stock,159.36,159.96,159.15,159.43,9360923,2013-01-07,2013-01-07,35.1595,162.2575,162.6891,164.1083
2013-01-04,GLD,stock,159.52,160.635,158.89,160.44,19179655,2013-01-04,2013-01-04,38.2265,162.5551,162.7219,164.2992
2013-01-03,GLD,stock,162.48,162.881,160.83,161.2,16068718,2013-01-03,2013-01-03,40.7077,162.7778,162.7448,164.4567
2013-01-02,GLD,stock,163.49,164.14,163.14,163.17,10418337,2013-01-02,2013-01-02,48.2448,162.9438,162.7603,164.5897
2012-12-31,GLD,stock,160.9,162.75,160.77,162.0204,11779711,2012-12-31,2012-12-31,42.4732,162.9200,162.7562,164.6476
2012-12-28,GLD,stock,160.94,160.97,160.15,160.54,6852338,2012-12-28,2012-12-28,33.6217,163.0147,162.7636,164.7549
2012-12-27,GLD,stock,160.23,161.31,160.05,161.16,8936942,2012-12-27,2012-12-27,35.7616,163.2752,162.7860,164.9269
2012-12-26,GLD,stock,161.36,161.485,160.64,160.78,4956628,2012-12-26,2012-12-26,33.3473,163.4979,162.8023,165.0806
2012-12-24,GLD,stock,160.88,160.96,160.47,160.62,3699741,2012-12-24,2012-12-24,32.3533,163.7840,162.8226,165.2562
2012-12-21,GLD,stock,159.82,160.76,159.78,160.33,13445306,2012-12-21,2012-12-21,30.6116,164.1170,162.8448,165.4454
2012-12-20,GLD,stock,159.87,160.12,158.39,159.73,25147211,2012-12-20,2012-12-20,27.0008,164.5157,162.8700,165.6542
2012-12-19,GLD,stock,161.31,162.22,161.11,161.69,12991022,2012-12-19,2012-12-19,32.0617,165.0194,162.9016,165.8960
2012-12-18,GLD,stock,164.35,164.43,160.9,162.08,23992372,2012-12-18,2012-12-18,33.2118,165.3699,162.9138,166.0677
2012-12-17,GLD,stock,164.16,164.62,164.13,164.44,8173034,2012-12-17,2012-12-17,41.5967,165.7162,162.9221,166.2304
2012-12-14,GLD,stock,164.17,164.48,164.02,164.13,5351688,2012-12-14,2012-12-14,39.7411,165.8505,162.9069,166.3035
2012-12-13,GLD,stock,163.865,164.895,163.78,164.37,9327191,2012-12-13,2012-12-13,40.6700,166.0316,162.8946,166.3922
2012-12-12,GLD,stock,166.2,166.94,165.36,165.77,14158689,2012-12-12,2012-12-12,46.5660,166.2066,162.8798,166.4748
2012-12-11,GLD,stock,165.45,165.66,165.12,165.65,4721244,2012-12-11,2012-12-11,45.9423,166.2525,162.8507,166.5035
2012-12-10,GLD,stock,166.11,166.16,165.715,165.8,4646559,2012-12-10,2012-12-10,46.5733,166.3159,162.8226,166.5384
2012-12-07,GLD,stock,164.88,165.22,164.6,165.165,7289271,2012-12-07,2012-12-07,43.5240,166.3702,162.7927,166.5685
2012-12-06,GLD,stock,163.72,165,163.53,164.5,7274971,2012-12-06,2012-12-06,40.2053,166.4971,162.7688,166.6258
2012-12-05,GLD,stock,164.22,164.5,163.2,164.12,10646653,2012-12-05,2012-12-05,38.2809,166.7073,162.7514,166.7126
2012-12-04,GLD,stock,164.06,164.83,163.87,164.42,10191915,2012-12-04,2012-12-04,39.2059,166.9797,162.7377,166.8184
2012-12-03,GLD,stock,166.11,166.92,166.04,166.1267,6363233,2012-12-03,2012-12-03,44.9427,167.2491,162.7208,166.9163
2012-11-30,GLD,stock,166.94,167.22,165.53,166.05,8412210,2012-11-30,2012-11-30,44.6044,167.3673,162.6865,166.9485
2012-11-29,GLD,stock,167.14,167.5,166.85,167.1817,7445914,2012-11-29,2012-11-29,48.7041,167.5059,162.6527,166.9852
2012-11-28,GLD,stock,165.43,166.84,165.385,166.55,12878922,2012-11-28,2012-11-28,46.1381,167.5401,162.6072,166.9772
2012-11-27,GLD,stock,169.14,169.4,168.62,168.71,7313015,2012-11-27,2012-11-27,54.8498,167.6443,162.5676,166.9946
2012-11-26,GLD,stock,169.56,169.73,169.25,169.43,5377054,2012-11-26,2012-11-26,58.2543,167.5321,162.5059,166.9246
2012-11-23,GLD,stock,167.97,170.01,167.8,169.61,6110069,2012-11-23,2012-11-23,59.1060,167.3323,162.4363,166.8223
2012-11-21,GLD,stock,167.19,167.8199,166.97,167.56,3807885,2012-11-21,2012-11-21,51.6270,167.0926,162.3642,166.7085
2012-11-20,GLD,stock,167.75,168.02,166.8401,167.39,5494404,2012-11-20,2012-11-20,50.9360,167.0434,162.3119,166.6738
2012-11-19,GLD,stock,167.75,168.16,167.38,167.87,6764264,2012-11-19,2012-11-19,52.9178,167.0069,162.2609,166.6446
2012-11-16,GLD,stock,165.74,166.36,165.47,165.88,6942299,2012-11-16,2012-11-16,44.6232,166.9160,162.2045,166.5945
2012-11-15,GLD,stock,167,167.055,165.18,166.09,10022252,2012-11-15,2012-11-15,45.4071,167.0251,162.1676,166.6237
2012-11-14,GLD,stock,167.46,168.04,166.78,167.14,8510183,2012-11-14,2012-11-14,49.4393,167.1235,162.1282,166.6455
2012-11-13,GLD,stock,166.66,167.9399,166.63,167.1,6463226,2012-11-13,2012-11-13,49.2800,167.1218,162.0778,166.6253
2012-11-12,GLD,stock,168.1,168.28,167.21,167.45,5647356,2012-11-12,2012-11-12,50.5748,167.1241,162.0273,166.6059
2012-11-09,GLD,stock,168.21,168.54,167.55,167.82,7360757,2012-11-09,2012-11-09,51.9138,167.0898,161.9728,166.5715
2012-11-08,GLD,stock,166.14,168.16,166.12,167.99,8811764,2012-11-08,2012-11-08,52.5070,167.0129,161.9141,166.5205
2012-11-07,GLD,stock,166.87,167.13,165.04,166.49,13193567,2012-11-07,2012-11-07,47.6022,166.9100,161.8530,166.4605
2012-11-06,GLD,stock,163.91,166.77,163.61,166.3,16038217,2012-11-06,2012-11-06,46.9579,166.9542,161.8064,166.4593
2012-11-05,GLD,stock,163.12,163.42,162.81,163.23,6156023,2012-11-05,2012-11-05,34.9582,167.0231,161.7612,166.4658
2012-11-02,GLD,stock,164.45,164.47,162.3,162.6,14762946,2012-11-02,2012-11-02,32.0280,167.4224,161.7465,166.5979
2012-11-01,GLD,stock,167.02,167.04,166.04,166.07,6017921,2012-11-01,2012-11-01,41.6171,167.9300,161.7379,166.7611
2012-10-31,GLD,stock,166.47,167.28,166.38,166.83,4680517,2012-10-31,2012-10-31,44.3155,168.1258,161.6944,166.7893
2012-10-26,GLD,stock,166.23,166.6,165.77,165.93,6440556,2012-10-26,2012-10-26,40.0406,168.2622,161.6427,166.7876
2012-10-25,GLD,stock,166.29,166.53,165.77,166.02,7013338,2012-10-25,2012-10-25,40.3281,168.5077,161.5997,166.8226
2012-10-24,GLD,stock,165.78,165.83,164.6,164.8603,10793974,2012-10-24,2012-10-24,34.7199,168.7696,161.5552,166.8554
2012-10-23,GLD,stock,166.04,166.06,165.12,165.4258,11862261,2012-10-23,2012-10-23,36.2631,169.1811,161.5220,166.9368
2012-10-22,GLD,stock,167.08,167.63,167.0301,167.58,6362278,2012-10-22,2012-10-22,43.0279,169.5763,161.4828,166.9985
2012-10-19,GLD,stock,168.42,168.45,166.23,166.97,13859409,2012-10-19,2012-10-19,40.0892,169.7865,161.4215,166.9748
2012-10-18,GLD,stock,168.8,169.31,168.59,168.7891,6606681,2012-10-18,2012-10-18,46.7696,170.0830,161.3657,166.9750
2012-10-17,GLD,stock,169.23,169.95,168.92,169.54,5201677,2012-10-17,2012-10-17,49.9607,170.2192,161.2911,166.9009
2012-10-16,GLD,stock,168.87,169.45,168.67,169.42,6203988,2012-10-16,2012-10-16,49.4489,170.2907,161.2082,166.7932
2012-10-15,GLD,stock,169.01,169.1,167.53,168.35,10702992,2012-10-15,2012-10-15,44.7716,170.3823,161.1257,166.6860
2012-10-12,GLD,stock,171.15,171.41,169.81,170.06,8265923,2012-10-12,2012-10-12,51.8975,170.5962,161.0531,166.6181
2012-10-11,GLD,stock,171.3,171.95,171.13,171.32,5714681,2012-10-11,2012-10-11,58.2397,170.6527,160.9626,166.4776
2012-10-10,GLD,stock,170.54,171.34,170.3,170.84,7361091,2012-10-10,2012-10-10,56.3529,170.5824,160.8585,166.2799
2012-10-09,GLD,stock,171.86,172.17,170.56,170.99,7749657,2012-10-09,2012-10-09,57.1015,170.5553,160.7582,166.0938
2012-10-08,GLD,stock,171.75,172.28,171.68,172.05,3748638,2012-10-08,2012-10-08,62.5549,170.5096,160.6553,165.8940
2012-10-05,GLD,stock,172.87,173.37,172.01,172.62,8870943,2012-10-05,2012-10-05,65.6874,170.3474,160.5408,165.6427
2012-10-04,GLD,stock,173.2,174.07,172.916,173.61,10376707,2012-10-04,2012-10-04,71.4584,170.1082,160.4194,165.3579
2012-10-03,GLD,stock,172.51,172.61,171.89,172.41,5644088,2012-10-03,2012-10-03,68.3263,169.7396,160.2868,165.0211
2012-10-02,GLD,stock,172.47,172.7,171.59,172.1,7053245,2012-10-02,2012-10-02,67.4700,169.4585,160.1650,164.7195
2012-10-01,GLD,stock,172.83,173.62,171.77,172.295,10675908,2012-10-01,2012-10-01,68.5526,169.1804,160.0451,164.4183
2012-09-28,GLD,stock,172.03,172.48,171.34,171.89,9680996,2012-09-28,2012-09-28,67.5484,168.8526,159.9219,164.0968
2012-09-27,GLD,stock,171.02,172.6,170.76,172.34,10536401,2012-09-27,2012-09-27,69.8496,168.5328,159.8017,163.7787
2012-09-26,GLD,stock,169.47,170.05,168.34,169.81,12060992,2012-09-26,2012-09-26,63.3272,168.1321,159.6756,163.4292
2012-09-25,GLD,stock,171.76,172.11,170.5,170.77,10353920,2012-09-25,2012-09-25,68.5524,167.9555,159.5738,163.1688
2012-09-24,GLD,stock,170.63,171.39,170.57,171.05,9171294,2012-09-24,2012-09-24,70.1194,167.6592,159.4613,162.8585
2012-09-21,GLD,stock,172.93,173.185,171.54,171.96,13360938,2012-09-21,2012-09-21,75.3146,167.3023,159.3448,162.5242
2012-09-20,GLD,stock,171.03,171.69,170.226,171.47,8701989,2012-09-20,2012-09-20,74.3650,166.8120,159.2180,162.1390
2012-09-19,GLD,stock,171.88,172.03,171.19,171.74,9124196,2012-09-19,2012-09-19,75.8582,166.3216,159.0949,161.7582
2012-09-18,GLD,stock,170.81,171.95,170.67,171.72,12469105,2012-09-18,2012-09-18,75.8248,165.7513,158.9678,161.3508
2012-09-17,GLD,stock,171.77,171.96,170.06,170.4,11277804,2012-09-17,2012-09-17,73.5859,165.1230,158.8396,160.9275
2012-09-14,GLD,stock,171.89,172.23,171.31,171.8,16847462,2012-09-14,2012-09-14,80.9711,164.5675,158.7234,160.5409
2012-09-13,GLD,stock,167.87,171.91,166.3,171.31,28317907,2012-09-13,2012-09-13,80.3295,163.8062,158.5920,160.0813
2012-09-12,GLD,stock,168.84,168.87,167.25,167.92,9942975,2012-09-12,2012-09-12,74.8906,163.0164,158.4642,159.6230
2012-09-11,GLD,stock,168.22,168.53,167.79,167.9,7519598,2012-09-11,2012-09-11,74.8526,162.5002,158.3692,159.2844
2012-09-10,GLD,stock,167.84,168.14,167.225,167.29,7760378,2012-09-10,2012-09-10,73.7236,161.9318,158.2734,158.9327
2012-09-07,GLD,stock,167.77,169,167.37,168.44,19138012,2012-09-07,2012-09-07,80.0116,161.3678,158.1828,158.5916
2012-09-06,GLD,stock,165.16,165.78,164.8,164.89,12953662,2012-09-06,2012-09-06,73.5434,160.6233,158.0797,158.1896
2012-09-05,GLD,stock,164.12,164.39,163.81,164.31,8401395,2012-09-05,2012-09-05,72.1775,160.1742,158.0112,157.9162
2012-09-04,GLD,stock,164.11,164.77,163.66,164.48,12022446,2012-09-04,2012-09-04,73.2061,159.7388,157.9479,157.6552
2012-08-31,GLD,stock,161.14,164.22,159.56,164.22,18024170,2012-08-31,2012-08-31,72.6526,159.2398,157.8823,157.3766
2012-08-30,GLD,stock,161.26,161.31,160.01,160.52,5813468,2012-08-30,2012-08-30,62.3841,158.7155,157.8186,157.0973
2012-08-29,GLD,stock,161.6,161.68,160.18,160.59,9286459,2012-08-29,2012-08-29,62.7984,158.5256,157.7914,156.9576
2012-08-28,GLD,stock,161.63,162.19,161.3,161.64,5073594,2012-08-28,2012-08-28,69.1983,158.3083,157.7633,156.8093
2012-08-27,GLD,stock,161.77,162.294,161.34,161.36,5379061,2012-08-27,2012-08-27,68.4009,157.9576,157.7243,156.6122
2012-08-24,GLD,stock,161.87,162.35,161.33,161.97,8495104,2012-08-24,2012-08-24,72.1812,157.5994,157.6878,156.4184
2012-08-23,GLD,stock,161.41,162.451,161.23,161.89,17218311,2012-08-23,2012-08-23,71.9927,157.1394,157.6448,156.1918
2012-08-22,GLD,stock,159.19,160.63,158.51,160.54,13588446,2012-08-22,2012-08-22,68.6657,156.6393,157.6021,155.9592
2012-08-21,GLD,stock,158.81,159.2,158.69,158.83,11830030,2012-08-21,2012-08-21,63.5767,156.2287,157.5726,155.7722
2012-08-20,GLD,stock,156.52,157.395,156.47,157.26,7845217,2012-08-20,2012-08-20,57.7229,155.9549,157.5599,155.6474
2012-08-17,GLD,stock,157.06,157.07,156.22,156.72,7812003,2012-08-17,2012-08-17,55.4354,155.8175,157.5629,155.5816
2012-08-16,GLD,stock,155.85,157.09,155.5,156.56,8837723,2012-08-16,2012-08-16,54.7619,155.7225,157.5714,155.5351
2012-08-15,GLD,stock,155.32,155.82,155.271,155.63,4993134,2012-08-15,2012-08-15,50.7445,155.6343,157.5816,155.4933
2012-08-14,GLD,stock,155.06,155.58,154.83,155.13,5074638,2012-08-14,2012-08-14,48.4595,155.6348,157.6012,155.4877
2012-08-13,GLD,stock,157.05,157.45,155.9,155.99,4573044,2012-08-13,2012-08-13,52.3374,155.6879,157.6260,155.5023
2012-08-10,GLD,stock,156.9,157.82,156.6523,157.18,4607181,2012-08-10,2012-08-10,58.3354,155.6561,157.6425,155.4824
2012-08-09,GLD,stock,156.36,157,156.28,156.99,3175389,2012-08-09,2012-08-09,57.6152,155.4957,157.6471,155.4131
2012-08-08,GLD,stock,156.49,156.86,156.26,156.48,3619851,2012-08-08,2012-08-08,55.7070,155.3384,157.6537,155.3488
2012-08-07,GLD,stock,156.37,156.63,156.01,156.28,5923269,2012-08-07,2012-08-07,54.9687,155.2182,157.6655,155.3026
2012-08-06,GLD,stock,155.92,156.73,155.74,156.3,4611957,2012-08-06,2012-08-06,55.0540,155.1065,157.6794,155.2627
2012-08-03,GLD,stock,154.65,155.89,154.42,155.55,10670187,2012-08-03,2012-08-03,52.4895,154.9808,157.6933,155.2203
2012-08-02,GLD,stock,154.66,155.14,153.61,154.13,11537511,2012-08-02,2012-08-02,47.1923,154.9209,157.7149,155.2069
2012-08-01,GLD,stock,155.18,155.79,154.41,155.14,12714441,2012-08-01,2012-08-01,50.9437,155.0042,157.7509,155.2508
2012-07-31,GLD,stock,157.6,157.72,156.26,156.49,10917990,2012-07-31,2012-07-31,56.5201,154.9899,157.7771,155.2554
2012-07-30,GLD,stock,156.84,157.66,154.81,157.43,7211123,2012-07-30,2012-07-30,60.8249,154.8320,157.7901,155.2050
2012-07-27,GLD,stock,157.64,157.96,156.66,157.54,9772527,2012-07-27,2012-07-27,61.3325,154.5585,157.7937,155.1142
2012-07-26,GLD,stock,156.7,157.26,156.05,156.77,7343109,2012-07-26,2012-07-26,59.1147,154.2447,157.7962,155.0151
2012-07-25,GLD,stock,155.33,156.29,155.05,155.67,9350016,2012-07-25,2012-07-25,55.7479,153.9789,157.8065,154.9435
2012-07-24,GLD,stock,153.63,153.8,152.2,153.52,6507478,2012-07-24,2012-07-24,47.9718,153.8008,157.8280,154.9139
2012-07-23,GLD,stock,152.5,153.33,152.29,153.03,5256626,2012-07-23,2012-07-23,45.9623,153.8304,157.8713,154.9708
2012-07-20,GLD,stock,152.97,154,152.75,153.67,8583764,2012-07-20,2012-07-20,48.2211,153.9147,157.9200,155.0500
2012-07-19,GLD,stock,153.73,154.32,152.93,153.38,6068917,2012-07-19,2012-07-19,47.1278,153.9404,157.9627,155.1063
2012-07-18,GLD,stock,152.67,153.6,152.4,153.05,6806680,2012-07-18,2012-07-18,45.9212,153.9994,158.0087,155.1768
2012-07-17,GLD,stock,154.01,154.5,152.45,153.47,13021680,2012-07-17,2012-07-17,47.1941,154.0993,158.0586,155.2636
2012-07-16,GLD,stock,154.43,154.75,153.98,154.21,5710680,2012-07-16,2012-07-16,49.4358,154.1656,158.1047,155.3368
2012-07-13,GLD,stock,153.45,154.94,153.44,154.14,5080287,2012-07-13,2012-07-13,49.2240,154.1609,158.1438,155.3828
2012-07-12,GLD,stock,151.26,153.07,150.85,152.59,11394610,2012-07-12,2012-07-12,44.4373,154.1631,158.1841,155.4335
2012-07-11,GLD,stock,152.58,153.45,152.02,152.99,6836877,2012-07-11,2012-07-11,45.4643,154.3287,158.2403,155.5496
2012-07-10,GLD,stock,155.13,155.1799,151.78,152.15,9725937,2012-07-10,2012-07-10,42.8904,154.4696,158.2931,155.6540
2012-07-09,GLD,stock,153.61,154.58,153.43,154.04,4468454,2012-07-09,2012-07-09,47.5824,154.7138,158.3548,155.7971
2012-07-06,GLD,stock,154.23,154.49,152.95,153.71,7045142,2012-07-06,2012-07-06,46.6359,154.7847,158.3982,155.8688
2012-07-05,GLD,stock,155.44,156.4,154.45,155.68,5358669,2012-07-05,2012-07-05,51.8230,154.8978,158.4453,155.9569
2012-07-03,GLD,stock,156.97,157.72,156.77,157.46,5037638,2012-07-03,2012-07-03,57.1568,154.8155,158.4731,155.9682
2012-07-02,GLD,stock,154.67,155.55,154.341,155.09,3654132,2012-07-02,2012-07-02,50.9101,154.5371,158.4833,155.9073
2012-06-29,GLD,stock,155.13,155.95,154.52,155.19,10378189,2012-06-29,2012-06-29,51.2026,154.4789,158.5174,155.9406
2012-06-28,GLD,stock,151.9,152.16,150.15,151.05,8753541,2012-06-28,2012-06-28,37.3692,154.4041,158.5508,155.9713
2012-06-27,GLD,stock,153.3,153.45,152.15,152.83,4840649,2012-06-27,2012-06-27,42.1384,154.7572,158.6262,156.1722
2012-06-26,GLD,stock,153.03,153.3,152.13,152.62,6121696,2012-06-26,2012-06-26,41.3179,154.9600,158.6844,156.3086
2012-06-25,GLD,stock,152.58,154.16,152.25,153.76,6183414,2012-06-25,2012-06-25,44.4985,155.2063,158.7454,156.4591
2012-06-22,GLD,stock,152.04,152.7,151.21,152.64,6754970,2012-06-22,2012-06-22,40.3065,155.3586,158.7955,156.5693
2012-06-21,GLD,stock,153.73,154.2299,151.8,152.015,14443650,2012-06-21,2012-06-21,37.8751,155.6447,158.8574,156.7297
2012-06-20,GLD,stock,156,157.37,154.26,155.97,16969999,2012-06-20,2012-06-20,49.7924,156.0268,158.9261,156.9221
2012-06-19,GLD,stock,158,158.14,156.97,157.16,6944945,2012-06-19,2012-06-19,54.5916,156.0328,158.9558,156.9610
2012-06-18,GLD,stock,157.46,158.21,156.54,157.93,6732218,2012-06-18,2012-06-18,57.9474,155.9141,158.9739,156.9528
2012-06-15,GLD,stock,157.75,158.46,157.42,157.84,13099205,2012-06-15,2012-06-15,57.6650,155.7020,158.9844,156.9130
2012-06-14,GLD,stock,157.64,157.94,156.24,157.75,11502355,2012-06-14,2012-06-14,57.3993,155.4769,158.9959,156.8751
2012-06-13,GLD,stock,157.61,157.65,156.42,157.12,10109544,2012-06-13,2012-06-13,55.5875,155.2376,159.0084,156.8394
2012-06-12,GLD,stock,155.49,157.04,155.45,156.4594,13240241,2012-06-12,2012-06-12,53.6690,155.0395,159.0274,156.8280
2012-06-11,GLD,stock,154.83,155.4,153.55,155.36,9131220,2012-06-11,2012-06-11,50.3549,154.8900,159.0532,156.8430
2012-06-08,GLD,stock,153.02,154.83,153,154.73,11074715,2012-06-08,2012-06-08,48.3905,154.8405,159.0903,156.9035
2012-06-07,GLD,stock,157.82,157.84,153.19,154.5,18916298,2012-06-07,2012-06-07,47.6888,154.8522,159.1341,156.9923
2012-06-06,GLD,stock,158.9,159.2,156.59,157.21,15751321,2012-06-06,2012-06-06,56.0225,154.8892,159.1807,157.0940
2012-06-05,GLD,stock,156.92,157.27,156.42,157.14,8082444,2012-06-05,2012-06-05,55.8374,154.6450,159.2005,157.0892
2012-06-04,GLD,stock,157.26,157.44,156.16,157.32,11456524,2012-06-04,2012-06-04,56.4043,154.3823,159.2212,157.0872
2012-06-01,GLD,stock,155.41,158.31,154.87,157.5,27397375,2012-06-01,2012-06-01,56.9410,154.0731,159.2403,157.0777
2012-05-31,GLD,stock,152.0284,152.71,150.62,151.62,10113854,2012-05-31,2012-05-31,39.4663,153.7124,159.2578,157.0604
2012-05-30,GLD,stock,149.74,152.38,148.53,151.91,16764138,2012-05-30,2012-05-30,40.2137,153.9326,159.3346,157.2825
2012-05-29,GLD,stock,153.47,153.62,150.25,151.02,11241814,2012-05-29,2012-05-29,36.8030,154.1455,159.4092,157.5018
2012-05-25,GLD,stock,151.89,152.85,151.63,152.68,6212116,2012-05-25,2012-05-25,40.8379,154.4745,159.4935,157.7663
2012-05-24,GLD,stock,152.71,152.91,150.62,151.41,9696915,2012-05-24,2012-05-24,35.8408,154.6634,159.5620,157.9739
2012-05-23,GLD,stock,151.5,151.8401,148.84,151.62,18841828,2012-05-23,2012-05-23,36.3118,155.0059,159.6439,158.2419
2012-05-22,GLD,stock,153.59,154.42,151.55,152.08,11299267,2012-05-22,2012-05-22,37.3089,155.3623,159.7245,158.5121
2012-05-21,GLD,stock,154.11,154.95,153.86,154.65,7526080,2012-05-21,2012-05-21,43.5067,155.7078,159.8014,158.7747
2012-05-18,GLD,stock,154.46,155.13,153.97,154.55,12993503,2012-05-18,2012-05-18,43.1655,155.8191,159.8532,158.9430
2012-05-17,GLD,stock,150.83,153.4,150.38,152.8,18068155,2012-05-17,2012-05-17,36.9819,155.9527,159.9064,159.1223
2012-05-16,GLD,stock,149.48,150.7,148.6,149.46,16737769,2012-05-16,2012-05-16,21.9281,156.2846,159.9779,159.3804
2012-05-15,GLD,stock,151.16,151.44,149.63,149.74,13351412,2012-05-15,2012-05-15,22.3436,157.0030,160.0836,159.7853
2012-05-14,GLD,stock,151.58,152.03,151,151.33,13384937,2012-05-14,2012-05-14,24.8238,157.7675,160.1875,160.1953
2012-05-11,GLD,stock,153.44,154.47,153.24,153.56,8285440,2012-05-11,2012-05-11,29.0188,158.4451,160.2766,160.5572
2012-05-10,GLD,stock,155.16,155.57,154.64,154.77,7457941,2012-05-10,2012-05-10,31.7195,158.9594,160.3441,160.8428
2012-05-09,GLD,stock,154.1,154.98,153.6,154.47,13863236,2012-05-09,2012-05-09,30.2245,159.4004,160.4001,161.0906
2012-05-08,GLD,stock,156.61,156.73,154.92,156,17850498,2012-05-08,2012-05-08,33.7211,159.9193,160.4597,161.3609
2012-05-07,GLD,stock,159.31,159.34,158.45,159.08,4921777,2012-05-07,2012-05-07,43.0258,160.3319,160.5045,161.5797
2012-05-04,GLD,stock,158.82,159.98,158.57,159.47,11388888,2012-05-04,2012-05-04,44.4685,160.4637,160.5188,161.6817
2012-05-03,GLD,stock,159.16,159.48,158.37,158.97,13157856,2012-05-03,2012-05-03,42.1596,160.5683,160.5294,161.7720
2012-05-02,GLD,stock,160.74,160.78,159.76,160.59,5632275,2012-05-02,2012-05-02,48.1874,160.7365,160.5450,161.8863
2012-05-01,GLD,stock,162.09,162.18,160.89,161.32,7413537,2012-05-01,2012-05-01,51.2537,160.7520,160.5446,161.9392
2012-04-30,GLD,stock,160.49,161.88,160.31,161.88,7971326,2012-04-30,2012-04-30,53.6871,160.6922,160.5368,161.9645
2012-04-27,GLD,stock,161.78,161.97,161.15,161.38,8376863,2012-04-27,2012-04-27,51.7894,160.5671,160.5233,161.9680
2012-04-26,GLD,stock,160.46,161.38,160.1,161.03,10917819,2012-04-26,2012-04-26,50.4701,160.4816,160.5147,161.9920
2012-04-25,GLD,stock,159.48,159.96,157.76,159.62,15092799,2012-04-25,2012-04-25,44.8220,160.4238,160.5095,162.0312
2012-04-24,GLD,stock,159.63,160.18,159.29,159.3,5199489,2012-04-24,2012-04-24,43.4633,160.5084,160.5184,162.1297
2012-04-23,GLD,stock,158.2,159.18,157.88,159.07,8871740,2012-04-23,2012-04-23,42.5186,160.6356,160.5307,162.2451
2012-04-20,GLD,stock,159.25,159.91,159.2,159.54,9148643,2012-04-20,2012-04-20,43.9108,160.8004,160.5454,162.3747
2012-04-19,GLD,stock,160,160.64,159.02,159.43,9914331,2012-04-19,2012-04-19,43.5088,160.9331,160.5555,162.4905
2012-04-18,GLD,stock,159.49,160.12,159.07,159.31,7462255,2012-04-18,2012-04-18,43.0957,161.0913,160.5668,162.6154
2012-04-17,GLD,stock,160.54,160.96,158.75,160.27,7584911,2012-04-17,2012-04-17,45.5714,161.2789,160.5794,162.7503
2012-04-16,GLD,stock,160.51,161.18,159.53,160.46,6670355,2012-04-16,2012-04-16,46.0576,161.3851,160.5825,162.8515
2012-04-13,GLD,stock,162.4509,162.46,160.17,160.85,10040986,2012-04-13,2012-04-13,47.0138,161.4824,160.5837,162.9491
2012-04-12,GLD,stock,160.74,163.2,160.455,162.7,9228811,2012-04-12,2012-04-12,51.7455,161.5490,160.5811,163.0348
2012-04-11,GLD,stock,161.2,161.54,160.74,161.065,10005228,2012-04-11,2012-04-11,47.4011,161.4278,160.5598,163.0485
2012-04-10,GLD,stock,159.66,161.58,158.47,161.1,14287102,2012-04-10,2012-04-10,47.4861,161.4660,160.5547,163.1294
2012-04-09,GLD,stock,159.72,160.01,158.91,159.37,8245637,2012-04-09,2012-04-09,42.7774,161.5046,160.5492,163.2123
2012-04-05,GLD,stock,157.87,158.68,157.78,158.31,8966909,2012-04-05,2012-04-05,39.7013,161.7293,160.5611,163.3691
2012-04-04,GLD,stock,157.7,158.03,156.58,157.21,15967582,2012-04-04,2012-04-04,36.4071,162.0892,160.5837,163.5756
2012-04-03,GLD,stock,163.23,163.23,159.17,159.89,16822239,2012-04-03,2012-04-03,41.5414,162.6028,160.6176,163.8354
2012-04-02,GLD,stock,161.96,163.56,161.81,162.94,7541174,2012-04-02,2012-04-02,48.8165,162.8883,160.6249,163.9964
2012-03-30,GLD,stock,161.67,162.33,161.22,162.12,7533885,2012-03-30,2012-03-30,46.4764,162.8829,160.6016,164.0396
2012-03-29,GLD,stock,161.14,161.46,159.81,161.28,11026011,2012-03-29,2012-03-29,44.0428,162.9632,160.5864,164.1179
2012-03-28,GLD,stock,162.71,162.98,160.66,161.51,11007340,2012-03-28,2012-03-28,44.5579,163.1404,160.5794,164.2337
2012-03-27,GLD,stock,164.52,164.89,163.13,163.24,10904111,2012-03-27,2012-03-27,48.5214,163.3120,160.5701,164.3449
2012-03-26,GLD,stock,163.17,164.54,162.95,164.4,13207932,2012-03-26,2012-03-26,51.3662,163.3196,160.5432,164.3900
2012-03-23,GLD,stock,160.88,161.88,160.52,161.5329,10688811,2012-03-23,2012-03-23,43.8044,163.2058,160.5045,164.3896
2012-03-22,GLD,stock,158.2,159.71,158.13,159.57,11103122,2012-03-22,2012-03-22,37.6406,163.3819,160.4941,164.5062
2012-03-21,GLD,stock,160.63,161.48,160.15,160.21,6672513,2012-03-21,2012-03-21,38.9335,163.7832,160.5034,164.7077
2012-03-20,GLD,stock,160.1976,161.08,159.77,160.13,11641613,2012-03-20,2012-03-20,38.6890,164.1593,160.5064,164.8913
2012-03-19,GLD,stock,160.85,162.3,160.722,161.59,9920363,2012-03-19,2012-03-19,41.5045,164.5835,160.5101,165.0856
2012-03-16,GLD,stock,160.08,161.54,159.9201,161.3,12547960,2012-03-16,2012-03-16,40.7087,164.8986,160.4993,165.2283
2012-03-15,GLD,stock,159.73,161.98,159.28,161.08,12687808,2012-03-15,2012-03-15,40.1350,165.2774,160.4912,165.3886
2012-03-14,GLD,stock,159.61,160.5758,158.8,159.57,28819836,2012-03-14,2012-03-14,36.2004,165.7192,160.4853,165.5645
2012-03-13,GLD,stock,163.94,165.41,161.43,162.3,20027415,2012-03-13,2012-03-13,40.6901,166.3665,160.4945,165.8092
2012-03-12,GLD,stock,165.33,165.58,164.4,165.07,6518657,2012-03-12,2012-03-12,46.0739,166.7945,160.4764,165.9524
2012-03-09,GLD,stock,163.64,166.57,163.25,166.3799,13698199,2012-03-09,2012-03-09,48.9159,166.9761,160.4302,165.9884
2012-03-08,GLD,stock,164.74,165.55,164.05,165.28,8857398,2012-03-08,2012-03-08,46.3349,167.0388,160.3704,165.9724
2012-03-07,GLD,stock,162.76,164.02,162.51,163.63,9553024,2012-03-07,2012-03-07,42.2719,167.2240,160.3211,166.0007
2012-03-06,GLD,stock,162.15,162.81,161.78,162.7,15529521,2012-03-06,2012-03-06,39.8901,167.6023,160.2878,166.0974
2012-03-05,GLD,stock,165.77,165.91,164.55,165.65,12069034,2012-03-05,2012-03-05,45.4085,168.1183,160.2636,166.2361
2012-03-02,GLD,stock,166.23,166.83,165.63,166.34,9296936,2012-03-02,2012-03-02,46.8151,168.3781,160.2094,166.2600
2012-03-01,GLD,stock,166.1,167.72,165.75,166.61,19182475,2012-03-01,2012-03-01,47.3481,168.5927,160.1478,166.2568
2012-02-29,GLD,stock,173.19,173.59,164,164.286,43915153,2012-02-29,2012-02-29,42.0780,168.8014,160.0829,166.2424
2012-02-28,GLD,stock,172.84,174,172.6,173.49,12400606,2012-02-28,2012-02-28,66.5891,169.2767,160.0406,166.3222
2012-02-27,GLD,stock,172.14,172.92,171.58,171.7,7326080,2012-02-27,2012-02-27,62.6612,168.8332,159.9055,166.0296
2012-02-24,GLD,stock,172.63,173.04,172,172.231,9293412,2012-02-24,2012-02-24,64.7584,168.5314,159.7869,165.7982
2012-02-23,GLD,stock,172.69,173.77,172.28,173.02,11623126,2012-02-23,2012-02-23,67.8935,168.1420,159.6619,165.5356
2012-02-22,GLD,stock,170.4,173.17,170.19,172.94,16645291,2012-02-22,2012-02-22,67.7465,167.6285,159.5276,165.2302
2012-02-21,GLD,stock,169.65,171.07,169.59,171.02,13586548,2012-02-21,2012-02-21,64.0811,167.0694,159.3928,164.9155
2012-02-17,GLD,stock,168.29,168.33,166.872,167.35,7286847,2012-02-17,2012-02-17,55.0053,166.6535,159.2760,164.6663
2012-02-16,GLD,stock,166.33,168.14,166.17,168,10706720,2012-02-16,2012-02-16,57.3902,166.5802,159.1948,164.5568
2012-02-15,GLD,stock,168.63,168.75,167.19,168.108,11638285,2012-02-15,2012-02-15,57.7767,166.4307,159.1063,164.4162
2012-02-14,GLD,stock,167.65,167.93,166.42,167.12,7860046,2012-02-14,2012-02-14,55.2147,166.2542,159.0159,164.2655
2012-02-13,GLD,stock,167.33,167.94,166.74,167.51,7085449,2012-02-13,2012-02-13,56.4706,166.1631,158.9344,164.1490
2012-02-10,GLD,stock,166.49,167.64,166.33,167.14,10326683,2012-02-10,2012-02-10,55.5805,166.0213,158.8482,164.0119
2012-02-09,GLD,stock,170.01,170.37,167.67,168.02,16049485,2012-02-09,2012-02-09,58.2093,165.9035,158.7649,163.8842
2012-02-08,GLD,stock,169.26,169.96,167.5,168.5,10632480,2012-02-08,2012-02-08,59.6379,165.6807,158.6719,163.7154
2012-02-07,GLD,stock,167.38,170.09,167.15,169.7,11607548,2012-02-07,2012-02-07,63.2411,165.3840,158.5731,163.5201
2012-02-06,GLD,stock,166.96,167.68,166.61,167.18,8771205,2012-02-06,2012-02-06,58.3320,164.9296,158.4613,163.2678
2012-02-03,GLD,stock,169.88,170.14,167.51,167.64,23353362,2012-02-03,2012-02-03,59.6830,164.6927,158.3736,163.1082
2012-02-02,GLD,stock,169.96,171.2299,169.68,171.05,11505527,2012-02-02,2012-02-02,71.0030,164.3825,158.2805,162.9232
2012-02-01,GLD,stock,169.75,170.18,169.08,169.56,7717305,2012-02-01,2012-02-01,68.5854,163.6807,158.1522,162.5915
2012-01-31,GLD,stock,169.77,169.86,167.72,169.31,11159789,2012-01-31,2012-01-31,68.1720,163.0618,158.0375,162.3070
2012-01-30,GLD,stock,168.19,168.54,167.74,168.03,8414248,2012-01-30,2012-01-30,66.0477,162.4041,157.9242,162.0212
2012-01-27,GLD,stock,167.44,169,167.41,168.97,13028531,2012-01-27,2012-01-27,69.1971,161.8119,157.8227,161.7760
2012-01-26,GLD,stock,168.05,168.31,167.05,167.27,19116178,2012-01-26,2012-01-26,66.5158,161.0584,157.7106,161.4823
2012-01-25,GLD,stock,161.07,166.55,160.29,166.42,28927337,2012-01-25,2012-01-25,65.1055,160.4045,157.6146,161.2461
2012-01-24,GLD,stock,161.81,162.37,161.53,162.01,7500589,2012-01-24,2012-01-24,56.2228,159.7713,157.5261,161.0349
2012-01-23,GLD,stock,162.325,163.47,162.325,163.16,8831870,2012-01-23,2012-01-23,59.9160,159.5357,157.4810,160.9951
2012-01-20,GLD,stock,160.5,162.09,160,162.07,11614926,2012-01-20,2012-01-20,57.4564,159.1542,157.4239,160.9067
2012-01-19,GLD,stock,160.96,161.45,160.33,161.22,8110676,2012-01-19,2012-01-19,55.4781,158.8473,157.3772,160.8593
2012-01-18,GLD,stock,159.94,161.64,159.68,161.6,9278564,2012-01-18,2012-01-18,56.5701,158.5975,157.3386,160.8445
2012-01-17,GLD,stock,161.17,161.65,160.42,160.5,8276913,2012-01-17,2012-01-17,54.1440,158.2814,157.2958,160.8137
2012-01-13,GLD,stock,159.32,159.59,158.01,159.26,8910256,2012-01-13,2012-01-13,51.2960,158.0479,157.2636,160.8265
2012-01-12,GLD,stock,161.02,161.615,159.83,160.38,8599095,2012-01-12,2012-01-12,54.1148,157.9203,157.2435,160.8904
2012-01-11,GLD,stock,159.34,160.05,158.91,159.67,7967256,2012-01-11,2012-01-11,52.5810,157.6614,157.2120,160.9113
2012-01-10,GLD,stock,158.97,159.47,158.47,158.64,8303102,2012-01-10,2012-01-10,50.3450,157.4500,157.1873,160.9619
2012-01-09,GLD,stock,157.36,157.59,156.19,156.5,8764806,2012-01-09,2012-01-09,45.3756,157.3247,157.1727,161.0567
2012-01-06,GLD,stock,158.5901,158.63,156.38,157.2,9790121,2012-01-06,2012-01-06,46.7981,157.4115,157.1794,161.2427
2012-01-05,GLD,stock,155.37,158.03,155.25,157.78,11597949,2012-01-05,2012-01-05,47.9548,157.4338,157.1792,161.4077
2012-01-04,GLD,stock,155.43,157.38,155.34,156.71,11517798,2012-01-04,2012-01-04,45.6537,157.3974,157.1732,161.5558
2012-01-03,GLD,stock,154.76,156.3,154.55,155.92,13353568,2012-01-03,2012-01-03,43.9549,157.4697,157.1779,161.7536
2011-12-30,GLD,stock,152.1401,153.75,151.79,151.99,10852657,2011-12-30,2011-12-30,34.4964,157.6328,157.1905,161.9917
2011-12-29,GLD,stock,149.09,150.72,148.27,150.34,19790384,2011-12-29,2011-12-29,29.8830,158.2268,157.2428,162.3999
2011-12-28,GLD,stock,154.05,154.26,150.66,151.03,16403309,2011-12-28,2011-12-28,30.7232,159.0570,157.3121,162.8921
2011-12-27,GLD,stock,155.08,155.55,154.54,154.91,4917681,2011-12-27,2011-12-27,36.0101,159.9020,157.3753,163.3763
2011-12-23,GLD,stock,156.35,156.49,155.82,156.31,3565083,2011-12-23,2011-12-23,38.2133,160.4274,157.4000,163.7219
2011-12-22,GLD,stock,156.35,156.8,155.33,156.04,9887558,2011-12-22,2011-12-22,37.5288,160.8608,157.4110,164.0244
2011-12-21,GLD,stock,156.98,157.53,156.13,157.16,11992929,2011-12-21,2011-12-21,39.2016,161.3683,157.4248,164.3503
2011-12-20,GLD,stock,156.82,157.43,156.58,156.98,9134635,2011-12-20,2011-12-20,38.7945,161.8113,157.4274,164.6438
2011-12-19,GLD,stock,155.48,155.86,154.36,154.87,12487532,2011-12-19,2011-12-19,33.9824,162.3198,157.4319,164.9566
2011-12-16,GLD,stock,154.31,155.37,153.9,155.23,18123126,2011-12-16,2011-12-16,34.4110,163.1040,157.4577,165.3683
2011-12-15,GLD,stock,154.74,154.95,151.71,152.33,21505804,2011-12-15,2011-12-15,27.5782,163.9329,157.4801,165.7821
2011-12-14,GLD,stock,156.785,157.34,152.05,152.89,42227780,2011-12-14,2011-12-14,28.1032,165.1542,157.5318,166.3312
2011-12-13,GLD,stock,161.86,163.19,157.76,158.45,24959155,2011-12-13,2011-12-13,34.0849,166.4452,157.5785,166.8798
2011-12-12,GLD,stock,162.35,162.41,161.14,161.99,15311393,2011-12-12,2011-12-12,38.9916,167.2868,157.5697,167.2239
2011-12-09,GLD,stock,166.43,167.34,166.12,166.4,8353970,2011-12-09,2011-12-09,46.7819,167.8443,157.5253,167.4375
2011-12-08,GLD,stock,166.96,167.63,165.73,165.976,11718284,2011-12-08,2011-12-08,45.8154,167.9964,157.4361,167.4798
2011-12-07,GLD,stock,168.79,169.52,167.76,169.4,10344941,2011-12-07,2011-12-07,53.0383,168.2090,157.3503,167.5412
2011-12-06,GLD,stock,166.31,168.57,165.53,168.18,10381430,2011-12-06,2011-12-06,50.4539,168.0837,157.2292,167.4653
2011-12-05,GLD,stock,169.06,169.95,167.06,167.32,10243312,2011-12-05,2011-12-05,48.6025,168.0735,157.1191,167.4362
2011-12-02,GLD,stock,170.65,170.8,169.36,169.82,8433178,2011-12-02,2011-12-02,54.0549,168.1529,157.0166,167.4409
2011-12-01,GLD,stock,169.8499,170.57,168.59,169.63,11607847,2011-12-01,2011-12-01,53.6883,167.9774,156.8879,167.3438
2011-11-30,GLD,stock,169.7,170.3,169.06,170.13,11805407,2011-11-30,2011-11-30,54.7560,167.8034,156.7599,167.2505
2011-11-29,GLD,stock,166.4,167.33,166.08,166.88,9183125,2011-11-29,2011-11-29,48.5841,167.5585,156.6255,167.1330
2011-11-28,GLD,stock,166.93,167.14,165.98,166.63,12002022,2011-11-28,2011-11-28,48.0782,167.6299,156.5224,167.1433
2011-11-25,GLD,stock,163.33,165.2,163.29,163.4,6097917,2011-11-25,2011-11-25,41.1285,167.7352,156.4208,167.1642
2011-11-23,GLD,stock,164.55,165.37,163.12,164.83,11475691,2011-11-23,2011-11-23,43.5234,168.1915,156.3507,167.3179
2011-11-22,GLD,stock,164.74,165.92,164.61,165.31,12090123,2011-11-22,2011-11-22,44.3279,168.5454,156.2655,167.4194
2011-11-21,GLD,stock,166.6099,166.71,162.07,163.5,22012956,2011-11-21,2011-11-21,40.4752,168.8859,156.1746,167.5055
2011-11-18,GLD,stock,167.23,168.69,166.6,167.62,14014429,2011-11-18,2011-11-18,47.4100,169.4529,156.1010,167.6690
2011-11-17,GLD,stock,170.04,170.3,166.39,167.1,28457067,2011-11-17,2011-11-17,46.3324,169.6458,155.9852,167.6710
2011-11-16,GLD,stock,171.63,172.96,170.57,171.51,15090037,2011-11-16,2011-11-16,55.2479,169.9138,155.8735,167.6943
2011-11-15,GLD,stock,173.35,173.81,171.9,173.36,9166975,2011-11-15,2011-11-15,59.7246,169.7458,155.7163,167.5386
2011-11-14,GLD,stock,173.74,173.86,172.59,173.2,5884521,2011-11-14,2011-11-14,59.4608,169.3653,155.5390,167.3010
2011-11-11,GLD,stock,172.1,174.05,172.07,173.96,8726622,2011-11-11,2011-11-11,61.2298,168.9617,155.3615,167.0602
2011-11-10,GLD,stock,172.4299,172.59,168.83,171.14,11826666,2011-11-10,2011-11-10,56.8018,168.4355,155.1746,166.7786
2011-11-09,GLD,stock,174.28,174.81,171.61,172.07,12277050,2011-11-09,2011-11-09,58.8604,168.1508,155.0141,166.6005
2011-11-08,GLD,stock,174.35,175.46,172.9,173.53,16053116,2011-11-08,2011-11-08,62.1436,167.7383,154.8427,166.3773
2011-11-07,GLD,stock,172.85,175,172.71,174.98,20123562,2011-11-07,2011-11-07,65.5137,167.1287,154.6549,166.0854
2011-11-04,GLD,stock,171.03,171.34,170.16,170.85,11059795,2011-11-04,2011-11-04,59.7391,166.3022,154.4506,165.7223
2011-11-03,GLD,stock,171.17,172.04,169.9,171.72,17563490,2011-11-03,2011-11-03,61.7620,165.8235,154.2858,165.5130
2011-11-02,GLD,stock,168.59,169.7386,167.3,169.06,14523008,2011-11-02,2011-11-02,57.6949,165.2028,154.1106,165.2597
2011-11-01,GLD,stock,164.03,167.41,163.61,167.38,15313594,2011-11-01,2011-11-01,54.8803,164.7968,153.9604,165.1046
2011-10-31,GLD,stock,167.76,168.16,166.91,167.34,8431542,2011-10-31,2011-10-31,54.8139,164.5248,153.8255,165.0117
2011-10-28,GLD,stock,169.64,169.94,168.75,169.62,9362855,2011-10-28,2011-10-28,59.4489,164.2285,153.6897,164.9166
2011-10-27,GLD,stock,167.59,170.29,166.65,169.94,15879731,2011-10-27,2011-10-27,60.1113,163.6610,153.5296,164.7247
2011-10-26,GLD,stock,167.03,168.05,166.42,167.4,17085909,2011-10-26,2011-10-26,56.5421,163.0000,153.3646,164.5118
2011-10-25,GLD,stock,161.24,166.34,160.4088,165.59,22086538,2011-10-25,2011-10-25,53.8071,162.5369,153.2236,164.3939
2011-10-24,GLD,stock,160.55,161.33,160.22,161.02,10174003,2011-10-24,2011-10-24,45.8116,162.2155,153.0993,164.3451
2011-10-21,GLD,stock,159.99,160.45,158.94,159.52,13334206,2011-10-21,2011-10-21,42.7937,162.3414,153.0197,164.4808
2011-10-20,GLD,stock,157.62,158.42,156.05,157.77,17343438,2011-10-20,2011-10-20,39.1205,162.6383,152.9544,164.6833
2011-10-19,GLD,stock,161.09,161.43,159.55,159.87,8520672,2011-10-19,2011-10-19,42.1351,163.1508,152.9060,164.9655
2011-10-18,GLD,stock,159.96,162.03,158.303,161.84,15363273,2011-10-18,2011-10-18,45.1670,163.4961,152.8360,165.1734
2011-10-17,GLD,stock,164,164.16,161.95,162.62,8752014,2011-10-17,2011-10-17,46.3944,163.6705,152.7455,165.3095
2011-10-14,GLD,stock,163.33,163.82,162.25,163.4,9737804,2011-10-14,2011-10-14,47.5954,163.7810,152.6462,165.4193
2011-10-13,GLD,stock,162.3,162.48,160.82,162.3,8327056,2011-10-13,2011-10-13,45.7566,163.8212,152.5382,165.5017
2011-10-12,GLD,stock,163.7,164,162.5,163.26,10866834,2011-10-12,2011-10-12,47.0958,163.9813,152.4400,165.6324
2011-10-11,GLD,stock,162.21,162.51,161.2133,162.1,8253929,2011-10-11,2011-10-11,45.2995,164.0572,152.3313,165.7292
2011-10-10,GLD,stock,162.05,163.32,161.14,163.266,8936828,2011-10-10,2011-10-10,46.7821,164.2632,152.2331,165.8773
2011-10-07,GLD,stock,161.02,161.58,158.23,159.18,12977372,2011-10-07,2011-10-07,40.4389,164.3682,152.1222,165.9839
2011-10-06,GLD,stock,160.02,161.11,158.77,160.49,12386047,2011-10-06,2011-10-06,41.9266,164.9143,152.0513,166.2616
2011-10-05,GLD,stock,158.01,160.32,156.4355,159.46,15127963,2011-10-05,2011-10-05,40.3237,165.3800,151.9665,166.4972
2011-10-04,GLD,stock,160.95,161.03,155.27,157.644,24023515,2011-10-04,2011-10-04,37.4995,166.0032,151.8912,166.7845
2011-10-03,GLD,stock,161.09,161.56,159.93,160.96,14105979,2011-10-03,2011-10-03,40.7712,166.8831,151.8334,167.1575
2011-09-30,GLD,stock,157.3,160,156.33,158.06,16769046,2011-09-30,2011-09-30,36.2547,167.5066,151.7416,167.4105
2011-09-29,GLD,stock,158.12,158.2,156.14,157.7,17223568,2011-09-29,2011-09-29,35.6895,168.5010,151.6781,167.7921
2011-09-28,GLD,stock,160.73,161.29,155.56,156.22,21932619,2011-09-28,2011-09-28,33.4361,169.6379,151.6176,168.2041
2011-09-27,GLD,stock,161.61,162.29,159.91,160.63,25077257,2011-09-27,2011-09-27,37.0257,171.0503,151.5714,168.6932
2011-09-26,GLD,stock,157.12,158.8,154.19,157.58,42320511,2011-09-26,2011-09-26,32.3624,172.1472,151.4803,169.0223
2011-09-23,GLD,stock,164.51,165.72,158.55,159.8,52977111,2011-09-23,2011-09-23,34.0674,173.6806,151.4190,169.4894
2011-09-22,GLD,stock,169.3,170.32,167.48,169.05,32455460,2011-09-22,2011-09-22,42.7899,175.1417,151.3348,169.8848
2011-09-21,GLD,stock,174.79,176.73,173.14,173.59,16405264,2011-09-21,2011-09-21,48.4427,175.7830,151.1567,169.9189
2011-09-20,GLD,stock,173.18,176.37,172.84,175.78,12661057,2011-09-20,2011-09-20,51.4894,176.0138,150.9313,169.7691
2011-09-19,GLD,stock,176.83,176.86,172.2,173.31,18218594,2011-09-19,2011-09-19,48.0688,176.0384,150.6815,169.5237
2011-09-16,GLD,stock,173.72,177.4,173.71,176.03,20693541,2011-09-16,2011-09-16,51.8041,176.3256,150.4541,169.3692
2011-09-15,GLD,stock,174.61,174.85,172.56,174.4,20875554,2011-09-15,2011-09-15,49.6259,176.3567,150.1971,169.0973
2011-09-14,GLD,stock,177.55,177.78,176.05,177.21,18098280,2011-09-14,2011-09-14,53.4962,176.5627,149.9538,168.8809
2011-09-13,GLD,stock,177.52,179.54,176.29,178.54,17223091,2011-09-13,2011-09-13,55.3950,176.4946,149.6799,168.5409
2011-09-12,GLD,stock,178.49,178.99,175.33,176.67,21788441,2011-09-12,2011-09-12,53.2275,176.2792,149.3899,168.1328
2011-09-09,GLD,stock,179.76,181.95,179.17,180.7,25429192,2011-09-09,2011-09-09,58.9608,176.2381,149.1157,167.7843
2011-09-08,GLD,stock,181.39,182.12,179.77,181.81,20695193,2011-09-08,2011-09-08,60.6311,175.7684,148.7983,167.2572
2011-09-07,GLD,stock,176.19,178.09,174.45,177.08,30729085,2011-09-07,2011-09-07,55.6609,175.1325,148.4665,166.6632
2011-09-06,GLD,stock,184.58,185.85,181.31,182.9,30207480,2011-09-06,2011-09-06,65.0429,174.9275,148.1789,166.2380
2011-09-02,GLD,stock,182.8199,183.51,182.1,183.238,19909444,2011-09-02,2011-09-02,65.6395,174.0883,147.8299,165.5579
2011-09-01,GLD,stock,177.44,178.26,176.55,177.87,13894466,2011-09-01,2011-09-01,60.2641,173.1251,147.4741,164.8363
2011-08-31,GLD,stock,177.73,179.16,176.33,177.72,16050857,2011-08-31,2011-08-31,60.1022,172.6257,147.1686,164.3043
2011-08-30,GLD,stock,177.7,179.31,176.66,179.1,23398408,2011-08-30,2011-08-30,62.2704,172.0894,146.8616,163.7567
2011-08-29,GLD,stock,175.945,176.01,172.88,173.89,25212442,2011-08-29,2011-08-29,56.8079,171.3515,146.5375,163.1305
2011-08-26,GLD,stock,173.57,177.55,171.75,177.47,38658177,2011-08-26,2011-08-26,62.5898,171.0843,146.2626,162.6913
2011-08-25,GLD,stock,167,172.81,165.88,172.36,43229175,2011-08-25,2011-08-25,56.7562,170.4121,145.9490,162.0881
2011-08-24,GLD,stock,177.9,178.31,170.31,171.646,70462438,2011-08-24,2011-08-24,55.8632,170.2070,145.6836,161.6688
2011-08-23,GLD,stock,182.245,183.82,177.5,177.67,55218922,2011-08-23,2011-08-23,66.6448,170.0556,145.4226,161.2616
2011-08-22,GLD,stock,181.9499,184.82,181.6,184.59,27352750,2011-08-22,2011-08-22,83.9218,169.2541,145.0985,160.5919
2011-08-19,GLD,stock,181.64,181.67,178.91,179.95,34397928,2011-08-19,2011-08-19,80.8271,167.6398,144.7016,159.6124
2011-08-18,GLD,stock,177.15,178.1,176.41,177.72,25477099,2011-08-18,2011-08-18,79.0255,166.3439,144.3474,158.7822
2011-08-17,GLD,stock,173.87,174.68,173.25,174.42,16463137,2011-08-17,2011-08-17,75.9156,165.1465,144.0120,158.0093
2011-08-16,GLD,stock,172.6,174.07,172.5,173.92,19627868,2011-08-16,2011-08-16,75.4024,164.1703,143.7064,157.3395
2011-08-15,GLD,stock,169.32,171.91,168.95,171.8,17791335,2011-08-15,2011-08-15,73.1503,163.1440,143.4027,156.6627
2011-08-12,GLD,stock,169.57,170.06,167.77,169.97,29219279,2011-08-12,2011-08-12,71.0237,162.2329,143.1173,156.0448
2011-08-11,GLD,stock,172.28,172.34,168.65,170.75,49787230,2011-08-11,2011-08-11,73.3221,161.4184,142.8475,155.4765
2011-08-10,GLD,stock,172.46,175.13,171.62,174.58,44389860,2011-08-10,2011-08-10,86.0140,160.4361,142.5670,154.8531
2011-08-09,GLD,stock,169.93,173.15,167.48,168.61,55694511,2011-08-09,2011-08-09,81.3385,158.9473,142.2453,154.0479
2011-08-08,GLD,stock,165.48,167.61,164.76,167.119,42936663,2011-08-08,2011-08-08,79.7701,157.9302,141.9803,153.4535
2011-08-05,GLD,stock,161.64,162.37,160.48,161.75,24554606,2011-08-05,2011-08-05,71.8633,156.9629,141.7277,152.8957
2011-08-04,GLD,stock,163.61,163.87,159.68,160.64,40355277,2011-08-04,2011-08-04,69.5808,156.4590,141.5264,152.5343
2011-08-03,GLD,stock,162.36,162.86,161.34,161.49,27796014,2011-08-03,2011-08-03,73.8401,156.0189,141.3343,152.2035
2011-08-02,GLD,stock,159.3299,161.62,158.969,161.52,24237100,2011-08-02,2011-08-02,73.9885,155.4430,141.1318,151.8245
2011-08-01,GLD,stock,157.4701,158.97,156.78,157.72,14812573,2011-08-01,2011-08-01,65.9342,154.8034,140.9269,151.4287
2011-07-29,GLD,stock,158.43,159.25,157.68,158.29,17118748,2011-07-29,2011-07-29,68.9061,154.4964,140.7581,151.1719
2011-07-28,GLD,stock,157.54,157.6,156.11,157.32,11363431,2011-07-28,2011-07-28,66.5216,154.0970,140.5819,150.8814
2011-07-27,GLD,stock,158.47,158.6369,156.69,157.19,18291629,2011-07-27,2011-07-27,66.1990,153.7578,140.4137,150.6186
2011-07-26,GLD,stock,156.97,157.79,156.6,157.77,11733682,2011-07-26,2011-07-26,68.9514,153.3965,140.2451,150.3504
2011-07-25,GLD,stock,157.6,157.8,156.72,157.34,13020220,2011-07-25,2011-07-25,68.0365,152.9361,140.0689,150.0475
2011-07-22,GLD,stock,156,156.56,155.68,156.12,11334695,2011-07-22,2011-07-22,65.3463,152.4725,139.8953,149.7499
2011-07-21,GLD,stock,155.91,156.04,154.33,154.83,19990980,2011-07-21,2011-07-21,62.2247,152.0886,139.7323,149.4899
2011-07-20,GLD,stock,154.22,156.02,154.111,156.02,14557958,2011-07-20,2011-07-20,67.4276,151.8000,139.5806,149.2719
2011-07-19,GLD,stock,156.32,156.32,154.1,154.66,22867950,2011-07-19,2011-07-19,64.2559,151.3558,139.4153,148.9965
2011-07-18,GLD,stock,155.76,156.58,155.67,156.57,17114059,2011-07-18,2011-07-18,73.6022,151.0080,139.2621,148.7653
2011-07-15,GLD,stock,154.34,155.29,154.22,155.2,18447614,2011-07-15,2011-07-15,70.7705,150.4225,139.0882,148.4468
2011-07-14,GLD,stock,154.81,155.24,153.95,154.54,17612468,2011-07-14,2011-07-14,69.2971,149.9196,138.9262,148.1711
2011-07-13,GLD,stock,153.7599,154.71,153.58,154.14,26299503,2011-07-13,2011-07-13,68.4008,149.4333,138.7693,147.9112
2011-07-12,GLD,stock,151.24,153.32,150.77,152.77,24032552,2011-07-12,2011-07-12,65.1664,148.9379,138.6148,147.6569
2011-07-11,GLD,stock,151.33,151.69,150.2,151.59,20441788,2011-07-11,2011-07-11,62.0606,148.5345,138.4726,147.4482
2011-07-08,GLD,stock,150.32,150.5,149.99,150.25,13662284,2011-07-08,2011-07-08,58.1234,148.2128,138.3407,147.2792
2011-07-07,GLD,stock,148.97,149.35,148.29,149.15,9520864,2011-07-07,2011-07-07,54.5262,147.9984,138.2211,147.1579
2011-07-06,GLD,stock,148.7,149.44,148.58,148.91,14501588,2011-07-06,2011-07-06,53.7208,147.8772,138.1112,147.0766
2011-07-05,GLD,stock,146.96,147.82,146.85,147.63,11277869,2011-07-05,2011-07-05,49.2713,147.7685,138.0027,147.0018
2011-07-01,GLD,stock,144.76,145.07,143.97,144.93,16364459,2011-07-01,2011-07-01,37.5015,147.7830,137.9059,146.9761
2011-06-30,GLD,stock,147.18,147.41,145.98,146.001,12656969,2011-06-30,2011-06-30,41.0058,148.0833,137.8353,147.0597
2011-06-29,GLD,stock,146.77,147.42,146.44,147.18,12623248,2011-06-29,2011-06-29,45.3363,148.3025,137.7533,147.1029
2011-06-28,GLD,stock,146.16,146.77,145.67,146.24,8803101,2011-06-28,2011-06-28,40.6999,148.4207,137.6585,147.0997
2011-06-27,GLD,stock,145.93,146.4,145.2,145.73,11600182,2011-06-27,2011-06-27,38.0529,148.6503,137.5723,147.1348
2011-06-24,GLD,stock,147.86,148.025,145.97,146.26,19301030,2011-06-24,2011-06-24,39.7658,148.9576,137.4903,147.1921
2011-06-23,GLD,stock,148.6701,148.84,147.26,148.339,24853884,2011-06-23,2011-06-23,47.5645,149.2416,137.4022,147.2302
2011-06-22,GLD,stock,151.01,151.86,150.56,150.99,14104841,2011-06-22,2011-06-22,61.9500,149.3366,137.2922,147.1849
2011-06-21,GLD,stock,150.26,150.87,150.18,150.76,12431765,2011-06-21,2011-06-21,60.9998,149.1626,137.1546,147.0296
2011-06-20,GLD,stock,150.0799,150.79,149.582,150.03,10449500,2011-06-20,2011-06-20,57.9011,148.9944,137.0178,146.8774
2011-06-17,GLD,stock,148.87,150.29,148.83,149.94,19204084,2011-06-17,2011-06-17,57.5147,148.8854,136.8871,146.7487
2011-06-16,GLD,stock,148.83,149.49,148.22,148.97,11019136,2011-06-16,2011-06-16,53.2170,148.7744,136.7559,146.6184
2011-06-15,GLD,stock,148.16,149.55,147.92,149.12,14487350,2011-06-15,2011-06-15,54.0014,148.7538,136.6331,146.5224
2011-06-14,GLD,stock,147.7,148.73,147.478,148.67,10934027,2011-06-14,2011-06-14,52.0318,148.7153,136.5076,146.4164
2011-06-13,GLD,stock,148.6601,149.04,147.19,147.77,12989053,2011-06-13,2011-06-13,47.8878,148.7201,136.3854,146.3244
2011-06-10,GLD,stock,149.04,149.78,148.69,149.24,12344506,2011-06-10,2011-06-10,55.1084,148.8201,136.2710,146.2654
2011-06-09,GLD,stock,150.01,151.02,149.75,150.56,7639520,2011-06-09,2011-06-09,63.0332,148.7759,136.1406,146.1440
2011-06-08,GLD,stock,150.02,150.38,149.3,149.81,9572300,2011-06-08,2011-06-08,59.9982,148.5880,135.9957,145.9638
2011-06-07,GLD,stock,150.67,150.85,149.68,150.42,10133950,2011-06-07,2011-06-07,63.9643,148.4594,135.8569,145.8068
2011-06-06,GLD,stock,150.82,151.45,150.21,150.48,11469957,2011-06-06,2011-06-06,64.3529,148.2530,135.7105,145.6185
2011-06-03,GLD,stock,150.28,150.66,149.62,150.22,12605360,2011-06-03,2011-06-03,63.4598,148.0186,135.5621,145.4201
2011-06-02,GLD,stock,150.15,150.38,148.07,149.5,13552553,2011-06-02,2011-06-02,60.9436,147.7869,135.4148,145.2242
2011-06-01,GLD,stock,149.66,151.13,149.43,149.91,18348689,2011-06-01,2011-06-01,63.2465,147.6066,135.2732,145.0496
2011-05-31,GLD,stock,149.88,150.165,149.41,149.64,10499230,2011-05-31,2011-05-31,62.3771,147.3641,135.1261,144.8512
2011-05-27,GLD,stock,149.02,149.92,148.96,149.7,10186194,2011-05-27,2011-05-27,62.6831,147.1245,134.9802,144.6558
2011-05-26,GLD,stock,148.45,148.61,147.59,148.22,9784977,2011-05-26,2011-05-26,57.9602,146.8534,134.8323,144.4499
2011-05-25,GLD,stock,148.72,149.37,148.52,148.58,10969969,2011-05-25,2011-05-25,59.6658,146.7096,134.6977,144.2960
2011-05-24,GLD,stock,148.48,149.05,148.18,148.59,14934126,2011-05-24,2011-05-24,59.7111,146.5127,134.5582,144.1212
2011-05-23,GLD,stock,147.04,147.95,146.97,147.83,15936925,2011-05-23,2011-05-23,57.4290,146.2941,134.4172,143.9388
2011-05-20,GLD,stock,145.82,147.78,144.9,147.49,23187840,2011-05-20,2011-05-20,56.4031,146.1324,134.2824,143.7799
2011-05-19,GLD,stock,145.12,145.85,144.86,145.65,8087993,2011-05-19,2011-05-19,50.3963,145.9895,134.1496,143.6285
2011-05-18,GLD,stock,145.55,146.22,145.14,145.6,10502691,2011-05-18,2011-05-18,50.2232,146.0252,134.0341,143.5460
2011-05-17,GLD,stock,144.23,144.78,143.42,144.74,17177859,2011-05-17,2011-05-17,47.2860,146.0700,133.9178,143.4622
2011-05-16,GLD,stock,145.88,146.67,145.19,145.37,10062985,2011-05-16,2011-05-16,49.2634,146.2100,133.8091,143.4100
2011-05-13,GLD,stock,146.72,147.28,144.49,145.63,17268691,2011-05-13,2011-05-13,50.0657,146.2984,133.6929,143.3300
2011-05-12,GLD,stock,145.88,147.12,144.96,146.59,18700722,2011-05-12,2011-05-12,53.0267,146.3687,133.5729,143.2361
2011-05-11,GLD,stock,147.24,147.35,145.77,146.54,21376959,2011-05-11,2011-05-11,52.8919,146.3454,133.4421,143.0992
2011-05-10,GLD,stock,147.19,148.19,146.93,147.9,11273530,2011-05-10,2011-05-10,57.0233,146.3250,133.3104,142.9588
2011-05-09,GLD,stock,146.67,147.58,146.34,147.38,13840318,2011-05-09,2011-05-09,55.7975,146.1592,133.1638,142.7571
2011-05-06,GLD,stock,145.24,146.09,144.4,145.3,24181636,2011-05-06,2011-05-06,50.5596,146.0307,133.0209,142.5684
2011-05-05,GLD,stock,146.82,147.58,142.55,143.47,51242712,2011-05-05,2011-05-05,45.2605,146.1076,132.8975,142.4569
2011-05-04,GLD,stock,149.86,150.34,146.76,147.73,35096771,2011-05-04,2011-05-04,58.9088,146.3852,132.7913,142.4156
2011-05-03,GLD,stock,150.43,150.97,148.85,149.88,24195471,2011-05-03,2011-05-03,68.6040,146.2436,132.6411,142.1987
2011-05-02,GLD,stock,151.46,153.61,150.36,150.414,23793105,2011-05-02,2011-05-02,71.3107,145.8609,132.4679,141.8851
2011-04-29,GLD,stock,149.9,153.03,149.75,152.37,27598134,2011-04-29,2011-04-29,82.3636,145.3816,132.2875,141.5370
2011-04-28,GLD,stock,149.3,150,148.6,149.82,20752909,2011-04-28,2011-04-28,78.2901,144.6460,132.0857,141.0948
2011-04-27,GLD,stock,147.38,149.21,146.52,149.2,21911880,2011-04-27,2011-04-27,77.0958,144.1013,131.9074,140.7387
2011-04-26,GLD,stock,146.47,146.62,145.48,146.38,16220533,2011-04-26,2011-04-26,70.1629,143.5646,131.7336,140.3934
2011-04-25,GLD,stock,147.57,147.58,146.42,146.87,15578333,2011-04-25,2011-04-25,73.7655,143.2683,131.5864,140.1490
2011-04-21,GLD,stock,146.57,147.06,146.32,146.74,10110983,2011-04-21,2011-04-21,73.4294,142.8892,131.4328,139.8747
2011-04-20,GLD,stock,146.37,146.84,145.74,146.5,13892104,2011-04-20,2011-04-20,72.8327,142.4838,131.2790,139.5945
2011-04-19,GLD,stock,145.73,146.24,145.18,145.93,10948688,2011-04-19,2011-04-19,71.4173,142.0611,131.1260,139.3126
2011-04-18,GLD,stock,145.21,146.07,144.63,145.93,17332532,2011-04-18,2011-04-18,71.4173,141.6538,130.9772,139.0425
2011-04-15,GLD,stock,143.85,145.12,143.57,145.05,19114034,2011-04-15,2011-04-15,69.2871,141.2037,130.8270,138.7614
2011-04-14,GLD,stock,142.35,143.83,142.23,143.81,14086503,2011-04-14,2011-04-14,65.9685,140.7988,130.6840,138.5047
2011-04-13,GLD,stock,142.3894,142.53,141.48,141.9,13884260,2011-04-13,2011-04-13,59.7478,140.4818,130.5521,138.2882
2011-04-12,GLD,stock,142.74,142.82,140.75,141.61,14947535,2011-04-12,2011-04-12,58.6830,140.3325,130.4381,138.1407
2011-04-11,GLD,stock,143.28,143.49,142.28,142.64,10105348,2011-04-11,2011-04-11,64.2921,140.1981,130.3258,137.9991
2011-04-08,GLD,stock,143.34,143.84,142.97,143.66,13127225,2011-04-08,2011-04-08,70.4875,139.9410,130.2020,137.8097
2011-04-07,GLD,stock,142.23,142.89,141.8,142.51,9486480,2011-04-07,2011-04-07,67.1760,139.5496,130.0668,137.5709
2011-04-06,GLD,stock,142.4,142.62,141.77,142.38,10708151,2011-04-06,2011-04-06,66.7848,139.2379,129.9417,137.3693
2011-04-05,GLD,stock,139.58,142.09,139.52,142.05,18294687,2011-04-05,2011-04-05,65.8247,138.9072,129.8167,137.1648
2011-04-04,GLD,stock,140.13,140.26,139.45,139.84,9669202,2011-04-04,2011-04-04,58.3354,138.5764,129.6937,136.9654
2011-04-01,GLD,stock,138.65,139.55,137.72,139.2,15738269,2011-04-01,2011-04-01,55.7264,138.4434,129.5918,136.8481
2011-03-31,GLD,stock,140.08,140.4,139.78,139.86,15223648,2011-03-31,2011-03-31,59.2811,138.3637,129.4952,136.7521
2011-03-30,GLD,stock,139.07,139.18,137.68,138.67,10748968,2011-03-30,2011-03-30,54.4125,138.2062,129.3910,136.6253
2011-03-29,GLD,stock,138.21,138.82,137.94,138.21,6343740,2011-03-29,2011-03-29,52.3682,138.1574,129.2978,136.5418
2011-03-28,GLD,stock,137.8199,138.83,137.78,138.54,7653556,2011-03-28,2011-03-28,53.9807,138.1518,129.2082,136.4737
2011-03-25,GLD,stock,140,140.24,138.66,139.26,13190848,2011-03-25,2011-03-25,57.5723,138.1110,129.1144,136.3894
2011-03-24,GLD,stock,140.2742,141.28,138.83,139.22,16997216,2011-03-24,2011-03-24,57.4261,137.9900,129.0125,136.2722
2011-03-23,GLD,stock,139.61,140.55,139.55,140.34,11528280,2011-03-23,2011-03-23,63.0742,137.8606,128.9099,136.1519
2011-03-22,GLD,stock,138.88,139.36,138.67,139.05,9553520,2011-03-22,2011-03-22,58.7333,137.5996,128.7950,135.9809
2011-03-21,GLD,stock,139.5,139.91,138.97,139.14,13740287,2011-03-21,2011-03-21,59.1841,137.4469,128.6919,135.8557
2011-03-18,GLD,stock,138.14,138.83,137.76,138.37,18601961,2011-03-18,2011-03-18,56.5341,137.2687,128.5869,135.7216
2011-03-17,GLD,stock,136.56,137.08,136.25,136.97,9117018,2011-03-17,2011-03-17,51.1829,137.1527,128.4886,135.6135
2011-03-16,GLD,stock,136.52,137.2,135.8,136.24,13317685,2011-03-16,2011-03-16,48.0886,137.1720,128.4034,135.5581
2011-03-15,GLD,stock,135.35,136.94,135.23,136.27,23453561,2011-03-15,2011-03-15,48.2052,137.2701,128.3246,135.5303
2011-03-14,GLD,stock,139.33,139.55,138.61,138.86,10236747,2011-03-14,2011-03-14,59.8363,137.3754,128.2447,135.5001
2011-03-11,GLD,stock,137.285,138.93,137.18,138.22,10417098,2011-03-11,2011-03-11,57.4824,137.2191,128.1381,135.3630
2011-03-10,GLD,stock,138.5,138.5,136.845,137.77,15556080,2011-03-10,2011-03-10,55.7907,137.1137,128.0367,135.2464
2011-03-09,GLD,stock,139.92,139.95,138.94,139.41,8723222,2011-03-09,2011-03-09,64.4716,137.0446,127.9389,135.1434
2011-03-08,GLD,stock,139.65,139.66,138.83,139.36,10711140,2011-03-08,2011-03-08,64.3144,136.7956,127.8236,134.9692
2011-03-07,GLD,stock,140.29,140.61,139.28,139.721,14066633,2011-03-07,2011-03-07,66.2805,136.5257,127.7077,134.7900
2011-03-04,GLD,stock,138.63,139.75,138.61,139.35,17454570,2011-03-04,2011-03-04,65.2673,136.1894,127.5869,134.5887
2011-03-03,GLD,stock,138.81,139.13,137.57,138.09,16484937,2011-03-03,2011-03-03,61.6313,135.8567,127.4687,134.3944
2011-03-02,GLD,stock,140.24,140.55,139.48,139.917,15719715,2011-03-02,2011-03-02,71.7436,135.6216,127.3620,134.2436
2011-03-01,GLD,stock,138.57,140.03,138.49,140.03,17396501,2011-03-01,2011-03-01,72.4261,135.1694,127.2358,134.0120
2011-02-28,GLD,stock,137.65,138.14,137.03,137.661,8844132,2011-02-28,2011-02-28,66.1591,134.6578,127.1072,133.7664
2011-02-25,GLD,stock,137.22,137.74,136.77,137.384,10351389,2011-02-25,2011-02-25,65.3029,134.3417,127.0011,133.6074
2011-02-24,GLD,stock,138.04,138.14,135.73,136.48,18774921,2011-02-24,2011-02-24,62.4216,134.0214,126.8968,133.4532
2011-02-23,GLD,stock,136.97,138.2,136.92,137.51,15685505,2011-02-23,2011-02-23,68.4340,133.7626,126.8005,133.3297
2011-02-22,GLD,stock,136.92,137.22,136.19,136.29,16670858,2011-02-22,2011-02-22,64.6937,133.3682,126.6928,133.1591
2011-02-18,GLD,stock,135.17,135.8,134.882,135.41,15890019,2011-02-18,2011-02-18,61.6501,133.0606,126.5964,133.0313
2011-02-17,GLD,stock,134.74,135.16,134.47,135.04,11320442,2011-02-17,2011-02-17,60.3144,132.8133,126.5078,132.9342
2011-02-16,GLD,stock,134.23,134.86,133.45,134.1,12822786,2011-02-16,2011-02-16,56.7618,132.5789,126.4221,132.8482
2011-02-15,GLD,stock,133.8599,134.17,133.63,133.97,10110840,2011-02-15,2011-02-15,56.2590,132.4188,126.3449,132.7972
2011-02-14,GLD,stock,132.95,133.38,132.7,132.95,8693609,2011-02-14,2011-02-14,52.2097,132.2555,126.2683,132.7493
2011-02-11,GLD,stock,133.01,133.44,132.09,132.3225,9888517,2011-02-11,2011-02-11,49.5413,132.1824,126.2011,132.7411
2011-02-10,GLD,stock,132.11,133.31,132,132.85,8080214,2011-02-10,2011-02-10,51.7990,132.1677,126.1396,132.7582
2011-02-09,GLD,stock,133.19,133.39,132.489,133.07,10177059,2011-02-09,2011-02-09,52.7296,132.0958,126.0721,132.7544
2011-02-08,GLD,stock,132.96,133.5,132.8,133.14,16220884,2011-02-08,2011-02-08,53.0109,131.9933,126.0018,132.7415
2011-02-07,GLD,stock,131.67,131.95,131.23,131.68,7174510,2011-02-07,2011-02-07,47.5948,131.8726,125.9301,132.7253
2011-02-04,GLD,stock,131.84,132.7,131.23,131.66,15214060,2011-02-04,2011-02-04,47.5179,131.8929,125.8723,132.7679
2011-02-03,GLD,stock,130.07,132.32,129.28,132.2,17372959,2011-02-03,2011-02-03,49.3340,131.9174,125.8141,132.8132
2011-02-02,GLD,stock,130.37,130.6,129.4536,130.45,10081693,2011-02-02,2011-02-02,42.7494,131.8876,125.7499,132.8382
2011-02-01,GLD,stock,130.52,131.08,129.33,130.8,15363517,2011-02-01,2011-02-01,43.8067,132.0390,125.7027,132.9357
2011-01-31,GLD,stock,129.27,130.51,129.25,129.87,14664022,2011-01-31,2011-01-31,40.1548,132.1694,125.6515,133.0228
2011-01-28,GLD,stock,127.97,131.4762,127.95,130.28,28089733,2011-01-28,2011-01-28,41.2523,132.4114,125.6091,133.1515
2011-01-27,GLD,stock,130.29,130.49,127.8,127.925,33026873,2011-01-27,2011-01-27,31.2266,132.6358,125.5621,133.2687
2011-01-26,GLD,stock,129.83,131.17,129.28,131.16,20539873,2011-01-26,2011-01-26,39.9154,133.1316,125.5384,133.4869
2011-01-25,GLD,stock,129.65,130.27,129.07,130.1,22219658,2011-01-25,2011-01-25,34.3581,133.3392,125.4819,133.5818
2011-01-24,GLD,stock,131.01,131.63,130.14,130.36,15112964,2011-01-24,2011-01-24,35.0975,133.6801,125.4355,133.7239
2011-01-21,GLD,stock,130.76,131.43,130.53,131.03,19488249,2011-01-21,2011-01-21,37.0029,134.0296,125.3860,133.8612
2011-01-20,GLD,stock,131.76,132.1,131.04,131.2,24343966,2011-01-20,2011-01-20,37.4823,134.3454,125.3293,133.9768
2011-01-19,GLD,stock,134.34,134.4,133.4,133.72,11786095,2011-01-19,2011-01-19,45.6179,134.6765,125.2703,134.0901
2011-01-18,GLD,stock,133.625,134,133.17,133.43,11592457,2011-01-18,2011-01-18,44.3266,134.7772,125.1853,134.1053
2011-01-14,GLD,stock,133.17,133.6,132.22,132.69,21224879,2011-01-14,2011-01-14,41.0076,134.9190,125.1025,134.1328
2011-01-13,GLD,stock,135.66,135.68,133.63,134.05,14291846,2011-01-13,2011-01-13,45.6522,135.1536,125.0262,134.1917
2011-01-12,GLD,stock,134.79,135.58,134.35,135.46,10783204,2011-01-12,2011-01-12,51.2393,135.2698,124.9355,134.1975
2011-01-11,GLD,stock,134.79,135.16,133.96,134.91,10265490,2011-01-11,2011-01-11,48.9775,135.2497,124.8298,134.1460
2011-01-10,GLD,stock,133.85,134.2,133.24,134.12,8417705,2011-01-10,2011-01-10,45.6128,135.2855,124.7284,134.1148
2011-01-07,GLD,stock,133.38,134.61,133.18,133.58,16761303,2011-01-07,2011-01-07,43.2369,135.4082,124.6341,134.1146
2011-01-06,GLD,stock,134.05,134.38,133.14,133.83,15964919,2011-01-06,2011-01-06,44.0644,135.6006,124.5441,134.1364
2011-01-05,GLD,stock,133.5,134.68,133.1,134.37,16674993,2011-01-05,2011-01-05,45.8235,135.7870,124.4508,134.1489
2011-01-04,GLD,stock,136.24,136.28,134.16,134.75,26125796,2011-01-04,2011-01-04,47.0509,135.9361,124.3511,134.1399
2011-01-03,GLD,stock,138.67,139,137.88,138,11498235,2011-01-03,2011-01-03,59.7636,136.0610,124.2466,134.1150
2010-12-31,GLD,stock,137.78,138.77,137.72,138.72,9219740,2010-12-31,2010-12-31,63.2809,135.8569,124.1084,133.9564
2010-12-30,GLD,stock,137.58,137.71,136.94,137.03,5749267,2010-12-30,2010-12-30,57.8777,135.5555,123.9615,133.7619
2010-12-29,GLD,stock,137.38,138.05,137.19,137.71,8442221,2010-12-29,2010-12-29,61.2449,135.4003,123.8302,133.6286
2010-12-28,GLD,stock,136.85,137.34,136.62,137.22,10110290,2010-12-28,2010-12-28,59.6751,135.1572,123.6907,133.4620
2010-12-27,GLD,stock,134.96,135.06,134.49,135.02,3436095,2010-12-27,2010-12-27,51.4820,134.9400,123.5547,133.3086
2010-12-23,GLD,stock,134.26,134.9,133.93,134.66,8700716,2010-12-23,2010-12-23,49.9364,134.9316,123.4395,133.2387
2010-12-22,GLD,stock,135.6,135.7,134.97,135.05,7299070,2010-12-22,2010-12-22,51.5896,134.9602,123.3267,133.1807
2010-12-21,GLD,stock,135.17,135.7775,134.79,135.32,10234535,2010-12-21,2010-12-21,52.7115,134.9508,123.2089,133.1044
2010-12-20,GLD,stock,135.13,135.44,134.33,135.11,13126976,2010-12-20,2010-12-20,51.9570,134.9119,123.0872,133.0140
2010-12-17,GLD,stock,133.97,134.63,133.22,134.2,17212910,2010-12-17,2010-12-17,48.6608,134.8911,122.9664,132.9284
2010-12-16,GLD,stock,134.21,134.23,132.86,133.81,23460453,2010-12-16,2010-12-16,47.2198,134.9638,122.8535,132.8765
2010-12-15,GLD,stock,135.34,135.93,134.68,134.7,15069868,2010-12-15,2010-12-15,50.2061,135.0852,122.7433,132.8384
2010-12-14,GLD,stock,136.27,137.21,135.86,136.18,17430686,2010-12-14,2010-12-14,55.6395,135.1258,122.6232,132.7624
2010-12-13,GLD,stock,136.26,136.64,135.86,136.05,13341421,2010-12-13,2010-12-13,55.2445,135.0148,122.4869,132.6230
2010-12-10,GLD,stock,134.94,135.48,133.95,135.408,11937769,2010-12-10,2010-12-10,53.3389,134.9059,122.3506,132.4831
2010-12-09,GLD,stock,135.69,136.16,134.88,135.37,14146730,2010-12-09,2010-12-09,53.2294,134.8530,122.2194,132.3637
2010-12-08,GLD,stock,135.91,136.29,133.88,134.79,23462228,2010-12-08,2010-12-08,51.6211,134.7986,122.0872,132.2410
2010-12-07,GLD,stock,139.455,139.54,136.46,136.5,26487681,2010-12-07,2010-12-07,56.9860,134.7995,121.9596,132.1369
2010-12-06,GLD,stock,138.14,139.46,137.73,139.11,15602627,2010-12-06,2010-12-06,66.8298,134.6205,121.8134,131.9589
2010-12-03,GLD,stock,136.62,138.11,136.48,138.07,16517101,2010-12-03,2010-12-03,64.5649,134.1479,121.6396,131.6670
2010-12-02,GLD,stock,135.62,136.59,135.15,135.2,17566933,2010-12-02,2010-12-02,57.0502,133.7351,121.4745,131.4056
2010-12-01,GLD,stock,135.71,136.14,134.96,135.38,16816823,2010-12-01,2010-12-01,57.7636,133.5809,121.3365,131.2508
2010-11-30,GLD,stock,135.21,135.75,134.78,135.42,17460968,2010-11-30,2010-11-30,57.9130,133.3915,121.1954,131.0822
2010-11-29,GLD,stock,133.19,133.75,132.33,133.508,13965720,2010-11-29,2010-11-29,52.4533,133.1780,121.0524,130.9052
2010-11-26,GLD,stock,132.38,133.16,131.93,133.11,7823118,2010-11-26,2010-11-26,51.2304,133.1432,120.9272,130.7989
2010-11-24,GLD,stock,134.36,134.7,133.74,134.18,8857951,2010-11-24,2010-11-24,54.7454,133.1467,120.8048,130.7046
2010-11-23,GLD,stock,133.6,135.07,133.46,134.41,18200063,2010-11-23,2010-11-23,55.5056,133.0379,120.6704,130.5627
2010-11-22,GLD,stock,132.13,133.6,131.69,133.48,13079884,2010-11-22,2010-11-22,53.0584,132.8935,120.5323,130.4057
2010-11-19,GLD,stock,131.48,132.35,131.01,132.2,14145983,2010-11-19,2010-11-19,49.5092,132.8318,120.4021,130.2802
2010-11-18,GLD,stock,131.82,132.78,131.55,132.088,15976049,2010-11-18,2010-11-18,49.1971,132.8983,120.2836,130.2019
2010-11-17,GLD,stock,130.77,131.37,130.13,130.38,16387010,2010-11-17,2010-11-17,44.3238,132.9836,120.1649,130.1249
2010-11-16,GLD,stock,132.24,132.38,129.83,130.968,32474368,2010-11-16,2010-11-16,45.7260,133.2576,120.0623,130.1145
2010-11-15,GLD,stock,133.86,134.49,132.39,132.42,15057742,2010-11-15,2010-11-15,49.3023,133.4986,119.9527,130.0796
2010-11-12,GLD,stock,135.89,136.3062,132.821,133.69,35885400,2010-11-12,2010-11-12,52.6465,133.6122,119.8274,129.9841
2010-11-11,GLD,stock,137.62,137.75,136.45,137.66,15380502,2010-11-11,2010-11-11,65.5535,133.6040,119.6880,129.8328
2010-11-10,GLD,stock,137.03,137.28,135.15,137.24,28468079,2010-11-10,2010-11-10,64.7034,133.1771,119.5074,129.5134
2010-11-09,GLD,stock,138.7,139.15,135.05,135.59,39352133,2010-11-09,2010-11-09,61.2115,132.7494,119.3292,129.1980
2010-11-08,GLD,stock,135.92,137.79,135.53,137.78,17341958,2010-11-08,2010-11-08,69.7114,132.4504,119.1658,128.9371
2010-11-05,GLD,stock,135.14,136.61,134.95,136.38,20342446,2010-11-05,2010-11-05,66.9905,131.8893,118.9787,128.5762
2010-11-04,GLD,stock,134.64,136.13,134.24,136.03,23456494,2010-11-04,2010-11-04,66.2874,131.4166,118.8038,128.2576
2010-11-03,GLD,stock,132.28,132.52,129.48,131.57,31701230,2010-11-03,2010-11-03,54.9285,130.9310,118.6307,127.9404
2010-11-02,GLD,stock,132.44,132.59,131.88,132.49,9395864,2010-11-02,2010-11-02,58.7180,130.8638,118.5006,127.7923
2010-11-01,GLD,stock,132.85,133.07,131.76,131.92,12383311,2010-11-01,2010-11-01,57.0118,130.6926,118.3600,127.6005
2010-10-29,GLD,stock,131.48,132.82,131.06,132.62,14334824,2010-10-29,2010-10-29,59.8318,130.5634,118.2238,127.4242
2010-10-28,GLD,stock,130.36,131.5,129.84,131.24,15888662,2010-10-28,2010-10-28,55.8325,130.3469,118.0791,127.2121
2010-10-27,GLD,stock,129.93,130,128.79,129.52,16116771,2010-10-27,2010-10-27,50.0802,130.2529,117.9468,127.0477
2010-10-26,GLD,stock,129.99,131.14,129.73,130.88,10689840,2010-10-26,2010-10-26,55.3754,130.3300,117.8305,126.9468
2010-10-25,GLD,stock,131.16,131.38,130.21,130.85,12151180,2010-10-25,2010-10-25,55.2785,130.2721,117.6993,126.7863
2010-10-22,GLD,stock,129.47,129.75,128.97,129.73,11884338,2010-10-22,2010-10-22,51.6398,130.2113,117.5672,126.6204
2010-10-21,GLD,stock,131.08,131.59,128.72,129.47,21802611,2010-10-21,2010-10-21,50.7764,130.2620,117.4449,126.4935
2010-10-20,GLD,stock,130.36,131.65,130.32,131.32,12541076,2010-10-20,2010-10-20,57.5665,130.3454,117.3241,126.3720
2010-10-19,GLD,stock,130.46,131.59,129.75,130.11,25301949,2010-10-19,2010-10-19,53.8156,130.2428,117.1834,126.1700
2010-10-18,GLD,stock,133.46,134.34,133.16,134.28,12286205,2010-10-18,2010-10-18,75.0434,130.2567,117.0535,126.0092
2010-10-15,GLD,stock,134.24,134.46,133.07,133.68,26168522,2010-10-15,2010-10-15,73.6549,129.8332,116.8804,125.6717
2010-10-14,GLD,stock,134.06,134.85,133.9,134.75,26864886,2010-10-14,2010-10-14,81.1291,129.4283,116.7115,125.3448
2010-10-13,GLD,stock,132.73,134.31,132.63,134.07,18381303,2010-10-13,2010-10-13,79.9271,128.8681,116.5302,124.9609
2010-10-12,GLD,stock,132.06,132.21,131.36,131.96,13287032,2010-10-12,2010-10-12,75.4150,128.3206,116.3540,124.5891
2010-10-11,GLD,stock,131.28,132.33,130.98,132.292,10618516,2010-10-11,2010-10-11,77.9760,127.9375,116.1971,124.2882
2010-10-08,GLD,stock,130.78,131.88,130.47,131.66,18693007,2010-10-08,2010-10-08,76.5695,127.4791,116.0354,123.9616
2010-10-07,GLD,stock,132.6,132.67,129.51,130.37,38657374,2010-10-07,2010-10-07,73.3431,127.0390,115.8783,123.6473
2010-10-06,GLD,stock,131.45,131.86,131.34,131.81,16122202,2010-10-06,2010-10-06,85.5547,126.6884,115.7327,123.3729
2010-10-05,GLD,stock,130.11,131.12,129.87,130.99,17461689,2010-10-05,2010-10-05,84.1601,126.1492,115.5711,123.0286
2010-10-04,GLD,stock,128.52,128.62,128.22,128.46,8349718,2010-10-04,2010-10-04,78.1041,125.6397,115.4161,122.7036
2010-10-01,GLD,stock,128.72,129.07,127.91,128.91,17209253,2010-10-01,2010-10-01,83.3685,125.3428,115.2850,122.4687
2010-09-30,GLD,stock,128.15,128.28,126.61,127.91,19197476,2010-09-30,2010-09-30,80.6816,124.9673,115.1481,122.2057
2010-09-29,GLD,stock,127.93,128.2399,127.52,127.95,12326623,2010-09-29,2010-09-29,81.1686,124.6576,115.0199,121.9729
2010-09-28,GLD,stock,126.42,128.03,126.11,127.85,19846871,2010-09-28,2010-09-28,80.9010,124.3110,114.8899,121.7290
2010-09-27,GLD,stock,126.9,126.91,126.48,126.72,6667402,2010-09-27,2010-09-27,77.5534,123.9385,114.7596,121.4791
2010-09-24,GLD,stock,126.91,127.0001,126.3,126.69,14944331,2010-09-24,2010-09-24,77.4560,123.6457,114.6394,121.2652
2010-09-23,GLD,stock,126.2,126.66,125.81,126.3,9315752,2010-09-23,2010-09-23,76.2097,123.3252,114.5183,121.0438
2010-09-22,GLD,stock,126.58,126.63,125.7,126.2,11041742,2010-09-22,2010-09-22,75.8924,123.0121,114.3999,120.8292
2010-09-21,GLD,stock,124.77,126.17,124.16,126.01,20262681,2010-09-21,2010-09-21,75.3114,122.6765,114.2813,120.6100
2010-09-20,GLD,stock,125.09,125.45,124.778,124.87,8475000,2010-09-20,2010-09-20,71.4825,122.3256,114.1635,120.3896
2010-09-17,GLD,stock,125.03,125.03,124.27,124.5425,11819185,2010-09-17,2010-09-17,70.2517,122.0578,114.0559,120.2068
2010-09-16,GLD,stock,124.5,124.77,124.19,124.63,12659828,2010-09-16,2010-09-16,71.0121,121.7962,113.9505,120.0298
2010-09-15,GLD,stock,123.97,124.29,123.435,123.94,11508237,2010-09-15,2010-09-15,68.5171,121.4979,113.8431,119.8420
2010-09-14,GLD,stock,122.92,124.59,121.5489,124.024,26543253,2010-09-14,2010-09-14,69.1903,121.2409,113.7417,119.6748
2010-09-13,GLD,stock,121.63,122.11,121.39,121.62,9677262,2010-09-13,2010-09-13,58.3028,120.9479,113.6383,119.4972
2010-09-10,GLD,stock,121.4,122.3,121.39,121.73,12509844,2010-09-10,2010-09-10,59.1915,120.8772,113.5581,119.4106
2010-09-09,GLD,stock,122.44,122.88,121.38,121.56,13744811,2010-09-09,2010-09-09,58.2789,120.7874,113.4760,119.3159
2010-09-08,GLD,stock,122.82,123.42,122.6,122.71,9788861,2010-09-08,2010-09-08,67.8042,120.7061,113.3947,119.2243
2010-09-07,GLD,stock,122.91,123.06,122.63,122.7,8777450,2010-09-07,2010-09-07,67.7617,120.4951,113.3011,119.0821
2010-09-03,GLD,stock,121.39,122.385,121.15,121.86,9074405,2010-09-03,2010-09-03,64.0568,120.2631,113.2066,118.9344
2010-09-02,GLD,stock,122.38,122.48,121.89,122.29,6989586,2010-09-02,2010-09-02,67.7582,120.0950,113.1197,118.8150
2010-09-01,GLD,stock,122.15,122.21,121.43,121.69,11873281,2010-09-01,2010-09-01,65.1490,119.8639,113.0275,118.6731
2010-08-31,GLD,stock,121.77,122.19,121.46,122.08,12246050,2010-08-31,2010-08-31,68.4946,119.6717,112.9404,118.5500
2010-08-30,GLD,stock,120.85,121.0598,120.58,120.91,4390826,2010-08-30,2010-08-30,63.2351,119.4182,112.8486,118.4059
2010-08-27,GLD,stock,121.2,121.45,120.42,121.01,11155353,2010-08-27,2010-08-27,64.0842,119.2611,112.7676,118.3037
2010-08-26,GLD,stock,121.09,122.95,120.5,120.96,8886493,2010-08-26,2010-08-26,63.8589,119.0770,112.6847,118.1932
2010-08-25,GLD,stock,121.1199,121.38,120.67,121.36,13984786,2010-08-25,2010-08-25,66.9802,118.8788,112.6016,118.0803
2010-08-24,GLD,stock,118.77,120.8,118.71,120.36,14794874,2010-08-24,2010-08-24,62.7540,118.6177,112.5135,117.9465
2010-08-23,GLD,stock,119.91,120.07,119.42,119.78,4857217,2010-08-23,2010-08-23,59.9965,118.4343,112.4347,117.8479
2010-08-20,GLD,stock,119.97,120.07,119.45,119.97,10681939,2010-08-20,2010-08-20,61.3788,118.2926,112.3609,117.7691
2010-08-19,GLD,stock,120.65,120.99,120.11,120.39,10009095,2010-08-19,2010-08-19,64.4255,118.1160,112.2844,117.6792
2010-08-18,GLD,stock,119.23,120.51,119,120.22,12098953,2010-08-18,2010-08-18,63.7492,117.8767,112.2029,117.5686
2010-08-17,GLD,stock,119.75,119.97,119.6,119.75,9109248,2010-08-17,2010-08-17,61.8892,117.6300,112.1223,117.4604
2010-08-16,GLD,stock,119.7,119.825,119.46,119.73,8947727,2010-08-16,2010-08-16,61.8118,117.4068,112.0457,117.3669
2010-08-13,GLD,stock,118.82,118.89,118.36,118.74,10213130,2010-08-13,2010-08-13,57.8784,117.1623,111.9685,117.2705
2010-08-12,GLD,stock,118.56,118.86,118.46,118.77,12312125,2010-08-12,2010-08-12,58.0467,116.9962,111.9004,117.2105
2010-08-11,GLD,stock,117.74,118.14,116.58,117.34,12387514,2010-08-11,2010-08-11,51.8523,116.8095,111.8314,117.1468
2010-08-10,GLD,stock,116.59,118.09,116.4,117.73,10431789,2010-08-10,2010-08-10,53.8665,116.7537,111.7760,117.1390
2010-08-09,GLD,stock,117.76,117.85,117.23,117.4,6750535,2010-08-09,2010-08-09,52.4141,116.6509,111.7162,117.1148
2010-08-06,GLD,stock,117.99,118.42,117.49,117.84,10000856,2010-08-06,2010-08-06,54.5399,116.5720,111.6590,117.1032
2010-08-05,GLD,stock,117.01,117.1,116.35,116.98,7022319,2010-08-05,2010-08-05,50.9278,116.4386,111.5969,117.0731
2010-08-04,GLD,stock,117.41,117.65,116.65,116.72,10322481,2010-08-04,2010-08-04,49.8082,116.3816,111.5428,117.0769
2010-08-03,GLD,stock,115.88,116.44,115.81,115.99,5579073,2010-08-03,2010-08-03,46.6338,116.3459,111.4908,117.0915
2010-08-02,GLD,stock,116.12,116.39,115.2,115.54,8452177,2010-08-02,2010-08-02,44.6293,116.3834,111.4456,117.1364
2010-07-30,GLD,stock,114.36,115.73,114.08,115.49,10093137,2010-07-30,2010-07-30,44.4139,116.4722,111.4044,117.2016
2010-07-29,GLD,stock,113.54,114.35,113.34,114.288,9476248,2010-07-29,2010-07-29,39.1274,116.5756,111.3633,117.2715
2010-07-28,GLD,stock,113.48,113.93,113.08,113.78,16071445,2010-07-28,2010-07-28,36.7674,116.8164,111.3340,117.3932
2010-07-27,GLD,stock,114.95,114.99,113.21,113.51,29523426,2010-07-27,2010-07-27,35.5338,117.1360,111.3094,117.5407
2010-07-26,GLD,stock,116.38,116.47,115.3,115.52,11213045,2010-07-26,2010-07-26,41.0725,117.5177,111.2873,117.7052
2010-07-23,GLD,stock,117.12,117.47,115.79,116.09,8336529,2010-07-23,2010-07-23,42.8304,117.7280,111.2447,117.7944
2010-07-22,GLD,stock,115.95,117.5,115.91,116.863,8159175,2010-07-22,2010-07-22,45.2704,117.9004,111.1960,117.8640
2010-07-21,GLD,stock,116.8,117,115.71,115.85,9396016,2010-07-21,2010-07-21,41.1937,118.0096,111.1391,117.9049
2010-07-20,GLD,stock,115.75,116.74,115.48,116.65,9251882,2010-07-20,2010-07-20,43.5739,118.2369,111.0917,117.9887
2010-07-19,GLD,stock,115.57,115.8041,115.11,115.73,15712029,2010-07-19,2010-07-19,39.8635,118.4039,111.0359,118.0434
2010-07-16,GLD,stock,116.69,116.79,115.95,116.67,17493011,2010-07-16,2010-07-16,42.5160,118.6854,110.9887,118.1378
2010-07-15,GLD,stock,118.59,118.7,117.73,118.23,8586363,2010-07-15,2010-07-15,47.3736,118.8976,110.9316,118.1977
2010-07-14,GLD,stock,118.26,119.13,117.59,118.3,9573380,2010-07-14,2010-07-14,47.6002,118.9678,110.8582,118.1964
2010-07-13,GLD,stock,118.98,119.1,118.36,118.36,8416028,2010-07-13,2010-07-13,47.7822,119.0381,110.7834,118.1922
2010-07-12,GLD,stock,117.83,118.2,116.97,117.34,7502255,2010-07-12,2010-07-12,44.4296,119.1095,110.7073,118.1853
2010-07-09,GLD,stock,118.14,118.73,118,118.36,9596697,2010-07-09,2010-07-09,47.2463,119.2958,110.6406,118.2198
2010-07-08,GLD,stock,117.39,117.41,116.1,117.21,11310778,2010-07-08,2010-07-08,43.4961,119.3943,110.5630,118.2141
2010-07-07,GLD,stock,116.57,117.78,116.5,117.73,10927517,2010-07-07,2010-07-07,44.8344,119.6242,110.4962,118.2551
2010-07-06,GLD,stock,117.6698,117.72,116.3,116.51,16845366,2010-07-06,2010-07-06,40.8711,119.8236,110.4235,118.2765
2010-07-02,GLD,stock,118.21,118.5,117.41,118.49,14729648,2010-07-02,2010-07-02,45.8334,120.1724,110.3624,118.3486
2010-07-01,GLD,stock,120.91,121.03,116.98,117.04,33228085,2010-07-01,2010-07-01,40.9588,120.3495,110.2807,118.3428
2010-06-30,GLD,stock,121.07,122.09,120.88,121.68,11980059,2010-06-30,2010-06-30,55.9096,120.6979,110.2128,118.3960
2010-06-29,GLD,stock,121.05,121.82,119.03,121.27,17317746,2010-06-29,2010-06-29,54.5483,120.5945,110.0975,118.2620
2010-06-28,GLD,stock,122.79,123.56,120.81,121.09,19647916,2010-06-28,2010-06-28,53.9690,120.5234,109.9852,118.1392
2010-06-25,GLD,stock,122.75,123.13,122.49,122.76,9986564,2010-06-25,2010-06-25,60.6269,120.4637,109.8736,118.0188
2010-06-24,GLD,stock,120.76,122.1601,120.67,121.3,13122710,2010-06-24,2010-06-24,56.2448,120.2220,109.7441,117.8252
2010-06-23,GLD,stock,120.89,121.02,119.77,120.95,14119994,2010-06-23,2010-06-23,55.1333,120.1085,109.6280,117.6834
2010-06-22,GLD,stock,121.16,121.59,120.87,121.45,12937595,2010-06-22,2010-06-22,57.0560,120.0200,109.5142,117.5501
2010-06-21,GLD,stock,123.09,123.11,120.36,120.39,20001871,2010-06-21,2010-06-21,53.8905,119.8694,109.3942,117.3909
2010-06-18,GLD,stock,123.04,123.5,122.81,122.83,19429697,2010-06-18,2010-06-18,63.9694,119.8146,109.2837,117.2685
2010-06-17,GLD,stock,121.6398,122.41,121.49,121.9,19790690,2010-06-17,2010-06-17,61.4154,119.4972,109.1476,117.0415
2010-06-16,GLD,stock,120.68,120.89,120.04,120.33,10498592,2010-06-16,2010-06-16,56.5920,119.2443,109.0194,116.8432
2010-06-15,GLD,stock,119.71,121.03,119.48,120.99,15070733,2010-06-15,2010-06-15,59.4952,119.1300,108.9057,116.7009
2010-06-14,GLD,stock,119.63,120.26,118.96,119.6,10988560,2010-06-14,2010-06-14,54.9784,118.9342,108.7843,116.5258
2010-06-11,GLD,stock,119.88,120.41,119.33,120.01,7829320,2010-06-11,2010-06-11,56.7105,118.8642,108.6756,116.4003
2010-06-10,GLD,stock,119.36,120.04,118.83,118.975,13675071,2010-06-10,2010-06-10,53.2586,118.7436,108.5617,116.2530
2010-06-09,GLD,stock,120.48,120.99,119.51,120.56,12866478,2010-06-09,2010-06-09,60.0700,118.7192,108.4570,116.1419
2010-06-08,GLD,stock,121.61,122.45,120.66,121.0025,23400996,2010-06-08,2010-06-08,62.1300,118.5254,108.3354,115.9616
2010-06-07,GLD,stock,118.73,121.8,118.62,121.49,20231596,2010-06-07,2010-06-07,64.3888,118.2647,108.2081,115.7558
2010-06-04,GLD,stock,117.96,119.39,117.05,119.19,16532333,2010-06-04,2010-06-04,57.6423,117.9252,108.0746,115.5218
2010-06-03,GLD,stock,119.16,119.39,117.48,117.96,13855163,2010-06-03,2010-06-03,53.2436,117.7920,107.9629,115.3720
2010-06-02,GLD,stock,119.35,119.88,118.72,119.78,10339044,2010-06-02,2010-06-02,62.1049,117.7743,107.8624,115.2664
2010-06-01,GLD,stock,119.88,120.25,119.63,119.91,12176717,2010-06-01,2010-06-01,62.7981,117.5632,107.7426,115.0822
2010-05-28,GLD,stock,118.48,118.9,117.63,118.881,11578891,2010-05-28,2010-05-28,59.4733,117.3162,107.6203,114.8851
2010-05-27,GLD,stock,118.16,119.038,118.14,118.69,10412960,2010-05-27,2010-05-27,58.8392,117.1515,107.5071,114.7220
2010-05-26,GLD,stock,118.58,119.08,118.32,118.47,13138576,2010-05-26,2010-05-26,58.1388,116.9895,107.3948,114.5601
2010-05-25,GLD,stock,117.16,117.52,116.82,117.36,21218157,2010-05-25,2010-05-25,54.5119,116.8337,107.2834,114.4005
2010-05-24,GLD,stock,116.34,117.17,116.04,116.84,14295493,2010-05-24,2010-05-24,52.7304,116.7783,107.1822,114.2797
2010-05-21,GLD,stock,115.05,116.24,114.51,115.22,20082971,2010-05-21,2010-05-21,46.6906,116.7718,107.0851,114.1752
2010-05-20,GLD,stock,116.14,116.95,115.18,115.84,28877369,2010-05-20,2010-05-20,48.9116,116.9351,107.0034,114.1325
2010-05-19,GLD,stock,118.19,118.43,116.08,116.63,34384210,2010-05-19,2010-05-19,51.8286,117.0504,106.9145,114.0628
2010-05-18,GLD,stock,118.86,120.32,118.5,119.49,26455986,2010-05-18,2010-05-18,64.8249,117.0947,106.8169,113.9581
2010-05-17,GLD,stock,120.55,121.12,119.29,119.36,27849317,2010-05-17,2010-05-17,64.4487,116.8425,106.6895,113.7323
2010-05-14,GLD,stock,121.88,122.02,119.12,120.37,34643090,2010-05-14,2010-05-14,69.8382,116.5775,106.5622,113.5026
2010-05-13,GLD,stock,121.29,121.71,120.1,120.56,22315901,2010-05-13,2010-05-13,70.8735,116.1783,106.4234,113.2223
2010-05-12,GLD,stock,121.28,122.235,120.7685,121.4,32634048,2010-05-12,2010-05-12,75.4663,115.7171,106.2813,112.9228
2010-05-11,GLD,stock,119.46,120.87,118.97,120.656,36666611,2010-05-11,2010-05-11,74.0851,115.1189,106.1294,112.5768
2010-05-10,GLD,stock,117.5,117.9,116.8101,117.57,28412585,2010-05-10,2010-05-10,66.9102,114.5361,105.9834,112.2470
2010-05-07,GLD,stock,117.64,118.88,116.74,118.27,34271876,2010-05-07,2010-05-07,71.0538,114.2167,105.8670,112.0297
2010-05-06,GLD,stock,115.62,118.62,115.57,118.486,50461171,2010-05-06,2010-05-06,72.3373,113.7900,105.7423,111.7750
2010-05-05,GLD,stock,113.58,115.24,113.312,115.09,21600198,2010-05-05,2010-05-05,62.4288,113.2957,105.6142,111.5011
2010-05-04,GLD,stock,116.39,116.43,114.17,114.87,21511407,2010-05-04,2010-05-04,61.6015,113.1068,105.5190,111.3546
2010-05-03,GLD,stock,115.91,116.28,115.53,115.73,13567838,2010-05-03,2010-05-03,66.9533,112.9212,105.4250,111.2111
2010-04-30,GLD,stock,115.26,115.7,115.21,115.36,13402990,2010-04-30,2010-04-30,65.7651,112.6256,105.3214,111.0267
2010-04-29,GLD,stock,113.85,114.52,113.84,114.28,10372696,2010-04-29,2010-04-29,62.0684,112.3378,105.2205,110.8498
2010-04-28,GLD,stock,114.63,114.99,113.63,114.31,26887493,2010-04-28,2010-04-28,62.2418,112.1333,105.1295,110.7098
2010-04-27,GLD,stock,112.43,114.82,112.34,114.63,25029675,2010-04-27,2010-04-27,64.0126,111.9042,105.0372,110.5629
2010-04-26,GLD,stock,112.88,113.2,112.63,112.75,8335304,2010-04-26,2010-04-26,57.4008,111.6173,104.9408,110.3969
2010-04-23,GLD,stock,111.26,113.3,111.09,113.19,12505783,2010-04-23,2010-04-23,59.7880,111.4980,104.8623,110.3008
2010-04-22,GLD,stock,111.79,112.01,110.76,111.84,9595888,2010-04-22,2010-04-22,54.3830,111.3199,104.7786,110.1829
2010-04-21,GLD,stock,111.82,112.64,111.48,112.31,6842860,2010-04-21,2010-04-21,56.8534,111.2652,104.7077,110.1152
2010-04-20,GLD,stock,111.73,112.21,111.33,111.46,7019709,2010-04-20,2010-04-20,53.2900,111.1552,104.6313,110.0257
2010-04-19,GLD,stock,110.8801,111.36,110.67,111.15,7992945,2010-04-19,2010-04-19,51.9460,111.1231,104.5626,109.9671
2010-04-16,GLD,stock,112.5,113.07,110.54,111.24,24573703,2010-04-16,2010-04-16,52.3521,111.1203,104.4964,109.9188
2010-04-15,GLD,stock,112.9,113.71,112.85,113.65,10952007,2010-04-15,2010-04-15,64.9841,111.1077,104.4287,109.8649
2010-04-14,GLD,stock,113.23,113.66,112.78,113.03,10573838,2010-04-14,2010-04-14,62.8423,110.8401,104.3360,109.7104
2010-04-13,GLD,stock,113.12,113.16,112.06,112.69,10983964,2010-04-13,2010-04-13,61.6477,110.6095,104.2486,109.5749
2010-04-12,GLD,stock,113.64,114.13,112.98,113.01,11118097,2010-04-12,2010-04-12,63.4298,110.3905,104.1638,109.4478
2010-04-09,GLD,stock,113.09,114.07,112.74,113.64,16427638,2010-04-09,2010-04-09,66.9690,110.1148,104.0749,109.3024
2010-04-08,GLD,stock,112.47,112.98,112.13,112.65,12444414,2010-04-08,2010-04-08,64.0413,109.7437,103.9787,109.1253
2010-04-07,GLD,stock,111.85,112.93,111.77,112.49,19127617,2010-04-07,2010-04-07,63.5566,109.4378,103.8916,108.9815
2010-04-06,GLD,stock,110.89,111.51,110.83,111.03,10321993,2010-04-06,2010-04-06,58.8571,109.1165,103.8052,108.8383
2010-04-05,GLD,stock,110.56,110.9837,110.27,110.89,8207564,2010-04-05,2010-04-05,58.3792,108.9151,103.7326,108.7488
2010-04-01,GLD,stock,109.97,110.47,109.92,110.26,11370417,2010-04-01,2010-04-01,56.2560,108.7072,103.6606,108.6614
2010-03-31,GLD,stock,109.44,109.5,108.85,108.95,13996074,2010-03-31,2010-03-31,51.4766,108.5438,103.5943,108.5962
2010-03-30,GLD,stock,108.57,108.6615,107.87,107.97,9816459,2010-03-30,2010-03-30,47.4914,108.5010,103.5405,108.5817
2010-03-29,GLD,stock,108.87,109.17,108.4,108.75,11526946,2010-03-29,2010-03-29,50.5604,108.5569,103.4959,108.6067
2010-03-26,GLD,stock,107.16,108.7,106.82,108.59,17433561,2010-03-26,2010-03-26,49.9443,108.5366,103.4431,108.6008
2010-03-25,GLD,stock,107,107.25,106.48,106.78,16863466,2010-03-25,2010-03-25,42.4044,108.5310,103.3914,108.6013
2010-03-24,GLD,stock,106.94,107.07,106.24,106.3,14235437,2010-03-24,2010-03-24,40.1857,108.7153,103.3574,108.6756
2010-03-23,GLD,stock,107.5,108.5,107.34,108.32,11273395,2010-03-23,2010-03-23,47.3069,108.9695,103.3278,108.7726
2010-03-22,GLD,stock,107.31,108,106.95,107.75,11579075,2010-03-22,2010-03-22,44.7411,109.0379,103.2776,108.7911
2010-03-19,GLD,stock,110.26,110.29,107.85,108.28,24328131,2010-03-19,2010-03-19,46.7047,109.1735,103.2327,108.8335
2010-03-18,GLD,stock,110.1,110.61,109.5,110.34,13848221,2010-03-18,2010-03-18,55.4950,109.2675,103.1819,108.8561
2010-03-17,GLD,stock,110.18,110.46,109.55,109.59,13784291,2010-03-17,2010-03-17,52.4708,109.1546,103.1100,108.7956
2010-03-16,GLD,stock,110.02,110.57,109.7,110.4,17748979,2010-03-16,2010-03-16,56.3079,109.1088,103.0449,108.7631
2010-03-15,GLD,stock,108.16,108.56,107.82,108.36,7698073,2010-03-15,2010-03-15,47.2940,108.9729,102.9710,108.6963
2010-03-12,GLD,stock,108.56,108.77,107.45,107.95,11848993,2010-03-12,2010-03-12,45.1835,109.0374,102.9168,108.7101
2010-03-11,GLD,stock,108.28,108.65,107.86,108.6,9516603,2010-03-11,2010-03-11,48.0138,109.1519,102.8662,108.7411
2010-03-10,GLD,stock,109.94,110.5,108.02,108.47,21972932,2010-03-10,2010-03-10,47.4019,109.2100,102.8086,108.7468
2010-03-09,GLD,stock,109.16,110.16,109.04,109.718,12649802,2010-03-09,2010-03-09,52.9586,109.2879,102.7517,108.7581
2010-03-08,GLD,stock,111.22,111.3,109.52,109.88,12752302,2010-03-08,2010-03-08,53.7176,109.2426,102.6817,108.7190
2010-03-05,GLD,stock,111.13,111.75,110.8,110.81,11091383,2010-03-05,2010-03-05,58.1611,109.1755,102.6093,108.6716
2010-03-04,GLD,stock,111.25,111.37,110.22,110.83,12944030,2010-03-04,2010-03-04,58.2574,109.0035,102.5269,108.5843
2010-03-03,GLD,stock,111.46,112.18,111.1763,111.63,16194423,2010-03-03,2010-03-03,62.0721,108.8112,102.4435,108.4926
2010-03-02,GLD,stock,109.86,111.45,109.86,111.02,20102189,2010-03-02,2010-03-02,60.2282,108.5145,102.3511,108.3646
2010-03-01,GLD,stock,109.48,109.9,108.97,109.43,12811556,2010-03-01,2010-03-01,54.9241,108.2507,102.2640,108.2562
2010-02-26,GLD,stock,108.89,109.6,108.41,109.43,13033728,2010-02-26,2010-02-26,54.9241,108.1266,102.1920,108.2083
2010-02-25,GLD,stock,106.7,108.7,106.6,108.31,23345653,2010-02-25,2010-02-25,50.9511,107.9894,102.1192,108.1584
2010-02-24,GLD,stock,107.33,108.16,107.1,107.36,17176088,2010-02-24,2010-02-24,47.2920,107.9557,102.0570,108.1522
2010-02-23,GLD,stock,108.84,108.91,107.65,107.89,13628999,2010-02-23,2010-02-23,49.1931,108.0184,102.0037,108.1846
2010-02-22,GLD,stock,109.86,109.97,108.66,109.07,10742292,2010-02-22,2010-02-22,53.6521,108.0319,101.9446,108.1966
2010-02-19,GLD,stock,109.3,110.39,108.81,109.47,21928676,2010-02-19,2010-02-19,55.2278,107.9226,101.8730,108.1609
2010-02-18,GLD,stock,109.61,110.11,109.19,109.98,18988709,2010-02-18,2010-02-18,57.2173,107.7597,101.7966,108.1075
2010-02-17,GLD,stock,109.66,110.01,108.87,109.25,19506091,2010-02-17,2010-02-17,55.0659,107.5260,101.7144,108.0311
2010-02-16,GLD,stock,109.45,109.87,109.1,109.62,20894637,2010-02-16,2010-02-16,56.4007,107.3445,101.6386,107.9813
2010-02-12,GLD,stock,106.08,107.1,105.57,107.04,14464157,2010-02-12,2010-02-12,48.2832,107.1050,101.5584,107.9144
2010-02-11,GLD,stock,105.58,107.56,105.27,107.13,19332173,2010-02-11,2010-02-11,48.5761,107.1118,101.5033,107.9501
2010-02-10,GLD,stock,105.13,105.5,104.11,105.12,16214398,2010-02-10,2010-02-10,41.1741,107.1099,101.4468,107.9836
2010-02-09,GLD,stock,105.18,106.15,104.87,105.41,25959174,2010-02-09,2010-02-09,41.9838,107.3194,101.4098,108.1005
2010-02-08,GLD,stock,104.41,105.14,104,104.04,17176296,2010-02-08,2010-02-08,36.5070,107.5204,101.3696,108.2103
2010-02-05,GLD,stock,103.76,104.68,102.28,104.68,32656665,2010-02-05,2010-02-05,38.0658,107.8867,101.3428,108.3805
2010-02-04,GLD,stock,106.79,106.8,103.75,104.37,39962209,2010-02-04,2010-02-04,36.8531,108.2243,101.3093,108.5316
2010-02-03,GLD,stock,109.1,109.54,108.4305,108.7,13376745,2010-02-03,2010-02-03,49.3983,108.6300,101.2785,108.7014
2010-02-02,GLD,stock,109.16,109.6,108.61,109.13,14292066,2010-02-02,2010-02-02,50.9992,108.6226,101.2039,108.7015
2010-02-01,GLD,stock,106.64,108.48,106.37,108.35,14872885,2010-02-01,2010-02-01,48.1699,108.5692,101.1243,108.6840
2010-01-29,GLD,stock,105.88,106.3,105.27,105.96,20278800,2010-01-29,2010-01-29,37.9814,108.5923,101.0516,108.6976
2010-01-28,GLD,stock,107.18,107.23,105.18,106.48,16792253,2010-01-28,2010-01-28,39.5522,108.8694,101.0023,108.8094
2010-01-27,GLD,stock,107.53,108.8,106.16,106.528,18991219,2010-01-27,2010-01-27,39.6929,109.1209,100.9473,108.9044
2010-01-26,GLD,stock,106.87,107.99,106.75,107.56,12274165,2010-01-26,2010-01-26,42.7275,109.3938,100.8912,109.0014
2010-01-25,GLD,stock,107.44,107.72,107.07,107.48,13170442,2010-01-25,2010-01-25,42.4106,109.5868,100.8241,109.0603
2010-01-22,GLD,stock,106.93,107.68,106.01,107.17,24209966,2010-01-22,2010-01-22,41.2406,109.8086,100.7573,109.1248
2010-01-21,GLD,stock,108.48,108.78,106.61,107.37,25747831,2010-01-21,2010-01-21,41.7487,110.0864,100.6928,109.2046
2010-01-20,GLD,stock,109.97,110.05,108.46,108.94,17534231,2010-01-20,2010-01-20,45.8682,110.3723,100.6257,109.2794
2010-01-19,GLD,stock,110.95,111.75,110.83,111.52,10467927,2010-01-19,2010-01-19,53.9986,110.5231,100.5421,109.2933
2010-01-15,GLD,stock,111.35,112.01,110.38,110.86,18000724,2010-01-15,2010-01-15,51.9765,110.4181,100.4318,109.2024
2010-01-14,GLD,stock,111.51,112.37,110.79,112.03,18305238,2010-01-14,2010-01-14,56.0307,110.3716,100.3270,109.1347
2010-01-13,GLD,stock,110.92,111.57,109.57,111.54,19982948,2010-01-13,2010-01-13,54.6552,110.1970,100.2094,109.0166
2010-01-12,GLD,stock,112.38,113.05,110.14,110.49,29151425,2010-01-12,2010-01-12,51.6454,110.0557,100.0955,108.9136
2010-01-11,GLD,stock,113.34,113.59,112.52,112.85,17184939,2010-01-11,2010-01-11,59.9506,110.0100,99.9910,108.8492
2010-01-08,GLD,stock,111.52,111.58,110.26,111.37,15894396,2010-01-08,2010-01-08,55.8127,109.7110,99.8618,108.6859
2010-01-07,GLD,stock,111.07,111.29,110.62,110.82,13550907,2010-01-07,2010-01-07,54.1790,109.5364,99.7461,108.5764
2010-01-06,GLD,stock,110.71,111.77,110.4086,111.51,24981308,2010-01-06,2010-01-06,56.6175,109.4013,99.6348,108.4848
2010-01-05,GLD,stock,109.88,110.39,109.26,109.7,14193404,2010-01-05,2010-01-05,51.2757,109.1793,99.5155,108.3613
2010-01-04,GLD,stock,109.82,110.14,109.31,109.8,16200344,2010-01-04,2010-01-04,51.6017,109.1245,99.4131,108.3067
2009-12-31,GLD,stock,107.98,108.11,107.24,107.31,9124660,2009-12-31,2009-12-31,43.2621,109.0534,99.3088,108.2457
2009-12-30,GLD,stock,106.64,107.44,106.4,106.93,9396077,2009-12-30,2009-12-30,41.8420,109.2369,99.2283,108.2839
2009-12-29,GLD,stock,108.5,108.5,107.45,107.47,11017162,2009-12-29,2009-12-29,43.2711,109.4797,99.1509,108.3392
2009-12-28,GLD,stock,108.64,108.78,107.91,108.55,9621426,2009-12-28,2009-12-28,46.2018,109.6913,99.0673,108.3747
2009-12-24,GLD,stock,107.9,108.37,107.77,108.36,7991563,2009-12-24,2009-12-24,45.5999,109.8114,98.9720,108.3675
2009-12-23,GLD,stock,106.65,107.45,106.3,106.55,16884188,2009-12-23,2009-12-23,39.6248,109.9642,98.8777,108.3678
2009-12-22,GLD,stock,106.79,107.09,105.312,106.17,28653077,2009-12-22,2009-12-22,38.3037,110.3236,98.8006,108.4420
2009-12-21,GLD,stock,109.17,109.3,106.82,106.95,23304720,2009-12-21,2009-12-21,39.9707,110.7608,98.7265,108.5348
2009-12-18,GLD,stock,108,109.5,107.04,108.95,25591657,2009-12-18,2009-12-18,44.5913,111.1619,98.6438,108.5994
2009-12-17,GLD,stock,109.47,109.98,107.28,107.34,34934307,2009-12-17,2009-12-17,39.3506,111.3948,98.5403,108.5851
2009-12-16,GLD,stock,110.83,111.91,110.63,111.59,22815322,2009-12-16,2009-12-16,51.2271,111.8216,98.4518,108.6360
2009-12-15,GLD,stock,110.24,110.57,109.39,110.21,20041564,2009-12-15,2009-12-15,46.3444,111.8460,98.3198,108.5154
2009-12-14,GLD,stock,110.01,110.7,109.5,110.24,16315711,2009-12-14,2009-12-14,46.4383,112.0182,98.2003,108.4462
2009-12-11,GLD,stock,110.6,110.82,108.7174,109.32,28983191,2009-12-11,2009-12-11,43.1607,112.2053,98.0793,108.3730
2009-12-10,GLD,stock,110.66,111.03,110.04,110.82,20491084,2009-12-10,2009-12-10,47.5675,112.5091,97.9663,108.3343
2009-12-09,GLD,stock,110.95,112.48,109.38,110.84,37092867,2009-12-09,2009-12-09,47.6277,112.6869,97.8371,108.2329
2009-12-08,GLD,stock,112.76,113.06,110.21,110.95,37627658,2009-12-08,2009-12-08,47.9376,112.8813,97.7064,108.1265
2009-12-07,GLD,stock,111.51,114.22,111.44,113.11,42477186,2009-12-07,2009-12-07,54.3901,113.0846,97.5733,108.0112
2009-12-04,GLD,stock,117.15,117.26,112.41,113.753,79175505,2009-12-04,2009-12-04,56.4920,113.0819,97.4172,107.8031
2009-12-03,GLD,stock,118.57,119.54,118.03,118.7,28797224,2009-12-03,2009-12-03,78.0362,113.0112,97.2530,107.5603
2009-12-02,GLD,stock,118.8,119.27,118.3,119.18,30997432,2009-12-02,2009-12-02,80.8130,112.4124,97.0375,107.1056
2009-12-01,GLD,stock,117.3,117.93,116.78,117.38,27640837,2009-12-01,2009-12-01,78.0994,111.7000,96.8149,106.6127
2009-11-30,GLD,stock,114.48,115.89,114.27,115.64,16395604,2009-11-30,2009-11-30,74.9148,111.1021,96.6083,106.1733
2009-11-27,GLD,stock,113.08,115.81,113.02,115.06,21234380,2009-11-27,2009-11-27,73.7326,110.6245,96.4170,105.7869
2009-11-25,GLD,stock,115.69,116.88,115.53,116.62,24569843,2009-11-25,2009-11-25,83.5692,110.1576,96.2296,105.4084
2009-11-24,GLD,stock,114.73,114.81,113.97,114.73,22600593,2009-11-24,2009-11-24,80.6677,109.4773,96.0247,104.9508
2009-11-23,GLD,stock,114.67,115.1199,113.99,114.29,24421313,2009-11-23,2009-11-23,79.9004,108.9244,95.8367,104.5516
2009-11-20,GLD,stock,111.74,112.94,111.54,112.94,17302418,2009-11-20,2009-11-20,77.3379,108.3596,95.6512,104.1541
2009-11-19,GLD,stock,111.85,112.4,110.76,112.3,21239665,2009-11-19,2009-11-19,75.9904,107.8775,95.4775,103.7955
2009-11-18,GLD,stock,112.69,113.09,111.8,112.25,22318627,2009-11-18,2009-11-18,75.8863,107.4119,95.3084,103.4484
2009-11-17,GLD,stock,111.09,111.99,110.9,111.97,19731234,2009-11-17,2009-11-17,75.3306,106.9027,95.1381,103.0891
2009-11-16,GLD,stock,110.7,112.16,110.65,111.63,24998256,2009-11-16,2009-11-16,74.6724,106.3693,94.9690,102.7267
2009-11-13,GLD,stock,108.32,109.8,108.14,109.74,17247531,2009-11-13,2009-11-13,70.6274,105.8155,94.8015,102.3633
2009-11-12,GLD,stock,109.16,109.56,108.12,108.21,17847671,2009-11-12,2009-11-12,66.6200,105.4024,94.6514,102.0622
2009-11-11,GLD,stock,109.49,109.71,109,109.6,17653383,2009-11-11,2009-11-11,75.2849,105.1069,94.5151,101.8112
2009-11-10,GLD,stock,108.03,108.78,107.7,108.39,15970740,2009-11-10,2009-11-10,72.3812,104.6339,94.3635,101.4933
2009-11-09,GLD,stock,108.69,108.75,107.91,108.19,18444328,2009-11-09,2009-11-09,71.8741,104.2385,94.2225,101.2118
2009-11-06,GLD,stock,107.38,108.04,107.06,107.43,14788990,2009-11-06,2009-11-06,69.9253,103.8226,94.0822,100.9270
2009-11-05,GLD,stock,106.81,107.2,106.6,106.98,10188209,2009-11-05,2009-11-05,68.7343,103.4429,93.9480,100.6616
2009-11-04,GLD,stock,107.11,107.68,106.43,107.1,27124751,2009-11-04,2009-11-04,69.4150,103.0705,93.8170,100.4037
2009-11-03,GLD,stock,103.74,106.7,103.72,106.46,33577199,2009-11-03,2009-11-03,67.8376,102.6464,93.6835,100.1304
2009-11-02,GLD,stock,103.5,104.25,103.25,103.95,15430020,2009-11-02,2009-11-02,60.3996,102.2449,93.5551,99.8720
2009-10-30,GLD,stock,102.33,102.66,101.48,102.53,15244451,2009-10-30,2009-10-30,54.9234,102.0655,93.4507,99.7056
2009-10-29,GLD,stock,101.72,102.76,101.5,102.688,15320681,2009-10-29,2009-10-29,55.7195,102.0166,93.3594,99.5903
2009-10-28,GLD,stock,101.5,102.03,100.65,100.73,19344837,2009-10-28,2009-10-28,46.8550,101.9459,93.2657,99.4638
2009-10-27,GLD,stock,101.89,102.0598,101.22,101.85,18398303,2009-10-27,2009-10-27,52.4300,102.0739,93.1906,99.4122
2009-10-26,GLD,stock,103.41,103.97,101.74,101.86,21518333,2009-10-26,2009-10-26,52.4817,102.0974,93.1036,99.3126
2009-10-23,GLD,stock,104.5,104.58,102.96,103.49,11422801,2009-10-23,2009-10-23,61.7037,102.1224,93.0156,99.2087
2009-10-22,GLD,stock,103.46,104.09,103.1,103.92,11574550,2009-10-22,2009-10-22,64.4792,101.9785,92.9103,99.0339
2009-10-21,GLD,stock,103.38,104.46,103.24,103.745,16004699,2009-10-21,2009-10-21,63.8649,101.7741,92.7997,98.8345
2009-10-20,GLD,stock,104.34,104.35,102.7925,103.42,18249946,2009-10-20,2009-10-20,62.7542,101.5666,92.6897,98.6341
2009-10-19,GLD,stock,103.16,104.26,102.75,104.23,13898938,2009-10-19,2009-10-19,67.5600,101.3715,92.5818,98.4387
2009-10-16,GLD,stock,102.7,103.68,102.53,103.18,14320591,2009-10-16,2009-10-16,64.2660,101.0707,92.4648,98.2023
2009-10-15,GLD,stock,103.27,103.95,102.6,102.86,15780108,2009-10-15,2009-10-15,63.2088,100.8486,92.3571,97.9992
2009-10-14,GLD,stock,104.29,104.7,103.76,104.18,17859624,2009-10-14,2009-10-14,71.2874,100.6369,92.2515,97.8008
2009-10-13,GLD,stock,103.56,104.5,103.46,104.26,17331166,2009-10-13,2009-10-13,71.8038,100.2639,92.1316,97.5404
2009-10-12,GLD,stock,103.39,103.915,103.225,103.56,9166044,2009-10-12,2009-10-12,70.0403,99.8433,92.0098,97.2661
2009-10-09,GLD,stock,103.06,103.25,102.37,102.84,15174872,2009-10-09,2009-10-09,68.1369,99.4521,91.8937,97.0092
2009-10-08,GLD,stock,102.62,104.1501,102.3,103.64,24230148,2009-10-08,2009-10-08,72.9165,99.0954,91.7837,96.7712
2009-10-07,GLD,stock,102.29,102.52,101.83,102.361,16171915,2009-10-07,2009-10-07,69.7683,98.6171,91.6645,96.4909
2009-10-06,GLD,stock,101.33,102.42,100.5425,102.28,33495550,2009-10-06,2009-10-06,69.5602,98.2230,91.5570,96.2513
2009-10-05,GLD,stock,98.48,99.84,98.36,99.82,11692715,2009-10-05,2009-10-05,62.2285,97.7959,91.4492,96.0052
2009-10-02,GLD,stock,97.84,98.86,97.74,98.37,10475792,2009-10-02,2009-10-02,56.4931,97.5828,91.3651,95.8495
2009-10-01,GLD,stock,98.84,98.86,97.88,97.89,11003011,2009-10-01,2009-10-01,54.3630,97.5000,91.2947,95.7466
2009-09-30,GLD,stock,98.31,99.06,97.56,98.85,18662962,2009-09-30,2009-09-30,59.8005,97.4589,91.2284,95.6592
2009-09-29,GLD,stock,97.19,97.73,96.95,97.43,9262101,2009-09-29,2009-09-29,53.3982,97.3125,91.1518,95.5289
2009-09-28,GLD,stock,97.21,97.81,97,97.05,7791115,2009-09-28,2009-09-28,51.4780,97.3001,91.0887,95.4513
2009-09-25,GLD,stock,97.07,97.5,96.77,97,10724406,2009-09-25,2009-09-25,51.2324,97.3265,91.0288,95.3861
2009-09-24,GLD,stock,99.36,99.44,97.14,97.55,23320479,2009-09-24,2009-09-24,54.0247,97.3608,90.9688,95.3202
2009-09-23,GLD,stock,99.16,99.89,98.68,98.83,14725196,2009-09-23,2009-09-23,61.2372,97.3409,90.9027,95.2292
2009-09-22,GLD,stock,99.84,99.84,99.37,99.67,10879230,2009-09-22,2009-09-22,66.6602,97.1842,90.8230,95.0822
2009-09-21,GLD,stock,97.95,98.62,97.73,98.36,11113185,2009-09-21,2009-09-21,61.7556,96.9225,90.7341,94.8950
2009-09-18,GLD,stock,99.73,99.87,98.67,98.67,13937800,2009-09-18,2009-09-18,63.8186,96.7712,90.6574,94.7535
2009-09-17,GLD,stock,99.66,100.08,99.04,99.34,12476328,2009-09-17,2009-09-17,68.4045,96.5713,90.5769,94.5937
2009-09-16,GLD,stock,100.01,100.02,99.5,99.91,16542707,2009-09-16,2009-09-16,72.5214,96.2799,90.4888,94.3999
2009-09-15,GLD,stock,97.75,99.1,97.56,98.9,16244495,2009-09-15,2009-09-15,69.5013,95.8977,90.3941,94.1750
2009-09-14,GLD,stock,98.16,98.4326,97.73,97.96,9630854,2009-09-14,2009-09-14,66.3003,95.5817,90.3087,93.9822
2009-09-11,GLD,stock,98.96,99.33,98.27,98.78,19499339,2009-09-11,2009-09-11,72.4606,95.3314,90.2318,93.8198
2009-09-10,GLD,stock,97.03,98.03,96.88,97.7,12247224,2009-09-10,2009-09-10,68.9300,94.9683,90.1458,93.6174
2009-09-09,GLD,stock,97.98,98.36,96.85,97.08,20410142,2009-09-09,2009-09-09,66.6509,94.6808,90.0699,93.4507
2009-09-08,GLD,stock,98.57,98.64,97.39,97.43,22906792,2009-09-08,2009-09-08,69.3162,94.4283,89.9995,93.3026
2009-09-04,GLD,stock,97.14,97.83,96,97.529,14910926,2009-09-04,2009-09-04,70.0520,94.1123,89.9248,93.1341
2009-09-03,GLD,stock,96.52,97.94,96.2,97.46,26094518,2009-09-03,2009-09-03,69.8448,93.7526,89.8484,92.9547
2009-09-02,GLD,stock,94.7,96.26,94.57,96.19,27586788,2009-09-02,2009-09-02,65.8018,93.3624,89.7719,92.7709
2009-09-01,GLD,stock,93.41,93.96,93.06,93.9,7980971,2009-09-01,2009-09-01,55.9025,93.0647,89.7074,92.6313
2009-08-31,GLD,stock,93.14,93.5,92.92,93.4,4952805,2009-08-31,2009-08-31,53.1532,92.9768,89.6652,92.5795
2009-08-28,GLD,stock,94.07,94.15,93.63,93.87,6757693,2009-08-28,2009-08-28,56.2123,92.9323,89.6277,92.5460
2009-08-27,GLD,stock,92.8,93.31,92.379,93.19,6869147,2009-08-27,2009-08-27,52.5429,92.8336,89.5851,92.4920
2009-08-26,GLD,stock,92.67,92.85,92.21,92.79,5223938,2009-08-26,2009-08-26,50.2665,92.7960,89.5488,92.4635
2009-08-25,GLD,stock,93.4,93.46,92.488,92.76,8277921,2009-08-25,2009-08-25,50.0998,92.7967,89.5162,92.4502
2009-08-24,GLD,stock,93.64,93.7,91.64,92.34,8537457,2009-08-24,2009-08-24,47.8264,92.8005,89.4836,92.4375
2009-08-21,GLD,stock,93.63,93.8,93.4,93.65,7285225,2009-08-21,2009-08-21,55.0964,92.8490,89.4549,92.4415
2009-08-20,GLD,stock,92.31,92.55,92.12,92.27,3972881,2009-08-20,2009-08-20,47.2533,92.7647,89.4128,92.3922
2009-08-19,GLD,stock,91.68,92.78,91.66,92.532,7100295,2009-08-19,2009-08-19,48.7546,92.8168,89.3841,92.3972
2009-08-18,GLD,stock,91.81,92.2,91.7601,92.06,4354522,2009-08-18,2009-08-18,45.8782,92.8468,89.3524,92.3917
2009-08-17,GLD,stock,91.49,91.8574,91.28,91.61,6829711,2009-08-17,2009-08-17,43.0481,92.9296,89.3252,92.4052
2009-08-14,GLD,stock,93.84,93.91,92.4,93,6189355,2009-08-14,2009-08-14,50.6437,93.0685,89.3023,92.4377
2009-08-13,GLD,stock,93.85,94.05,93.45,93.72,6755818,2009-08-13,2009-08-13,55.3403,93.0757,89.2651,92.4147
2009-08-12,GLD,stock,92.6,93.49,92.47,92.95,7901476,2009-08-12,2009-08-12,50.8102,93.0079,89.2203,92.3614
2009-08-11,GLD,stock,92.68,92.97,92.41,92.79,5029893,2009-08-11,2009-08-11,49.8283,93.0139,89.1828,92.3374
2009-08-10,GLD,stock,92.91,93.14,92.6,92.927,6420132,2009-08-10,2009-08-10,50.6319,93.0375,89.1466,92.3189
2009-08-07,GLD,stock,94.32,94.64,93.6,93.75,8041998,2009-08-07,2009-08-07,55.6374,93.0491,89.1086,92.2941
2009-08-06,GLD,stock,95.01,95.19,93.76,94.6,13610401,2009-08-06,2009-08-06,61.4648,92.9754,89.0619,92.2347
2009-08-05,GLD,stock,94.88,95.05,94.01,94.78,8986608,2009-08-05,2009-08-05,62.7574,92.8044,89.0063,92.1382
2009-08-04,GLD,stock,94.18,95.25,93.99,94.68,11537478,2009-08-04,2009-08-04,62.3489,92.5964,88.9483,92.0303
2009-08-03,GLD,stock,94.14,94.49,93.65,93.87,10007582,2009-08-03,2009-08-03,58.9639,92.3771,88.8906,91.9222
2009-07-31,GLD,stock,91.86,94.03,91.83,93.35,14385664,2009-07-31,2009-07-31,56.6400,92.2199,88.8406,91.8427
2009-07-30,GLD,stock,91.55,92,91.44,91.62,6246619,2009-07-30,2009-07-30,47.4458,92.1010,88.7953,91.7811
2009-07-29,GLD,stock,91.67,91.75,90.81,91.2,9675811,2009-07-29,2009-07-29,44.8076,92.1516,88.7669,91.7877
2009-07-28,GLD,stock,92.74,92.82,91.65,92.11,10881127,2009-07-28,2009-07-28,49.8415,92.2518,88.7424,91.8117
2009-07-27,GLD,stock,93.9,93.95,93.36,93.71,5167260,2009-07-27,2009-07-27,61.0372,92.2667,88.7086,91.7995
2009-07-24,GLD,stock,93.48,93.71,93.33,93.41,4733931,2009-07-24,2009-07-24,59.4514,92.1148,88.6583,91.7216
2009-07-23,GLD,stock,93.2,94.005,93.11,93.26,9763592,2009-07-23,2009-07-23,58.6704,91.9784,88.6106,91.6526
2009-07-22,GLD,stock,92.82,93.82,92.73,93.44,10241279,2009-07-22,2009-07-22,59.9572,91.8435,88.5638,91.5870
2009-07-21,GLD,stock,93.52,93.53,92.69,93.13,9343391,2009-07-21,2009-07-21,58.5016,91.6755,88.5148,91.5114
2009-07-20,GLD,stock,93.61,93.8,92.91,93.28,13168683,2009-07-20,2009-07-20,59.4730,91.5224,88.4685,91.4453
2009-07-17,GLD,stock,92.15,92.3,91.84,91.93,8747904,2009-07-17,2009-07-17,52.9436,91.3373,88.4201,91.3705
2009-07-16,GLD,stock,92,92.12,91.55,91.98,4604369,2009-07-16,2009-07-16,53.2386,91.2750,88.3848,91.3476
2009-07-15,GLD,stock,92.17,92.52,92.03,92.24,9790392,2009-07-15,2009-07-15,54.7105,91.2007,88.3487,91.3218
2009-07-14,GLD,stock,90.86,91.11,90.59,90.81,5720712,2009-07-14,2009-07-14,47.2642,91.0913,88.3096,91.2843
2009-07-13,GLD,stock,89.45,90.69,89.1,90.19,8809142,2009-07-13,2009-07-13,43.5260,91.1210,88.2845,91.3037
2009-07-10,GLD,stock,89.3,89.77,89.1601,89.58,5040022,2009-07-10,2009-07-10,39.6155,91.2190,88.2653,91.3491
2009-07-09,GLD,stock,89.63,90.2599,89.33,89.51,13687244,2009-07-09,2009-07-09,39.1666,91.3915,88.2521,91.4214
2009-07-08,GLD,stock,90.11,97.8,88.82,89.27,21945875,2009-07-08,2009-07-08,37.6921,91.5895,88.2394,91.4994
2009-07-07,GLD,stock,90.89,91.38,90.5,90.71,7689043,2009-07-07,2009-07-07,43.5770,91.8337,88.2291,91.5904
2009-07-06,GLD,stock,90.48,90.93,90.36,90.76,6282740,2009-07-06,2009-07-06,43.7975,91.9520,88.2042,91.6263
2009-07-02,GLD,stock,91.47,91.58,91.08,91.25,7365102,2009-07-02,2009-07-02,45.9113,92.0774,88.1785,91.6617
2009-07-01,GLD,stock,92.31,93,92,92.39,10742628,2009-07-01,2009-07-01,51.2554,92.1645,88.1476,91.6785
2009-06-30,GLD,stock,91.85,91.96,90.53,91.18,24189122,2009-06-30,2009-06-30,44.9385,92.1408,88.1050,91.6494
2009-06-29,GLD,stock,92.32,92.4,91.71,92.04,6528675,2009-06-29,2009-06-29,49.1415,92.2419,88.0741,91.6686
2009-06-26,GLD,stock,92.81,92.93,91.93,92.29,10418444,2009-06-26,2009-06-26,50.4142,92.2632,88.0342,91.6534
2009-06-25,GLD,stock,92.12,92.33,91.72,92.31,11444701,2009-06-25,2009-06-25,50.5114,92.2604,87.9914,91.6274
2009-06-24,GLD,stock,92.09,92.33,91.04,91.45,12107714,2009-06-24,2009-06-24,46.3846,92.2552,87.9480,91.5996
2009-06-23,GLD,stock,90.66,91.03,89.95,90.92,11958233,2009-06-23,2009-06-23,43.6979,92.3399,87.9128,91.6057
2009-06-22,GLD,stock,90.41,90.64,90.13,90.54,12954531,2009-06-22,2009-06-22,41.7547,92.4894,87.8826,91.6337
2009-06-19,GLD,stock,91.81,92.23,91.58,91.9,11811821,2009-06-19,2009-06-19,47.1645,92.6946,87.8559,91.6783
2009-06-18,GLD,stock,92.24,92.5,91.3,91.61,16239198,2009-06-18,2009-06-18,45.7734,92.7782,87.8153,91.6692
2009-06-17,GLD,stock,91.61,92.39,90.1457,92.35,12112384,2009-06-17,2009-06-17,48.8190,92.9012,87.7771,91.6717
2009-06-16,GLD,stock,91.87,92.12,91.35,91.93,9833197,2009-06-16,2009-06-16,46.9590,92.9592,87.7312,91.6440
2009-06-15,GLD,stock,91.9,91.9,90.9,91.1,13116415,2009-06-15,2009-06-15,43.1692,93.0676,87.6890,91.6323
2009-06-12,GLD,stock,92.41,92.76,92,92.17,13807862,2009-06-12,2009-06-12,47.2069,93.2747,87.6547,91.6540
2009-06-11,GLD,stock,93.13,94.53,93,93.7,14775431,2009-06-11,2009-06-11,53.9008,93.3909,87.6093,91.6330
2009-06-10,GLD,stock,94.5,94.53,92.9,93.86,14441438,2009-06-10,2009-06-10,54.6534,93.3584,87.5481,91.5486
2009-06-09,GLD,stock,94.27,94.39,93.44,93.83,9477197,2009-06-09,2009-06-09,54.5429,93.3056,87.4846,91.4543
2009-06-08,GLD,stock,93.26,93.7,92.58,93.56,11551023,2009-06-08,2009-06-08,53.5979,93.2504,87.4209,91.3573
2009-06-05,GLD,stock,94.24,94.788,93.57,93.71,18599557,2009-06-05,2009-06-05,54.1789,93.2178,87.3592,91.2674
2009-06-04,GLD,stock,95.24,96.49,95.2,96.23,13621959,2009-06-04,2009-06-04,65.2056,93.1660,87.2953,91.1677
2009-06-03,GLD,stock,95.9,96.21,94.31,94.41,18204313,2009-06-03,2009-06-03,59.7058,92.8435,87.2055,90.9611
2009-06-02,GLD,stock,96.19,96.9699,96.1,96.36,14532549,2009-06-02,2009-06-02,70.8470,92.6786,87.1331,90.8203
2009-06-01,GLD,stock,96.47,96.76,95.63,95.73,17920196,2009-06-01,2009-06-01,69.1182,92.2911,87.0404,90.5942
2009-05-29,GLD,stock,95.7,96.35,95.58,96.2,18137549,2009-05-29,2009-05-29,72.0792,91.9291,86.9531,90.3846
2009-05-28,GLD,stock,94.14,94.83,93.8,94.24,14973024,2009-05-28,2009-05-28,66.5263,91.4795,86.8601,90.1472
2009-05-27,GLD,stock,93.73,94.28,93.1,93.45,13685974,2009-05-27,2009-05-27,63.8343,91.1889,86.7860,89.9801
2009-05-26,GLD,stock,92.95,93.84,92.85,93.76,12354970,2009-05-26,2009-05-26,65.7614,90.9509,86.7190,89.8385
2009-05-22,GLD,stock,94.25,94.42,93.8,94.15,15407156,2009-05-22,2009-05-22,68.1653,90.6552,86.6482,89.6784
2009-05-21,GLD,stock,92.35,93.86,91.93,93.85,21807128,2009-05-21,2009-05-21,67.3118,90.2874,86.5728,89.4959
2009-05-20,GLD,stock,91.54,92.44,91.52,92.25,18272447,2009-05-20,2009-05-20,62.3069,89.9124,86.4997,89.3182
2009-05-19,GLD,stock,90.64,91.35,90.57,90.96,9628227,2009-05-19,2009-05-19,57.4270,89.6663,86.4419,89.1986
2009-05-18,GLD,stock,91.53,91.57,90.14,90.36,17337922,2009-05-18,2009-05-18,54.9055,89.5301,86.3965,89.1267
2009-05-15,GLD,stock,91.15,91.81,91.1,91.55,11705703,2009-05-15,2009-05-15,61.6276,89.4428,86.3567,89.0763
2009-05-14,GLD,stock,90.9,91.26,90.7,91.03,8017207,2009-05-14,2009-05-14,59.6217,89.2209,86.3045,88.9754
2009-05-13,GLD,stock,90.44,91.5,90.31,91.09,17427279,2009-05-13,2009-05-13,59.9575,89.0305,86.2570,88.8915
2009-05-12,GLD,stock,90.4,90.84,89.95,90.7,15741621,2009-05-12,2009-05-12,58.5484,88.8137,86.2084,88.8018
2009-05-11,GLD,stock,89.64,90.01,89.5,89.69,12211457,2009-05-11,2009-05-11,54.7160,88.6152,86.1633,88.7243
2009-05-08,GLD,stock,89.71,90.09,88.91,89.98,10939765,2009-05-08,2009-05-08,56.0988,88.5020,86.1278,88.6849
2009-05-07,GLD,stock,90.13,90.3,89.24,89.44,14796782,2009-05-07,2009-05-07,54.0928,88.3465,86.0891,88.6320
2009-05-06,GLD,stock,89.46,89.69,88.84,89.54,11334795,2009-05-06,2009-05-06,54.5212,88.2313,86.0554,88.5990
2009-05-05,GLD,stock,89.71,89.73,87.88,88.25,9953701,2009-05-05,2009-05-05,49.7545,88.0936,86.0204,88.5606
2009-05-04,GLD,stock,87.55,89.18,87.55,88.6401,10810848,2009-05-04,2009-05-04,51.2632,88.0771,85.9980,88.5733
2009-05-01,GLD,stock,86.75,87.49,86.692,86.95,6120715,2009-05-01,2009-05-01,44.4916,88.0179,85.9714,88.5706
2009-04-30,GLD,stock,86.83,87.78,86.5409,87.27,9712434,2009-04-30,2009-04-30,45.6056,88.1303,85.9616,88.6367
2009-04-29,GLD,stock,88.31,88.78,87.67,88.33,8079407,2009-04-29,2009-04-29,49.4113,88.2208,85.9485,88.6925
2009-04-28,GLD,stock,87.33,87.95,87.11,87.75,8570029,2009-04-28,2009-04-28,47.1715,88.2093,85.9245,88.7073
2009-04-27,GLD,stock,89.33,89.79,88.94,89.01,7147460,2009-04-27,2009-04-27,51.7977,88.2577,85.9062,88.7464
2009-04-24,GLD,stock,89.1,89.84,88.83,89.72,11425622,2009-04-24,2009-04-24,54.5996,88.1785,85.8750,88.7356
2009-04-23,GLD,stock,87.71,89.37,87.6236,88.8,16620993,2009-04-23,2009-04-23,51.4390,88.0162,85.8363,88.6954
2009-04-22,GLD,stock,87.03,87.82,86.8,87.38,10058417,2009-04-22,2009-04-22,46.0568,87.9337,85.8066,88.6911
2009-04-21,GLD,stock,87.85,87.884,86.33,86.89,10655317,2009-04-21,2009-04-21,44.0706,87.9920,85.7907,88.7447
2009-04-20,GLD,stock,86.03,87.34,86,86.95,12658791,2009-04-20,2009-04-20,44.2558,88.1080,85.7797,88.8204
2009-04-17,GLD,stock,85.75,86.37,84.92,85.22,22331560,2009-04-17,2009-04-17,37.1851,88.2299,85.7679,88.8967
2009-04-16,GLD,stock,87.38,87.4518,85.68,85.81,21011029,2009-04-16,2009-04-16,38.7413,88.5468,85.7734,89.0468
2009-04-15,GLD,stock,87.42,87.94,87.23,87.5,6856952,2009-04-15,2009-04-15,43.5938,88.8349,85.7731,89.1789
2009-04-14,GLD,stock,87.78,87.81,87.04,87.37,7151387,2009-04-14,2009-04-14,43.0846,88.9754,85.7557,89.2474
2009-04-13,GLD,stock,88.03,88.45,87.6,87.88,7243187,2009-04-13,2009-04-13,44.5496,89.1444,85.7395,89.3240
2009-04-09,GLD,stock,86.33,86.88,86.1,86.31,9606975,2009-04-09,2009-04-09,38.5794,89.2774,85.7180,89.3830
2009-04-08,GLD,stock,87.18,87.52,86.264,86.61,12226112,2009-04-08,2009-04-08,39.3308,89.5898,85.7120,89.5084
2009-04-07,GLD,stock,86.27,88.26,86.17,86.74,11004377,2009-04-07,2009-04-07,39.6415,89.9035,85.7030,89.6267
2009-04-06,GLD,stock,86.4,86.44,84.97,85.27,22860284,2009-04-06,2009-04-06,34.1828,90.2365,85.6926,89.7445
2009-04-03,GLD,stock,88.96,89.44,87.52,87.59,16343401,2009-04-03,2009-04-03,39.4054,90.7593,85.6968,89.9272
2009-04-02,GLD,stock,88.75,89.36,87.92,88.8,24809012,2009-04-02,2009-04-02,42.5541,91.0929,85.6778,90.0226
2009-04-01,GLD,stock,91.34,91.38,90.21,91.03,12298634,2009-04-01,2009-04-01,49.2950,91.3342,85.6464,90.0725
2009-03-31,GLD,stock,90.38,90.85,89.58,90.28,14396516,2009-03-31,2009-03-31,46.6560,91.3662,85.5923,90.0334
2009-03-30,GLD,stock,89.97,91.81,89.75,89.98,16425732,2009-03-30,2009-03-30,45.6045,91.4806,85.5452,90.0233
2009-03-27,GLD,stock,90.83,91.26,90.41,90.69,11623165,2009-03-27,2009-03-27,47.6695,91.6385,85.5006,90.0251
2009-03-26,GLD,stock,92.72,92.72,91.84,91.93,12365275,2009-03-26,2009-03-26,51.4475,91.7384,85.4485,89.9979
2009-03-25,GLD,stock,90.87,92.63,90.34,91.98,24788187,2009-03-25,2009-03-25,51.6006,91.7182,85.3833,89.9191
2009-03-24,GLD,stock,90.76,91.66,90.25,91,16978484,2009-03-24,2009-03-24,48.8288,91.6906,85.3170,89.8350
2009-03-23,GLD,stock,93.44,93.91,91.95,92.08,17651454,2009-03-23,2009-03-23,51.8686,91.7633,85.2599,89.7874
2009-03-20,GLD,stock,93.48,94.37,93.1262,93.59,18072424,2009-03-20,2009-03-20,56.4294,91.7300,85.1914,89.6938
2009-03-19,GLD,stock,93.43,94.77,92.91,94.35,34998326,2009-03-19,2009-03-19,58.8478,91.5342,85.1070,89.5348
2009-03-18,GLD,stock,88.75,93.39,86.83,93.09,59394518,2009-03-18,2009-03-18,55.9409,91.2378,85.0141,89.3383
2009-03-17,GLD,stock,90.26,90.59,89.75,90.04,10052375,2009-03-17,2009-03-17,47.6252,91.0429,84.9329,89.1851
2009-03-16,GLD,stock,90.32,90.96,90.03,90.8,11782480,2009-03-16,2009-03-16,49.8001,91.1484,84.8816,89.1502
2009-03-13,GLD,stock,91.87,91.89,90.5,91.3,11692927,2009-03-13,2009-03-13,51.2292,91.1851,84.8221,89.0829
2009-03-12,GLD,stock,90.37,91.57,90.14,91.1,20123755,2009-03-12,2009-03-12,50.7037,91.1730,84.7570,88.9924
2009-03-11,GLD,stock,88.48,89.83,87.78,89.22,16679810,2009-03-11,2009-03-11,45.5867,91.1807,84.6933,88.9064
2009-03-10,GLD,stock,89.54,89.61,87.4733,88.14,25923660,2009-03-10,2009-03-10,42.3971,91.3871,84.6478,88.8936
2009-03-09,GLD,stock,92.29,92.33,89.57,90.57,18311004,2009-03-09,2009-03-09,48.3141,91.7289,84.6127,88.9244
2009-03-06,GLD,stock,91.81,92.95,91.2,92.29,22394972,2009-03-06,2009-03-06,53.1934,91.8509,84.5528,88.8572
2009-03-05,GLD,stock,89.91,92.17,89.23,91.987,23964662,2009-03-05,2009-03-05,52.4071,91.8047,84.4750,88.7171
2009-03-04,GLD,stock,90.25,90.35,88.45,88.99,19857417,2009-03-04,2009-03-04,43.7251,91.7855,84.3995,88.5836
2009-03-03,GLD,stock,90.85,91.04,88.94,90.04,28044914,2009-03-03,2009-03-03,46.4837,92.0797,84.3534,88.5670
2009-03-02,GLD,stock,93.42,93.61,90.62,90.93,24209483,2009-03-02,2009-03-02,48.9126,92.2944,84.2962,88.5069
2009-02-27,GLD,stock,94.31,94.53,91.03,92.63,30588847,2009-02-27,2009-02-27,53.9088,92.4380,84.2296,88.4080
2009-02-26,GLD,stock,92.71,93.14,91.57,93.057,28759731,2009-02-26,2009-02-26,55.2245,92.4178,84.1451,88.2357
2009-02-25,GLD,stock,94.71,96.41,92.81,93.15,26107936,2009-02-25,2009-02-25,55.4984,92.3506,84.0556,88.0389
2009-02-24,GLD,stock,97.59,97.59,94.27,94.73,37445495,2009-02-24,2009-02-24,60.2099,92.2664,83.9642,87.8303
2009-02-23,GLD,stock,96.59,98.22,95.89,97.73,24500021,2009-02-23,2009-02-23,70.8085,92.0071,83.8560,87.5486
2009-02-20,GLD,stock,98,98.99,97.14,97.8,43854073,2009-02-20,2009-02-20,71.0796,91.4047,83.7165,87.1331
2009-02-19,GLD,stock,95.91,96.57,95.425,95.77,21286391,2009-02-19,2009-02-19,67.7553,90.7315,83.5750,86.6977
2009-02-18,GLD,stock,95.23,97.15,94.67,96.91,29243195,2009-02-18,2009-02-18,72.0755,90.2011,83.4524,86.3274
2009-02-17,GLD,stock,95.24,95.85,94.89,95.45,26982424,2009-02-17,2009-02-17,69.7843,89.4949,83.3172,85.8954
2009-02-13,GLD,stock,92.5,92.77,91.69,92.55,14715453,2009-02-13,2009-02-13,64.3963,88.8681,83.1952,85.5055
2009-02-12,GLD,stock,93.04,93.74,92.52,93.17,38725314,2009-02-12,2009-02-12,66.7596,88.4805,83.1012,85.2179
2009-02-11,GLD,stock,90.93,93.25,90.8,92.29,55580865,2009-02-11,2009-02-11,65.0701,87.9869,83.0000,84.8934
2009-02-10,GLD,stock,89.66,90.37,89.18,90.21,25422924,2009-02-10,2009-02-10,60.6841,87.5339,82.9067,84.5915
2009-02-09,GLD,stock,88.34,88.65,87.6,88.32,21263553,2009-02-09,2009-02-09,56.0252,87.2522,82.8333,84.3621
2009-02-06,GLD,stock,89.15,90.14,89.15,89.59,12554297,2009-02-06,2009-02-06,60.4984,87.1398,82.7781,84.2006
2009-02-05,GLD,stock,90.75,90.82,89.3,90.12,17182578,2009-02-05,2009-02-05,62.4300,86.8819,82.7097,83.9806
2009-02-04,GLD,stock,88.89,89.5,88.52,89.18,14258782,2009-02-04,2009-02-04,60.3448,86.5410,82.6352,83.7300
2009-02-03,GLD,stock,89.43,89.73,86,88.47,17517679,2009-02-03,2009-02-03,58.7387,86.2632,82.5694,83.5076
2009-02-02,GLD,stock,89.88,92.5786,88.62,88.84,16979238,2009-02-02,2009-02-02,59.9129,86.0310,82.5101,83.3050
2009-01-30,GLD,stock,90.72,91.49,89.65,91.31,21278877,2009-01-30,2009-01-30,68.3877,85.7353,82.4465,83.0791
2009-01-29,GLD,stock,86.68,89.55,86.28,89.5,21236701,2009-01-29,2009-01-29,65.0210,85.1485,82.3574,82.7431
2009-01-28,GLD,stock,88.27,88.38,86.84,87.415,18449300,2009-01-28,2009-01-28,60.5238,84.6904,82.2856,82.4674
2009-01-27,GLD,stock,88.43,88.844,88.01,88.38,11786111,2009-01-27,2009-01-27,64.0636,84.4036,82.2341,82.2654
2009-01-26,GLD,stock,89.24,90.19,88.68,88.95,19129326,2009-01-26,2009-01-26,66.1868,83.9850,82.1723,82.0158
2009-01-23,GLD,stock,86.57,88.94,86.07,88.53,34010452,2009-01-23,2009-01-23,65.4022,83.4624,82.1042,81.7328
2009-01-22,GLD,stock,84.03,84.97,83.83,84.58,18569338,2009-01-22,2009-01-22,56.6106,82.9290,82.0396,81.4554
2009-01-21,GLD,stock,84.05,84.39,82.98,84.15,12266971,2009-01-21,2009-01-21,55.4666,82.7552,82.0141,81.3278
2009-01-20,GLD,stock,84.17,85.285,83.57,84.52,16724565,2009-01-20,2009-01-20,56.6602,82.6083,81.9926,81.2126
2009-01-16,GLD,stock,82.2,83,81.74,82.71,16469444,2009-01-16,2009-01-16,51.9650,82.4071,81.9672,81.0776
2009-01-15,GLD,stock,79.97,80.7,78.87,80.39,16714662,2009-01-15,2009-01-15,44.8544,82.3752,81.9597,81.0110
2009-01-14,GLD,stock,80.57,81.09,79.36,79.79,15600112,2009-01-14,2009-01-14,42.8218,82.5842,81.9755,81.0364
2009-01-13,GLD,stock,80.94,81.82,80.6216,80.88,10017677,2009-01-13,2009-01-13,45.6609,82.8783,81.9975,81.0872
2009-01-12,GLD,stock,81.72,82.04,80.26,80.76,14754501,2009-01-12,2009-01-12,45.2900,83.0887,82.0087,81.0957
2009-01-09,GLD,stock,83.34,85.5,83.09,83.92,8861884,2009-01-09,2009-01-09,54.3609,83.3338,82.0213,81.1094
2009-01-08,GLD,stock,84.4,84.89,83.75,84.46,10715686,2009-01-08,2009-01-08,56.1452,83.2721,82.0022,80.9947
2009-01-07,GLD,stock,84.56,84.58,82.21,82.75,13359182,2009-01-07,2009-01-07,51.4602,83.1471,81.9775,80.8532
2009-01-06,GLD,stock,83.37,85.7,83,85.13,12864541,2009-01-06,2009-01-06,59.7032,83.1889,81.9697,80.7758
2009-01-05,GLD,stock,83.62,84.68,83.24,84.48,9533984,2009-01-05,2009-01-05,57.9969,82.9845,81.9380,80.5981
2009-01-02,GLD,stock,85.93,86.6072,85.84,86.23,6411518,2009-01-02,2009-01-02,64.8631,82.8271,81.9124,80.4397
2008-12-31,GLD,stock,84.98,87.1,84.28,86.52,7837010,2008-12-31,2008-12-31,66.0666,82.4689,81.8690,80.2033
2008-12-30,GLD,stock,85.94,86.15,85.28,85.9,7122860,2008-12-30,2008-12-30,64.7688,82.0425,81.8223,79.9455
2008-12-29,GLD,stock,86.5,87,85.95,86.35,9073126,2008-12-29,2008-12-29,66.4825,81.6364,81.7813,79.7025
2008-12-26,GLD,stock,83.52,85.97,83.12,85.6,5082393,2008-12-26,2008-12-26,65.0515,81.1403,81.7354,79.4311
2008-12-24,GLD,stock,82.47,83.57,82.47,83.46,2072137,2008-12-24,2008-12-24,60.5938,80.6708,81.6965,79.1793
2008-12-23,GLD,stock,82.93,83.39,81.59,82.63,6322180,2008-12-23,2008-12-23,58.6965,80.3772,81.6788,79.0046
2008-12-22,GLD,stock,83.57,83.81,82.79,83.46,6690623,2008-12-22,2008-12-22,61.4436,80.1401,81.6692,78.8566
2008-12-19,GLD,stock,82.3608,82.87,82.01,82.63,9139236,2008-12-19,2008-12-19,59.6918,79.7906,81.6513,78.6687
2008-12-18,GLD,stock,84.85,85.12,83.46,83.87,17232898,2008-12-18,2008-12-18,63.7071,79.4917,81.6414,78.5071
2008-12-17,GLD,stock,85.26,86.91,84.8026,85.43,22000268,2008-12-17,2008-12-17,69.1403,79.0309,81.6190,78.2882
2008-12-16,GLD,stock,82.38,84.64,81.93,84.46,18666303,2008-12-16,2008-12-16,67.5420,78.3573,81.5807,77.9967
2008-12-15,GLD,stock,81.33,83.03,81.23,82.6,15006222,2008-12-15,2008-12-15,64.2448,77.7149,81.5518,77.7329
2008-12-12,GLD,stock,80.55,81.63,80.005,80.81,12538487,2008-12-12,2008-12-12,60.6748,77.2007,81.5412,77.5342
2008-12-11,GLD,stock,81.58,81.94,80.49,80.65,13978799,2008-12-11,2008-12-11,60.3462,76.8207,81.5486,77.4005
2008-12-10,GLD,stock,79.2,80.1099,78.56,79.75,16050127,2008-12-10,2008-12-10,58.5365,76.4177,81.5576,77.2679
2008-12-09,GLD,stock,75.56,76.85,75.3,76.33,9617588,2008-12-09,2008-12-09,50.5775,76.0669,81.5758,77.1665
2008-12-08,GLD,stock,76.48,76.62,75.4,76.195,7267057,2008-12-08,2008-12-08,50.2273,76.0392,81.6285,77.2007
2008-12-05,GLD,stock,74.3,74.81,72.91,74.52,13392234,2008-12-05,2008-12-05,45.8030,76.0228,81.6831,77.2417
2008-12-04,GLD,stock,75.59,77.63,75.07,75.5,11827097,2008-12-04,2008-12-04,48.1272,76.1810,81.7551,77.3528
2008-12-03,GLD,stock,76,77.14,75.14,76.18,10684457,2008-12-03,2008-12-03,49.7539,76.2527,81.8180,77.4284
2008-12-02,GLD,stock,76.9,77.32,76.26,76.95,6942012,2008-12-02,2008-12-02,51.5873,76.2603,81.8746,77.4794
2008-12-01,GLD,stock,77.15,77.34,75.57,75.65,13130943,2008-12-01,2008-12-01,48.6190,76.1877,81.9241,77.5010
2008-11-28,GLD,stock,80.04,80.75,79.8,80.31,3665757,2008-11-28,2008-11-28,61.0853,76.2443,81.9872,77.5766
2008-11-26,GLD,stock,80.52,80.7678,79.3333,80.38,9141477,2008-11-26,2008-11-26,61.3046,75.8164,82.0040,77.4650
2008-11-25,GLD,stock,81.34,81.38,79.28,80.87,17521638,2008-11-25,2008-11-25,62.7690,75.3360,82.0204,77.3460
2008-11-24,GLD,stock,80.45,81.72,80.38,80.91,19882327,2008-11-24,2008-11-24,62.8829,74.7534,82.0319,77.2022
2008-11-21,GLD,stock,76,79,75.45,78.85,30464353,2008-11-21,2008-11-21,59.3571,74.1054,82.0432,77.0508
2008-11-20,GLD,stock,73.15,74.2,72.43,73.45,13581671,2008-11-20,2008-11-20,47.1334,73.6059,82.0753,76.9774
2008-11-19,GLD,stock,73.42,75.19,72,72.26,13962705,2008-11-19,2008-11-19,43.6664,73.6224,82.1620,77.1214
2008-11-18,GLD,stock,72.38,73.46,72.13,72.51,8134871,2008-11-18,2008-11-18,44.2323,73.7658,82.2615,77.3198
2008-11-17,GLD,stock,72.43,73.8,72.15,72.65,7708581,2008-11-17,2008-11-17,44.5324,73.8980,82.3595,77.5161
2008-11-14,GLD,stock,73.39,74.26,72.76,73.3,12808352,2008-11-14,2008-11-14,45.8742,74.0293,82.4571,77.7147
2008-11-13,GLD,stock,70.49,72.36,68.81,72.15,16823511,2008-11-13,2008-11-13,43.0554,74.1061,82.5491,77.8949
2008-11-12,GLD,stock,71.45,71.89,69.77,70,10032403,2008-11-12,2008-11-12,37.3954,74.3120,82.6536,78.1294
2008-11-11,GLD,stock,72.56,72.66,71.55,72.05,8354486,2008-11-11,2008-11-11,41.0039,74.7659,82.7808,78.4612
2008-11-10,GLD,stock,74.8,74.92,72.96,73.58,6090556,2008-11-10,2008-11-10,43.9424,75.0518,82.8887,78.7229
2008-11-07,GLD,stock,72.59,73.09,72.05,72.5,6052664,2008-11-07,2008-11-07,41.1794,75.2067,82.9822,78.9328
2008-11-06,GLD,stock,74.36,74.98,71.67,72.22,10686615,2008-11-06,2008-11-06,40.4730,75.4916,83.0876,79.1954
2008-11-05,GLD,stock,74.32,75.18,72.38,72.8,10316895,2008-11-05,2008-11-05,41.4300,75.8360,83.1968,79.4801
2008-11-04,GLD,stock,73.15,75.69,72.85,75.4786,11434396,2008-11-04,2008-11-04,46.1048,76.1556,83.3013,79.7528
2008-11-03,GLD,stock,71.34,72.17,71.06,71.1,6797899,2008-11-03,2008-11-03,34.9661,76.2268,83.3799,79.9272
2008-10-31,GLD,stock,72.62,72.87,70.6,71.34,9517613,2008-10-31,2008-10-31,35.3379,76.7665,83.5033,80.2875
2008-10-30,GLD,stock,74.89,75.25,72.13,72.71,10890881,2008-10-30,2008-10-30,37.4480,77.3377,83.6255,80.6527
2008-10-29,GLD,stock,75.05,76.36,73.61,74,16120588,2008-10-29,2008-10-29,39.5110,77.8248,83.7353,80.9769
2008-10-28,GLD,stock,73.03,73.8,71.7,73.79,8468003,2008-10-28,2008-10-28,39.0030,78.2274,83.8331,81.2617
2008-10-27,GLD,stock,71.13,73.61,70.72,72.18,12146136,2008-10-27,2008-10-27,35.1248,78.6945,83.9340,81.5667
2008-10-24,GLD,stock,69.3,73.93,69.07,72.21,22471326,2008-10-24,2008-10-24,35.1635,79.3803,84.0522,81.9498
2008-10-23,GLD,stock,69.64,72.19,69.5,70.65,16651506,2008-10-23,2008-10-23,31.5220,80.1350,84.1712,82.3473
2008-10-22,GLD,stock,74.44,74.45,66,71.71,23283571,2008-10-22,2008-10-22,32.6801,81.1334,84.3071,82.8248
2008-10-21,GLD,stock,75.9,76.94,74.89,76.027,10849962,2008-10-21,2008-10-21,37.9532,82.1254,84.4337,83.2784
2008-10-20,GLD,stock,77.77,78.56,77.27,78.5,9325995,2008-10-20,2008-10-20,41.5166,82.7673,84.5182,83.5744
2008-10-17,GLD,stock,77.12,80.78,75,77.21,15335358,2008-10-17,2008-10-17,38.7302,83.2165,84.5786,83.7815
2008-10-16,GLD,stock,82.4,82.5,77.22,79.29,30645183,2008-10-16,2008-10-16,41.7052,83.8488,84.6527,84.0498
2008-10-15,GLD,stock,82.2,84.39,82.08,83.31,16897342,2008-10-15,2008-10-15,48.3737,84.3286,84.7066,84.2440
2008-10-14,GLD,stock,82.4,83.31,81.61,82.2,12383875,2008-10-14,2008-10-14,46.1667,84.4359,84.7206,84.2822
2008-10-13,GLD,stock,83.61,83.9,80.92,81.99,17028573,2008-10-13,2008-10-13,45.7593,84.6712,84.7460,84.3671
2008-10-10,GLD,stock,89.59,90.72,81.38,83.22,45067236,2008-10-10,2008-10-10,47.7234,84.9535,84.7737,84.4642
2008-10-09,GLD,stock,87.29,90.58,86.54,89.9,19984008,2008-10-09,2008-10-09,60.9064,85.1359,84.7893,84.5149
2008-10-08,GLD,stock,90.69,90.8397,88.05,89.42,31204611,2008-10-08,2008-10-08,60.1723,84.6345,84.7379,84.2952
2008-10-07,GLD,stock,87.18,87.7,85.53,87.27,20281140,2008-10-07,2008-10-07,56.7982,84.1307,84.6909,84.0860
2008-10-06,GLD,stock,85.84,86.45,84.25,84.28,21674918,2008-10-06,2008-10-06,51.4913,83.8003,84.6649,83.9560
2008-10-03,GLD,stock,81.23,83.44,81.05,82.59,24055323,2008-10-03,2008-10-03,48.1483,83.7498,84.6688,83.9428
2008-10-02,GLD,stock,84.56,84.66,81.62,82.33,22647339,2008-10-02,2008-10-02,47.6328,83.8718,84.6897,83.9980
2008-10-01,GLD,stock,86.23,88.05,85.18,85.97,16780644,2008-10-01,2008-10-01,54.7036,84.0341,84.7134,84.0661
2008-09-30,GLD,stock,87.31,87.36,84.21,85.07,20437519,2008-09-30,2008-09-30,53.1054,83.8304,84.7008,83.9884
2008-09-29,GLD,stock,87.06,92,86.97,89.57,40107692,2008-09-29,2008-09-29,63.5094,83.6999,84.6971,83.9442
2008-09-26,GLD,stock,87.03,90.17,86.59,86.64,21979618,2008-09-26,2008-09-26,58.6063,83.0820,84.6481,83.7146
2008-09-25,GLD,stock,87.12,87.8,85.01,86.45,20668322,2008-09-25,2008-09-25,58.2687,82.7074,84.6281,83.5952
2008-09-24,GLD,stock,88.68,88.76,86.7,86.71,17238505,2008-09-24,2008-09-24,58.8790,82.3135,84.6098,83.4787
2008-09-23,GLD,stock,88.87,89.1,86.72,88.32,22198389,2008-09-23,2008-09-23,62.6519,81.8507,84.5887,83.3468
2008-09-22,GLD,stock,86.85,89.54,86.81,89.18,35224509,2008-09-22,2008-09-22,64.7086,81.1697,84.5512,83.1438
2008-09-19,GLD,stock,85.58,86.44,84,85.98,25483453,2008-09-19,2008-09-19,60.1936,80.3265,84.5046,82.8974
2008-09-18,GLD,stock,85.49,90.78,81.9,82.8,60547897,2008-09-18,2008-09-18,54.8653,79.7314,84.4898,82.7716
2008-09-17,GLD,stock,77.11,85.6,77.09,85.46,65739576,2008-09-17,2008-09-17,61.2315,79.4084,84.5068,82.7704
2008-09-16,GLD,stock,76.69,77.29,76.3,76.79,17059342,2008-09-16,2008-09-16,40.2473,78.7714,84.4972,82.6607
2008-09-15,GLD,stock,76.64,77.73,76,77.56,16990482,2008-09-15,2008-09-15,42.1278,78.9800,84.5747,82.9003
2008-09-12,GLD,stock,74.26,75.58,73.48,75.55,17595332,2008-09-12,2008-09-12,34.7364,79.1294,84.6452,83.1183
2008-09-11,GLD,stock,73.61,73.93,72.51,73.08,23774214,2008-09-11,2008-09-11,23.6024,79.5062,84.7366,83.4272
2008-09-10,GLD,stock,76.88,76.9272,74.1,74.22,29360894,2008-09-10,2008-09-10,25.4642,80.1827,84.8537,83.8495
2008-09-09,GLD,stock,77.39,77.82,76.24,76.49,20187040,2008-09-09,2008-09-09,29.8124,80.8103,84.9606,84.2425
2008-09-08,GLD,stock,80.1,80.35,78.47,78.86,10016174,2008-09-08,2008-09-08,35.7269,81.2651,85.0457,84.5590
2008-09-05,GLD,stock,80.08,80.27,78.17,78.98,10740906,2008-09-05,2008-09-05,36.0632,81.5183,85.1079,84.7916
2008-09-04,GLD,stock,79.7,79.777,78.14,78.39,10868555,2008-09-04,2008-09-04,33.1914,81.7854,85.1695,85.0288
2008-09-03,GLD,stock,79.19,79.69,78.34,78.89,10707447,2008-09-03,2008-09-03,34.4076,82.1429,85.2376,85.2998
2008-09-02,GLD,stock,78.16,79.79,77.98,79.2,12680855,2008-09-02,2008-09-02,35.1491,82.4853,85.3014,85.5614
2008-08-29,GLD,stock,82.31,82.47,81.58,81.71,5124791,2008-08-29,2008-08-29,41.9448,82.8311,85.3628,85.8210
2008-08-28,GLD,stock,83.06,83.13,81.27,82.18,9350605,2008-08-28,2008-08-28,43.4039,82.9491,85.3995,85.9888
2008-08-27,GLD,stock,81.89,82.05,81,81.36,7092196,2008-08-27,2008-08-27,40.0238,83.0300,85.4318,86.1443
2008-08-26,GLD,stock,80.61,81.85,80.6,81.23,8578653,2008-08-26,2008-08-26,39.4919,83.2058,85.4727,86.3396
2008-08-25,GLD,stock,81.1,81.34,80.56,80.93,6512771,2008-08-25,2008-08-25,38.3195,83.4138,85.5154,86.5481
2008-08-22,GLD,stock,81.49,81.96,80.94,81.08,7854634,2008-08-22,2008-08-22,38.6673,83.6753,85.5615,86.7774
2008-08-21,GLD,stock,82.01,84.54,81.75,82.3,17002015,2008-08-21,2008-08-21,41.5133,83.9485,85.6065,87.0100
2008-08-20,GLD,stock,80.15,80.66,78.81,80.06,14711362,2008-08-20,2008-08-20,33.1212,84.1220,85.6397,87.2022
2008-08-19,GLD,stock,77.92,80.52,77.7,80.433,16755975,2008-08-19,2008-08-19,33.8727,84.5496,85.6958,87.4937
2008-08-18,GLD,stock,78.53,79.17,77.81,78.8,14057016,2008-08-18,2008-08-18,27.1532,84.9829,85.7487,87.7819
2008-08-15,GLD,stock,78,78.32,76.61,77.63,29744547,2008-08-15,2008-08-15,21.8714,85.6337,85.8185,88.1485
2008-08-14,GLD,stock,80.71,81.0996,79.28,79.35,15505792,2008-08-14,2008-08-14,24.2740,86.4762,85.9008,88.5779
2008-08-13,GLD,stock,80.59,81.85,80.39,81.56,16996884,2008-08-13,2008-08-13,27.9351,87.2263,85.9667,88.9545
2008-08-12,GLD,stock,80.74,81.01,79.55,80.52,20113159,2008-08-12,2008-08-12,22.8504,87.8228,86.0110,89.2563
2008-08-11,GLD,stock,84.46,84.49,80.6,81.13,23544563,2008-08-11,2008-08-11,23.7636,88.5915,86.0662,89.6129
2008-08-08,GLD,stock,84.35,84.68,83.83,84.43,13513577,2008-08-08,2008-08-08,29.7327,89.3769,86.1158,89.9592
2008-08-07,GLD,stock,86.64,86.78,85.51,86.09,9962227,2008-08-07,2008-08-07,33.6850,89.8977,86.1327,90.1848
2008-08-06,GLD,stock,86.08,87,86.01,86.64,12404765,2008-08-06,2008-08-06,35.1213,90.2985,86.1331,90.3520
2008-08-05,GLD,stock,87.28,87.41,85.94,86.08,20187772,2008-08-05,2008-08-05,32.3959,90.6836,86.1280,90.5035
2008-08-04,GLD,stock,89.08,89.68,88.04,88.14,14981167,2008-08-04,2008-08-04,37.8231,91.1681,86.1285,90.6840
2008-08-01,GLD,stock,89.5,90.45,89.37,89.57,10893597,2008-08-01,2008-08-01,42.4020,91.4869,86.1083,90.7879
2008-07-31,GLD,stock,91.05,91.14,89.87,90.08,10976381,2008-07-31,2008-07-31,44.1729,91.6887,86.0735,90.8376
2008-07-30,GLD,stock,88.86,89.72,88.08,89.52,17379834,2008-07-30,2008-07-30,41.6898,91.8580,86.0332,90.8685
2008-07-29,GLD,stock,91.23,91.27,90.09,90.59,12993302,2008-07-29,2008-07-29,45.2617,92.1041,85.9982,90.9236
2008-07-28,GLD,stock,91.39,92,90.94,91.73,8810001,2008-07-28,2008-07-28,49.4534,92.2635,85.9521,90.9372
2008-07-25,GLD,stock,91.03,91.73,90.53,91.69,7600753,2008-07-25,2008-07-25,49.3004,92.3196,85.8940,90.9048
2008-07-24,GLD,stock,91.08,91.62,90.25,91.33,13072190,2008-07-24,2008-07-24,47.9848,92.3859,85.8357,90.8728
2008-07-23,GLD,stock,92.64,92.79,90.44,90.57,25793751,2008-07-23,2008-07-23,45.1970,92.4971,85.7805,90.8541
2008-07-22,GLD,stock,95.73,95.86,92.94,93.06,17553983,2008-07-22,2008-07-22,54.0023,92.6999,85.7324,90.8657
2008-07-21,GLD,stock,94.75,95.15,94.45,95.12,7327260,2008-07-21,2008-07-21,63.5071,92.6620,85.6587,90.7761
2008-07-18,GLD,stock,94.22,94.93,94.02,94.17,8585020,2008-07-18,2008-07-18,60.5324,92.4033,85.5636,90.5988
2008-07-17,GLD,stock,94.7,96.51,94.07,94.22,25188630,2008-07-17,2008-07-17,60.7746,92.2173,85.4772,90.4531
2008-07-16,GLD,stock,96.27,96.5,94.34,94.44,19898899,2008-07-16,2008-07-16,61.7842,92.0065,85.3893,90.2993
2008-07-15,GLD,stock,96.55,97.5,95.43,96.17,30352781,2008-07-15,2008-07-15,70.3139,91.7504,85.2983,90.1303
2008-07-14,GLD,stock,95.03,96.2,94.92,95.91,21248831,2008-07-14,2008-07-14,69.7307,91.2851,85.1891,89.8838
2008-07-11,GLD,stock,95.03,95.5,94.2552,95.16,26000031,2008-07-11,2008-07-11,68.0495,90.7983,85.0813,89.6378
2008-07-10,GLD,stock,92.4,93.6,92.35,93.53,16825679,2008-07-10,2008-07-10,64.0160,90.3392,84.9800,89.4124
2008-07-09,GLD,stock,90.88,91.64,90.86,91.5,11373736,2008-07-09,2008-07-09,57.8647,90.0033,84.8941,89.2444
2008-07-08,GLD,stock,90.55,91.15,89.93,90.86,11216252,2008-07-08,2008-07-08,55.6450,89.8458,84.8277,89.1523
2008-07-07,GLD,stock,90.57,91.65,90.16,91.23,12300200,2008-07-07,2008-07-07,57.2645,89.7390,84.7671,89.0826
2008-07-03,GLD,stock,92.17,92.68,91.68,92.06,9611726,2008-07-03,2008-07-03,60.9601,89.5820,84.7021,88.9949
2008-07-02,GLD,stock,92.36,93.33,92.13,93.17,11484021,2008-07-02,2008-07-02,66.2713,89.3212,84.6282,88.8698
2008-07-01,GLD,stock,92.52,93.35,92.34,92.66,15480981,2008-07-01,2008-07-01,64.9691,88.9161,84.5423,88.6943
2008-06-30,GLD,stock,91.75,91.9,90.53,91.4,7289905,2008-06-30,2008-06-30,61.5651,88.5220,84.4607,88.5325
2008-06-27,GLD,stock,91.12,91.82,90.65,91.47,14491385,2008-06-27,2008-06-27,61.8752,88.2190,84.3910,88.4154
2008-06-26,GLD,stock,89.63,90.86,89.5,90.61,18411948,2008-06-26,2008-06-26,59.5503,87.8768,84.3199,88.2907
2008-06-25,GLD,stock,87.1,87.58,86.13,87.42,10900747,2008-06-25,2008-06-25,48.7952,87.5891,84.2566,88.1961
2008-06-24,GLD,stock,87.31,88.24,87.24,87.47,7398490,2008-06-24,2008-06-24,48.9848,87.6069,84.2248,88.2278
2008-06-23,GLD,stock,87.24,87.4,86.74,87.09,12784654,2008-06-23,2008-06-23,47.5467,87.6213,84.1922,88.2587
2008-06-20,GLD,stock,88.95,89.61,88.77,88.95,10058798,2008-06-20,2008-06-20,54.5337,87.6773,84.1631,88.3064
2008-06-19,GLD,stock,89.05,89.5,88.39,88.42,10525870,2008-06-19,2008-06-19,52.6944,87.5433,84.1150,88.2801
2008-06-18,GLD,stock,87.67,88.41,87.13,88.28,7822299,2008-06-18,2008-06-18,52.2202,87.4510,84.0717,88.2744
2008-06-17,GLD,stock,87.09,87.52,86.7,87.25,5286859,2008-06-17,2008-06-17,48.7083,87.3637,84.0294,88.2742
2008-06-16,GLD,stock,88.15,88.2,86.97,87.01,6996050,2008-06-16,2008-06-16,47.8795,87.3757,83.9971,88.3160
2008-06-13,GLD,stock,85.34,86.02,85.04,85.83,8429040,2008-06-13,2008-06-13,43.7277,87.4142,83.9668,88.3693
2008-06-12,GLD,stock,85.2,86.07,84.83,85.6,9828330,2008-06-12,2008-06-12,42.9046,87.5810,83.9481,88.4729
2008-06-11,GLD,stock,86.35,87.1,86.35,87.02,10156252,2008-06-11,2008-06-11,46.8320,87.7895,83.9315,88.5902
2008-06-10,GLD,stock,86.32,86.76,85.11,85.55,13911008,2008-06-10,2008-06-10,41.7022,87.8705,83.9004,88.6543
2008-06-09,GLD,stock,88.45,89.24,87.84,87.987,9172128,2008-06-09,2008-06-09,48.9765,88.1147,83.8838,88.7810
2008-06-06,GLD,stock,88.19,89.06,87.69,89.06,17433067,2008-06-06,2008-06-06,52.7375,88.1282,83.8426,88.8134
2008-06-05,GLD,stock,86,86.81,85.66,86.45,14132601,2008-06-05,2008-06-05,42.8195,88.0301,83.7902,88.8033
2008-06-04,GLD,stock,87.09,87.415,86.56,86.65,7158442,2008-06-04,2008-06-04,43.4685,88.1964,83.7634,88.8994
2008-06-03,GLD,stock,86.58,87.35,86.52,86.88,8397510,2008-06-03,2008-06-03,44.1837,88.3592,83.7344,88.9912
2008-06-02,GLD,stock,87.44,88.55,87.44,87.96,5279524,2008-06-02,2008-06-02,47.5985,88.5149,83.7028,89.0774
2008-05-30,GLD,stock,87.45,87.69,86.96,87.45,4944419,2008-05-30,2008-05-30,45.7603,88.5733,83.6600,89.1230
2008-05-29,GLD,stock,86.95,87.6,86.1,86.51,12700917,2008-05-29,2008-05-29,42.2961,88.6916,83.6219,89.1913
2008-05-28,GLD,stock,88.47,89.19,88.35,89.14,8104857,2008-05-28,2008-05-28,50.7107,88.9212,83.5929,89.3007
2008-05-27,GLD,stock,89.84,89.87,89.161,89.36,7606223,2008-05-27,2008-05-27,51.5066,88.8982,83.5372,89.3073
2008-05-23,GLD,stock,91.33,92,90.96,91.23,6062450,2008-05-23,2008-05-23,58.7896,88.8495,83.4786,89.3051
2008-05-22,GLD,stock,91.23,91.63,90.5,90.98,8865042,2008-05-22,2008-05-22,58.0533,88.5990,83.4007,89.2265
2008-05-21,GLD,stock,90.67,92.11,90.61,91.96,11350290,2008-05-21,2008-05-21,62.0915,88.3483,83.3246,89.1550
2008-05-20,GLD,stock,89.56,91.17,89.56,90.9,10685506,2008-05-20,2008-05-20,59.2441,87.9682,83.2378,89.0405
2008-05-19,GLD,stock,89.61,89.6999,88.869,89.39,5932141,2008-05-19,2008-05-19,54.7480,87.6596,83.1608,88.9646
2008-05-16,GLD,stock,88.52,89.3,88.02,89.1001,12075630,2008-05-16,2008-05-16,53.8402,87.4774,83.0982,88.9472
2008-05-15,GLD,stock,87.17,87.6,86.23,87,9437950,2008-05-15,2008-05-15,46.6395,87.3066,83.0378,88.9410
2008-05-14,GLD,stock,85.72,85.81,85.1,85.2,8653797,2008-05-14,2008-05-14,39.0753,87.3389,82.9980,89.0202
2008-05-13,GLD,stock,85.12,86.14,84.92,85.3901,7368137,2008-05-13,2008-05-13,39.6262,87.5640,82.9759,89.1761
2008-05-12,GLD,stock,86.92,87.64,86.79,86.99,5010200,2008-05-12,2008-05-12,44.5324,87.7928,82.9516,89.3306
2008-05-09,GLD,stock,87.41,87.59,85.84,87.42,9927612,2008-05-09,2008-05-09,45.9523,87.8773,82.9110,89.4262
2008-05-08,GLD,stock,86.76,87.4,86.42,87.24,8607367,2008-05-08,2008-05-08,45.2740,87.9255,82.8657,89.5081
2008-05-07,GLD,stock,85.49,86.1,85.2,85.82,7219265,2008-05-07,2008-05-07,39.7339,87.9976,82.8218,89.6006
2008-05-06,GLD,stock,86.58,87.15,86.33,86.63,10765493,2008-05-06,2008-05-06,41.9852,88.2269,82.7916,89.7550
2008-05-05,GLD,stock,85.55,86.29,85.2899,86.27,7390737,2008-05-05,2008-05-05,40.5961,88.3950,82.7530,89.8825
2008-05-02,GLD,stock,83.96,84.79,83.96,84.58,8745387,2008-05-02,2008-05-02,33.6735,88.6186,82.7177,90.0300
2008-05-01,GLD,stock,84.24,84.56,83.57,83.99,17669112,2008-05-01,2008-05-01,31.0694,89.0438,82.6990,90.2524
2008-04-30,GLD,stock,86.14,86.79,85.11,86.65,17701431,2008-04-30,2008-04-30,37.1806,89.5757,82.6860,90.5080
2008-04-29,GLD,stock,86.8,86.9,85.54,85.81,14688955,2008-04-29,2008-04-29,33.3355,89.8837,82.6462,90.6655
2008-04-28,GLD,stock,87.69,88.4,87.67,87.69,8079182,2008-04-28,2008-04-28,38.1939,90.3125,82.6144,90.8637
2008-04-25,GLD,stock,88.33,88.42,87.19,87.27,11182527,2008-04-25,2008-04-25,36.2671,90.5886,82.5634,90.9932
2008-04-24,GLD,stock,88.26,89.91,87.1,87.22,22849926,2008-04-24,2008-04-24,36.0466,90.9379,82.5161,91.1452
2008-04-23,GLD,stock,88.81,89.55,88.44,89.22,18170445,2008-04-23,2008-04-23,41.3593,91.3293,82.4688,91.3054
2008-04-22,GLD,stock,90.63,91.35,90.12,90.27,14046367,2008-04-22,2008-04-22,44.5609,91.5513,82.4009,91.3905
2008-04-21,GLD,stock,90.79,90.8699,89.89,90.25,11927475,2008-04-21,2008-04-21,44.4849,91.6862,82.3218,91.4362
2008-04-18,GLD,stock,89.45,90.7,88.96,90.62,11391801,2008-04-18,2008-04-18,45.5579,91.8373,82.2422,91.4846
2008-04-17,GLD,stock,93.37,93.51,92.48,92.56,6876349,2008-04-17,2008-04-17,51.6200,91.9655,82.1580,91.5199
2008-04-16,GLD,stock,93.19,93.71,93.01,93.27,8472038,2008-04-16,2008-04-16,54.0648,91.9029,82.0534,91.4775
2008-04-15,GLD,stock,91.73,91.91,91.38,91.66,6635352,2008-04-15,2008-04-15,48.9764,91.7590,81.9407,91.4043
2008-04-14,GLD,stock,91.32,91.98,91.06,91.11,4696911,2008-04-14,2008-04-14,47.1182,91.7694,81.8430,91.3939
2008-04-11,GLD,stock,91.41,91.83,90.55,91.3,6545712,2008-04-11,2008-04-11,47.6752,91.8388,81.7499,91.4055
2008-04-10,GLD,stock,92.32,92.56,90.97,91.77,7758468,2008-04-10,2008-04-10,49.0058,91.8955,81.6539,91.4098
2008-04-09,GLD,stock,90.3,92.37,90.24,92.29,10577495,2008-04-09,2008-04-09,50.4524,91.9087,81.5522,91.3951
2008-04-08,GLD,stock,90.01,90.49,89.72,90.35,5773018,2008-04-08,2008-04-08,44.8083,91.8686,81.4443,91.3585
2008-04-07,GLD,stock,90.76,91.75,90.6,91.17,8197882,2008-04-07,2008-04-07,46.9054,92.0285,81.3548,91.3997
2008-04-04,GLD,stock,89.48,90.34,89.31,90.25,7228127,2008-04-04,2008-04-04,44.1839,92.1188,81.2562,91.4091
2008-04-03,GLD,stock,88.59,89.75,87.64,89.42,9324713,2008-04-03,2008-04-03,41.6796,92.3155,81.1658,91.4564
2008-04-02,GLD,stock,87.28,89.76,87.22,89.27,13544877,2008-04-02,2008-04-02,41.2372,92.6203,81.0828,91.5395
2008-04-01,GLD,stock,87.86,88.31,86.05,86.8599,23673552,2008-04-01,2008-04-01,33.7371,92.9730,81.0005,91.6322
2008-03-31,GLD,stock,92.56,92.65,89.96,90.41,11165444,2008-03-31,2008-03-31,40.8725,93.6165,80.9416,91.8269
2008-03-28,GLD,stock,91.96,92.45,91.11,91.88,8786534,2008-03-28,2008-03-28,44.4904,93.9540,80.8465,91.8848
2008-03-27,GLD,stock,93.51,94.09,92.95,93.46,7562237,2008-03-27,2008-03-27,48.8019,94.1723,80.7356,91.8850
2008-03-26,GLD,stock,93.11,94,93.06,93.8,12389454,2008-03-26,2008-03-26,49.7655,94.2473,80.6077,91.8207
2008-03-25,GLD,stock,91.91,92.79,91.28,92.73,15843577,2008-03-25,2008-03-25,46.6893,94.2944,80.4751,91.7399
2008-03-24,GLD,stock,90.65,91.51,89.78,90.1001,14325657,2008-03-24,2008-03-24,38.0279,94.4591,80.3520,91.6995
2008-03-20,GLD,stock,90.73,91.65,89.8,89.9128,28825258,2008-03-20,2008-03-20,37.3548,94.9179,80.2540,91.7648
2008-03-19,GLD,stock,95.65,96,92.5,93.0399,37526417,2008-03-19,2008-03-19,44.9183,95.4448,80.1569,91.8404
2008-03-18,GLD,stock,99.35,99.51,96.35,96.5,20957244,2008-03-18,2008-03-18,56.7175,95.6979,80.0274,91.7914
2008-03-17,GLD,stock,99.32,100.44,98,99.17,26508372,2008-03-17,2008-03-17,69.8681,95.6135,79.8619,91.5992
2008-03-14,GLD,stock,98.03,99.53,98.01,98.71,17565011,2008-03-14,2008-03-14,68.7074,95.2391,79.6678,91.2902
2008-03-13,GLD,stock,98.5,98.73,97.73,98.34,14681657,2008-03-13,2008-03-13,67.7804,94.8737,79.4764,90.9873
2008-03-12,GLD,stock,96.58,97.38,96.24,97.01,8178995,2008-03-12,2008-03-12,64.2449,94.5089,79.2869,90.6872
2008-03-11,GLD,stock,96.52,96.98,95.19,95.99,14346206,2008-03-11,2008-03-11,61.2140,94.2456,79.1087,90.4292
2008-03-10,GLD,stock,95,96.34,94.88,95.87,10869906,2008-03-10,2008-03-10,60.8515,94.0620,78.9391,90.2022
2008-03-07,GLD,stock,96.56,96.68,95.72,96.09,10066995,2008-03-07,2008-03-07,61.8354,93.8717,78.7689,89.9708
2008-03-06,GLD,stock,96.98,97.29,95.26,96.5,18543559,2008-03-06,2008-03-06,63.6154,93.6382,78.5948,89.7211
2008-03-05,GLD,stock,96.1,98.15,95.93,97.72,15356809,2008-03-05,2008-03-05,69.1126,93.3369,78.4149,89.4444
2008-03-04,GLD,stock,97.28,97.45,94.39,95.18,21357714,2008-03-04,2008-03-04,62.9177,92.8755,78.2209,89.1066
2008-03-03,GLD,stock,97.63,97.74,96.6801,97.24,11486795,2008-03-03,2008-03-03,74.1117,92.6330,78.0504,88.8587
2008-02-29,GLD,stock,95.82,96.24,95.22,96.18,9348504,2008-02-29,2008-02-29,71.7065,92.1480,77.8576,88.5166
2008-02-28,GLD,stock,94.88,96.08,94.47,95.99,11212196,2008-02-28,2008-02-28,71.2621,91.7236,77.6734,88.2038
2008-02-27,GLD,stock,94.56,94.94,93.97,94.78,9927156,2008-02-27,2008-02-27,68.3196,91.2745,77.4893,87.8860
2008-02-26,GLD,stock,92.43,93.97,92.18,93.71,8452352,2008-02-26,2008-02-26,65.4115,90.9055,77.3156,87.6046
2008-02-25,GLD,stock,93.67,93.71,92.11,92.74,11955723,2008-02-25,2008-02-25,62.5150,90.6103,77.1508,87.3555
2008-02-22,GLD,stock,93.58,93.72,92.35,93.39,7577175,2008-02-22,2008-02-22,65.9516,90.3861,76.9941,87.1357
2008-02-21,GLD,stock,93.37,94.22,93.02,93.25,12957910,2008-02-21,2008-02-21,65.5731,90.0699,76.8293,86.8804
2008-02-20,GLD,stock,90.82,93.31,90.75,93.24,10635981,2008-02-20,2008-02-20,65.5477,89.7351,76.6643,86.6204
2008-02-19,GLD,stock,91.25,91.94,90.98,91.58,8374311,2008-02-19,2008-02-19,61.1262,89.3662,76.4977,86.3502
2008-02-15,GLD,stock,90.28,90.32,88.63,89.15,5586353,2008-02-15,2008-02-15,52.9119,89.1332,76.3461,86.1368
2008-02-14,GLD,stock,89.39,90.11,89.35,89.71,6887369,2008-02-14,2008-02-14,55.4178,89.1314,76.2174,86.0138
2008-02-13,GLD,stock,88.8801,89.99,88.67,89.44,10040199,2008-02-13,2008-02-13,54.4521,89.0705,76.0818,85.8629
2008-02-12,GLD,stock,90.8285,91.4,89.1,89.33,10226887,2008-02-12,2008-02-12,54.0757,89.0316,75.9476,85.7169
2008-02-11,GLD,stock,91.03,91.46,90.44,91.33,6832624,2008-02-11,2008-02-11,62.8423,89.0002,75.8131,85.5694
2008-02-08,GLD,stock,90.02,91,89.99,91,9128342,2008-02-08,2008-02-08,61.8958,88.7550,75.6571,85.3343
2008-02-07,GLD,stock,88.94,89.94,88.81,89.85,8972942,2008-02-07,2008-02-07,58.4730,88.5186,75.5029,85.1031
2008-02-06,GLD,stock,88.98,89.65,88.75,88.9499,8787761,2008-02-06,2008-02-06,55.5726,88.3785,75.3588,84.9093
2008-02-05,GLD,stock,87.9,88.69,87.3,87.68,11171683,2008-02-05,2008-02-05,51.0980,88.3184,75.2222,84.7444
2008-02-04,GLD,stock,88.51,89.52,88.05,89.1,10285374,2008-02-04,2008-02-04,57.0658,88.3856,75.0970,84.6246
2008-02-01,GLD,stock,91.71,91.87,89.22,89.3499,19636186,2008-02-01,2008-02-01,58.1761,88.3103,74.9562,84.4419
2008-01-31,GLD,stock,90.92,91.66,90.74,91.4,7791469,2008-01-31,2008-01-31,68.2992,88.2009,74.8116,84.2416
2008-01-30,GLD,stock,90.721,92.58,90.45,92.0601,14378005,2008-01-30,2008-01-30,72.0475,87.8642,74.6448,83.9494
2008-01-29,GLD,stock,91.312,91.72,90.81,91.15,9099490,2008-01-29,2008-01-29,69.9351,87.4225,74.4698,83.6183
2008-01-28,GLD,stock,90.96,91.89,90.75,91.75,8535148,2008-01-28,2008-01-28,73.3274,87.0301,74.3022,83.3109
2008-01-25,GLD,stock,90.8885,91.08,89.5,90.3,9705321,2008-01-25,2008-01-25,70.0694,86.5333,74.1268,82.9665
2008-01-24,GLD,stock,89.72,90.25,89.13,90.08,10628046,2008-01-24,2008-01-24,69.5453,86.1368,73.9643,82.6671
2008-01-23,GLD,stock,87.16,88.67,86.73,87.89,14283553,2008-01-23,2008-01-23,63.6641,85.7217,73.8023,82.3646
2008-01-22,GLD,stock,86.14,88.44,85.77,88.1699,20681482,2008-01-22,2008-01-22,65.1574,85.4935,73.6607,82.1390
2008-01-18,GLD,stock,87.165,87.46,86.51,87.42,9094484,2008-01-18,2008-01-18,62.9982,85.2118,73.5149,81.8929
2008-01-17,GLD,stock,87.48,87.98,86.47,86.5001,13592700,2008-01-17,2008-01-17,60.1879,84.9793,73.3752,81.6673
2008-01-16,GLD,stock,88.17,88.66,86.32,86.7,26919609,2008-01-16,2008-01-16,61.1247,84.8192,73.2432,81.4700
2008-01-15,GLD,stock,89.57,90.35,87.91,87.99,23859700,2008-01-15,2008-01-15,67.4118,84.6213,73.1080,81.2566
2008-01-14,GLD,stock,89.41,89.94,89,89.5399,10085836,2008-01-14,2008-01-14,76.1504,84.2667,72.9584,80.9817
2008-01-11,GLD,stock,88.016,88.76,87.85,88.58,6979048,2008-01-11,2008-01-11,74.2292,83.7116,72.7918,80.6324
2008-01-10,GLD,stock,86.42,88.46,86.41,88.25,12916555,2008-01-10,2008-01-10,73.5490,83.1991,72.6331,80.3080
2008-01-09,GLD,stock,86.54,87.2,86.3,86.5499,10082500,2008-01-09,2008-01-09,69.7265,82.6674,72.4762,79.9839
2008-01-08,GLD,stock,86.28,87.13,86.16,86.78,9570800,2008-01-08,2008-01-08,71.0163,82.2588,72.3347,79.7158
2008-01-07,GLD,stock,85.24,85.26,84.57,84.77,6944405,2008-01-07,2008-01-07,65.8999,81.7828,72.1895,79.4275
2008-01-04,GLD,stock,85.38,85.55,84.43,85.13,8402115,2008-01-04,2008-01-04,67.8931,81.4684,72.0631,79.2095
2008-01-03,GLD,stock,84.87,85.94,84.6,85.57,9554909,2008-01-03,2008-01-03,70.3066,81.0830,71.9318,78.9678
2008-01-02,GLD,stock,83.56,85.14,83.44,84.86,12294322,2008-01-02,2008-01-02,68.6360,80.6107,71.7947,78.6983
2007-12-31,GLD,stock,82.74,82.83,81.98,82.46,3815554,2007-12-31,2007-12-31,61.9095,80.1634,71.6634,78.4468
2007-12-28,GLD,stock,82.38,83.02,82.35,83,5134698,2007-12-28,2007-12-28,64.8137,79.9216,71.5549,78.2830
2007-12-27,GLD,stock,81.88,82.17,81.37,81.56,5050596,2007-12-27,2007-12-27,60.1893,79.5976,71.4399,78.0905
2007-12-26,GLD,stock,81.1,81.67,81,81.52,5896700,2007-12-26,2007-12-26,60.0539,79.3910,71.3381,77.9489
2007-12-24,GLD,stock,80.26,80.63,80.14,80.14,2863500,2007-12-24,2007-12-24,55.1688,79.1669,71.2358,77.8031
2007-12-21,GLD,stock,80.19,80.32,79.92,80.1,4603400,2007-12-21,2007-12-21,55.0207,79.0645,71.1463,77.7077
2007-12-20,GLD,stock,78.9,79.11,78.36,78.67,6345630,2007-12-20,2007-12-20,49.4826,78.9555,71.0563,77.6101
2007-12-19,GLD,stock,79.19,79.57,78.98,79.24,5638600,2007-12-19,2007-12-19,51.8453,78.9855,70.9798,77.5668
2007-12-18,GLD,stock,79.55,79.59,78.82,79.25,6757805,2007-12-18,2007-12-18,51.8857,78.9587,70.8968,77.4985
2007-12-17,GLD,stock,78.13,78.79,77.81,78.13,6495430,2007-12-17,2007-12-17,47.6471,78.9280,70.8129,77.4271
2007-12-14,GLD,stock,78.4,78.57,77.82,78.52,6827000,2007-12-14,2007-12-14,49.0441,79.0121,70.7393,77.3984
2007-12-13,GLD,stock,79.59,79.62,78.3,78.5,9555000,2007-12-13,2007-12-13,48.9729,79.0638,70.6611,77.3526
2007-12-12,GLD,stock,80.92,80.92,79.94,80.49,9703500,2007-12-12,2007-12-12,56.2373,79.1232,70.5823,77.3057
2007-12-11,GLD,stock,79.83,80.46,78.68,78.84,9579600,2007-12-11,2007-12-11,50.5949,78.9793,70.4828,77.1758
2007-12-10,GLD,stock,79.5301,80.3,79.13,80,4850900,2007-12-10,2007-12-10,55.2448,78.9940,70.3988,77.1079
2007-12-07,GLD,stock,78.9,79.6,78.19,78.6,8328500,2007-12-07,2007-12-07,50.1059,78.8881,70.3023,76.9898
2007-12-06,GLD,stock,78.73,79.65,77.8,79.37,6840200,2007-12-06,2007-12-06,53.2272,78.9184,70.2189,76.9241
2007-12-05,GLD,stock,78.69,79.25,78.19,78.63,7685300,2007-12-05,2007-12-05,50.4740,78.8709,70.1269,76.8242
2007-12-04,GLD,stock,78.92,79.62,78.57,79.4,7721900,2007-12-04,2007-12-04,53.5178,78.8962,70.0414,76.7505
2007-12-03,GLD,stock,77.5299,78.3,77.3,78.28,6259200,2007-12-03,2007-12-03,49.3961,78.8432,69.9474,76.6424
2007-11-30,GLD,stock,77.7601,78.6,76.98,77.32,9509300,2007-11-30,2007-11-30,45.5535,78.9025,69.8636,76.5756
2007-11-29,GLD,stock,78.65,79.33,78.28,78.28,9307100,2007-11-29,2007-11-29,49.0092,79.0691,69.7887,76.5452
2007-11-28,GLD,stock,79.59,79.87,78.76,79.57,9706900,2007-11-28,2007-11-28,54.1333,79.1522,69.7034,76.4744
2007-11-27,GLD,stock,80.38,80.89,79.81,80.1,7230100,2007-11-27,2007-11-27,56.3823,79.1082,69.6042,76.3480
2007-11-26,GLD,stock,81.8,82.25,81.1301,81.3,7440600,2007-11-26,2007-11-26,61.7783,79.0038,69.4987,76.1949
2007-11-23,GLD,stock,80.39,81.61,80.02,81.25,5261400,2007-11-23,2007-11-23,61.6363,78.7621,69.3801,75.9865
2007-11-21,GLD,stock,79.41,79.55,78.56,79.36,7264500,2007-11-21,2007-11-21,55.8808,78.5002,69.2608,75.7717
2007-11-20,GLD,stock,78.45,80.04,77.3,79.47,11980100,2007-11-20,2007-11-20,56.3375,78.4097,69.1593,75.6252
2007-11-19,GLD,stock,77.89,78,76.11,77.24,6089500,2007-11-19,2007-11-19,48.3971,78.2980,69.0557,75.4683
2007-11-16,GLD,stock,78.71,78.85,77.17,77.75,8078900,2007-11-16,2007-11-16,50.3413,78.4094,68.9734,75.3960
2007-11-15,GLD,stock,78.37,79.5,77.3,77.95,10910300,2007-11-15,2007-11-15,51.0886,78.4788,68.8852,75.2999
2007-11-14,GLD,stock,80.6,80.68,79.9101,80.28,5703800,2007-11-14,2007-11-14,60.8631,78.5345,68.7941,75.1917
2007-11-13,GLD,stock,79.65,79.93,77.86,79.12,11438300,2007-11-13,2007-11-13,57.0657,78.3508,68.6787,74.9840
2007-11-12,GLD,stock,79.48,80.44,78.25,78.3,17304700,2007-11-12,2007-11-12,54.1451,78.2698,68.5738,74.8152
2007-11-09,GLD,stock,82.42,82.63,81.22,82.18,6952500,2007-11-09,2007-11-09,77.2262,78.2666,68.4760,74.6730
2007-11-08,GLD,stock,82.98,83.63,81.73,82.23,17356500,2007-11-08,2007-11-08,77.6221,77.8547,68.3383,74.3666
2007-11-07,GLD,stock,82.41,83.24,81.33,82.24,16515500,2007-11-07,2007-11-07,77.6961,77.3941,68.1987,74.0456
2007-11-06,GLD,stock,81.25,81.52,80.7,81.43,7694525,2007-11-06,2007-11-06,75.9738,76.8840,68.0575,73.7111
2007-11-05,GLD,stock,79.55,80.24,79.11,79.75,5025700,2007-11-05,2007-11-05,71.7763,76.4055,67.9231,73.3961
2007-11-02,GLD,stock,78.55,79.9,77.48,79.83,9911600,2007-11-02,2007-11-02,72.3351,76.0534,67.8043,73.1367
2007-11-01,GLD,stock,78.4,78.9,77.5,77.93,7545500,2007-11-01,2007-11-01,66.6008,75.6559,67.6834,72.8635
2007-10-31,GLD,stock,77.78,78.95,76.89,78.62,8873400,2007-10-31,2007-10-31,71.6059,75.4165,67.5804,72.6567
2007-10-30,GLD,stock,77.66,77.66,77.01,77.35,5608900,2007-10-30,2007-10-30,67.4214,75.0793,67.4695,72.4133
2007-10-29,GLD,stock,78.27,78.32,77.65,78.12,6881100,2007-10-29,2007-10-29,73.5213,74.8403,67.3702,72.2118
2007-10-26,GLD,stock,76.87,77.7395,76.67,77.69,8544200,2007-10-26,2007-10-26,72.2179,74.4950,67.2621,71.9707
2007-10-25,GLD,stock,75.94,76.62,75.06,76.03,6487800,2007-10-25,2007-10-25,66.2651,74.1587,67.1573,71.7373
2007-10-24,GLD,stock,74.84,75.59,74.79,75.52,5660900,2007-10-24,2007-10-24,64.0688,73.9618,67.0682,71.5620
2007-10-23,GLD,stock,75.11,75.26,74.63,75.23,3097200,2007-10-23,2007-10-23,62.7896,73.7977,66.9832,71.4005
2007-10-22,GLD,stock,74.09,74.7701,73.84,74.6,8636500,2007-10-22,2007-10-22,59.9106,73.6470,66.9003,71.2442
2007-10-19,GLD,stock,76.09,76.29,74.51,75.7,9509500,2007-10-19,2007-10-19,68.5040,73.5466,66.8230,71.1072
2007-10-18,GLD,stock,75.38,76,75.33,76,5647000,2007-10-18,2007-10-18,71.0862,73.3200,66.7337,70.9198
2007-10-17,GLD,stock,75.31,75.66,74.31,74.5,9355400,2007-10-17,2007-10-17,64.9526,73.0379,66.6406,70.7124
2007-10-16,GLD,stock,74.87,75.45,73.78,75.12,6622900,2007-10-16,2007-10-16,70.7098,72.8840,66.5616,70.5578
2007-10-15,GLD,stock,74.99,75.2,74.49,75.14,6705500,2007-10-15,2007-10-15,70.8980,72.6486,66.4756,70.3716
2007-10-12,GLD,stock,73.93,74.59,73.75,74.59,3604200,2007-10-12,2007-10-12,68.7754,72.3863,66.3885,70.1770
2007-10-11,GLD,stock,73.98,74.59,73.28,73.91,10291400,2007-10-11,2007-10-11,65.9219,72.1544,66.3061,69.9968
2007-10-10,GLD,stock,73.6,73.82,72.63,73.36,4615900,2007-10-10,2007-10-10,63.4105,71.9696,66.2297,69.8371
2007-10-09,GLD,stock,72.29,73.3,71.98,73.09,7416400,2007-10-09,2007-10-09,62.1386,71.8232,66.1580,69.6933
2007-10-08,GLD,stock,72.66,72.89,72.28,72.53,3447600,2007-10-08,2007-10-08,59.4221,71.6899,66.0884,69.5547
2007-10-05,GLD,stock,72.8,73.64,71.88,73.4,10597700,2007-10-05,2007-10-05,66.2828,71.6014,66.0236,69.4332
2007-10-04,GLD,stock,71.8,73.06,71.24,72.87,9178600,2007-10-04,2007-10-04,63.9268,71.4121,65.9495,69.2713
2007-10-03,GLD,stock,72.25,72.65,71.35,71.9,8188000,2007-10-03,2007-10-03,59.0658,71.2586,65.8799,69.1245
2007-10-02,GLD,stock,72.45,72.68,71.63,72.35,10720000,2007-10-02,2007-10-02,62.7058,71.1911,65.8194,69.0112
2007-10-01,GLD,stock,73.49,73.98,73.29,73.9,4823900,2007-10-01,2007-10-01,78.0999,71.0691,65.7538,68.8749
2007-09-28,GLD,stock,73.19,73.8,72.74,73.51,8838100,2007-09-28,2007-09-28,76.7673,70.7712,65.6719,68.6698
2007-09-27,GLD,stock,72.65,72.8,72.17,72.7,5728300,2007-09-27,2007-09-27,73.6785,70.4829,65.5932,68.4722
2007-09-26,GLD,stock,72.25,72.93,71.85,72,9418300,2007-09-26,2007-09-26,70.5349,70.2495,65.5217,68.2997
2007-09-25,GLD,stock,71.82,72.59,71.64,72.33,5503500,2007-09-25,2007-09-25,74.4260,70.0652,65.4566,68.1486
2007-09-24,GLD,stock,72.57,72.63,71.82,72.28,6475600,2007-09-24,2007-09-24,74.2259,69.8268,65.3875,67.9780
2007-09-21,GLD,stock,72.65,73,71.47,72.34,9937400,2007-09-21,2007-09-21,74.8786,69.5686,65.3183,67.8024
2007-09-20,GLD,stock,72.15,73.1,71.95,72.72,11945900,2007-09-20,2007-09-20,78.9617,69.2768,65.2477,67.6172
2007-09-19,GLD,stock,71.74,71.8,71.25,71.43,10938100,2007-09-19,2007-09-19,74.5948,68.9144,65.1726,67.4089
2007-09-18,GLD,stock,71.2,72,70.4,71.7,14260300,2007-09-18,2007-09-18,77.7306,68.6496,65.1097,67.2447
2007-09-17,GLD,stock,70.4,71.24,70.35,70.97,7457800,2007-09-17,2007-09-17,75.1029,68.3285,65.0435,67.0629
2007-09-14,GLD,stock,69.9,70.97,69.86,69.99,7733100,2007-09-14,2007-09-14,70.8094,68.0505,64.9839,66.9034
2007-09-13,GLD,stock,70.07,70.2622,69.61,70.08,4612400,2007-09-13,2007-09-13,71.8663,67.8463,64.9336,66.7774
2007-09-12,GLD,stock,70.5,70.63,69.83,70.46,8037200,2007-09-12,2007-09-12,76.3331,67.6112,64.8819,66.6426
2007-09-11,GLD,stock,69.86,70.7,69.52,70.52,11182400,2007-09-11,2007-09-11,77.0352,67.3113,64.8258,66.4868
2007-09-10,GLD,stock,69.96,69.96,68.73,69.62,7598600,2007-09-10,2007-09-10,73.6612,66.9735,64.7686,66.3222
2007-09-07,GLD,stock,69.26,70,69,69.39,14960000,2007-09-07,2007-09-07,72.7098,66.6950,64.7198,66.1876
2007-09-06,GLD,stock,67.92,69.08,67.89,68.86,15881300,2007-09-06,2007-09-06,70.4237,66.4113,64.6729,66.0569
2007-09-05,GLD,stock,67.44,67.62,67.18,67.56,6268300,2007-09-05,2007-09-05,63.4501,66.1535,64.6308,65.9425
2007-09-04,GLD,stock,66.74,67.66,66.59,67.44,6640300,2007-09-04,2007-09-04,62.6962,66.0055,64.6014,65.8765
2007-08-31,GLD,stock,66.61,66.77,66.46,66.52,4089900,2007-08-31,2007-08-31,56.2756,65.8545,64.5728,65.8127
2007-08-30,GLD,stock,65.87,66.1,65.63,65.8,3027700,2007-08-30,2007-08-30,50.0248,65.7844,64.5533,65.7838
2007-08-29,GLD,stock,65.89,66.2,65.73,66.07,4469800,2007-08-29,2007-08-29,52.6455,65.7828,64.5407,65.7831
2007-08-28,GLD,stock,65.95,66.1,65.48,65.59,3473100,2007-08-28,2007-08-28,48.1625,65.7525,64.5254,65.7714
2007-08-27,GLD,stock,66.01,66.05,65.86,65.98,1865700,2007-08-27,2007-08-27,51.8671,65.7696,64.5147,65.7788
2007-08-24,GLD,stock,65.42,66.21,65.3144,66.11,3648300,2007-08-24,2007-08-24,53.1321,65.7475,64.5000,65.7706
2007-08-23,GLD,stock,65.64,65.8,65.13,65.31,3027400,2007-08-23,2007-08-23,45.5426,65.7093,64.4838,65.7568
2007-08-22,GLD,stock,65.22,65.53,65.17,65.4,4251100,2007-08-22,2007-08-22,46.3263,65.7514,64.4755,65.7750
2007-08-21,GLD,stock,65.18,65.3,64.73,65.07,4478600,2007-08-21,2007-08-21,42.9860,65.7884,64.4662,65.7903
2007-08-20,GLD,stock,65.06,65.4,64.78,65.12,4475200,2007-08-20,2007-08-20,43.3657,65.8640,64.4601,65.8197
2007-08-17,GLD,stock,64.56,65.73,64.56,65.11,6375200,2007-08-17,2007-08-17,43.2726,65.9423,64.4535,65.8483
2007-08-16,GLD,stock,65.49,65.81,63.47,64.68,18367500,2007-08-16,2007-08-16,39.2896,66.0299,64.4469,65.8784
2007-08-15,GLD,stock,65.78,66.43,65.57,66.13,5886600,2007-08-15,2007-08-15,50.3620,66.1720,64.4445,65.9273
2007-08-14,GLD,stock,66.25,66.5,65.95,66.29,4749600,2007-08-14,2007-08-14,51.8594,66.1764,64.4276,65.9190
2007-08-13,GLD,stock,66.45,66.52,66.18,66.26,3644000,2007-08-13,2007-08-13,51.6089,66.1645,64.4089,65.9039
2007-08-10,GLD,stock,65.44,66.96,65.44,66.57,8831900,2007-08-10,2007-08-10,54.3213,66.1544,64.3903,65.8893
2007-08-09,GLD,stock,65.95,65.95,65.24,65.46,9407600,2007-08-09,2007-08-09,44.6490,66.1107,64.3684,65.8616
2007-08-08,GLD,stock,66.73,67.54,66.18,66.77,4252100,2007-08-08,2007-08-08,58.1405,66.1792,64.3574,65.8780
2007-08-07,GLD,stock,66.09,66.58,65.91,66.48,4147300,2007-08-07,2007-08-07,55.3682,66.1170,64.3331,65.8415
2007-08-06,GLD,stock,66.66,66.67,66.21,66.52,2973200,2007-08-06,2007-08-06,55.8419,66.0787,64.3116,65.8155
2007-08-03,GLD,stock,65.85,66.92,65.85,66.69,10736000,2007-08-03,2007-08-03,57.7930,66.0323,64.2894,65.7867
2007-08-02,GLD,stock,65.96,66.01,65.55,65.89,5331800,2007-08-02,2007-08-02,50.1875,65.9631,64.2652,65.7499
2007-08-01,GLD,stock,65.5,66.06,65.38,65.93,6364400,2007-08-01,2007-08-01,50.6109,65.9707,64.2489,65.7441
2007-07-31,GLD,stock,66.18,66.39,65.12,65.79,4006500,2007-07-31,2007-07-31,49.2185,65.9750,64.2320,65.7366
2007-07-30,GLD,stock,65.37,65.92,65.07,65.77,3047300,2007-07-30,2007-07-30,49.0278,65.9945,64.2164,65.7344
2007-07-27,GLD,stock,65.28,65.61,64.97,65.41,5341900,2007-07-27,2007-07-27,45.6155,66.0182,64.2007,65.7329
2007-07-26,GLD,stock,66.46,66.8,64.73,65.65,10704100,2007-07-26,2007-07-26,47.5877,66.0822,64.1886,65.7461
2007-07-25,GLD,stock,67.19,67.22,66.35,66.9,7530600,2007-07-25,2007-07-25,60.1683,66.1277,64.1739,65.7500
2007-07-24,GLD,stock,67.72,68,67.3,67.47,3763000,2007-07-24,2007-07-24,67.7525,66.0464,64.1465,65.7031
2007-07-23,GLD,stock,67.8,67.8,67.31,67.47,3893400,2007-07-23,2007-07-23,67.7525,65.8965,64.1131,65.6310
2007-07-20,GLD,stock,67.13,68,67.12,67.58,5409200,2007-07-20,2007-07-20,69.2040,65.7309,64.0794,65.5559
2007-07-19,GLD,stock,66.7,67.12,66.61,67.01,4611800,2007-07-19,2007-07-19,65.6646,65.5362,64.0442,65.4733
2007-07-18,GLD,stock,66.11,66.8,65.9,66.62,5239100,2007-07-18,2007-07-18,62.9598,65.3811,64.0144,65.4106
2007-07-17,GLD,stock,65.66,66.08,65.65,65.75,1878600,2007-07-17,2007-07-17,55.7373,65.2507,63.9882,65.3612
2007-07-16,GLD,stock,66.19,66.19,65.67,65.82,4579600,2007-07-16,2007-07-16,56.5613,65.1981,63.9705,65.3453
2007-07-13,GLD,stock,66.08,66.23,65.67,66.03,3817800,2007-07-13,2007-07-13,58.9907,65.1327,63.9519,65.3260
2007-07-12,GLD,stock,65.89,66.29,65.45,66.02,5870600,2007-07-12,2007-07-12,58.9127,65.0382,63.9310,65.2972
2007-07-11,GLD,stock,65.82,65.82,65.34,65.44,3646600,2007-07-11,2007-07-11,54.2212,64.9349,63.9100,65.2677
2007-07-10,GLD,stock,65.7,65.86,65.36,65.61,4016200,2007-07-10,2007-07-10,55.9602,64.8817,63.8946,65.2607
2007-07-09,GLD,stock,65,65.68,64.99,65.38,5280800,2007-07-09,2007-07-09,54.1112,64.8050,63.8774,65.2464
2007-07-06,GLD,stock,64.18,64.97,63.88,64.96,8080700,2007-07-06,2007-07-06,50.5937,64.7445,63.8623,65.2410
2007-07-05,GLD,stock,64.99,65,63.92,64.42,4333200,2007-07-05,2007-07-05,45.6169,64.7218,63.8513,65.2525
2007-07-03,GLD,stock,65.06,65.06,64.58,64.74,1835500,2007-07-03,2007-07-03,48.2938,64.7536,63.8456,65.2864
2007-07-02,GLD,stock,64.51,65.23,64.51,65.02,2707000,2007-07-02,2007-07-02,50.7117,64.7550,63.8366,65.3087
2007-06-29,GLD,stock,64.29,64.64,64.15,64.27,2756600,2007-06-29,2007-06-29,43.7010,64.7271,63.8247,65.3205
2007-06-28,GLD,stock,63.98,64.38,63.91,64.26,4231700,2007-06-28,2007-06-28,43.6017,64.7752,63.8202,65.3634
2007-06-27,GLD,stock,63.54,63.89,63.43,63.67,4689800,2007-06-27,2007-06-27,37.5676,64.8295,63.8158,65.4084
2007-06-26,GLD,stock,64.2,64.25,63.39,63.62,8276900,2007-06-26,2007-06-26,37.0375,64.9515,63.8172,65.4794
2007-06-25,GLD,stock,64.48,64.74,64.22,64.43,3424900,2007-06-25,2007-06-25,42.4609,65.0917,63.8192,65.5553
2007-06-22,GLD,stock,64.9,64.98,64.43,64.78,1890900,2007-06-22,2007-06-22,45.1113,65.1613,63.8131,65.6012
2007-06-21,GLD,stock,64.73,65.02,64.13,64.56,2709200,2007-06-21,2007-06-21,43.0359,65.2015,63.8034,65.6347
2007-06-20,GLD,stock,65.42,65.51,64.6,65.04,2592100,2007-06-20,2007-06-20,46.6061,65.2690,63.7958,65.6786
2007-06-19,GLD,stock,64.79,65.56,64.75,65.48,2700900,2007-06-19,2007-06-19,50.1471,65.2931,63.7833,65.7047
2007-06-18,GLD,stock,65.19,65.25,64.82,64.95,1793100,2007-06-18,2007-06-18,45.5171,65.2734,63.7662,65.7138
2007-06-15,GLD,stock,64.43,64.94,64.4,64.85,3032900,2007-06-15,2007-06-15,44.6159,65.3074,63.7543,65.7450
2007-06-14,GLD,stock,64.3601,64.8,63.95,64.6,2765400,2007-06-14,2007-06-14,42.4043,65.3556,63.7433,65.7815
2007-06-13,GLD,stock,63.95,64.65,63.9,64.53,2803400,2007-06-13,2007-06-13,41.8000,65.4351,63.7347,65.8298
2007-06-12,GLD,stock,64.4,64.53,63.91,64.1,4073200,2007-06-12,2007-06-12,38.0954,65.5304,63.7267,65.8828
2007-06-11,GLD,stock,64.5,64.87,64.34,64.7,4607600,2007-06-11,2007-06-11,41.5197,65.6810,63.7229,65.9556
2007-06-08,GLD,stock,64.75,65.02,63.74,64.22,7313900,2007-06-08,2007-06-08,37.3354,65.7842,63.7131,66.0068
2007-06-07,GLD,stock,66,66.4,65.16,65.26,6394300,2007-06-07,2007-06-07,43.6137,65.9489,63.7080,66.0798
2007-06-06,GLD,stock,66.2,66.55,65.88,66.41,3596600,2007-06-06,2007-06-06,52.7158,66.0214,63.6924,66.1132
2007-06-05,GLD,stock,66.56,66.7,66.23,66.37,3728100,2007-06-05,2007-06-05,52.3949,65.9805,63.6651,66.1011
2007-06-04,GLD,stock,66.61,66.76,66.3,66.54,2626500,2007-06-04,2007-06-04,53.8367,65.9395,63.6379,66.0901
2007-06-01,GLD,stock,66.19,66.54,65.7,66.44,5634900,2007-06-01,2007-06-01,53.1322,65.8763,63.6088,66.0718
2007-05-31,GLD,stock,65.34,65.58,65.07,65.54,7532000,2007-05-31,2007-05-31,46.2812,65.8170,63.5803,66.0567
2007-05-30,GLD,stock,64.68,64.86,64.6,64.72,2744800,2007-05-30,2007-05-30,38.7003,65.8461,63.5606,66.0778
2007-05-29,GLD,stock,65.5,65.57,64.94,65.07,3343100,2007-05-29,2007-05-29,40.9932,65.9646,63.5490,66.1333
2007-05-25,GLD,stock,65.03,65.08,64.73,64.94,4230400,2007-05-25,2007-05-25,39.7623,66.0588,63.5337,66.1767
2007-05-24,GLD,stock,65.39,65.46,64.52,64.75,6228300,2007-05-24,2007-05-24,38.0072,66.1766,63.5195,66.2271
2007-05-23,GLD,stock,65.6,65.89,65.45,65.54,6442100,2007-05-23,2007-05-23,42.8245,66.3268,63.5072,66.2874
2007-05-22,GLD,stock,65.7,65.82,65.16,65.22,5886700,2007-05-22,2007-05-22,39.9623,66.4096,63.4867,66.3179
2007-05-21,GLD,stock,65.19,65.76,65.06,65.67,10954300,2007-05-21,2007-05-21,42.7572,66.5348,63.4693,66.3627
2007-05-18,GLD,stock,65.1,65.67,64.85,65.52,3158200,2007-05-18,2007-05-18,41.4906,66.6258,63.4472,66.3910
2007-05-17,GLD,stock,65.2,65.6,64.72,65.06,2500,2007-05-17,2007-05-17,37.5561,66.7422,63.4264,66.4266
2007-05-16,GLD,stock,66.13,66.37,65.32,65.6,7268600,2007-05-16,2007-05-16,40.5268,66.9193,63.4100,66.4823
2007-05-15,GLD,stock,66.34,66.73,65.88,66.54,3100,2007-05-15,2007-05-15,46.4682,67.0582,63.3879,66.5184
2007-05-14,GLD,stock,66.55,66.65,66,66.28,300,2007-05-14,2007-05-14,44.3737,67.1127,63.3563,66.5175
2007-05-11,GLD,stock,66.33,66.66,66.13,66.45,200,2007-05-11,2007-05-11,45.4534,67.2004,63.3269,66.5272
2007-05-10,GLD,stock,66.7101,67.11,65.8,66,5536800,2007-05-10,2007-05-10,41.9834,67.2794,63.2955,66.5303
2007-05-09,GLD,stock,67.71,67.84,66.922,67.45,4647500,2007-05-09,2007-05-09,51.8534,67.4140,63.2683,66.5520
2007-05-08,GLD,stock,67.78,68.02,67.53,67.88,2476300,2007-05-08,2007-05-08,55.4426,67.4102,63.2263,66.5153
2007-05-07,GLD,stock,68.39,68.46,68.022,68.25,1996600,2007-05-07,2007-05-07,58.6885,67.3608,63.1795,66.4596
2007-05-04,GLD,stock,67.85,68.43,67.74,68.19,3313900,2007-05-04,2007-05-04,58.3211,67.2672,63.1286,66.3865
2007-05-03,GLD,stock,66.84,67.62,66.68,67.49,4054700,2007-05-03,2007-05-03,53.8771,67.1700,63.0777,66.3129
2007-05-02,GLD,stock,66.17,66.75,66.11,66.66,4499600,2007-05-02,2007-05-02,47.7423,67.1364,63.0333,66.2649
2007-05-01,GLD,stock,66.7722,67,66.54,66.69,3956000,2007-05-01,2007-05-01,47.9564,67.1865,62.9969,66.2488
2007-04-30,GLD,stock,67.26,67.52,67.04,67.09,2607000,2007-04-30,2007-04-30,50.7754,67.2388,62.9598,66.2307
2007-04-27,GLD,stock,67.1799,67.57,66.84,67.56,5232700,2007-04-27,2007-04-27,54.2550,67.2544,62.9183,66.1957
2007-04-26,GLD,stock,66.8401,67.43,66.5,66.87,4668300,2007-04-26,2007-04-26,49.5410,67.2223,62.8716,66.1400
2007-04-25,GLD,stock,67.96,68.06,67.66,67.89,2619400,2007-04-25,2007-04-25,57.7034,67.2593,62.8314,66.1102
2007-04-24,GLD,stock,68.41,68.5,67.43,67.73,5073700,2007-04-24,2007-04-24,56.6633,67.1930,62.7806,66.0375
2007-04-23,GLD,stock,68.4399,68.65,68.04,68.26,2487600,2007-04-23,2007-04-23,61.2995,67.1364,62.7308,65.9685
2007-04-20,GLD,stock,68.43,68.73,68.35,68.7,3358100,2007-04-20,2007-04-20,65.4263,67.0182,62.6753,65.8749
2007-04-19,GLD,stock,68.01,68.04,67.25,67.53,5349700,2007-04-19,2007-04-19,58.5335,66.8411,62.6147,65.7596
2007-04-18,GLD,stock,68.1,68.45,67.95,68.38,4948600,2007-04-18,2007-04-18,67.6290,66.7686,62.5653,65.6874
2007-04-17,GLD,stock,68.33,68.48,67.98,68,4159200,2007-04-17,2007-04-17,65.3969,66.5990,62.5069,65.5775
2007-04-16,GLD,stock,68.12,68.5,67.68,68.4,7913200,2007-04-16,2007-04-16,70.1232,66.4515,62.4517,65.4786
2007-04-13,GLD,stock,67.51,67.97,67.19,67.84,5063600,2007-04-13,2007-04-13,67.0251,66.2464,62.3919,65.3593
2007-04-12,GLD,stock,67.1001,67.25,66.48,66.99,6023500,2007-04-12,2007-04-12,61.3810,66.0787,62.3371,65.2581
2007-04-11,GLD,stock,67.2823,67.5,66.81,67.08,4357500,2007-04-11,2007-04-11,62.4316,65.9827,62.2904,65.1874
2007-04-10,GLD,stock,67.32,67.55,66.98,67.16,2742100,2007-04-10,2007-04-10,63.3263,65.8672,62.2422,65.1101
2007-04-09,GLD,stock,66.88,67.2,66.46,66.53,3297800,2007-04-09,2007-04-09,59.0333,65.7312,62.1928,65.0265
2007-04-05,GLD,stock,66.6,66.96,66.59,66.86,3600800,2007-04-05,2007-04-05,62.5974,65.6471,62.1492,64.9651
2007-04-04,GLD,stock,66.56,66.98,66,66.81,7127200,2007-04-04,2007-04-04,62.2770,65.5194,62.1019,64.8878
2007-04-03,GLD,stock,65.76,66.22,65.65,65.83,4141800,2007-04-03,2007-04-03,55.3087,65.3835,62.0546,64.8093
2007-04-02,GLD,stock,65.34,66.14,65.03,65.85,5378600,2007-04-02,2007-04-02,55.5030,65.3365,62.0166,64.7676
2007-03-30,GLD,stock,65.7826,66.21,65.49,65.74,4290200,2007-03-30,2007-03-30,54.6901,65.2825,61.9781,64.7235
2007-03-29,GLD,stock,65.525,66,64.93,65.65,5448400,2007-03-29,2007-03-29,54.0524,65.2343,61.9403,64.6820
2007-03-28,GLD,stock,66.25,66.48,65.77,66.05,6310000,2007-03-28,2007-03-28,57.3857,65.1906,61.9030,64.6425
2007-03-27,GLD,stock,65.75,65.97,65.5,65.7,3272800,2007-03-27,2007-03-27,55.1378,65.1001,61.8613,64.5850
2007-03-26,GLD,stock,65.5,65.97,65.36,65.84,3928800,2007-03-26,2007-03-26,56.2397,65.0370,61.8228,64.5395
2007-03-23,GLD,stock,65.85,65.9,64.9,65.15,5594700,2007-03-23,2007-03-23,51.8347,64.9525,61.7824,64.4864
2007-03-22,GLD,stock,65.8,66.13,65.6,65.76,4720000,2007-03-22,2007-03-22,56.5039,64.9317,61.7485,64.4593
2007-03-21,GLD,stock,65.38,65.9,65.12,65.82,5060500,2007-03-21,2007-03-21,56.9726,64.8445,61.7082,64.4063
2007-03-20,GLD,stock,65.3366,65.54,64.93,65.27,4416900,2007-03-20,2007-03-20,53.7036,64.7418,61.6669,64.3485
2007-03-19,GLD,stock,64.79,64.94,64.63,64.74,2991300,2007-03-19,2007-03-19,50.3266,64.6862,61.6307,64.3109
2007-03-16,GLD,stock,64.53,64.99,64.38,64.62,5042000,2007-03-16,2007-03-16,49.5529,64.6805,61.5994,64.2934
2007-03-15,GLD,stock,63.9899,64.46,63.88,63.98,7042900,2007-03-15,2007-03-15,45.3367,64.6869,61.5691,64.2801
2007-03-14,GLD,stock,63.682,64.06,63.09,63.94,7418600,2007-03-14,2007-03-14,45.0703,64.7613,61.5448,64.2923
2007-03-13,GLD,stock,64.42,64.69,63.57,63.72,4332200,2007-03-13,2007-03-13,43.6680,64.8477,61.5208,64.3067
2007-03-12,GLD,stock,64.47,64.74,63.96,64.37,4558800,2007-03-12,2007-03-12,46.9567,64.9664,61.4987,64.3307
2007-03-09,GLD,stock,64.71,65.22,64.15,64.25,9026600,2007-03-09,2007-03-09,46.2630,65.0292,61.4698,64.3291
2007-03-08,GLD,stock,64.7,65.04,64.43,64.48,4285300,2007-03-08,2007-03-08,47.3655,65.1113,61.4419,64.3323
2007-03-07,GLD,stock,64.07,64.64,63.55,64.3,6132200,2007-03-07,2007-03-07,46.4379,65.1777,61.4113,64.3263
2007-03-06,GLD,stock,63.8248,64.37,63.46,64.15,6996300,2007-03-06,2007-03-06,45.6973,65.2701,61.3823,64.3273
2007-03-05,GLD,stock,63.015,63.78,62.62,62.93,9844700,2007-03-05,2007-03-05,39.3655,65.3880,61.3545,64.3346
2007-03-02,GLD,stock,64.62,65,63.34,63.72,13733000,2007-03-02,2007-03-02,42.3335,65.6467,61.3387,64.3919
2007-03-01,GLD,stock,66.1,66.75,65.58,65.82,7112523,2007-03-01,2007-03-01,52.0137,65.8496,61.3147,64.4193
2007-02-28,GLD,stock,66.5,66.93,65.54,66.48,8936300,2007-02-28,2007-02-28,55.7329,65.8527,61.2694,64.3622
2007-02-27,GLD,stock,67.0732,68.33,65.07,65.41,15235600,2007-02-27,2007-02-27,50.3930,65.7866,61.2171,64.2757
2007-02-26,GLD,stock,67.88,68.23,67.63,68.1,5255900,2007-02-26,2007-02-26,70.1461,65.8263,61.1749,64.2294
2007-02-23,GLD,stock,67.9385,68.29,67.35,67.72,8126200,2007-02-23,2007-02-23,68.5279,65.5869,61.1053,64.0714
2007-02-22,GLD,stock,67.38,67.56,66.97,67.15,6566900,2007-02-22,2007-02-22,65.9577,65.3624,61.0389,63.9225
2007-02-21,GLD,stock,65.6,67.71,65.2,67.28,11077200,2007-02-21,2007-02-21,67.1185,65.1742,60.9774,63.7908
2007-02-20,GLD,stock,65.6944,66.1,65,65.31,4814200,2007-02-20,2007-02-20,56.2951,64.9526,60.9141,63.6484
2007-02-16,GLD,stock,66.01,66.39,65.76,66.36,3200600,2007-02-16,2007-02-16,67.2511,64.9149,60.8699,63.5805
2007-02-15,GLD,stock,66.24,66.53,65.71,66.41,7673400,2007-02-15,2007-02-15,67.8349,64.7628,60.8147,63.4671
2007-02-14,GLD,stock,66.27,66.66,65.97,66.37,4176806,2007-02-14,2007-02-14,67.6261,64.5895,60.7585,63.3470
2007-02-13,GLD,stock,66.23,66.34,65.55,65.84,4143305,2007-02-13,2007-02-13,64.8167,64.4020,60.7021,63.2236
2007-02-12,GLD,stock,66.08,66.11,65.41,65.67,4113682,2007-02-12,2007-02-12,63.8832,64.2507,60.6505,63.1168
2007-02-09,GLD,stock,65.83,66.38,65.22,66.12,6817000,2007-02-09,2007-02-09,68.3401,64.1013,60.6000,63.0126
2007-02-08,GLD,stock,64.92,65.61,64.8301,65.52,4769900,2007-02-08,2007-02-08,65.3469,63.8888,60.5445,62.8858
2007-02-07,GLD,stock,64.78,65.15,64.48,64.63,3075600,2007-02-07,2007-02-07,60.1586,63.7170,60.4945,62.7782
2007-02-06,GLD,stock,65.05,65.1,64.53,64.79,2928900,2007-02-06,2007-02-06,61.7007,63.6209,60.4530,62.7027
2007-02-05,GLD,stock,64.68,64.69,64.24,64.31,2556200,2007-02-05,2007-02-05,58.7555,63.4979,60.4094,62.6175
2007-02-02,GLD,stock,64.76,64.8,63.8,64.28,9079400,2007-02-02,2007-02-02,58.5706,63.4124,60.3702,62.5484
2007-02-01,GLD,stock,65.45,65.63,65.06,65.22,6286300,2007-02-01,2007-02-01,67.3561,63.3211,60.3309,62.4777
2007-01-31,GLD,stock,63.98,64.9811,63.95,64.83,5901900,2007-01-31,2007-01-31,65.3539,63.1212,60.2818,62.3658
2007-01-30,GLD,stock,63.92,64.23,63.83,64.22,3094200,2007-01-30,2007-01-30,61.9659,62.9413,60.2360,62.2652
2007-01-29,GLD,stock,63.85,64.29,63.66,63.77,3487300,2007-01-29,2007-01-29,59.2352,62.8067,60.1960,62.1854
2007-01-26,GLD,stock,64.16,64.31,63.76,64.1,3494600,2007-01-26,2007-01-26,62.2801,62.7053,60.1601,62.1207
2007-01-25,GLD,stock,64.8,64.88,63.98,64.06,5986300,2007-01-25,2007-01-25,62.0606,62.5585,60.1205,62.0399
2007-01-24,GLD,stock,63.71,64.41,63.37,64.33,5242100,2007-01-24,2007-01-24,64.4099,62.4005,60.0809,61.9575
2007-01-23,GLD,stock,63.68,64.29,63.67,64.23,6329200,2007-01-23,2007-01-23,63.9404,62.1973,60.0382,61.8606
2007-01-22,GLD,stock,63.01,63.48,62.65,62.72,3941400,2007-01-22,2007-01-22,55.7578,61.9834,59.9961,61.7639
2007-01-19,GLD,stock,62.52,63.13,62.27,63,3258400,2007-01-19,2007-01-19,58.0250,61.9058,59.9687,61.7249
2007-01-18,GLD,stock,62.99,63.16,62.15,62.26,4462800,2007-01-18,2007-01-18,53.3722,61.7907,59.9382,61.6729
2007-01-17,GLD,stock,61.97,62.9,61.97,62.64,4516300,2007-01-17,2007-01-17,56.3506,61.7413,59.9149,61.6489
2007-01-16,GLD,stock,62.2,62.3,61.74,61.97,3201000,2007-01-16,2007-01-16,51.9616,61.6467,59.8875,61.6084
2007-01-12,GLD,stock,61,62.28,60.9,62.17,5840200,2007-01-12,2007-01-12,53.4513,61.6126,59.8666,61.5937
2007-01-11,GLD,stock,60.7,61.07,60.53,60.63,4640100,2007-01-11,2007-01-11,41.4486,61.5540,59.8434,61.5702
2007-01-10,GLD,stock,60.46,60.82,60.06,60.59,3767000,2007-01-10,2007-01-10,41.0822,61.6512,59.8355,61.6085
2007-01-09,GLD,stock,60.14,61.09,60.06,60.85,4171700,2007-01-09,2007-01-09,42.6948,61.7629,59.8279,61.6501
2007-01-08,GLD,stock,60.38,60.54,59.851,60.48,3495900,2007-01-08,2007-01-08,39.5597,61.8590,59.8177,61.6828
2007-01-05,GLD,stock,60.75,60.78,59.66,60.17,12500900,2007-01-05,2007-01-05,36.8728,62.0042,59.8110,61.7319
2007-01-04,GLD,stock,62.07,62.5,61.52,61.65,4858600,2007-01-04,2007-01-04,45.9234,62.1973,59.8074,61.7956
2007-01-03,GLD,stock,63.58,64.02,62,62.28,8062500,2007-01-03,2007-01-03,50.8577,62.2549,59.7889,61.8016
2006-12-29,GLD,stock,62.91,63.25,62.88,63.21,2117200,2006-12-29,2006-12-29,59.6418,62.2522,59.7638,61.7820
2006-12-28,GLD,stock,62.97,63.05,62.69,62.9,2539800,2006-12-28,2006-12-28,57.3624,62.1514,59.7292,61.7237
2006-12-27,GLD,stock,62.31,62.46,62.17,62.22,3063600,2006-12-27,2006-12-27,51.8195,62.0726,59.6973,61.6757
2006-12-26,GLD,stock,62.24,62.45,61.87,61.98,1975500,2006-12-26,2006-12-26,49.6755,62.0571,59.6720,61.6535
2006-12-22,GLD,stock,61.45,61.8,61.32,61.65,1367900,2006-12-22,2006-12-22,46.6439,62.0652,59.6488,61.6402
2006-12-21,GLD,stock,61.58,61.7,61.27,61.38,2483300,2006-12-21,2006-12-21,44.0848,62.1089,59.6287,61.6398
2006-12-20,GLD,stock,61.64,61.8,61.45,61.62,2979300,2006-12-20,2006-12-20,45.9020,62.1856,59.6111,61.6504
2006-12-19,GLD,stock,61.2,61.83,61.18,61.8,4255400,2006-12-19,2006-12-19,47.2586,62.2452,59.5909,61.6516
2006-12-18,GLD,stock,60.85,61.11,60.65,61.04,3880800,2006-12-18,2006-12-18,40.3463,62.2920,59.5687,61.6456
2006-12-15,GLD,stock,62.21,62.22,60.93,61,7428200,2006-12-15,2006-12-15,39.9618,62.4238,59.5539,61.6703
2006-12-14,GLD,stock,62.29,62.47,62.04,62.12,2237900,2006-12-14,2006-12-14,48.0084,62.5737,59.5394,61.6977
2006-12-13,GLD,stock,62.1,62.57,61.88,62.48,3595700,2006-12-13,2006-12-13,51.0782,62.6215,59.5134,61.6804
2006-12-12,GLD,stock,62.41,62.56,62.17,62.52,3019300,2006-12-12,2006-12-12,51.4174,62.6363,59.4836,61.6478
2006-12-11,GLD,stock,62.18,62.6,62.07,62.57,3163900,2006-12-11,2006-12-11,51.8168,62.6486,59.4531,61.6122
2006-12-08,GLD,stock,63.08,63.34,61.87,62.05,6082400,2006-12-08,2006-12-08,47.9090,62.6569,59.4218,61.5731
2006-12-07,GLD,stock,62.64,62.78,61.99,62.73,5389700,2006-12-07,2006-12-07,53.1426,62.7207,59.3954,61.5536
2006-12-06,GLD,stock,63.08,63.45,62.29,62.69,6386600,2006-12-06,2006-12-06,52.8613,62.7198,59.3618,61.5056
2006-12-05,GLD,stock,64.25,64.42,63.36,63.81,5257100,2006-12-05,2006-12-05,62.6371,62.7229,59.3284,61.4573
2006-12-04,GLD,stock,64.03,64.14,63.56,64.12,3469100,2006-12-04,2006-12-04,65.7629,62.6085,59.2833,61.3612
2006-12-01,GLD,stock,64.21,64.55,63.99,64.12,6364600,2006-12-01,2006-12-01,65.7629,62.4494,59.2347,61.2486
2006-11-30,GLD,stock,64.07,64.43,63.9,64.39,6367800,2006-11-30,2006-11-30,68.3234,62.2735,59.1856,61.1314
2006-11-29,GLD,stock,63.35,63.39,63.08,63.16,4015200,2006-11-29,2006-11-29,62.0774,62.0507,59.1333,60.9984
2006-11-28,GLD,stock,63.58,63.71,62.82,63.57,6059000,2006-11-28,2006-11-28,66.1124,61.9339,59.0929,60.9102
2006-11-27,GLD,stock,63.46,63.74,63.32,63.7,5249900,2006-11-27,2006-11-27,67.4023,61.7617,59.0479,60.8016
2006-11-24,GLD,stock,63.48,63.68,63.31,63.5,6891100,2006-11-24,2006-11-24,66.4676,61.5577,59.0011,60.6833
2006-11-22,GLD,stock,62.64,63.07,62.25,62.5,4871700,2006-11-22,2006-11-22,61.3185,61.3532,58.9559,60.5684
2006-11-21,GLD,stock,62.25,62.52,62.03,62.27,2936200,2006-11-21,2006-11-21,60.0069,61.2325,58.9203,60.4895
2006-11-20,GLD,stock,62.06,62.25,61.56,61.77,2947800,2006-11-20,2006-11-20,57.0683,61.1233,58.8866,60.4169
2006-11-17,GLD,stock,61.4,61.78,61.34,61.78,3391300,2006-11-17,2006-11-17,57.1463,61.0553,58.8576,60.3616
2006-11-16,GLD,stock,62.16,62.2988,61.27,61.31,4352800,2006-11-16,2006-11-16,54.4287,60.9790,58.8283,60.3037
2006-11-15,GLD,stock,61.34,62.07,61.25,61.84,3760500,2006-11-15,2006-11-15,58.3000,60.9441,58.8033,60.2627
2006-11-14,GLD,stock,62.31,62.52,61.46,61.63,5764800,2006-11-14,2006-11-14,57.1795,60.8498,58.7728,60.1983
2006-11-13,GLD,stock,61.93,62.25,61.77,62.19,3408800,2006-11-13,2006-11-13,61.2555,60.7677,58.7441,60.1398
2006-11-10,GLD,stock,62.7,62.82,62.06,62.49,4463600,2006-11-10,2006-11-10,63.5076,60.6180,58.7095,60.0562
2006-11-09,GLD,stock,62,63.13,61.94,62.95,6641000,2006-11-09,2006-11-09,67.0156,60.4209,58.6715,59.9568
2006-11-08,GLD,stock,61.94,62.08,60.87,61.11,5321000,2006-11-08,2006-11-08,58.5014,60.1547,58.6285,59.8346
2006-11-07,GLD,stock,62.35,62.48,61.97,62.04,5349200,2006-11-07,2006-11-07,66.5656,60.0541,58.6035,59.7826
2006-11-06,GLD,stock,62.17,62.34,61.85,61.89,4079200,2006-11-06,2006-11-06,65.8608,59.8451,58.5690,59.6905
2006-11-03,GLD,stock,61.81,62.5,61.65,62.3,7359800,2006-11-03,2006-11-03,69.5839,59.6299,58.5356,59.6007
2006-11-02,GLD,stock,61.47,62.19,61.47,61.92,6681200,2006-11-02,2006-11-02,68.0284,59.3488,58.4978,59.4905
2006-11-01,GLD,stock,61.03,61.55,60.68,61.36,8172300,2006-11-01,2006-11-01,65.6228,59.0781,58.4634,59.3913
2006-10-31,GLD,stock,60.06,60.36,59.57,60.24,4619800,2006-10-31,2006-10-31,60.0386,58.8379,58.4343,59.3110
2006-10-30,GLD,stock,60.05,60.65,59.88,59.9,4675700,2006-10-30,2006-10-30,58.1210,58.6904,58.4161,59.2731
2006-10-27,GLD,stock,59.43,59.57,59.04,59.4,3095200,2006-10-27,2006-10-27,55.1843,58.5630,58.4012,59.2475
2006-10-26,GLD,stock,59.03,59.45,58.98,59.29,5241100,2006-10-26,2006-10-26,54.5330,58.4749,58.3912,59.2412
2006-10-25,GLD,stock,57.83,58.78,57.55,58.76,4384600,2006-10-25,2006-10-25,51.3711,58.3891,58.3821,59.2393
2006-10-24,GLD,stock,57.2,58.26,56.87,58.17,3558200,2006-10-24,2006-10-24,47.6045,58.3501,58.3783,59.2588
2006-10-23,GLD,stock,57.88,58.19,57.52,57.76,3524300,2006-10-23,2006-10-23,44.8480,58.3690,58.3804,59.3033
2006-10-20,GLD,stock,59.45,59.48,58.65,58.78,3191600,2006-10-20,2006-10-20,51.0526,58.4332,58.3867,59.3662
2006-10-19,GLD,stock,59.05,59.65,59.02,59.41,2954200,2006-10-19,2006-10-19,55.4526,58.3966,58.3827,59.3902
2006-10-18,GLD,stock,58.82,59.03,58.26,58.59,3679100,2006-10-18,2006-10-18,50.2728,58.2900,58.3724,59.3894
2006-10-17,GLD,stock,59,59.1,58.12,58.65,2657100,2006-10-17,2006-10-17,50.6731,58.2584,58.3702,59.4220
2006-10-16,GLD,stock,58.93,59.18,58.72,59.17,1986500,2006-10-16,2006-10-16,54.1428,58.2172,58.3674,59.4535
2006-10-13,GLD,stock,58.25,58.6,57.94,58.57,3078900,2006-10-13,2006-10-13,50.5122,58.1169,58.3593,59.4651
2006-10-12,GLD,stock,56.74,57.49,56.65,57.49,2777500,2006-10-12,2006-10-12,42.9647,58.0692,58.3572,59.5016
2006-10-11,GLD,stock,57.3,57.52,56.7,56.88,2944200,2006-10-11,2006-10-11,38.0059,58.1302,58.3659,59.5837
2006-10-10,GLD,stock,56.55,57.28,56.48,57,3422200,2006-10-10,2006-10-10,38.6192,58.2617,58.3809,59.6941
2006-10-09,GLD,stock,57.46,57.5,56.72,57.2,2690000,2006-10-09,2006-10-09,39.6085,58.3946,58.3947,59.8040
2006-10-06,GLD,stock,56.28,57.02,55.63,56.99,4282700,2006-10-06,2006-10-06,38.0615,58.5203,58.4067,59.9103
2006-10-05,GLD,stock,56.94,57.02,56.32,56.92,3891100,2006-10-05,2006-10-05,37.5665,58.6814,58.4210,60.0295
2006-10-04,GLD,stock,57.47,57.52,55.55,56.37,8160200,2006-10-04,2006-10-04,33.7008,58.8668,58.4361,60.1564
2006-10-03,GLD,stock,57.93,58.14,56.91,57.11,5233900,2006-10-03,2006-10-03,36.5264,59.1296,58.4568,60.3110
2006-10-02,GLD,stock,59.8,59.88,59.03,59.15,2018800,2006-10-02,2006-10-02,46.5081,59.3422,58.4704,60.4416
2006-09-29,GLD,stock,59.52,59.63,58.975,59.47,3201000,2006-09-29,2006-09-29,48.4361,59.3624,58.4635,60.4944
2006-09-28,GLD,stock,59.88,60.27,59.57,59.79,3931900,2006-09-28,2006-09-28,50.3753,59.3511,58.4534,60.5362
2006-09-27,GLD,stock,59.22,59.86,58.73,59.81,4657300,2006-09-27,2006-09-27,50.4926,59.3049,58.4400,60.5666
2006-09-26,GLD,stock,58.5,58.97,58.25,58.74,2813400,2006-09-26,2006-09-26,44.0155,59.2518,58.4262,60.5975
2006-09-25,GLD,stock,58.15,58.76,57.78,58.5,3797400,2006-09-25,2006-09-25,42.4472,59.3056,58.4231,60.6733
2006-09-22,GLD,stock,58.7,58.75,57.99,58.5,3320500,2006-09-22,2006-09-22,42.4472,59.3904,58.4223,60.7620
2006-09-21,GLD,stock,57.35,58.09,57.22,57.95,3878600,2006-09-21,2006-09-21,39.0749,59.4842,58.4215,60.8544
2006-09-20,GLD,stock,57.81,58.24,57.2,57.26,5385200,2006-09-20,2006-09-20,34.6114,59.6457,58.4262,60.9729
2006-09-19,GLD,stock,57.97,58.11,56.84,56.92,5287800,2006-09-19,2006-09-19,32.3435,59.8968,58.4380,61.1245
2006-09-18,GLD,stock,57.47,58.39,57.42,58.23,4439500,2006-09-18,2006-09-18,36.9256,60.2101,58.4532,61.2961
2006-09-15,GLD,stock,57.2,57.79,56.66,57.4,6455000,2006-09-15,2006-09-15,31.1904,60.4186,58.4555,61.4212
2006-09-14,GLD,stock,58.59,58.72,57.08,57.19,7649400,2006-09-14,2006-09-14,29.6884,60.7363,58.4661,61.5853
2006-09-13,GLD,stock,58.6,58.93,57.97,58.62,3539300,2006-09-13,2006-09-13,34.4423,61.1096,58.4789,61.7647
2006-09-12,GLD,stock,58.65,59.09,58.18,58.31,5837600,2006-09-12,2006-09-12,32.2588,61.3717,58.4775,61.8931
2006-09-11,GLD,stock,58.85,59.25,57.91,58.5,10613100,2006-09-11,2006-09-11,32.8821,61.6939,58.4792,62.0393
2006-09-08,GLD,stock,60.52,60.77,60.28,60.64,4003100,2006-09-08,2006-09-08,41.2098,62.0301,58.4790,62.1838
2006-09-07,GLD,stock,61.87,61.92,60.99,61.25,5402800,2006-09-07,2006-09-07,44.1708,62.1765,58.4572,62.2468
2006-09-06,GLD,stock,63.22,63.52,62.83,62.86,3211200,2006-09-06,2006-09-06,53.6115,62.2740,58.4292,62.2875
2006-09-05,GLD,stock,63.24,63.63,63.06,63.36,4219500,2006-09-05,2006-09-05,57.1329,62.2123,58.3846,62.2641
2006-09-01,GLD,stock,61.95,62.29,61.48,62.14,3212500,2006-09-01,2006-09-01,49.6380,62.0915,58.3346,62.2194
2006-08-31,GLD,stock,62,62.3,61.7274,62.29,4842400,2006-08-31,2006-08-31,50.6490,62.0864,58.2964,62.2227
2006-08-30,GLD,stock,61.49,61.66,61.0901,61.42,2909700,2006-08-30,2006-08-30,44.5685,62.0650,58.2563,62.2199
2006-08-29,GLD,stock,61,61.09,60.32,60.94,3609800,2006-08-29,2006-08-29,40.8337,62.1329,58.2245,62.2526
2006-08-28,GLD,stock,61.8,61.8,60.83,61,3584600,2006-08-28,2006-08-28,41.1556,62.2584,58.1972,62.3061
2006-08-25,GLD,stock,61.88,62,61.58,61.77,2127000,2006-08-25,2006-08-25,45.4219,62.3909,58.1690,62.3594
2006-08-24,GLD,stock,61.98,62.06,61.45,61.75,2198200,2006-08-24,2006-08-24,45.2851,62.4562,58.1328,62.3835
2006-08-23,GLD,stock,62.56,62.68,61.75,61.83,3573700,2006-08-23,2006-08-23,45.7107,62.5306,58.0964,62.4094
2006-08-22,GLD,stock,62.05,62.2,61.61,62.05,4067700,2006-08-22,2006-08-22,46.8346,62.6043,58.0589,62.4330
2006-08-21,GLD,stock,62.09,62.48,61.8,62.44,3597400,2006-08-21,2006-08-21,48.8101,62.6627,58.0188,62.4486
2006-08-18,GLD,stock,61.49,61.5,60.3,61.04,6420300,2006-08-18,2006-08-18,40.4353,62.6861,57.9744,62.4490
2006-08-17,GLD,stock,62.32,62.35,60.96,61.03,4216100,2006-08-17,2006-08-17,40.3706,62.8594,57.9436,62.5065
2006-08-16,GLD,stock,62.63,62.89,62.24,62.49,3333000,2006-08-16,2006-08-16,47.3428,63.0520,57.9126,62.5668
2006-08-15,GLD,stock,61.95,62.27,61.68,62.01,4833700,2006-08-15,2006-08-15,44.4120,63.1111,57.8665,62.5699
2006-08-14,GLD,stock,62.39,62.9,62.02,62.25,3526100,2006-08-14,2006-08-14,45.5901,63.2270,57.8249,62.5927
2006-08-11,GLD,stock,64.02,64.1,62.24,62.71,6962800,2006-08-11,2006-08-11,47.8491,63.3299,57.7804,62.6067
2006-08-10,GLD,stock,64.02,64.38,62.97,63.25,6871100,2006-08-10,2006-08-10,50.5812,63.3951,57.7309,62.6025
2006-08-09,GLD,stock,64.56,65.13,64.39,64.63,4369600,2006-08-09,2006-08-09,58.5087,63.4104,57.6754,62.5761
2006-08-08,GLD,stock,63.98,64.57,63.85,63.97,5574200,2006-08-08,2006-08-08,55.4047,63.2820,57.6055,62.4923
2006-08-07,GLD,stock,64.47,64.81,64.25,64.5,2493800,2006-08-07,2006-08-07,58.6780,63.2096,57.5416,62.4319
2006-08-04,GLD,stock,64.87,64.98,64,64.28,4811600,2006-08-04,2006-08-04,57.7151,63.0738,57.4716,62.3475
2006-08-03,GLD,stock,64,64.33,63.5452,64.12,3840600,2006-08-03,2006-08-03,57.0390,62.9468,57.4032,62.2687
2006-08-02,GLD,stock,65.05,65.22,64.4,64.75,5052200,2006-08-02,2006-08-02,60.5804,62.8233,57.3357,62.1931
2006-08-01,GLD,stock,62.92,64.46,62.92,64.32,4671800,2006-08-01,2006-08-01,58.9657,62.6205,57.2612,62.0887
2006-07-31,GLD,stock,63.12,63.35,62.44,63.16,3420200,2006-07-31,2006-07-31,54.2738,62.4416,57.1902,61.9977
2006-07-28,GLD,stock,62.78,63.34,62.75,63.11,3156500,2006-07-28,2006-07-28,54.0636,62.3660,57.1302,61.9502
2006-07-27,GLD,stock,63.53,63.61,62.55,62.9,4698600,2006-07-27,2006-07-27,53.2249,62.2876,57.0701,61.9029
2006-07-26,GLD,stock,61.35,62.36,60.9301,62,3376000,2006-07-26,2006-07-26,49.5601,62.2232,57.0115,61.8622
2006-07-25,GLD,stock,61.34,61.6,60.5608,61.55,4737081,2006-07-25,2006-07-25,47.6559,62.2467,56.9614,61.8565
2006-07-24,GLD,stock,60.63,61.23,59.83,61.14,7281400,2006-07-24,2006-07-24,45.9290,62.3200,56.9153,61.8691
2006-07-21,GLD,stock,63.19,63.25,61.21,61.71,6949300,2006-07-21,2006-07-21,47.9722,62.4442,56.8728,61.8988
2006-07-20,GLD,stock,63.32,63.97,62.4,62.54,6402800,2006-07-20,2006-07-20,51.0423,62.5215,56.8242,61.9065
2006-07-19,GLD,stock,62.57,64.24,62.48,64.03,7261300,2006-07-19,2006-07-19,57.1380,62.5196,56.7668,61.8807
2006-07-18,GLD,stock,64.75,64.75,62.34,62.9,7639300,2006-07-18,2006-07-18,53.2023,62.3606,56.6938,61.7929
2006-07-17,GLD,stock,64.71,65.22,63.67,63.95,9909000,2006-07-17,2006-07-17,57.7801,62.3038,56.6314,61.7478
2006-07-14,GLD,stock,65.9,66.42,65.7,65.85,21141200,2006-07-14,2006-07-14,67.5457,62.1305,56.5579,61.6579
2006-07-13,GLD,stock,64.75,66.38,64.11,65.55,12234200,2006-07-13,2006-07-13,66.7210,61.7390,56.4645,61.4868
2006-07-12,GLD,stock,64.61,65.19,63.01,64.92,9454300,2006-07-12,2006-07-12,64.9861,61.3378,56.3732,61.3209
2006-07-11,GLD,stock,62.83,64.17,62.7,63.81,5788400,2006-07-11,2006-07-11,61.7213,60.9608,56.2873,61.1740
2006-07-10,GLD,stock,62.01,62.5,61.99,62.02,3513500,2006-07-10,2006-07-10,55.5092,60.6608,56.2116,61.0664
2006-07-07,GLD,stock,62.98,63.05,62.25,62.63,5329500,2006-07-07,2006-07-07,58.5141,60.5178,56.1533,61.0275
2006-07-06,GLD,stock,62.45,63.2,62.05,63.02,5686700,2006-07-06,2006-07-06,60.4571,60.2954,56.0882,60.9621
2006-07-05,GLD,stock,62.4,62.63,61.44,62.5,8178400,2006-07-05,2006-07-05,58.7617,60.0086,56.0185,60.8781
2006-07-03,GLD,stock,61.99,62.7,61.88,62.18,3078900,2006-07-03,2006-07-03,57.7260,59.7464,55.9534,60.8119
2006-06-30,GLD,stock,60.87,61.35,60.68,61.23,7773800,2006-06-30,2006-06-30,54.5815,59.4902,55.8908,60.7561
2006-06-29,GLD,stock,58,59.78,58,59.52,10753200,2006-06-29,2006-06-29,48.1331,59.3071,55.8371,60.7367
2006-06-28,GLD,stock,58.15,58.19,57.35,57.54,2901100,2006-06-28,2006-06-28,38.7891,59.2847,55.8001,60.7864
2006-06-27,GLD,stock,58.71,59.26,57.61,57.68,6516000,2006-06-27,2006-06-27,39.2534,59.4683,55.7826,60.9189
2006-06-26,GLD,stock,58.31,58.33,57.42,58.28,3423800,2006-06-26,2006-06-26,41.2167,59.6565,55.7636,61.0511
2006-06-23,GLD,stock,57.27,58.3,57.27,57.99,6109700,2006-06-23,2006-06-23,39.8668,59.8014,55.7383,61.1642
2006-06-22,GLD,stock,58.25,58.61,57.46,57.73,5375900,2006-06-22,2006-06-22,38.6948,59.9921,55.7156,61.2937
2006-06-21,GLD,stock,56.97,58.77,56.62,58.33,6163400,2006-06-21,2006-06-21,40.3814,60.2302,55.6954,61.4392
2006-06-20,GLD,stock,56.52,57.48,56.16,57.3,11073000,2006-06-20,2006-06-20,35.9299,60.4303,55.6689,61.5661
2006-06-19,GLD,stock,56.85,57.25,56.15,56.36,5743100,2006-06-19,2006-06-19,31.6022,60.7598,55.6525,61.7402
2006-06-16,GLD,stock,57.35,57.93,56.43,57.68,7322100,2006-06-16,2006-06-16,34.6545,61.2229,55.6454,61.9598
2006-06-15,GLD,stock,57.12,58,56.33,57.32,12016400,2006-06-15,2006-06-15,33.0160,61.5958,55.6250,62.1345
2006-06-14,GLD,stock,56.7,56.91,55.05,55.62,12657600,2006-06-14,2006-06-14,24.7418,62.0459,55.6079,62.3310
2006-06-13,GLD,stock,58.1,58.65,55.81,55.92,26228500,2006-06-13,2006-06-13,25.2530,62.7223,55.6078,62.6049
2006-06-12,GLD,stock,60.78,60.84,58.44,60.03,4166900,2006-06-12,2006-06-12,34.2563,63.4384,55.6047,62.8778
2006-06-09,GLD,stock,61.12,61.38,59.76,59.76,6583400,2006-06-09,2006-06-09,32.7947,63.7971,55.5602,62.9940
2006-06-08,GLD,stock,61.47,61.53,60.43,60.91,14228800,2006-06-08,2006-06-08,35.9562,64.2221,55.5180,63.1260
2006-06-07,GLD,stock,61.57,62.85,61.35,62.28,10172700,2006-06-07,2006-06-07,40.2485,64.5707,55.4638,63.2165
2006-06-06,GLD,stock,62.58,62.67,62.16,62.55,7175200,2006-06-06,2006-06-06,41.1474,64.8119,55.3953,63.2547
2006-06-05,GLD,stock,64.05,64.19,63.08,63.29,6025700,2006-06-05,2006-06-05,43.6271,65.0500,55.3234,63.2835
2006-06-02,GLD,stock,63.13,65.56,62.53,63.5,6990600,2006-06-02,2006-06-02,44.3311,65.2352,55.2433,63.2832
2006-06-01,GLD,stock,62.42,62.97,61.8,62.56,11752100,2006-06-01,2006-06-01,40.3289,65.4179,55.1603,63.2744
2006-05-31,GLD,stock,65.53,65.59,62.65,64.23,7573900,2006-05-31,2006-05-31,45.7556,65.7187,55.0860,63.3035
2006-05-30,GLD,stock,65.2,66.24,65,65.11,8240200,2006-05-30,2006-05-30,48.9806,65.8754,54.9941,63.2657
2006-05-26,GLD,stock,64.66,65.35,63.75,65.1,5286400,2006-05-26,2006-05-26,48.9426,65.9560,54.8924,63.1904
2006-05-25,GLD,stock,63.93,64.76,63.76,64.7,6509500,2006-05-25,2006-05-25,47.4910,66.0461,54.7898,63.1125
2006-05-24,GLD,stock,64.91,65.16,63.22,64.06,11066200,2006-05-24,2006-05-24,45.1752,66.1878,54.6902,63.0477
2006-05-23,GLD,stock,66.08,67.16,65.91,66.38,10512700,2006-05-23,2006-05-23,53.0508,66.4118,54.5960,63.0064
2006-05-22,GLD,stock,64.42,65.81,63.8,65.3,11979400,2006-05-22,2006-05-22,49.2244,66.4151,54.4776,62.8687
2006-05-19,GLD,stock,65.7,66.05,63.55,65.58,18981300,2006-05-19,2006-05-19,50.2095,66.5325,54.3688,62.7694
2006-05-18,GLD,stock,68.65,69.1,67.36,67.46,12738700,2006-05-18,2006-05-18,57.3677,66.6328,54.2562,62.6547
2006-05-17,GLD,stock,69.51,70.17,68,68.15,16423600,2006-05-17,2006-05-17,60.2973,66.5457,54.1235,62.4586
2006-05-16,GLD,stock,68.32,70.8,67.87,68.61,12297300,2006-05-16,2006-05-16,62.2658,66.3768,53.9825,62.2263
2006-05-15,GLD,stock,68.7,69.3,67.32,67.41,18389100,2006-05-15,2006-05-15,59.0255,66.1417,53.8355,61.9657
2006-05-12,GLD,stock,71.89,72.26,70.2,71.12,20637100,2006-05-12,2006-05-12,78.3372,66.0082,53.6991,61.7435
2006-05-11,GLD,stock,72.05,72.15,71,71.03,17745300,2006-05-11,2006-05-11,78.1763,65.4702,53.5240,61.3608
2006-05-10,GLD,stock,69.32,70.49,69.27,70.38,10298600,2006-05-10,2006-05-10,77.0327,64.8849,53.3480,60.9661
2006-05-09,GLD,stock,68.55,69.72,68.45,69.68,12058400,2006-05-09,2006-05-09,75.7627,64.3065,53.1769,60.5819
2006-05-08,GLD,stock,67.28,67.61,66.75,67.56,6538900,2006-05-08,2006-05-08,71.2993,63.7408,53.0110,60.2105
2006-05-05,GLD,stock,67.56,68.01,67.06,67.99,9269200,2006-05-05,2006-05-05,73.8611,63.3388,52.8648,59.9106
2006-05-04,GLD,stock,66.85,67.67,66.22,67.48,14118800,2006-05-04,2006-05-04,72.7841,62.8492,52.7128,59.5808
2006-05-03,GLD,stock,67.14,67.14,65.33,66.46,11557800,2006-05-03,2006-05-03,70.5291,62.3618,52.5644,59.2584
2006-05-02,GLD,stock,65.61,66.57,65.56,66.55,6165600,2006-05-02,2006-05-02,71.0112,61.9304,52.4247,58.9644
2006-05-01,GLD,stock,65.72,65.83,64.98,65.16,7556400,2006-05-01,2006-05-01,67.8608,61.4441,52.2827,58.6548
2006-04-28,GLD,stock,63.93,65.27,63.83,65.09,8373600,2006-04-28,2006-04-28,67.6966,61.0530,52.1533,58.3893
2006-04-27,GLD,stock,62.89,64,62.77,62.96,6420300,2006-04-27,2006-04-27,62.2480,60.6280,52.0233,58.1158
2006-04-26,GLD,stock,63.06,63.79,63.04,63.65,5783600,2006-04-26,2006-04-26,65.5751,60.3825,51.9134,57.9181
2006-04-25,GLD,stock,62.93,63.1799,62.18,62.78,5593600,2006-04-25,2006-04-25,63.2770,60.0386,51.7954,57.6841
2006-04-24,GLD,stock,62.34,62.53,61.6,61.65,7353900,2006-04-24,2006-04-24,60.0615,59.7500,51.6850,57.4761
2006-04-21,GLD,stock,62.15,63.28,61.78,63.2,7526700,2006-04-21,2006-04-21,67.6008,59.5500,51.5849,57.3058
2006-04-20,GLD,stock,63.45,63.45,60.44,60.96,12972000,2006-04-20,2006-04-20,61.0377,59.1658,51.4681,57.0652
2006-04-19,GLD,stock,62.23,63.95,61.9,63.75,11276800,2006-04-19,2006-04-19,79.7136,58.9770,51.3727,56.9062
2006-04-18,GLD,stock,61.25,61.93,61.0601,61.85,5077600,2006-04-18,2006-04-18,74.8468,58.4745,51.2484,56.6269
2006-04-17,GLD,stock,60.38,61.3,60.2,61.09,6054600,2006-04-17,2006-04-17,72.3862,58.1192,51.1418,56.4137
2006-04-13,GLD,stock,59.13,59.6,58.87,59.5,2812400,2006-04-13,2006-04-13,65.9073,57.8065,51.0418,56.2228
2006-04-12,GLD,stock,59.45,59.71,59.15,59.43,3706400,2006-04-12,2006-04-12,65.5772,57.6282,50.9568,56.0890
2006-04-11,GLD,stock,59.52,59.85,59,59.01,5011300,2006-04-11,2006-04-11,63.6139,57.4386,50.8717,55.9527
2006-04-10,GLD,stock,59.38,59.65,58.95,59.6,3680100,2006-04-10,2006-04-10,68.7269,57.2732,50.7899,55.8279
2006-04-07,GLD,stock,58.67,58.82,58.22,58.59,3426400,2006-04-07,2006-04-07,64.1461,57.0282,50.7013,55.6739
2006-04-06,GLD,stock,58.97,59.34,58.85,59.28,5640400,2006-04-06,2006-04-06,70.7173,56.8638,50.6220,55.5549
2006-04-05,GLD,stock,58.64,58.71,58,58.66,6657200,2006-04-05,2006-04-05,67.9804,56.6095,50.5350,55.4029
2006-04-04,GLD,stock,58.44,58.76,58.18,58.33,5094400,2006-04-04,2006-04-04,66.4297,56.3937,50.4534,55.2699
2006-04-03,GLD,stock,58.63,58.93,58.4,58.47,4850200,2006-04-03,2006-04-03,67.7218,56.1898,50.3742,55.1450
2006-03-31,GLD,stock,58.07,58.31,57.56,58.1,5074400,2006-03-31,2006-03-31,66.1039,55.9498,50.2928,55.0093
2006-03-30,GLD,stock,57.98,58.7,57.81,58.6,5873500,2006-03-30,2006-03-30,70.5406,55.7235,50.2144,54.8831
2006-03-29,GLD,stock,56.34,57.15,56.25,57.07,5528300,2006-03-29,2006-03-29,63.5985,55.4207,50.1301,54.7314
2006-03-28,GLD,stock,56.6,56.63,55.92,56.06,3414200,2006-03-28,2006-03-28,57.4526,55.2471,50.0603,54.6360
2006-03-27,GLD,stock,56.21,56.55,56.18,56.39,4081900,2006-03-27,2006-03-27,60.5545,55.1615,50.0001,54.5779
2006-03-24,GLD,stock,55.15,55.83,55.1,55.71,3774000,2006-03-24,2006-03-24,56.0101,55.0322,49.9358,54.5039
2006-03-23,GLD,stock,54.36,54.85,54.24,54.7,4000800,2006-03-23,2006-03-23,47.7001,54.9608,49.8778,54.4547
2006-03-22,GLD,stock,54.75,54.93,54.6,54.75,1077300,2006-03-22,2006-03-22,48.1179,54.9883,49.8293,54.4447
2006-03-21,GLD,stock,54.71,55.28,54.4,54.83,4518700,2006-03-21,2006-03-21,48.7524,55.0134,49.7799,54.4322
2006-03-20,GLD,stock,55.01,55.4,54.98,55.17,1853500,2006-03-20,2006-03-20,51.4288,55.0327,49.7291,54.4160
2006-03-17,GLD,stock,55.28,55.33,54.93,55.12,2236000,2006-03-17,2006-03-17,51.0619,55.0182,49.6744,54.3852
2006-03-16,GLD,stock,55.15,55.34,54.49,55.34,3342200,2006-03-16,2006-03-16,52.6878,55.0075,49.6197,54.3552
2006-03-15,GLD,stock,55.41,55.44,54.98,55.12,4702800,2006-03-15,2006-03-15,51.2463,54.9725,49.5622,54.3150
2006-03-14,GLD,stock,54.23,55,54.2,54.87,2671700,2006-03-14,2006-03-14,49.6268,54.9570,49.5064,54.2821
2006-03-13,GLD,stock,54.09,54.46,53.92,54.31,2301300,2006-03-13,2006-03-13,45.8881,54.9662,49.4525,54.2581
2006-03-10,GLD,stock,53.22,53.97,53.15,53.83,6489200,2006-03-10,2006-03-10,42.4908,55.0352,49.4036,54.2560
2006-03-09,GLD,stock,54.6,54.78,54.13,54.24,3798400,2006-03-09,2006-03-09,44.7175,55.1621,49.3592,54.2734
2006-03-08,GLD,stock,54.18,54.27,53.56,53.97,6703400,2006-03-08,2006-03-08,42.8873,55.2592,49.3101,54.2748
2006-03-07,GLD,stock,55.33,55.33,54.55,54.95,4385400,2006-03-07,2006-03-07,48.2738,55.3949,49.2633,54.2872
2006-03-06,GLD,stock,56.3,56.45,54.96,55.23,5426900,2006-03-06,2006-03-06,49.9379,55.4417,49.2061,54.2602
2006-03-03,GLD,stock,56.48,56.54,56.2,56.28,3100200,2006-03-03,2006-03-03,56.7496,55.4640,49.1456,54.2206
2006-03-02,GLD,stock,56.25,56.82,55.99,56.74,3862000,2006-03-02,2006-03-02,60.0836,55.3781,49.0739,54.1365
2006-03-01,GLD,stock,56.02,56.42,55.92,56.1,4266200,2006-03-01,2006-03-01,56.8051,55.2347,48.9968,54.0303
2006-02-28,GLD,stock,55.43,56.07,55.3,56.07,3425900,2006-02-28,2006-02-28,56.6501,55.1436,48.9254,53.9458
2006-02-27,GLD,stock,55.26,55.32,55.01,55.22,2291600,2006-02-27,2006-02-27,52.1316,55.0461,48.8536,53.8591
2006-02-24,GLD,stock,55.21,55.71,55.03,55.64,4926500,2006-02-24,2006-02-24,54.7500,55.0278,48.7896,53.8035
2006-02-23,GLD,stock,55.08,55.11,54.55,54.64,2418500,2006-02-23,2006-02-23,49.0975,54.9634,48.7208,53.7286
2006-02-22,GLD,stock,54.97,55.35,54.86,55.34,3835700,2006-02-22,2006-02-22,53.4363,54.9974,48.6613,53.6914
2006-02-21,GLD,stock,55.12,55.34,55,55.12,3343500,2006-02-21,2006-02-21,52.2036,54.9614,48.5942,53.6241
2006-02-17,GLD,stock,54.67,55.2,54.6,54.96,3927200,2006-02-17,2006-02-17,51.3336,54.9447,48.5286,53.5630
2006-02-16,GLD,stock,53.42,54.54,53.42,54.52,5588700,2006-02-16,2006-02-16,48.9611,54.9431,48.4640,53.5060
2006-02-15,GLD,stock,54.3,54.3,53.33,53.76,4813900,2006-02-15,2006-02-15,44.6320,54.9876,48.4031,53.4646
2006-02-14,GLD,stock,53.94,54.53,53.68,54.49,3606600,2006-02-14,2006-02-14,48.2849,55.1168,48.3493,53.4526
2006-02-13,GLD,stock,54.64,54.9,53.55,53.72,5122200,2006-02-13,2006-02-13,43.7780,55.1828,48.2875,53.4102
2006-02-10,GLD,stock,55.74,55.74,54.42,54.79,4324800,2006-02-10,2006-02-10,49.3247,55.3368,48.2329,53.3976
2006-02-09,GLD,stock,55.72,56.45,55.55,56.18,5299300,2006-02-09,2006-02-09,58.2233,55.3944,48.1670,53.3407
2006-02-08,GLD,stock,54.7,55.08,54.41,54.83,5375900,2006-02-08,2006-02-08,50.1053,55.3117,48.0865,53.2248
2006-02-07,GLD,stock,55.9,55.92,54.33,54.6,10187600,2006-02-07,2006-02-07,48.5229,55.3624,48.0187,53.1593
2006-02-06,GLD,stock,56.76,57.1499,56.65,56.72,3454600,2006-02-06,2006-02-06,66.6030,55.4426,47.9526,53.1005
2006-02-03,GLD,stock,57.07,57.2,56.25,56.5,5053800,2006-02-03,2006-02-03,65.3592,55.3081,47.8645,52.9528
2006-02-02,GLD,stock,57.04,57.3,56.67,56.98,5114300,2006-02-02,2006-02-02,70.6932,55.1827,47.7777,52.8080
2006-02-01,GLD,stock,56.83,56.9,56.08,56.7,4700900,2006-02-01,2006-02-01,69.3377,54.9935,47.6852,52.6377
2006-01-31,GLD,stock,56.57,57.05,56.53,56.7,5011700,2006-01-31,2006-01-31,69.3377,54.8139,47.5946,52.4719
2006-01-30,GLD,stock,55.97,56.7,55.9501,56.68,3969200,2006-01-30,2006-01-30,69.2501,54.6153,47.5031,52.2993
2006-01-27,GLD,stock,55.97,56.23,55.47,55.63,4285600,2006-01-27,2006-01-27,64.2751,54.3980,47.4109,52.1205
2006-01-26,GLD,stock,55.53,55.91,55.27,55.88,4306700,2006-01-26,2006-01-26,66.6595,54.2683,47.3283,51.9773
2006-01-25,GLD,stock,56.22,56.53,55.74,56.14,10005300,2006-01-25,2006-01-25,69.1363,54.0986,47.2423,51.8180
2006-01-24,GLD,stock,55.5,55.73,55.27,55.73,3419100,2006-01-24,2006-01-24,67.3605,53.8838,47.1529,51.6416
2006-01-23,GLD,stock,55.59,55.9,55.26,55.77,4968500,2006-01-23,2006-01-23,67.7135,53.6894,47.0667,51.4747
2006-01-20,GLD,stock,56.12,56.6,55.02,55.2,7306600,2006-01-20,2006-01-20,65.3081,53.4704,46.9792,51.2994
2006-01-19,GLD,stock,54.96,55.71,54.95,55.59,5290700,2006-01-19,2006-01-19,68.5529,53.2883,46.8966,51.1402
2006-01-18,GLD,stock,54.64,54.73,54.01,54.51,4622300,2006-01-18,2006-01-18,63.9468,53.0461,46.8092,50.9586
2006-01-17,GLD,stock,55.25,55.87,55.03,55.26,5130400,2006-01-17,2006-01-17,70.6166,52.8920,46.7318,50.8136
2006-01-13,GLD,stock,54.55,55.56,54.51,55.44,4346200,2006-01-13,2006-01-13,72.2971,52.6427,46.6461,50.6321
2006-01-12,GLD,stock,54.21,54.6399,54.01,54.43,3603000,2006-01-12,2006-01-12,68.3759,52.3482,46.5577,50.4359
2006-01-11,GLD,stock,54.24,54.77,54.07,54.53,4209800,2006-01-11,2006-01-11,69.2775,52.1291,46.4786,50.2729
2006-01-10,GLD,stock,53.96,54.38,53.76,54.06,5700600,2006-01-10,2006-01-10,67.4017,51.8764,46.3977,50.0991
2006-01-09,GLD,stock,53.46,54.99,53.31,54.6,5394200,2006-01-09,2006-01-09,72.0980,51.6465,46.3207,49.9374
2006-01-06,GLD,stock,53.14,53.87,53.04,53.72,4629900,2006-01-06,2006-01-06,68.8094,51.3356,46.2375,49.7471
2006-01-05,GLD,stock,52.56,52.72,52.1,52.34,7661800,2006-01-05,2006-01-05,62.3470,51.0846,46.1623,49.5850
2006-01-04,GLD,stock,52.87,53.34,52.62,53.3,5287900,2006-01-04,2006-01-04,71.9806,50.9525,46.1002,49.4725
2006-01-03,GLD,stock,52.29,53.18,52.23,53.12,4606500,2006-01-03,2006-01-03,71.2060,50.7054,46.0278,49.3163
2005-12-30,GLD,stock,51.19,51.72,51.17,51.58,2635900,2005-12-30,2005-12-30,63.1020,50.4512,45.9566,49.1610
2005-12-29,GLD,stock,51.48,51.58,50.92,51.47,3282700,2005-12-29,2005-12-29,62.4001,50.3324,45.9000,49.0623
2005-12-28,GLD,stock,51.51,51.61,51.18,51.47,5060900,2005-12-28,2005-12-28,62.4001,50.2127,45.8441,48.9640
2005-12-27,GLD,stock,50.65,50.7,50.5,50.64,4403700,2005-12-27,2005-12-27,57.0893,50.0803,45.7875,48.8618
2005-12-23,GLD,stock,50.1,50.46,50.08,50.12,2877600,2005-12-23,2005-12-23,53.2478,50.0214,45.7388,48.7892
2005-12-22,GLD,stock,49.51,50.3,49.47,50.14,2965300,2005-12-22,2005-12-22,53.4186,50.0110,45.6947,48.7349
2005-12-21,GLD,stock,49.12,49.45,48.8,49.37,3956400,2005-12-21,2005-12-21,47.3852,49.9974,45.6500,48.6775
2005-12-20,GLD,stock,50.35,50.4,49,49.04,4317900,2005-12-20,2005-12-20,44.5257,50.0635,45.6127,48.6492
2005-12-19,GLD,stock,50.58,50.75,50.12,50.22,2077100,2005-12-19,2005-12-19,54.3294,50.1712,45.5782,48.6333
2005-12-16,GLD,stock,50.32,50.59,49.93,50.09,2688000,2005-12-16,2005-12-16,53.2770,50.1661,45.5316,48.5685
2005-12-15,GLD,stock,50.48,50.79,50.11,50.24,4728500,2005-12-15,2005-12-15,54.6257,50.1741,45.4857,48.5064
2005-12-14,GLD,stock,50.95,51.2,50.25,50.35,6993900,2005-12-14,2005-12-14,55.5838,50.1672,45.4380,48.4357
2005-12-13,GLD,stock,52.2,53.23,51.56,51.65,6162100,2005-12-13,2005-12-13,68.8334,50.1479,45.3886,48.3575
2005-12-12,GLD,stock,53.09,53.76,52.25,52.56,7505300,2005-12-12,2005-12-12,81.4539,49.9898,45.3257,48.2231
2005-12-09,GLD,stock,52.31,52.9,52.03,52.4,5882500,2005-12-09,2005-12-09,80.8816,49.7192,45.2530,48.0461
2005-12-08,GLD,stock,51.34,51.95,51.26,51.9,3046000,2005-12-08,2005-12-08,79.0013,49.4371,45.1811,47.8684
2005-12-07,GLD,stock,51.22,51.5,51.1,51.32,2279800,2005-12-07,2005-12-07,76.5132,49.1778,45.1136,47.7039
2005-12-06,GLD,stock,50.38,50.95,50.21,50.89,2493600,2005-12-06,2005-12-06,74.4272,48.9523,45.0512,47.5563
2005-12-05,GLD,stock,50.43,50.8,50.29,50.78,1847500,2005-12-05,2005-12-05,73.8760,48.7483,44.9926,47.4202
2005-12-02,GLD,stock,49.93,50.34,49.89,50.32,1651900,2005-12-02,2005-12-02,71.4900,48.5345,44.9344,47.2831
2005-12-01,GLD,stock,49.63,50.29,49.58,50.17,2557900,2005-12-01,2005-12-01,70.6791,48.3465,44.8803,47.1591
2005-11-30,GLD,stock,49.36,49.5,49.06,49.1,1833400,2005-11-30,2005-11-30,63.8729,48.1546,44.8271,47.0362
2005-11-29,GLD,stock,49.57,49.98,49.38,49.8,2283600,2005-11-29,2005-11-29,74.3583,48.0551,44.7842,46.9520
2005-11-28,GLD,stock,49.3,49.75,49.26,49.74,2192000,2005-11-28,2005-11-28,74.0189,47.8714,44.7337,46.8357
2005-11-25,GLD,stock,49.45,49.99,49.3,49.42,775000,2005-11-25,2005-11-25,72.1959,47.6747,44.6834,46.7172
2005-11-23,GLD,stock,48.8,49.25,47.92,49.15,1731700,2005-11-23,2005-11-23,70.5786,47.4910,44.6358,46.6069
2005-11-22,GLD,stock,49.02,49.34,48.8501,49.32,2799500,2005-11-22,2005-11-22,73.0634,47.3164,44.5905,46.5031
2005-11-21,GLD,stock,48.69,49.02,48.5,48.99,2384900,2005-11-21,2005-11-21,71.2382,47.1054,44.5429,46.3881
2005-11-18,GLD,stock,48.5,48.61,48.2,48.46,1453800,2005-11-18,2005-11-18,68.0049,46.9071,44.4982,46.2819
2005-11-17,GLD,stock,48.23,48.58,48.17,48.48,4172400,2005-11-17,2005-11-17,68.2739,46.7436,44.4584,46.1930
2005-11-16,GLD,stock,47.29,47.78,47.22,47.78,2355200,2005-11-16,2005-11-16,63.5949,46.5608,44.4180,46.0996
2005-11-15,GLD,stock,46.8,46.83,46.53,46.66,1325400,2005-11-15,2005-11-15,53.3797,46.4325,44.3842,46.0311
2005-11-14,GLD,stock,46.56,46.81,46.51,46.62,706500,2005-11-14,2005-11-14,52.9418,46.4085,44.3613,46.0054
2005-11-11,GLD,stock,46.55,46.8,46.439,46.8,1467300,2005-11-11,2005-11-11,55.1046,46.3863,44.3386,45.9803
2005-11-10,GLD,stock,46.78,46.82,46.36,46.48,810900,2005-11-10,2005-11-10,51.8580,46.3427,44.3139,45.9468
2005-11-09,GLD,stock,46.12,46.65,46.03,46.56,1382700,2005-11-09,2005-11-09,52.7434,46.3283,44.2921,45.9251
2005-11-08,GLD,stock,45.83,46.1,45.82,45.91,583600,2005-11-08,2005-11-08,45.7558,46.3039,44.2693,45.8992
2005-11-07,GLD,stock,45.67,45.82,45.46,45.77,839100,2005-11-07,2005-11-07,44.1027,46.3454,44.2528,45.8987
2005-11-04,GLD,stock,45.93,46.07,45.32,45.51,1813200,2005-11-04,2005-11-04,41.0022,46.4059,44.2376,45.9040
2005-11-03,GLD,stock,46.06,46.08,45.75,45.96,1703300,2005-11-03,2005-11-03,45.0150,46.5002,44.2248,45.9201
2005-11-02,GLD,stock,45.99,46.23,45.9,46.13,1008600,2005-11-02,2005-11-02,46.6154,46.5571,44.2074,45.9184
2005-11-01,GLD,stock,46.07,46.07,45.65,45.73,3483400,2005-11-01,2005-11-01,42.1194,46.6021,44.1880,45.9098
2005-10-31,GLD,stock,47.02,47.04,46.33,46.4,2327500,2005-10-31,2005-10-31,48.4684,46.6939,44.1725,45.9171
2005-10-28,GLD,stock,46.87,47.26,46.82,47.22,1435000,2005-10-28,2005-10-28,58.4878,46.7248,44.1502,45.8974
2005-10-27,GLD,stock,47.4,47.42,47.1,47.18,2464500,2005-10-27,2005-10-27,58.0954,46.6727,44.1193,45.8435
2005-10-26,GLD,stock,47.09,47.21,46.89,46.93,2248400,2005-10-26,2005-10-26,55.6633,46.6193,44.0885,45.7889
2005-10-25,GLD,stock,46.93,47.19,46.9,47.06,3290600,2005-10-25,2005-10-25,57.2682,46.5866,44.0600,45.7423
2005-10-24,GLD,stock,46.39,46.73,46.31,46.39,2051300,2005-10-24,2005-10-24,50.4279,46.5367,44.0298,45.6885
2005-10-21,GLD,stock,46.12,46.56,45.91,46.52,1409400,2005-10-21,2005-10-21,51.9255,46.5522,44.0061,45.6599
2005-10-20,GLD,stock,46.33,46.34,45.83,45.98,1680300,2005-10-20,2005-10-20,45.7063,46.5556,43.9809,45.6248
2005-10-19,GLD,stock,46.51,46.51,46.04,46.34,2958200,2005-10-19,2005-10-19,49.6852,46.6161,43.9608,45.6103
2005-10-18,GLD,stock,47.09,47.18,46.93,47,1243200,2005-10-18,2005-10-18,58.3298,46.6452,43.9369,45.5805
2005-10-17,GLD,stock,47.26,47.37,47.19,47.26,1784300,2005-10-17,2005-10-17,62.2945,46.6079,43.9061,45.5226
2005-10-14,GLD,stock,46.49,46.83,46.41,46.8,2442300,2005-10-14,2005-10-14,57.5548,46.5392,43.8724,45.4517
2005-10-13,GLD,stock,46.89,47.06,46.6,47.02,2632300,2005-10-13,2005-10-13,60.9577,46.5118,43.8429,45.3966
2005-10-12,GLD,stock,47.53,47.64,46.82,46.85,3930500,2005-10-12,2005-10-12,59.2280,46.4583,43.8110,45.3304
2005-10-11,GLD,stock,47.4,47.72,47.36,47.39,2826900,2005-10-11,2005-10-11,68.1312,46.4170,43.7805,45.2683
2005-10-10,GLD,stock,47.31,47.44,47.09,47.37,1285500,2005-10-10,2005-10-10,67.9656,46.3146,43.7442,45.1818
2005-10-07,GLD,stock,46.99,47.48,46.94,47.36,1820500,2005-10-07,2005-10-07,67.8881,46.2035,43.7077,45.0924
2005-10-06,GLD,stock,46.62,47.26,46.62,47.21,2009500,2005-10-06,2005-10-06,66.7687,46.0818,43.6710,44.9999
2005-10-05,GLD,stock,46.38,46.53,46.14,46.36,1692300,2005-10-05,2005-10-05,59.3034,45.9630,43.6355,44.9097
2005-10-04,GLD,stock,46.67,46.73,46.3,46.45,1764800,2005-10-04,2005-10-04,60.6428,45.9212,43.6081,44.8505
2005-10-03,GLD,stock,46.62,46.63,46.38,46.42,2194900,2005-10-03,2005-10-03,60.3658,45.8656,43.5795,44.7852
2005-09-30,GLD,stock,47.09,47.2,46.65,46.7,1194400,2005-09-30,2005-09-30,64.2882,45.8072,43.5510,44.7185
2005-09-29,GLD,stock,46.86,47.23,46.83,47.1,2947300,2005-09-29,2005-09-29,70.3523,45.7132,43.5193,44.6376
2005-09-28,GLD,stock,46.3,46.89,46.16,46.8,3448100,2005-09-28,2005-09-28,68.2677,45.5673,43.4833,44.5371
2005-09-27,GLD,stock,46.14,46.33,45.66,46.25,2341300,2005-09-27,2005-09-27,63.9531,45.4375,43.4500,44.4447
2005-09-26,GLD,stock,45.84,46.61,45.84,46.57,1361200,2005-09-26,2005-09-26,69.0235,45.3520,43.4219,44.3710
2005-09-23,GLD,stock,46.2,46.3,45.92,46.28,2352800,2005-09-23,2005-09-23,66.8091,45.2238,43.3902,44.2813
2005-09-22,GLD,stock,46.84,46.84,46.224,46.36,2347300,2005-09-22,2005-09-22,68.0553,45.1126,43.3612,44.1997
2005-09-21,GLD,stock,46.58,47.13,46.55,47.06,3681900,2005-09-21,2005-09-21,80.2123,44.9813,43.3310,44.1115
2005-09-20,GLD,stock,46.52,46.52,46.22,46.23,1898900,2005-09-20,2005-09-20,75.3676,44.7625,43.2936,43.9912
2005-09-19,GLD,stock,46.27,46.73,46.22,46.25,6072100,2005-09-19,2005-09-19,75.7828,44.6080,43.2641,43.8998
2005-09-16,GLD,stock,45.8,45.88,45.55,45.82,2878900,2005-09-16,2005-09-16,72.7905,44.4351,43.2341,43.8039
2005-09-15,GLD,stock,45.24,45.47,45.13,45.42,2150300,2005-09-15,2005-09-15,69.5395,44.2894,43.2081,43.7216
2005-09-14,GLD,stock,44.82,44.96,44.66,44.96,1733800,2005-09-14,2005-09-14,65.0847,44.1703,43.1858,43.6522
2005-09-13,GLD,stock,44.62,44.62,44.36,44.56,952700,2005-09-13,2005-09-13,60.4095,44.0872,43.1680,43.5989
2005-09-12,GLD,stock,44.68,44.89,44.62,44.89,752500,2005-09-12,2005-09-12,67.3145,44.0375,43.1540,43.5596
2005-09-09,GLD,stock,44.67,44.87,44.66,44.84,1393900,2005-09-09,2005-09-09,66.7802,43.9477,43.1366,43.5053
2005-09-08,GLD,stock,44.72,44.78,44.47,44.6,1061200,2005-09-08,2005-09-08,64.1701,43.8538,43.1194,43.4509
2005-09-07,GLD,stock,44.41,44.49,44.29,44.33,1300700,2005-09-07,2005-09-07,60.9661,43.7752,43.1046,43.4040
2005-09-06,GLD,stock,44.42,44.42,44.19,44.27,819700,2005-09-06,2005-09-06,60.2324,43.7169,43.0922,43.3662
2005-09-02,GLD,stock,44.24,44.36,44.09,44.25,1414900,2005-09-02,2005-09-02,59.9996,43.6586,43.0804,43.3293
2005-09-01,GLD,stock,43.93,44.4,43.85,44.22,2502900,2005-09-01,2005-09-01,59.6708,43.5964,,43.2917
2005-08-31,GLD,stock,43.1,43.4,43.03,43.4,2416500,2005-08-31,2005-08-31,49.0404,43.5307,,43.2538
2005-08-30,GLD,stock,42.96,43.07,42.81,43.01,2200400,2005-08-30,2005-08-30,42.3264,43.5445,,43.2478
2005-08-29,GLD,stock,43.81,43.96,43.56,43.57,1585500,2005-08-29,2005-08-29,51.3463,43.6008,,43.2575
2005-08-26,GLD,stock,43.78,43.9,43.51,43.61,1301700,2005-08-26,2005-08-26,52.0824,43.6040,,43.2448
2005-08-25,GLD,stock,43.76,43.81,43.6,43.73,1652600,2005-08-25,2005-08-25,54.2490,43.6034,,43.2299
2005-08-24,GLD,stock,43.94,43.96,43.41,43.59,894300,2005-08-24,2005-08-24,52.0899,43.5900,,43.2095
2005-08-23,GLD,stock,43.84,43.9,43.71,43.76,607700,2005-08-23,2005-08-23,55.0175,43.5900,,43.1939
2005-08-22,GLD,stock,43.84,43.95,43.66,43.7,877200,2005-08-22,2005-08-22,54.1734,43.5721,,43.1708
2005-08-19,GLD,stock,43.77,43.88,43.49,43.6,811800,2005-08-19,2005-08-19,52.8027,43.5587,,43.1492
2005-08-18,GLD,stock,43.94,44.14,43.82,43.83,1093500,2005-08-18,2005-08-18,56.4059,43.5543,,43.1308
2005-08-17,GLD,stock,44.26,44.3,43.72,43.91,1990300,2005-08-17,2005-08-17,57.6771,43.5253,,43.1023
2005-08-16,GLD,stock,44.06,44.57,44.05,44.55,1883000,2005-08-16,2005-08-16,69.2748,43.4848,,43.0693
2005-08-15,GLD,stock,44.19,44.27,43.98,44.13,1524500,2005-08-15,2005-08-15,64.9842,43.3727,,43.0089
2005-08-12,GLD,stock,44.49,44.72,44.43,44.49,2428500,2005-08-12,2005-08-12,73.1100,43.2930,,42.9631
2005-08-11,GLD,stock,43.9,44.62,43.86,44.45,2187600,2005-08-11,2005-08-11,72.7585,43.1670,,42.9008
2005-08-10,GLD,stock,43.5,43.66,43.45,43.65,695500,2005-08-10,2005-08-10,64.0270,43.0319,,42.8376
2005-08-09,GLD,stock,43.27,43.35,43.166,43.34,1305800,2005-08-09,2005-08-09,59.3373,42.9669,,42.8044
2005-08-08,GLD,stock,43.52,43.55,43.27,43.35,1108500,2005-08-08,2005-08-08,59.5699,42.9276,,42.7826
2005-08-05,GLD,stock,43.71,43.75,43.56,43.6,1100800,2005-08-05,2005-08-05,65.5340,42.8831,,42.7594
2005-08-04,GLD,stock,43.68,43.82,43.63,43.68,867600,2005-08-04,2005-08-04,67.5433,42.8077,,42.7251
2005-08-03,GLD,stock,43.38,43.62,43.35,43.53,1545900,2005-08-03,2005-08-03,65.7130,42.7158,,42.6861
2005-08-02,GLD,stock,43.07,43.15,42.99,43.14,699600,2005-08-02,2005-08-02,60.3089,42.6301,,42.6517
2005-08-01,GLD,stock,43.08,43.17,42.99,43.13,1493900,2005-08-01,2005-08-01,60.1594,42.5765,,42.6317
2005-07-29,GLD,stock,42.83,42.96,42.79,42.82,1185100,2005-07-29,2005-07-29,55.3141,42.5182,,42.6114
2005-07-28,GLD,stock,42.46,42.79,42.46,42.75,3673300,2005-07-28,2005-07-28,54.1447,42.4864,,42.6029
2005-07-27,GLD,stock,42.3,42.5,42.3,42.44,1560600,2005-07-27,2005-07-27,48.6153,42.4587,,42.5969
2005-07-26,GLD,stock,42.28,42.37,42.14,42.25,637000,2005-07-26,2005-07-26,44.8291,42.4607,,42.6033
2005-07-25,GLD,stock,42.46,42.56,42.43,42.51,2122100,2005-07-25,2005-07-25,49.4600,42.4828,,42.6177
2005-07-22,GLD,stock,42.45,42.48,42.35,42.45,633300,2005-07-22,2005-07-22,48.3159,42.4800,,42.6221
2005-07-21,GLD,stock,42.43,42.51,42.33,42.46,1777300,2005-07-21,2005-07-21,48.4858,42.4831,,42.6291
2005-07-20,GLD,stock,42.16,42.25,42.05,42.2,2266800,2005-07-20,2005-07-20,43.7078,42.4856,,42.6360
2005-07-19,GLD,stock,41.88,42,41.81,41.89,1132600,2005-07-19,2005-07-19,37.2658,42.5156,,42.6538
2005-07-18,GLD,stock,41.96,42.17,41.94,42.01,956400,2005-07-18,2005-07-18,38.8645,42.5815,,42.6850
2005-07-15,GLD,stock,41.76,42.07,41.7,42.05,1104800,2005-07-15,2005-07-15,39.3875,42.6416,,42.7125
2005-07-14,GLD,stock,42.33,42.36,41.8,41.9,1642600,2005-07-14,2005-07-14,36.4076,42.7039,,42.7396
2005-07-13,GLD,stock,42.35,42.38,42.25,42.35,981300,2005-07-13,2005-07-13,42.1850,42.7885,,42.7738
2005-07-12,GLD,stock,42.61,42.64,42.4,42.64,1274200,2005-07-12,2005-07-12,46.6113,42.8347,,42.7911
2005-07-11,GLD,stock,42.33,42.57,42.28,42.54,2252900,2005-07-11,2005-07-11,44.7552,42.8552,,42.7973
2005-07-08,GLD,stock,42.32,42.4,42.12,42.26,824300,2005-07-08,2005-07-08,39.2656,42.8884,,42.8078
2005-07-07,GLD,stock,42.47,42.56,42.05,42.36,4345200,2005-07-07,2005-07-07,40.6037,42.9545,,42.8302
2005-07-06,GLD,stock,42.36,42.38,42.24,42.25,1254600,2005-07-06,2005-07-06,38.4617,43.0171,,42.8494
2005-07-05,GLD,stock,42.33,42.34,42.06,42.28,2582700,2005-07-05,2005-07-05,38.8162,43.0978,,42.8738
2005-07-01,GLD,stock,43.4,43.4,42.59,42.7,1755500,2005-07-01,2005-07-01,44.1003,43.1839,,42.8981
2005-06-30,GLD,stock,43.63,43.77,43.36,43.44,1087500,2005-06-30,2005-06-30,56.7364,43.2349,,42.9062
2005-06-29,GLD,stock,43.49,43.7,43.46,43.63,1199800,2005-06-29,2005-06-29,60.8965,43.2133,,42.8844
2005-06-28,GLD,stock,43.64,43.64,43.37,43.45,1295600,2005-06-28,2005-06-28,58.2004,43.1694,,42.8539
2005-06-27,GLD,stock,43.9,43.93,43.73,43.91,1016600,2005-06-27,2005-06-27,69.5860,43.1399,,42.8296
2005-06-24,GLD,stock,43.96,44.06,43.68,43.9,473500,2005-06-24,2005-06-24,69.4654,43.0588,,42.7855
2005-06-23,GLD,stock,43.84,44.13,43.78,44.02,1576600,2005-06-23,2005-06-23,72.6760,42.9703,,42.7400
2005-06-22,GLD,stock,43.66,43.76,43.53,43.72,1258500,2005-06-22,2005-06-22,69.3919,42.8598,,42.6878
2005-06-21,GLD,stock,43.58,43.82,43.42,43.81,672600,2005-06-21,2005-06-21,71.7958,42.7692,,42.6456
2005-06-20,GLD,stock,43.94,43.94,43.66,43.66,1433700,2005-06-20,2005-06-20,70.1981,42.6597,,42.5981
2005-06-17,GLD,stock,43.78,43.85,43.61,43.63,1816500,2005-06-17,2005-06-17,69.8812,42.5544,,42.5548
2005-06-16,GLD,stock,43.3,43.55,43.17,43.46,1809200,2005-06-16,2005-06-16,68.0963,42.4412,,42.5109
2005-06-15,GLD,stock,42.69,42.89,42.67,42.74,2311400,2005-06-15,2005-06-15,58.4010,42.3339,,42.4722
2005-06-14,GLD,stock,42.66,42.7,42.58,42.6,825500,2005-06-14,2005-06-14,55.9859,42.2912,,42.4612
2005-06-13,GLD,stock,42.81,43.01,42.7,42.78,2331600,2005-06-13,2005-06-13,60.1553,42.2587,,42.4556
2005-06-10,GLD,stock,42.25,42.72,42.12,42.62,1678000,2005-06-10,2005-06-10,57.5457,42.2038,,42.4423
2005-06-09,GLD,stock,42.24,42.4,42.03,42.27,694700,2005-06-09,2005-06-09,51.0310,42.1600,,42.4351
2005-06-08,GLD,stock,42.45,42.56,42.24,42.34,691500,2005-06-08,2005-06-08,52.5280,42.1484,,42.4418
2005-06-07,GLD,stock,42.48,42.48,42.31,42.38,611000,2005-06-07,2005-06-07,53.3585,42.1282,,42.4459
2005-06-06,GLD,stock,42.56,42.65,42.45,42.48,2470800,2005-06-06,2005-06-06,55.3916,42.1017,,42.4486
2005-06-03,GLD,stock,42.33,42.39,42.17,42.17,3350700,2005-06-03,2005-06-03,49.8961,42.0619,,42.4474
2005-06-02,GLD,stock,41.94,42.28,41.91,42.1,5752600,2005-06-02,2005-06-02,48.5675,42.0505,,42.4587
2005-06-01,GLD,stock,41.41,41.65,41.4,41.53,1792900,2005-06-01,2005-06-01,35.6697,42.0453,,42.4733
2005-05-31,GLD,stock,41.45,41.69,41.33,41.65,3198900,2005-05-31,2005-05-31,37.5085,42.0996,,42.5118
2005-05-27,GLD,stock,41.81,41.96,41.74,41.88,2453600,2005-05-27,2005-05-27,41.2974,42.1469,,42.5470
2005-05-26,GLD,stock,41.73,41.81,41.65,41.69,341500,2005-05-26,2005-05-26,36.3667,42.1750,,42.5742
2005-05-25,GLD,stock,41.78,41.9,41.69,41.87,1535100,2005-05-25,2005-05-25,39.2683,42.2260,,42.6103
2005-05-24,GLD,stock,41.83,41.83,41.65,41.73,1684600,2005-05-24,2005-05-24,35.5547,42.2635,,42.6405
2005-05-23,GLD,stock,41.69,41.75,41.55,41.62,5001900,2005-05-23,2005-05-23,32.5454,42.3196,,42.6777
2005-05-20,GLD,stock,41.76,41.83,41.61,41.65,932800,2005-05-20,2005-05-20,32.9349,42.3933,,42.7209
2005-05-19,GLD,stock,42,42.05,41.87,41.98,610200,2005-05-19,2005-05-19,37.5213,42.4715,,42.7646
2005-05-18,GLD,stock,41.99,42.11,41.83,42.05,2207100,2005-05-18,2005-05-18,38.5795,42.5233,,42.7966
2005-05-17,GLD,stock,41.95,42.05,41.83,41.86,880800,2005-05-17,2005-05-17,33.8795,42.5731,,42.8271
2005-05-16,GLD,stock,41.77,41.9,41.77,41.88,874500,2005-05-16,2005-05-16,34.1348,42.6482,,42.8665
2005-05-13,GLD,stock,42.12,42.12,41.83,41.95,802600,2005-05-13,2005-05-13,34.9918,42.7290,,42.9068
2005-05-12,GLD,stock,42.42,42.48,41.97,42.16,1880200,2005-05-12,2005-05-12,37.6231,42.8110,,42.9459
2005-05-11,GLD,stock,42.55,42.83,42.51,42.69,764600,2005-05-11,2005-05-11,45.6720,42.8796,,42.9779
2005-05-10,GLD,stock,42.71,42.79,42.58,42.64,461000,2005-05-10,2005-05-10,44.6344,42.8995,,42.9897
2005-05-09,GLD,stock,42.54,42.61,42.48,42.55,600000,2005-05-09,2005-05-09,42.8088,42.9268,,43.0040
2005-05-06,GLD,stock,42.43,42.63,42.34,42.52,3722700,2005-05-06,2005-05-06,42.2190,42.9665,,43.0225
2005-05-05,GLD,stock,42.96,42.96,42.71,42.91,319300,2005-05-05,2005-05-05,48.2215,43.0135,,43.0430
2005-05-04,GLD,stock,42.87,42.92,42.73,42.9,607600,2005-05-04,2005-05-04,48.0456,43.0244,,43.0484
2005-05-03,GLD,stock,42.75,42.8,42.58,42.76,1268700,2005-05-03,2005-05-03,45.6456,43.0375,,43.0545
2005-05-02,GLD,stock,43.13,43.17,42.81,42.88,1708600,2005-05-02,2005-05-02,47.3879,43.0667,,43.0665
2005-04-29,GLD,stock,43.18,43.61,43.18,43.35,3736700,2005-04-29,2005-04-29,55.0272,43.0863,,43.0741
2005-04-28,GLD,stock,43.16,43.27,42.99,43,2260300,2005-04-28,2005-04-28,49.3850,43.0586,,43.0629
2005-04-27,GLD,stock,43.53,43.54,43.12,43.2,2762800,2005-04-27,2005-04-27,52.9070,43.0647,,43.0654
2005-04-26,GLD,stock,43.69,43.7,43.5,43.64,1531400,2005-04-26,2005-04-26,61.9296,43.0505,,43.0599
2005-04-25,GLD,stock,43.35,43.45,43.22,43.44,906300,2005-04-25,2005-04-25,58.9767,42.9884,,43.0363
2005-04-22,GLD,stock,43.46,43.5,43.306,43.39,1169000,2005-04-22,2005-04-22,58.2245,42.9409,,43.0198
2005-04-21,GLD,stock,43.42,43.42,43.15,43.23,1416400,2005-04-21,2005-04-21,55.8173,42.8936,,43.0047
2005-04-20,GLD,stock,43.21,43.52,43.19,43.4,1248200,2005-04-20,2005-04-20,59.1819,42.8582,,42.9955
2005-04-19,GLD,stock,42.79,43.36,42.72,43.28,3145400,2005-04-19,2005-04-19,57.5028,42.8012,,42.9790
2005-04-18,GLD,stock,42.55,42.78,42.52,42.69,909800,2005-04-18,2005-04-18,47.6763,42.7508,,42.9667
2005-04-15,GLD,stock,42.38,42.56,42.36,42.4,1811100,2005-04-15,2005-04-15,41.5028,42.7572,,42.9780
2005-04-14,GLD,stock,42.45,42.48,42.16,42.31,3680300,2005-04-14,2005-04-14,39.4438,42.7948,,43.0016
2005-04-13,GLD,stock,42.76,42.95,42.68,42.9,384000,2005-04-13,2005-04-13,50.1996,42.8458,,43.0298
2005-04-12,GLD,stock,42.7,42.84,42.61,42.84,2098700,2005-04-12,2005-04-12,48.8834,42.8401,,43.0351
2005-04-11,GLD,stock,42.84,42.96,42.74,42.78,514100,2005-04-11,2005-04-11,47.5973,42.8402,,43.0431
2005-04-08,GLD,stock,42.48,42.71,42.459,42.69,1002300,2005-04-08,2005-04-08,45.6941,42.8465,,43.0538
2005-04-07,GLD,stock,42.77,42.81,42.53,42.57,2853000,2005-04-07,2005-04-07,43.1373,42.8630,,43.0686
2005-04-06,GLD,stock,42.49,42.72,42.49,42.63,1637500,2005-04-06,2005-04-06,44.1014,42.8938,,43.0890
2005-04-05,GLD,stock,42.49,42.54,42.38,42.45,888000,2005-04-05,2005-04-05,40.3904,42.9216,,43.1077
2005-04-04,GLD,stock,42.43,42.43,42.23,42.4,1893100,2005-04-04,2005-04-04,39.3519,42.9712,,43.1346
2005-04-01,GLD,stock,42.6,42.62,42.45,42.62,2448500,2005-04-01,2005-04-01,42.3677,43.0313,,43.1646
2005-03-31,GLD,stock,42.87,42.87,42.7,42.82,1363200,2005-03-31,2005-03-31,45.2982,43.0746,,43.1868
2005-03-30,GLD,stock,42.65,42.81,42.56,42.61,1324300,2005-03-30,2005-03-30,41.3424,43.1014,,43.2018
2005-03-29,GLD,stock,42.61,42.63,42.54,42.56,1197800,2005-03-29,2005-03-29,40.3893,43.1532,,43.2259
2005-03-28,GLD,stock,42.45,42.58,42.41,42.54,581100,2005-03-28,2005-03-28,40.0274,43.2156,,43.2531
2005-03-24,GLD,stock,42.51,42.54,42.37,42.39,1466400,2005-03-24,2005-03-24,37.3795,43.2867,,43.2822
2005-03-23,GLD,stock,42.6,42.67,42.35,42.42,2618600,2005-03-23,2005-03-23,37.6885,43.3811,,43.3186
2005-03-22,GLD,stock,43.21,43.22,42.55,42.65,2609400,2005-03-22,2005-03-22,40.0454,43.4823,,43.3553
2005-03-21,GLD,stock,43.24,43.25,42.87,43.09,3814400,2005-03-21,2005-03-21,45.0499,43.5699,,43.3841
2005-03-18,GLD,stock,43.61,43.95,43.6,43.892,1207500,2005-03-18,2005-03-18,57.1350,43.6204,,43.3961
2005-03-17,GLD,stock,43.97,43.97,43.674,43.82,1525200,2005-03-17,2005-03-17,56.1545,43.5918,,43.3758
2005-03-16,GLD,stock,44.29,44.35,44.2,44.31,2223300,2005-03-16,2005-03-16,65.6436,43.5678,,43.3577
2005-03-15,GLD,stock,44.23,44.23,43.93,44.06,1254900,2005-03-15,2005-03-15,62.6538,43.4897,,43.3189
2005-03-14,GLD,stock,44.26,44.26,43.95,44.03,867100,2005-03-14,2005-03-14,62.2881,43.4297,,43.2886
2005-03-11,GLD,stock,44.31,44.67,44.28,44.43,2659600,2005-03-11,2005-03-11,70.8812,43.3665,,43.2583
2005-03-10,GLD,stock,44.16,44.25,44,44.2,2065000,2005-03-10,2005-03-10,68.5657,43.2545,,43.2105
2005-03-09,GLD,stock,43.95,44.2,43.92,44.02,3025000,2005-03-09,2005-03-09,66.6379,43.1550,,43.1701
2005-03-08,GLD,stock,43.71,44.08,43.59,44.03,2674900,2005-03-08,2005-03-08,66.8494,43.0639,,43.1354
2005-03-07,GLD,stock,43.32,43.51,43.26,43.47,1290100,2005-03-07,2005-03-07,60.2968,42.9622,,43.0989
2005-03-04,GLD,stock,43.33,43.52,43.31,43.38,915000,2005-03-04,2005-03-04,59.0900,42.9088,,43.0838
2005-03-03,GLD,stock,43.06,43.13,42.9,42.97,1924600,2005-03-03,2005-03-03,53.0539,42.8592,,43.0717
2005-03-02,GLD,stock,43.16,43.35,43.08,43.25,1188000,2005-03-02,2005-03-02,58.5303,42.8475,,43.0758
2005-03-01,GLD,stock,43.3,43.37,43.1,43.22,3245500,2005-03-01,2005-03-01,58.1000,42.8052,,43.0687
2005-02-28,GLD,stock,43.68,43.74,43.52,43.52,759100,2005-02-28,2005-02-28,64.2949,42.7615,,43.0626
2005-02-25,GLD,stock,43.41,43.55,43.22,43.5,1100100,2005-02-25,2005-02-25,64.0576,42.6817,,43.0439
2005-02-24,GLD,stock,43.48,43.48,43.2,43.33,1219300,2005-02-24,2005-02-24,62.0684,42.5955,,43.0253
2005-02-23,GLD,stock,43.29,43.55,43.15,43.42,1534900,2005-02-23,2005-02-23,63.8043,42.5182,,43.0128
2005-02-22,GLD,stock,43.39,43.63,43.2,43.57,3378500,2005-02-22,2005-02-22,66.6911,42.4233,,42.9962
2005-02-18,GLD,stock,42.71,42.82,42.64,42.75,863200,2005-02-18,2005-02-18,56.7606,42.3026,,42.9728
2005-02-17,GLD,stock,42.52,42.81,42.51,42.73,3054200,2005-02-17,2005-02-17,56.4666,42.2555,,42.9819
2005-02-16,GLD,stock,42.32,42.6,42.2,42.52,1820300,2005-02-16,2005-02-16,53.3764,42.2055,,42.9922
2005-02-15,GLD,stock,42.4,42.6,42.34,42.58,1559900,2005-02-15,2005-02-15,54.4009,42.1724,,43.0114
2005-02-14,GLD,stock,42.37,42.63,42.32,42.55,2351800,2005-02-14,2005-02-14,53.9909,42.1295,,43.0291
2005-02-11,GLD,stock,41.89,42.16,41.83,42.08,1896500,2005-02-11,2005-02-11,47.0666,42.0852,,43.0486
2005-02-10,GLD,stock,41.53,41.84,41.45,41.75,7774500,2005-02-10,2005-02-10,41.3077,42.0858,,43.0881
2005-02-09,GLD,stock,41.03,41.36,41.02,41.31,3477900,2005-02-09,2005-02-09,32.1713,42.1211,,43.1428
2005-02-08,GLD,stock,41.19,41.4,41.05,41.26,1296800,2005-02-08,2005-02-08,31.0385,42.2065,,43.2176
2005-02-07,GLD,stock,41.55,41.55,41.21,41.27,1754000,2005-02-07,2005-02-07,31.1351,42.3062,,43.2975
2005-02-04,GLD,stock,41.59,41.65,41.39,41.47,1819400,2005-02-04,2005-02-04,33.0443,42.4152,,43.3802
2005-02-03,GLD,stock,41.56,41.74,41.5,41.68,2446400,2005-02-03,2005-02-03,35.1456,42.5147,,43.4582
2005-02-02,GLD,stock,42.22,42.23,42.02,42.16,956500,2005-02-02,2005-02-02,40.6292,42.6026,,43.5308
2005-02-01,GLD,stock,42.09,42.14,41.95,42.1,1088900,2005-02-01,2005-02-01,39.5342,42.6492,,43.5867
2005-01-31,GLD,stock,42.21,42.3,41.96,42.22,1692400,2005-01-31,2005-01-31,40.9363,42.7070,,43.6474
2005-01-28,GLD,stock,42.71,42.73,42.43,42.69,1149100,2005-01-28,2005-01-28,46.9989,42.7582,,
2005-01-27,GLD,stock,42.48,42.65,42.4,42.62,571200,2005-01-27,2005-01-27,45.8907,42.7654,,
2005-01-26,GLD,stock,42.59,42.78,42.56,42.69,541800,2005-01-26,2005-01-26,46.7993,42.7807,,
2005-01-25,GLD,stock,42.53,42.56,42.1,42.24,1332500,2005-01-25,2005-01-25,39.6682,42.7903,,
2005-01-24,GLD,stock,42.74,42.82,42.67,42.77,2294900,2005-01-24,2005-01-24,46.4823,42.8482,,
2005-01-21,GLD,stock,42.32,42.82,42.29,42.74,889800,2005-01-21,2005-01-21,45.9947,42.8564,,
2005-01-20,GLD,stock,42.12,42.32,42.11,42.25,1276200,2005-01-20,2005-01-20,37.3356,42.8687,,
2005-01-19,GLD,stock,42.65,42.65,42.2,42.26,1578900,2005-01-19,2005-01-19,37.4494,42.9338,,
2005-01-18,GLD,stock,42.22,42.38,42.15,42.32,666800,2005-01-18,2005-01-18,38.0963,43.0048,,
2005-01-14,GLD,stock,42.19,42.32,42.13,42.32,1262300,2005-01-14,2005-01-14,38.0963,43.0768,,
2005-01-13,GLD,stock,42.39,42.6,42.34,42.6,718300,2005-01-13,2005-01-13,40.9419,43.1565,,
2005-01-12,GLD,stock,42.52,42.79,42.48,42.6,1738000,2005-01-12,2005-01-12,40.9419,43.2151,,
2005-01-11,GLD,stock,42.21,42.28,42.12,42.21,1507300,2005-01-11,2005-01-11,35.1217,43.2798,,
2005-01-10,GLD,stock,41.99,42.07,41.89,41.95,1026100,2005-01-10,2005-01-10,30.9064,43.3924,,
2005-01-07,GLD,stock,42.09,42.39,41.7,41.84,4492700,2005-01-07,2005-01-07,29.0967,43.5443,,
2005-01-06,GLD,stock,42.48,42.56,42.07,42.15,2556400,2005-01-06,2005-01-06,31.2379,43.7237,,
2005-01-05,GLD,stock,42.75,42.88,42.6,42.67,2108700,2005-01-05,2005-01-05,35.2819,43.8893,,
2005-01-04,GLD,stock,42.8,42.91,42.46,42.74,3456800,2005-01-04,2005-01-04,35.8623,44.0177,,
2005-01-03,GLD,stock,42.98,43.17,42.74,43.02,4750500,2005-01-03,2005-01-03,38.1959,44.1522,,
2004-12-31,GLD,stock,43.85,43.94,43.73,43.8,531600,2004-12-31,2004-12-31,45.9262,44.2713,,
2004-12-30,GLD,stock,43.5,43.88,43.49,43.83,1289700,2004-12-30,2004-12-30,46.2606,44.3209,,
2004-12-29,GLD,stock,43.92,44.02,43.35,43.66,5633500,2004-12-29,2004-12-29,44.1198,44.3726,,
2004-12-28,GLD,stock,44.42,44.47,44.29,44.37,773200,2004-12-28,2004-12-28,52.1815,44.4476,,
2004-12-27,GLD,stock,44.29,44.56,44.27,44.48,2643700,2004-12-27,2004-12-27,53.5902,44.4558,,
2004-12-23,GLD,stock,44.17,44.35,44.05,44.27,639800,2004-12-23,2004-12-23,51.2575,44.4533,,
2004-12-22,GLD,stock,44.2,44.23,43.89,44.02,2706800,2004-12-22,2004-12-22,48.3899,44.4725,,
2004-12-21,GLD,stock,44.13,44.24,44.05,44.22,1373400,2004-12-21,2004-12-21,50.6013,44.5202,,
2004-12-20,GLD,stock,44.33,44.37,44.13,44.34,1942100,2004-12-20,2004-12-20,51.9234,44.5518,,
2004-12-17,GLD,stock,43.93,44.22,43.78,44.19,1889300,2004-12-17,2004-12-17,50.4198,44.5741,,
2004-12-16,GLD,stock,43.99,44.05,43.58,43.68,3269800,2004-12-16,2004-12-16,44.9880,44.6145,,
2004-12-15,GLD,stock,44.1,44.17,43.92,43.99,2641400,2004-12-15,2004-12-15,47.9533,,,
2004-12-14,GLD,stock,43.76,43.8,43.51,43.55,2240600,2004-12-14,2004-12-14,43.0018,,,
2004-12-13,GLD,stock,43.61,44.014,43.51,43.91,1445100,2004-12-13,2004-12-13,46.3520,,,
2004-12-10,GLD,stock,43.37,43.6,43.31,43.44,2464300,2004-12-10,2004-12-10,40.7565,,,
2004-12-09,GLD,stock,43.75,43.9,43.2,43.78,3553400,2004-12-09,2004-12-09,43.8272,,,
2004-12-08,GLD,stock,43.8,44.02,43.36,44.01,6150500,2004-12-08,,,,,
2004-12-07,GLD,stock,45.3,45.32,45.07,45.11,3809400,2004-12-07,,,,,
2004-12-06,GLD,stock,45.39,45.47,45.11,45.17,3103000,2004-12-06,,,,,
2004-12-03,GLD,stock,45.04,46,44.8,45.6,4218300,2004-12-03,,,,,
2004-12-02,GLD,stock,45.55,45.57,44.68,44.95,6457800,2004-12-02,,,,,
2004-12-01,GLD,stock,45.28,45.59,45.26,45.38,2037500,2004-12-01,,,,,
2004-11-30,GLD,stock,45.37,45.41,44.82,45.12,3859100,2004-11-30,,,,,
2004-11-29,GLD,stock,45.1,45.5,45.08,45.4,3759000,2004-11-29,,,,,
2004-11-26,GLD,stock,45.25,45.6,45.06,45.29,3097700,2004-11-26,,,,,
2004-11-24,GLD,stock,44.93,45.05,44.79,45.05,6105100,2004-11-24,,,,,
2004-11-23,GLD,stock,44.88,44.92,44.72,44.75,3169200,2004-11-23,,,,,
2004-11-22,GLD,stock,44.75,44.97,44.74,44.95,11996000,2004-11-22,,,,,
2004-11-19,GLD,stock,44.49,44.92,44.47,44.78,11655300,2004-11-19,,,,,
2004-11-18,GLD,stock,44.43,44.49,44.07,44.38,5992000,2004-11-18,,,,,