﻿date,asset_ticker,asset_type,open,high,low,close,volume,merge_date,date,RSI_14,EMA_20,EMA_200,EMA_50
2025-07-25,UUP,stock,27.25,27.2752,27.19,27.19,870998,2025-07-25,2025-07-25,48.7535,27.2023,27.7954,27.3313
2025-07-24,UUP,stock,27.1,27.135,27.0501,27.13,895141,2025-07-24,2025-07-24,46.1239,27.2036,27.8015,27.3371
2025-07-23,UUP,stock,27.16,27.1776,27.0515,27.06,2129521,2025-07-23,2025-07-23,42.9527,27.2113,27.8083,27.3455
2025-07-22,UUP,stock,27.23,27.2478,27.09,27.1,1688577,2025-07-22,2025-07-22,44.3374,27.2273,27.8158,27.3572
2025-07-21,UUP,stock,27.3,27.32,27.19,27.24,2401320,2025-07-21,2025-07-21,49.5268,27.2407,27.8230,27.3677
2025-07-18,UUP,stock,27.33,27.42,27.31,27.42,910762,2025-07-18,2025-07-18,57.5714,27.2407,27.8288,27.3729
2025-07-17,UUP,stock,27.46,27.4899,27.44,27.46,1520159,2025-07-17,2025-07-17,59.5680,27.2219,27.8329,27.3710
2025-07-16,UUP,stock,27.47,27.51,27.1833,27.34,2539602,2025-07-16,2025-07-16,55.2442,27.1968,27.8367,27.3673
2025-07-15,UUP,stock,27.3,27.458,27.2949,27.44,1713345,2025-07-15,2025-07-15,60.2282,27.1817,27.8417,27.3685
2025-07-14,UUP,stock,27.25,27.3,27.22,27.29,1313450,2025-07-14,2025-07-14,54.5123,27.1545,27.8457,27.3655
2025-07-11,UUP,stock,27.19,27.235,27.155,27.22,597525,2025-07-11,2025-07-11,51.4913,27.1403,27.8513,27.3686
2025-07-10,UUP,stock,27.14,27.21,27.12,27.14,1247288,2025-07-10,2025-07-10,47.8131,27.1319,27.8576,27.3747
2025-07-09,UUP,stock,27.1,27.13,27.08,27.09,703234,2025-07-09,2025-07-09,45.4110,27.1310,27.8649,27.3843
2025-07-08,UUP,stock,27.15,27.1899,27.08,27.09,1337321,2025-07-08,2025-07-08,45.4110,27.1354,27.8726,27.3963
2025-07-07,UUP,stock,27.03,27.1399,27.02,27.07,1337763,2025-07-07,2025-07-07,44.5303,27.1401,27.8805,27.4088
2025-07-03,UUP,stock,26.95,27,26.91,26.98,1148886,2025-07-03,2025-07-03,40.5210,27.1475,27.8887,27.4226
2025-07-02,UUP,stock,26.94,26.97,26.85,26.85,774485,2025-07-02,2025-07-02,34.1356,27.1652,27.8978,27.4407
2025-07-01,UUP,stock,26.83,26.91,26.805,26.87,1503867,2025-07-01,2025-07-01,34.6672,27.1983,27.9083,27.4648
2025-06-30,UUP,stock,27,27.0049,26.87,26.88,1023052,2025-06-30,2025-06-30,34.9198,27.2329,27.9188,27.4891
2025-06-27,UUP,stock,26.99,27.05,26.95,27.02,1373652,2025-06-27,2025-06-27,38.5723,27.2700,27.9292,27.5139
2025-06-26,UUP,stock,26.96,27.005,26.9,26.97,1559949,2025-06-26,2025-06-26,36.3649,27.2964,27.9383,27.5341
2025-06-25,UUP,stock,27.22,27.22,27.07,27.08,1828565,2025-06-25,2025-06-25,39.2459,27.3307,27.9481,27.5571
2025-06-24,UUP,stock,27.21,27.2248,27.1,27.15,1538778,2025-06-24,2025-06-24,41.1735,27.3571,27.9568,27.5766
2025-06-23,UUP,stock,27.52,27.53,27.27,27.29,2885642,2025-06-23,2025-06-23,45.3059,27.3789,27.9649,27.5940
2025-06-20,UUP,stock,27.36,27.415,27.333,27.4,1191604,2025-06-20,2025-06-20,48.8856,27.3883,27.9717,27.6064
2025-06-18,UUP,stock,27.35,27.445,27.29,27.43,2202591,2025-06-18,2025-06-18,49.8838,27.3870,27.9774,27.6148
2025-06-17,UUP,stock,27.19,27.4,27.19,27.38,2361395,2025-06-17,2025-06-17,48.2485,27.3825,27.9829,27.6224
2025-06-16,UUP,stock,27.1,27.2,27.05,27.2,1534081,2025-06-16,2025-06-16,41.9123,27.3828,27.9890,27.6323
2025-06-13,UUP,stock,27.27,27.2888,27.1401,27.17,2720948,2025-06-13,2025-06-13,40.7903,27.4020,27.9969,27.6499
2025-06-12,UUP,stock,27.09,27.135,27.06,27.1,1260794,2025-06-12,2025-06-12,38.2043,27.4264,28.0052,27.6695
2025-06-11,UUP,stock,27.35,27.37,27.27,27.3,833495,2025-06-11,2025-06-11,43.2114,27.4608,28.0143,27.6927
2025-06-10,UUP,stock,27.35,27.43,27.35,27.4,732129,2025-06-10,2025-06-10,46.0111,27.4777,28.0215,27.7088
2025-06-09,UUP,stock,27.45,27.45,27.37,27.37,604624,2025-06-09,2025-06-09,45.0187,27.4859,28.0278,27.7214
2025-06-06,UUP,stock,27.47,27.48,27.395,27.44,758375,2025-06-06,2025-06-06,46.8860,27.4981,28.0344,27.7357
2025-06-05,UUP,stock,27.2,27.3259,27.195,27.3,1105546,2025-06-05,2025-06-05,42.4532,27.5042,28.0403,27.7478
2025-06-04,UUP,stock,27.37,27.3908,27.2831,27.32,769772,2025-06-04,2025-06-04,42.9285,27.5257,28.0478,27.7661
2025-06-03,UUP,stock,27.41,27.45,27.38,27.44,1306936,2025-06-03,2025-06-03,45.7841,27.5474,28.0551,27.7843
2025-06-02,UUP,stock,27.33,27.3465,27.2543,27.26,1051213,2025-06-02,2025-06-02,40.2479,27.5587,28.0613,27.7983
2025-05-30,UUP,stock,27.51,27.5499,27.44,27.45,1030002,2025-05-30,2025-05-30,44.7242,27.5901,28.0693,27.8203
2025-05-29,UUP,stock,27.48,27.5,27.415,27.46,980363,2025-05-29,2025-05-29,44.9687,27.6048,28.0756,27.8354
2025-05-28,UUP,stock,27.58,27.61,27.525,27.61,801325,2025-05-28,2025-05-28,48.6739,27.6201,28.0817,27.8507
2025-05-27,UUP,stock,27.4,27.52,27.4,27.52,1060546,2025-05-27,2025-05-27,46.2043,27.6211,28.0865,27.8605
2025-05-23,UUP,stock,27.44,27.4699,27.34,27.37,1261335,2025-05-23,2025-05-23,41.8763,27.6318,28.0922,27.8744
2025-05-22,UUP,stock,27.54,27.63,27.53,27.57,656658,2025-05-22,2025-05-22,46.5090,27.6593,28.0994,27.8950
2025-05-21,UUP,stock,27.48,27.5,27.4,27.49,859200,2025-05-21,2025-05-21,44.2168,27.6687,28.1048,27.9083
2025-05-20,UUP,stock,27.71,27.71,27.59,27.61,430275,2025-05-20,2025-05-20,47.0235,27.6876,28.1109,27.9254
2025-05-19,UUP,stock,27.65,27.721,27.64,27.69,894436,2025-05-19,2025-05-19,48.9468,27.6957,28.1160,27.9382
2025-05-16,UUP,stock,27.81,27.9248,27.771,27.88,807779,2025-05-16,2025-05-16,53.7997,27.6963,28.1202,27.9484
2025-05-15,UUP,stock,27.78,27.84,27.75,27.8,850483,2025-05-15,2025-05-15,51.9366,27.6770,28.1227,27.9512
2025-05-14,UUP,stock,27.73,27.87,27.705,27.87,1026587,2025-05-14,2025-05-14,53.6959,27.6641,28.1259,27.9573
2025-05-13,UUP,stock,27.94,27.9554,27.81,27.81,736933,2025-05-13,2025-05-13,52.4129,27.6424,28.1285,27.9609
2025-05-12,UUP,stock,27.975,28.1093,27.95,28.05,1948689,2025-05-12,2025-05-12,58.4261,27.6247,28.1317,27.9671
2025-05-09,UUP,stock,27.65,27.6769,27.5901,27.66,1307051,2025-05-09,2025-05-09,49.7222,27.5800,28.1325,27.9637
2025-05-08,UUP,stock,27.52,27.77,27.51,27.74,869600,2025-05-08,2025-05-08,51.7874,27.5715,28.1372,27.9761
2025-05-07,UUP,stock,27.39,27.52,27.36,27.51,812228,2025-05-07,2025-05-07,45.7748,27.5538,28.1412,27.9857
2025-05-06,UUP,stock,27.37,27.4,27.305,27.31,649983,2025-05-06,2025-05-06,39.7031,27.5584,28.1476,28.0051
2025-05-05,UUP,stock,27.39,27.5155,27.39,27.48,617675,2025-05-05,2025-05-05,43.5522,27.5846,28.1560,28.0335
2025-05-02,UUP,stock,27.44,27.545,27.36,27.53,1285621,2025-05-02,2025-05-02,44.7366,27.5956,28.1628,28.0561
2025-05-01,UUP,stock,27.49,27.63,27.48,27.57,1921407,2025-05-01,2025-05-01,45.6591,27.6025,28.1692,28.0776
2025-04-30,UUP,stock,27.37,27.42,27.33,27.41,829286,2025-04-30,2025-04-30,41.1520,27.6059,28.1752,28.0983
2025-04-29,UUP,stock,27.25,27.32,27.235,27.31,852381,2025-04-29,2025-04-29,38.1761,27.6265,28.1829,28.1264
2025-04-28,UUP,stock,27.38,27.385,27.21,27.22,520428,2025-04-28,2025-04-28,35.4480,27.6598,28.1916,28.1597
2025-04-25,UUP,stock,27.42,27.45,27.35,27.39,680645,2025-04-25,2025-04-25,38.4217,27.7061,28.2014,28.1980
2025-04-24,UUP,stock,27.32,27.38,27.285,27.32,757110,2025-04-24,2025-04-24,36.3811,27.7394,28.2096,28.2310
2025-04-23,UUP,stock,27.28,27.4656,27.25,27.44,3933451,2025-04-23,2025-04-23,38.4071,27.7835,28.2185,28.2682
2025-04-22,UUP,stock,27.09,27.21,27.055,27.19,2219235,2025-04-22,2025-04-22,30.9705,27.8197,28.2263,28.3020
2025-04-21,UUP,stock,27.02,27.08,26.99,27.04,1208917,2025-04-21,2025-04-21,25.9922,27.8860,28.2367,28.3474
2025-04-17,UUP,stock,27.33,27.36,27.27,27.3,499944,2025-04-17,2025-04-17,29.4055,27.9750,28.2488,28.4008
2025-04-16,UUP,stock,27.34,27.37,27.235,27.28,1330531,2025-04-16,2025-04-16,28.7370,28.0461,28.2583,28.4457
2025-04-15,UUP,stock,27.42,27.533,27.39,27.51,757764,2025-04-15,2025-04-15,31.9696,28.1267,28.2681,28.4933
2025-04-14,UUP,stock,27.48,27.5,27.33,27.36,967979,2025-04-14,2025-04-14,26.9965,28.1917,28.2758,28.5334
2025-04-11,UUP,stock,27.31,27.56,27.29,27.45,1811560,2025-04-11,2025-04-11,28.1427,28.2792,28.2850,28.5813
2025-04-10,UUP,stock,27.88,27.9,27.6301,27.7,1867585,2025-04-10,2025-04-10,31.6037,28.3665,28.2933,28.6275
2025-04-09,UUP,stock,27.98,28.34,27.98,28.29,1720938,2025-04-09,2025-04-09,43.2635,28.4367,28.2993,28.6653
2025-04-08,UUP,stock,28.26,28.39,28.195,28.25,491668,2025-04-08,2025-04-08,41.9144,28.4521,28.2994,28.6806
2025-04-07,UUP,stock,28.25,28.42,28.25,28.38,2740472,2025-04-07,2025-04-07,45.1547,28.4734,28.2999,28.6982
2025-04-04,UUP,stock,28.04,28.3,28.015,28.26,1486067,2025-04-04,2025-04-04,41.2625,28.4832,28.2991,28.7112
2025-04-03,UUP,stock,27.85,28.02,27.785,27.95,5057762,2025-04-03,2025-04-03,29.2121,28.5067,28.2995,28.7296
2025-04-02,UUP,stock,28.49,28.52,28.42,28.45,382753,2025-04-02,2025-04-02,42.1692,28.5653,28.3030,28.7615
2025-04-01,UUP,stock,28.57,28.5977,28.52,28.57,371279,2025-04-01,2025-04-01,46.7948,28.5774,28.3015,28.7742
2025-03-31,UUP,stock,28.51,28.595,28.51,28.54,980881,2025-03-31,2025-03-31,45.4045,28.5782,28.2988,28.7825
2025-03-28,UUP,stock,28.54,28.56,28.47,28.51,364731,2025-03-28,2025-03-28,44.0469,28.5822,28.2964,28.7924
2025-03-27,UUP,stock,28.6,28.615,28.51,28.56,618156,2025-03-27,2025-03-27,45.8099,28.5898,28.2943,28.8039
2025-03-26,UUP,stock,28.6,28.65,28.555,28.65,319076,2025-03-26,2025-03-26,49.0941,28.5930,28.2916,28.8139
2025-03-25,UUP,stock,28.49,28.54,28.4608,28.52,329123,2025-03-25,2025-03-25,43.6782,28.5870,28.2880,28.8206
2025-03-24,UUP,stock,28.5,28.605,28.5,28.55,551009,2025-03-24,2025-03-24,44.6972,28.5940,28.2856,28.8328
2025-03-21,UUP,stock,28.48,28.53,28.46,28.5,621589,2025-03-21,2025-03-21,42.6257,28.5986,28.2830,28.8444
2025-03-20,UUP,stock,28.48,28.5,28.41,28.41,765347,2025-03-20,2025-03-20,38.7937,28.6090,28.2808,28.8584
2025-03-19,UUP,stock,28.36,28.4321,28.305,28.33,382645,2025-03-19,2025-03-19,35.2226,28.6300,28.2795,28.8767
2025-03-18,UUP,stock,28.32,28.35,28.24,28.26,457644,2025-03-18,2025-03-18,31.9990,28.6616,28.2790,28.8991
2025-03-17,UUP,stock,28.33,28.34,28.2618,28.28,569874,2025-03-17,2025-03-17,32.4271,28.7038,28.2792,28.9251
2025-03-14,UUP,stock,28.37,28.41,28.35,28.39,1693602,2025-03-14,2025-03-14,34.8054,28.7484,28.2792,28.9515
2025-03-13,UUP,stock,28.43,28.44,28.36,28.42,468945,2025-03-13,2025-03-13,35.4641,28.7862,28.2781,28.9744
2025-03-12,UUP,stock,28.35,28.38,28.265,28.32,408729,2025-03-12,2025-03-12,31.4485,28.8247,28.2766,28.9970
2025-03-11,UUP,stock,28.26,28.31,28.22,28.25,1346953,2025-03-11,2025-03-11,28.5591,28.8778,28.2762,29.0247
2025-03-10,UUP,stock,28.36,28.45,28.35,28.41,1299727,2025-03-10,2025-03-10,31.3650,28.9439,28.2765,29.0563
2025-03-07,UUP,stock,28.31,28.43,28.295,28.39,531348,2025-03-07,2025-03-07,30.5732,29.0001,28.2751,29.0826
2025-03-06,UUP,stock,28.41,28.505,28.35,28.48,575511,2025-03-06,2025-03-06,32.1216,29.0644,28.2740,29.1109
2025-03-05,UUP,stock,28.58,28.6,28.48,28.5,1374192,2025-03-05,2025-03-05,32.4608,29.1259,28.2719,29.1367
2025-03-04,UUP,stock,29.01,29.06,28.845,28.85,971065,2025-03-04,2025-03-04,39.1853,29.1918,28.2696,29.1627
2025-03-03,UUP,stock,29.16,29.18,29.08,29.11,1346663,2025-03-03,2025-03-03,45.7184,29.2277,28.2638,29.1754
2025-02-28,UUP,stock,29.3,29.4,29.275,29.39,2018271,2025-02-28,2025-02-28,54.8657,29.2401,28.2553,29.1781
2025-02-27,UUP,stock,29.22,29.2899,29.19,29.26,1078911,2025-02-27,2025-02-27,50.6049,29.2244,28.2439,29.1694
2025-02-26,UUP,stock,29.07,29.1,28.98,29.05,610400,2025-02-26,2025-02-26,42.4566,29.2206,28.2337,29.1657
2025-02-25,UUP,stock,29.03,29.07,28.97,28.99,1099409,2025-02-25,2025-02-25,39.8230,29.2386,28.2255,29.1705
2025-02-24,UUP,stock,29.09,29.125,29.04,29.1,885677,2025-02-24,2025-02-24,43.1880,29.2647,28.2178,29.1778
2025-02-21,UUP,stock,29.09,29.11,29.035,29.08,680637,2025-02-21,2025-02-21,42.3658,29.2821,28.2089,29.1810
2025-02-20,UUP,stock,29.13,29.135,28.98,28.98,1311329,2025-02-20,2025-02-20,38.2141,29.3033,28.2002,29.1851
2025-02-19,UUP,stock,29.22,29.29,29.19,29.21,518584,2025-02-19,2025-02-19,45.1620,29.3374,28.1923,29.1935
2025-02-18,UUP,stock,29.17,29.21,29.1379,29.18,1484882,2025-02-18,2025-02-18,43.9273,29.3508,28.1821,29.1928
2025-02-14,UUP,stock,29.08,29.12,29.055,29.12,658593,2025-02-14,2025-02-14,41.4801,29.3688,28.1721,29.1934
2025-02-13,UUP,stock,29.38,29.4,29.17,29.2,1642617,2025-02-13,2025-02-13,43.8494,29.3949,28.1625,29.1964
2025-02-12,UUP,stock,29.49,29.535,29.33,29.44,865744,2025-02-12,2025-02-12,52.1470,29.4155,28.1521,29.1962
2025-02-11,UUP,stock,29.46,29.48,29.36,29.42,973446,2025-02-11,2025-02-11,51.4359,29.4129,28.1392,29.1863
2025-02-10,UUP,stock,29.51,29.53,29.47,29.52,754332,2025-02-10,2025-02-10,55.2476,29.4121,28.1263,29.1767
2025-02-07,UUP,stock,29.32,29.49,29.31,29.43,1054527,2025-02-07,2025-02-07,52.2930,29.4008,28.1123,29.1627
2025-02-06,UUP,stock,29.38,29.4101,29.29,29.3,1254383,2025-02-06,2025-02-06,47.6580,29.3977,28.0990,29.1518
2025-02-05,UUP,stock,29.26,29.32,29.21,29.32,1628288,2025-02-05,2025-02-05,48.3288,29.4080,28.0870,29.1457
2025-02-04,UUP,stock,29.49,29.5078,29.37,29.37,1148375,2025-02-04,2025-02-04,49.9612,29.4172,28.0746,29.1386
2025-02-03,UUP,stock,29.73,29.7799,29.54,29.64,2511684,2025-02-03,2025-02-03,60.1484,29.4222,28.0616,29.1292
2025-01-31,UUP,stock,29.47,29.52,29.322,29.51,811018,2025-01-31,2025-01-31,56.1510,29.3993,28.0457,29.1083
2025-01-30,UUP,stock,29.3,29.44,29.2801,29.39,897088,2025-01-30,2025-01-30,52.0264,29.3876,28.0310,29.0919
2025-01-29,UUP,stock,29.41,29.43,29.34,29.39,1136669,2025-01-29,2025-01-29,52.0264,29.3874,28.0173,29.0798
2025-01-28,UUP,stock,29.32,29.365,29.31,29.33,390113,2025-01-28,2025-01-28,49.9987,29.3871,28.0035,29.0671
2025-01-27,UUP,stock,29.12,29.22,29.12,29.21,977961,2025-01-27,2025-01-27,45.7394,29.3931,27.9902,29.0564
2025-01-24,UUP,stock,29.24,29.26,29.135,29.2,10044751,2025-01-24,2025-01-24,45.3794,29.4124,27.9779,29.0501
2025-01-23,UUP,stock,29.41,29.49,29.32,29.38,876471,2025-01-23,2025-01-23,51.0399,29.4347,27.9656,29.0440
2025-01-22,UUP,stock,29.37,29.4196,29.36,29.39,1497365,2025-01-22,2025-01-22,51.3705,29.4405,27.9514,29.0303
2025-01-21,UUP,stock,29.44,29.475,29.3201,29.34,1743140,2025-01-21,2025-01-21,49.8628,29.4458,27.9370,29.0156
2025-01-17,UUP,stock,29.69,29.725,29.58,29.72,1072260,2025-01-17,2025-01-17,63.8273,29.4570,27.9229,29.0024
2025-01-16,UUP,stock,29.67,29.71,29.565,29.61,658279,2025-01-16,2025-01-16,60.8826,29.4293,27.9048,28.9731
2025-01-15,UUP,stock,29.53,29.6958,29.5,29.61,1056175,2025-01-15,2025-01-15,60.8826,29.4103,27.8877,28.9471
2025-01-14,UUP,stock,29.76,29.775,29.66,29.66,1161128,2025-01-14,2025-01-14,62.8891,29.3892,27.8704,28.9200
2025-01-13,UUP,stock,29.85,29.9,29.82,29.85,1352593,2025-01-13,2025-01-13,71.1651,29.3607,27.8524,28.8898
2025-01-10,UUP,stock,29.74,29.815,29.681,29.76,1410004,2025-01-10,2025-01-10,69.3935,29.3092,27.8323,28.8506
2025-01-08,UUP,stock,29.65,29.655,29.58,29.61,2158791,2025-01-08,2025-01-08,66.1775,29.2618,27.8129,28.8135
2025-01-07,UUP,stock,29.37,29.5,29.36,29.5,1505568,2025-01-07,2025-01-07,63.5710,29.2251,27.7949,28.7810
2025-01-06,UUP,stock,29.39,29.425,29.3499,29.39,3883286,2025-01-06,2025-01-06,60.7632,29.1962,27.7777,28.7516
2025-01-03,UUP,stock,29.63,29.68,29.56,29.58,7967970,2025-01-03,2025-01-03,69.3344,29.1758,27.7615,28.7256
2025-01-02,UUP,stock,29.51,29.705,29.492,29.67,1397580,2025-01-02,2025-01-02,73.9208,29.1332,27.7433,28.6907
2024-12-31,UUP,stock,29.35,29.455,29.335,29.42,752363,2024-12-31,2024-12-31,68.5558,29.0767,27.7239,28.6507
2024-12-30,UUP,stock,29.33,29.39,29.29,29.29,775065,2024-12-30,2024-12-30,65.0878,29.0406,27.7068,28.6193
2024-12-27,UUP,stock,29.26,29.31,29.25,29.26,462204,2024-12-27,2024-12-27,64.2427,29.0143,27.6909,28.5920
2024-12-26,UUP,stock,29.34,29.35,29.2799,29.31,554778,2024-12-26,2024-12-26,66.7430,28.9885,27.6752,28.5647
2024-12-24,UUP,stock,29.3,29.37,29.28,29.37,388592,2024-12-24,2024-12-24,69.7686,28.9546,27.6587,28.5343
2024-12-23,UUP,stock,29.29,29.345,29.2501,29.29,818702,2024-12-23,2024-12-23,67.9709,28.9109,27.6415,28.5002
2024-12-20,UUP,stock,30.59,30.5982,30.44,30.5,992302,2024-12-20,2024-12-20,65.5329,28.8710,27.6250,28.4679
2024-12-19,UUP,stock,30.57,30.69,30.5525,30.65,715325,2024-12-19,2024-12-19,72.7338,28.8377,27.6093,28.4386
2024-12-18,UUP,stock,30.28,30.6299,30.24,30.59,988683,2024-12-18,2024-12-18,71.5736,28.7858,27.5920,28.4021
2024-12-17,UUP,stock,30.23,30.26,30.185,30.24,392138,2024-12-17,2024-12-17,63.0598,28.7344,27.5751,28.3665
2024-12-16,UUP,stock,30.25,30.2953,30.185,30.21,1629853,2024-12-16,2024-12-16,62.1577,28.7129,27.5613,28.3432
2024-12-13,UUP,stock,30.22,30.2656,30.2148,30.26,1272767,2024-12-13,2024-12-13,64.5991,28.6922,27.5478,28.3201
2024-12-12,UUP,stock,30.17,30.25,30.1,30.25,815640,2024-12-12,2024-12-12,64.3389,28.6642,27.5336,28.2940
2024-12-11,UUP,stock,30.09,30.1673,30.0803,30.15,1269362,2024-12-11,2024-12-11,61.7276,28.6343,27.5194,28.2673
2024-12-10,UUP,stock,30.04,30.12,30.03,30.05,480273,2024-12-10,2024-12-10,58.9353,28.6113,27.5060,28.2434
2024-12-09,UUP,stock,29.9,30,29.88,29.98,1351717,2024-12-09,2024-12-09,56.8909,28.5960,27.4934,28.2225
2024-12-06,UUP,stock,29.86,29.9862,29.85,29.93,557458,2024-12-06,2024-12-06,55.4188,28.5861,27.4814,28.2034
2024-12-05,UUP,stock,29.89,29.935,29.8404,29.85,1047045,2024-12-05,2024-12-05,53.0362,28.5802,27.4697,28.1855
2024-12-04,UUP,stock,30.07,30.095,29.9401,30.01,475107,2024-12-04,2024-12-04,58.8803,28.5818,27.4587,28.1700
2024-12-03,UUP,stock,29.95,30.03,29.9401,30.02,375717,2024-12-03,2024-12-03,59.2593,28.5674,27.4461,28.1476
2024-12-02,UUP,stock,30.03,30.12,29.9781,30.03,850164,2024-12-02,2024-12-02,59.6156,28.5505,27.4332,28.1239
2024-11-29,UUP,stock,29.91,29.94,29.85,29.85,475073,2024-11-29,2024-11-29,55.1038,28.5308,27.4201,28.0988
2024-11-27,UUP,stock,29.94,30,29.845,29.9,780743,2024-11-27,2024-11-27,56.7389,28.5271,27.4086,28.0798
2024-11-26,UUP,stock,30.13,30.218,30.105,30.16,904919,2024-11-26,2024-11-26,66.2275,28.5180,27.3965,28.0580
2024-11-25,UUP,stock,30.06,30.1999,30.05,30.12,1070008,2024-11-25,2024-11-25,65.4009,28.4818,27.3817,28.0252
2024-11-22,UUP,stock,30.31,30.41,30.2824,30.33,337564,2024-11-22,2024-11-22,74.2615,28.4458,27.3672,27.9926
2024-11-21,UUP,stock,30.06,30.195,29.99,30.17,706186,2024-11-21,2024-11-21,71.5329,28.3848,27.3506,27.9505
2024-11-20,UUP,stock,30.05,30.12,30.0496,30.07,717875,2024-11-20,2024-11-20,69.6666,28.3336,27.3353,27.9129
2024-11-19,UUP,stock,29.91,29.97,29.9,29.92,707377,2024-11-19,2024-11-19,66.6184,28.2870,27.3208,27.8776
2024-11-18,UUP,stock,30.01,30.02,29.8946,29.93,1559098,2024-11-18,2024-11-18,67.0355,28.2506,27.3076,27.8468
2024-11-15,UUP,stock,30.06,30.105,30,30.08,738188,2024-11-15,2024-11-15,73.4385,28.2094,27.2942,27.8144
2024-11-14,UUP,stock,30,30.13,29.95,30.11,678232,2024-11-14,2024-11-14,74.7647,28.1488,27.2792,27.7747
2024-11-13,UUP,stock,29.83,29.99,29.83,29.99,779129,2024-11-13,2024-11-13,72.9503,28.0787,27.2638,27.7323
2024-11-12,UUP,stock,29.8,29.885,29.7901,29.82,1604516,2024-11-12,2024-11-12,70.1246,28.0134,27.2494,27.6928
2024-11-11,UUP,stock,29.69,29.74,29.68,29.69,1832835,2024-11-11,2024-11-11,67.7310,27.9583,27.2364,27.6584
2024-11-08,UUP,stock,29.44,29.595,29.428,29.52,439944,2024-11-08,2024-11-08,64.2532,27.9105,27.2246,27.6276
2024-11-07,UUP,stock,29.37,29.42,29.29,29.32,1276593,2024-11-07,2024-11-07,59.4828,27.8748,27.2143,27.6022
2024-11-06,UUP,stock,29.61,29.6247,29.49,29.56,1287589,2024-11-06,2024-11-06,69.8729,27.8555,27.2058,27.5836
2024-11-05,UUP,stock,29.13,29.1747,29.0629,29.09,1181641,2024-11-05,2024-11-05,55.8489,27.8100,27.1949,27.5548
2024-11-04,UUP,stock,29.16,29.21,29.13,29.21,504856,2024-11-04,2024-11-04,62.7770,27.8070,27.1885,27.5433
2024-11-01,UUP,stock,29.21,29.33,29.2,29.32,591060,2024-11-01,2024-11-01,70.1883,27.7916,27.1808,27.5265
2024-10-31,UUP,stock,29.18,29.275,29.165,29.2,754366,2024-10-31,2024-10-31,66.1388,27.7636,27.1720,27.5048
2024-10-30,UUP,stock,29.3,29.31,29.2,29.22,394993,2024-10-30,2024-10-30,67.5591,27.7446,27.1642,27.4869
2024-10-29,UUP,stock,29.37,29.38,29.27,29.29,423883,2024-10-29,2024-10-29,72.6276,27.7217,27.1562,27.4675
2024-10-28,UUP,stock,29.25,29.3,29.2499,29.28,208687,2024-10-28,2024-10-28,72.3525,27.6893,27.1474,27.4446
2024-10-25,UUP,stock,29.2,29.29,29.195,29.28,211423,2024-10-25,2024-10-25,72.3525,27.6545,27.1386,27.4211
2024-10-24,UUP,stock,29.23,29.26,29.18,29.18,294386,2024-10-24,2024-10-24,69.7287,27.6160,27.1298,27.3966
2024-10-23,UUP,stock,29.28,29.34,29.28,29.29,1481672,2024-10-23,2024-10-23,77.2134,27.5835,27.1218,27.3751
2024-10-22,UUP,stock,29.17,29.2,29.15,29.19,197570,2024-10-22,2024-10-22,74.9429,27.5366,27.1127,27.3484
2024-10-21,UUP,stock,29.06,29.18,29.0598,29.16,304531,2024-10-21,2024-10-21,74.2275,27.4948,27.1044,27.3245
2024-10-18,UUP,stock,29.03,29.05,29.01,29.03,352866,2024-10-18,2024-10-18,70.8826,27.4516,27.0964,27.3008
2024-10-17,UUP,stock,29.1,29.11,29.065,29.11,720000,2024-10-17,2024-10-17,76.5606,27.4169,27.0895,27.2812
2024-10-16,UUP,stock,28.95,29.04,28.94,29.02,191546,2024-10-16,2024-10-16,74.4201,27.3705,27.0818,27.2577
2024-10-15,UUP,stock,28.87,28.96,28.87,28.94,373803,2024-10-15,2024-10-15,72.3348,27.3284,27.0749,27.2367
2024-10-14,UUP,stock,28.92,28.96,28.88,28.92,1291921,2024-10-14,2024-10-14,71.8011,27.2898,27.0686,27.2180
2024-10-11,UUP,stock,28.82,28.84,28.8,28.83,270167,2024-10-11,2024-10-11,69.3289,27.2492,27.0625,27.1994
2024-10-10,UUP,stock,28.8,28.9,28.7999,28.81,349867,2024-10-10,2024-10-10,68.7638,27.2134,27.0572,27.1834
2024-10-09,UUP,stock,28.77,28.82,28.7599,28.82,222301,2024-10-09,2024-10-09,69.3571,27.1758,27.0521,27.1677
2024-10-08,UUP,stock,28.66,28.73,28.66,28.69,5172291,2024-10-08,2024-10-08,65.7946,27.1333,27.0468,27.1508
2024-10-07,UUP,stock,28.68,28.7,28.645,28.69,283323,2024-10-07,2024-10-07,65.7946,27.0994,27.0427,27.1384
2024-10-04,UUP,stock,28.7,28.73,28.661,28.67,456190,2024-10-04,2024-10-04,65.2589,27.0619,27.0385,27.1255
2024-10-03,UUP,stock,28.5,28.565,28.48,28.51,1203662,2024-10-03,2024-10-03,60.6842,27.0225,27.0345,27.1128
2024-10-02,UUP,stock,28.37,28.44,28.37,28.42,814990,2024-10-02,2024-10-02,57.7803,26.9951,27.0320,27.1058
2024-10-01,UUP,stock,28.27,28.35,28.235,28.3,1300157,2024-10-01,2024-10-01,53.5310,26.9738,27.0304,27.1021
2024-09-30,UUP,stock,28.07,28.21,28.07,28.18,1322286,2024-09-30,2024-09-30,48.7403,26.9624,27.0298,27.1029
2024-09-27,UUP,stock,28.02,28.105,28,28.07,845275,2024-09-27,2024-09-27,43.8094,26.9619,27.0305,27.1085
2024-09-26,UUP,stock,28.15,28.2,28.07,28.08,389373,2024-09-26,2024-09-26,44.1681,26.9724,27.0322,27.1185
2024-09-25,UUP,stock,28.02,28.215,28.01,28.21,263300,2024-09-25,2024-09-25,49.0117,26.9830,27.0338,27.1286
2024-09-24,UUP,stock,28.12,28.16,28.02,28.02,212972,2024-09-24,2024-09-24,40.0963,26.9817,27.0342,27.1340
2024-09-23,UUP,stock,28.17,28.2099,28.1395,28.18,310911,2024-09-23,2024-09-23,46.4468,26.9993,27.0364,27.1470
2024-09-20,UUP,stock,28.15,28.205,28.1,28.14,370014,2024-09-20,2024-09-20,44.4027,27.0027,27.0371,27.1544
2024-09-19,UUP,stock,28.18,28.215,28.07,28.09,331089,2024-09-19,2024-09-19,41.8252,27.0104,27.0381,27.1636
2024-09-18,UUP,stock,28.09,28.225,27.965,28.21,638835,2024-09-18,2024-09-18,46.6442,27.0240,27.0397,27.1751
2024-09-17,UUP,stock,28.12,28.18,28.12,28.18,455994,2024-09-17,2024-09-17,45.1779,27.0269,27.0402,27.1824
2024-09-16,UUP,stock,28.07,28.13,28.0601,28.09,1623776,2024-09-16,2024-09-16,40.6329,27.0332,27.0409,27.1912
2024-09-13,UUP,stock,28.14,28.2,28.13,28.18,957334,2024-09-13,2024-09-13,44.0218,27.0492,27.0425,27.2038
2024-09-12,UUP,stock,28.3,28.3225,28.21,28.22,330253,2024-09-12,2024-09-12,45.5911,27.0578,27.0433,27.2135
2024-09-11,UUP,stock,28.34,28.3547,28.3138,28.34,332837,2024-09-11,2024-09-11,50.6176,27.0633,27.0436,27.2220
2024-09-10,UUP,stock,28.32,28.35,28.3,28.31,371574,2024-09-10,2024-09-10,49.3205,27.0573,27.0429,27.2261
2024-09-09,UUP,stock,28.26,28.3,28.2524,28.3,361657,2024-09-09,2024-09-09,48.9051,27.0537,27.0424,27.2316
2024-09-06,UUP,stock,28.17,28.23,28.06,28.18,759092,2024-09-06,2024-09-06,43.7693,27.0507,27.0420,27.2377
2024-09-05,UUP,stock,28.14,28.21,28.1,28.14,426539,2024-09-05,2024-09-05,41.9636,27.0594,27.0427,27.2487
2024-09-04,UUP,stock,28.27,28.28,28.165,28.18,738115,2024-09-04,2024-09-04,43.2533,27.0732,27.0439,27.2618
2024-09-03,UUP,stock,28.26,28.35,28.23,28.32,2698746,2024-09-03,2024-09-03,48.0531,27.0843,27.0446,27.2738
2024-08-30,UUP,stock,28.25,28.3,28.21,28.27,2138636,2024-08-30,2024-08-30,46.0684,27.0825,27.0441,27.2808
2024-08-29,UUP,stock,28.18,28.24,28.16,28.19,1798970,2024-08-29,2024-08-29,42.8227,27.0856,27.0440,27.2901
2024-08-28,UUP,stock,28.09,28.12,28.04,28.09,588164,2024-08-28,2024-08-28,38.5288,27.0970,27.0446,27.3029
2024-08-27,UUP,stock,28.01,28.02,27.93,27.93,1806506,2024-08-27,2024-08-27,30.8088,27.1197,27.0463,27.3201
2024-08-26,UUP,stock,28.01,28.0399,27.9801,28.02,318322,2024-08-26,2024-08-26,32.9717,27.1609,27.0495,27.3443
2024-08-23,UUP,stock,28.2,28.21,27.9407,27.96,968469,2024-08-23,2024-08-23,29.9264,27.1974,27.0518,27.3659
2024-08-22,UUP,stock,28.12,28.23,28.12,28.2,3506430,2024-08-22,2024-08-22,36.0017,27.2438,27.0548,27.3908
2024-08-21,UUP,stock,28.16,28.23,28.0107,28.07,568515,2024-08-21,2024-08-21,28.7238,27.2709,27.0555,27.4073
2024-08-20,UUP,stock,28.21,28.23,28.14,28.16,487190,2024-08-20,2024-08-20,30.9893,27.3139,27.0574,27.4295
2024-08-19,UUP,stock,28.37,28.37,28.26,28.26,4595732,2024-08-19,2024-08-19,33.7345,27.3524,27.0585,27.4492
2024-08-16,UUP,stock,28.48,28.525,28.41,28.41,320239,2024-08-16,2024-08-16,38.4826,27.3849,27.0587,27.4657
2024-08-15,UUP,stock,28.6,28.6,28.52,28.55,378412,2024-08-15,2024-08-15,43.8291,27.4057,27.0574,27.4771
2024-08-14,UUP,stock,28.43,28.45,28.35,28.45,615946,2024-08-14,2024-08-14,38.1276,27.4146,27.0547,27.4834
2024-08-13,UUP,stock,28.53,28.5303,28.42,28.42,229367,2024-08-13,2024-08-13,36.3273,27.4344,27.0530,27.4939
2024-08-12,UUP,stock,28.61,28.625,28.57,28.57,181628,2024-08-12,2024-08-12,42.0016,27.4594,27.0516,27.5060
2024-08-09,UUP,stock,28.58,28.585,28.545,28.57,350507,2024-08-09,2024-08-09,42.0016,27.4719,27.0487,27.5128
2024-08-08,UUP,stock,28.63,28.671,28.5898,28.6,304940,2024-08-08,2024-08-08,43.1643,27.4858,27.0457,27.5198
2024-08-07,UUP,stock,28.58,28.5919,28.5401,28.56,921977,2024-08-07,2024-08-07,41.1473,27.4980,27.0425,27.5260
2024-08-06,UUP,stock,28.53,28.5301,28.48,28.5,787289,2024-08-06,2024-08-06,38.0867,27.5156,27.0396,27.5339
2024-08-05,UUP,stock,28.32,28.475,28.305,28.41,2084281,2024-08-05,2024-08-05,33.2520,27.5411,27.0372,27.5446
2024-08-02,UUP,stock,28.63,28.63,28.54,28.57,1180297,2024-08-02,2024-08-02,38.1728,27.5783,27.0357,27.5591
2024-08-01,UUP,stock,28.83,28.89,28.79,28.86,1206473,2024-08-01,2024-08-01,50.8337,27.6033,27.0327,27.5681
2024-07-31,UUP,stock,28.75,28.87,28.735,28.76,533436,2024-07-31,2024-07-31,44.9918,27.6018,27.0268,27.5660
2024-07-30,UUP,stock,28.95,28.97,28.895,28.92,273794,2024-07-30,2024-07-30,54.6370,27.6101,27.0218,27.5678
2024-07-29,UUP,stock,28.92,28.9598,28.8901,28.9,1107027,2024-07-29,2024-07-29,53.4794,27.6032,27.0152,27.5634
2024-07-26,UUP,stock,28.81,28.84,28.8,28.82,230371,2024-07-26,2024-07-26,48.6084,27.5976,27.0088,27.5596
2024-07-25,UUP,stock,28.84,28.855,28.785,28.84,271992,2024-07-25,2024-07-25,49.8194,27.5995,27.0030,27.5588
2024-07-24,UUP,stock,28.78,28.84,28.755,28.84,313773,2024-07-24,2024-07-24,49.8194,27.5996,26.9970,27.5571
2024-07-23,UUP,stock,28.85,28.8699,28.83,28.85,358960,2024-07-23,2024-07-23,50.3603,27.5996,26.9910,27.5554
2024-07-22,UUP,stock,28.81,28.83,28.8,28.8,1065642,2024-07-22,2024-07-22,47.7253,27.5987,26.9848,27.5533
2024-07-19,UUP,stock,28.78,28.82,28.78,28.82,378043,2024-07-19,2024-07-19,48.6852,27.6027,26.9790,27.5530
2024-07-18,UUP,stock,28.67,28.755,28.66,28.74,1840595,2024-07-18,2024-07-18,44.5422,27.6051,26.9730,27.5519
2024-07-17,UUP,stock,28.62,28.65,28.585,28.61,1065906,2024-07-17,2024-07-17,36.8489,27.6158,26.9676,27.5538
2024-07-16,UUP,stock,28.8,28.8173,28.74,28.74,382608,2024-07-16,2024-07-16,42.2975,27.6408,26.9635,27.5610
2024-07-15,UUP,stock,28.69,28.76,28.68,28.74,1727041,2024-07-15,2024-07-15,42.2975,27.6553,26.9581,27.5633
2024-07-12,UUP,stock,28.72,28.745,28.6801,28.69,1111371,2024-07-12,2024-07-12,39.3221,27.6713,26.9526,27.5658
2024-07-11,UUP,stock,28.75,28.805,28.715,28.79,1004773,2024-07-11,2024-07-11,43.4864,27.6940,26.9475,27.5703
2024-07-10,UUP,stock,28.96,28.96,28.935,28.94,929617,2024-07-10,2024-07-10,51.0111,27.7090,26.9415,27.5711
2024-07-09,UUP,stock,28.95,28.99,28.93,28.97,633241,2024-07-09,2024-07-09,52.7047,27.7105,26.9339,27.5660
2024-07-08,UUP,stock,28.88,28.94,28.87,28.93,333862,2024-07-08,2024-07-08,50.6772,27.7092,26.9260,27.5596
2024-07-05,UUP,stock,28.92,28.97,28.88,28.88,969287,2024-07-05,2024-07-05,48.0944,27.7117,26.9183,27.5545
2024-07-03,UUP,stock,29.03,29.03,28.923,28.98,1535735,2024-07-03,2024-07-03,53.2754,27.7196,26.9111,27.5511
2024-07-02,UUP,stock,29.14,29.16,29.085,29.1,544055,2024-07-02,2024-07-02,60.5427,27.7182,26.9029,27.5437
2024-07-01,UUP,stock,29.08,29.175,29.04,29.14,771107,2024-07-01,2024-07-01,63.2116,27.7045,26.8934,27.5313
2024-06-28,UUP,stock,29.15,29.18,29.1001,29.13,941171,2024-06-28,2024-06-28,62.8312,27.6854,26.8834,27.5168
2024-06-27,UUP,stock,29.09,29.14,29.075,29.13,314458,2024-06-27,2024-06-27,62.8312,27.6653,26.8734,27.5021
2024-06-26,UUP,stock,29.17,29.2,29.13,29.17,334713,2024-06-26,2024-06-26,65.1547,27.6431,26.8633,27.4869
2024-06-25,UUP,stock,29.06,29.09,29.0201,29.03,872369,2024-06-25,2024-06-25,60.3948,27.6145,26.8528,27.4694
2024-06-24,UUP,stock,29,29.035,28.975,29,1158705,2024-06-24,2024-06-24,59.2882,27.5970,26.8434,27.4567
2024-06-21,UUP,stock,29.08,29.1169,29.07,29.1,935054,2024-06-21,2024-06-21,64.9009,27.5807,26.8343,27.4446
2024-06-20,UUP,stock,28.97,29.03,28.96,29.03,346926,2024-06-20,2024-06-20,62.5995,27.5526,26.8241,27.4282
2024-06-18,UUP,stock,28.95,28.95,28.88,28.91,179569,2024-06-18,2024-06-18,58.2409,27.5285,26.8145,27.4138
2024-06-17,UUP,stock,28.98,29.0089,28.92,28.92,204940,2024-06-17,2024-06-17,58.7709,27.5141,26.8059,27.4035
2024-06-14,UUP,stock,29.03,29.06,28.97,28.99,434485,2024-06-14,2024-06-14,62.4657,27.4971,26.7972,27.3924
2024-06-13,UUP,stock,28.6,28.895,28.57,28.86,2156721,2024-06-13,2024-06-13,57.9016,27.4712,26.7877,27.3781
2024-06-12,UUP,stock,28.63,28.75,28.61,28.75,835249,2024-06-12,2024-06-12,53.4546,27.4558,26.7794,27.3683
2024-06-11,UUP,stock,28.92,28.93,28.855,28.88,396636,2024-06-11,2024-06-11,60.4637,27.4498,26.7720,27.3624
2024-06-10,UUP,stock,28.89,28.9,28.83,28.84,752810,2024-06-10,2024-06-10,58.9249,27.4300,26.7633,27.3512
2024-06-07,UUP,stock,28.72,28.78,28.72,28.77,369520,2024-06-07,2024-06-07,56.1516,27.4123,26.7549,27.3411
2024-06-06,UUP,stock,28.58,28.5969,28.53,28.53,222470,2024-06-06,2024-06-06,44.1452,27.3997,26.7471,27.3333
2024-06-05,UUP,stock,28.55,28.63,28.5412,28.57,1348637,2024-06-05,2024-06-05,46.0987,27.4099,26.7415,27.3346
2024-06-04,UUP,stock,28.58,28.586,28.51,28.53,540299,2024-06-04,2024-06-04,43.7890,27.4172,26.7355,27.3343
2024-06-03,UUP,stock,28.64,28.655,28.52,28.52,786920,2024-06-03,2024-06-03,43.2242,27.4293,26.7298,27.3356
2024-05-31,UUP,stock,28.62,28.69,28.59,28.67,797197,2024-05-31,2024-05-31,50.2577,27.4437,26.7241,27.3374
2024-05-30,UUP,stock,28.69,28.7,28.6501,28.69,322379,2024-05-30,2024-05-30,51.2910,27.4445,26.7170,27.3333
2024-05-29,UUP,stock,28.7,28.78,28.6801,28.78,383023,2024-05-29,2024-05-29,56.1118,27.4433,26.7095,27.3283
2024-05-28,UUP,stock,28.56,28.64,28.56,28.62,402219,2024-05-28,2024-05-28,48.0517,27.4330,26.7012,27.3196
2024-05-24,UUP,stock,28.67,28.69,28.63,28.66,253080,2024-05-24,2024-05-24,50.1915,27.4377,26.6943,27.3168
2024-05-23,UUP,stock,28.63,28.75,28.62,28.75,326271,2024-05-23,2024-05-23,55.3404,27.4388,26.6869,27.3123
2024-05-22,UUP,stock,28.65,28.7099,28.625,28.69,309399,2024-05-22,2024-05-22,52.3120,27.4310,26.6786,27.3042
2024-05-21,UUP,stock,28.61,28.63,28.5801,28.6,281187,2024-05-21,2024-05-21,47.3380,27.4285,26.6708,27.2980
2024-05-20,UUP,stock,28.58,28.6,28.57,28.6,295954,2024-05-20,2024-05-20,47.3380,27.4347,26.6638,27.2951
2024-05-17,UUP,stock,28.61,28.6197,28.5301,28.56,697983,2024-05-17,2024-05-17,45.1454,27.4416,26.6567,27.2921
2024-05-16,UUP,stock,28.56,28.585,28.52,28.56,1726931,2024-05-16,2024-05-16,45.1454,27.4532,26.6499,27.2905
2024-05-15,UUP,stock,28.56,28.635,28.49,28.49,705639,2024-05-15,2024-05-15,41.4682,27.4661,26.6431,27.2888
2024-05-14,UUP,stock,28.69,28.705,28.67,28.67,525190,2024-05-14,2024-05-14,49.3707,27.4874,26.6368,27.2898
2024-05-13,UUP,stock,28.69,28.75,28.69,28.73,371696,2024-05-13,2024-05-13,52.4654,27.4928,26.6288,27.2838
2024-05-10,UUP,stock,28.73,28.78,28.7,28.74,406160,2024-05-10,2024-05-10,52.9793,27.4927,26.6201,27.2753
2024-05-09,UUP,stock,28.78,28.79,28.7,28.7,388386,2024-05-09,2024-05-09,51.2039,27.4916,26.6112,27.2660
2024-05-08,UUP,stock,28.8,28.819,28.775,28.8,361705,2024-05-08,2024-05-08,56.1233,27.4943,26.6027,27.2579
2024-05-07,UUP,stock,28.68,28.775,28.665,28.76,450311,2024-05-07,2024-05-07,54.4996,27.4874,26.5930,27.2455
2024-05-06,UUP,stock,28.63,28.69,28.63,28.68,1364984,2024-05-06,2024-05-06,51.1419,27.4837,26.5837,27.2342
2024-05-03,UUP,stock,28.6,28.695,28.55,28.65,856397,2024-05-03,2024-05-03,49.8533,27.4877,26.5750,27.2256
2024-05-02,UUP,stock,28.85,28.885,28.72,28.73,1344691,2024-05-02,2024-05-02,53.3366,27.4951,26.5666,27.2177
2024-05-01,UUP,stock,28.97,28.99,28.82,28.95,3025261,2024-05-01,2024-05-01,64.9197,27.4952,26.5572,27.2065
2024-04-30,UUP,stock,28.89,28.98,28.86,28.98,819885,2024-04-30,2024-04-30,66.7554,27.4732,26.5457,27.1862
2024-04-29,UUP,stock,28.85,28.875,28.745,28.8,783188,2024-04-29,2024-04-29,60.5387,27.4459,26.5338,27.1638
2024-04-26,UUP,stock,28.85,28.95,28.835,28.89,1018623,2024-04-26,2024-04-26,66.2945,27.4338,26.5235,27.1476
2024-04-25,UUP,stock,28.87,28.88,28.75,28.76,639799,2024-04-25,2024-04-25,61.3680,27.4114,26.5122,27.1273
2024-04-24,UUP,stock,28.81,28.8599,28.8,28.82,299693,2024-04-24,2024-04-24,65.4691,27.3997,26.5020,27.1111
2024-04-23,UUP,stock,28.88,28.8896,28.76,28.79,780945,2024-04-23,2024-04-23,64.3634,27.3808,26.4912,27.0920
2024-04-22,UUP,stock,28.97,28.97,28.8818,28.91,302633,2024-04-22,2024-04-22,73.0516,27.3628,26.4805,27.0733
2024-04-19,UUP,stock,28.84,28.92,28.82,28.9,830956,2024-04-19,2024-04-19,72.7671,27.3309,26.4686,27.0491
2024-04-18,UUP,stock,28.84,28.9,28.83,28.9,826444,2024-04-18,2024-04-18,72.7671,27.2967,26.4567,27.0243
2024-04-17,UUP,stock,28.88,28.9173,28.8,28.84,1293519,2024-04-17,2024-04-17,71.1940,27.2588,26.4446,26.9985
2024-04-16,UUP,stock,28.89,28.97,28.86,28.93,1490793,2024-04-16,2024-04-16,77.4233,27.2230,26.4330,26.9740
2024-04-15,UUP,stock,28.85,28.895,28.835,28.89,614116,2024-04-15,2024-04-15,76.5775,27.1744,26.4204,26.9450
2024-04-12,UUP,stock,28.82,28.8575,28.8,28.84,620833,2024-04-12,2024-04-12,75.5127,27.1246,26.4081,26.9163
2024-04-11,UUP,stock,28.56,28.685,28.5567,28.61,1112616,2024-04-11,2024-04-11,69.6120,27.0747,26.3961,26.8885
2024-04-10,UUP,stock,28.49,28.62,28.49,28.59,1016763,2024-04-10,2024-04-10,69.0090,27.0427,26.3863,26.8684
2024-04-09,UUP,stock,28.23,28.31,28.22,28.29,599930,2024-04-09,2024-04-09,57.1718,27.0093,26.3765,26.8484
2024-04-08,UUP,stock,28.33,28.33,28.2844,28.3,357806,2024-04-08,2024-04-08,57.8557,27.0027,26.3695,26.8392
2024-04-05,UUP,stock,28.41,28.43,28.31,28.34,468391,2024-04-05,2024-04-05,60.5463,26.9943,26.3623,26.8293
2024-04-04,UUP,stock,28.23,28.31,28.22,28.31,1373084,2024-04-04,2024-04-04,59.2257,26.9810,26.3547,26.8174
2024-04-03,UUP,stock,28.41,28.42,28.29,28.31,3024812,2024-04-03,2024-04-03,59.2257,26.9693,26.3473,26.8062
2024-04-02,UUP,stock,28.46,28.46,28.4043,28.44,581955,2024-04-02,2024-04-02,67.6912,26.9565,26.3398,26.7946
2024-04-01,UUP,stock,28.38,28.51,28.37,28.48,662830,2024-04-01,2024-04-01,70.5733,26.9291,26.3310,26.7774
2024-03-28,UUP,stock,28.32,28.37,28.3,28.37,392037,2024-03-28,2024-03-28,66.9836,26.8949,26.3217,26.7579
2024-03-27,UUP,stock,28.3,28.3203,28.28,28.29,209610,2024-03-27,2024-03-27,64.0195,26.8681,26.3134,26.7419
2024-03-26,UUP,stock,28.22,28.275,28.21,28.27,245787,2024-03-26,2024-03-26,63.2536,26.8466,26.3058,26.7284
2024-03-25,UUP,stock,28.25,28.26,28.22,28.25,255255,2024-03-25,2024-03-25,62.5127,26.8248,26.2983,26.7152
2024-03-22,UUP,stock,28.26,28.32,28.235,28.32,736535,2024-03-22,2024-03-22,66.8964,26.8027,26.2909,26.7021
2024-03-21,UUP,stock,28.08,28.18,28.065,28.17,719599,2024-03-21,2024-03-21,61.5283,26.7713,26.2827,26.6858
2024-03-20,UUP,stock,28.19,28.2,27.98,27.98,838039,2024-03-20,2024-03-20,52.4612,26.7517,26.2759,26.6747
2024-03-19,UUP,stock,28.12,28.14,28.09,28.11,909003,2024-03-19,2024-03-19,61.7001,26.7491,26.2709,26.6706
2024-03-18,UUP,stock,27.99,28.05,27.99,28.04,659699,2024-03-18,2024-03-18,58.0019,26.7332,26.2646,26.6612
2024-03-15,UUP,stock,27.99,28,27.96,27.98,396554,2024-03-15,2024-03-15,54.5056,26.7227,26.2589,26.6542
2024-03-14,UUP,stock,27.86,27.97,27.855,27.95,1049261,2024-03-14,2024-03-14,52.6765,26.7171,26.2537,26.6492
2024-03-13,UUP,stock,27.81,27.83,27.755,27.8,302973,2024-03-13,2024-03-13,41.8152,26.7139,26.2487,26.6452
2024-03-12,UUP,stock,27.85,27.9,27.82,27.83,830784,2024-03-12,2024-03-12,43.6769,26.7255,26.2452,26.6469
2024-03-11,UUP,stock,27.79,27.83,27.78,27.81,541867,2024-03-11,2024-03-11,42.0806,26.7353,26.2413,26.6475
2024-03-08,UUP,stock,27.71,27.78,27.7,27.78,940132,2024-03-08,2024-03-08,39.7002,26.7481,26.2375,26.6489
2024-03-07,UUP,stock,27.86,27.88,27.765,27.77,1081546,2024-03-07,2024-03-07,38.9233,26.7653,26.2340,26.6516
2024-03-06,UUP,stock,27.95,27.96,27.87,27.91,841596,2024-03-06,2024-03-06,46.7548,26.7854,26.2306,26.6547
2024-03-05,UUP,stock,28.03,28.05,27.96,28.01,1249312,2024-03-05,2024-03-05,53.9553,26.7934,26.2258,26.6525
2024-03-04,UUP,stock,28.04,28.05,28.0001,28.04,853208,2024-03-04,2024-03-04,56.3738,26.7922,26.2200,26.6462
2024-03-01,UUP,stock,28.11,28.16,28.03,28.04,779850,2024-03-01,2024-03-01,56.3738,26.7879,26.2138,26.6386
2024-02-29,UUP,stock,28,28.12,27.971,28.09,1038652,2024-02-29,2024-02-29,60.2552,26.7831,26.2076,26.6307
2024-02-28,UUP,stock,28.05,28.075,28.0201,28.03,502929,2024-02-28,2024-02-28,56.9526,26.7728,26.2008,26.6204
2024-02-27,UUP,stock,28.01,28.03,27.9701,28.01,1424934,2024-02-27,2024-02-27,55.8162,26.7674,26.1946,26.6121
2024-02-26,UUP,stock,27.99,28.02,27.98,27.99,636762,2024-02-26,2024-02-26,54.7059,26.7635,26.1884,26.6043
2024-02-23,UUP,stock,28.01,28.05,27.995,28.04,538676,2024-02-23,2024-02-23,58.0949,26.7612,26.1824,26.5969
2024-02-22,UUP,stock,28.06,28.08,28.02,28.02,895293,2024-02-22,2024-02-22,57.1080,26.7536,26.1759,26.5872
2024-02-21,UUP,stock,28.04,28.08,28.02,28.02,878636,2024-02-21,2024-02-21,57.1080,26.7472,26.1695,26.5780
2024-02-20,UUP,stock,28,28.06,27.9701,28.05,1142660,2024-02-20,2024-02-20,58.9022,26.7401,26.1630,26.5683
2024-02-16,UUP,stock,28.18,28.18,28.07,28.09,643532,2024-02-16,2024-02-16,61.2862,26.7293,26.1562,26.5571
2024-02-15,UUP,stock,28.11,28.14,28.06,28.08,948915,2024-02-15,2024-02-15,60.9190,26.7133,26.1489,26.5439
2024-02-14,UUP,stock,28.24,28.24,28.17,28.19,3242196,2024-02-14,2024-02-14,67.4538,26.6966,26.1416,26.5305
2024-02-13,UUP,stock,28.18,28.26,28.18,28.24,3597018,2024-02-13,2024-02-13,70.6527,26.6671,26.1332,26.5123
2024-02-12,UUP,stock,28.03,28.07,28,28.02,1127726,2024-02-12,2024-02-12,63.5998,26.6295,26.1242,26.4914
2024-02-09,UUP,stock,28.02,28.03,27.98,27.99,1118163,2024-02-09,2024-02-09,62.4574,26.6100,26.1173,26.4782
2024-02-08,UUP,stock,28.06,28.08,28,28.01,1687052,2024-02-08,2024-02-08,63.6949,26.5915,26.1106,26.4656
2024-02-07,UUP,stock,28,28.01,27.955,27.98,849024,2024-02-07,2024-02-07,62.6645,26.5691,26.1036,26.4518
2024-02-06,UUP,stock,28.1,28.105,28,28.01,621898,2024-02-06,2024-02-06,64.3607,26.5473,26.0969,26.4386
2024-02-05,UUP,stock,28.06,28.13,28.055,28.09,3422797,2024-02-05,2024-02-05,68.9844,26.5203,26.0898,26.4236
2024-02-02,UUP,stock,27.88,27.97,27.86,27.94,3215974,2024-02-02,2024-02-02,64.5504,26.4823,26.0818,26.4049
2024-02-01,UUP,stock,27.81,27.84,27.66,27.69,3755513,2024-02-01,2024-02-01,54.4789,26.4554,26.0752,26.3914
2024-01-31,UUP,stock,27.71,27.86,27.65,27.83,3424496,2024-01-31,2024-01-31,63.9226,26.4508,26.0710,26.3870
2024-01-30,UUP,stock,27.76,27.83,27.725,27.76,460552,2024-01-30,2024-01-30,60.7649,26.4317,26.0653,26.3770
2024-01-29,UUP,stock,27.85,27.88,27.765,27.78,1286162,2024-01-29,2024-01-29,62.2095,26.4176,26.0603,26.3693
2024-01-26,UUP,stock,27.74,27.78,27.7139,27.78,1154743,2024-01-26,2024-01-26,62.2095,26.4001,26.0550,26.3605
2024-01-25,UUP,stock,27.72,27.83,27.72,27.78,1250926,2024-01-25,2024-01-25,62.2095,26.3807,26.0497,26.3513
2024-01-24,UUP,stock,27.57,27.71,27.56,27.7,851036,2024-01-24,2024-01-24,59.0951,26.3592,26.0443,26.3418
2024-01-23,UUP,stock,27.75,27.8494,27.75,27.78,996905,2024-01-23,2024-01-23,63.9921,26.3435,26.0397,26.3350
2024-01-22,UUP,stock,27.69,27.725,27.6601,27.71,2171706,2024-01-22,2024-01-22,61.3927,26.3182,26.0342,26.3249
2024-01-19,UUP,stock,27.74,27.76,27.69,27.7,1116658,2024-01-19,2024-01-19,61.0194,26.2972,26.0293,26.3170
2024-01-18,UUP,stock,27.75,27.78,27.7334,27.74,2123695,2024-01-18,2024-01-18,63.2924,26.2750,26.0245,26.3092
2024-01-17,UUP,stock,27.75,27.79,27.705,27.71,930052,2024-01-17,2024-01-17,62.3147,26.2464,26.0193,26.2995
2024-01-16,UUP,stock,27.63,27.71,27.62,27.69,1061534,2024-01-16,2024-01-16,61.6830,26.2179,26.0143,26.2906
2024-01-12,UUP,stock,27.4,27.4599,27.35,27.45,849261,2024-01-12,2024-01-12,52.8816,26.1883,26.0094,26.2821
2024-01-11,UUP,stock,27.45,27.52,27.381,27.42,1172983,2024-01-11,2024-01-11,51.5910,26.1799,26.0068,26.2827
2024-01-10,UUP,stock,27.44,27.46,27.39,27.4,1514949,2024-01-10,2024-01-10,50.7560,26.1735,26.0044,26.2844
2024-01-09,UUP,stock,27.39,27.48,27.38,27.45,407259,2024-01-09,2024-01-09,52.8732,26.1685,26.0023,26.2870
2024-01-08,UUP,stock,27.38,27.39,27.3142,27.36,1193155,2024-01-08,2024-01-08,49.3412,26.1580,25.9996,26.2878
2024-01-05,UUP,stock,27.43,27.4402,27.26,27.41,1081992,2024-01-05,2024-01-05,51.3256,26.1554,25.9977,26.2920
2024-01-04,UUP,stock,27.42,27.4253,27.35,27.41,2839477,2024-01-04,2024-01-04,51.3256,26.1475,25.9954,26.2946
2024-01-03,UUP,stock,27.42,27.4665,27.36,27.41,1222947,2024-01-03,2024-01-03,51.3256,26.1387,25.9930,26.2972
2024-01-02,UUP,stock,27.29,27.33,27.26,27.32,2109528,2024-01-02,2024-01-02,48.3308,26.1291,25.9907,26.2999
2023-12-29,UUP,stock,27.08,27.1,27.015,27.09,983794,2023-12-29,2023-12-29,39.4971,26.1275,25.9891,26.3062
2023-12-28,UUP,stock,26.98,27.07,26.915,27.04,2087094,2023-12-28,2023-12-28,37.3344,26.1489,25.9898,26.3218
2023-12-27,UUP,stock,27.04,27.0414,26.925,26.95,783666,2023-12-27,2023-12-27,33.3524,26.1775,25.9909,26.3400
2023-12-26,UUP,stock,27.12,27.13,27.08,27.09,1106196,2023-12-26,2023-12-26,36.7230,26.2183,25.9929,26.3625
2023-12-22,UUP,stock,27.11,27.17,27.07,27.15,1511493,2023-12-22,2023-12-22,38.2618,26.2493,25.9936,26.3803
2023-12-21,UUP,stock,27.18,27.245,27.16,27.16,1696193,2023-12-21,2023-12-21,38.5115,26.2774,25.9937,26.3966
2023-12-20,UUP,stock,27.25,27.35,27.24,27.34,2362532,2023-12-20,2023-12-20,43.2276,26.3076,25.9938,26.4132
2023-12-19,UUP,stock,27.27,27.28,27.21,27.22,2543698,2023-12-19,2023-12-19,38.5708,26.3227,25.9920,26.4233
2023-12-18,UUP,stock,27.32,27.37,27.31,27.34,1916928,2023-12-18,2023-12-18,41.7508,26.3516,25.9915,26.4386
2023-12-15,UUP,stock,29.03,29.11,29.02,29.09,4411503,2023-12-15,2023-12-15,41.8630,26.3714,25.9898,26.4499
2023-12-14,UUP,stock,28.99,29.0067,28.86,28.9,3746205,2023-12-14,2023-12-14,34.9635,26.3928,25.9880,26.4614
2023-12-13,UUP,stock,29.4,29.465,29.122,29.17,1509364,2023-12-13,2023-12-13,41.4555,26.4345,25.9879,26.4804
2023-12-12,UUP,stock,29.46,29.495,29.41,29.42,1034235,2023-12-12,2023-12-12,49.3308,26.4551,25.9853,26.4902
2023-12-11,UUP,stock,29.52,29.54,29.47,29.5,956184,2023-12-11,2023-12-11,52.2821,26.4541,25.9805,26.4913
2023-12-08,UUP,stock,29.51,29.51,29.39,29.46,1460907,2023-12-08,2023-12-08,50.9188,26.4454,25.9749,26.4894
2023-12-07,UUP,stock,29.41,29.4301,29.25,29.35,2570373,2023-12-07,2023-12-07,47.0563,26.4396,25.9697,26.4890
2023-12-06,UUP,stock,29.4,29.51,29.4,29.51,1537435,2023-12-06,2023-12-06,52.6528,26.4437,25.9653,26.4925
2023-12-05,UUP,stock,29.37,29.4566,29.315,29.44,1836837,2023-12-05,2023-12-05,50.2490,26.4330,25.9595,26.4904
2023-12-04,UUP,stock,29.35,29.3899,29.2899,29.33,2271836,2023-12-04,2023-12-04,46.2685,26.4278,25.9542,26.4907
2023-12-01,UUP,stock,29.31,29.34,29.1603,29.2,2520384,2023-12-01,2023-12-01,41.0966,26.4324,25.9499,26.4951
2023-11-30,UUP,stock,29.23,29.3,29.1901,29.29,4121136,2023-11-30,2023-11-30,43.8073,26.4499,25.9468,26.5044
2023-11-29,UUP,stock,29.07,29.1152,29.015,29.08,1900390,2023-11-29,2023-11-29,34.4378,26.4607,25.9427,26.5108
2023-11-28,UUP,stock,29.1,29.1253,29,29.05,1524057,2023-11-28,2023-11-28,32.9548,26.4925,25.9406,26.5252
2023-11-27,UUP,stock,29.2,29.23,29.15,29.15,1450441,2023-11-27,2023-11-27,35.4357,26.5305,25.9386,26.5413
2023-11-24,UUP,stock,29.26,29.27,29.2,29.21,983609,2023-11-24,2023-11-24,36.9870,26.5630,25.9358,26.5543
2023-11-22,UUP,stock,29.38,29.4399,29.34,29.34,4330287,2023-11-22,2023-11-22,40.5594,26.5933,25.9324,26.5657
2023-11-21,UUP,stock,29.14,29.28,29.1376,29.24,1349738,2023-11-21,2023-11-21,36.1548,26.6144,25.9278,26.5728
2023-11-20,UUP,stock,29.25,29.26,29.1701,29.21,1715388,2023-11-20,2023-11-20,34.8091,26.6473,25.9240,26.5838
2023-11-17,UUP,stock,29.39,29.415,29.3,29.3,1455137,2023-11-17,2023-11-17,36.9804,26.6864,25.9205,26.5964
2023-11-16,UUP,stock,29.42,29.47,29.345,29.46,790879,2023-11-16,2023-11-16,41.2256,26.7211,25.9161,26.6062
2023-11-15,UUP,stock,29.42,29.48,29.3849,29.44,1378304,2023-11-15,2023-11-15,40.4319,26.7444,25.9102,26.6105
2023-11-14,UUP,stock,29.51,29.5159,29.32,29.33,2938464,2023-11-14,2023-11-14,36.0192,26.7719,25.9045,26.6158
2023-11-13,UUP,stock,29.85,29.88,29.7784,29.8,3831765,2023-11-13,2023-11-13,51.0120,26.8128,25.8996,26.6252
2023-11-10,UUP,stock,29.84,29.89,29.8201,29.84,836205,2023-11-10,2023-11-10,52.7471,26.8135,25.8905,26.6179
2023-11-09,UUP,stock,29.74,29.87,29.7,29.86,1062429,2023-11-09,2023-11-09,53.5935,26.8105,25.8810,26.6087
2023-11-08,UUP,stock,29.79,29.8,29.71,29.73,585343,2023-11-08,2023-11-08,48.6173,26.8053,25.8711,26.5984
2023-11-07,UUP,stock,29.77,29.7957,29.702,29.74,1004601,2023-11-07,2023-11-07,48.9926,26.8118,25.8624,26.5925
2023-11-06,UUP,stock,29.59,29.65,29.56,29.64,1530039,2023-11-06,2023-11-06,45.0545,26.8181,25.8534,26.5860
2023-11-03,UUP,stock,29.65,29.6951,29.5548,29.61,3525393,2023-11-03,2023-11-03,43.8469,26.8345,25.8453,26.5829
2023-11-02,UUP,stock,29.84,29.9359,29.81,29.89,1849898,2023-11-02,2023-11-02,54.1647,26.8555,25.8373,26.5808
2023-11-01,UUP,stock,30.13,30.165,30.02,30.04,3264614,2023-11-01,2023-11-01,61.3458,26.8521,25.8268,26.5682
2023-10-31,UUP,stock,29.95,30.07,29.9303,30.03,970378,2023-10-31,2023-10-31,61.0259,26.8343,25.8148,26.5497
2023-10-30,UUP,stock,29.92,29.93,29.84,29.85,719486,2023-10-30,2023-10-30,54.7701,26.8154,25.8027,26.5308
2023-10-27,UUP,stock,29.95,30,29.915,29.97,1032351,2023-10-27,2023-10-27,60.8127,26.8117,25.7922,26.5177
2023-10-26,UUP,stock,29.99,30.065,29.97,30.01,1026392,2023-10-26,2023-10-26,62.9628,26.7962,25.7805,26.4997
2023-10-25,UUP,stock,29.94,29.955,29.875,29.94,1347081,2023-10-25,2023-10-25,60.7052,26.7752,25.7683,26.4795
2023-10-24,UUP,stock,29.8,29.885,29.79,29.86,1564939,2023-10-24,2023-10-24,57.9874,26.7587,25.7566,26.4610
2023-10-23,UUP,stock,29.84,29.87,29.66,29.69,1462923,2023-10-23,2023-10-23,51.3478,26.7480,25.7455,26.4447
2023-10-20,UUP,stock,29.84,29.88,29.82,29.84,769469,2023-10-20,2023-10-20,58.9856,26.7523,25.7358,26.4340
2023-10-19,UUP,stock,29.89,29.91,29.77,29.83,1728957,2023-10-19,2023-10-19,58.6045,26.7428,25.7247,26.4174
2023-10-18,UUP,stock,29.88,29.95,29.86,29.92,799045,2023-10-18,2023-10-18,63.5395,26.7333,25.7136,26.4004
2023-10-17,UUP,stock,29.88,29.89,29.77,29.81,603386,2023-10-17,2023-10-17,59.6867,26.7143,25.7015,26.3794
2023-10-16,UUP,stock,29.87,29.9199,29.8,29.8,761470,2023-10-16,2023-10-16,59.3239,26.7037,25.6903,26.3616
2023-10-13,UUP,stock,29.91,29.975,29.9,29.93,942234,2023-10-13,2023-10-13,66.5551,26.6929,25.6791,26.3435
2023-10-12,UUP,stock,29.76,29.92,29.76,29.91,1691075,2023-10-12,2023-10-12,65.9624,26.6687,25.6666,26.3198
2023-10-11,UUP,stock,29.64,29.74,29.61,29.66,1343605,2023-10-11,2023-10-11,57.1476,26.6438,25.6541,26.2959
2023-10-10,UUP,stock,29.71,29.73,29.635,29.66,2275942,2023-10-10,2023-10-10,57.1476,26.6399,25.6438,26.2802
2023-10-09,UUP,stock,29.82,29.8299,29.73,29.73,1777668,2023-10-09,2023-10-09,60.9589,26.6357,25.6334,26.2639
2023-10-06,UUP,stock,29.91,29.95,29.7001,29.74,1491991,2023-10-06,2023-10-06,61.5031,26.6244,25.6222,26.2444
2023-10-05,UUP,stock,29.86,29.9,29.8,29.8,1368308,2023-10-05,2023-10-05,64.7217,26.6109,25.6109,26.2236
2023-10-04,UUP,stock,29.89,29.98,29.88,29.9,1114855,2023-10-04,2023-10-04,70.4256,26.5903,25.5989,26.1999
2023-10-03,UUP,stock,30,30.07,29.92,29.99,2486354,2023-10-03,2023-10-03,76.0249,26.5582,25.5858,26.1714
2023-10-02,UUP,stock,29.85,29.97,29.85,29.96,3727350,2023-10-02,2023-10-02,75.4200,26.5141,25.5719,26.1385
2023-09-29,UUP,stock,29.65,29.75,29.65,29.73,1590281,2023-09-29,2023-09-29,70.0385,26.4682,25.5580,26.1054
2023-09-28,UUP,stock,29.76,29.79,29.685,29.71,1106364,2023-09-28,2023-09-28,69.4993,26.4392,25.5461,26.0794
2023-09-27,UUP,stock,29.8,29.9099,29.79,29.87,1609904,2023-09-27,2023-09-27,80.2244,26.4091,25.5342,26.0530
2023-09-26,UUP,stock,29.66,29.74,29.65,29.73,1642651,2023-09-26,2023-09-26,77.3894,26.3607,25.5208,26.0197
2023-09-25,UUP,stock,29.62,29.69,29.6122,29.64,1412582,2023-09-25,2023-09-25,75.2733,26.3204,25.5085,25.9902
2023-09-22,UUP,stock,29.53,29.5552,29.46,29.53,1065162,2023-09-22,2023-09-22,72.3350,26.2844,25.4969,25.9628
2023-09-21,UUP,stock,29.5,29.53,29.44,29.46,981559,2023-09-21,2023-09-21,70.2456,26.2551,25.4862,25.9382
2023-09-20,UUP,stock,29.35,29.455,29.26,29.44,828479,2023-09-20,2023-09-20,69.6373,26.2292,25.4760,25.9153
2023-09-19,UUP,stock,29.35,29.4,29.33,29.39,366527,2023-09-19,2023-09-19,68.1243,26.2026,25.4659,25.8922
2023-09-18,UUP,stock,29.4,29.44,29.3401,29.37,479566,2023-09-18,2023-09-18,67.5232,26.1779,25.4562,25.8699
2023-09-15,UUP,stock,29.42,29.44,29.365,29.42,1295907,2023-09-15,2023-09-15,70.6144,26.1524,25.4465,25.8475
2023-09-14,UUP,stock,29.37,29.45,29.33,29.44,1268512,2023-09-14,2023-09-14,71.8359,26.1196,25.4362,25.8223
2023-09-13,UUP,stock,29.23,29.26,29.185,29.26,549401,2023-09-13,2023-09-13,67.0764,26.0814,25.4257,25.7953
2023-09-12,UUP,stock,29.27,29.28,29.21,29.24,1827181,2023-09-12,2023-09-12,66.4921,26.0563,25.4167,25.7739
2023-09-11,UUP,stock,29.2,29.22,29.15,29.19,630468,2023-09-11,2023-09-11,65.0525,26.0304,25.4078,25.7523
2023-09-08,UUP,stock,29.29,29.33,29.208,29.33,1033469,2023-09-08,2023-09-08,73.2331,26.0065,25.3993,25.7317
2023-09-07,UUP,stock,29.29,29.34,29.2799,29.3,1034581,2023-09-07,2023-09-07,72.5462,25.9668,25.3894,25.7051
2023-09-06,UUP,stock,29.21,29.29,29.1806,29.23,647568,2023-09-06,2023-09-06,70.9296,25.9258,25.3797,25.6785
2023-09-05,UUP,stock,29.16,29.25,29.155,29.22,1215555,2023-09-05,2023-09-05,70.7008,25.8871,25.3705,25.6534
2023-09-01,UUP,stock,28.82,29.08,28.81,29.07,1260471,2023-09-01,2023-09-01,67.0925,25.8452,25.3613,25.6277
2023-08-31,UUP,stock,28.86,28.92,28.86,28.89,2707844,2023-08-31,2023-08-31,61.8584,25.8132,25.3534,25.6064
2023-08-30,UUP,stock,28.71,28.755,28.66,28.75,2983629,2023-08-30,2023-08-30,56.9084,25.7948,25.3470,25.5908
2023-08-29,UUP,stock,29.07,29.07,28.79,28.8,2199148,2023-08-29,2023-08-29,59.4678,25.7878,25.3419,25.5798
2023-08-28,UUP,stock,28.99,29.01,28.96,28.96,710662,2023-08-28,2023-08-28,68.6411,25.7753,25.3362,25.5664
2023-08-25,UUP,stock,28.97,29.09,28.89,29.01,2377413,2023-08-25,2023-08-25,71.8576,25.7463,25.3290,25.5467
2023-08-24,UUP,stock,28.89,28.97,28.84,28.97,1421041,2023-08-24,2023-08-24,70.8426,25.7095,25.3213,25.5243
2023-08-23,UUP,stock,28.87,28.8797,28.74,28.74,2112758,2023-08-23,2023-08-23,63.8890,25.6727,25.3139,25.5024
2023-08-22,UUP,stock,28.8,28.86,28.79,28.84,649069,2023-08-22,2023-08-22,70.6958,25.6537,25.3085,25.4881
2023-08-21,UUP,stock,28.75,28.79,28.72,28.74,2276655,2023-08-21,2023-08-21,67.4784,25.6233,25.3021,25.4696
2023-08-18,UUP,stock,28.79,28.8095,28.7338,28.77,677115,2023-08-18,2023-08-18,69.6074,25.5992,25.2966,25.4539
2023-08-17,UUP,stock,28.67,28.81,28.6644,28.75,686728,2023-08-17,2023-08-17,69.0019,25.5697,25.2907,25.4366
2023-08-16,UUP,stock,28.68,28.78,28.65,28.76,1066895,2023-08-16,2023-08-16,69.6461,25.5389,25.2850,25.4192
2023-08-15,UUP,stock,28.61,28.7,28.58,28.68,952914,2023-08-15,2023-08-15,67.3843,25.5040,25.2791,25.4008
2023-08-14,UUP,stock,28.71,28.7451,28.5949,28.67,846890,2023-08-14,2023-08-14,67.0998,25.4730,25.2738,25.3845
2023-08-11,UUP,stock,28.54,28.5899,28.49,28.57,1444904,2023-08-11,2023-08-11,64.1996,25.4396,25.2687,25.3680
2023-08-10,UUP,stock,28.4,28.51,28.33,28.51,1192438,2023-08-10,2023-08-10,62.3505,25.4123,25.2643,25.3545
2023-08-09,UUP,stock,28.43,28.46,28.39,28.46,889064,2023-08-09,2023-08-09,60.7831,25.3877,25.2605,25.3426
2023-08-08,UUP,stock,28.48,28.53,28.44,28.44,649240,2023-08-08,2023-08-08,60.1672,25.3652,25.2571,25.3320
2023-08-07,UUP,stock,28.31,28.36,28.29,28.31,348343,2023-08-07,2023-08-07,55.9957,25.3423,25.2538,25.3218
2023-08-04,UUP,stock,28.26,28.31,28.22,28.29,851820,2023-08-04,2023-08-04,55.3274,25.3293,25.2517,25.3159
2023-08-03,UUP,stock,28.49,28.505,28.39,28.43,519608,2023-08-03,2023-08-03,61.3876,25.3168,25.2497,25.3105
2023-08-02,UUP,stock,28.4,28.4999,28.4,28.45,727315,2023-08-02,2023-08-02,62.2927,25.2898,25.2464,25.2998
2023-08-01,UUP,stock,28.34,28.39,28.3025,28.35,1082029,2023-08-01,2023-08-01,59.5218,25.2580,25.2430,25.2879
2023-07-31,UUP,stock,28.2,28.24,28.135,28.22,889012,2023-07-31,2023-07-31,55.5815,25.2323,25.2404,25.2791
2023-07-28,UUP,stock,28.18,28.1999,28.09,28.17,1144752,2023-07-28,2023-07-28,53.9817,25.2163,25.2389,25.2748
2023-07-27,UUP,stock,28.1,28.216,28.1,28.21,3183547,2023-07-27,2023-07-27,55.4657,25.2033,25.2379,25.2721
2023-07-26,UUP,stock,28.02,28.05,27.92,27.95,1435650,2023-07-26,2023-07-26,46.6062,25.1851,25.2365,25.2679
2023-07-25,UUP,stock,28.14,28.14,28.03,28.03,1526189,2023-07-25,2023-07-25,49.4149,25.1896,25.2375,25.2730
2023-07-24,UUP,stock,28.03,28.07,27.98,28.06,1487746,2023-07-24,2023-07-24,50.4741,25.1870,25.2377,25.2754
2023-07-21,UUP,stock,27.94,28.0008,27.935,27.96,2215686,2023-07-21,2023-07-21,46.9547,25.1814,25.2377,25.2769
2023-07-20,UUP,stock,27.79,27.92,27.7799,27.88,2486584,2023-07-20,2023-07-20,43.9985,25.1845,25.2385,25.2820
2023-07-19,UUP,stock,27.71,27.79,27.6803,27.72,1566959,2023-07-19,2023-07-19,37.5334,25.1957,25.2401,25.2903
2023-07-18,UUP,stock,27.61,27.67,27.58,27.61,671952,2023-07-18,2023-07-18,32.5633,25.2231,25.2432,25.3048
2023-07-17,UUP,stock,27.65,27.69,27.59,27.59,1196872,2023-07-17,2023-07-17,31.6451,25.2638,25.2473,25.3239
2023-07-14,UUP,stock,27.59,27.64,27.5609,27.62,838292,2023-07-14,2023-07-14,32.2568,25.3107,25.2516,25.3445
2023-07-13,UUP,stock,27.66,27.67,27.55,27.57,1183679,2023-07-13,2023-07-13,30.1676,25.3597,25.2557,25.3649
2023-07-12,UUP,stock,27.89,27.89,27.76,27.76,1288114,2023-07-12,2023-07-12,33.8514,25.4186,25.2603,25.3880
2023-07-11,UUP,stock,28.13,28.165,28.07,28.09,2024986,2023-07-11,2023-07-11,42.1529,25.4657,25.2632,25.4050
2023-07-10,UUP,stock,28.27,28.2885,28.15,28.16,1270726,2023-07-10,2023-07-10,44.2924,25.4865,25.2631,25.4106
2023-07-07,UUP,stock,28.39,28.4,28.2201,28.23,1959493,2023-07-07,2023-07-07,46.4832,25.5029,25.2624,25.4138
2023-07-06,UUP,stock,28.47,28.6,28.46,28.47,882768,2023-07-06,2023-07-06,55.1709,25.5143,25.2611,25.4146
2023-07-05,UUP,stock,28.42,28.54,28.42,28.54,828362,2023-07-05,2023-07-05,58.1124,25.5043,25.2576,25.4067
2023-07-03,UUP,stock,28.42,28.4342,28.35,28.41,847261,2023-07-03,2023-07-03,53.8711,25.4866,25.2534,25.3958
2023-06-30,UUP,stock,28.43,28.445,28.35,28.38,1516980,2023-06-30,2023-06-30,52.8480,25.4793,25.2504,25.3893
2023-06-29,UUP,stock,28.5,28.525,28.4399,28.5,722610,2023-06-29,2023-06-29,57.5924,25.4740,25.2476,25.3836
2023-06-28,UUP,stock,28.37,28.435,28.34,28.38,1333175,2023-06-28,2023-06-28,53.7357,25.4569,25.2437,25.3732
2023-06-27,UUP,stock,28.22,28.29,28.2,28.25,1113716,2023-06-27,2023-06-27,49.0771,25.4493,25.2408,25.3669
2023-06-26,UUP,stock,28.32,28.34,28.2901,28.32,1055888,2023-06-26,2023-06-26,51.6790,25.4533,25.2391,25.3650
2023-06-23,UUP,stock,28.31,28.39,28.3,28.35,1626922,2023-06-23,2023-06-23,52.7929,25.4510,25.2367,25.3606
2023-06-22,UUP,stock,28.16,28.22,28.1201,28.2,1311126,2023-06-22,2023-06-22,47.5436,25.4457,25.2341,25.3548
2023-06-21,UUP,stock,28.26,28.28,28.09,28.1,1237713,2023-06-21,2023-06-21,43.6658,25.4539,25.2327,25.3543
2023-06-20,UUP,stock,28.24,28.3,28.225,28.23,1405734,2023-06-20,2023-06-20,47.9442,25.4726,25.2323,25.3575
2023-06-16,UUP,stock,28.11,28.1901,28.09,28.15,1682422,2023-06-16,2023-06-16,44.8568,25.4808,25.2307,25.3560
2023-06-15,UUP,stock,28.27,28.27,28.09,28.1,1918361,2023-06-15,2023-06-15,42.8910,25.4976,25.2297,25.3574
2023-06-14,UUP,stock,28.29,28.41,28.24,28.26,6221177,2023-06-14,2023-06-14,47.9725,25.5208,25.2293,25.3606
2023-06-13,UUP,stock,28.4,28.445,28.36,28.4,2690308,2023-06-13,2023-06-13,53.0823,25.5313,25.2273,25.3582
2023-06-12,UUP,stock,28.47,28.5399,28.46,28.49,1207567,2023-06-12,2023-06-12,56.6867,25.5297,25.2241,25.3505
2023-06-09,UUP,stock,28.45,28.49,28.42,28.48,1252134,2023-06-09,2023-06-09,56.3811,25.5193,25.2201,25.3392
2023-06-08,UUP,stock,28.49,28.49,28.39,28.39,1922174,2023-06-08,2023-06-08,53.6482,25.5089,25.2161,25.3277
2023-06-07,UUP,stock,28.55,28.629,28.475,28.62,890226,2023-06-07,2023-06-07,63.0175,25.5058,25.2128,25.3192
2023-06-06,UUP,stock,28.65,28.665,28.59,28.61,704023,2023-06-06,2023-06-06,62.7549,25.4807,25.2075,25.3018
2023-06-05,UUP,stock,28.64,28.65,28.52,28.52,2170560,2023-06-05,2023-06-05,60.4052,25.4538,25.2022,25.2841
2023-06-02,UUP,stock,28.41,28.5751,28.4,28.57,7704544,2023-06-02,2023-06-02,62.4373,25.4327,25.1976,25.2690
2023-06-01,UUP,stock,28.56,28.56,27.4,28.27,5617573,2023-06-01,2023-06-01,53.7734,25.4045,25.1926,25.2514
2023-05-31,UUP,stock,28.64,28.72,28.59,28.61,1903308,2023-05-31,2023-05-31,71.0097,25.4019,25.1902,25.2441
2023-05-30,UUP,stock,28.52,28.59,28.52,28.56,2059022,2023-05-30,2023-05-30,69.6827,25.3667,25.1847,25.2240
2023-05-26,UUP,stock,28.56,28.64,28.54,28.59,1989385,2023-05-26,2023-05-26,71.5064,25.3326,25.1796,25.2050
2023-05-25,UUP,stock,28.54,28.6052,28.54,28.6,2450128,2023-05-25,2023-05-25,72.0903,25.2921,25.1742,25.1840
2023-05-24,UUP,stock,28.38,28.485,28.375,28.47,2664166,2023-05-24,2023-05-24,69.0380,25.2463,25.1687,25.1619
2023-05-23,UUP,stock,28.36,28.395,28.3101,28.37,925510,2023-05-23,2023-05-23,66.4145,25.2081,25.1642,25.1436
2023-05-22,UUP,stock,28.29,28.32,28.25,28.29,1093438,2023-05-22,2023-05-22,64.1584,25.1752,25.1607,25.1282
2023-05-19,UUP,stock,28.3,28.335,28.21,28.27,1897384,2023-05-19,2023-05-19,63.5906,25.1465,25.1578,25.1152
2023-05-18,UUP,stock,28.29,28.37,28.29,28.35,2358149,2023-05-18,2023-05-18,67.5661,25.1167,25.1550,25.1023
2023-05-17,UUP,stock,28.15,28.22,28.125,28.14,1376265,2023-05-17,2023-05-17,61.7351,25.0762,25.1516,25.0860
2023-05-16,UUP,stock,28.05,28.105,28,28.09,2217444,2023-05-16,2023-05-16,60.1513,25.0513,25.1499,25.0768
2023-05-15,UUP,stock,28.05,28.0699,28.02,28.02,1000257,2023-05-15,2023-05-15,57.8850,25.0284,25.1488,25.0690
2023-05-12,UUP,stock,27.97,28.1,27.96,28.1,2961147,2023-05-12,2023-05-12,61.6029,25.0099,25.1482,25.0634
2023-05-11,UUP,stock,27.88,27.94,27.8601,27.92,3647196,2023-05-11,2023-05-11,55.6517,24.9817,25.1469,25.0547
2023-05-10,UUP,stock,27.71,27.775,27.685,27.74,1378974,2023-05-10,2023-05-10,48.1961,24.9677,25.1472,25.0522
2023-05-09,UUP,stock,27.81,27.83,27.755,27.79,1240325,2023-05-09,2023-05-09,50.3808,24.9692,25.1492,25.0563
2023-05-08,UUP,stock,27.63,27.71,27.62,27.7,1426673,2023-05-08,2023-05-08,46.3133,24.9662,25.1507,25.0587
2023-05-05,UUP,stock,27.75,27.77,27.64,27.66,2238116,2023-05-05,2023-05-05,44.4334,24.9714,25.1530,25.0644
2023-05-04,UUP,stock,27.7,27.745,27.65,27.7,3589377,2023-05-04,2023-05-04,45.9267,24.9809,25.1558,25.0719
2023-05-03,UUP,stock,27.72,27.74,27.595,27.67,3155002,2023-05-03,2023-05-03,44.6308,24.9876,25.1582,25.0782
2023-05-02,UUP,stock,27.93,27.97,27.81,27.82,7964757,2023-05-02,2023-05-02,50.2186,24.9978,25.1608,25.0859
2023-05-01,UUP,stock,27.77,27.91,27.765,27.89,3558828,2023-05-01,2023-05-01,53.0994,24.9949,25.1622,25.0884
2023-04-28,UUP,stock,27.8,27.836,27.7,27.75,3285777,2023-04-28,2023-04-28,47.5070,24.9851,25.1630,25.0884
2023-04-27,UUP,stock,27.77,27.79,27.69,27.71,1971178,2023-04-27,2023-04-27,45.7921,24.9875,25.1650,25.0936
2023-04-26,UUP,stock,27.57,27.71,27.56,27.7,2394806,2023-04-26,2023-04-26,45.3779,24.9940,25.1674,25.1004
2023-04-25,UUP,stock,27.72,27.815,27.72,27.79,2056509,2023-04-25,2023-04-25,48.4735,25.0021,25.1699,25.1079
2023-04-24,UUP,stock,27.71,27.73,27.64,27.66,1424516,2023-04-24,2023-04-24,43.2840,25.0025,25.1716,25.1123
2023-04-21,UUP,stock,27.74,27.86,27.73,27.75,1885498,2023-04-21,2023-04-21,46.2805,25.0153,25.1745,25.1218
2023-04-20,UUP,stock,27.76,27.78,27.71,27.78,1992418,2023-04-20,2023-04-20,47.2939,25.0209,25.1767,25.1283
2023-04-19,UUP,stock,27.76,27.8,27.725,27.78,2011198,2023-04-19,2023-04-19,47.2939,25.0242,25.1786,25.1340
2023-04-18,UUP,stock,27.77,27.79,27.72,27.72,1713376,2023-04-18,2023-04-18,45.2255,25.0279,25.1805,25.1399
2023-04-17,UUP,stock,27.78,27.86,27.76,27.82,2010368,2023-04-17,2023-04-17,48.1498,25.0377,25.1829,25.1482
2023-04-14,UUP,stock,27.57,27.72,27.56,27.68,2777446,2023-04-14,2023-04-14,43.3914,25.0390,25.1845,25.1533
2023-04-13,UUP,stock,27.5,27.5256,27.4608,27.52,2468314,2023-04-13,2023-04-13,37.2833,25.0537,25.1874,25.1636
2023-04-12,UUP,stock,27.65,27.7,27.62,27.65,2645671,2023-04-12,2023-04-12,40.5874,25.0851,25.1917,25.1803
2023-04-11,UUP,stock,27.79,27.85,27.7701,27.8,785124,2023-04-11,2023-04-11,44.8455,25.1076,25.1949,25.1929
2023-04-10,UUP,stock,27.93,27.98,27.9,27.9,1882512,2023-04-10,2023-04-10,47.9604,25.1181,25.1968,25.2005
2023-04-06,UUP,stock,27.79,27.8,27.69,27.74,2156563,2023-04-06,2023-04-06,41.9723,25.1204,25.1978,25.2047
2023-04-05,UUP,stock,27.65,27.76,27.5901,27.72,2528892,2023-04-05,2023-04-05,41.1868,25.1380,25.2003,25.2150
2023-04-04,UUP,stock,27.75,27.76,27.6,27.64,2610690,2023-04-04,2023-04-04,38.0732,25.1593,25.2029,25.2264
2023-04-03,UUP,stock,27.83,27.86,27.74,27.75,1753502,2023-04-03,2023-04-03,40.8333,25.1905,25.2064,25.2412
2023-03-31,UUP,stock,27.84,27.9,27.79,27.88,2569758,2023-03-31,2023-03-31,44.3626,25.2145,25.2088,25.2526
2023-03-30,UUP,stock,27.78,27.81,27.76,27.78,1006600,2023-03-30,2023-03-30,40.7017,25.2288,25.2101,25.2597
2023-03-29,UUP,stock,27.91,27.945,27.87,27.91,1684131,2023-03-29,2023-03-29,44.2136,25.2540,25.2123,25.2707
2023-03-28,UUP,stock,27.88,27.92,27.83,27.84,2077155,2023-03-28,2023-03-28,41.6983,25.2696,25.2134,25.2774
2023-03-27,UUP,stock,27.99,28,27.94,27.94,1910560,2023-03-27,2023-03-27,44.3509,25.2934,25.2151,25.2870
2023-03-24,UUP,stock,28,28.06,28,28.03,2368681,2023-03-24,2023-03-24,46.8411,25.3103,25.2159,25.2933
2023-03-23,UUP,stock,27.78,27.885,27.73,27.86,3328878,2023-03-23,2023-03-23,41.0341,25.3204,25.2160,25.2965
2023-03-22,UUP,stock,27.99,28.04,27.71,27.82,5645553,2023-03-22,2023-03-22,39.5923,25.3477,25.2175,25.3061
2023-03-21,UUP,stock,27.99,28.065,27.97,28.03,2354906,2023-03-21,2023-03-21,44.9503,25.3817,25.2195,25.3176
2023-03-20,UUP,stock,28.06,28.09,28.04,28.04,2226288,2023-03-20,2023-03-20,45.2209,25.3993,25.2195,25.3218
2023-03-17,UUP,stock,28.29,28.325,28.15,28.2,2192368,2023-03-17,2023-03-17,49.6628,25.4179,25.2195,25.3259
2023-03-16,UUP,stock,28.39,28.41,28.3137,28.36,2670134,2023-03-16,2023-03-16,54.6471,25.4232,25.2180,25.3242
2023-03-15,UUP,stock,28.47,28.5136,28.375,28.39,5141870,2023-03-15,2023-03-15,55.6190,25.4140,25.2151,25.3166
2023-03-14,UUP,stock,28.11,28.195,28.08,28.09,3386419,2023-03-14,2023-03-14,46.8399,25.4010,25.2118,25.3075
2023-03-13,UUP,stock,28.16,28.19,28.06,28.09,5300226,2023-03-13,2023-03-13,46.8399,25.4150,25.2112,25.3091
2023-03-10,UUP,stock,28.35,28.37,28.195,28.35,5632846,2023-03-10,2023-03-10,54.9648,25.4304,25.2107,25.3108
2023-03-09,UUP,stock,28.55,28.56,28.5,28.53,2749270,2023-03-09,2023-03-09,61.8633,25.4229,25.2077,25.3030
2023-03-08,UUP,stock,28.61,28.67,28.5499,28.61,3127649,2023-03-08,2023-03-08,65.2426,25.3976,25.2032,25.2883
2023-03-07,UUP,stock,28.35,28.63,28.34,28.62,4149326,2023-03-07,2023-03-07,65.6590,25.3620,25.1978,25.2700
2023-03-06,UUP,stock,28.28,28.305,28.21,28.27,4169059,2023-03-06,2023-03-06,56.6739,25.3217,25.1923,25.2507
2023-03-03,UUP,stock,28.37,28.4499,28.3,28.31,2795081,2023-03-03,2023-03-03,58.2925,25.3103,25.1899,25.2434
2023-03-02,UUP,stock,28.46,28.49,28.4,28.42,3976396,2023-03-02,2023-03-02,62.8780,25.2939,25.1872,25.2343
2023-03-01,UUP,stock,28.26,28.34,28.22,28.27,3932261,2023-03-01,2023-03-01,58.7713,25.2654,25.1834,25.2208
2023-02-28,UUP,stock,28.31,28.42,28.26,28.42,4060401,2023-02-28,2023-02-28,65.4998,25.2481,25.1809,25.2122
2023-02-27,UUP,stock,28.379,28.3954,28.2901,28.34,3470276,2023-02-27,2023-02-27,63.4261,25.2147,25.1770,25.1979
2023-02-24,UUP,stock,28.49,28.5,28.44,28.49,4869346,2023-02-24,2023-02-24,70.8392,25.1854,25.1738,25.1858
2023-02-23,UUP,stock,28.27,28.35,28.245,28.28,4056551,2023-02-23,2023-02-23,65.6147,25.1389,25.1693,25.1678
2023-02-22,UUP,stock,28.18,28.29,28.14,28.27,1745208,2023-02-22,2023-02-22,65.3401,25.1073,25.1666,25.1567
2023-02-21,UUP,stock,28.13,28.2,28.06,28.18,2532007,2023-02-21,2023-02-21,62.8617,25.0733,25.1639,25.1456
2023-02-17,UUP,stock,28.19,28.2301,28.07,28.09,4187783,2023-02-17,2023-02-17,60.2203,25.0443,25.1621,25.1373
2023-02-16,UUP,stock,28.14,28.1799,28.06,28.11,4101825,2023-02-16,2023-02-16,61.1172,25.0208,25.1610,25.1319
2023-02-15,UUP,stock,28.09,28.1356,28.06,28.07,4807971,2023-02-15,2023-02-15,60.0111,24.9928,25.1597,25.1256
2023-02-14,UUP,stock,27.92,27.97,27.78,27.88,3456909,2023-02-14,2023-02-14,54.2734,24.9658,25.1588,25.1206
2023-02-13,UUP,stock,27.99,28,27.8836,27.9,2010618,2023-02-13,2023-02-13,55.0454,24.9539,25.1596,25.1222
2023-02-10,UUP,stock,27.9,28.01,27.88,27.98,3201923,2023-02-10,2023-02-10,58.1158,24.9388,25.1603,25.1233
2023-02-09,UUP,stock,27.71,27.89,27.71,27.89,3609015,2023-02-09,2023-02-09,55.5242,24.9145,25.1602,25.1214
2023-02-08,UUP,stock,27.88,27.94,27.8601,27.93,1416508,2023-02-08,2023-02-08,56.9792,24.8963,25.1609,25.1228
2023-02-07,UUP,stock,28.01,28.06,27.7901,27.9,4282759,2023-02-07,2023-02-07,56.1795,24.8723,25.1613,25.1227
2023-02-06,UUP,stock,27.9,28.01,27.87,27.95,6884374,2023-02-06,2023-02-06,57.8435,24.8486,25.1619,25.1238
2023-02-03,UUP,stock,27.65,27.79,27.6,27.79,7868236,2023-02-03,2023-02-03,53.7750,24.8177,25.1621,25.1230
2023-02-02,UUP,stock,27.32,27.48,27.31,27.43,4302143,2023-02-02,2023-02-02,42.1001,24.7988,25.1638,25.1281
2023-02-01,UUP,stock,27.43,27.51,27.22,27.25,7137953,2023-02-01,2023-02-01,34.4087,24.8119,25.1687,25.1466
2023-01-31,UUP,stock,27.55,27.61,27.5,27.51,2126339,2023-01-31,2023-01-31,41.8686,24.8434,25.1753,25.1725
2023-01-30,UUP,stock,27.48,27.57,27.445,27.57,3006503,2023-01-30,2023-01-30,43.9085,24.8536,25.1796,25.1899
2023-01-27,UUP,stock,27.52,27.54,27.44,27.47,2554438,2023-01-27,2023-01-27,39.3342,24.8592,25.1834,25.2058
2023-01-26,UUP,stock,27.4,27.52,27.39,27.43,2657089,2023-01-26,2023-01-26,37.4392,24.8749,25.1882,25.2261
2023-01-25,UUP,stock,27.44,27.47,27.345,27.36,2230984,2023-01-25,2023-01-25,34.0939,24.8960,25.1933,25.2486
2023-01-24,UUP,stock,27.49,27.58,27.43,27.45,1753977,2023-01-24,2023-01-24,36.4189,24.9260,25.1992,25.2746
2023-01-23,UUP,stock,27.51,27.5299,27.4411,27.48,3615646,2023-01-23,2023-01-23,37.2042,24.9506,25.2043,25.2984
2023-01-20,UUP,stock,27.56,27.6,27.44,27.44,2634992,2023-01-20,2023-01-20,35.4817,24.9749,25.2091,25.3220
2023-01-19,UUP,stock,27.5,27.57,27.44,27.48,2509112,2023-01-19,2023-01-19,36.4091,25.0056,25.2144,25.3481
2023-01-18,UUP,stock,27.33,27.566,27.3123,27.55,3212964,2023-01-18,2023-01-18,38.0240,25.0358,25.2194,25.3737
2023-01-17,UUP,stock,27.44,27.58,27.41,27.55,2566944,2023-01-17,2023-01-17,38.0240,25.0625,25.2238,25.3979
2023-01-13,UUP,stock,27.55,27.56,27.46,27.47,2049503,2023-01-13,2023-01-13,35.1913,25.0920,25.2282,25.4230
2023-01-12,UUP,stock,27.57,27.745,27.44,27.48,4370486,2023-01-12,2023-01-12,35.3790,25.1322,25.2334,25.4521
2023-01-11,UUP,stock,27.74,27.805,27.72,27.75,1929830,2023-01-11,2023-01-11,40.8400,25.1756,25.2386,25.4820
2023-01-10,UUP,stock,27.73,27.79,27.69,27.75,1670154,2023-01-10,2023-01-10,40.8400,25.1981,25.2414,25.5032
2023-01-09,UUP,stock,27.78,27.7899,27.66,27.73,9855120,2023-01-09,2023-01-09,40.2509,25.2229,25.2442,25.5253
2023-01-06,UUP,stock,28.26,28.3278,27.9,27.9,3793977,2023-01-06,2023-01-06,43.6840,25.2523,25.2472,25.5490
2023-01-05,UUP,stock,28.201,28.3,28.19,28.27,3417767,2023-01-05,2023-01-05,52.7822,25.2686,25.2487,25.5675
2023-01-04,UUP,stock,27.97,28.0689,27.94,28.01,1979142,2023-01-04,2023-01-04,45.3560,25.2516,25.2469,25.5731
2023-01-03,UUP,stock,28.07,28.1599,27.9901,28.11,4482567,2023-01-03,2023-01-03,48.0553,25.2575,25.2474,25.5885
2022-12-30,UUP,stock,27.86,27.929,27.77,27.81,3437230,2022-12-30,2022-12-30,37.7323,25.2545,25.2470,25.6008
2022-12-29,UUP,stock,27.95,27.98,27.87,27.9,2110509,2022-12-29,2022-12-29,39.9436,25.2796,25.2493,25.6247
2022-12-28,UUP,stock,27.92,28.07,27.88,28.07,1992120,2022-12-28,2022-12-28,44.5198,25.2988,25.2509,25.6462
2022-12-27,UUP,stock,28,28.01,27.92,27.97,3022416,2022-12-27,2022-12-27,40.8162,25.3039,25.2509,25.6624
2022-12-23,UUP,stock,28.01,28.05,27.945,27.98,1852301,2022-12-23,2022-12-23,41.0708,25.3191,25.2518,25.6829
2022-12-22,UUP,stock,28,28.06,27.9749,27.99,2744638,2022-12-22,2022-12-22,41.3100,25.3349,25.2526,25.7039
2022-12-21,UUP,stock,27.92,27.99,27.87,27.95,4431777,2022-12-21,2022-12-21,40.0120,25.3514,25.2534,25.7253
2022-12-20,UUP,stock,27.92,27.9382,27.81,27.88,3683595,2022-12-20,2022-12-20,37.7756,25.3734,25.2545,25.7491
2022-12-19,UUP,stock,28.03,28.12,27.99,28.07,5859361,2022-12-19,2022-12-19,41.6931,25.4044,25.2563,25.7765
2022-12-16,UUP,stock,28.28,28.33,28.2,28.31,5050292,2022-12-16,2022-12-16,41.4992,25.4206,25.2563,25.7980
2022-12-15,UUP,stock,28.06,28.35,28.035,28.26,9087002,2022-12-15,2022-12-15,40.0972,25.4392,25.2564,25.8206
2022-12-14,UUP,stock,28.09,28.17,27.95,28,5789148,2022-12-14,2022-12-14,32.2584,25.4645,25.2570,25.8459
2022-12-13,UUP,stock,28.029,28.15,28.02,28.13,9962163,2022-12-13,2022-12-13,34.3451,25.5168,25.2599,25.8818
2022-12-12,UUP,stock,28.34,28.45,28.29,28.38,4195225,2022-12-12,2022-12-12,38.8304,25.5624,25.2617,25.9144
2022-12-09,UUP,stock,28.34,28.39,28.23,28.36,2642984,2022-12-09,2022-12-09,38.2311,25.5893,25.2612,25.9392
2022-12-08,UUP,stock,28.36,28.4,28.29,28.3,2483418,2022-12-08,2022-12-08,36.4982,25.6209,25.2610,25.9657
2022-12-07,UUP,stock,28.37,28.4555,28.35,28.39,2869868,2022-12-07,2022-12-07,37.9824,25.6615,25.2612,25.9955
2022-12-06,UUP,stock,28.4,28.5299,28.34,28.48,4039378,2022-12-06,2022-12-06,39.4730,25.6980,25.2607,26.0233
2022-12-05,UUP,stock,28.249,28.47,28.22,28.46,5149210,2022-12-05,2022-12-05,38.9789,25.7298,25.2593,26.0489
2022-12-02,UUP,stock,28.36,28.44,28.2,28.23,3845591,2022-12-02,2022-12-02,33.1509,25.7668,25.2581,26.0763
2022-12-01,UUP,stock,28.31,28.38,28.24,28.26,6989549,2022-12-01,2022-12-01,33.5389,25.8293,25.2590,26.1132
2022-11-30,UUP,stock,28.72,28.92,28.54,28.61,4062322,2022-11-30,2022-11-30,38.4084,25.8956,25.2596,26.1505
2022-11-29,UUP,stock,28.8,28.84,28.7,28.84,1322534,2022-11-29,2022-11-29,42.1419,25.9361,25.2571,26.1765
2022-11-28,UUP,stock,28.56,28.8,28.53,28.79,2836633,2022-11-28,2022-11-28,40.9839,25.9592,25.2524,26.1953
2022-11-25,UUP,stock,28.66,28.69,28.57,28.58,1306413,2022-11-25,2022-11-25,35.9871,25.9894,25.2482,26.2167
2022-11-23,UUP,stock,28.8,28.8052,28.571,28.58,4713236,2022-11-23,2022-11-23,35.9871,26.0425,25.2458,26.2465
2022-11-22,UUP,stock,28.97,28.99,28.87,28.88,3116292,2022-11-22,2022-11-22,40.1773,26.1012,25.2434,26.2776
2022-11-21,UUP,stock,29.03,29.105,29,29.06,3623272,2022-11-21,2022-11-21,42.9645,26.1379,25.2383,26.2991
2022-11-18,UUP,stock,28.75,28.835,28.7,28.81,3321424,2022-11-18,2022-11-18,37.3602,26.1616,25.2316,26.3148
2022-11-17,UUP,stock,28.83,28.875,28.73,28.73,3651968,2022-11-17,2022-11-17,35.4763,26.2112,25.2269,26.3403
2022-11-16,UUP,stock,28.6,28.72,28.58,28.62,2510649,2022-11-16,2022-11-16,32.8997,26.2736,25.2230,26.3698
2022-11-15,UUP,stock,28.55,28.85,28.52,28.68,5245239,2022-11-15,2022-11-15,33.5789,26.3529,25.2200,26.4044
2022-11-14,UUP,stock,28.83,28.8699,28.7,28.78,6588465,2022-11-14,2022-11-14,34.6870,26.4348,25.2165,26.4383
2022-11-11,UUP,stock,28.811,28.895,28.6133,28.65,8430885,2022-11-11,2022-11-11,31.9771,26.5161,25.2120,26.4700
2022-11-10,UUP,stock,29.26,29.3,29.07,29.07,10429165,2022-11-10,2022-11-10,36.5233,26.6180,25.2086,26.5076
2022-11-09,UUP,stock,29.68,29.8,29.54,29.75,2870793,2022-11-09,2022-11-09,46.4520,26.6913,25.2014,26.5315
2022-11-08,UUP,stock,29.69,29.7,29.44,29.53,4722273,2022-11-08,2022-11-08,41.6899,26.7085,25.1881,26.5317
2022-11-07,UUP,stock,29.71,29.765,29.62,29.66,3220175,2022-11-07,2022-11-07,43.8286,26.7481,25.1766,26.5398
2022-11-04,UUP,stock,30.03,30.13,29.8,29.83,5481392,2022-11-04,2022-11-04,46.7401,26.7797,25.1638,26.5436
2022-11-03,UUP,stock,30.4,30.43,30.27,30.4,8854483,2022-11-03,2022-11-03,58.9280,26.7987,25.1494,26.5413
2022-11-02,UUP,stock,29.92,30.15,29.7,30.15,5319892,2022-11-02,2022-11-02,54.0480,26.7662,25.1297,26.5182
2022-11-01,UUP,stock,29.84,30.075,29.82,30.02,3313748,2022-11-01,2022-11-01,51.2512,26.7537,25.1121,26.5032
2022-10-31,UUP,stock,29.981,30.0499,29.955,30.03,2920785,2022-10-31,2022-10-31,51.4750,26.7521,25.0954,26.4924
2022-10-28,UUP,stock,29.78,29.87,29.74,29.78,2480019,2022-10-28,2022-10-28,46.0016,26.7494,25.0785,26.4807
2022-10-27,UUP,stock,29.68,29.75,29.53,29.73,4313016,2022-10-27,2022-10-27,44.8463,26.7698,25.0637,26.4777
2022-10-26,UUP,stock,29.685,29.69,29.48,29.5,7681018,2022-10-26,2022-10-26,39.2987,26.7971,25.0491,26.4764
2022-10-25,UUP,stock,29.95,29.95,29.79,29.81,5338916,2022-10-25,2022-10-25,44.9583,26.8489,25.0365,26.4833
2022-10-24,UUP,stock,30.21,30.225,30.065,30.14,3132178,2022-10-24,2022-10-24,52.4207,26.8770,25.0210,26.4793
2022-10-21,UUP,stock,30.47,30.49,30.05,30.11,6352432,2022-10-21,2022-10-21,51.7445,26.8772,25.0023,26.4631
2022-10-20,UUP,stock,30.31,30.4,30.16,30.37,3437528,2022-10-20,2022-10-20,58.4263,26.8801,24.9838,26.4474
2022-10-19,UUP,stock,30.31,30.41,30.27,30.35,3372908,2022-10-19,2022-10-19,58.0393,26.8590,24.9627,26.4215
2022-10-18,UUP,stock,30.08,30.2299,30.06,30.13,5326527,2022-10-18,2022-10-18,53.6300,26.8375,24.9416,26.3953
2022-10-17,UUP,stock,30.25,30.2675,30.09,30.15,4010009,2022-10-17,2022-10-17,54.1100,26.8344,24.9222,26.3761
2022-10-14,UUP,stock,30.33,30.49,30.305,30.46,3994721,2022-10-14,2022-10-14,62.1108,26.8290,24.9025,26.3553
2022-10-13,UUP,stock,30.56,30.5761,30.14,30.25,7358252,2022-10-13,2022-10-13,58.2253,26.7941,24.8798,26.3224
2022-10-12,UUP,stock,30.46,30.53,30.38,30.45,2466552,2022-10-12,2022-10-12,64.0323,26.7751,24.8588,26.2958
2022-10-11,UUP,stock,30.41,30.49,30.21,30.45,4843125,2022-10-11,2022-10-11,64.0323,26.7354,24.8357,26.2609
2022-10-10,UUP,stock,30.42,30.48,30.32,30.43,4099564,2022-10-10,2022-10-10,63.7203,26.6915,24.8124,26.2245
2022-10-07,UUP,stock,30.24,30.34,30.161,30.3,4732991,2022-10-07,2022-10-07,61.7160,26.6449,24.7891,26.1873
2022-10-06,UUP,stock,30.06,30.2,30,30.18,3243712,2022-10-06,2022-10-06,59.8130,26.6056,24.7667,26.1534
2022-10-05,UUP,stock,29.92,30.03,29.84,29.88,4948996,2022-10-05,2022-10-05,54.5707,26.5734,24.7451,26.1225
2022-10-04,UUP,stock,29.82,29.84,29.58,29.6,12310594,2022-10-04,2022-10-04,48.7802,26.5659,24.7260,26.1012
2022-10-03,UUP,stock,30.165,30.2199,29.962,30.01,3431981,2022-10-03,2022-10-03,59.0067,26.5840,24.7093,26.0892
2022-09-30,UUP,stock,30.27,30.27,30.09,30.15,4762038,2022-09-30,2022-09-30,63.2084,26.5654,24.6887,26.0618
2022-09-29,UUP,stock,30.31,30.355,30.12,30.15,6257254,2022-09-29,2022-09-29,63.2084,26.5318,24.6666,26.0282
2022-09-28,UUP,stock,30.7,30.73,30.23,30.27,9864731,2022-09-28,2022-09-28,66.7196,26.4947,24.6443,25.9933
2022-09-27,UUP,stock,30.59,30.76,30.52,30.67,7688611,2022-09-27,2022-09-27,80.5733,26.4423,24.6207,25.9525
2022-09-26,UUP,stock,30.44,30.7,30.39,30.66,7720994,2022-09-26,2022-09-26,80.4792,26.3469,24.5933,25.8955
2022-09-23,UUP,stock,30.05,30.37,30.05,30.32,4964328,2022-09-23,2022-09-23,76.9552,26.2424,24.5657,25.8366
2022-09-22,UUP,stock,29.77,29.89,29.732,29.85,2553103,2022-09-22,2022-09-22,70.0046,26.1589,24.5409,25.7876
2022-09-21,UUP,stock,29.66,29.92,29.64,29.81,4722023,2022-09-21,2022-09-21,69.2721,26.1106,24.5200,25.7538
2022-09-20,UUP,stock,29.53,29.56,29.46,29.52,2065091,2022-09-20,2022-09-20,63.2273,26.0610,24.4993,25.7200
2022-09-19,UUP,stock,29.5,29.5144,29.36,29.38,1741671,2022-09-19,2022-09-19,59.6708,26.0334,24.4809,25.6953
2022-09-16,UUP,stock,29.5,29.515,29.3392,29.4,3646510,2022-09-16,2022-09-16,60.4463,26.0161,24.4637,25.6748
2022-09-15,UUP,stock,29.41,29.43,29.345,29.4,2349455,2022-09-15,2022-09-15,60.4463,25.9950,24.4461,25.6527
2022-09-14,UUP,stock,29.36,29.4199,29.31,29.38,2120709,2022-09-14,2022-09-14,59.9980,25.9718,24.4283,25.6297
2022-09-13,UUP,stock,29.31,29.46,29.2499,29.44,7862094,2022-09-13,2022-09-13,61.9539,25.9479,24.4105,25.6065
2022-09-12,UUP,stock,29.03,29.06,28.95,29.04,3580943,2022-09-12,2022-09-12,52.3348,25.9159,24.3920,25.5802
2022-09-09,UUP,stock,29.2,29.2282,29.15,29.19,3388928,2022-09-09,2022-09-09,57.3871,25.9181,24.3769,25.5673
2022-09-08,UUP,stock,29.47,29.51,29.37,29.4,2431072,2022-09-08,2022-09-08,65.6227,25.9065,24.3603,25.5485
2022-09-07,UUP,stock,29.64,29.65,29.34,29.34,3382923,2022-09-07,2022-09-07,64.2620,25.8739,24.3416,25.5213
2022-09-06,UUP,stock,29.53,29.625,29.47,29.55,15037175,2022-09-06,2022-09-06,73.7489,25.8435,24.3233,25.4951
2022-09-02,UUP,stock,29.25,29.39,29.18,29.38,2678633,2022-09-02,2022-09-02,70.4721,25.7902,24.3030,25.4602
2022-09-01,UUP,stock,29.29,29.4658,29.27,29.37,4864244,2022-09-01,2022-09-01,70.2694,25.7473,24.2839,25.4301
2022-08-31,UUP,stock,29.2,29.215,29.03,29.11,2497760,2022-08-31,2022-08-31,64.3629,25.7007,24.2648,25.3991
2022-08-30,UUP,stock,29.07,29.22,29.05,29.13,2619696,2022-08-30,2022-08-30,65.2894,25.6737,24.2478,25.3763
2022-08-29,UUP,stock,29.12,29.175,29.055,29.14,3900486,2022-08-29,2022-08-29,65.7287,25.6420,24.2304,25.3518
2022-08-26,UUP,stock,28.86,29.15,28.795,29.13,2743789,2022-08-26,2022-08-26,65.5132,25.6059,24.2128,25.3260
2022-08-25,UUP,stock,29.06,29.0951,28.98,29.02,2440261,2022-08-25,2022-08-25,63.1466,25.5671,24.1950,25.2995
2022-08-24,UUP,stock,29.17,29.21,29,29.07,4544581,2022-08-24,2022-08-24,65.0302,25.5344,24.1781,25.2759
2022-08-23,UUP,stock,29.16,29.1699,28.925,29.05,14555270,2022-08-23,2022-08-23,64.6384,25.4936,24.1606,25.2496
2022-08-22,UUP,stock,29.01,29.2,29.01,29.17,4688228,2022-08-22,2022-08-22,68.9416,25.4505,24.1431,25.2229
2022-08-19,UUP,stock,28.91,28.96,28.885,28.93,3143718,2022-08-19,2022-08-19,64.5600,25.3915,24.1243,25.1907
2022-08-18,UUP,stock,28.58,28.79,28.5762,28.75,2970322,2022-08-18,2022-08-18,60.6985,25.3488,24.1075,25.1660
2022-08-17,UUP,stock,28.54,28.58,28.46,28.53,2704771,2022-08-17,2022-08-17,55.1528,25.3185,24.0921,25.1468
2022-08-16,UUP,stock,28.54,28.54,28.43,28.49,3038709,2022-08-16,2022-08-16,54.0583,25.3057,24.0786,25.1348
2022-08-15,UUP,stock,28.34,28.5,28.34,28.5,4475383,2022-08-15,2022-08-15,54.3663,25.2952,24.0653,25.1238
2022-08-12,UUP,stock,28.23,28.32,28.21,28.25,3069958,2022-08-12,2022-08-12,47.4105,25.2828,24.0517,25.1119
2022-08-11,UUP,stock,28.03,28.14,27.98,28.14,2889325,2022-08-11,2022-08-11,43.9179,25.2925,24.0403,25.1087
2022-08-10,UUP,stock,28.12,28.16,27.98,28.12,6198217,2022-08-10,2022-08-10,43.2819,25.3135,24.0297,25.1094
2022-08-09,UUP,stock,28.36,28.45,28.35,28.43,1437630,2022-08-09,2022-08-09,51.7239,25.3387,24.0192,25.1108
2022-08-08,UUP,stock,28.43,28.47,28.362,28.46,2803435,2022-08-08,2022-08-08,52.6467,25.3374,24.0058,25.1010
2022-08-05,UUP,stock,28.54,28.56,28.46,28.5,3199496,2022-08-05,2022-08-05,53.8357,25.3331,23.9920,25.0897
2022-08-04,UUP,stock,28.43,28.4451,28.24,28.26,2536106,2022-08-04,2022-08-04,47.1903,25.3247,23.9777,25.0765
2022-08-03,UUP,stock,28.41,28.5493,28.4039,28.44,2811273,2022-08-03,2022-08-03,52.4484,25.3378,23.9655,25.0715
2022-08-02,UUP,stock,28.25,28.41,28.21,28.36,15058800,2022-08-02,2022-08-02,50.1563,25.3355,23.9514,25.0597
2022-08-01,UUP,stock,28.19,28.215,28.12,28.18,5826926,2022-08-01,2022-08-01,44.5747,25.3404,23.9380,25.0503
2022-07-29,UUP,stock,28.46,28.495,28.29,28.29,5538646,2022-07-29,2022-07-29,47.5995,25.3628,23.9260,25.0472
2022-07-28,UUP,stock,28.44,28.5373,28.39,28.4,2361514,2022-07-28,2022-07-28,50.8004,25.3771,23.9130,25.0398
2022-07-27,UUP,stock,28.6,28.7,28.39,28.42,4947698,2022-07-27,2022-07-27,51.3838,25.3827,23.8988,25.0282
2022-07-26,UUP,stock,28.58,28.66,28.5769,28.66,2452418,2022-07-26,2022-07-26,58.9240,25.3869,23.8843,25.0154
2022-07-25,UUP,stock,28.39,28.49,28.38,28.44,2012632,2022-07-25,2022-07-25,53.0611,25.3691,23.8675,24.9933
2022-07-22,UUP,stock,28.52,28.5301,28.35,28.48,3151340,2022-07-22,2022-07-22,54.3713,25.3701,23.8525,24.9784
2022-07-21,UUP,stock,28.64,28.6706,28.52,28.52,2831755,2022-07-21,2022-07-21,55.6472,25.3674,23.8370,24.9613
2022-07-20,UUP,stock,28.49,28.66,28.48,28.6,2222148,2022-07-20,2022-07-20,58.1829,25.3607,23.8209,24.9422
2022-07-19,UUP,stock,28.48,28.525,28.4299,28.52,3228221,2022-07-19,2022-07-19,56.3354,25.3457,23.8040,24.9193
2022-07-18,UUP,stock,28.68,28.71,28.54,28.7,3623254,2022-07-18,2022-07-18,62.0645,25.3367,23.7877,24.8984
2022-07-15,UUP,stock,28.93,28.9604,28.82,28.86,2392006,2022-07-15,2022-07-15,67.7516,25.3098,23.7696,24.8701
2022-07-14,UUP,stock,29.14,29.2,28.9501,29.03,3071131,2022-07-14,2022-07-14,74.4855,25.2651,23.7498,24.8348
2022-07-13,UUP,stock,28.95,28.965,28.7,28.83,1624205,2022-07-13,2022-07-13,71.3778,25.1997,23.7283,24.7919
2022-07-12,UUP,stock,28.89,28.91,28.8,28.89,1586734,2022-07-12,2022-07-12,73.8847,25.1463,23.7084,24.7545
2022-07-11,UUP,stock,28.86,28.92,28.8,28.9,4233469,2022-07-11,2022-07-11,74.2885,25.0815,23.6878,24.7134
2022-07-08,UUP,stock,28.6,28.6699,28.53,28.57,1736262,2022-07-08,2022-07-08,69.1163,25.0090,23.6669,24.6703
2022-07-07,UUP,stock,28.58,28.64,28.53,28.59,2323695,2022-07-07,2022-07-07,69.9078,24.9599,23.6487,24.6374
2022-07-06,UUP,stock,28.56,28.645,28.53,28.58,4650619,2022-07-06,2022-07-06,69.7469,24.9037,23.6302,24.6024
2022-07-05,UUP,stock,28.45,28.52,28.41,28.45,3325534,2022-07-05,2022-07-05,67.6604,24.8425,23.6115,24.5664
2022-07-01,UUP,stock,28.14,28.2075,28.0448,28.05,2964631,2022-07-01,2022-07-01,59.7240,24.7871,23.5938,24.5336
2022-06-30,UUP,stock,28.07,28.0899,27.93,27.96,2113450,2022-06-30,2022-06-30,57.5473,24.7634,23.5796,24.5141
2022-06-29,UUP,stock,27.96,28.0599,27.95,28.05,2025351,2022-06-29,2022-06-29,60.5878,24.7456,23.5660,24.4970
2022-06-28,UUP,stock,27.86,27.91,27.83,27.89,1676881,2022-06-28,2022-06-28,56.8218,24.7176,23.5515,24.4760
2022-06-27,UUP,stock,27.74,27.76,27.66,27.73,1464935,2022-06-27,2022-06-27,52.6176,24.7016,23.5382,24.4599
2022-06-24,UUP,stock,27.82,27.845,27.7445,27.78,1427109,2022-06-24,2022-06-24,54.1475,24.6989,23.5263,24.4491
2022-06-23,UUP,stock,27.85,27.91,27.77,27.84,2163513,2022-06-23,2022-06-23,55.9605,24.6913,23.5138,24.4359
2022-06-22,UUP,stock,27.85,27.8507,27.71,27.81,1780946,2022-06-22,2022-06-22,55.2651,24.6772,23.5006,24.4200
2022-06-21,UUP,stock,27.84,27.9,27.79,27.85,2527889,2022-06-21,2022-06-21,56.3671,24.6644,23.4875,24.4046
2022-06-17,UUP,stock,27.91,28.045,27.9042,27.95,2106909,2022-06-17,2022-06-17,59.1031,24.6466,23.4740,24.3870
2022-06-16,UUP,stock,27.88,27.9552,27.59,27.67,4908011,2022-06-16,2022-06-16,53.1965,24.6175,23.4594,24.3652
2022-06-15,UUP,stock,28.1,28.21,27.9201,27.94,5882042,2022-06-15,2022-06-15,61.0978,24.6116,23.4472,24.3526
2022-06-14,UUP,stock,28.04,28.2099,28.03,28.16,4136687,2022-06-14,2022-06-14,68.8334,24.5798,23.4325,24.3297
2022-06-13,UUP,stock,28,28.125,27.97,28.1,6183805,2022-06-13,2022-06-13,67.8009,24.5239,23.4156,24.2978
2022-06-10,UUP,stock,27.78,27.85,27.77,27.83,2510903,2022-06-10,2022-06-10,62.6280,24.4678,23.3991,24.2668
2022-06-09,UUP,stock,27.43,27.615,27.395,27.61,4253584,2022-06-09,2022-06-09,57.4567,24.4311,23.3849,24.2444
2022-06-08,UUP,stock,27.36,27.41,27.325,27.41,1002510,2022-06-08,2022-06-08,51.8301,24.4113,23.3725,24.2291
2022-06-07,UUP,stock,27.46,27.46,27.3235,27.33,1496562,2022-06-07,2022-06-07,49.3415,24.4081,23.3617,24.2204
2022-06-06,UUP,stock,27.29,27.39,27.28,27.36,2805851,2022-06-06,2022-06-06,50.2454,24.4121,23.3516,24.2143
2022-06-03,UUP,stock,27.25,27.33,27.21,27.3,5713908,2022-06-03,2022-06-03,48.4931,24.4137,23.3411,24.2068
2022-06-02,UUP,stock,27.29,27.325,27.18,27.18,6240982,2022-06-02,2022-06-02,44.8884,24.4210,23.3310,24.2012
2022-06-01,UUP,stock,27.24,27.4583,27.23,27.42,3746360,2022-06-01,2022-06-01,51.5941,24.4405,23.3219,24.1998
2022-05-31,UUP,stock,27.24,27.285,27.17,27.21,2716158,2022-05-31,2022-05-31,44.9071,24.4394,23.3106,24.1896
2022-05-27,UUP,stock,27.18,27.24,27.12,27.16,2677962,2022-05-27,2022-05-27,43.1714,24.4580,23.3010,24.1866
2022-05-26,UUP,stock,27.26,27.275,27.2,27.22,1289391,2022-05-26,2022-05-26,44.7421,24.4831,23.2918,24.1853
2022-05-25,UUP,stock,27.33,27.3699,27.2629,27.31,1545161,2022-05-25,2022-05-25,47.1304,24.5054,23.2819,24.1817
2022-05-24,UUP,stock,27.26,27.27,27.1601,27.21,3642670,2022-05-24,2022-05-24,44.0489,24.5215,23.2712,24.1747
2022-05-23,UUP,stock,27.35,27.3699,27.27,27.29,3716740,2022-05-23,2022-05-23,46.0425,24.5486,23.2612,24.1711
2022-05-20,UUP,stock,27.53,27.61,27.52,27.54,2677628,2022-05-20,2022-05-20,53.0031,24.5712,23.2504,24.1645
2022-05-19,UUP,stock,27.56,27.56,27.44,27.48,6258384,2022-05-19,2022-05-19,51.3645,24.5726,23.2373,24.1484
2022-05-18,UUP,stock,27.69,27.78,27.63,27.77,2183970,2022-05-18,2022-05-18,60.8933,24.5798,23.2246,24.1339
2022-05-17,UUP,stock,27.67,27.69,27.61,27.63,7703781,2022-05-17,2022-05-17,57.3462,24.5606,23.2091,24.1082
2022-05-16,UUP,stock,27.93,27.97,27.84,27.86,1721905,2022-05-16,2022-05-16,66.5554,24.5525,23.1947,24.0866
2022-05-13,UUP,stock,28.07,28.07,27.93,27.97,2855647,2022-05-13,2022-05-13,71.6665,24.5219,23.1782,24.0558
2022-05-12,UUP,stock,27.92,28.05,27.8939,28.05,3214864,2022-05-12,2022-05-12,75.5865,24.4778,23.1605,24.0196
2022-05-11,UUP,stock,27.71,27.81,27.63,27.81,2300189,2022-05-11,2022-05-11,71.1978,24.4215,23.1418,23.9791
2022-05-10,UUP,stock,27.7,27.8,27.7,27.78,10162042,2022-05-10,2022-05-10,70.5841,24.3819,23.1252,23.9457
2022-05-09,UUP,stock,27.74,27.805,27.64,27.72,3017681,2022-05-09,2022-05-09,69.3719,24.3409,23.1087,23.9120
2022-05-06,UUP,stock,27.63,27.74,27.6001,27.71,2506464,2022-05-06,2022-05-06,69.1753,24.3012,23.0925,23.8791
2022-05-05,UUP,stock,27.6,27.79,27.6,27.66,3165505,2022-05-05,2022-05-05,68.2286,24.2582,23.0762,23.8452
2022-05-04,UUP,stock,27.6,27.705,27.39,27.43,10511437,2022-05-04,2022-05-04,63.4310,24.2155,23.0603,23.8118
2022-05-03,UUP,stock,27.58,27.69,27.56,27.66,2199569,2022-05-03,2022-05-03,73.7756,24.1898,23.0462,23.7853
2022-05-02,UUP,stock,27.68,27.74,27.62,27.71,2294066,2022-05-02,2022-05-02,76.2870,24.1398,23.0299,23.7494
2022-04-29,UUP,stock,27.6,27.62,27.48,27.57,3029150,2022-04-29,2022-04-29,73.9845,24.0799,23.0131,23.7103
2022-04-28,UUP,stock,27.72,27.77,27.67,27.68,2433764,2022-04-28,2022-04-28,79.6255,24.0268,22.9973,23.6746
2022-04-27,UUP,stock,27.55,27.6056,27.48,27.52,3872385,2022-04-27,2022-04-27,77.2864,23.9578,22.9803,23.6335
2022-04-26,UUP,stock,27.25,27.36,27.24,27.35,2236068,2022-04-26,2022-04-26,74.3851,23.8965,22.9647,23.5965
2022-04-25,UUP,stock,27.18,27.225,27.15,27.18,2316425,2022-04-25,2022-04-25,70.9380,23.8448,22.9504,23.5642
2022-04-22,UUP,stock,26.98,27.09,26.965,27.05,1207339,2022-04-22,2022-04-22,67.8674,23.8036,22.9374,23.5367
2022-04-21,UUP,stock,26.77,26.91,26.75,26.89,2180294,2022-04-21,2022-04-21,63.4547,23.7702,22.9255,23.5129
2022-04-20,UUP,stock,26.84,26.859,26.785,26.81,1233140,2022-04-20,2022-04-20,60.9658,23.7483,22.9150,23.4939
2022-04-19,UUP,stock,26.99,27.01,26.95,27,1498547,2022-04-19,2022-04-19,71.7406,23.7317,22.9050,23.4771
2022-04-18,UUP,stock,26.88,26.955,26.8601,26.94,1149049,2022-04-18,2022-04-18,70.1960,23.6954,22.8932,23.4526
2022-04-14,UUP,stock,26.8,26.93,26.8,26.83,1525669,2022-04-14,2022-04-14,67.1384,23.6610,22.8819,23.4294
2022-04-13,UUP,stock,26.86,26.87,26.68,26.71,2906658,2022-04-13,2022-04-13,63.3271,23.6333,22.8714,23.4092
2022-04-12,UUP,stock,26.71,26.82,26.69,26.82,1410207,2022-04-12,2022-04-12,70.2635,23.6139,22.8619,23.3925
2022-04-11,UUP,stock,26.72,26.74,26.685,26.73,797179,2022-04-11,2022-04-11,67.5643,23.5821,22.8513,23.3712
2022-04-08,UUP,stock,26.75,26.78,26.66,26.67,1706732,2022-04-08,2022-04-08,65.6332,23.5555,22.8414,23.3522
2022-04-07,UUP,stock,26.6,26.685,26.58,26.67,880486,2022-04-07,2022-04-07,65.6332,23.5317,22.8320,23.3347
2022-04-06,UUP,stock,26.56,26.6799,26.55,26.62,1653505,2022-04-06,2022-04-06,64.0973,23.5054,22.8224,23.3164
2022-04-05,UUP,stock,26.45,26.6,26.415,26.6,2081440,2022-04-05,2022-04-05,63.4913,23.4810,22.8132,23.2993
2022-04-04,UUP,stock,26.43,26.48,26.41,26.46,1158114,2022-04-04,2022-04-04,58.9919,23.4559,22.8041,23.2821
2022-04-01,UUP,stock,26.37,26.4,26.34,26.34,1824194,2022-04-01,2022-04-01,54.5320,23.4413,22.7962,23.2694
2022-03-31,UUP,stock,26.28,26.32,26.19,26.3,1679240,2022-03-31,2022-03-31,52.9481,23.4365,22.7892,23.2605
2022-03-30,UUP,stock,26.17,26.2,26.13,26.19,3972286,2022-03-30,2022-03-30,48.3538,23.4348,22.7826,23.2527
2022-03-29,UUP,stock,26.25,26.35,26.21,26.33,1542221,2022-03-29,2022-03-29,54.6615,23.4434,22.7768,23.2485
2022-03-28,UUP,stock,26.56,26.56,26.4601,26.49,1086710,2022-03-28,2022-03-28,63.4443,23.4397,22.7698,23.2392
2022-03-25,UUP,stock,26.39,26.43,26.35,26.41,599161,2022-03-25,2022-03-25,60.4974,23.4206,22.7612,23.2236
2022-03-24,UUP,stock,26.43,26.46,26.3701,26.4,1666296,2022-03-24,2022-03-24,60.1243,23.4070,22.7533,23.2102
2022-03-23,UUP,stock,26.41,26.44,26.36,26.37,465835,2022-03-23,2022-03-23,59.0467,23.3929,22.7454,23.1968
2022-03-22,UUP,stock,26.32,26.36,26.29,26.34,920304,2022-03-22,2022-03-22,57.9926,23.3801,22.7377,23.1838
2022-03-21,UUP,stock,26.27,26.35,26.25,26.35,1228696,2022-03-21,2022-03-21,58.4584,23.3688,22.7301,23.1714
2022-03-18,UUP,stock,26.36,26.37,26.24,26.25,912325,2022-03-18,2022-03-18,55.1110,23.3554,22.7224,23.1581
2022-03-17,UUP,stock,26.27,26.29,26.1316,26.22,3088610,2022-03-17,2022-03-17,54.0802,23.3499,22.7155,23.1480
2022-03-16,UUP,stock,26.37,26.4999,26.28,26.28,1958470,2022-03-16,2022-03-16,56.4892,23.3467,22.7089,23.1385
2022-03-15,UUP,stock,26.4,26.52,26.371,26.47,762677,2022-03-15,2022-03-15,65.0035,23.3375,22.7016,23.1264
2022-03-14,UUP,stock,26.46,26.51,26.4,26.5,1739479,2022-03-14,2022-03-14,66.4724,23.3095,22.6925,23.1070
2022-03-11,UUP,stock,26.39,26.56,26.3607,26.51,1661355,2022-03-11,2022-03-11,66.9406,23.2758,22.6831,23.0856
2022-03-10,UUP,stock,26.31,26.38,26.2901,26.37,1098070,2022-03-10,2022-03-10,63.6082,23.2375,22.6735,23.0630
2022-03-09,UUP,stock,26.25,26.31,26.19,26.24,1594895,2022-03-09,2022-03-09,60.1441,23.2084,22.6650,23.0446
2022-03-08,UUP,stock,26.5,26.565,26.4126,26.5,1497242,2022-03-08,2022-03-08,73.0595,23.1884,22.6577,23.0302
2022-03-07,UUP,stock,26.43,26.58,26.4201,26.55,2508004,2022-03-07,2022-03-07,75.9728,23.1419,22.6479,23.0057
2022-03-04,UUP,stock,26.45,26.465,26.355,26.36,3232859,2022-03-04,2022-03-04,72.0385,23.0858,22.6376,22.9784
2022-03-03,UUP,stock,26.13,26.22,26.11,26.16,1780830,2022-03-03,2022-03-03,66.7105,23.0417,22.6288,22.9569
2022-03-02,UUP,stock,26.12,26.19,26.0401,26.06,1451448,2022-03-02,2022-03-02,63.4796,23.0117,22.6218,22.9417
2022-03-01,UUP,stock,26,26.12,25.98,26.08,2498056,2022-03-01,2022-03-01,64.6448,22.9879,22.6156,22.9297
2022-02-28,UUP,stock,25.93,25.93,25.86,25.88,1352474,2022-02-28,2022-02-28,57.3807,22.9597,22.6092,22.9164
2022-02-25,UUP,stock,25.93,25.94,25.84,25.84,1293629,2022-02-25,2022-02-25,55.6899,22.9473,22.6045,22.9098
2022-02-24,UUP,stock,26.04,26.16,25.94,25.97,4162368,2022-02-24,2022-02-24,63.2640,22.9374,22.6001,22.9044
2022-02-23,UUP,stock,25.69,25.77,25.6701,25.76,1214303,2022-02-23,2022-02-23,53.8489,22.9142,22.5945,22.8941
2022-02-22,UUP,stock,25.71,25.73,25.665,25.73,1167888,2022-02-22,2022-02-22,52.2247,22.9083,22.5907,22.8910
2022-02-18,UUP,stock,25.67,25.75,25.6601,25.72,1144360,2022-02-18,2022-02-18,51.6985,22.9046,22.5872,22.8888
2022-02-17,UUP,stock,25.65,25.67,25.62,25.65,859496,2022-02-17,2022-02-17,47.9741,22.9014,22.5837,22.8870
2022-02-16,UUP,stock,25.68,25.68,25.61,25.64,695207,2022-02-16,2022-02-16,47.4365,22.9045,22.5808,22.8876
2022-02-15,UUP,stock,25.73,25.78,25.68,25.69,1250995,2022-02-15,2022-02-15,49.8272,22.9088,22.5780,22.8886
2022-02-14,UUP,stock,25.78,25.82,25.75,25.79,1933917,2022-02-14,2022-02-14,54.9724,22.9089,22.5746,22.8878
2022-02-11,UUP,stock,25.66,25.735,25.61,25.72,2208733,2022-02-11,2022-02-11,51.7327,22.8997,22.5704,22.8833
2022-02-10,UUP,stock,25.68,25.7,25.4799,25.61,2931485,2022-02-10,2022-02-10,46.0708,22.8960,22.5667,22.8812
2022-02-09,UUP,stock,25.56,25.595,25.54,25.57,638752,2022-02-09,2022-02-09,43.8467,22.9023,22.5640,22.8830
2022-02-08,UUP,stock,25.59,25.63,25.58,25.6,1591098,2022-02-08,2022-02-08,45.1433,22.9129,22.5616,22.8864
2022-02-07,UUP,stock,25.59,25.59,25.5301,25.56,1159946,2022-02-07,2022-02-07,43.0585,22.9219,22.5590,22.8888
2022-02-04,UUP,stock,25.6,25.63,25.54,25.55,2243956,2022-02-04,2022-02-04,42.5517,22.9356,22.5566,22.8927
2022-02-03,UUP,stock,25.61,25.62,25.51,25.57,6513988,2022-02-03,2022-02-03,43.2669,22.9517,22.5544,22.8972
2022-02-02,UUP,stock,25.7,25.74,25.68,25.7,4401627,2022-02-02,2022-02-02,48.1518,22.9675,22.5519,22.9012
2022-02-01,UUP,stock,25.8,25.85,25.79,25.8,4019788,2022-02-01,2022-02-01,52.3756,22.9729,22.5482,22.9005
2022-01-31,UUP,stock,25.97,25.985,25.85,25.87,2055777,2022-01-31,2022-01-31,55.5425,22.9694,22.5436,22.8962
2022-01-28,UUP,stock,26.04,26.0675,26,26.05,1791481,2022-01-28,2022-01-28,64.9144,22.9590,22.5383,22.8892
2022-01-27,UUP,stock,26.01,26.065,25.9801,26.06,1530349,2022-01-27,2022-01-27,65.4845,22.9306,22.5314,22.8753
2022-01-26,UUP,stock,25.71,25.86,25.705,25.84,1583277,2022-01-26,2022-01-26,57.9395,22.8982,22.5243,22.8605
2022-01-25,UUP,stock,25.76,25.78,25.69,25.7,1312765,2022-01-25,2022-01-25,51.7007,22.8831,22.5191,22.8532
2022-01-24,UUP,stock,25.72,25.75,25.6601,25.69,1946293,2022-01-24,2022-01-24,51.2208,22.8796,22.5151,22.8506
2022-01-21,UUP,stock,25.58,25.62,25.58,25.61,1224509,2022-01-21,2022-01-21,47.3334,22.8766,22.5112,22.8482
2022-01-20,UUP,stock,25.59,25.68,25.56,25.68,1033025,2022-01-20,2022-01-20,50.6105,22.8809,22.5079,22.8487
2022-01-19,UUP,stock,25.59,25.62,25.57,25.6,1483066,2022-01-19,2022-01-19,46.6940,22.8790,22.5040,22.8466
2022-01-18,UUP,stock,25.6,25.67,25.58,25.66,1938490,2022-01-18,2022-01-18,49.4234,22.8844,22.5007,22.8474
2022-01-14,UUP,stock,25.44,25.5251,25.42,25.5,2302959,2022-01-14,2022-01-14,40.8640,22.8847,22.4969,22.8460
2022-01-13,UUP,stock,25.37,25.43,25.36,25.43,3801187,2022-01-13,2022-01-13,36.4981,22.9001,22.4945,22.8504
2022-01-12,UUP,stock,25.53,25.53,25.425,25.44,3489370,2022-01-12,2022-01-12,36.8590,22.9237,22.4926,22.8576
2022-01-11,UUP,stock,25.71,25.74,25.61,25.61,1310648,2022-01-11,2022-01-11,43.6784,22.9488,22.4907,22.8646
2022-01-10,UUP,stock,25.77,25.78,25.7,25.72,1004338,2022-01-10,2022-01-10,49.1411,22.9606,22.4872,22.8658
2022-01-07,UUP,stock,25.74,25.7455,25.64,25.66,540460,2022-01-07,2022-01-07,45.7016,22.9634,22.4827,22.8629
2022-01-06,UUP,stock,25.77,25.8153,25.735,25.8,1398562,2022-01-06,2022-01-06,53.5479,22.9721,22.4787,22.8622
2022-01-05,UUP,stock,25.72,25.79,25.69,25.78,1029896,2022-01-05,2022-01-05,52.4653,22.9685,22.4734,22.8563
2022-01-04,UUP,stock,25.81,25.82,25.74,25.81,1310259,2022-01-04,2022-01-04,54.2256,22.9664,22.4682,22.8510
2022-01-03,UUP,stock,25.74,25.81,25.74,25.79,3449519,2022-01-03,2022-01-03,53.2547,22.9613,22.4628,22.8443
2021-12-31,UUP,stock,25.69,25.71,25.62,25.63,1161057,2021-12-31,2021-12-31,44.5121,22.9576,22.4574,22.8380
2021-12-30,UUP,stock,25.74,25.775,25.705,25.74,367629,2021-12-30,2021-12-30,50.5473,22.9684,22.4534,22.8374
2021-12-29,UUP,stock,25.74,25.74,25.66,25.7,1252091,2021-12-29,2021-12-29,48.1746,22.9701,22.4484,22.8327
2021-12-28,UUP,stock,25.76,25.805,25.7542,25.77,820235,2021-12-28,2021-12-28,52.2481,22.9757,22.4437,22.8292
2021-12-27,UUP,stock,25.78,25.78,25.74,25.74,1346321,2021-12-27,2021-12-27,50.5853,22.9754,22.4383,22.8231
2021-12-23,UUP,stock,25.81,25.81,25.73,25.73,2216503,2021-12-23,2021-12-23,50.0469,22.9778,22.4331,22.8178
2021-12-22,UUP,stock,25.8,25.81,25.74,25.75,2101630,2021-12-22,2021-12-22,51.0805,22.9814,22.4280,22.8127
2021-12-21,UUP,stock,25.87,25.9099,25.85,25.85,887009,2021-12-21,2021-12-21,56.4980,22.9835,22.4226,22.8066
2021-12-20,UUP,stock,25.85,25.89,25.83,25.88,1423008,2021-12-20,2021-12-20,58.2180,22.9764,22.4163,22.7967
2021-12-17,UUP,stock,25.76,25.91,25.76,25.91,545228,2021-12-17,2021-12-17,59.9117,22.9658,22.4097,22.7852
2021-12-16,UUP,stock,25.73,25.7799,25.71,25.73,1118627,2021-12-16,2021-12-16,52.1571,22.9513,22.4027,22.7722
2021-12-15,UUP,stock,25.89,25.98,25.815,25.84,735014,2021-12-15,2021-12-15,58.5882,22.9521,22.3973,22.7652
2021-12-14,UUP,stock,25.81,25.89,25.802,25.88,621709,2021-12-14,2021-12-14,61.1334,22.9427,22.3908,22.7540
2021-12-13,UUP,stock,25.76,25.84,25.76,25.83,711733,2021-12-13,2021-12-13,59.0695,22.9285,22.3839,22.7408
2021-12-10,UUP,stock,25.8,25.8335,25.73,25.75,560652,2021-12-10,2021-12-10,55.5637,22.9175,22.3774,22.7288
2021-12-09,UUP,stock,25.76,25.83,25.75,25.79,751817,2021-12-09,2021-12-09,57.8648,22.9129,22.3715,22.7193
2021-12-08,UUP,stock,25.78,25.785,25.69,25.7,584581,2021-12-08,2021-12-08,53.8737,22.9041,22.3652,22.7080
2021-12-07,UUP,stock,25.89,25.89,25.81,25.82,2785147,2021-12-07,2021-12-07,61.0312,22.9028,22.3597,22.6995
2021-12-06,UUP,stock,25.8,25.85,25.79,25.81,682110,2021-12-06,2021-12-06,60.6264,22.8900,22.3530,22.6863
2021-12-03,UUP,stock,25.79,25.86,25.74,25.77,1324105,2021-12-03,2021-12-03,59.0463,22.8769,22.3463,22.6728
2021-12-02,UUP,stock,25.7,25.79,25.7,25.78,732386,2021-12-02,2021-12-02,59.6015,22.8661,22.3400,22.6603
2021-12-01,UUP,stock,25.7,25.7799,25.65,25.77,1827180,2021-12-01,2021-12-01,59.2457,22.8533,22.3335,22.6470
2021-11-30,UUP,stock,25.65,25.9156,25.62,25.7,2115618,2021-11-30,2021-11-30,56.7705,22.8400,22.3270,22.6334
2021-11-29,UUP,stock,25.83,25.86,25.81,25.82,750034,2021-11-29,2021-11-29,62.8464,22.8319,22.3211,22.6218
2021-11-26,UUP,stock,25.81,25.82,25.74,25.77,1100364,2021-11-26,2021-11-26,61.2415,22.8117,22.3140,22.6054
2021-11-24,UUP,stock,25.98,25.9999,25.94,25.97,1009224,2021-11-24,2021-11-24,72.9454,22.7941,22.3073,22.5902
2021-11-23,UUP,stock,25.89,25.9,25.8401,25.87,776408,2021-11-23,2021-11-23,70.3111,22.7558,22.2988,22.5670
2021-11-22,UUP,stock,25.85,25.89,25.81,25.88,1090239,2021-11-22,2021-11-22,70.9526,22.7230,22.2910,22.5466
2021-11-19,UUP,stock,25.7,25.76,25.69,25.75,679940,2021-11-19,2021-11-19,67.3574,22.6857,22.2831,22.5249
2021-11-18,UUP,stock,25.67,25.69,25.62,25.62,708066,2021-11-18,2021-11-18,63.1186,22.6566,22.2763,22.5071
2021-11-17,UUP,stock,25.72,25.75,25.6701,25.69,683014,2021-11-17,2021-11-17,67.5013,22.6368,22.2706,22.4933
2021-11-16,UUP,stock,25.68,25.74,25.65,25.74,1412053,2021-11-16,2021-11-16,70.7601,22.6082,22.2642,22.4764
2021-11-15,UUP,stock,25.51,25.64,25.4901,25.64,505625,2021-11-15,2021-11-15,67.8803,22.5720,22.2573,22.4569
2021-11-12,UUP,stock,25.54,25.545,25.48,25.5,258845,2021-11-12,2021-11-12,63.1639,22.5413,22.2512,22.4403
2021-11-11,UUP,stock,25.47,25.53,25.47,25.53,567976,2021-11-11,2021-11-11,65.0650,22.5206,22.2463,22.4282
2021-11-10,UUP,stock,25.26,25.47,25.2425,25.47,1698476,2021-11-10,2021-11-10,62.9967,22.4948,22.2411,22.4144
2021-11-09,UUP,stock,25.21,25.25,25.18,25.2,305286,2021-11-09,2021-11-09,50.8337,22.4720,22.2363,22.4023
2021-11-08,UUP,stock,25.25,25.26,25.21,25.23,604895,2021-11-08,2021-11-08,52.6182,22.4721,22.2340,22.3995
2021-11-05,UUP,stock,25.33,25.3653,25.27,25.28,636739,2021-11-05,2021-11-05,55.6410,22.4695,22.2313,22.3955
2021-11-04,UUP,stock,25.27,25.34,25.27,25.3,1068894,2021-11-04,2021-11-04,56.8542,22.4618,22.2282,22.3895
2021-11-03,UUP,stock,25.25,25.27,25.16,25.17,1701648,2021-11-03,2021-11-03,50.3158,22.4514,22.2249,22.3825
2021-11-02,UUP,stock,25.21,25.255,25.2,25.23,1107536,2021-11-02,2021-11-02,53.8106,22.4522,22.2227,22.3800
2021-11-01,UUP,stock,25.24,25.25,25.17,25.17,2195407,2021-11-01,2021-11-01,50.6262,22.4474,22.2199,22.3752
2021-10-29,UUP,stock,25.12,25.2974,25.12,25.25,799206,2021-10-29,2021-10-29,55.3508,22.4478,22.2176,22.3724
2021-10-28,UUP,stock,25.13,25.13,25.02,25.05,567777,2021-10-28,2021-10-28,43.0027,22.4406,22.2147,22.3665
2021-10-27,UUP,stock,25.16,25.2,25.135,25.2,336084,2021-10-27,2021-10-27,53.2609,22.4515,22.2134,22.3677
2021-10-26,UUP,stock,25.16,25.23,25.16,25.21,784011,2021-10-26,2021-10-26,54.0592,22.4495,22.2108,22.3635
2021-10-25,UUP,stock,25.17,25.19,25.16,25.16,354877,2021-10-25,2021-10-25,50.6231,22.4463,22.2081,22.3588
2021-10-22,UUP,stock,25.13,25.16,25.095,25.12,378431,2021-10-22,2021-10-22,47.7182,22.4475,22.2058,22.3557
2021-10-21,UUP,stock,25.11,25.17,25.1,25.17,538807,2021-10-21,2021-10-21,51.2155,22.4525,22.2039,22.3539
2021-10-20,UUP,stock,25.14,25.16,25.09,25.11,780497,2021-10-20,2021-10-20,46.8771,22.4534,22.2015,22.3502
2021-10-19,UUP,stock,25.13,25.165,25.11,25.15,968695,2021-10-19,2021-10-19,49.6081,22.4600,22.1996,22.3485
2021-10-18,UUP,stock,25.22,25.24,25.18,25.21,1630641,2021-10-18,2021-10-18,53.9891,22.4635,22.1973,22.3454
2021-10-15,UUP,stock,25.22,25.245,25.19,25.2,488245,2021-10-15,2021-10-15,53.3515,22.4618,22.1945,22.3399
2021-10-14,UUP,stock,25.2,25.24,25.2,25.23,508974,2021-10-14,2021-10-14,55.4936,22.4609,22.1917,22.3345
2021-10-13,UUP,stock,25.3,25.31,25.23,25.23,759775,2021-10-13,2021-10-13,55.4936,22.4570,22.1886,22.3279
2021-10-12,UUP,stock,25.35,25.3899,25.34,25.37,778819,2021-10-12,2021-10-12,66.1866,22.4527,22.1855,22.3209
2021-10-11,UUP,stock,25.28,25.34,25.2559,25.34,1882669,2021-10-11,2021-10-11,64.8384,22.4348,22.1811,22.3086
2021-10-08,UUP,stock,25.25,25.285,25.24,25.27,383547,2021-10-08,2021-10-08,61.5138,22.4179,22.1769,22.2969
2021-10-07,UUP,stock,25.29,25.3,25.26,25.29,480018,2021-10-07,2021-10-07,63.0966,22.4057,22.1734,22.2873
2021-10-06,UUP,stock,25.33,25.3499,25.29,25.3,1121586,2021-10-06,2021-10-06,63.8595,22.3904,22.1696,22.2765
2021-10-05,UUP,stock,25.25,25.25,25.19,25.23,647968,2021-10-05,2021-10-05,60.7770,22.3726,22.1656,22.2649
2021-10-04,UUP,stock,25.18,25.1999,25.15,25.18,875071,2021-10-04,2021-10-04,58.4250,22.3594,22.1623,22.2554
2021-10-01,UUP,stock,25.23,25.28,25.23,25.26,1521878,2021-10-01,2021-10-01,64.1391,22.3495,22.1594,22.2473
2021-09-30,UUP,stock,25.33,25.35,25.27,25.31,778328,2021-09-30,2021-09-30,67.9988,22.3311,22.1557,22.2360
2021-09-29,UUP,stock,25.25,25.35,25.24,25.35,843273,2021-09-29,2021-09-29,71.1808,22.3061,22.1516,22.2224
2021-09-28,UUP,stock,25.15,25.19,25.13,25.17,2258181,2021-09-28,2021-09-28,64.1760,22.2747,22.1470,22.2068
2021-09-27,UUP,stock,25.09,25.09,25.0501,25.08,255504,2021-09-27,2021-09-27,59.6190,22.2568,22.1440,22.1971
2021-09-24,UUP,stock,25.06,25.07,25.0322,25.05,459201,2021-09-24,2021-09-24,57.9639,22.2455,22.1418,22.1903
2021-09-23,UUP,stock,25,25.01,24.96,24.98,515700,2021-09-23,2021-09-23,53.8670,22.2359,22.1398,22.1843
2021-09-22,UUP,stock,25.03,25.11,24.965,25.08,883605,2021-09-22,2021-09-22,61.8652,22.2318,22.1385,22.1807
2021-09-21,UUP,stock,25.02,25.0499,25.005,25.01,624983,2021-09-21,2021-09-21,57.7916,22.2179,22.1362,22.1732
2021-09-20,UUP,stock,25.05,25.06,25.0128,25.03,1385953,2021-09-20,2021-09-20,59.4772,22.2091,22.1346,22.1679
2021-09-17,UUP,stock,24.97,25.03,24.95,25.02,2018401,2021-09-17,2021-09-17,58.9209,22.1975,22.1327,22.1618
2021-09-16,UUP,stock,24.94,24.96,24.93,24.93,424211,2021-09-16,2021-09-16,53.5974,22.1856,22.1309,22.1557
2021-09-15,UUP,stock,24.83,24.855,24.82,24.82,187790,2021-09-15,2021-09-15,45.5958,22.1809,22.1299,22.1527
2021-09-14,UUP,stock,24.8,24.89,24.79,24.87,380466,2021-09-14,2021-09-14,49.1749,22.1861,22.1299,22.1535
2021-09-13,UUP,stock,24.9,24.9,24.86,24.87,157523,2021-09-13,2021-09-13,49.1749,22.1871,22.1294,22.1526
2021-09-10,UUP,stock,24.82,24.88,24.8101,24.87,399631,2021-09-10,2021-09-10,49.1749,22.1882,22.1290,22.1516
2021-09-09,UUP,stock,24.83,24.8762,24.805,24.83,197674,2021-09-09,2021-09-09,46.4842,22.1894,22.1285,22.1505
2021-09-08,UUP,stock,24.9,24.94,24.87,24.89,1004797,2021-09-08,2021-09-08,50.1847,22.1945,22.1284,22.1509
2021-09-07,UUP,stock,24.82,24.86,24.8,24.85,452689,2021-09-07,2021-09-07,47.6025,22.1945,22.1277,22.1492
2021-09-03,UUP,stock,24.72,24.75,24.7,24.73,726480,2021-09-03,2021-09-03,38.7595,22.1982,22.1274,22.1488
2021-09-02,UUP,stock,24.81,24.825,24.77,24.78,806600,2021-09-02,2021-09-02,41.4672,22.2137,22.1281,22.1527
2021-09-01,UUP,stock,24.83,24.85,24.81,24.84,1026674,2021-09-01,2021-09-01,44.9676,22.2260,22.1285,22.1550
2021-08-31,UUP,stock,24.85,24.91,24.831,24.89,697161,2021-08-31,2021-08-31,48.1102,22.2340,22.1282,22.1552
2021-08-30,UUP,stock,24.89,24.92,24.88,24.89,380212,2021-08-30,2021-08-30,48.1102,22.2382,22.1276,22.1536
2021-08-27,UUP,stock,25.01,25.0271,24.88,24.89,860356,2021-08-27,2021-08-27,48.1102,22.2428,22.1269,22.1520
2021-08-26,UUP,stock,24.97,25.0099,24.97,25,322032,2021-08-26,2021-08-26,54.8638,22.2479,22.1262,22.1502
2021-08-25,UUP,stock,24.99,25.02,24.93,24.93,668388,2021-08-25,2021-08-25,50.7810,22.2432,22.1245,22.1444
2021-08-24,UUP,stock,24.98,24.9975,24.93,24.95,1077061,2021-08-24,2021-08-24,52.0296,22.2445,22.1235,22.1409
2021-08-23,UUP,stock,25.02,25.04,24.97,24.97,1123403,2021-08-23,2021-08-23,53.2453,22.2442,22.1222,22.1365
2021-08-20,UUP,stock,25.15,25.16,25.11,25.12,775803,2021-08-20,2021-08-20,63.5935,22.2419,22.1208,22.1313
2021-08-19,UUP,stock,25.1,25.15,25.08,25.15,990395,2021-08-19,2021-08-19,65.9747,22.2253,22.1180,22.1203
2021-08-18,UUP,stock,25.01,25.06,24.97,25.03,537401,2021-08-18,2021-08-18,60.4780,22.2041,22.1149,22.1078
2021-08-17,UUP,stock,24.96,25.03,24.96,25.03,1009407,2021-08-17,2021-08-17,60.4780,22.1920,22.1128,22.0992
2021-08-16,UUP,stock,24.86,24.89,24.85,24.88,487238,2021-08-16,2021-08-16,52.1457,22.1786,22.1108,22.0902
2021-08-13,UUP,stock,24.91,24.93,24.84,24.86,741021,2021-08-13,2021-08-13,50.8631,22.1778,22.1100,22.0863
2021-08-12,UUP,stock,24.98,25,24.97,24.98,178929,2021-08-12,2021-08-12,59.7914,22.1789,22.1094,22.0830
2021-08-11,UUP,stock,24.96,24.9899,24.9333,24.95,993657,2021-08-11,2021-08-11,58.0833,22.1688,22.1078,22.0752
2021-08-10,UUP,stock,25.03,25.03,25,25,868882,2021-08-10,2021-08-10,62.1707,22.1605,22.1064,22.0681
2021-08-09,UUP,stock,24.92,24.99,24.92,24.98,432624,2021-08-09,2021-08-09,61.1554,22.1466,22.1045,22.0589
2021-08-06,UUP,stock,24.9,24.95,24.88,24.93,1315537,2021-08-06,2021-08-06,58.5744,22.1331,22.1028,22.0501
2021-08-05,UUP,stock,24.79,24.805,24.7601,24.79,154494,2021-08-05,2021-08-05,49.9233,22.1229,22.1015,22.0428
2021-08-04,UUP,stock,24.68,24.81,24.675,24.79,651905,2021-08-04,2021-08-04,49.9233,22.1247,22.1015,22.0402
2021-08-03,UUP,stock,24.72,24.769,24.72,24.75,584113,2021-08-03,2021-08-03,47.2072,22.1268,22.1014,22.0376
2021-08-02,UUP,stock,24.72,24.7599,24.705,24.74,908200,2021-08-02,2021-08-02,46.5340,22.1328,22.1017,22.0363
2021-07-30,UUP,stock,24.72,24.78,24.7,24.77,623971,2021-07-30,2021-07-30,48.2479,22.1404,22.1022,22.0353
2021-07-29,UUP,stock,24.72,24.73,24.69,24.7,825974,2021-07-29,2021-07-29,43.7600,22.1459,22.1023,22.0331
2021-07-28,UUP,stock,24.9,24.94,24.79,24.79,749470,2021-07-28,2021-07-28,48.8138,22.1586,22.1031,22.0335
2021-07-27,UUP,stock,24.86,24.9,24.82,24.86,787308,2021-07-27,2021-07-27,53.2558,22.1643,22.1031,22.0305
2021-07-26,UUP,stock,24.94,24.94,24.87,24.9,449434,2021-07-26,2021-07-26,55.9577,22.1639,22.1024,22.0249
2021-07-23,UUP,stock,24.97,25.005,24.97,24.98,429229,2021-07-23,2021-07-23,61.7786,22.1597,22.1014,22.0177
2021-07-22,UUP,stock,24.86,24.98,24.86,24.97,953487,2021-07-22,2021-07-22,61.3115,22.1476,22.0996,22.0072
2021-07-21,UUP,stock,25.02,25.03,24.93,24.94,754917,2021-07-21,2021-07-21,59.9478,22.1352,22.0980,21.9966
2021-07-20,UUP,stock,25.04,25.05,24.99,25,1459215,2021-07-20,2021-07-20,64.1467,22.1243,22.0966,21.9867
2021-07-19,UUP,stock,24.93,24.9799,24.9001,24.97,1113009,2021-07-19,2021-07-19,62.9416,22.1065,22.0946,21.9742
2021-07-16,UUP,stock,24.91,24.94,24.8911,24.93,812622,2021-07-16,2021-07-16,61.3324,22.0898,22.0929,21.9623
2021-07-15,UUP,stock,24.88,24.92,24.8608,24.9,376880,2021-07-15,2021-07-15,60.1266,22.0750,22.0915,21.9514
2021-07-14,UUP,stock,24.84,24.86,24.83,24.83,890071,2021-07-14,2021-07-14,57.2374,22.0615,22.0904,21.9411
2021-07-13,UUP,stock,24.91,24.95,24.8503,24.95,1477456,2021-07-13,2021-07-13,64.7002,22.0531,22.0899,21.9330
2021-07-12,UUP,stock,24.82,24.82,24.7701,24.8,426661,2021-07-12,2021-07-12,58.4053,22.0326,22.0883,21.9201
2021-07-09,UUP,stock,24.79,24.81,24.76,24.77,1252187,2021-07-09,2021-07-09,56.9806,22.0240,22.0880,21.9122
2021-07-08,UUP,stock,24.82,24.86,24.805,24.83,1236846,2021-07-08,2021-07-08,60.8515,22.0173,22.0880,21.9050
2021-07-07,UUP,stock,24.9,24.9699,24.88,24.93,699105,2021-07-07,2021-07-07,68.0006,22.0043,22.0875,21.8954
2021-07-06,UUP,stock,24.86,24.9199,24.84,24.89,1152111,2021-07-06,2021-07-06,66.5405,21.9805,22.0860,21.8817
2021-07-02,UUP,stock,24.88,24.9,24.79,24.8,1107391,2021-07-02,2021-07-02,63.0147,21.9580,22.0850,21.8690
2021-07-01,UUP,stock,24.84,24.9,24.8119,24.9,2239583,2021-07-01,2021-07-01,70.7014,21.9416,22.0847,21.8589
2021-06-30,UUP,stock,24.79,24.86,24.79,24.83,869630,2021-06-30,2021-06-30,68.1783,21.9140,22.0835,21.8449
2021-06-29,UUP,stock,24.77,24.79,24.74,24.76,634336,2021-06-29,2021-06-29,65.4125,21.8901,22.0829,21.8328
2021-06-28,UUP,stock,24.71,24.73,24.68,24.7,777570,2021-06-28,2021-06-28,62.8419,21.8703,22.0829,21.8228
2021-06-25,UUP,stock,24.63,24.7085,24.6101,24.69,356901,2021-06-25,2021-06-25,62.4096,21.8540,22.0835,21.8145
2021-06-24,UUP,stock,24.68,24.72,24.66,24.68,414191,2021-06-24,2021-06-24,61.9990,21.8369,22.0842,21.8063
2021-06-23,UUP,stock,24.63,24.7099,24.61,24.7,1048423,2021-06-23,2021-06-23,63.2826,21.8190,22.0850,21.7981
2021-06-22,UUP,stock,24.73,24.76,24.65,24.66,454711,2021-06-22,2021-06-22,61.8143,21.7973,22.0856,21.7888
2021-06-21,UUP,stock,24.74,24.76,24.69,24.7,655150,2021-06-21,2021-06-21,64.1982,21.7770,22.0865,21.7806
2021-06-18,UUP,stock,24.81,24.85,24.79,24.82,1275915,2021-06-18,2021-06-18,71.9253,21.7509,22.0872,21.7707
2021-06-17,UUP,stock,24.66,24.75,24.64,24.74,1970518,2021-06-17,2021-06-17,69.6650,21.7108,22.0867,21.7559
2021-06-16,UUP,stock,24.35,24.56,24.3385,24.55,1915094,2021-06-16,2021-06-16,63.1163,21.6740,22.0870,21.7435
2021-06-15,UUP,stock,24.34,24.365,24.34,24.35,469653,2021-06-15,2021-06-15,53.2519,21.6511,22.0889,21.7374
2021-06-14,UUP,stock,24.31,24.35,24.31,24.33,905939,2021-06-14,2021-06-14,52.0613,21.6446,22.0927,21.7384
2021-06-11,UUP,stock,24.3,24.375,24.3,24.35,1090054,2021-06-11,2021-06-11,53.3223,21.6393,22.0967,21.7402
2021-06-10,UUP,stock,24.29,24.29,24.2,24.23,769581,2021-06-10,2021-06-10,46.0409,21.6315,22.1006,21.7413
2021-06-09,UUP,stock,24.17,24.2599,24.16,24.25,814720,2021-06-09,2021-06-09,47.1799,21.6342,22.1055,21.7468
2021-06-08,UUP,stock,24.24,24.2484,24.205,24.23,690993,2021-06-08,2021-06-08,45.9380,21.6353,22.1104,21.7518
2021-06-07,UUP,stock,24.21,24.23,24.18,24.2,842863,2021-06-07,2021-06-07,44.1076,21.6384,22.1154,21.7578
2021-06-04,UUP,stock,24.24,24.25,24.21,24.24,1383328,2021-06-04,2021-06-04,46.0374,21.6446,22.1208,21.7651
2021-06-03,UUP,stock,24.28,24.36,24.28,24.33,2083233,2021-06-03,2021-06-03,50.6692,21.6478,22.1259,21.7712
2021-06-02,UUP,stock,24.22,24.2399,24.18,24.18,1497396,2021-06-02,2021-06-02,41.5716,21.6428,22.1302,21.7743
2021-06-01,UUP,stock,24.15,24.18,24.12,24.18,740200,2021-06-01,2021-06-01,41.5716,21.6513,22.1360,21.7830
2021-05-28,UUP,stock,24.3,24.3011,24.205,24.22,602777,2021-05-28,2021-05-28,43.4125,21.6608,22.1417,21.7921
2021-05-27,UUP,stock,24.22,24.2399,24.19,24.2,354571,2021-05-27,2021-05-27,42.2247,21.6675,22.1472,21.8000
2021-05-26,UUP,stock,24.19,24.24,24.1419,24.22,336312,2021-05-26,2021-05-26,43.0640,21.6768,22.1529,21.8090
2021-05-25,UUP,stock,24.13,24.1698,24.11,24.13,618829,2021-05-25,2021-05-25,37.9061,21.6852,22.1585,21.8177
2021-05-24,UUP,stock,24.18,24.19,24.15,24.16,715981,2021-05-24,2021-05-24,38.9997,21.7029,22.1650,21.8300
2021-05-21,UUP,stock,24.17,24.26,24.17,24.22,685865,2021-05-21,2021-05-21,41.2075,21.7197,22.1712,21.8417
2021-05-20,UUP,stock,24.2,24.2,24.14,24.14,848730,2021-05-20,2021-05-20,36.7762,21.7326,22.1770,21.8517
2021-05-19,UUP,stock,24.2,24.29,24.1411,24.26,1294599,2021-05-19,2021-05-19,41.0899,21.7544,22.1835,21.8650
2021-05-18,UUP,stock,24.15,24.19,24.14,24.15,673734,2021-05-18,2021-05-18,34.5558,21.7672,22.1890,21.8744
2021-05-17,UUP,stock,24.3,24.31,24.25,24.26,251844,2021-05-17,2021-05-17,38.5235,21.7917,22.1956,21.8883
2021-05-14,UUP,stock,24.31,24.32,24.29,24.29,638575,2021-05-14,2021-05-14,39.6772,21.8085,22.2013,21.8987
2021-05-13,UUP,stock,24.41,24.45,24.38,24.39,450542,2021-05-13,2021-05-13,43.7309,21.8241,22.2067,21.9085
2021-05-12,UUP,stock,24.36,24.43,24.33,24.43,2379943,2021-05-12,2021-05-12,45.4558,21.8321,22.2113,21.9150
2021-05-11,UUP,stock,24.25,24.2601,24.22,24.25,549537,2021-05-11,2021-05-11,34.6916,21.8371,22.2156,21.9204
2021-05-10,UUP,stock,24.22,24.28,24.22,24.27,659636,2021-05-10,2021-05-10,35.4126,21.8596,22.2216,21.9325
2021-05-07,UUP,stock,24.38,24.4,24.27,24.27,1844699,2021-05-07,2021-05-07,35.4126,21.8825,22.2274,21.9443
2021-05-06,UUP,stock,24.5,24.5,24.45,24.45,476241,2021-05-06,2021-05-06,42.2229,21.9079,22.2333,21.9567
2021-05-05,UUP,stock,24.58,24.59,24.56,24.57,1427771,2021-05-05,2021-05-05,47.9288,21.9190,22.2376,21.9630
2021-05-04,UUP,stock,24.55,24.59,24.53,24.58,1225580,2021-05-04,2021-05-04,48.4353,21.9200,22.2409,21.9652
2021-05-03,UUP,stock,24.52,24.52,24.45,24.47,1026568,2021-05-03,2021-05-03,42.1958,21.9202,22.2442,21.9671
2021-04-30,UUP,stock,24.45,24.58,24.45,24.58,1124659,2021-04-30,2021-04-30,47.5371,21.9308,22.2484,21.9731
2021-04-29,UUP,stock,24.39,24.43,24.38,24.38,266281,2021-04-29,2021-04-29,33.2780,21.9321,22.2518,21.9754
2021-04-28,UUP,stock,24.5,24.51,24.37,24.37,473037,2021-04-28,2021-04-28,32.4252,21.9524,22.2569,21.9850
2021-04-27,UUP,stock,24.47,24.49,24.4401,24.46,364769,2021-04-27,2021-04-27,36.3026,21.9757,22.2622,21.9954
2021-04-26,UUP,stock,24.48,24.49,24.43,24.45,802008,2021-04-26,2021-04-26,35.5069,21.9930,22.2667,22.0029
2021-04-23,UUP,stock,24.48,24.53,24.44,24.45,567793,2021-04-23,2021-04-23,35.5069,22.0131,22.2714,22.0111
2021-04-22,UUP,stock,24.55,24.61,24.5475,24.59,358310,2021-04-22,2021-04-22,41.8117,22.0354,22.2761,22.0196
2021-04-21,UUP,stock,24.6,24.6199,24.52,24.52,417341,2021-04-21,2021-04-21,36.5836,22.0468,22.2796,22.0234
2021-04-20,UUP,stock,24.52,24.57,24.5,24.55,827240,2021-04-20,2021-04-20,37.9402,22.0659,22.2838,22.0299
2021-04-19,UUP,stock,24.53,24.56,24.51,24.51,1068085,2021-04-19,2021-04-19,34.9539,22.0843,22.2877,22.0355
2021-04-16,UUP,stock,24.65,24.67,24.63,24.65,431691,2021-04-16,2021-04-16,41.4337,22.1084,22.2921,22.0429
2021-04-15,UUP,stock,24.66,24.7,24.6512,24.68,390279,2021-04-15,2021-04-15,43.0206,22.1219,22.2952,22.0454
2021-04-14,UUP,stock,24.69,24.72,24.65,24.68,632455,2021-04-14,2021-04-14,43.0206,22.1339,22.2981,22.0470
2021-04-13,UUP,stock,24.78,24.78,24.71,24.71,498723,2021-04-13,2021-04-13,44.4899,22.1473,22.3010,22.0486
2021-04-12,UUP,stock,24.79,24.8225,24.79,24.8,479868,2021-04-12,2021-04-12,49.1676,22.1592,22.3037,22.0492
2021-04-09,UUP,stock,24.85,24.86,24.8001,24.81,691179,2021-04-09,2021-04-09,49.7068,22.1639,22.3056,22.0466
2021-04-08,UUP,stock,24.84,24.84,24.78,24.79,581950,2021-04-08,2021-04-08,48.6612,22.1682,22.3074,22.0434
2021-04-07,UUP,stock,24.85,24.92,24.82,24.9,758910,2021-04-07,2021-04-07,54.4418,22.1748,22.3095,22.0409
2021-04-06,UUP,stock,24.91,24.92,24.86,24.87,1845891,2021-04-06,2021-04-06,53.0287,22.1718,22.3105,22.0343
2021-04-05,UUP,stock,24.99,25,24.92,24.93,1704569,2021-04-05,2021-04-05,56.2700,22.1713,22.3119,22.0285
2021-04-01,UUP,stock,25.05,25.09,25.01,25.01,1955686,2021-04-01,2021-04-01,60.8771,22.1651,22.3127,22.0202
2021-03-31,UUP,stock,25.11,25.121,25.05,25.12,1381777,2021-03-31,2021-03-31,67.9837,22.1508,22.3128,22.0088
2021-03-30,UUP,stock,25.12,25.15,25.11,25.14,750211,2021-03-30,2021-03-30,69.3506,22.1246,22.3119,21.9928
2021-03-29,UUP,stock,24.99,25.04,24.97,25.04,1128419,2021-03-29,2021-03-29,66.1950,22.0938,22.3109,21.9755
2021-03-26,UUP,stock,25,25.01,24.96,24.98,654772,2021-03-26,2021-03-26,64.1379,22.0691,22.3107,21.9611
2021-03-25,UUP,stock,24.94,25.04,24.94,25.01,1476692,2021-03-25,2021-03-25,66.0027,22.0475,22.3111,21.9483
2021-03-24,UUP,stock,24.93,24.95,24.89,24.94,1726770,2021-03-24,2021-03-24,63.7171,22.0207,22.3112,21.9338
2021-03-23,UUP,stock,24.84,24.88,24.82,24.88,1252395,2021-03-23,2021-03-23,61.6658,21.9977,22.3119,21.9214
2021-03-22,UUP,stock,24.74,24.77,24.71,24.73,850783,2021-03-22,2021-03-22,55.8749,21.9780,22.3132,21.9106
2021-03-19,UUP,stock,24.81,24.84,24.76,24.78,2222463,2021-03-19,2021-03-19,58.6157,21.9702,22.3158,21.9048
2021-03-18,UUP,stock,24.74,24.77,24.69,24.77,901891,2021-03-18,2021-03-18,58.2352,21.9569,22.3180,21.8970
2021-03-17,UUP,stock,24.75,24.79,24.61,24.62,3055708,2021-03-17,2021-03-17,52.1018,21.9431,22.3203,21.8893
2021-03-16,UUP,stock,24.75,24.8,24.7301,24.74,338800,2021-03-16,2021-03-16,58.4817,21.9420,22.3240,21.8866
2021-03-15,UUP,stock,24.76,24.7789,24.72,24.74,504721,2021-03-15,2021-03-15,58.4817,21.9295,22.3266,21.8795
2021-03-12,UUP,stock,24.76,24.78,24.6801,24.69,789082,2021-03-12,2021-03-12,56.5712,21.9157,22.3293,21.8721
2021-03-11,UUP,stock,24.7,24.74,24.61,24.61,1643377,2021-03-11,2021-03-11,53.3841,21.9052,22.3325,21.8662
2021-03-10,UUP,stock,24.75,24.8187,24.73,24.73,2050255,2021-03-10,2021-03-10,59.4621,21.9010,22.3364,21.8630
2021-03-09,UUP,stock,24.8,24.82,24.77,24.77,1468072,2021-03-09,2021-03-09,61.6341,21.8851,22.3392,21.8553
2021-03-08,UUP,stock,24.85,24.91,24.83,24.91,1656325,2021-03-08,2021-03-08,69.9366,21.8638,22.3418,21.8459
2021-03-05,UUP,stock,24.74,24.81,24.7301,24.77,2630998,2021-03-05,2021-03-05,65.6385,21.8271,22.3431,21.8309
2021-03-04,UUP,stock,24.57,24.71,24.53,24.68,2128014,2021-03-04,2021-03-04,62.4324,21.7997,22.3456,21.8204
2021-03-03,UUP,stock,24.53,24.54,24.47,24.52,1015208,2021-03-03,2021-03-03,55.5923,21.7779,22.3490,21.8128
2021-03-02,UUP,stock,24.53,24.555,24.45,24.45,1381602,2021-03-02,2021-03-02,52.0453,21.7687,22.3539,21.8107
2021-03-01,UUP,stock,24.5,24.56,24.5,24.54,2243747,2021-03-01,2021-03-01,57.5316,21.7652,22.3594,21.8110
2021-02-26,UUP,stock,24.39,24.52,24.39,24.52,1345551,2021-02-26,2021-02-26,56.5872,21.7529,22.3642,21.8081
2021-02-25,UUP,stock,24.19,24.34,24.17,24.34,951152,2021-02-25,2021-02-25,46.6787,21.7411,22.3693,21.8058
2021-02-24,UUP,stock,24.34,24.3781,24.26,24.26,913821,2021-02-24,2021-02-24,41.1339,21.7450,22.3759,21.8100
2021-02-23,UUP,stock,24.3,24.33,24.26,24.3,441574,2021-02-23,2021-02-23,43.2206,21.7569,22.3834,21.8172
2021-02-22,UUP,stock,24.3,24.33,24.25,24.28,706793,2021-02-22,2021-02-22,41.8510,21.7662,22.3906,21.8233
2021-02-19,UUP,stock,24.35,24.3799,24.3181,24.35,1163294,2021-02-19,2021-02-19,45.4110,21.7784,22.3980,21.8303
2021-02-18,UUP,stock,24.43,24.475,24.4,24.41,585323,2021-02-18,2021-02-18,48.7087,21.7852,22.4049,21.8351
2021-02-17,UUP,stock,24.51,24.54,24.49,24.49,937808,2021-02-17,2021-02-17,53.5208,21.7872,22.4113,21.8379
2021-02-16,UUP,stock,24.4,24.425,24.3713,24.39,1107524,2021-02-16,2021-02-16,47.5007,21.7819,22.4171,21.8379
2021-02-12,UUP,stock,24.44,24.45,24.36,24.39,501802,2021-02-12,2021-02-12,47.5007,21.7854,22.4238,21.8416
2021-02-11,UUP,stock,24.35,24.3884,24.34,24.37,256964,2021-02-11,2021-02-11,46.3012,21.7893,22.4306,21.8454
2021-02-10,UUP,stock,24.35,24.38,24.335,24.38,650606,2021-02-10,2021-02-10,46.7976,21.7954,22.4376,21.8500
2021-02-09,UUP,stock,24.42,24.44,24.37,24.39,2006068,2021-02-09,2021-02-09,47.2682,21.8013,22.4446,21.8545
2021-02-08,UUP,stock,24.54,24.55,24.5,24.52,1732485,2021-02-08,2021-02-08,53.7983,21.8068,22.4516,21.8589
2021-02-05,UUP,stock,24.59,24.6,24.53,24.53,1402458,2021-02-05,2021-02-05,54.3345,21.8007,22.4575,21.8586
2021-02-04,UUP,stock,24.63,24.69,24.63,24.67,1394404,2021-02-04,2021-02-04,62.4219,21.7931,22.4634,21.8580
2021-02-03,UUP,stock,24.58,24.61,24.56,24.56,1656945,2021-02-03,2021-02-03,57.8439,21.7715,22.4681,21.8523
2021-02-02,UUP,stock,24.57,24.61,24.5519,24.57,1456871,2021-02-02,2021-02-02,58.4449,21.7579,22.4738,21.8504
2021-02-01,UUP,stock,24.48,24.55,24.47,24.54,2183138,2021-02-01,2021-02-01,57.2062,21.7420,22.4795,21.8480
2021-01-29,UUP,stock,24.37,24.43,24.37,24.42,875959,2021-01-29,2021-01-29,51.8783,21.7272,22.4855,21.8465
2021-01-28,UUP,stock,24.42,24.425,24.37,24.39,663678,2021-01-28,2021-01-28,50.4460,21.7222,22.4926,21.8495
2021-01-27,UUP,stock,24.41,24.505,24.39,24.45,982246,2021-01-27,2021-01-27,53.3975,21.7194,22.5001,21.8536
2021-01-26,UUP,stock,24.33,24.35,24.29,24.3,857386,2021-01-26,2021-01-26,46.0731,21.7107,22.5071,21.8557
2021-01-25,UUP,stock,24.35,24.4099,24.34,24.37,580608,2021-01-25,2021-01-25,49.4403,21.7151,22.5155,21.8633
2021-01-22,UUP,stock,24.35,24.35,24.2999,24.34,847142,2021-01-22,2021-01-22,47.9257,21.7135,22.5234,21.8687
2021-01-21,UUP,stock,24.33,24.35,24.28,24.29,804667,2021-01-21,2021-01-21,45.3942,21.7144,22.5317,21.8754
2021-01-20,UUP,stock,24.43,24.4599,24.375,24.4,489290,2021-01-20,2021-01-20,50.3994,21.7202,22.5404,21.8843
2021-01-19,UUP,stock,24.39,24.43,24.38,24.41,1408585,2021-01-19,2021-01-19,50.8729,21.7163,22.5483,21.8894
2021-01-15,UUP,stock,24.42,24.48,24.41,24.48,1177566,2021-01-15,2021-01-15,54.1817,21.7110,22.5561,21.8944
2021-01-14,UUP,stock,24.41,24.42,24.2813,24.32,614536,2021-01-14,2021-01-14,46.8437,21.6986,22.5635,21.8971
2021-01-13,UUP,stock,24.36,24.39,24.32,24.37,956781,2021-01-13,2021-01-13,49.1268,21.6999,22.5723,21.9057
2021-01-12,UUP,stock,24.41,24.41,24.27,24.29,1358257,2021-01-12,2021-01-12,45.1555,21.6967,22.5807,21.9129
2021-01-11,UUP,stock,24.44,24.47,24.371,24.42,1447798,2021-01-11,2021-01-11,51.1846,21.7006,22.5900,21.9232
2021-01-08,UUP,stock,24.19,24.34,24.18,24.27,1677687,2021-01-08,2021-01-08,43.0354,21.6927,22.5982,21.9292
2021-01-07,UUP,stock,24.21,24.27,24.21,24.23,1018080,2021-01-07,2021-01-07,40.5791,21.6981,22.6078,21.9410
2021-01-06,UUP,stock,24.18,24.22,24.09,24.09,1042808,2021-01-06,2021-01-06,30.8948,21.7078,22.6179,21.9547
2021-01-05,UUP,stock,24.2,24.22,24.11,24.12,723277,2021-01-05,2021-01-05,31.9303,21.7316,22.6293,21.9740
2021-01-04,UUP,stock,24.13,24.26,24.13,24.26,1322760,2021-01-04,2021-01-04,37.3557,21.7552,22.6405,21.9930
2020-12-31,UUP,stock,24.17,24.27,24.165,24.24,801542,2020-12-31,2020-12-31,35.9112,21.7681,22.6507,22.0077
2020-12-30,UUP,stock,24.2,24.21,24.155,24.17,1463938,2020-12-30,2020-12-30,30.7190,21.7842,22.6611,22.0238
2020-12-29,UUP,stock,24.27,24.29,24.22,24.27,1444737,2020-12-29,2020-12-29,34.4179,21.8086,22.6722,22.0430
2020-12-28,UUP,stock,24.31,24.37,24.28,24.35,1036064,2020-12-28,2020-12-28,37.7989,21.8262,22.6826,22.0594
2020-12-24,UUP,stock,24.33,24.36,24.325,24.35,280533,2020-12-24,2020-12-24,37.7989,21.8381,22.6923,22.0735
2020-12-23,UUP,stock,24.33,24.38,24.295,24.33,758646,2020-12-23,2020-12-23,36.4532,21.8513,22.7022,22.0882
2020-12-22,UUP,stock,24.34,24.45,24.34,24.44,1286901,2020-12-22,2020-12-22,40.9811,21.8677,22.7123,22.1043
2020-12-21,UUP,stock,24.37,24.38,24.26,24.31,618922,2020-12-21,2020-12-21,31.6668,21.8756,22.7215,22.1170
2020-12-18,UUP,stock,24.27,24.3,24.25,24.26,898403,2020-12-18,2020-12-18,27.5852,21.8964,22.7320,22.1349
2020-12-17,UUP,stock,24.22,24.24,24.19,24.23,921953,2020-12-17,2020-12-17,25.0924,21.9242,22.7431,22.1554
2020-12-16,UUP,stock,24.33,24.46,24.315,24.36,749756,2020-12-16,2020-12-16,29.1269,21.9577,22.7545,22.1778
2020-12-15,UUP,stock,24.42,24.45,24.38,24.39,853925,2020-12-15,2020-12-15,30.1663,21.9825,22.7649,22.1965
2020-12-14,UUP,stock,24.41,24.5,24.4,24.47,455368,2020-12-14,2020-12-14,33.0901,22.0071,22.7751,22.2147
2020-12-11,UUP,stock,24.52,24.55,24.51,24.54,1017727,2020-12-11,2020-12-11,35.9187,22.0268,22.7847,22.2308
2020-12-10,UUP,stock,24.55,24.55,24.45,24.48,608707,2020-12-10,2020-12-10,31.2405,22.0420,22.7938,22.2451
2020-12-09,UUP,stock,24.51,24.6,24.49,24.55,518673,2020-12-09,2020-12-09,33.9235,22.0645,22.8035,22.2621
2020-12-08,UUP,stock,24.49,24.55,24.49,24.54,612363,2020-12-08,2020-12-08,33.1620,22.0827,22.8126,22.2772
2020-12-07,UUP,stock,24.48,24.5199,24.44,24.51,896967,2020-12-07,2020-12-07,30.9453,22.1038,22.8220,22.2933
2020-12-04,UUP,stock,24.41,24.5,24.4,24.47,1834397,2020-12-04,2020-12-04,27.9883,22.1299,22.8317,22.3112
2020-12-03,UUP,stock,24.44,24.485,24.41,24.44,1003138,2020-12-03,2020-12-03,25.7747,22.1625,22.8419,22.3312
2020-12-02,UUP,stock,24.63,24.635,24.5601,24.57,1125243,2020-12-02,2020-12-02,29.4127,22.2014,22.8524,22.3532
2020-12-01,UUP,stock,24.72,24.75,24.58,24.6,979371,2020-12-01,2020-12-01,30.3300,22.2322,22.8619,22.3713
2020-11-30,UUP,stock,24.69,24.82,24.68,24.82,435759,2020-11-30,2020-11-30,38.5083,22.2633,22.8712,22.3891
2020-11-27,UUP,stock,24.8,24.8,24.75,24.76,198278,2020-11-27,2020-11-27,34.0015,22.2772,22.8786,22.3996
2020-11-25,UUP,stock,24.85,24.87,24.7959,24.81,599299,2020-11-25,2020-11-25,36.0458,22.2981,22.8867,22.4127
2020-11-24,UUP,stock,24.94,24.9683,24.85,24.85,665586,2020-11-24,2020-11-24,37.7310,22.3165,22.8943,22.4245
2020-11-23,UUP,stock,24.85,25.0307,24.84,24.97,749618,2020-11-23,2020-11-23,43.3807,22.3331,22.9017,22.4353
2020-11-20,UUP,stock,24.89,24.94,24.89,24.93,333784,2020-11-20,2020-11-20,40.6290,22.3401,22.9081,22.4422
2020-11-19,UUP,stock,25.01,25.01,24.89,24.9,302811,2020-11-19,2020-11-19,38.5491,22.3517,22.9149,22.4509
2020-11-18,UUP,stock,24.92,24.94,24.88,24.94,408364,2020-11-18,2020-11-18,40.2969,22.3673,22.9221,22.4610
2020-11-17,UUP,stock,24.91,24.95,24.91,24.93,1027290,2020-11-17,2020-11-17,39.6619,22.3808,22.9289,22.4701
2020-11-16,UUP,stock,25.01,25.02,24.97,24.97,2991656,2020-11-16,2020-11-16,41.2933,22.3967,22.9360,22.4798
2020-11-13,UUP,stock,25.05,25.06,25.02,25.03,1037798,2020-11-13,2020-11-13,43.8030,22.4105,22.9427,22.4886
2020-11-12,UUP,stock,25.1,25.1059,25.0513,25.08,497394,2020-11-12,2020-11-12,45.9647,22.4201,22.9490,22.4955
2020-11-11,UUP,stock,25.12,25.145,25.08,25.08,495737,2020-11-11,2020-11-11,45.9647,22.4260,22.9548,22.5009
2020-11-10,UUP,stock,25,25.055,24.995,25.05,734356,2020-11-10,2020-11-10,44.5489,22.4325,22.9608,22.5065
2020-11-09,UUP,stock,24.86,25.09,24.86,25.05,1846459,2020-11-09,2020-11-09,44.5489,22.4426,22.9670,22.5134
2020-11-06,UUP,stock,24.92,24.97,24.87,24.89,3497039,2020-11-06,2020-11-06,36.9527,22.4537,22.9734,22.5206
2020-11-05,UUP,stock,25.01,25.0689,24.95,24.98,1557023,2020-11-05,2020-11-05,39.8005,22.4809,22.9812,22.5339
2020-11-04,UUP,stock,25.27,25.3,25.185,25.22,1126611,2020-11-04,2020-11-04,49.1871,22.5026,22.9883,22.5444
2020-11-03,UUP,stock,25.23,25.27,25.18,25.26,6207805,2020-11-03,2020-11-03,51.0503,22.5041,22.9933,22.5467
2020-11-02,UUP,stock,25.42,25.43,25.38,25.4,1713459,2020-11-02,2020-11-02,58.2178,22.5020,22.9980,22.5476
2020-10-30,UUP,stock,25.32,25.4,25.3012,25.37,609035,2020-10-30,2020-10-30,57.0170,22.4865,23.0015,22.5435
2020-10-29,UUP,stock,25.3,25.4089,25.3,25.34,1219822,2020-10-29,2020-10-29,55.8385,22.4722,23.0054,22.5402
2020-10-28,UUP,stock,25.23,25.27,25.2,25.24,648732,2020-10-28,2020-10-28,51.7431,22.4591,23.0095,22.5380
2020-10-27,UUP,stock,25.06,25.09,25.04,25.08,181782,2020-10-27,2020-10-27,44.0317,22.4542,23.0145,22.5393
2020-10-26,UUP,stock,25.09,25.13,25.09,25.13,368349,2020-10-26,2020-10-26,46.1727,22.4636,23.0211,22.5464
2020-10-23,UUP,stock,25.03,25.095,25.025,25.04,481506,2020-10-23,2020-10-23,41.4110,22.4695,23.0272,22.5521
2020-10-22,UUP,stock,25.04,25.1,25.04,25.1,1276077,2020-10-22,2020-10-22,43.8102,22.4843,23.0342,22.5612
2020-10-21,UUP,stock,25.05,25.05,24.9565,25,1624015,2020-10-21,2020-10-21,38.2759,22.4951,23.0408,22.5685
2020-10-20,UUP,stock,25.15,25.17,25.1,25.13,1538473,2020-10-20,2020-10-20,43.4407,22.5164,23.0483,22.5798
2020-10-19,UUP,stock,25.17,25.225,25.16,25.21,545928,2020-10-19,2020-10-19,47.0702,22.5278,23.0548,22.5868
2020-10-16,UUP,stock,25.28,25.3,25.2601,25.29,951274,2020-10-16,2020-10-16,51.0292,22.5329,23.0605,22.5911
2020-10-15,UUP,stock,25.32,25.35,25.3,25.32,1417194,2020-10-15,2020-10-15,52.5688,22.5309,23.0657,22.5928
2020-10-14,UUP,stock,25.21,25.23,25.17,25.2,879529,2020-10-14,2020-10-14,46.5826,22.5260,23.0706,22.5934
2020-10-13,UUP,stock,25.22,25.27,25.21,25.26,12537574,2020-10-13,2020-10-13,49.4821,22.5318,23.0766,22.5984
2020-10-12,UUP,stock,25.13,25.14,25.11,25.11,676223,2020-10-12,2020-10-12,40.9497,22.5325,23.0821,22.6014
2020-10-09,UUP,stock,25.17,25.2,25.12,25.14,1993428,2020-10-09,2020-10-09,42.2758,22.5475,23.0891,22.6100
2020-10-08,UUP,stock,25.3,25.35,25.28,25.29,885342,2020-10-08,2020-10-08,49.7565,22.5612,23.0958,22.6178
2020-10-07,UUP,stock,25.31,25.32,25.28,25.3,1158621,2020-10-07,2020-10-07,50.3076,22.5622,23.1013,22.6206
2020-10-06,UUP,stock,25.22,25.3499,25.22,25.33,2282989,2020-10-06,2020-10-06,51.9092,22.5625,23.1067,22.6230
2020-10-05,UUP,stock,25.27,25.27,25.22,25.26,1047147,2020-10-05,2020-10-05,48.3463,22.5599,23.1120,22.6245
2020-10-02,UUP,stock,25.37,25.38,25.33,25.37,1354392,2020-10-02,2020-10-02,54.2063,22.5636,23.1179,22.6286
2020-10-01,UUP,stock,25.33,25.38,25.31,25.31,916019,2020-10-01,2020-10-01,51.2111,22.5574,23.1229,22.6288
2020-09-30,UUP,stock,25.4,25.4499,25.3,25.35,1217995,2020-09-30,2020-09-30,53.3721,22.5562,23.1284,22.6313
2020-09-29,UUP,stock,25.4,25.415,25.35,25.35,1239005,2020-09-29,2020-09-29,53.3721,22.5511,23.1337,22.6324
2020-09-28,UUP,stock,25.45,25.5,25.43,25.47,756524,2020-09-28,2020-09-28,59.9120,22.5455,23.1390,22.6335
2020-09-25,UUP,stock,25.57,25.6,25.54,25.55,1410530,2020-09-25,2020-09-25,64.8296,22.5280,23.1433,22.6303
2020-09-24,UUP,stock,25.54,25.56,25.44,25.48,2385001,2020-09-24,2020-09-24,62.3165,22.5011,23.1469,22.6241
2020-09-23,UUP,stock,25.45,25.54,25.4,25.52,12116363,2020-09-23,2020-09-23,64.7723,22.4780,23.1512,22.6201
2020-09-22,UUP,stock,25.3,25.42,25.28,25.38,1328304,2020-09-22,2020-09-22,59.5976,22.4487,23.1552,22.6146
2020-09-21,UUP,stock,25.24,25.34,25.23,25.29,1408674,2020-09-21,2020-09-21,55.7143,22.4295,23.1604,22.6139
2020-09-18,UUP,stock,25.11,25.13,25.05,25.11,820056,2020-09-18,2020-09-18,46.0916,22.4167,23.1666,22.6165
2020-09-17,UUP,stock,25.2,25.2011,25.08,25.08,875649,2020-09-17,2020-09-17,44.2158,22.4194,23.1744,22.6257
2020-09-16,UUP,stock,25.1,25.195,25.08,25.17,602013,2020-09-16,2020-09-16,48.9619,22.4253,23.1825,22.6364
2020-09-15,UUP,stock,25.1,25.17,25.09,25.14,448535,2020-09-15,2020-09-15,47.2079,22.4233,23.1899,22.6442
2020-09-14,UUP,stock,25.1,25.145,25.08,25.12,611868,2020-09-14,2020-09-14,46.0604,22.4239,23.1977,22.6535
2020-09-11,UUP,stock,25.17,25.23,25.17,25.18,467916,2020-09-11,2020-09-11,49.0293,22.4265,23.2057,22.6638
2020-09-10,UUP,stock,25.07,25.24,25.04,25.23,950307,2020-09-10,2020-09-10,51.6031,22.4237,23.2133,22.6724
2020-09-09,UUP,stock,25.2,25.2,25.1531,25.18,646303,2020-09-09,2020-09-09,49.1230,22.4159,23.2205,22.6796
2020-09-08,UUP,stock,25.21,25.25,25.182,25.22,1556859,2020-09-08,2020-09-08,51.0670,22.4120,23.2282,22.6888
2020-09-04,UUP,stock,25.14,25.182,25.04,25.09,1193358,2020-09-04,2020-09-04,44.4306,22.4039,23.2356,22.6970
2020-09-03,UUP,stock,25.07,25.13,25.04,25.05,1004443,2020-09-03,2020-09-03,42.1906,22.4072,23.2443,22.7102
2020-09-02,UUP,stock,25.05,25.095,25.03,25.04,1923933,2020-09-02,2020-09-02,41.6445,22.4145,23.2534,22.7254
2020-09-01,UUP,stock,24.8,24.965,24.8,24.95,1022905,2020-09-01,2020-09-01,36.6428,22.4236,23.2627,22.7416
2020-08-31,UUP,stock,24.9,24.939,24.845,24.9,1732214,2020-08-31,2020-08-31,33.7118,22.4421,23.2729,22.7618
2020-08-28,UUP,stock,24.96,25.005,24.92,24.93,1200597,2020-08-28,2020-08-28,34.6037,22.4673,23.2836,22.7846
2020-08-27,UUP,stock,25.02,25.22,25,25.13,698361,2020-08-27,2020-08-27,41.3809,22.4922,23.2942,22.8072
2020-08-26,UUP,stock,25.19,25.19,25.0831,25.1,879909,2020-08-26,2020-08-26,39.7369,22.5010,23.3031,22.8235
2020-08-25,UUP,stock,25.14,25.19,25.12,25.13,869189,2020-08-25,2020-08-25,40.7994,22.5136,23.3124,22.8415
2020-08-24,UUP,stock,25.11,25.22,25.11,25.22,450577,2020-08-24,2020-08-24,44.0828,22.5246,23.3215,22.8592
2020-08-21,UUP,stock,25.2,25.26,25.18,25.18,1667835,2020-08-21,2020-08-21,42.1618,22.5284,23.3298,22.8743
2020-08-20,UUP,stock,25.19,25.19,25.06,25.06,933177,2020-08-20,2020-08-20,36.0410,22.5364,23.3386,22.8915
2020-08-19,UUP,stock,24.95,25.15,24.923,25.13,1512828,2020-08-19,2020-08-19,38.2326,22.5564,23.3486,22.9138
2020-08-18,UUP,stock,24.92,24.9756,24.89,24.93,1104753,2020-08-18,2020-08-18,26.3510,22.5719,23.3581,22.9344
2020-08-17,UUP,stock,25.12,25.12,25.07,25.07,951673,2020-08-17,2020-08-17,30.1166,22.6079,23.3694,22.9631
2020-08-14,UUP,stock,25.17,25.1925,25.13,25.18,1913529,2020-08-14,2020-08-14,33.6220,22.6345,23.3796,22.9880
2020-08-13,UUP,stock,25.17,25.24,25.11,25.22,1077619,2020-08-13,2020-08-13,34.9975,22.6537,23.3889,23.0098
2020-08-12,UUP,stock,25.23,25.27,25.19,25.23,607831,2020-08-12,2020-08-12,35.3331,22.6710,23.3980,23.0311
2020-08-11,UUP,stock,25.26,25.33,25.22,25.31,1124551,2020-08-11,2020-08-11,38.0427,22.6893,23.4070,23.0528
2020-08-10,UUP,stock,25.27,25.3,25.21,25.27,1037623,2020-08-10,2020-08-10,35.7553,22.7019,23.4154,23.0726
2020-08-07,UUP,stock,25.25,25.31,25.22,25.23,1201671,2020-08-07,2020-08-07,33.4746,22.7197,23.4243,23.0946
2020-08-06,UUP,stock,25.09,25.1575,25.04,25.08,767154,2020-08-06,2020-08-06,24.0911,22.7430,23.4336,23.1190
2020-08-05,UUP,stock,25.06,25.11,25.0142,25.08,1266182,2020-08-05,2020-08-05,24.0911,22.7829,23.4444,23.1498
2020-08-04,UUP,stock,25.34,25.35,25.19,25.19,1094395,2020-08-04,2020-08-04,26.4501,22.8270,23.4552,23.1819
2020-08-03,UUP,stock,25.39,25.41,25.27,25.28,1447421,2020-08-03,2020-08-03,28.5761,22.8655,23.4652,23.2112
2020-07-31,UUP,stock,25.15,25.2894,25.13,25.28,1742388,2020-07-31,2020-07-31,28.5761,22.8995,23.4745,23.2385
2020-07-30,UUP,stock,25.2,25.25,25.12,25.13,537223,2020-07-30,2020-07-30,19.2489,22.9371,23.4838,23.2670
2020-07-29,UUP,stock,25.28,25.28,25.17,25.23,1282620,2020-07-29,2020-07-29,20.9419,22.9927,23.4947,23.3020
2020-07-28,UUP,stock,25.33,25.3583,25.29,25.35,1246295,2020-07-28,2020-07-28,23.2172,23.0449,23.5047,23.3348
2020-07-27,UUP,stock,25.33,25.35,25.2516,25.31,1412942,2020-07-27,2020-07-27,20.5452,23.0912,23.5137,23.3646
2020-07-24,UUP,stock,25.55,25.58,25.49,25.5,1095160,2020-07-24,2020-07-24,24.2705,23.1462,23.5232,23.3971
2020-07-23,UUP,stock,25.68,25.69,25.56,25.61,1249871,2020-07-23,2020-07-23,26.8919,23.1891,23.5311,23.4240
2020-07-22,UUP,stock,25.65,25.675,25.62,25.66,653756,2020-07-22,2020-07-22,28.1764,23.2262,23.5381,23.4480
2020-07-21,UUP,stock,25.86,25.87,25.68,25.73,1351008,2020-07-21,2020-07-21,30.0419,23.2625,23.5447,23.4711
2020-07-20,UUP,stock,25.93,25.97,25.88,25.89,296508,2020-07-20,2020-07-20,34.9535,23.2961,23.5507,23.4927
2020-07-17,UUP,stock,25.97,25.97,25.91,25.93,420050,2020-07-17,2020-07-17,36.3325,23.3182,23.5554,23.5092
2020-07-16,UUP,stock,25.98,26.05,25.91,26.04,373850,2020-07-16,2020-07-16,40.4027,23.3389,23.5598,23.5251
2020-07-15,UUP,stock,25.9,25.98,25.87,25.95,525366,2020-07-15,2020-07-15,34.8584,23.3514,23.5632,23.5375
2020-07-14,UUP,stock,26.09,26.09,25.99,26.02,774405,2020-07-14,2020-07-14,37.3691,23.3737,23.5674,23.5537
2020-07-13,UUP,stock,26.07,26.09,26.01,26.07,374467,2020-07-13,2020-07-13,39.2439,23.3917,23.5711,23.5681
2020-07-10,UUP,stock,26.09,26.13,26.06,26.11,219451,2020-07-10,2020-07-10,40.7631,23.4070,23.5744,23.5812
2020-07-09,UUP,stock,26.04,26.16,26.03,26.15,629160,2020-07-09,2020-07-09,42.2830,23.4201,23.5773,23.5934
2020-07-08,UUP,stock,26.14,26.15,26.05,26.06,438952,2020-07-08,2020-07-08,37.4069,23.4308,23.5799,23.6047
2020-07-07,UUP,stock,26.15,26.22,26.15,26.2,598101,2020-07-07,2020-07-07,42.6062,23.4512,23.5833,23.6196
2020-07-06,UUP,stock,26.12,26.17,26.09,26.14,984084,2020-07-06,2020-07-06,39.2456,23.4605,23.5856,23.6301
2020-07-02,UUP,stock,26.24,26.33,26.2,26.28,519257,2020-07-02,2020-07-02,44.9480,23.4764,23.5883,23.6432
2020-07-01,UUP,stock,26.31,26.33,26.23,26.26,736878,2020-07-01,2020-07-01,43.8660,23.4809,23.5899,23.6518
2020-06-30,UUP,stock,26.39,26.41,26.28,26.32,995434,2020-06-30,2020-06-30,46.4067,23.4877,23.5916,23.6614
2020-06-29,UUP,stock,26.28,26.39,26.28,26.36,551374,2020-06-29,2020-06-29,48.1324,23.4896,23.5929,23.6692
2020-06-26,UUP,stock,26.33,26.41,26.32,26.35,556240,2020-06-26,2020-06-26,47.6808,23.4880,23.5937,23.6759
2020-06-25,UUP,stock,26.35,26.37,26.31,26.31,1144843,2020-06-25,2020-06-25,45.9320,23.4871,23.5947,23.6832
2020-06-24,UUP,stock,26.21,26.29,26.2,26.27,1174912,2020-06-24,2020-06-24,44.2001,23.4898,23.5961,23.6923
2020-06-23,UUP,stock,26.1,26.15,26.05,26.15,1563792,2020-06-23,2020-06-23,38.7331,23.4967,23.5978,23.7032
2020-06-22,UUP,stock,26.32,26.32,26.21,26.24,935080,2020-06-22,2020-06-22,41.5695,23.5155,23.6006,23.7189
2020-06-19,UUP,stock,26.3,26.42,26.3,26.38,1955919,2020-06-19,2020-06-19,46.4866,23.5278,23.6026,23.7320
2020-06-18,UUP,stock,26.31,26.38,26.29,26.35,616000,2020-06-18,2020-06-18,45.1967,23.5283,23.6034,23.7406
2020-06-17,UUP,stock,26.24,26.33,26.24,26.25,751243,2020-06-17,2020-06-17,40.7784,23.5317,23.6045,23.7505
2020-06-16,UUP,stock,26.17,26.3,26.17,26.23,1421417,2020-06-16,2020-06-16,39.8782,23.5448,23.6065,23.7645
2020-06-15,UUP,stock,26.28,26.3,26.11,26.15,725164,2020-06-15,2020-06-15,36.2807,23.5611,23.6087,23.7799
2020-06-12,UUP,stock,26.18,26.37,26.14,26.26,1784928,2020-06-12,2020-06-12,39.2817,23.5867,23.6116,23.7987
2020-06-11,UUP,stock,26.04,26.2,25.97,26.19,1076562,2020-06-11,2020-06-11,36.1614,23.6047,23.6136,23.8143
2020-06-10,UUP,stock,25.99,26.07,25.88,25.93,1231123,2020-06-10,2020-06-10,22.4087,23.6311,23.6162,23.8331
2020-06-09,UUP,stock,26.14,26.15,26.03,26.06,1033155,2020-06-09,2020-06-09,24.8991,23.6847,23.6211,23.8621
2020-06-08,UUP,stock,26.16,26.19,26.12,26.14,1794522,2020-06-08,2020-06-08,26.5876,23.7317,23.6250,23.8876
2020-06-05,UUP,stock,26.16,26.23,26.14,26.21,4095301,2020-06-05,2020-06-05,28.1380,23.7762,23.6282,23.9112
2020-06-04,UUP,stock,26.28,26.28,26.1,26.16,3238724,2020-06-04,2020-06-04,25.2468,23.8188,23.6307,23.9333
2020-06-03,UUP,stock,26.38,26.39,26.26,26.26,6784642,2020-06-03,2020-06-03,27.2855,23.8706,23.6338,23.9580
2020-06-02,UUP,stock,26.4,26.44,26.36,26.42,787430,2020-06-02,2020-06-02,31.0052,23.9184,23.6360,23.9801
2020-06-01,UUP,stock,26.53,26.55,26.45,26.45,1381432,2020-06-01,2020-06-01,31.7590,23.9563,23.6368,23.9973
2020-05-29,UUP,stock,26.58,26.65,26.53,26.6,1369326,2020-05-29,2020-05-29,35.8001,23.9953,23.6373,24.0141
2020-05-28,UUP,stock,26.72,26.74,26.61,26.64,3065105,2020-05-28,2020-05-28,36.9647,24.0244,23.6364,24.0262
2020-05-27,UUP,stock,26.78,26.87,26.76,26.78,581797,2020-05-27,2020-05-27,41.3351,24.0527,23.6353,24.0373
2020-05-26,UUP,stock,26.81,26.82,26.75,26.79,1059292,2020-05-26,2020-05-26,41.6618,24.0709,23.6328,24.0437
2020-05-22,UUP,stock,27,27.03,26.98,26.99,2072166,2020-05-22,2020-05-22,48.8293,24.0901,23.6302,24.0500
2020-05-21,UUP,stock,26.84,26.94,26.83,26.91,1025449,2020-05-21,2020-05-21,45.3363,24.0925,23.6258,24.0493
2020-05-20,UUP,stock,26.83,26.86,26.79,26.85,1789599,2020-05-20,2020-05-20,42.6079,24.1027,23.6221,24.0515
2020-05-19,UUP,stock,26.93,26.95,26.87,26.94,803594,2020-05-19,2020-05-19,45.7913,24.1196,23.6189,24.0560
2020-05-18,UUP,stock,27.08,27.1,26.95,26.96,1819624,2020-05-18,2020-05-18,46.5083,24.1298,23.6148,24.0573
2020-05-15,UUP,stock,27.12,27.2,27.09,27.18,450757,2020-05-15,2020-05-15,55.3633,24.1393,23.6106,24.0580
2020-05-14,UUP,stock,27.19,27.21,27.13,27.16,940259,2020-05-14,2020-05-14,54.6342,24.1290,23.6043,24.0507
2020-05-13,UUP,stock,27.02,27.15,27,27.13,826982,2020-05-13,2020-05-13,53.5780,24.1196,23.5981,24.0439
2020-05-12,UUP,stock,27.02,27.08,26.99,27.08,629390,2020-05-12,2020-05-12,51.8428,24.1120,23.5921,24.0378
2020-05-11,UUP,stock,27.08,27.16,27.06,27.13,4346043,2020-05-11,2020-05-11,53.7069,24.1083,23.5866,24.0334
2020-05-08,UUP,stock,27.03,27.06,26.91,27.03,1091328,2020-05-08,2020-05-08,50.3944,24.0994,23.5805,24.0269
2020-05-07,UUP,stock,27.15,27.18,27.01,27.04,653193,2020-05-07,2020-05-07,50.7315,24.0991,23.5752,24.0238
2020-05-06,UUP,stock,27.07,27.13,27.04,27.12,754284,2020-05-06,2020-05-06,53.3841,24.0978,23.5698,24.0202
2020-05-05,UUP,stock,27,27.03,26.9,26.99,4938168,2020-05-05,2020-05-05,49.3912,24.0888,23.5637,24.0136
2020-05-04,UUP,stock,26.93,26.98,26.91,26.97,1000537,2020-05-04,2020-05-04,48.7643,24.0911,23.5586,24.0114
2020-05-01,UUP,stock,26.79,26.84,26.74,26.82,1096120,2020-05-01,2020-05-01,43.9267,24.0955,23.5537,24.0098
2020-04-30,UUP,stock,26.97,27,26.76,26.79,1837398,2020-04-30,2020-04-30,42.9259,24.1145,23.5500,24.0137
2020-04-29,UUP,stock,26.98,27.04,26.94,26.96,781811,2020-04-29,2020-04-29,47.3751,24.1382,23.5466,24.0188
2020-04-28,UUP,stock,26.98,27.08,26.97,27.07,1051422,2020-04-28,2020-04-28,50.5213,24.1485,23.5417,24.0179
2020-04-27,UUP,stock,27.06,27.13,27.05,27.1,2184157,2020-04-27,2020-04-27,51.3855,24.1496,23.5357,24.0130
2020-04-24,UUP,stock,27.2,27.23,27.16,27.17,843615,2020-04-24,2020-04-24,53.3633,24.1480,23.5294,24.0068
2020-04-23,UUP,stock,27.24,27.26,27.1,27.23,1491141,2020-04-23,2020-04-23,55.0498,24.1396,23.5223,23.9978
2020-04-22,UUP,stock,27.1,27.23,27.1,27.22,947706,2020-04-22,2020-04-22,54.8289,24.1247,23.5147,23.9862
2020-04-21,UUP,stock,27.2,27.22,27.1,27.14,1643766,2020-04-21,2020-04-21,53.1171,24.1092,23.5071,23.9745
2020-04-20,UUP,stock,27.07,27.1,27.01,27.1,1298329,2020-04-20,2020-04-20,52.2775,24.0995,23.5001,23.9653
2020-04-17,UUP,stock,27.02,27.04,26.97,27.01,881617,2020-04-17,2020-04-17,50.4224,24.0926,23.4934,23.9572
2020-04-16,UUP,stock,27.02,27.18,26.99,27.08,2608806,2020-04-16,2020-04-16,51.8789,24.0934,23.4875,23.9519
2020-04-15,UUP,stock,27.05,27.06,26.88,26.96,2069566,2020-04-15,2020-04-15,49.5596,24.0877,23.4809,23.9440
2020-04-14,UUP,stock,26.82,26.84,26.76,26.76,2434656,2020-04-14,2020-04-14,45.4941,24.0927,23.4752,23.9400
2020-04-13,UUP,stock,26.94,26.97,26.88,26.91,1185558,2020-04-13,2020-04-13,48.1997,24.1170,23.4714,23.9432
2020-04-09,UUP,stock,26.95,27,26.89,26.95,1681580,2020-04-09,2020-04-09,48.9201,24.1298,23.4661,23.9411
2020-04-08,UUP,stock,27.07,27.15,27.07,27.15,2153381,2020-04-08,2020-04-08,52.5679,24.1402,23.4604,23.9374
2020-04-07,UUP,stock,27.01,27.1,27,27.05,2140258,2020-04-07,2020-04-07,50.8669,24.1328,23.4529,23.9263
2020-04-06,UUP,stock,27.27,27.36,27.25,27.3,1704872,2020-04-06,2020-04-06,55.4863,24.1341,23.4462,23.9183
2020-04-03,UUP,stock,27.26,27.35,27.24,27.29,3110663,2020-04-03,2020-04-03,55.3356,24.1121,23.4371,23.9010
2020-04-02,UUP,stock,27.12,27.21,27.04,27.14,3650032,2020-04-02,2020-04-02,53.1259,24.0887,23.4281,23.8833
2020-04-01,UUP,stock,26.99,27.05,26.95,27,3000042,2020-04-01,2020-04-01,51.0261,24.0769,23.4204,23.8703
2020-03-31,UUP,stock,26.98,27.05,26.79,26.83,1534848,2020-03-31,2020-03-31,48.4208,24.0770,23.4138,23.8619
2020-03-30,UUP,stock,26.89,26.95,26.84,26.85,2272519,2020-03-30,2020-03-30,48.7038,24.0930,23.4086,23.8594
2020-03-27,UUP,stock,27.08,27.11,26.67,26.73,4148731,2020-03-27,2020-03-27,46.9770,24.1089,23.4033,23.8560
2020-03-26,UUP,stock,27.15,27.16,26.94,26.95,7220743,2020-03-26,2020-03-26,49.8329,24.1377,23.3989,23.8569
2020-03-25,UUP,stock,27.55,27.64,27.3,27.39,4432702,2020-03-25,2020-03-25,56.1752,24.1489,23.3926,23.8497
2020-03-24,UUP,stock,27.55,27.74,27.51,27.65,5990339,2020-03-24,2020-03-24,60.3926,24.1200,23.3822,23.8263
2020-03-23,UUP,stock,27.86,28,27.73,27.97,2220152,2020-03-23,2020-03-23,66.0608,24.0636,23.3694,23.7925
2020-03-20,UUP,stock,28,28.08,27.68,28.01,6811681,2020-03-20,2020-03-20,66.7884,23.9712,23.3536,23.7456
2020-03-19,UUP,stock,28.89,28.9,27.75,28.09,4055872,2020-03-19,2020-03-19,68.1830,23.8654,23.3373,23.6953
2020-03-18,UUP,stock,27.23,28.01,27.22,27.44,4114526,2020-03-18,2020-03-18,62.2331,23.7409,23.3201,23.6401
2020-03-17,UUP,stock,26.93,27.1,26.91,27.03,1455986,2020-03-17,2020-03-17,57.5876,23.6643,23.3086,23.6063
2020-03-16,UUP,stock,26.65,26.69,26.33,26.56,1673192,2020-03-16,2020-03-16,51.1978,23.6182,23.3006,23.5861
2020-03-13,UUP,stock,26.57,27.97,26.54,27.44,1333518,2020-03-13,2020-03-13,69.3677,23.6113,23.2968,23.5821
2020-03-12,UUP,stock,26.25,26.66,26.19,26.44,3224692,2020-03-12,2020-03-12,51.0288,23.5211,23.2850,23.5459
2020-03-11,UUP,stock,26.04,26.17,26.01,26.16,722713,2020-03-11,2020-03-11,42.0008,23.5153,23.2820,23.5447
2020-03-10,UUP,stock,25.91,26.16,25.91,26.12,5135662,2020-03-10,2020-03-10,40.5469,23.5351,23.2816,23.5535
2020-03-09,UUP,stock,25.74,25.75,24.64,25.74,2683648,2020-03-09,2020-03-09,23.6670,23.5607,23.2815,23.5643
2020-03-06,UUP,stock,25.93,26.04,25.92,26.02,1570782,2020-03-06,2020-03-06,29.3730,23.6248,23.2848,23.5892
2020-03-05,UUP,stock,26.24,26.28,26.16,26.17,848276,2020-03-05,2020-03-05,33.3759,23.6693,23.2856,23.6050
2020-03-04,UUP,stock,26.37,26.41,26.34,26.37,613887,2020-03-04,2020-03-04,40.1502,23.7044,23.2851,23.6160
2020-03-03,UUP,stock,26.39,26.39,26.23,26.28,1429517,2020-03-03,2020-03-03,34.6038,23.7244,23.2828,23.6202
2020-03-02,UUP,stock,26.41,26.42,26.29,26.39,1447248,2020-03-02,2020-03-02,38.6711,23.7550,23.2813,23.6278
2020-02-28,UUP,stock,26.62,26.71,26.49,26.53,4081116,2020-02-28,2020-02-28,44.9094,23.7784,23.2788,23.6317
2020-02-27,UUP,stock,26.64,26.68,26.59,26.62,1103558,2020-02-27,2020-02-27,49.6948,23.7912,23.2750,23.6306
2020-02-26,UUP,stock,26.79,26.84,26.76,26.78,1037608,2020-02-26,2020-02-26,60.3023,23.7969,23.2703,23.6263
2020-02-25,UUP,stock,26.83,26.84,26.73,26.76,354983,2020-02-25,2020-02-25,59.2938,23.7882,23.2642,23.6160
2020-02-24,UUP,stock,26.87,26.88,26.78,26.84,335768,2020-02-24,2020-02-24,65.4718,23.7804,23.2582,23.6059
2020-02-21,UUP,stock,26.94,26.94,26.82,26.83,1199490,2020-02-21,2020-02-21,65.0492,23.7643,23.2514,23.5926
2020-02-20,UUP,stock,26.94,26.99,26.93,26.99,385580,2020-02-20,2020-02-20,79.5106,23.7475,23.2447,23.5790
2020-02-19,UUP,stock,26.91,26.94,26.9,26.91,246106,2020-02-19,2020-02-19,77.1523,23.7138,23.2364,23.5591
2020-02-18,UUP,stock,26.86,26.87,26.8,26.86,148429,2020-02-18,2020-02-18,75.5169,23.6842,23.2288,23.5413
2020-02-14,UUP,stock,26.77,26.78,26.73,26.76,162619,2020-02-14,2020-02-14,71.7633,23.6560,23.2215,23.5245
2020-02-13,UUP,stock,26.74,26.77,26.72,26.77,592376,2020-02-13,2020-02-13,72.7997,23.6344,23.2151,23.5108
2020-02-12,UUP,stock,26.66,26.75,26.66,26.74,172364,2020-02-12,2020-02-12,71.6595,23.6095,23.2085,23.4961
2020-02-11,UUP,stock,26.69,26.69,26.66,26.67,268936,2020-02-11,2020-02-11,68.8285,23.5848,23.2021,23.4819
2020-02-10,UUP,stock,26.68,26.71,26.66,26.7,256134,2020-02-10,2020-02-10,71.6780,23.5640,23.1963,23.4696
2020-02-07,UUP,stock,26.59,26.66,26.59,26.66,95737,2020-02-07,2020-02-07,70.1479,23.5383,23.1901,23.4558
2020-02-06,UUP,stock,26.55,26.62,26.55,26.6,140631,2020-02-06,2020-02-06,67.7187,23.5136,23.1843,23.4428
2020-02-05,UUP,stock,26.52,26.55,26.5001,26.55,388136,2020-02-05,2020-02-05,65.5494,23.4920,23.1789,23.4316
2020-02-04,UUP,stock,26.43,26.45,26.43,26.45,469390,2020-02-04,2020-02-04,60.6370,23.4728,23.1739,23.4216
2020-02-03,UUP,stock,26.38,26.43,26.38,26.41,860575,2020-02-03,2020-02-03,58.4357,23.4609,23.1698,23.4149
2020-01-31,UUP,stock,26.35,26.36,26.27,26.28,784679,2020-01-31,2020-01-31,49.9964,23.4515,23.1659,23.4094
2020-01-30,UUP,stock,26.43,26.44,26.39,26.39,160926,2020-01-30,2020-01-30,59.4864,23.4534,23.1633,23.4084
2020-01-29,UUP,stock,26.48,26.49,26.44,26.47,152623,2020-01-29,2020-01-29,68.2329,23.4451,23.1595,23.4034
2020-01-28,UUP,stock,26.46,26.48,26.43,26.43,158358,2020-01-28,2020-01-28,65.9054,23.4284,23.1551,23.3952
2020-01-27,UUP,stock,26.4,26.44,26.4,26.43,226828,2020-01-27,2020-01-27,65.9054,23.4138,23.1509,23.3882
2020-01-24,UUP,stock,26.38,26.42,26.38,26.39,221794,2020-01-24,2020-01-24,63.6063,23.3976,23.1467,23.3809
2020-01-23,UUP,stock,26.33,26.37,26.32,26.35,126443,2020-01-23,2020-01-23,61.1751,23.3834,23.1429,23.3747
2020-01-22,UUP,stock,26.27,26.33,26.27,26.28,216524,2020-01-22,2020-01-22,56.4475,23.3715,23.1393,23.3697
2020-01-21,UUP,stock,26.26,26.31,26.26,26.3,327248,2020-01-21,2020-01-21,58.3320,23.3649,23.1364,23.3671
2020-01-17,UUP,stock,26.29,26.32,26.29,26.32,284450,2020-01-17,2020-01-17,60.1981,23.3558,23.1332,23.3637
2020-01-16,UUP,stock,26.19,26.24,26.19,26.23,108632,2020-01-16,2020-01-16,54.0563,23.3438,23.1298,23.3593
2020-01-15,UUP,stock,26.18,26.22,26.18,26.19,242464,2020-01-15,2020-01-15,50.9315,23.3390,23.1272,23.3581
2020-01-14,UUP,stock,26.27,26.28,26.22,26.23,589921,2020-01-14,2020-01-14,54.3650,23.3375,23.1249,23.3583
2020-01-13,UUP,stock,26.25,26.26,26.21,26.22,217040,2020-01-13,2020-01-13,53.6395,23.3320,23.1223,23.3570
2020-01-10,UUP,stock,26.26,26.27,26.21,26.22,211778,2020-01-10,2020-01-10,53.6395,23.3269,23.1197,23.3561
2020-01-09,UUP,stock,26.24,26.28,26.24,26.24,167038,2020-01-09,2020-01-09,55.1515,23.3213,23.1171,23.3551
2020-01-08,UUP,stock,26.15,26.21,26.14,26.19,685630,2020-01-08,2020-01-08,52.0112,23.3132,23.1142,23.3533
2020-01-07,UUP,stock,26.1,26.14,26.1,26.12,145119,2020-01-07,2020-01-07,47.2054,23.3089,23.1118,23.3533
2020-01-06,UUP,stock,26.02,26.05,26.02,26.03,308762,2020-01-06,2020-01-06,40.0361,23.3107,23.1100,23.3558
2020-01-03,UUP,stock,26.12,26.12,26.04,26.09,663488,2020-01-03,2020-01-03,43.7106,23.3212,23.1090,23.3617
2020-01-02,UUP,stock,26.05,26.08,25.99,26.06,556548,2020-01-02,2020-01-02,41.2052,23.3272,23.1074,23.3657
2019-12-31,UUP,stock,25.96,25.98,25.93,25.97,505246,2019-12-31,2019-12-31,32.8836,23.3366,23.1061,23.3709
2019-12-30,UUP,stock,26.04,26.05,26,26.04,527627,2019-12-30,2019-12-30,36.6277,23.3555,23.1056,23.3796
2019-12-27,UUP,stock,26.12,26.14,26.07,26.09,573305,2019-12-27,2019-12-27,39.6198,23.3697,23.1045,23.3861
2019-12-26,UUP,stock,26.24,26.26,26.21,26.22,235145,2019-12-26,2019-12-26,49.3531,23.3808,23.1029,23.3911
2019-12-24,UUP,stock,26.27,26.28,26.24,26.26,274221,2019-12-24,2019-12-24,53.0788,23.3808,23.1001,23.3915
2019-12-23,UUP,stock,26.37,26.37,26.24,26.26,826033,2019-12-23,2019-12-23,53.0788,23.3771,23.0969,23.3905
2019-12-20,UUP,stock,26.76,26.81,26.76,26.8,686771,2019-12-20,2019-12-20,54.2914,23.3730,23.0937,23.3895
2019-12-19,UUP,stock,26.72,26.73,26.69,26.71,427325,2019-12-19,2019-12-19,47.0739,23.3672,23.0903,23.3879
2019-12-18,UUP,stock,26.69,26.72,26.68,26.71,237864,2019-12-18,2019-12-18,47.0739,23.3691,23.0877,23.3895
2019-12-17,UUP,stock,26.64,26.66,26.63,26.66,199290,2019-12-17,2019-12-17,42.7431,23.3711,23.0851,23.3911
2019-12-16,UUP,stock,26.59,26.63,26.57,26.61,814435,2019-12-16,2019-12-16,38.0348,23.3779,23.0829,23.3946
2019-12-13,UUP,stock,26.58,26.66,26.58,26.66,291692,2019-12-13,2019-12-13,41.1791,23.3901,23.0811,23.4000
2019-12-12,UUP,stock,26.61,26.74,26.61,26.66,627339,2019-12-12,2019-12-12,41.1791,23.3990,23.0788,23.4038
2019-12-11,UUP,stock,26.7,26.72,26.59,26.62,552079,2019-12-11,2019-12-11,37.6220,23.4088,23.0765,23.4078
2019-12-10,UUP,stock,26.71,26.75,26.7,26.72,205727,2019-12-10,2019-12-10,43.7662,23.4233,23.0746,23.4134
2019-12-09,UUP,stock,26.74,26.78,26.74,26.75,212213,2019-12-09,2019-12-09,45.8522,23.4301,23.0717,23.4156
2019-12-06,UUP,stock,26.76,26.82,26.75,26.78,313411,2019-12-06,2019-12-06,47.9755,23.4349,23.0686,23.4169
2019-12-05,UUP,stock,26.72,26.72,26.68,26.68,270774,2019-12-05,2019-12-05,39.2710,23.4374,23.0651,23.4171
2019-12-04,UUP,stock,26.7,26.76,26.68,26.74,316991,2019-12-04,2019-12-04,43.3081,23.4494,23.0625,23.4209
2019-12-03,UUP,stock,26.77,26.79,26.75,26.77,499982,2019-12-03,2019-12-03,45.4788,23.4571,23.0594,23.4228
2019-12-02,UUP,stock,26.88,26.89,26.79,26.8,705270,2019-12-02,2019-12-02,47.6988,23.4629,23.0559,23.4236
2019-11-29,UUP,stock,26.95,26.98,26.9,26.91,2004193,2019-11-29,2019-11-29,57.2063,23.4666,23.0522,23.4234
2019-11-27,UUP,stock,26.94,26.96,26.93,26.94,176022,2019-11-27,2019-11-27,60.2476,23.4605,23.0474,23.4193
2019-11-26,UUP,stock,26.92,26.94,26.9,26.9,308217,2019-11-26,2019-11-26,57.4467,23.4510,23.0424,23.4139
2019-11-25,UUP,stock,26.93,26.94,26.89,26.93,602150,2019-11-25,2019-11-25,60.4110,23.4442,23.0376,23.4098
2019-11-22,UUP,stock,26.81,26.92,26.81,26.91,225837,2019-11-22,2019-11-22,59.1047,23.4339,23.0325,23.4044
2019-11-21,UUP,stock,26.79,26.85,26.78,26.83,111342,2019-11-21,2019-11-21,53.3924,23.4243,23.0276,23.3995
2019-11-20,UUP,stock,26.8,26.83,26.79,26.79,480815,2019-11-20,2019-11-20,50.1602,23.4211,23.0233,23.3972
2019-11-19,UUP,stock,26.77,26.79,26.76,26.79,269756,2019-11-19,2019-11-19,50.1602,23.4213,23.0193,23.3963
2019-11-18,UUP,stock,26.79,26.79,26.73,26.76,799150,2019-11-18,2019-11-18,47.8201,23.4215,23.0153,23.3954
2019-11-15,UUP,stock,26.83,26.84,26.81,26.81,441246,2019-11-15,2019-11-15,51.5672,23.4244,23.0115,23.3955
2019-11-14,UUP,stock,26.91,26.93,26.85,26.87,123196,2019-11-14,2019-11-14,56.5005,23.4231,23.0072,23.3938
2019-11-13,UUP,stock,26.92,26.92,26.89,26.89,154467,2019-11-13,2019-11-13,58.2246,23.4161,23.0024,23.3898
2019-11-12,UUP,stock,26.9,26.92,26.88,26.9,347465,2019-11-12,2019-11-12,59.0613,23.4065,22.9973,23.3851
2019-11-11,UUP,stock,26.87,26.87,26.85,26.86,135529,2019-11-11,2019-11-11,56.7529,23.3950,22.9921,23.3797
2019-11-08,UUP,stock,26.91,26.92,26.88,26.9,237363,2019-11-08,2019-11-08,59.8887,23.3860,22.9872,23.3756
2019-11-07,UUP,stock,26.8,26.87,26.8,26.84,548188,2019-11-07,2019-11-07,56.5443,23.3723,22.9819,23.3699
2019-11-06,UUP,stock,26.75,26.79,26.75,26.78,425177,2019-11-06,2019-11-06,52.8975,23.3627,22.9770,23.3661
2019-11-05,UUP,stock,26.73,26.8,26.72,26.78,1795591,2019-11-05,2019-11-05,52.8975,23.3577,22.9727,23.3642
2019-11-04,UUP,stock,26.62,26.68,26.61,26.68,389170,2019-11-04,2019-11-04,46.4380,23.3521,22.9683,23.3623
2019-11-01,UUP,stock,26.6,26.61,26.56,26.58,648818,2019-11-01,2019-11-01,38.6221,23.3551,22.9647,23.3639
2019-10-31,UUP,stock,26.61,26.64,26.59,26.59,293479,2019-10-31,2019-10-31,39.1526,23.3676,22.9620,23.3691
2019-10-30,UUP,stock,26.7,26.78,26.63,26.64,319203,2019-10-30,2019-10-30,41.8197,23.3806,22.9591,23.3742
2019-10-29,UUP,stock,26.71,26.72,26.67,26.7,325401,2019-10-29,2019-10-29,45.2547,23.3903,22.9558,23.3777
2019-10-28,UUP,stock,26.71,26.72,26.69,26.71,485556,2019-10-28,2019-10-28,45.8374,23.3954,22.9520,23.3792
2019-10-25,UUP,stock,26.71,26.75,26.69,26.73,377709,2019-10-25,2019-10-25,46.9603,23.4003,22.9480,23.3804
2019-10-24,UUP,stock,26.61,26.72,26.61,26.7,624880,2019-10-24,2019-10-24,45.0866,23.4038,22.9437,23.3810
2019-10-23,UUP,stock,26.64,26.66,26.6,26.62,408149,2019-10-23,2019-10-23,39.8224,23.4104,22.9398,23.3826
2019-10-22,UUP,stock,26.61,26.64,26.56,26.63,2289345,2019-10-22,2019-10-22,40.2705,23.4250,22.9364,23.3871
2019-10-21,UUP,stock,26.54,26.59,26.54,26.57,391115,2019-10-21,2019-10-21,36.2756,23.4403,22.9330,23.3915
2019-10-18,UUP,stock,26.61,26.63,26.55,26.55,397271,2019-10-18,2019-10-18,34.9285,23.4627,22.9300,23.3982
2019-10-17,UUP,stock,26.66,26.68,26.63,26.65,545396,2019-10-17,2019-10-17,38.7297,23.4894,22.9272,23.4059
2019-10-16,UUP,stock,26.8,26.82,26.73,26.75,614588,2019-10-16,2019-10-16,43.0836,23.5096,22.9235,23.4104
2019-10-15,UUP,stock,26.91,26.93,26.81,26.82,413593,2019-10-15,2019-10-15,46.4799,23.5228,22.9188,23.4114
2019-10-14,UUP,stock,26.88,26.9,26.86,26.9,336675,2019-10-14,2019-10-14,50.7233,23.5309,22.9136,23.4100
2019-10-11,UUP,stock,26.82,26.86,26.79,26.82,559532,2019-10-11,2019-10-11,46.1590,23.5324,22.9075,23.4057
2019-10-10,UUP,stock,26.96,26.99,26.91,26.92,467333,2019-10-10,2019-10-10,51.7195,23.5416,22.9021,23.4040
2019-10-09,UUP,stock,27,27.05,27,27.03,345971,2019-10-09,2019-10-09,58.9762,23.5424,22.8957,23.3988
2019-10-08,UUP,stock,27,27.08,27,27.05,1320554,2019-10-08,2019-10-08,60.4072,23.5333,22.8884,23.3894
2019-10-07,UUP,stock,26.95,27.01,26.94,27.01,452859,2019-10-07,2019-10-07,58.5389,23.5213,22.8807,23.3788
2019-10-04,UUP,stock,26.98,27,26.95,26.96,2127329,2019-10-04,2019-10-04,56.1365,23.5118,22.8734,23.3693
2019-10-03,UUP,stock,27,27.01,26.9,26.98,896430,2019-10-03,2019-10-03,57.3712,23.5058,22.8664,23.3612
2019-10-02,UUP,stock,27.03,27.04,26.98,26.99,713350,2019-10-02,2019-10-02,57.9632,23.4974,22.8592,23.3521
2019-10-01,UUP,stock,27.16,27.17,27,27.01,972732,2019-10-01,2019-10-01,59.0955,23.4872,22.8518,23.3422
2019-09-30,UUP,stock,27.1,27.11,27.06,27.1,427510,2019-09-30,2019-09-30,64.3483,23.4741,22.8442,23.3311
2019-09-27,UUP,stock,27.04,27.04,26.98,27.01,394275,2019-09-27,2019-09-27,61.1410,23.4513,22.8357,23.3165
2019-09-26,UUP,stock,26.95,27.06,26.93,27.05,821465,2019-09-26,2019-09-26,63.4985,23.4344,22.8278,23.3044
2019-09-25,UUP,stock,26.9,26.99,26.88,26.98,894913,2019-09-25,2019-09-25,61.0585,23.4120,22.8196,23.2904
2019-09-24,UUP,stock,26.85,26.85,26.77,26.77,513605,2019-09-24,2019-09-24,52.1476,23.3937,22.8119,23.2784
2019-09-23,UUP,stock,26.89,26.89,26.85,26.87,355259,2019-09-23,2019-09-23,58.0180,23.3928,22.8060,23.2733
2019-09-20,UUP,stock,26.83,26.86,26.82,26.83,303228,2019-09-20,2019-09-20,56.1860,23.3826,22.7991,23.2645
2019-09-19,UUP,stock,26.76,26.79,26.73,26.76,517202,2019-09-19,2019-09-19,52.8420,23.3751,22.7925,23.2567
2019-09-18,UUP,stock,26.76,26.86,26.75,26.82,895744,2019-09-18,2019-09-18,56.2596,23.3731,22.7865,23.2512
2019-09-17,UUP,stock,26.82,26.84,26.72,26.72,395394,2019-09-17,2019-09-17,51.3945,23.3655,22.7799,23.2432
2019-09-16,UUP,stock,26.8,26.86,26.8,26.84,433071,2019-09-16,2019-09-16,58.6653,23.3662,22.7740,23.2385
2019-09-13,UUP,stock,26.71,26.75,26.7,26.72,2010786,2019-09-13,2019-09-13,52.4142,23.3560,22.7671,23.2293
2019-09-12,UUP,stock,26.88,26.9,26.72,26.76,450363,2019-09-12,2019-09-12,54.9882,23.3558,22.7612,23.2241
2019-09-11,UUP,stock,26.84,26.87,26.83,26.84,449527,2019-09-11,2019-09-11,60.5065,23.3518,22.7548,23.2172
2019-09-10,UUP,stock,26.75,26.77,26.74,26.76,286901,2019-09-10,2019-09-10,56.4481,23.3401,22.7477,23.2071
2019-09-09,UUP,stock,26.74,26.75,26.7,26.73,936088,2019-09-09,2019-09-09,54.8318,23.3344,22.7412,23.1995
2019-09-06,UUP,stock,26.73,26.78,26.7,26.78,813307,2019-09-06,2019-09-06,58.1729,23.3310,22.7349,23.1927
2019-09-05,UUP,stock,26.68,26.77,26.67,26.77,799863,2019-09-05,2019-09-05,57.6942,23.3226,22.7281,23.1838
2019-09-04,UUP,stock,26.82,26.83,26.75,26.76,1136589,2019-09-04,2019-09-04,57.2397,23.3142,22.7214,23.1749
2019-09-03,UUP,stock,26.99,27.01,26.9,26.93,1803561,2019-09-03,2019-09-03,68.9284,23.3059,22.7146,23.1659
2019-08-30,UUP,stock,26.79,26.92,26.75,26.87,623519,2019-08-30,2019-08-30,66.6998,23.2810,22.7063,23.1506
2019-08-29,UUP,stock,26.73,26.79,26.7,26.77,1463495,2019-08-29,2019-08-29,62.5419,23.2591,22.6984,23.1368
2019-08-28,UUP,stock,26.68,26.71,26.67,26.7,808658,2019-08-28,2019-08-28,59.2332,23.2440,22.6913,23.1259
2019-08-27,UUP,stock,26.62,26.64,26.61,26.64,284912,2019-08-27,2019-08-27,56.1504,23.2338,22.6848,23.1171
2019-08-26,UUP,stock,26.62,26.66,26.61,26.66,487832,2019-08-26,2019-08-26,57.4961,23.2281,22.6787,23.1102
2019-08-23,UUP,stock,26.7,26.77,26.51,26.52,2521919,2019-08-23,2019-08-23,49.6527,23.2199,22.6724,23.1022
2019-08-22,UUP,stock,26.67,26.7,26.64,26.67,299591,2019-08-22,2019-08-22,60.8186,23.2237,22.6673,23.0988
2019-08-21,UUP,stock,26.67,26.71,26.66,26.69,1076892,2019-08-21,2019-08-21,62.5604,23.2141,22.6608,23.0900
2019-08-20,UUP,stock,26.73,26.74,26.65,26.66,516659,2019-08-20,2019-08-20,61.0049,23.2017,22.6541,23.0801
2019-08-19,UUP,stock,26.68,26.73,26.67,26.72,518054,2019-08-19,2019-08-19,66.1056,23.1907,22.6475,23.0709
2019-08-16,UUP,stock,26.71,26.71,26.64,26.66,730631,2019-08-16,2019-08-16,63.2525,23.1730,22.6404,23.0592
2019-08-15,UUP,stock,26.6,26.67,26.59,26.64,2435298,2019-08-15,2019-08-15,62.2695,23.1590,22.6337,23.0491
2019-08-14,UUP,stock,26.55,26.62,26.53,26.62,813742,2019-08-14,2019-08-14,61.3084,23.1454,22.6271,23.0394
2019-08-13,UUP,stock,26.44,26.56,26.43,26.56,483834,2019-08-13,2019-08-13,58.3530,23.1322,22.6206,23.0299
2019-08-12,UUP,stock,26.43,26.45,26.41,26.44,665449,2019-08-12,2019-08-12,51.4688,23.1231,22.6146,23.0222
2019-08-09,UUP,stock,26.46,26.49,26.41,26.46,523625,2019-08-09,2019-08-09,52.8201,23.1241,22.6096,23.0185
2019-08-08,UUP,stock,26.51,26.51,26.42,26.49,2407921,2019-08-08,2019-08-08,54.8249,23.1233,22.6043,23.0139
2019-08-07,UUP,stock,26.44,26.48,26.4,26.47,1999910,2019-08-07,2019-08-07,53.7379,23.1197,22.5988,23.0080
2019-08-06,UUP,stock,26.49,26.51,26.45,26.49,369938,2019-08-06,2019-08-06,54.9660,23.1176,22.5933,23.0026
2019-08-05,UUP,stock,26.48,26.5,26.42,26.46,1188791,2019-08-05,2019-08-05,53.4854,23.1134,22.5877,22.9963
2019-08-02,UUP,stock,26.66,26.66,26.58,26.59,370880,2019-08-02,2019-08-02,61.6401,23.1116,22.5822,22.9908
2019-08-01,UUP,stock,26.8,26.8,26.64,26.65,1117914,2019-08-01,2019-08-01,65.9495,23.0976,22.5756,22.9804
2019-07-31,UUP,stock,26.58,26.74,26.55,26.73,810438,2019-07-31,2019-07-31,72.1988,23.0765,22.5683,22.9675
2019-07-30,UUP,stock,26.59,26.61,26.57,26.57,274318,2019-07-30,2019-07-30,66.2614,23.0459,22.5603,22.9512
2019-07-29,UUP,stock,26.59,26.6,26.56,26.57,803922,2019-07-29,2019-07-29,66.2614,23.0269,22.5536,22.9399
2019-07-26,UUP,stock,26.52,26.58,26.52,26.55,438534,2019-07-26,2019-07-26,65.4665,23.0058,22.5468,22.9282
2019-07-25,UUP,stock,26.44,26.53,26.41,26.51,1315564,2019-07-25,2019-07-25,63.8864,22.9843,22.5401,22.9167
2019-07-24,UUP,stock,26.45,26.48,26.42,26.46,292332,2019-07-24,2019-07-24,61.8608,22.9642,22.5338,22.9062
2019-07-23,UUP,stock,26.43,26.47,26.43,26.46,309892,2019-07-23,2019-07-23,61.8608,22.9467,22.5278,22.8970
2019-07-22,UUP,stock,26.32,26.34,26.31,26.34,286088,2019-07-22,2019-07-22,56.8526,22.9272,22.5217,22.8874
2019-07-19,UUP,stock,26.28,26.33,26.26,26.29,332069,2019-07-19,2019-07-19,54.5431,22.9168,22.5166,22.8818
2019-07-18,UUP,stock,26.3,26.32,26.16,26.16,350643,2019-07-18,2019-07-18,47.7972,22.9099,22.5119,22.8777
2019-07-17,UUP,stock,26.34,26.34,26.28,26.3,260026,2019-07-17,2019-07-17,56.1265,22.9142,22.5084,22.8780
2019-07-16,UUP,stock,26.3,26.36,26.3,26.35,485557,2019-07-16,2019-07-16,59.5691,22.9061,22.5035,22.8734
2019-07-15,UUP,stock,26.19,26.23,26.19,26.23,217888,2019-07-15,2019-07-15,53.1674,22.8925,22.4982,22.8668
2019-07-12,UUP,stock,26.24,26.24,26.17,26.19,208948,2019-07-12,2019-07-12,50.7540,22.8886,22.4938,22.8642
2019-07-11,UUP,stock,26.23,26.27,26.23,26.24,158898,2019-07-11,2019-07-11,53.9830,22.8879,22.4898,22.8629
2019-07-10,UUP,stock,26.29,26.31,26.23,26.24,540536,2019-07-10,2019-07-10,53.9830,22.8825,22.4853,22.8599
2019-07-09,UUP,stock,26.36,26.37,26.34,26.35,370394,2019-07-09,2019-07-09,61.3923,22.8766,22.4807,22.8566
2019-07-08,UUP,stock,26.31,26.34,26.3,26.33,316898,2019-07-08,2019-07-08,60.4765,22.8600,22.4751,22.8494
2019-07-05,UUP,stock,26.27,26.34,26.27,26.28,389674,2019-07-05,2019-07-05,58.1731,22.8434,22.4697,22.8425
2019-07-03,UUP,stock,26.12,26.16,26.09,26.14,677846,2019-07-03,2019-07-03,50.7035,22.8296,22.4646,22.8371
2019-07-02,UUP,stock,26.12,26.16,26.09,26.14,383917,2019-07-02,2019-07-02,50.7035,22.8274,22.4607,22.8365
2019-07-01,UUP,stock,26.05,26.17,26.04,26.16,1022317,2019-07-01,2019-07-01,51.8439,22.8248,22.4568,22.8359
2019-06-28,UUP,stock,25.97,26.01,25.94,25.97,286059,2019-06-28,2019-06-28,39.9240,22.8202,22.4527,22.8346
2019-06-27,UUP,stock,25.98,26,25.98,25.99,753248,2019-06-27,2019-06-27,40.9138,22.8326,22.4502,22.8400
2019-06-26,UUP,stock,25.98,26.01,25.93,25.99,224305,2019-06-26,2019-06-26,40.9138,22.8444,22.4474,22.8449
2019-06-25,UUP,stock,25.91,26.01,25.89,25.97,1605690,2019-06-25,2019-06-25,39.6231,22.8574,22.4447,22.8500
2019-06-24,UUP,stock,25.94,25.96,25.9,25.91,3073770,2019-06-24,2019-06-24,35.7107,22.8737,22.4421,22.8560
2019-06-21,UUP,stock,26.06,26.09,25.95,25.95,1123409,2019-06-21,2019-06-21,37.2030,22.8972,22.4400,22.8644
2019-06-20,UUP,stock,26.09,26.12,26.07,26.08,652289,2019-06-20,2019-06-20,42.5721,22.9195,22.4376,22.8717
2019-06-19,UUP,stock,26.31,26.33,26.19,26.24,853571,2019-06-19,2019-06-19,50.9806,22.9322,22.4339,22.8746
2019-06-18,UUP,stock,26.29,26.38,26.29,26.36,782377,2019-06-18,2019-06-18,59.1117,22.9316,22.4288,22.8720
2019-06-17,UUP,stock,26.27,26.33,26.27,26.32,225978,2019-06-17,2019-06-17,56.9883,22.9197,22.4227,22.8650
2019-06-14,UUP,stock,26.26,26.33,26.24,26.31,541078,2019-06-14,2019-06-14,56.4635,22.9104,22.4168,22.8591
2019-06-13,UUP,stock,26.17,26.19,26.15,26.17,288791,2019-06-13,2019-06-13,48.2552,22.9009,22.4109,22.8534
2019-06-12,UUP,stock,26.11,26.16,26.07,26.15,407239,2019-06-12,2019-06-12,46.9278,22.9034,22.4062,22.8524
2019-06-11,UUP,stock,26.08,26.11,26.06,26.08,160543,2019-06-11,2019-06-11,42.1009,22.9080,22.4017,22.8521
2019-06-10,UUP,stock,26.08,26.1399,26.07,26.07,497715,2019-06-10,2019-06-10,41.3938,22.9194,22.3977,22.8542
2019-06-07,UUP,stock,26.06,26.08,25.999,26.04,685129,2019-06-07,2019-06-07,39.3298,22.9330,22.3937,22.8569
2019-06-06,UUP,stock,26.15,26.19,26.09,26.15,567043,2019-06-06,2019-06-06,44.6883,22.9508,22.3900,22.8607
2019-06-05,UUP,stock,26.13,26.24,26.11,26.24,1373689,2019-06-05,2019-06-05,49.8482,22.9604,22.3853,22.8607
2019-06-04,UUP,stock,26.2,26.2154,26.13,26.15,880797,2019-06-04,2019-06-04,43.8254,22.9626,22.3797,22.8575
2019-06-03,UUP,stock,26.3,26.3,26.15,26.18,2164116,2019-06-03,2019-06-03,45.5173,22.9734,22.3749,22.8574
2019-05-31,UUP,stock,26.39,26.39,26.31,26.32,569585,2019-05-31,2019-05-31,54.6618,22.9826,22.3697,22.8562
2019-05-30,UUP,stock,26.44,26.46,26.42,26.43,228269,2019-05-30,2019-05-30,64.0501,22.9798,22.3633,22.8500
2019-05-29,UUP,stock,26.4,26.43,26.38,26.42,355212,2019-05-29,2019-05-29,63.5212,22.9667,22.3559,22.8396
2019-05-28,UUP,stock,26.3,26.38,26.3,26.36,455032,2019-05-28,2019-05-28,60.2642,22.9531,22.3484,22.8291
2019-05-24,UUP,stock,26.3,26.31,26.25,26.25,227996,2019-05-24,2019-05-24,53.1420,22.9435,22.3414,22.8203
2019-05-23,UUP,stock,26.46,26.47,26.31,26.34,538395,2019-05-23,2019-05-23,61.5194,22.9431,22.3354,22.8151
2019-05-22,UUP,stock,26.37,26.39,26.36,26.39,311507,2019-05-22,2019-05-22,66.9653,22.9343,22.3284,22.8065
2019-05-21,UUP,stock,26.37,26.39,26.31,26.37,758703,2019-05-21,2019-05-21,65.8422,22.9201,22.3210,22.7958
2019-05-20,UUP,stock,26.34,26.34,26.32,26.33,400391,2019-05-20,2019-05-20,63.5402,22.9061,22.3136,22.7853
2019-05-17,UUP,stock,26.3,26.35,26.3,26.35,399682,2019-05-17,2019-05-17,65.5925,22.8944,22.3065,22.7758
2019-05-16,UUP,stock,26.26,26.32,26.26,26.29,169412,2019-05-16,2019-05-16,62.1905,22.8796,22.2992,22.7652
2019-05-15,UUP,stock,26.24,26.26,26.19,26.22,414656,2019-05-15,2019-05-15,57.6546,22.8688,22.2923,22.7564
2019-05-14,UUP,stock,26.19,26.21,26.19,26.21,200058,2019-05-14,2019-05-14,56.9698,22.8632,22.2860,22.7496
2019-05-13,UUP,stock,26.07,26.16,26.07,26.15,395418,2019-05-13,2019-05-13,52.7090,22.8581,22.2797,22.7430
2019-05-10,UUP,stock,26.12,26.16,26.09,26.15,273181,2019-05-10,2019-05-10,52.7090,22.8578,22.2739,22.7382
2019-05-09,UUP,stock,26.21,26.23,26.12,26.16,205028,2019-05-09,2019-05-09,53.4699,22.8576,22.2680,22.7332
2019-05-08,UUP,stock,26.19,26.23,26.17,26.21,254085,2019-05-08,2019-05-08,57.3109,22.8564,22.2620,22.7277
2019-05-07,UUP,stock,26.21,26.25,26.19,26.2,451289,2019-05-07,2019-05-07,56.7337,22.8505,22.2554,22.7201
2019-05-06,UUP,stock,26.22,26.23,26.17,26.18,453107,2019-05-06,2019-05-06,55.6192,22.8449,22.2489,22.7126
2019-05-03,UUP,stock,26.27,26.28,26.16,26.16,1292744,2019-05-03,2019-05-03,54.5318,22.8405,22.2425,22.7056
2019-05-02,UUP,stock,26.21,26.27,26.21,26.26,240073,2019-05-02,2019-05-02,61.5320,22.8375,22.2362,22.6989
2019-05-01,UUP,stock,26.14,26.23,26.07,26.2,732946,2019-05-01,2019-05-01,58.5688,22.8250,22.2290,22.6884
2019-04-30,UUP,stock,26.16,26.21,26.15,26.17,1107346,2019-04-30,2019-04-30,57.0321,22.8167,22.2222,22.6796
2019-04-29,UUP,stock,26.31,26.33,26.25,26.25,293453,2019-04-29,2019-04-29,62.7999,22.8103,22.2156,22.6715
2019-04-26,UUP,stock,26.3,26.31,26.251,26.31,268283,2019-04-26,2019-04-26,67.5580,22.7959,22.2082,22.6602
2019-04-25,UUP,stock,26.33,26.35,26.3,26.34,709893,2019-04-25,2019-04-25,70.0212,22.7744,22.2003,22.6464
2019-04-24,UUP,stock,26.23,26.34,26.19,26.29,565392,2019-04-24,2019-04-24,68.2284,22.7479,22.1920,22.6309
2019-04-23,UUP,stock,26.18,26.22,26.16,26.16,733957,2019-04-23,2019-04-23,62.8674,22.7232,22.1840,22.6165
2019-04-22,UUP,stock,26.09,26.1,26.07,26.07,230265,2019-04-22,2019-04-22,58.3494,22.7078,22.1772,22.6062
2019-04-18,UUP,stock,26.09,26.14,26.08,26.13,491735,2019-04-18,2019-04-18,63.1023,22.6992,22.1710,22.5987
2019-04-17,UUP,stock,25.99,26.01,25.98,25.99,162203,2019-04-17,2019-04-17,55.1947,22.6841,22.1642,22.5887
2019-04-16,UUP,stock,25.99,26.01,25.96,26.01,267244,2019-04-16,2019-04-16,56.8097,22.6802,22.1587,22.5834
2019-04-15,UUP,stock,25.93,25.97,25.93,25.95,197473,2019-04-15,2019-04-15,52.9767,22.6742,22.1528,22.5771
2019-04-12,UUP,stock,25.92,25.98,25.91,25.96,336354,2019-04-12,2019-04-12,53.7145,22.6730,22.1475,22.5727
2019-04-11,UUP,stock,26.01,26.03,25.98,26.02,287087,2019-04-11,2019-04-11,58.2326,22.6708,22.1420,22.5677
2019-04-10,UUP,stock,26.02,26.02,25.93,25.94,1064281,2019-04-10,2019-04-10,53.3772,22.6628,22.1359,22.5604
2019-04-09,UUP,stock,25.93,25.98,25.93,25.98,958752,2019-04-09,2019-04-09,56.4224,22.6614,22.1305,22.5557
2019-04-08,UUP,stock,25.98,26,25.96,25.97,329832,2019-04-08,2019-04-08,55.8376,22.6561,22.1246,22.5493
2019-04-05,UUP,stock,26.04,26.09,26.04,26.06,222425,2019-04-05,2019-04-05,62.8919,22.6512,22.1188,22.5430
2019-04-04,UUP,stock,26.05,26.05,26.03,26.03,294035,2019-04-04,2019-04-04,61.3818,22.6375,22.1122,22.5333
2019-04-03,UUP,stock,25.98,26,25.95,26,2471187,2019-04-03,2019-04-03,59.8651,22.6251,22.1057,22.5243
2019-04-02,UUP,stock,26.05,26.1,26.03,26.04,325470,2019-04-02,2019-04-02,62.9248,22.6142,22.0994,22.5159
2019-04-01,UUP,stock,25.97,26.03,25.96,26.01,877341,2019-04-01,2019-04-01,61.5564,22.5984,22.0928,22.5058
2019-03-29,UUP,stock,25.98,26.03,25.97,26.03,582415,2019-03-29,2019-03-29,62.9957,22.5838,22.0863,22.4963
2019-03-28,UUP,stock,25.99,26.03,25.97,26,315018,2019-03-28,2019-03-28,61.7500,22.5657,22.0796,22.4857
2019-03-27,UUP,stock,25.89,25.92,25.87,25.91,225278,2019-03-27,2019-03-27,57.7919,22.5485,22.0730,22.4758
2019-03-26,UUP,stock,25.83,25.88,25.82,25.88,253961,2019-03-26,2019-03-26,56.3952,22.5378,22.0672,22.4687
2019-03-25,UUP,stock,25.76,25.81,25.76,25.8,416081,2019-03-25,2019-03-25,52.5035,22.5287,22.0616,22.4623
2019-03-22,UUP,stock,25.8,25.86,25.79,25.8,690068,2019-03-22,2019-03-22,52.5035,22.5260,22.0567,22.4586
2019-03-21,UUP,stock,25.69,25.81,25.68,25.75,575836,2019-03-21,2019-03-21,50.1037,22.5231,22.0517,22.4547
2019-03-20,UUP,stock,25.75,25.78,25.56,25.59,1034514,2019-03-20,2019-03-20,41.2890,22.5244,22.0471,22.4524
2019-03-19,UUP,stock,25.73,25.76,25.72,25.74,269406,2019-03-19,2019-03-19,48.7928,22.5406,22.0438,22.4558
2019-03-18,UUP,stock,25.75,25.81,25.75,25.77,381499,2019-03-18,2019-03-18,50.4971,22.5447,22.0392,22.4539
2019-03-15,UUP,stock,25.82,25.82,25.77,25.8,349825,2019-03-15,2019-03-15,52.1899,22.5464,22.0343,22.4509
2019-03-14,UUP,stock,25.83,25.85,25.82,25.84,266451,2019-03-14,2019-03-14,54.4498,22.5456,22.0291,22.4466
2019-03-13,UUP,stock,25.84,25.85,25.75,25.76,519832,2019-03-13,2019-03-13,50.4665,22.5411,22.0235,22.4408
2019-03-12,UUP,stock,25.9,25.91,25.85,25.88,593835,2019-03-12,2019-03-12,57.4661,22.5434,22.0185,22.4376
2019-03-11,UUP,stock,25.95,25.99,25.93,25.93,606014,2019-03-11,2019-03-11,60.7248,22.5349,22.0124,22.4300
2019-03-08,UUP,stock,25.99,25.99,25.96,25.99,512375,2019-03-08,2019-03-08,64.8206,22.5209,22.0058,22.4203
2019-03-07,UUP,stock,25.95,26.07,25.95,26.07,689652,2019-03-07,2019-03-07,70.7268,22.4999,21.9986,22.4081
2019-03-06,UUP,stock,25.83,25.85,25.82,25.84,782643,2019-03-06,2019-03-06,61.3173,22.4693,21.9907,22.3925
2019-03-05,UUP,stock,25.81,25.88,25.8,25.84,426182,2019-03-05,2019-03-05,61.3173,22.4567,21.9846,22.3844
2019-03-04,UUP,stock,25.77,25.82,25.77,25.77,254119,2019-03-04,2019-03-04,57.7537,22.4428,21.9786,22.3761
2019-03-01,UUP,stock,25.63,25.75,25.61,25.74,886690,2019-03-01,2019-03-01,56.1459,22.4338,21.9730,22.3699
2019-02-28,UUP,stock,25.61,25.67,25.6,25.64,340512,2019-02-28,2019-02-28,50.2904,22.4266,21.9677,22.3645
2019-02-27,UUP,stock,25.57,25.64,25.57,25.62,389115,2019-02-27,2019-02-27,49.0263,22.4279,21.9632,22.3625
2019-02-26,UUP,stock,25.66,25.71,25.56,25.6,391441,2019-02-26,2019-02-26,47.7937,22.4312,21.9589,22.3611
2019-02-25,UUP,stock,25.68,25.74,25.68,25.7,372089,2019-02-25,2019-02-25,53.8384,22.4367,21.9547,22.3603
2019-02-22,UUP,stock,25.73,25.7493,25.69,25.72,165794,2019-02-22,2019-02-22,55.1334,22.4335,21.9495,22.3560
2019-02-21,UUP,stock,25.69,25.75,25.69,25.73,209094,2019-02-21,2019-02-21,55.7561,22.4282,21.9441,22.3508
2019-02-20,UUP,stock,25.72,25.73,25.65,25.71,352199,2019-02-20,2019-02-20,54.8082,22.4214,21.9386,22.3449
2019-02-19,UUP,stock,25.79,25.79,25.68,25.69,1069232,2019-02-19,2019-02-19,53.8910,22.4157,21.9332,22.3396
2019-02-15,UUP,stock,25.83,25.88,25.78,25.79,480017,2019-02-15,2019-02-15,59.4978,22.4112,21.9280,22.3348
2019-02-14,UUP,stock,25.84,25.9,25.82,25.84,522583,2019-02-14,2019-02-14,62.5177,22.3971,21.9218,22.3262
2019-02-13,UUP,stock,25.82,25.87,25.77,25.87,374054,2019-02-13,2019-02-13,64.3370,22.3769,21.9150,22.3155
2019-02-12,UUP,stock,25.8,25.82,25.72,25.73,436962,2019-02-12,2019-02-12,59.1907,22.3518,21.9080,22.3032
2019-02-11,UUP,stock,25.78,25.85,25.78,25.82,829303,2019-02-11,2019-02-11,64.7700,22.3369,21.9021,22.2955
2019-02-08,UUP,stock,25.69,25.72,25.67,25.72,263784,2019-02-08,2019-02-08,60.9747,22.3122,21.8954,22.2842
2019-02-07,UUP,stock,25.65,25.69,25.64,25.69,396962,2019-02-07,2019-02-07,59.7673,22.2941,21.8895,22.2760
2019-02-06,UUP,stock,25.55,25.64,25.55,25.63,575216,2019-02-06,2019-02-06,57.3148,22.2768,21.8838,22.2686
2019-02-05,UUP,stock,25.51,25.56,25.48,25.53,633033,2019-02-05,2019-02-05,52.8682,22.2633,21.8785,22.2630
2019-02-04,UUP,stock,25.46,25.5,25.46,25.46,806681,2019-02-04,2019-02-04,49.4451,22.2575,21.8741,22.2608
2019-02-01,UUP,stock,25.35,25.42,25.35,25.39,1043553,2019-02-01,2019-02-01,45.7890,22.2576,21.8703,22.2609
2019-01-31,UUP,stock,25.31,25.41,25.31,25.39,1454963,2019-01-31,2019-01-31,45.7890,22.2641,21.8670,22.2636
2019-01-30,UUP,stock,25.47,25.5,25.3,25.34,1213092,2019-01-30,2019-01-30,43.2619,22.2713,21.8637,22.2664
2019-01-29,UUP,stock,25.46,25.47,25.42,25.47,591154,2019-01-29,2019-01-29,48.7483,22.2838,21.8608,22.2710
2019-01-28,UUP,stock,25.44,25.47,25.4,25.46,932663,2019-01-28,2019-01-28,48.2798,22.2857,21.8567,22.2712
2019-01-25,UUP,stock,25.55,25.55,25.43,25.44,619066,2019-01-25,2019-01-25,47.3866,22.2888,21.8527,22.2718
2019-01-24,UUP,stock,25.53,25.68,25.53,25.65,267438,2019-01-24,2019-01-24,56.9811,22.2939,21.8488,22.2731
2019-01-23,UUP,stock,25.55,25.58,25.5,25.5,1153815,2019-01-23,2019-01-23,50.3077,22.2804,21.8430,22.2670
2019-01-22,UUP,stock,25.63,25.63,25.5414,25.56,794735,2019-01-22,2019-01-22,53.3836,22.2791,21.8385,22.2660
2019-01-18,UUP,stock,25.49,25.59,25.49,25.56,1957677,2019-01-18,2019-01-18,53.3836,22.2723,21.8334,22.2628
2019-01-17,UUP,stock,25.48,25.55,25.47,25.48,330378,2019-01-17,2019-01-17,49.8591,22.2647,21.8283,22.2595
2019-01-16,UUP,stock,25.46,25.5,25.46,25.48,268883,2019-01-16,2019-01-16,49.8591,22.2637,21.8238,22.2589
2019-01-15,UUP,stock,25.41,25.54,25.39,25.45,1286521,2019-01-15,2019-01-15,48.6027,22.2625,21.8193,22.2582
2019-01-14,UUP,stock,25.34,25.37,25.32,25.36,596999,2019-01-14,2019-01-14,44.7455,22.2640,21.8150,22.2586
2019-01-11,UUP,stock,25.33,25.39,25.33,25.36,624739,2019-01-11,2019-01-11,44.7455,22.2740,21.8114,22.2623
2019-01-10,UUP,stock,25.26,25.35,25.26,25.34,691351,2019-01-10,2019-01-10,43.9394,22.2850,21.8078,22.2661
2019-01-09,UUP,stock,25.35,25.37,25.19,25.19,1293813,2019-01-09,2019-01-09,37.5992,22.2990,21.8044,22.2707
2019-01-08,UUP,stock,25.42,25.45,25.4,25.43,1929002,2019-01-08,2019-01-08,45.1928,22.3282,21.8022,22.2809
2019-01-07,UUP,stock,25.36,25.39,25.34,25.35,947597,2019-01-07,2019-01-07,41.5382,22.3385,21.7979,22.2830
2019-01-04,UUP,stock,25.62,25.62,25.46,25.46,1367339,2019-01-04,2019-01-04,45.4037,22.3572,21.7942,22.2880
2019-01-03,UUP,stock,25.61,25.61,25.5,25.5,486249,2019-01-03,2019-01-03,46.8767,22.3678,21.7896,22.2892
2019-01-02,UUP,stock,25.66,25.7,25.62,25.64,1241619,2019-01-02,2019-01-02,52.4018,22.3758,21.7845,22.2891
2018-12-31,UUP,stock,25.52,25.53,25.45,25.45,625279,2018-12-31,2018-12-31,44.0986,22.3717,21.7782,22.2840
2018-12-28,UUP,stock,25.47,25.5539,25.47,25.5,892142,2018-12-28,2018-12-28,46.0621,22.3847,21.7735,22.2855
2018-12-27,UUP,stock,25.66,25.66,25.52,25.57,571588,2018-12-27,2018-12-27,48.8922,22.3945,21.7683,22.2852
2018-12-26,UUP,stock,25.58,25.72,25.56,25.68,723749,2018-12-26,2018-12-26,53.7070,22.3988,21.7624,22.2824
2018-12-24,UUP,stock,25.62,25.62,25.49,25.55,907081,2018-12-24,2018-12-24,48.0979,22.3935,21.7555,22.2756
2018-12-21,UUP,stock,25.82,25.97,25.82,25.94,1156989,2018-12-21,2018-12-21,53.3005,22.3996,21.7497,22.2732
2018-12-20,UUP,stock,25.82,25.87,25.71,25.77,1127534,2018-12-20,2018-12-20,45.0736,22.3960,21.7428,22.2666
2018-12-19,UUP,stock,25.88,25.97,25.8116,25.97,849985,2018-12-19,2018-12-19,55.8154,22.4074,21.7373,22.2658
2018-12-18,UUP,stock,25.91,25.98,25.91,25.96,903568,2018-12-18,2018-12-18,55.3210,22.4019,21.7300,22.2578
2018-12-17,UUP,stock,25.98,26,25.94,25.97,437321,2018-12-17,2018-12-17,55.9018,22.3966,21.7228,22.2499
2018-12-14,UUP,stock,26.09,26.12,26.04,26.04,446579,2018-12-14,2018-12-14,59.9959,22.3900,21.7154,22.2413
2018-12-13,UUP,stock,25.96,26.01,25.93,25.94,832851,2018-12-13,2018-12-13,55.6913,22.3762,21.7073,22.2299
2018-12-12,UUP,stock,26,26,25.9,25.94,874322,2018-12-12,2018-12-12,55.6913,22.3701,21.7000,22.2216
2018-12-11,UUP,stock,25.99,26.08,25.98,26.04,554634,2018-12-11,2018-12-11,61.3869,22.3633,21.6926,22.2129
2018-12-10,UUP,stock,25.85,25.99,25.85,25.97,1093146,2018-12-10,2018-12-10,58.6373,22.3468,21.6843,22.2004
2018-12-07,UUP,stock,25.82,25.85,25.78,25.8,1236635,2018-12-07,2018-12-07,50.7242,22.3349,21.6765,22.1898
2018-12-06,UUP,stock,25.87,25.8836,25.7901,25.87,492067,2018-12-06,2018-12-06,54.7274,22.3371,21.6701,22.1847
2018-12-04,UUP,stock,25.78,25.93,25.78,25.88,879064,2018-12-04,2018-12-04,55.3064,22.3333,21.6630,22.1770
2018-12-03,UUP,stock,25.88,25.93,25.87,25.93,478647,2018-12-03,2018-12-03,58.1634,22.3281,21.6558,22.1686
2018-11-30,UUP,stock,25.88,25.99,25.88,25.92,325739,2018-11-30,2018-11-30,57.7581,22.3179,21.6480,22.1581
2018-11-29,UUP,stock,25.85,25.88,25.82,25.82,535929,2018-11-29,2018-11-29,53.5831,22.3075,21.6403,22.1476
2018-11-28,UUP,stock,26,26.04,25.81,25.86,1654299,2018-11-28,2018-11-28,55.6251,22.3050,21.6334,22.1401
2018-11-27,UUP,stock,25.9,26.03,25.9,25.99,1076007,2018-11-27,2018-11-27,62.8539,22.2987,21.6260,22.1309
2018-11-26,UUP,stock,25.82,25.92,25.82,25.92,244817,2018-11-26,2018-11-26,60.2725,22.2799,21.6175,22.1168
2018-11-23,UUP,stock,25.82,25.88,25.82,25.87,147191,2018-11-23,2018-11-23,58.3529,22.2655,21.6094,22.1046
2018-11-21,UUP,stock,25.77,25.82,25.76,25.82,514610,2018-11-21,2018-11-21,56.3965,22.2541,21.6018,22.0936
2018-11-20,UUP,stock,25.72,25.85,25.72,25.82,374792,2018-11-20,2018-11-20,56.3965,22.2461,21.5944,22.0839
2018-11-19,UUP,stock,25.69,25.71,25.64,25.69,496732,2018-11-19,2018-11-19,51.2639,22.2372,21.5870,22.0738
2018-11-16,UUP,stock,25.74,25.75,25.7,25.71,991353,2018-11-16,2018-11-16,52.1407,22.2392,21.5807,22.0680
2018-11-15,UUP,stock,25.94,25.94,25.84,25.9,475771,2018-11-15,2018-11-15,61.4052,22.2396,21.5741,22.0611
2018-11-14,UUP,stock,25.93,25.94,25.8,25.84,714057,2018-11-14,2018-11-14,59.2838,22.2228,21.5658,22.0473
2018-11-13,UUP,stock,25.95,25.97,25.88,25.93,1204595,2018-11-13,2018-11-13,64.1989,22.2096,21.5580,22.0350
2018-11-12,UUP,stock,25.95,26.02,25.92,26.02,617588,2018-11-12,2018-11-12,69.5535,22.1869,21.5492,22.0191
2018-11-09,UUP,stock,25.81,25.85,25.77,25.79,756914,2018-11-09,2018-11-09,62.0403,22.1536,21.5397,21.9993
2018-11-08,UUP,stock,25.64,25.78,25.61,25.74,960488,2018-11-08,2018-11-08,60.0503,22.1377,21.5320,21.9869
2018-11-07,UUP,stock,25.52,25.62,25.52,25.59,892782,2018-11-07,2018-11-07,53.2183,22.1247,21.5246,21.9757
2018-11-06,UUP,stock,25.67,25.68,25.63,25.64,422171,2018-11-06,2018-11-06,56.1928,22.1240,21.5185,21.9693
2018-11-05,UUP,stock,25.71,25.71,25.64,25.7,752773,2018-11-05,2018-11-05,59.9249,22.1186,21.5119,21.9609
2018-11-02,UUP,stock,25.67,25.74,25.62,25.71,802948,2018-11-02,2018-11-02,60.5472,22.1073,21.5048,21.9501
2018-11-01,UUP,stock,25.72,25.72,25.62,25.65,781368,2018-11-01,2018-11-01,58.1242,22.0938,21.4974,21.9385
2018-10-31,UUP,stock,25.86,25.88,25.8,25.82,814130,2018-10-31,2018-10-31,69.3259,22.0843,21.4905,21.9285
2018-10-30,UUP,stock,25.76,25.84,25.75,25.83,571714,2018-10-30,2018-10-30,70.0634,22.0584,21.4821,21.9120
2018-10-29,UUP,stock,25.71,25.75,25.69,25.72,400702,2018-10-29,2018-10-29,66.4137,22.0289,21.4735,21.8946
2018-10-26,UUP,stock,25.75,25.75,25.63,25.65,585119,2018-10-26,2018-10-26,63.8063,22.0063,21.4657,21.8804
2018-10-25,UUP,stock,25.66,25.75,25.66,25.72,1760082,2018-10-25,2018-10-25,68.7633,21.9876,21.4585,21.8680
2018-10-24,UUP,stock,25.66,25.68,25.62,25.65,1189192,2018-10-24,2018-10-24,66.3347,21.9606,21.4506,21.8526
2018-10-23,UUP,stock,25.54,25.56,25.49,25.52,711343,2018-10-23,2018-10-23,61.1221,21.9372,21.4433,21.8391
2018-10-22,UUP,stock,25.52,25.57,25.52,25.56,1247042,2018-10-22,2018-10-22,63.9513,21.9231,21.4369,21.8297
2018-10-19,UUP,stock,25.51,25.52,25.42,25.47,667183,2018-10-19,2018-10-19,60.0919,21.9039,21.4302,21.8184
2018-10-18,UUP,stock,25.44,25.53,25.42,25.52,541917,2018-10-18,2018-10-18,63.6047,21.8908,21.4242,21.8099
2018-10-17,UUP,stock,25.36,25.43,25.33,25.41,641535,2018-10-17,2018-10-17,58.6690,21.8719,21.4177,21.7992
2018-10-16,UUP,stock,25.21,25.28,25.21,25.28,244940,2018-10-16,2018-10-16,51.4425,21.8609,21.4121,21.7920
2018-10-15,UUP,stock,25.27,25.29,25.25,25.27,422668,2018-10-15,2018-10-15,50.8284,21.8607,21.4076,21.7891
2018-10-12,UUP,stock,25.31,25.36,25.3,25.33,1070388,2018-10-12,2018-10-12,54.6813,21.8613,21.4031,21.7864
2018-10-11,UUP,stock,25.29,25.34,25.25,25.25,446714,2018-10-11,2018-10-11,49.9877,21.8565,21.3980,21.7815
2018-10-10,UUP,stock,25.39,25.42,25.35,25.39,1051552,2018-10-10,2018-10-10,60.1031,21.8585,21.3936,21.7792
2018-10-09,UUP,stock,25.51,25.54,25.41,25.42,898675,2018-10-09,2018-10-09,62.6247,21.8480,21.3879,21.7719
2018-10-08,UUP,stock,25.5,25.51,25.43,25.43,761246,2018-10-08,2018-10-08,63.4486,21.8337,21.3819,21.7632
2018-10-05,UUP,stock,25.41,25.45,25.39,25.4,1279525,2018-10-05,2018-10-05,62.0580,21.8169,21.3758,21.7538
2018-10-04,UUP,stock,25.43,25.48,25.38,25.43,1018010,2018-10-04,2018-10-04,64.3307,21.8010,21.3698,21.7451
2018-10-03,UUP,stock,25.38,25.45,25.37,25.42,1033837,2018-10-03,2018-10-03,63.9217,21.7808,21.3636,21.7350
2018-10-02,UUP,stock,25.37,25.39,25.32,25.34,1471815,2018-10-02,2018-10-02,60.5629,21.7594,21.3573,21.7248
2018-10-01,UUP,stock,25.27,25.33,25.25,25.3,1595100,2018-10-01,2018-10-01,58.7812,21.7430,21.3517,21.7171
2018-09-28,UUP,stock,25.3,25.31,25.22,25.26,1125301,2018-09-28,2018-09-28,56.9763,21.7285,21.3464,21.7104
2018-09-27,UUP,stock,25.17,25.22,25.12,25.2,2658160,2018-09-27,2018-09-27,54.1819,21.7161,21.3414,21.7048
2018-09-26,UUP,stock,25.06,25.06,24.93,25.02,629058,2018-09-26,2018-09-26,44.0605,21.7079,21.3368,21.7012
2018-09-25,UUP,stock,24.97,25.01,24.94,25.01,695073,2018-09-25,2018-09-25,43.4156,21.7152,21.3338,21.7038
2018-09-24,UUP,stock,24.91,25.01,24.89,24.99,2013463,2018-09-24,2018-09-24,42.1778,21.7242,21.3308,21.7068
2018-09-21,UUP,stock,25.01,25.03,24.97,24.99,742741,2018-09-21,2018-09-21,42.1778,21.7359,21.3280,21.7106
2018-09-20,UUP,stock,24.94,24.98,24.9,24.91,1248009,2018-09-20,2018-09-20,37.4591,21.7489,21.3251,21.7146
2018-09-19,UUP,stock,25.1,25.13,25.06,25.09,267878,2018-09-19,2018-09-19,45.1587,21.7705,21.3229,21.7216
2018-09-18,UUP,stock,25.05,25.13,25.02,25.1,393590,2018-09-18,2018-09-18,45.6427,21.7780,21.3192,21.7225
2018-09-17,UUP,stock,25.07,25.09,25.06,25.06,338370,2018-09-17,2018-09-17,43.3891,21.7854,21.3153,21.7231
2018-09-14,UUP,stock,25.12,25.21,25.1,25.18,1536371,2018-09-14,2018-09-14,49.0543,21.7972,21.3117,21.7252
2018-09-13,UUP,stock,25.05,25.11,25.04,25.09,518573,2018-09-13,2018-09-13,43.9584,21.7994,21.3070,21.7230
2018-09-12,UUP,stock,25.22,25.24,25.12,25.16,850056,2018-09-12,2018-09-12,47.3813,21.8099,21.3030,21.7240
2018-09-11,UUP,stock,25.25,25.28,25.2342,25.25,621877,2018-09-11,2018-09-11,52.2375,21.8152,21.2985,21.7226
2018-09-10,UUP,stock,25.23,25.24,25.2,25.23,954997,2018-09-10,2018-09-10,51.2055,21.8129,21.2930,21.7179
2018-09-07,UUP,stock,25.25,25.31,25.23,25.28,741029,2018-09-07,2018-09-07,53.9094,21.8121,21.2877,21.7137
2018-09-06,UUP,stock,25.19,25.24,25.17,25.21,873671,2018-09-06,2018-09-06,50.5123,21.8067,21.2820,21.7076
2018-09-05,UUP,stock,25.21,25.26,25.21,25.21,476964,2018-09-05,2018-09-05,50.5123,21.8071,21.2767,21.7037
2018-09-04,UUP,stock,25.32,25.37,25.29,25.3,2664652,2018-09-04,2018-09-04,55.0069,21.8076,21.2714,21.6997
2018-08-31,UUP,stock,25.16,25.24,25.12,25.19,988557,2018-08-31,2018-08-31,49.9528,21.7999,21.2653,21.6923
2018-08-30,UUP,stock,25.11,25.15,25.08,25.08,609976,2018-08-30,2018-08-30,44.1247,21.8014,21.2601,21.6885
2018-08-29,UUP,stock,25.1,25.14,25.05,25.06,597200,2018-08-29,2018-08-29,43.0041,21.8131,21.2558,21.6884
2018-08-28,UUP,stock,25.01,25.1,25.01,25.1,993633,2018-08-28,2018-08-28,44.6677,21.8278,21.2516,21.6890
2018-08-27,UUP,stock,25.16,25.17,25.08,25.1,1301899,2018-08-27,2018-08-27,44.6677,21.8404,21.2470,21.6882
2018-08-24,UUP,stock,25.25,25.27,25.16,25.2,767538,2018-08-24,2018-08-24,48.7316,21.8544,21.2423,21.6874
2018-08-23,UUP,stock,25.28,25.35,25.23,25.32,1141964,2018-08-23,2018-08-23,54.2292,21.8607,21.2368,21.6831
2018-08-22,UUP,stock,25.16,25.21,25.14,25.16,983320,2018-08-22,2018-08-22,46.7983,21.8568,21.2302,21.6743
2018-08-21,UUP,stock,25.3,25.32,25.17,25.23,1564650,2018-08-21,2018-08-21,50.1028,21.8670,21.2248,21.6708
2018-08-20,UUP,stock,25.44,25.47,25.37,25.38,606185,2018-08-20,2018-08-20,58.2932,21.8720,21.2189,21.6647
2018-08-17,UUP,stock,25.49,25.51,25.44,25.44,1019297,2018-08-17,2018-08-17,62.0615,21.8638,21.2115,21.6531
2018-08-16,UUP,stock,25.56,25.62,25.5,25.57,640815,2018-08-16,2018-08-16,71.3397,21.8492,21.2036,21.6389
2018-08-15,UUP,stock,25.66,25.67,25.58,25.59,877983,2018-08-15,2018-08-15,72.8966,21.8214,21.1944,21.6195
2018-08-14,UUP,stock,25.5,25.62,25.49,25.59,1770646,2018-08-14,2018-08-14,72.8966,21.7887,21.1850,21.5986
2018-08-13,UUP,stock,25.47,25.53,25.44,25.49,700817,2018-08-13,2018-08-13,70.0817,21.7526,21.1755,21.5768
2018-08-10,UUP,stock,25.49,25.52,25.42,25.48,718391,2018-08-10,2018-08-10,69.7904,21.7218,21.1667,21.5577
2018-08-09,UUP,stock,25.18,25.3,25.18,25.3,474361,2018-08-09,2018-08-09,63.9177,21.6887,21.1580,21.5382
2018-08-08,UUP,stock,25.18,25.2,25.14,25.15,288492,2018-08-08,2018-08-08,57.5288,21.6685,21.1507,21.5242
2018-08-07,UUP,stock,25.15,25.195,25.135,25.18,304948,2018-08-07,2018-08-07,59.4849,21.6598,21.1447,21.5149
2018-08-06,UUP,stock,25.23,25.25,25.2,25.21,648244,2018-08-06,2018-08-06,61.4242,21.6475,21.1383,21.5042
2018-08-03,UUP,stock,25.19,25.19,25.11,25.17,730739,2018-08-03,2018-08-03,59.8016,21.6312,21.1317,21.4920
2018-08-02,UUP,stock,25.1,25.17,25.08,25.15,906699,2018-08-02,2018-08-02,59.0010,21.6167,21.1253,21.4808
2018-08-01,UUP,stock,25.01,25.03,24.99,25.01,445773,2018-08-01,2018-08-01,52.9036,21.6026,21.1190,21.4697
2018-07-31,UUP,stock,24.96,24.99,24.94,24.98,576406,2018-07-31,2018-07-31,51.4675,21.5997,21.1138,21.4632
2018-07-30,UUP,stock,24.97,24.97,24.91,24.93,591303,2018-07-30,2018-07-30,49.0636,21.5993,21.1089,21.4575
2018-07-27,UUP,stock,25.04,25.04,25.01,25.02,439724,2018-07-27,2018-07-27,53.4921,21.6034,21.1044,21.4532
2018-07-26,UUP,stock,24.97,25.05,24.96,25.05,1280030,2018-07-26,2018-07-26,55.0295,21.5997,21.0990,21.4457
2018-07-25,UUP,stock,24.94,25,24.87,24.88,398144,2018-07-25,2018-07-25,47.0168,21.5928,21.0933,21.4368
2018-07-24,UUP,stock,24.99,25.01,24.94,25,353929,2018-07-24,2018-07-24,53.2339,21.6008,21.0891,21.4335
2018-07-23,UUP,stock,24.95,25.02,24.95,24.99,1576343,2018-07-23,2018-07-23,52.7504,21.5986,21.0837,21.4258
2018-07-20,UUP,stock,24.99,25.01,24.93,24.95,1051525,2018-07-20,2018-07-20,50.8637,21.5971,21.0784,21.4182
2018-07-19,UUP,stock,25.23,25.24,25.07,25.15,1390189,2018-07-19,2018-07-19,62.4397,21.5991,21.0734,21.4116
2018-07-18,UUP,stock,25.15,25.15,25.08,25.1,507540,2018-07-18,2018-07-18,60.3446,21.5832,21.0666,21.3978
2018-07-17,UUP,stock,25,25.11,25,25.07,1234211,2018-07-17,2018-07-17,59.0727,21.5700,21.0601,21.3851
2018-07-16,UUP,stock,24.95,24.99,24.93,24.96,458497,2018-07-16,2018-07-16,54.0552,21.5583,21.0539,21.3730
2018-07-13,UUP,stock,25.08,25.1,25,25,543700,2018-07-13,2018-07-13,56.3895,21.5553,21.0485,21.3643
2018-07-12,UUP,stock,25.03,25.04,24.99,25.03,1109780,2018-07-12,2018-07-12,58.1379,21.5483,21.0428,21.3538
2018-07-11,UUP,stock,24.84,25.03,24.84,25.01,795613,2018-07-11,2018-07-11,57.3187,21.5379,21.0367,21.3419
2018-07-10,UUP,stock,24.9,24.92,24.84,24.84,873157,2018-07-10,2018-07-10,49.5216,21.5283,21.0307,21.3301
2018-07-09,UUP,stock,24.77,24.87,24.76,24.83,791846,2018-07-09,2018-07-09,49.0128,21.5330,21.0262,21.3239
2018-07-06,UUP,stock,24.81,24.84,24.78,24.82,727582,2018-07-06,2018-07-06,48.5312,21.5392,21.0217,21.3177
2018-07-05,UUP,stock,24.92,24.95,24.8866,24.9,860802,2018-07-05,2018-07-05,52.1942,21.5470,21.0172,21.3117
2018-07-03,UUP,stock,25,25,24.96,24.98,492107,2018-07-03,2018-07-03,56.1280,21.5483,21.0120,21.3026
2018-07-02,UUP,stock,25.11,25.11,25.06,25.06,788553,2018-07-02,2018-07-02,60.3518,21.5424,21.0061,21.2903
2018-06-29,UUP,stock,25.02,25.04,24.94,24.94,1144953,2018-06-29,2018-06-29,55.7094,21.5287,20.9994,21.2747
2018-06-28,UUP,stock,25.15,25.17,25.09,25.14,798921,2018-06-28,2018-06-28,68.0386,21.5244,20.9936,21.2626
2018-06-27,UUP,stock,25.04,25.17,25.04,25.14,1612511,2018-06-27,2018-06-27,68.0386,21.5014,20.9861,21.2431
2018-06-26,UUP,stock,24.92,24.99,24.91,24.99,1220599,2018-06-26,2018-06-26,62.7003,21.4761,20.9785,21.2227
2018-06-25,UUP,stock,24.88,24.9,24.84,24.86,941909,2018-06-25,2018-06-25,56.9082,21.4617,20.9721,21.2068
2018-06-22,UUP,stock,24.92,24.99,24.9,24.9,1596716,2018-06-22,2018-06-22,59.5503,21.4576,20.9668,21.1948
2018-06-21,UUP,stock,25.04,25.06,24.95,24.99,3080002,2018-06-21,2018-06-21,65.9471,21.4495,20.9611,21.1809
2018-06-20,UUP,stock,25.04,25.08,25.03,25.06,1258104,2018-06-20,2018-06-20,71.4937,21.4324,20.9546,21.1633
2018-06-19,UUP,stock,25.07,25.09,25.03,25.04,849557,2018-06-19,2018-06-19,70.8431,21.4070,20.9474,21.1425
2018-06-18,UUP,stock,25,25.01,24.97,24.97,1156267,2018-06-18,2018-06-18,68.5071,21.3808,20.9402,21.1215
2018-06-15,UUP,stock,24.96,25,24.95,24.97,1226680,2018-06-15,2018-06-15,68.5071,21.3582,20.9337,21.1022
2018-06-14,UUP,stock,24.82,24.99,24.82,24.99,3826300,2018-06-14,2018-06-14,69.8864,21.3333,20.9270,21.0821
2018-06-13,UUP,stock,24.69,24.78,24.64,24.67,1800803,2018-06-13,2018-06-13,57.0331,21.3039,20.9201,21.0604
2018-06-12,UUP,stock,24.66,24.75,24.64,24.71,1051324,2018-06-12,2018-06-12,60.0059,21.3005,20.9159,21.0492
2018-06-11,UUP,stock,24.64,24.67,24.61,24.66,948360,2018-06-11,2018-06-11,57.4304,21.2932,20.9114,21.0360
2018-06-08,UUP,stock,24.68,24.69,24.64,24.64,586528,2018-06-08,2018-06-08,56.3872,21.2896,20.9072,21.0242
2018-06-07,UUP,stock,24.59,24.63,24.58,24.63,1027124,2018-06-07,2018-06-07,55.8852,21.2875,20.9031,21.0125
2018-06-06,UUP,stock,24.65,24.68,24.6,24.68,1524832,2018-06-06,2018-06-06,59.0399,21.2860,20.8991,21.0007
2018-06-05,UUP,stock,24.8,24.85,24.7,24.75,1837187,2018-06-05,2018-06-05,63.7156,21.2798,20.8947,20.9867
2018-06-04,UUP,stock,24.72,24.8,24.7,24.78,2888876,2018-06-04,2018-06-04,65.7890,21.2667,20.8895,20.9696
2018-06-01,UUP,stock,24.79,24.88,24.77,24.8,1583448,2018-06-01,2018-06-01,67.1416,21.2494,20.8841,20.9508
2018-05-31,UUP,stock,24.78,24.82,24.74,24.76,3064336,2018-05-31,2018-05-31,65.8372,21.2284,20.8784,20.9305
2018-05-30,UUP,stock,24.85,24.865,24.76,24.78,2345974,2018-05-30,2018-05-30,67.0734,21.2089,20.8730,20.9107
2018-05-29,UUP,stock,24.92,25,24.91,24.97,1098377,2018-05-29,2018-05-29,80.3890,21.1856,20.8674,20.8895
2018-05-25,UUP,stock,24.8,24.81,24.77,24.8,604782,2018-05-25,2018-05-25,76.5156,21.1424,20.8601,20.8607
2018-05-24,UUP,stock,24.7,24.7,24.631,24.68,471593,2018-05-24,2018-05-24,73.0230,21.1102,20.8542,20.8367
2018-05-23,UUP,stock,24.74,24.79,24.71,24.71,2260788,2018-05-23,2018-05-23,75.6342,21.0856,20.8493,20.8160
2018-05-22,UUP,stock,24.6,24.64,24.59,24.61,740936,2018-05-22,2018-05-22,72.6017,21.0556,20.8440,20.7934
2018-05-21,UUP,stock,24.66,24.69,24.61,24.62,971589,2018-05-21,2018-05-21,73.4506,21.0315,20.8396,20.7733
2018-05-18,UUP,stock,24.67,24.68,24.61,24.64,484010,2018-05-18,2018-05-18,75.0808,21.0041,20.8351,20.7521
2018-05-17,UUP,stock,24.6,24.62,24.56,24.59,796701,2018-05-17,2018-05-17,73.7271,20.9719,20.8303,20.7294
2018-05-16,UUP,stock,24.56,24.6,24.53,24.56,2209074,2018-05-16,2018-05-16,72.9071,20.9408,20.8259,20.7074
2018-05-15,UUP,stock,24.54,24.58,24.47,24.5,1044402,2018-05-15,2018-05-15,71.2402,20.9093,20.8217,20.6857
2018-05-14,UUP,stock,24.26,24.36,24.25,24.35,946779,2018-05-14,2018-05-14,66.4478,20.8798,20.8181,20.6651
2018-05-11,UUP,stock,24.29,24.35,24.28,24.32,369568,2018-05-11,2018-05-11,65.3763,20.8610,20.8156,20.6491
2018-05-10,UUP,stock,24.36,24.45,24.33,24.36,673181,2018-05-10,2018-05-10,68.0676,20.8428,20.8135,20.6334
2018-05-09,UUP,stock,24.44,24.48,24.42,24.47,583296,2018-05-09,2018-05-09,76.0633,20.8192,20.8109,20.6157
2018-05-08,UUP,stock,24.48,24.52,24.43,24.47,767044,2018-05-08,2018-05-08,76.0633,20.7830,20.8074,20.5933
2018-05-07,UUP,stock,24.4,24.42,24.36,24.38,997080,2018-05-07,2018-05-07,73.9004,20.7430,20.8038,20.5701
2018-05-04,UUP,stock,24.39,24.41,24.31,24.33,925169,2018-05-04,2018-05-04,72.6244,20.7070,20.8010,20.5491
2018-05-03,UUP,stock,24.31,24.35,24.27,24.3,883235,2018-05-03,2018-05-03,71.8578,20.6717,20.7985,20.5289
2018-05-02,UUP,stock,24.29,24.4,24.23,24.4,1757327,2018-05-02,2018-05-02,78.6772,20.6355,20.7964,20.5091
2018-05-01,UUP,stock,24.25,24.32,24.24,24.29,2809870,2018-05-01,2018-05-01,76.3884,20.5864,20.7933,20.4849
2018-04-30,UUP,stock,24.13,24.14,24.07,24.13,782715,2018-04-30,2018-04-30,72.3848,20.5421,20.7911,20.4635
2018-04-27,UUP,stock,24.1,24.12,24.03,24.03,826849,2018-04-27,2018-04-27,69.3706,20.5077,20.7903,20.4470
2018-04-26,UUP,stock,23.89,24.06,23.89,24.05,958537,2018-04-26,2018-04-26,70.8059,20.4788,20.7904,20.4333
2018-04-25,UUP,stock,23.93,23.96,23.91,23.94,816433,2018-04-25,2018-04-25,67.3566,20.4450,20.7903,20.4184
2018-04-24,UUP,stock,23.86,23.88,23.81,23.84,1062558,2018-04-24,2018-04-24,63.7402,20.4177,20.7912,20.4067
2018-04-23,UUP,stock,23.8,23.88,23.8,23.87,1482897,2018-04-23,2018-04-23,65.7700,20.3966,20.7929,20.3980
2018-04-20,UUP,stock,23.69,23.74,23.67,23.72,1690991,2018-04-20,2018-04-20,59.8311,20.3706,20.7944,20.3880
2018-04-19,UUP,stock,23.49,23.6,23.49,23.58,299117,2018-04-19,2018-04-19,52.7220,20.3554,20.7973,20.3829
2018-04-18,UUP,stock,23.48,23.52,23.46,23.51,388046,2018-04-18,2018-04-18,48.4894,20.3515,20.8013,20.3824
2018-04-17,UUP,stock,23.5,23.52,23.46,23.46,574028,2018-04-17,2018-04-17,45.2377,20.3534,20.8060,20.3845
2018-04-16,UUP,stock,23.44,23.48,23.43,23.46,512361,2018-04-16,2018-04-16,45.2377,20.3602,20.8112,20.3883
2018-04-13,UUP,stock,23.55,23.56,23.52,23.54,1506534,2018-04-13,2018-04-13,49.5533,20.3676,20.8165,20.3924
2018-04-12,UUP,stock,23.58,23.6,23.52,23.54,1713325,2018-04-12,2018-04-12,49.5533,20.3686,20.8211,20.3938
2018-04-11,UUP,stock,23.49,23.52,23.43,23.49,696700,2018-04-11,2018-04-11,46.8192,20.3696,20.8257,20.3952
2018-04-10,UUP,stock,23.5,23.55,23.48,23.51,877184,2018-04-10,2018-04-10,47.7811,20.3754,20.8308,20.3985
2018-04-09,UUP,stock,23.56,23.58,23.55,23.57,2411085,2018-04-09,2018-04-09,50.6815,20.3799,20.8358,20.4012
2018-04-06,UUP,stock,23.63,23.67,23.61,23.63,1083655,2018-04-06,2018-04-06,53.7089,20.3794,20.8404,20.4018
2018-04-05,UUP,stock,23.68,23.75,23.66,23.72,720379,2018-04-05,2018-04-05,58.5831,20.3734,20.8444,20.4004
2018-04-04,UUP,stock,23.6,23.63,23.57,23.63,634547,2018-04-04,2018-04-04,54.7718,20.3585,20.8478,20.3958
2018-04-03,UUP,stock,23.64,23.66,23.62,23.64,541302,2018-04-03,2018-04-03,55.2968,20.3503,20.8519,20.3941
2018-04-02,UUP,stock,23.54,23.62,23.54,23.6,301101,2018-04-02,2018-04-02,53.6464,20.3404,20.8560,20.3920
2018-03-29,UUP,stock,23.56,23.63,23.56,23.61,942635,2018-03-29,2018-03-29,54.1102,20.3330,20.8605,20.3913
2018-03-28,UUP,stock,23.5,23.63,23.5,23.63,696457,2018-03-28,2018-03-28,54.9930,20.3239,20.8649,20.3901
2018-03-27,UUP,stock,23.42,23.44,23.37,23.42,533400,2018-03-27,2018-03-27,46.4790,20.3121,20.8692,20.3883
2018-03-26,UUP,stock,23.34,23.36,23.29,23.31,1186385,2018-03-26,2018-03-26,41.0554,20.3181,20.8754,20.3937
2018-03-23,UUP,stock,23.45,23.46,23.4,23.42,798671,2018-03-23,2018-03-23,45.3199,20.3348,20.8826,20.4033
2018-03-22,UUP,stock,23.5,23.55,23.49,23.5,723559,2018-03-22,2018-03-22,48.7388,20.3432,20.8889,20.4093
2018-03-21,UUP,stock,23.58,23.62,23.46,23.47,1043766,2018-03-21,2018-03-21,47.3559,20.3452,20.8946,20.4128
2018-03-20,UUP,stock,23.59,23.66,23.59,23.66,841111,2018-03-20,2018-03-20,56.2858,20.3502,20.9006,20.4175
2018-03-19,UUP,stock,23.54,23.56,23.49,23.52,403351,2018-03-19,2018-03-19,49.8103,20.3384,20.9050,20.4157
2018-03-16,UUP,stock,23.56,23.65,23.56,23.62,782543,2018-03-16,2018-03-16,55.2375,20.3381,20.9106,20.4187
2018-03-15,UUP,stock,23.5,23.59,23.5,23.56,564252,2018-03-15,2018-03-15,52.3445,20.3287,20.9155,20.4183
2018-03-14,UUP,stock,23.47,23.51,23.46,23.47,1280373,2018-03-14,2018-03-14,47.6303,20.3237,20.9209,20.4201
2018-03-13,UUP,stock,23.5,23.53,23.43,23.46,609603,2018-03-13,2018-03-13,47.0903,20.3264,20.9272,20.4250
2018-03-12,UUP,stock,23.55,23.57,23.5,23.52,1024814,2018-03-12,2018-03-12,49.9606,20.3303,20.9336,20.4306
2018-03-09,UUP,stock,23.6,23.6,23.53,23.55,641062,2018-03-09,2018-03-09,51.4156,20.3292,20.9395,20.4342
2018-03-08,UUP,stock,23.46,23.6,23.46,23.58,520163,2018-03-08,2018-03-08,52.8447,20.3251,20.9453,20.4370
2018-03-07,UUP,stock,23.42,23.54,23.41,23.43,443044,2018-03-07,2018-03-07,45.8578,20.3180,20.9508,20.4387
2018-03-06,UUP,stock,23.46,23.46,23.41,23.45,1492663,2018-03-06,2018-03-06,46.7147,20.3237,20.9577,20.4459
2018-03-05,UUP,stock,23.56,23.57,23.49,23.51,1274339,2018-03-05,2018-03-05,49.2801,20.3283,20.9645,20.4526
2018-03-02,UUP,stock,23.54,23.56,23.5,23.51,602710,2018-03-02,2018-03-02,49.2801,20.3278,20.9709,20.4575
2018-03-01,UUP,stock,23.74,23.77,23.58,23.61,1405755,2018-03-01,2018-03-01,53.5025,20.3273,20.9773,20.4626
2018-02-28,UUP,stock,23.65,23.71,23.64,23.69,1119741,2018-02-28,2018-02-28,57.1393,20.3176,20.9829,20.4644
2018-02-27,UUP,stock,23.53,23.65,23.52,23.62,1527105,2018-02-27,2018-02-27,54.6338,20.2997,20.9879,20.4634
2018-02-26,UUP,stock,23.49,23.53,23.47,23.47,1095355,2018-02-26,2018-02-26,48.6621,20.2862,20.9935,20.4649
2018-02-23,UUP,stock,23.49,23.52,23.46,23.5,523268,2018-02-23,2018-02-23,49.8815,20.2849,21.0005,20.4717
2018-02-22,UUP,stock,23.47,23.48,23.42,23.45,2011906,2018-02-22,2018-02-22,47.8595,20.2808,21.0073,20.4777
2018-02-21,UUP,stock,23.46,23.55,23.4,23.53,1138048,2018-02-21,2018-02-21,50.9112,20.2808,21.0146,20.4858
2018-02-20,UUP,stock,23.4,23.45,23.39,23.44,1366806,2018-02-20,2018-02-20,47.4080,20.2735,21.0213,20.4913
2018-02-16,UUP,stock,23.25,23.31,23.2,23.29,812595,2018-02-16,2018-02-16,40.8783,20.2737,21.0288,20.5003
2018-02-15,UUP,stock,23.18,23.23,23.12,23.13,1538027,2018-02-15,2018-02-15,32.5883,20.2875,21.0377,20.5149
2018-02-14,UUP,stock,23.47,23.48,23.23,23.23,1639464,2018-02-14,2018-02-14,35.4752,20.3174,21.0481,20.5357
2018-02-13,UUP,stock,23.43,23.44,23.39,23.41,1308453,2018-02-13,2018-02-13,41.6407,20.3413,21.0577,20.5539
2018-02-12,UUP,stock,23.6,23.6,23.53,23.54,1097551,2018-02-12,2018-02-12,47.1345,20.3513,21.0659,20.5665
2018-02-09,UUP,stock,23.61,23.65,23.58,23.62,1841316,2018-02-09,2018-02-09,50.9777,20.3505,21.0730,20.5750
2018-02-08,UUP,stock,23.52,23.61,23.51,23.6,1663599,2018-02-08,2018-02-08,50.0318,20.3424,21.0795,20.5810
2018-02-07,UUP,stock,23.47,23.61,23.45,23.6,2405377,2018-02-07,2018-02-07,50.0318,20.3352,21.0862,20.5879
2018-02-06,UUP,stock,23.48,23.51,23.37,23.42,2694869,2018-02-06,2018-02-06,41.2332,20.3273,21.0930,20.5952
2018-02-05,UUP,stock,23.35,23.4,23.34,23.37,3408920,2018-02-05,2018-02-05,38.4371,20.3349,21.1014,20.6091
2018-02-02,UUP,stock,23.27,23.35,23.23,23.27,3709793,2018-02-02,2018-02-02,32.4700,20.3479,21.1104,20.6253
2018-02-01,UUP,stock,23.24,23.25,23.11,23.13,1743319,2018-02-01,2018-02-01,22.7342,20.3713,21.1203,20.6457
2018-01-31,UUP,stock,23.21,23.31,23.17,23.25,1401817,2018-01-31,2018-01-31,25.6810,20.4100,21.1315,20.6719
2018-01-30,UUP,stock,23.22,23.32,23.21,23.28,1466600,2018-01-30,2018-01-30,26.4778,20.4418,21.1418,20.6949
2018-01-29,UUP,stock,23.34,23.39,23.3,23.32,1411169,2018-01-29,2018-01-29,27.5354,20.4743,21.1519,20.7178
2018-01-26,UUP,stock,23.27,23.28,23.19,23.26,1603519,2018-01-26,2018-01-26,23.2661,20.5065,21.1618,20.7403
2018-01-25,UUP,stock,23.17,23.38,23.09,23.31,4503141,2018-01-25,2018-01-25,24.3774,20.5475,21.1723,20.7657
2018-01-24,UUP,stock,23.31,23.32,23.25,23.28,2078512,2018-01-24,2018-01-24,22.3098,20.5884,21.1825,20.7905
2018-01-23,UUP,stock,23.56,23.57,23.49,23.51,735489,2018-01-23,2018-01-23,27.7018,20.6362,21.1930,20.8173
2018-01-22,UUP,stock,23.59,23.64,23.56,23.57,1338447,2018-01-22,2018-01-22,29.4245,20.6682,21.2017,20.8370
2018-01-19,UUP,stock,23.6,23.65,23.58,23.65,748878,2018-01-19,2018-01-19,31.8789,20.6980,21.2099,20.8555
2018-01-18,UUP,stock,23.62,23.64,23.58,23.61,425689,2018-01-18,2018-01-18,29.1344,20.7237,21.2175,20.8719
2018-01-17,UUP,stock,23.64,23.66,23.52,23.64,1057707,2018-01-17,2018-01-17,29.9754,20.7558,21.2255,20.8904
2018-01-16,UUP,stock,23.66,23.68,23.55,23.58,2526952,2018-01-16,2018-01-16,26.0086,20.7885,21.2333,20.9086
2018-01-12,UUP,stock,23.8,23.82,23.71,23.71,1098668,2018-01-12,2018-01-12,29.3542,20.8301,21.2418,20.9296
2018-01-11,UUP,stock,23.98,23.98,23.93,23.96,586802,2018-01-11,2018-01-11,38.1075,20.8643,21.2492,20.9469
2018-01-10,UUP,stock,24,24.09,24,24.06,485090,2018-01-10,2018-01-10,42.8540,20.8793,21.2545,20.9561
2018-01-09,UUP,stock,24.11,24.14,24.1,24.12,1158372,2018-01-09,2018-01-09,46.0496,20.8868,21.2590,20.9621
2018-01-08,UUP,stock,24.06,24.08,24.04,24.07,969842,2018-01-08,2018-01-08,42.7459,20.8896,21.2630,20.9663
2018-01-05,UUP,stock,23.98,24,23.95,23.96,370078,2018-01-05,2018-01-05,34.5595,20.8972,21.2675,20.9724
2018-01-04,UUP,stock,23.95,23.96,23.92,23.94,650476,2018-01-04,2018-01-04,32.9407,20.9157,21.2729,20.9826
2018-01-03,UUP,stock,23.98,24.03,23.97,24.02,679928,2018-01-03,2018-01-03,36.2735,20.9379,21.2787,20.9940
2018-01-02,UUP,stock,23.93,23.97,23.92,23.93,546190,2018-01-02,2018-01-02,28.7420,20.9552,21.2837,21.0030
2017-12-29,UUP,stock,24.04,24.05,23.98,24.03,1459202,2017-12-29,2017-12-29,32.7334,20.9825,21.2896,21.0155
2017-12-28,UUP,stock,24.13,24.15,24.11,24.13,426059,2017-12-28,2017-12-28,37.5793,21.0036,21.2947,21.0250
2017-12-27,UUP,stock,24.19,24.22,24.18,24.2,678727,2017-12-27,2017-12-27,41.5805,21.0178,21.2990,21.0314
2017-12-26,UUP,stock,24.26,24.26,24.24,24.25,517476,2017-12-26,2017-12-26,44.7400,21.0271,21.3027,21.0356
2017-12-22,UUP,stock,24.29,24.32,24.27,24.27,184671,2017-12-22,2017-12-22,46.0394,21.0328,21.3061,21.0381
2017-12-21,UUP,stock,24.3,24.31,24.25,24.26,1462991,2017-12-21,2017-12-21,45.3018,21.0373,21.3092,21.0401
2017-12-20,UUP,stock,24.31,24.32,24.24,24.27,421534,2017-12-20,2017-12-20,45.8842,21.0432,21.3125,21.0425
2017-12-19,UUP,stock,24.35,24.37,24.3,24.3,591757,2017-12-19,2017-12-19,47.5884,21.0488,21.3158,21.0447
2017-12-18,UUP,stock,24.31,24.37,24.28,24.37,1257354,2017-12-18,2017-12-18,51.7531,21.0523,21.3188,21.0458
2017-12-15,UUP,stock,24.36,24.45,24.36,24.43,1388919,2017-12-15,2017-12-15,54.0723,21.0498,21.3212,21.0446
2017-12-14,UUP,stock,24.36,24.4,24.31,24.33,1208632,2017-12-14,2017-12-14,48.2490,21.0436,21.3234,21.0420
2017-12-13,UUP,stock,24.44,24.46,24.3,24.31,2250885,2017-12-13,2017-12-13,47.0011,21.0459,21.3264,21.0428
2017-12-12,UUP,stock,24.49,24.52,24.47,24.48,503279,2017-12-12,2017-12-12,58.0500,21.0502,21.3296,21.0444
2017-12-11,UUP,stock,24.42,24.45,24.38,24.44,562945,2017-12-11,2017-12-11,55.7787,21.0396,21.3314,21.0400
2017-12-08,UUP,stock,24.42,24.47,24.41,24.44,370497,2017-12-08,2017-12-08,55.7787,21.0314,21.3336,21.0368
2017-12-07,UUP,stock,24.39,24.4099,24.335,24.4,431289,2017-12-07,2017-12-07,53.6132,21.0224,21.3357,21.0336
2017-12-06,UUP,stock,24.31,24.37,24.31,24.35,327660,2017-12-06,2017-12-06,50.8177,21.0161,21.3383,21.0316
2017-12-05,UUP,stock,24.3,24.32,24.26,24.29,593863,2017-12-05,2017-12-05,47.2771,21.0136,21.3413,21.0313
2017-12-04,UUP,stock,24.25,24.28,24.24,24.25,1310827,2017-12-04,2017-12-04,44.8180,21.0164,21.3449,21.0330
2017-12-01,UUP,stock,24.24,24.259,24.0899,24.17,1941674,2017-12-01,2017-12-01,39.5847,21.0231,21.3488,21.0363
2017-11-30,UUP,stock,24.22,24.23,24.1241,24.19,2147576,2017-11-30,2017-11-30,40.4758,21.0378,21.3535,21.0426
2017-11-29,UUP,stock,24.27,24.3,24.22,24.25,869722,2017-11-29,2017-11-29,43.1839,21.0522,21.3580,21.0483
2017-11-28,UUP,stock,24.19,24.27,24.19,24.26,1448130,2017-11-28,2017-11-28,43.6357,21.0626,21.3621,21.0522
2017-11-27,UUP,stock,24.07,24.17,24.06,24.16,1222303,2017-11-27,2017-11-27,37.5704,21.0733,21.3661,21.0559
2017-11-24,UUP,stock,24.14,24.14,24.1,24.13,751918,2017-11-24,2017-11-24,35.6411,21.0941,21.3711,21.0633
2017-11-22,UUP,stock,24.36,24.36,24.23,24.24,1565154,2017-11-22,2017-11-22,39.8322,21.1199,21.3763,21.0721
2017-11-21,UUP,stock,24.45,24.45,24.4,24.43,914135,2017-11-21,2017-11-21,49.0909,21.1384,21.3806,21.0773
2017-11-20,UUP,stock,24.39,24.47,24.39,24.46,737893,2017-11-20,2017-11-20,50.8229,21.1416,21.3834,21.0760
2017-11-17,UUP,stock,24.37,24.3941,24.32,24.34,969823,2017-11-17,2017-11-17,43.4064,21.1424,21.3859,21.0736
2017-11-16,UUP,stock,24.4,24.4261,24.38,24.41,751678,2017-11-16,2017-11-16,47.2677,21.1541,21.3895,21.0754
2017-11-15,UUP,stock,24.35,24.41,24.33,24.38,976160,2017-11-15,2017-11-15,45.3324,21.1608,21.3925,21.0747
2017-11-14,UUP,stock,24.45,24.48,24.37,24.39,2395541,2017-11-14,2017-11-14,45.8533,21.1708,21.3957,21.0751
2017-11-13,UUP,stock,24.56,24.59,24.55,24.56,383570,2017-11-13,2017-11-13,56.0130,21.1811,21.3990,21.0752
2017-11-10,UUP,stock,24.54,24.55,24.5,24.54,779299,2017-11-10,2017-11-10,54.9219,21.1769,21.4008,21.0693
2017-11-09,UUP,stock,24.64,24.65,24.54,24.56,794937,2017-11-09,2017-11-09,56.2168,21.1741,21.4028,21.0638
2017-11-08,UUP,stock,24.66,24.6895,24.65,24.66,1035427,2017-11-08,2017-11-08,63.1268,21.1692,21.4046,21.0574
2017-11-07,UUP,stock,24.7,24.74,24.66,24.67,830043,2017-11-07,2017-11-07,63.8557,21.1547,21.4056,21.0472
2017-11-06,UUP,stock,24.72,24.72,24.63,24.63,753826,2017-11-06,2017-11-06,62.2362,21.1377,21.4065,21.0362
2017-11-03,UUP,stock,24.6,24.71,24.6,24.69,1159984,2017-11-03,2017-11-03,66.3787,21.1226,21.4077,21.0262
2017-11-02,UUP,stock,24.64,24.645,24.55,24.63,1168200,2017-11-02,2017-11-02,64.1638,21.1005,21.4085,21.0137
2017-11-01,UUP,stock,24.65,24.66,24.58,24.63,1327484,2017-11-01,2017-11-01,64.1638,21.0815,21.4098,21.0028
2017-10-31,UUP,stock,24.6,24.6127,24.56,24.58,683171,2017-10-31,2017-10-31,62.3832,21.0605,21.4110,20.9914
2017-10-30,UUP,stock,24.63,24.66,24.55,24.56,705950,2017-10-30,2017-10-30,61.6759,21.0418,21.4128,20.9814
2017-10-27,UUP,stock,24.71,24.75,24.65,24.68,2014848,2017-10-27,2017-10-27,68.8930,21.0230,21.4147,20.9716
2017-10-26,UUP,stock,24.44,24.63,24.44,24.62,2757232,2017-10-26,2017-10-26,67.1059,20.9912,21.4156,20.9572
2017-10-25,UUP,stock,24.36,24.385,24.33,24.36,459624,2017-10-25,2017-10-25,57.2154,20.9616,21.4171,20.9443
2017-10-24,UUP,stock,24.41,24.43,24.36,24.42,419841,2017-10-24,2017-10-24,61.1557,20.9526,21.4208,20.9401
2017-10-23,UUP,stock,24.43,24.44,24.37,24.38,610204,2017-10-23,2017-10-23,59.4260,20.9371,21.4240,20.9336
2017-10-20,UUP,stock,24.31,24.37,24.3009,24.35,577945,2017-10-20,2017-10-20,58.1274,20.9236,21.4276,20.9282
2017-10-19,UUP,stock,24.22,24.24,24.175,24.21,490110,2017-10-19,2017-10-19,51.3851,20.9114,21.4315,20.9237
2017-10-18,UUP,stock,24.33,24.335,24.26,24.27,726147,2017-10-18,2017-10-18,54.9032,20.9107,21.4367,20.9239
2017-10-17,UUP,stock,24.32,24.355,24.28,24.3,1242464,2017-10-17,2017-10-17,56.7058,20.9044,21.4414,20.9220
2017-10-16,UUP,stock,24.22,24.2501,24.18,24.24,733545,2017-10-16,2017-10-16,53.8946,20.8948,21.4458,20.9190
2017-10-13,UUP,stock,24.1,24.1911,24.09,24.18,824079,2017-10-13,2017-10-13,50.9364,20.8896,21.4509,20.9180
2017-10-12,UUP,stock,24.18,24.2161,24.1404,24.18,1161864,2017-10-12,2017-10-12,50.9364,20.8893,21.4565,20.9190
2017-10-11,UUP,stock,24.16,24.1871,24.1201,24.13,1299833,2017-10-11,2017-10-11,48.5651,20.8890,21.4622,20.9201
2017-10-10,UUP,stock,24.25,24.25,24.18,24.2,2710776,2017-10-10,2017-10-10,51.8210,20.8932,21.4683,20.9230
2017-10-09,UUP,stock,24.36,24.37,24.31,24.33,1368345,2017-10-09,2017-10-09,58.5956,20.8914,21.4739,20.9236
2017-10-06,UUP,stock,24.45,24.47,24.3542,24.37,1172415,2017-10-06,2017-10-06,60.8691,20.8777,21.4785,20.9195
2017-10-05,UUP,stock,24.36,24.415,24.341,24.41,831421,2017-10-05,2017-10-05,63.1442,20.8589,21.4827,20.9140
2017-10-04,UUP,stock,24.28,24.3035,24.26,24.28,637424,2017-10-04,2017-10-04,58.4585,20.8344,21.4867,20.9067
2017-10-03,UUP,stock,24.32,24.325,24.27,24.31,442716,2017-10-03,2017-10-03,60.0957,20.8193,21.4918,20.9038
2017-10-02,UUP,stock,24.3,24.36,24.27,24.32,1225690,2017-10-02,2017-10-02,60.6212,20.7997,21.4967,20.8997
2017-09-29,UUP,stock,24.17,24.225,24.15,24.18,641839,2017-09-29,2017-09-29,55.5706,20.7773,21.5015,20.8950
2017-09-28,UUP,stock,24.23,24.23,24.18,24.2,816716,2017-09-28,2017-09-28,56.5324,20.7651,21.5076,20.8951
2017-09-27,UUP,stock,24.29,24.3,24.2,24.27,1619627,2017-09-27,2017-09-27,59.9020,20.7499,21.5136,20.8946
2017-09-26,UUP,stock,24.16,24.225,24.12,24.15,1076032,2017-09-26,2017-09-26,55.6987,20.7268,21.5191,20.8915
2017-09-25,UUP,stock,24.02,24.08,24,24.07,1238074,2017-09-25,2017-09-25,52.6243,20.7121,21.5257,20.8925
2017-09-22,UUP,stock,23.9,23.94,23.855,23.93,1051737,2017-09-22,2017-09-22,46.6028,20.7031,21.5330,20.8964
2017-09-21,UUP,stock,24,24,23.91,23.95,1204082,2017-09-21,2017-09-21,47.4020,20.7059,21.5416,20.9054
2017-09-20,UUP,stock,23.82,24.07,23.7431,24.02,2370016,2017-09-20,2017-09-20,50.2000,20.7072,21.5501,20.9140
2017-09-19,UUP,stock,23.84,23.9,23.81,23.83,582313,2017-09-19,2017-09-19,41.4965,20.7023,21.5581,20.9205
2017-09-18,UUP,stock,23.87,23.935,23.83,23.9,611066,2017-09-18,2017-09-18,44.1353,20.7141,21.5679,20.9340
2017-09-15,UUP,stock,23.84,23.87,23.78,23.84,1469610,2017-09-15,2017-09-15,41.1570,20.7208,21.5771,20.9456
2017-09-14,UUP,stock,23.99,23.99,23.9,23.92,1643426,2017-09-14,2017-09-14,44.0656,20.7337,21.5869,20.9598
2017-09-13,UUP,stock,23.87,24.02,23.87,23.99,1976191,2017-09-13,2017-09-13,46.7500,20.7406,21.5961,20.9717
2017-09-12,UUP,stock,23.87,23.89,23.8201,23.85,2010902,2017-09-12,2017-09-12,39.9572,20.7419,21.6049,20.9816
2017-09-11,UUP,stock,23.81,23.87,23.78,23.86,1451143,2017-09-11,2017-09-11,40.2981,20.7561,21.6149,20.9969
2017-09-08,UUP,stock,23.67,23.73,23.66,23.7,922311,2017-09-08,2017-09-08,31.6305,20.7709,21.6249,21.0125
2017-09-07,UUP,stock,23.77,23.83,23.7299,23.76,2717552,2017-09-07,2017-09-07,33.3147,20.8017,21.6365,21.0343
2017-09-06,UUP,stock,23.94,23.96,23.865,23.93,3111565,2017-09-06,2017-09-06,38.7420,20.8304,21.6476,21.0549
2017-09-05,UUP,stock,24.01,24.01,23.92,23.95,702813,2017-09-05,2017-09-05,39.4440,20.8466,21.6574,21.0704
2017-09-01,UUP,stock,24.02,24.11,24,24.08,1087676,2017-09-01,2017-09-01,44.2875,20.8627,21.6670,21.0857
2017-08-31,UUP,stock,24.14,24.15,24.03,24.03,1254432,2017-08-31,2017-08-31,41.7321,20.8687,21.6757,21.0972
2017-08-30,UUP,stock,24.03,24.11,24.01,24.1,1435220,2017-08-30,2017-08-30,44.3782,20.8798,21.6849,21.1108
2017-08-29,UUP,stock,23.81,23.95,23.81,23.95,1602833,2017-08-29,2017-08-29,36.3474,20.8858,21.6935,21.1225
2017-08-28,UUP,stock,23.98,23.98,23.9,23.92,1302390,2017-08-28,2017-08-28,34.5936,20.9060,21.7036,21.1400
2017-08-25,UUP,stock,24.16,24.21,23.97,23.99,1768732,2017-08-25,2017-08-25,36.7899,20.9311,21.7140,21.1593
2017-08-24,UUP,stock,24.18,24.2,24.16,24.19,807614,2017-08-24,2017-08-24,44.2418,20.9525,21.7239,21.1769
2017-08-23,UUP,stock,24.2,24.21,24.14,24.14,687046,2017-08-23,2017-08-23,41.4906,20.9579,21.7322,21.1882
2017-08-22,UUP,stock,24.21,24.2599,24.21,24.24,558260,2017-08-22,2017-08-22,45.6761,20.9684,21.7410,21.2017
2017-08-21,UUP,stock,24.18,24.19,24.11,24.14,632867,2017-08-21,2017-08-21,40.0615,20.9710,21.7490,21.2122
2017-08-18,UUP,stock,24.21,24.27,24.2,24.21,249141,2017-08-18,2017-08-18,42.9467,20.9829,21.7579,21.2266
2017-08-17,UUP,stock,24.32,24.32,24.25,24.29,542624,2017-08-17,2017-08-17,46.5007,20.9897,21.7664,21.2392
2017-08-16,UUP,stock,24.39,24.39,24.22,24.24,756898,2017-08-16,2017-08-16,43.8017,20.9899,21.7742,21.2495
2017-08-15,UUP,stock,24.36,24.379,24.3,24.32,915052,2017-08-15,2017-08-15,47.3507,20.9947,21.7825,21.2620
2017-08-14,UUP,stock,24.2,24.23,24.18,24.21,832223,2017-08-14,2017-08-14,41.2756,20.9928,21.7903,21.2721
2017-08-11,UUP,stock,24.16,24.2056,24.09,24.11,1464127,2017-08-11,2017-08-11,34.9381,21.0006,21.7990,21.2866
2017-08-10,UUP,stock,24.26,24.28,24.1901,24.2,947592,2017-08-10,2017-08-10,38.4015,21.0184,21.8087,21.3051
2017-08-09,UUP,stock,24.3,24.325,24.23,24.24,1164765,2017-08-09,2017-08-09,40.0395,21.0299,21.8178,21.3213
2017-08-08,UUP,stock,24.19,24.33,24.1744,24.26,1390372,2017-08-08,2017-08-08,40.8485,21.0389,21.8266,21.3367
2017-08-07,UUP,stock,24.27,24.27,24.21,24.22,852701,2017-08-07,2017-08-07,38.5424,21.0470,21.8353,21.3520
2017-08-04,UUP,stock,24.12,24.2998,24.11,24.23,2543125,2017-08-04,2017-08-04,38.8944,21.0597,21.8444,21.3693
2017-08-03,UUP,stock,24.1,24.11,24.02,24.02,2071215,2017-08-03,2017-08-03,25.6540,21.0727,21.8535,21.3870
2017-08-02,UUP,stock,24.1,24.1083,23.98,24.08,2221816,2017-08-02,2017-08-02,27.2187,21.1063,21.8646,21.4129
2017-08-01,UUP,stock,24.08,24.13,24.04,24.11,1150811,2017-08-01,2017-08-01,28.0120,21.1379,21.8752,21.4376
2017-07-31,UUP,stock,24.21,24.22,24.041,24.07,1432680,2017-07-31,2017-07-31,25.3173,21.1701,21.8857,21.4624
2017-07-28,UUP,stock,24.24,24.25,24.16,24.17,859217,2017-07-28,2017-07-28,27.7267,21.2094,21.8966,21.4895
2017-07-27,UUP,stock,24.28,24.375,24.26,24.32,1390749,2017-07-27,2017-07-27,31.9636,21.2436,21.9068,21.5142
2017-07-26,UUP,stock,24.38,24.4099,24.1801,24.23,1329515,2017-07-26,2017-07-26,25.6321,21.2679,21.9158,21.5347
2017-07-25,UUP,stock,24.3,24.37,24.26,24.37,757945,2017-07-25,2017-07-25,29.6127,21.3029,21.9256,21.5591
2017-07-24,UUP,stock,24.33,24.37,24.32,24.33,419720,2017-07-24,2017-07-24,26.5880,21.3288,21.9344,21.5797
2017-07-21,UUP,stock,24.37,24.38,24.3,24.32,644571,2017-07-21,2017-07-21,25.8483,21.3611,21.9436,21.6024
2017-07-20,UUP,stock,24.51,24.52,24.35,24.4,1016710,2017-07-20,2017-07-20,27.9396,21.3977,21.9529,21.6265
2017-07-19,UUP,stock,24.5,24.55,24.5,24.55,785589,2017-07-19,2017-07-19,32.5206,21.4309,21.9616,21.6487
2017-07-18,UUP,stock,24.48,24.505,24.45,24.49,970524,2017-07-18,2017-07-18,28.1446,21.4539,21.9692,21.6665
2017-07-17,UUP,stock,24.62,24.64,24.59,24.62,508491,2017-07-17,2017-07-17,32.3676,21.4849,21.9773,21.6872
2017-07-14,UUP,stock,24.67,24.68,24.61,24.62,768092,2017-07-14,2017-07-14,32.3676,21.5072,21.9844,21.7041
2017-07-13,UUP,stock,24.77,24.82,24.76,24.77,411520,2017-07-13,2017-07-13,38.0474,21.5319,21.9916,21.7217
2017-07-12,UUP,stock,24.79,24.83,24.75,24.76,900951,2017-07-12,2017-07-12,37.3671,21.5456,21.9975,21.7347
2017-07-11,UUP,stock,24.87,24.88,24.75,24.76,1556811,2017-07-11,2017-07-11,37.3671,21.5616,22.0035,21.7487
2017-07-10,UUP,stock,24.87,24.88,24.84,24.85,212858,2017-07-10,2017-07-10,40.8483,21.5793,22.0097,21.7632
2017-07-07,UUP,stock,24.85,24.885,24.83,24.84,376388,2017-07-07,2017-07-07,40.2742,21.5907,22.0151,21.7751
2017-07-06,UUP,stock,24.83,24.85,24.79,24.8,358910,2017-07-06,2017-07-06,38.0407,21.6041,22.0206,21.7878
2017-07-05,UUP,stock,24.96,24.96,24.895,24.91,1570208,2017-07-05,2017-07-05,42.0569,21.6227,22.0266,21.8025
2017-07-03,UUP,stock,24.87,24.9,24.85,24.9,794291,2017-07-03,2017-07-03,41.5359,21.6332,22.0317,21.8139
2017-06-30,UUP,stock,24.76,24.785,24.73,24.75,1529748,2017-06-30,2017-06-30,33.1645,21.6457,22.0369,21.8262
2017-06-29,UUP,stock,24.81,24.81,24.71,24.71,1831786,2017-06-29,2017-06-29,30.7077,21.6731,22.0434,21.8442
2017-06-28,UUP,stock,24.92,24.92,24.8101,24.83,944504,2017-06-28,2017-06-28,34.2109,21.7071,22.0504,21.8643
2017-06-27,UUP,stock,25.02,25.04,24.91,24.91,1282645,2017-06-27,2017-06-27,36.8106,21.7337,22.0564,21.8811
2017-06-26,UUP,stock,25.12,25.2,25.11,25.19,596625,2017-06-26,2017-06-26,48.8831,21.7559,22.0617,21.8957
2017-06-23,UUP,stock,25.18,25.18,25.12,25.15,323118,2017-06-23,2017-06-23,46.5581,21.7550,22.0647,21.9010
2017-06-22,UUP,stock,25.22,25.25,25.2,25.23,896783,2017-06-22,2017-06-22,50.8538,21.7575,22.0681,21.9080
2017-06-21,UUP,stock,25.26,25.27,25.2,25.22,1105845,2017-06-21,2017-06-21,50.3217,21.7531,22.0708,21.9124
2017-06-20,UUP,stock,25.23,25.29,25.23,25.27,615420,2017-06-20,2017-06-20,52.9847,21.7491,22.0736,21.9174
2017-06-19,UUP,stock,25.16,25.23,25.15,25.23,637336,2017-06-19,2017-06-19,51.0609,21.7402,22.0760,21.9208
2017-06-16,UUP,stock,25.17,25.18,25.1,25.12,917365,2017-06-16,2017-06-16,45.3504,21.7339,22.0788,21.9257
2017-06-15,UUP,stock,25.18,25.23,25.18,25.21,1148375,2017-06-15,2017-06-15,49.7618,21.7370,22.0825,21.9348
2017-06-14,UUP,stock,24.95,25.108,24.905,25.06,1676673,2017-06-14,2017-06-14,40.8584,21.7323,22.0855,21.9410
2017-06-13,UUP,stock,25.09,25.1,25.06,25.08,398122,2017-06-13,2017-06-13,41.7751,21.7407,22.0899,21.9527
2017-06-12,UUP,stock,25.12,25.16,25.1047,25.11,429793,2017-06-12,2017-06-12,43.1225,21.7481,22.0941,21.9643
2017-06-09,UUP,stock,25.2,25.2,25.13,25.15,652142,2017-06-09,2017-06-09,44.9163,21.7536,22.0981,21.9752
2017-06-08,UUP,stock,25.05,25.11,25.05,25.07,724274,2017-06-08,2017-06-08,40.3048,21.7560,22.1018,21.9852
2017-06-07,UUP,stock,25.01,25.05,24.9425,24.98,521478,2017-06-07,2017-06-07,34.5838,21.7660,22.1062,21.9985
2017-06-06,UUP,stock,24.96,24.99,24.9425,24.95,895735,2017-06-06,2017-06-06,32.5840,21.7852,22.1115,22.0154
2017-06-05,UUP,stock,25.02,25.0389,25,25.01,1086067,2017-06-05,2017-06-05,34.5453,21.8091,22.1171,22.0341
2017-06-02,UUP,stock,25.02,25.03,24.97,24.99,1415973,2017-06-02,2017-06-02,33.3026,21.8302,22.1222,22.0514
2017-06-01,UUP,stock,25.13,25.135,25.09,25.11,917092,2017-06-01,2017-06-01,37.2417,21.8552,22.1275,22.0701
2017-05-31,UUP,stock,25.1,25.1,25.02,25.08,959023,2017-05-31,2017-05-31,35.4698,21.8720,22.1318,22.0854
2017-05-30,UUP,stock,25.16,25.1767,25.12,25.14,1113821,2017-05-30,2017-05-30,37.4325,21.8932,22.1365,22.1024
2017-05-26,UUP,stock,25.18,25.2,25.15,25.17,413438,2017-05-26,2017-05-26,38.4196,21.9113,22.1406,22.1179
2017-05-25,UUP,stock,25.09,25.1338,25.08,25.11,1103127,2017-05-25,2017-05-25,35.2487,21.9285,22.1446,22.1330
2017-05-24,UUP,stock,25.16,25.1799,25.08,25.08,1116015,2017-05-24,2017-05-24,33.6628,21.9530,22.1491,22.1509
2017-05-23,UUP,stock,25.03,25.1686,25.021,25.16,1008850,2017-05-23,2017-05-23,35.8362,21.9828,22.1539,22.1705
2017-05-22,UUP,stock,25.04,25.06,25,25.05,1133885,2017-05-22,2017-05-22,30.0718,22.0084,22.1581,22.1881
2017-05-19,UUP,stock,25.12,25.14,25.07,25.09,1152054,2017-05-19,2017-05-19,31.0125,22.0468,22.1632,22.2103
2017-05-18,UUP,stock,25.21,25.33,25.1949,25.27,1207201,2017-05-18,2017-05-18,35.6762,22.0856,22.1681,22.2320
2017-05-17,UUP,stock,25.28,25.29,25.18,25.18,1257846,2017-05-17,2017-05-17,30.8481,22.1120,22.1715,22.2482
2017-05-16,UUP,stock,25.39,25.41,25.33,25.35,1746208,2017-05-16,2017-05-16,35.5251,22.1495,22.1756,22.2683
2017-05-15,UUP,stock,25.52,25.5699,25.52,25.54,739750,2017-05-15,2017-05-15,42.1587,22.1754,22.1784,22.2832
2017-05-12,UUP,stock,25.65,25.65,25.61,25.61,690773,2017-05-12,2017-05-12,45.0356,22.1867,22.1795,22.2920
2017-05-11,UUP,stock,25.76,25.76,25.71,25.74,349090,2017-05-11,2017-05-11,51.0422,22.1929,22.1800,22.2987
2017-05-10,UUP,stock,25.7,25.76,25.7,25.73,549418,2017-05-10,2017-05-10,50.5713,22.1880,22.1794,22.3011
2017-05-09,UUP,stock,25.7,25.7488,25.6701,25.72,1847621,2017-05-09,2017-05-09,50.1259,22.1834,22.1789,22.3040
2017-05-08,UUP,stock,25.55,25.61,25.55,25.59,773172,2017-05-08,2017-05-08,44.0380,22.1792,22.1784,22.3073
2017-05-05,UUP,stock,25.51,25.52,25.44,25.45,680479,2017-05-05,2017-05-05,36.2571,22.1864,22.1791,22.3153
2017-05-04,UUP,stock,25.61,25.61,25.49,25.49,885380,2017-05-04,2017-05-04,37.6458,22.2071,22.1810,22.3286
2017-05-03,UUP,stock,25.58,25.6599,25.55,25.65,877001,2017-05-03,2017-05-03,43.8894,22.2264,22.1826,22.3410
2017-05-02,UUP,stock,25.59,25.62,25.55,25.55,332532,2017-05-02,2017-05-02,37.9134,22.2331,22.1828,22.3483
2017-05-01,UUP,stock,25.56,25.5973,25.53,25.59,617674,2017-05-01,2017-05-01,39.4750,22.2496,22.1839,22.3594
2017-04-28,UUP,stock,25.56,25.596,25.54,25.57,840156,2017-04-28,2017-04-28,38.2950,22.2643,22.1846,22.3696
2017-04-27,UUP,stock,25.61,25.6566,25.58,25.6,724554,2017-04-27,2017-04-27,39.3639,22.2823,22.1855,22.3808
2017-04-26,UUP,stock,25.6,25.6499,25.54,25.56,863570,2017-04-26,2017-04-26,37.1934,22.2994,22.1862,22.3915
2017-04-25,UUP,stock,25.59,25.59,25.481,25.5,1698333,2017-04-25,2017-04-25,33.8976,22.3220,22.1872,22.4040
2017-04-24,UUP,stock,25.57,25.62,25.57,25.57,1643064,2017-04-24,2017-04-24,35.9407,22.3525,22.1888,22.4192
2017-04-21,UUP,stock,25.8,25.84,25.79,25.81,745949,2017-04-21,2017-04-21,44.4753,22.3798,22.1897,22.4325
2017-04-20,UUP,stock,25.71,25.79,25.68,25.79,668860,2017-04-20,2017-04-20,43.4360,22.3881,22.1886,22.4378
2017-04-19,UUP,stock,25.76,25.8,25.75,25.78,417536,2017-04-19,2017-04-19,42.9400,22.3991,22.1877,22.4442
2017-04-18,UUP,stock,25.78,25.82,25.69,25.69,1290899,2017-04-18,2017-04-18,38.4288,22.4122,22.1868,22.4511
2017-04-17,UUP,stock,25.89,25.93,25.8301,25.91,880787,2017-04-17,2017-04-17,46.8334,22.4348,22.1867,22.4614
2017-04-13,UUP,stock,25.91,25.985,25.91,25.98,820585,2017-04-13,2017-04-13,50.0687,22.4398,22.1847,22.4645
2017-04-12,UUP,stock,26.02,26.055,25.87,25.89,1544782,2017-04-12,2017-04-12,45.5805,22.4390,22.1820,22.4652
2017-04-11,UUP,stock,26.05,26.05,25.99,26.02,688235,2017-04-11,2017-04-11,51.8292,22.4463,22.1801,22.4690
2017-04-10,UUP,stock,26.12,26.13,26.08,26.1,666812,2017-04-10,2017-04-10,56.2345,22.4425,22.1771,22.4685
2017-04-07,UUP,stock,26.07,26.16,26.0422,26.15,1037551,2017-04-07,2017-04-07,59.1524,22.4311,22.1733,22.4651
2017-04-06,UUP,stock,25.98,26.03,25.97,26.03,807893,2017-04-06,2017-04-06,53.8113,22.4139,22.1691,22.4599
2017-04-05,UUP,stock,25.99,26.105,25.9401,25.97,4699449,2017-04-05,2017-04-05,50.8261,22.4058,22.1659,22.4586
2017-04-04,UUP,stock,25.99,26.01,25.96,25.98,813117,2017-04-04,2017-04-04,51.3396,22.4023,22.1631,22.4594
2017-04-03,UUP,stock,25.97,26,25.94,25.95,645045,2017-04-03,2017-04-03,49.9303,22.3975,22.1603,22.4599
2017-03-31,UUP,stock,25.92,25.97,25.89,25.95,880097,2017-03-31,2017-03-31,49.9303,22.3950,22.1576,22.4614
2017-03-30,UUP,stock,25.83,25.96,25.8061,25.96,1195287,2017-03-30,2017-03-30,50.3494,22.3922,22.1550,22.4631
2017-03-29,UUP,stock,25.84,25.85,25.79,25.79,550837,2017-03-29,2017-03-29,42.7658,22.3881,22.1522,22.4644
2017-03-28,UUP,stock,25.6,25.7553,25.58,25.74,1657628,2017-03-28,2017-03-28,40.2744,22.3992,22.1509,22.4718
2017-03-27,UUP,stock,25.53,25.61,25.52,25.6,1814804,2017-03-27,2017-03-27,32.6521,22.4159,22.1500,22.4812
2017-03-24,UUP,stock,25.74,25.76,25.69,25.74,2017571,2017-03-24,2017-03-24,37.0418,22.4471,22.1503,22.4960
2017-03-23,UUP,stock,25.73,25.769,25.72,25.75,1110827,2017-03-23,2017-03-23,37.3750,22.4689,22.1494,22.5064
2017-03-22,UUP,stock,25.73,25.76,25.695,25.72,970219,2017-03-22,2017-03-22,35.7651,22.4921,22.1484,22.5170
2017-03-21,UUP,stock,25.77,25.77,25.72,25.74,1933763,2017-03-21,2017-03-21,36.3435,22.5204,22.1477,22.5290
2017-03-20,UUP,stock,25.87,25.93,25.86,25.8976,742928,2017-03-20,2017-03-20,41.2212,22.5499,22.1467,22.5407
2017-03-17,UUP,stock,25.91,25.92,25.86,25.89,1814681,2017-03-17,2017-03-17,40.8658,22.5681,22.1444,22.5474
2017-03-16,UUP,stock,25.92,25.97,25.88,25.88,2869138,2017-03-16,2017-03-16,40.4257,22.5890,22.1422,22.5547
2017-03-15,UUP,stock,26.25,26.2531,25.97,25.97,3038745,2017-03-15,2017-03-15,43.1068,22.6130,22.1400,22.5626
2017-03-14,UUP,stock,26.25,26.28,26.2,26.28,1214143,2017-03-14,2017-03-14,54.7124,22.6313,22.1369,22.5676
2017-03-13,UUP,stock,26.16,26.19,26.13,26.19,1252066,2017-03-13,2017-03-13,51.1681,22.6234,22.1312,22.5620
2017-03-10,UUP,stock,26.26,26.28,26.12,26.15,2008620,2017-03-10,2017-03-10,49.5383,22.6228,22.1262,22.5592
2017-03-09,UUP,stock,26.31,26.36,26.29,26.33,1519763,2017-03-09,2017-03-09,57.5668,22.6258,22.1215,22.5578
2017-03-08,UUP,stock,26.34,26.39,26.33,26.38,1171798,2017-03-08,2017-03-08,60.0782,22.6127,22.1152,22.5499
2017-03-07,UUP,stock,26.31,26.32,26.2557,26.29,687239,2017-03-07,2017-03-07,56.9382,22.5937,22.1084,22.5400
2017-03-06,UUP,stock,26.2,26.28,26.2,26.26,1043220,2017-03-06,2017-03-06,55.8637,22.5809,22.1023,22.5328
2017-03-03,UUP,stock,26.31,26.36,26.17,26.17,2932933,2017-03-03,2017-03-03,52.5666,22.5694,22.0964,22.5265
2017-03-02,UUP,stock,26.39,26.42,26.345,26.4,2871218,2017-03-02,2017-03-02,63.8931,22.5650,22.0912,22.5230
2017-03-01,UUP,stock,26.32,26.335,26.23,26.29,1646379,2017-03-01,2017-03-01,60.0724,22.5391,22.0840,22.5112
2017-02-28,UUP,stock,26.08,26.15,26.03,26.11,2266890,2017-02-28,2017-02-28,52.4227,22.5206,22.0776,22.5029
2017-02-27,UUP,stock,26.07,26.14,26.01,26.13,768628,2017-02-27,2017-02-27,53.4799,22.5164,22.0728,22.5006
2017-02-24,UUP,stock,26.08,26.13,26.0565,26.13,714586,2017-02-24,2017-02-24,53.4799,22.5100,22.0677,22.4974
2017-02-23,UUP,stock,26.11,26.1281,26.055,26.08,1291596,2017-02-23,2017-02-23,51.3658,22.5029,22.0626,22.4942
2017-02-22,UUP,stock,26.23,26.27,26.13,26.14,2048694,2017-02-22,2017-02-22,54.1056,22.4997,22.0578,22.4926
2017-02-21,UUP,stock,26.21,26.25,26.17,26.2,1421798,2017-02-21,2017-02-21,56.9251,22.4906,22.0525,22.4888
2017-02-17,UUP,stock,25.96,26.08,25.96,26.08,999053,2017-02-17,2017-02-17,52.3098,22.4751,22.0467,22.4827
2017-02-16,UUP,stock,26,26.01,25.93,25.95,2129615,2017-02-16,2017-02-16,46.5485,22.4689,22.0418,22.4806
2017-02-15,UUP,stock,26.24,26.2552,26.09,26.1,934412,2017-02-15,2017-02-15,53.4693,22.4739,22.0379,22.4830
2017-02-14,UUP,stock,26.06,26.19,26.055,26.15,2502019,2017-02-14,2017-02-14,56.0486,22.4658,22.0328,22.4802
2017-02-13,UUP,stock,26.08,26.12,26.07,26.09,1089619,2017-02-13,2017-02-13,53.5519,22.4522,22.0271,22.4755
2017-02-10,UUP,stock,26.09,26.1,25.985,26.03,1022132,2017-02-10,2017-02-10,50.9654,22.4427,22.0220,22.4728
2017-02-09,UUP,stock,25.9,26.01,25.89,26,1191525,2017-02-09,2017-02-09,49.6640,22.4376,22.0172,22.4721
2017-02-08,UUP,stock,25.9,25.92,25.8427,25.9,1412516,2017-02-08,2017-02-08,45.1589,22.4348,22.0127,22.4724
2017-02-07,UUP,stock,25.96,26.0055,25.861,25.93,1600473,2017-02-07,2017-02-07,46.3136,22.4407,22.0091,22.4762
2017-02-06,UUP,stock,25.86,25.89,25.78,25.8,1703311,2017-02-06,2017-02-06,40.1563,22.4445,22.0051,22.4791
2017-02-03,UUP,stock,25.82,25.82,25.71,25.78,2033204,2017-02-03,2017-02-03,39.1595,22.4605,22.0022,22.4867
2017-02-02,UUP,stock,25.69,25.8,25.65,25.79,1361913,2017-02-02,2017-02-02,39.4647,22.4801,21.9995,22.4954
2017-02-01,UUP,stock,25.82,25.85,25.71,25.75,4271287,2017-02-01,2017-02-01,37.6600,22.5008,21.9966,22.5040
2017-01-31,UUP,stock,25.77,25.777,25.68,25.73,3569255,2017-01-31,2017-01-31,36.7850,22.5273,21.9941,22.5145
2017-01-30,UUP,stock,26.05,26.06,25.91,25.94,1139182,2017-01-30,2017-01-30,42.6170,22.5585,21.9917,22.5260
2017-01-27,UUP,stock,25.95,26.0111,25.93,25.99,2262326,2017-01-27,2017-01-27,44.1651,22.5738,21.9875,22.5306
2017-01-26,UUP,stock,25.96,26.03,25.93,25.98,3848091,2017-01-26,2017-01-26,43.7859,22.5861,21.9828,22.5337
2017-01-25,UUP,stock,25.89,25.91,25.81,25.81,2168861,2017-01-25,2017-01-25,37.0351,22.6007,21.9781,22.5372
2017-01-24,UUP,stock,25.89,25.93,25.815,25.9,1638241,2017-01-24,2017-01-24,39.3586,22.6323,21.9748,22.5468
2017-01-23,UUP,stock,25.95,25.9911,25.86,25.89,2300566,2017-01-23,2017-01-23,38.9635,22.6590,21.9708,22.5537
2017-01-20,UUP,stock,26.13,26.17,26.02,26.03,11995965,2017-01-20,2017-01-20,42.5692,22.6894,21.9668,22.5612
2017-01-19,UUP,stock,26.21,26.28,26.11,26.12,1595546,2017-01-19,2017-01-19,45.0581,22.7104,21.9615,22.5641
2017-01-18,UUP,stock,26.02,26.175,25.9685,26.16,3939621,2017-01-18,2017-01-18,46.1723,22.7253,21.9554,22.5639
2017-01-17,UUP,stock,25.93,25.97,25.91,25.92,3444515,2017-01-17,2017-01-17,37.5720,22.7381,21.9489,22.5623
2017-01-13,UUP,stock,26.18,26.279,26.13,26.16,1828391,2017-01-13,2017-01-13,44.1173,22.7742,21.9444,22.5691
2017-01-12,UUP,stock,26.13,26.229,26.05,26.19,2173915,2017-01-12,2017-01-12,45.0278,22.7922,21.9378,22.5677
2017-01-11,UUP,stock,26.5,26.605,26.17,26.29,4496632,2017-01-11,2017-01-11,48.1004,22.8094,21.9308,22.5652
2017-01-10,UUP,stock,26.33,26.38,26.2644,26.35,2059975,2017-01-10,2017-01-10,50.0014,22.8193,21.9229,22.5591
2017-01-09,UUP,stock,26.42,26.4399,26.31,26.34,3506071,2017-01-09,2017-01-09,49.6937,22.8247,21.9145,22.5506
2017-01-06,UUP,stock,26.39,26.44,26.295,26.41,3202659,2017-01-06,2017-01-06,51.7643,22.8317,21.9060,22.5421
2017-01-05,UUP,stock,26.37,26.38,26.18,26.22,4268721,2017-01-05,2017-01-05,46.1042,22.8330,21.8968,22.5308
2017-01-04,UUP,stock,26.57,26.59,26.465,26.5,3534316,2017-01-04,2017-01-04,54.9236,22.8517,21.8892,22.5257
2017-01-03,UUP,stock,26.71,26.83,26.61,26.7,3455461,2017-01-03,2017-01-03,62.9047,22.8470,21.8791,22.5105
2016-12-30,UUP,stock,26.44,26.46,26.35,26.46,1767608,2016-12-30,2016-12-30,55.7377,22.8235,21.8671,22.4877
2016-12-29,UUP,stock,26.63,26.63,26.53,26.54,1331887,2016-12-29,2016-12-29,59.2829,22.8195,21.8571,22.4724
2016-12-28,UUP,stock,26.73,26.77,26.66,26.69,1247437,2016-12-28,2016-12-28,66.6656,22.8077,21.8463,22.4537
2016-12-27,UUP,stock,26.65,26.65,26.62,26.62,655265,2016-12-27,2016-12-27,64.7641,22.7810,21.8341,22.4289
2016-12-23,UUP,stock,26.65,26.667,26.59,26.63,909446,2016-12-23,2016-12-23,65.2579,22.7579,21.8224,22.4056
2016-12-22,UUP,stock,26.59,26.66,26.51,26.65,1713850,2016-12-22,2016-12-22,66.1952,22.7314,21.8104,22.3809
2016-12-21,UUP,stock,26.59,26.645,26.56,26.62,1278790,2016-12-21,2016-12-21,65.5051,22.7004,21.7982,22.3546
2016-12-20,UUP,stock,26.75,26.7675,26.66,26.7,2896431,2016-12-20,2016-12-20,68.9926,22.6688,21.7861,22.3282
2016-12-19,UUP,stock,26.6,26.656,26.5344,26.65,1333502,2016-12-19,2016-12-19,68.0040,22.6265,21.7732,22.2979
2016-12-16,UUP,stock,26.65,26.67,26.5,26.57,2103704,2016-12-16,2016-12-16,66.4130,22.5844,21.7606,22.2682
2016-12-15,UUP,stock,26.59,26.76,26.57,26.66,3657556,2016-12-15,2016-12-15,70.0519,22.5452,21.7486,22.2401
2016-12-14,UUP,stock,26.08,26.44,26.03,26.37,3032321,2016-12-14,2016-12-14,64.1794,22.4936,21.7357,22.2076
2016-12-13,UUP,stock,26.1,26.14,26.04,26.12,1766731,2016-12-13,2016-12-13,57.5099,22.4630,21.7251,22.1841
2016-12-12,UUP,stock,26.12,26.1814,26.06,26.09,1717610,2016-12-12,2016-12-12,56.6096,22.4519,21.7166,22.1684
2016-12-09,UUP,stock,26.23,26.3,26.21,26.24,1499849,2016-12-09,2016-12-09,62.7857,22.4423,21.7083,22.1531
2016-12-08,UUP,stock,26.08,26.17,26.0399,26.13,2134990,2016-12-08,2016-12-08,59.7991,22.4181,21.6987,22.1319
2016-12-07,UUP,stock,25.96,25.96,25.89,25.9,1903592,2016-12-07,2016-12-07,52.3789,22.4014,21.6898,22.1137
2016-12-06,UUP,stock,25.94,26,25.91,25.98,2478754,2016-12-06,2016-12-06,55.6995,22.4038,21.6829,22.1029
2016-12-05,UUP,stock,25.96,25.98,25.805,25.88,4654684,2016-12-05,2016-12-05,52.1808,22.3992,21.6752,22.0889
2016-12-02,UUP,stock,26.07,26.1011,26.03,26.05,1791614,2016-12-02,2016-12-02,59.6612,22.4032,21.6683,22.0777
2016-12-01,UUP,stock,26.24,26.25,26.1,26.11,1638364,2016-12-01,2016-12-01,62.6024,22.3921,21.6599,22.0602
2016-11-30,UUP,stock,26.21,26.3201,26.19,26.25,3417026,2016-11-30,2016-11-30,70.0888,22.3745,21.6508,22.0398
2016-11-29,UUP,stock,26.21,26.222,26.08,26.11,1772330,2016-11-29,2016-11-29,66.3524,22.3422,21.6405,22.0136
2016-11-28,UUP,stock,26.24,26.2499,26.16,26.17,2103252,2016-11-28,2016-11-28,69.8234,22.3193,21.6313,21.9913
2016-11-25,UUP,stock,26.19,26.25,26.16,26.24,3108255,2016-11-25,2016-11-25,74.0181,22.2885,21.6214,21.9660
2016-11-23,UUP,stock,26.3,26.35,26.2501,26.29,2362099,2016-11-23,2016-11-23,77.0898,22.2481,21.6108,21.9372
2016-11-22,UUP,stock,26.11,26.2,26.09,26.13,2045528,2016-11-22,2016-11-22,73.8673,22.1989,21.5997,21.9054
2016-11-21,UUP,stock,26.11,26.17,26.0615,26.09,3162105,2016-11-21,2016-11-21,72.9852,22.1591,21.5899,21.8780
2016-11-18,UUP,stock,26.16,26.24,26.12,26.19,1549397,2016-11-18,2016-11-18,79.1905,22.1187,21.5803,21.8508
2016-11-17,UUP,stock,25.91,26.1,25.91,26.1,2052758,2016-11-17,2016-11-17,77.5988,22.0650,21.5698,21.8191
2016-11-16,UUP,stock,25.91,25.995,25.8901,25.95,3750548,2016-11-16,2016-11-16,74.5910,22.0138,21.5599,21.7892
2016-11-15,UUP,stock,25.88,25.915,25.84,25.88,4437978,2016-11-15,2016-11-15,73.0213,21.9709,21.5513,21.7634
2016-11-14,UUP,stock,25.83,25.9,25.8,25.84,7033292,2016-11-14,2016-11-14,72.1069,21.9298,21.5431,21.7390
2016-11-11,UUP,stock,25.52,25.62,25.51,25.59,1098721,2016-11-11,2016-11-11,65.2773,21.8880,21.5353,21.7150
2016-11-10,UUP,stock,25.57,25.62,25.5,25.55,2705395,2016-11-10,2016-11-10,63.9665,21.8646,21.5295,21.6988
2016-11-09,UUP,stock,25.38,25.5,25.37,25.5,2429173,2016-11-09,2016-11-09,62.3152,21.8423,21.5240,21.6834
2016-11-08,UUP,stock,25.27,25.34,25.25,25.34,912209,2016-11-08,2016-11-08,56.3749,21.8223,21.5189,21.6692
2016-11-07,UUP,stock,25.25,25.31,25.25,25.27,2672909,2016-11-07,2016-11-07,53.3900,21.8147,21.5151,21.6600
2016-11-04,UUP,stock,25.14,25.15,25.06,25.06,940881,2016-11-04,2016-11-04,42.4142,21.8126,21.5119,21.6529
2016-11-03,UUP,stock,25.18,25.2,25.1,25.13,1328490,2016-11-03,2016-11-03,45.7487,21.8295,21.5105,21.6529
2016-11-02,UUP,stock,25.19,25.21,25.12,25.2,1744510,2016-11-02,2016-11-02,49.3515,21.8417,21.5084,21.6504
2016-11-01,UUP,stock,25.34,25.35,25.24,25.29,2885936,2016-11-01,2016-11-01,54.4730,21.8489,21.5058,21.6454
2016-10-31,UUP,stock,25.48,25.51,25.42,25.42,1010035,2016-10-31,2016-10-31,63.2811,21.8486,21.5023,21.6370
2016-10-28,UUP,stock,25.54,25.54,25.39,25.41,1992438,2016-10-28,2016-10-28,62.8521,21.8365,21.4977,21.6236
2016-10-27,UUP,stock,25.5,25.5939,25.48,25.56,1390325,2016-10-27,2016-10-27,75.0699,21.8240,21.4931,21.6101
2016-10-26,UUP,stock,25.45,25.51,25.42,25.51,833819,2016-10-26,2016-10-26,73.4739,21.7966,21.4871,21.5907
2016-10-25,UUP,stock,25.6,25.62,25.49,25.52,1204381,2016-10-25,2016-10-25,74.3580,21.7708,21.4815,21.5723
2016-10-24,UUP,stock,25.49,25.55,25.48,25.53,721202,2016-10-24,2016-10-24,75.1982,21.7414,21.4758,21.5528
2016-10-21,UUP,stock,25.5,25.54,25.49,25.5,3574024,2016-10-21,2016-10-21,74.3921,21.7080,21.4700,21.5322
2016-10-20,UUP,stock,25.38,25.44,25.365,25.41,676320,2016-10-20,2016-10-20,71.8429,21.6738,21.4643,21.5118
2016-10-19,UUP,stock,25.31,25.34,25.2815,25.33,1853029,2016-10-19,2016-10-19,69.3222,21.6441,21.4594,21.4937
2016-10-18,UUP,stock,25.3,25.3299,25.27,25.32,1219271,2016-10-18,2016-10-18,69.0001,21.6187,21.4551,21.4777
2016-10-17,UUP,stock,25.33,25.34,25.28,25.3,945154,2016-10-17,2016-10-17,68.3836,21.5915,21.4508,21.4613
2016-10-14,UUP,stock,25.31,25.37,25.27,25.36,689948,2016-10-14,2016-10-14,72.3944,21.5632,21.4467,21.4451
2016-10-13,UUP,stock,25.27,25.3,25.21,25.23,919729,2016-10-13,2016-10-13,68.7011,21.5265,21.4421,21.4260
2016-10-12,UUP,stock,25.31,25.35,25.26,25.32,1502058,2016-10-12,2016-10-12,75.1658,21.4977,21.4385,21.4108
2016-10-11,UUP,stock,25.15,25.28,25.14,25.25,2255994,2016-10-11,2016-10-11,73.3550,21.4578,21.4341,21.3917
2016-10-10,UUP,stock,25.05,25.08,25.0117,25.06,818633,2016-10-10,2016-10-10,67.3557,21.4200,21.4302,21.3744
2016-10-07,UUP,stock,24.97,25.07,24.935,24.96,2114232,2016-10-07,2016-10-07,63.3193,21.3955,21.4280,21.3630
2016-10-06,UUP,stock,24.95,25.03,24.94,25,1200932,2016-10-06,2016-10-06,66.3673,21.3775,21.4266,21.3547
2016-10-05,UUP,stock,24.85,24.91,24.84,24.87,4292531,2016-10-05,2016-10-05,60.6511,21.3540,21.4248,21.3447
2016-10-04,UUP,stock,24.87,24.93,24.78,24.84,1734984,2016-10-04,2016-10-04,59.1639,21.3398,21.4242,21.3388
2016-10-03,UUP,stock,24.7,24.76,24.7,24.73,732529,2016-10-03,2016-10-03,53.1326,21.3269,21.4238,21.3337
2016-09-30,UUP,stock,24.68,24.72,24.64,24.68,1338592,2016-09-30,2016-09-30,50.0168,21.3226,21.4244,21.3324
2016-09-29,UUP,stock,24.71,24.72,24.633,24.69,959118,2016-09-29,2016-09-29,50.6420,21.3225,21.4254,21.3327
2016-09-28,UUP,stock,24.68,24.74,24.65,24.67,259993,2016-09-28,2016-09-28,49.4689,21.3213,21.4263,21.3327
2016-09-27,UUP,stock,24.69,24.72,24.6407,24.65,317165,2016-09-27,2016-09-27,48.3285,21.3219,21.4274,21.3334
2016-09-26,UUP,stock,24.61,24.63,24.5799,24.63,362369,2016-09-26,2016-09-26,47.2224,21.3244,21.4287,21.3348
2016-09-23,UUP,stock,24.71,24.72,24.66,24.68,632208,2016-09-23,2016-09-23,49.6916,21.3290,21.4302,21.3370
2016-09-22,UUP,stock,24.58,24.67,24.56,24.67,1275780,2016-09-22,2016-09-22,49.1983,21.3294,21.4313,21.3375
2016-09-21,UUP,stock,24.8,24.83,24.65,24.7,1220684,2016-09-21,2016-09-21,50.5800,21.3309,21.4324,21.3384
2016-09-20,UUP,stock,24.78,24.82,24.77,24.81,2403448,2016-09-20,2016-09-20,55.9277,21.3298,21.4333,21.3382
2016-09-19,UUP,stock,24.75,24.77,24.718,24.77,2600974,2016-09-19,2016-09-19,54.2961,21.3185,21.4333,21.3342
2016-09-16,UUP,stock,24.78,24.84,24.75,24.83,1459632,2016-09-16,2016-09-16,57.2481,21.3097,21.4336,21.3315
2016-09-15,UUP,stock,24.65,24.685,24.6,24.63,993975,2016-09-15,2016-09-15,48.5977,21.2945,21.4334,21.3265
2016-09-14,UUP,stock,24.7,24.71,24.6001,24.64,413570,2016-09-14,2016-09-14,49.0586,21.2959,21.4349,21.3283
2016-09-13,UUP,stock,24.67,24.73,24.62,24.7,771446,2016-09-13,2016-09-13,51.7953,21.2966,21.4364,21.3299
2016-09-12,UUP,stock,24.64,24.66,24.54,24.6,1337456,2016-09-12,2016-09-12,47.2404,21.2918,21.4373,21.3294
2016-09-09,UUP,stock,24.65,24.7,24.631,24.64,1208116,2016-09-09,2016-09-09,48.9587,21.2957,21.4392,21.3324
2016-09-08,UUP,stock,24.44,24.59,24.42,24.57,1295257,2016-09-08,2016-09-08,45.7524,21.2963,21.4407,21.3342
2016-09-07,UUP,stock,24.5,24.57,24.48,24.54,1175228,2016-09-07,2016-09-07,44.3615,21.3034,21.4428,21.3385
2016-09-06,UUP,stock,24.72,24.73,24.5,24.5,3033404,2016-09-06,2016-09-06,42.5373,21.3139,21.4452,21.3440
2016-09-02,UUP,stock,24.68,24.81,24.67,24.79,2454084,2016-09-02,2016-09-02,54.5852,21.3292,21.4480,21.3511
2016-09-01,UUP,stock,24.85,24.87,24.72,24.73,1397616,2016-09-01,2016-09-01,51.9718,21.3197,21.4483,21.3483
2016-08-31,UUP,stock,24.86,24.87,24.8,24.82,2955843,2016-08-31,2016-08-31,56.5005,21.3146,21.4491,21.3475
2016-08-30,UUP,stock,24.78,24.86,24.77,24.83,4898824,2016-08-30,2016-08-30,57.0131,21.3009,21.4491,21.3435
2016-08-29,UUP,stock,24.76,24.77,24.69,24.7,1152879,2016-08-29,2016-08-29,51.7266,21.2847,21.4491,21.3390
2016-08-26,UUP,stock,24.45,24.71,24.36,24.68,2873893,2016-08-26,2016-08-26,50.8634,21.2787,21.4502,21.3389
2016-08-25,UUP,stock,24.47,24.51,24.46,24.5,987194,2016-08-25,2016-08-25,42.2299,21.2739,21.4514,21.3395
2016-08-24,UUP,stock,24.49,24.54,24.48,24.5,1047415,2016-08-24,2016-08-24,42.2299,21.2850,21.4543,21.3465
2016-08-23,UUP,stock,24.41,24.44,24.392,24.43,1427522,2016-08-23,2016-08-23,38.6132,21.2972,21.4571,21.3538
2016-08-22,UUP,stock,24.46,24.47,24.42,24.45,1017395,2016-08-22,2016-08-22,39.2654,21.3171,21.4606,21.3638
2016-08-19,UUP,stock,24.45,24.46,24.42,24.42,1072220,2016-08-19,2016-08-19,37.8022,21.3373,21.4640,21.3735
2016-08-18,UUP,stock,24.43,24.44,24.32,24.33,1147702,2016-08-18,2016-08-18,33.3275,21.3623,21.4677,21.3847
2016-08-17,UUP,stock,24.53,24.58,24.4307,24.51,1489969,2016-08-17,2016-08-17,38.4670,21.3981,21.4721,21.3995
2016-08-16,UUP,stock,24.56,24.5674,24.48,24.49,1974609,2016-08-16,2016-08-16,37.4721,21.4213,21.4751,21.4085
2016-08-15,UUP,stock,24.73,24.73,24.68,24.71,538965,2016-08-15,2016-08-15,44.8845,21.4488,21.4783,21.4187
2016-08-12,UUP,stock,24.67,24.75,24.655,24.75,745911,2016-08-12,2016-08-12,46.4352,21.4592,21.4796,21.4215
2016-08-11,UUP,stock,24.75,24.7963,24.705,24.79,740501,2016-08-11,2016-08-11,47.9744,21.4670,21.4805,21.4230
2016-08-10,UUP,stock,24.7,24.75,24.691,24.72,1372095,2016-08-10,2016-08-10,45.0126,21.4720,21.4811,21.4231
2016-08-09,UUP,stock,24.9,24.91,24.83,24.85,671678,2016-08-09,2016-08-09,49.9127,21.4840,21.4823,21.4257
2016-08-08,UUP,stock,24.93,24.93,24.9,24.9,601795,2016-08-08,2016-08-08,51.9317,21.4853,21.4825,21.4239
2016-08-05,UUP,stock,24.92,24.96,24.845,24.88,834661,2016-08-05,2016-08-05,51.1985,21.4822,21.4821,21.4202
2016-08-04,UUP,stock,24.74,24.765,24.7201,24.75,349942,2016-08-04,2016-08-04,46.2498,21.4807,21.4820,21.4170
2016-08-03,UUP,stock,24.66,24.71,24.6401,24.71,1458737,2016-08-03,2016-08-03,44.6461,21.4907,21.4830,21.4183
2016-08-02,UUP,stock,24.6,24.61,24.55,24.57,1902555,2016-08-02,2016-08-02,38.7020,21.5055,21.4843,21.4211
2016-08-01,UUP,stock,24.74,24.76,24.71,24.74,705803,2016-08-01,2016-08-01,44.0336,21.5346,21.4869,21.4289
2016-07-29,UUP,stock,24.77,24.785,24.65,24.67,3306179,2016-07-29,2016-07-29,40.9218,21.5513,21.4880,21.4311
2016-07-28,UUP,stock,24.96,25.02,24.93,25.01,1165957,2016-07-28,2016-07-28,54.6187,21.5761,21.4897,21.4358
2016-07-27,UUP,stock,25.14,25.2199,25.005,25.02,1522474,2016-07-27,2016-07-27,55.1226,21.5725,21.4885,21.4287
2016-07-26,UUP,stock,25.12,25.1501,25.08,25.14,1717440,2016-07-26,2016-07-26,61.4385,21.5677,21.4872,21.4210
2016-07-25,UUP,stock,25.2,25.219,25.16,25.17,1383774,2016-07-25,2016-07-25,63.1173,21.5515,21.4848,21.4087
2016-07-22,UUP,stock,25.12,25.23,25.1139,25.21,1118262,2016-07-22,2016-07-22,65.3274,21.5309,21.4822,21.3949
2016-07-21,UUP,stock,25.11,25.155,25.08,25.08,614213,2016-07-21,2016-07-21,61.2305,21.5044,21.4792,21.3790
2016-07-20,UUP,stock,25.16,25.165,25.095,25.12,1111162,2016-07-20,2016-07-20,63.3699,21.4870,21.4773,21.3672
2016-07-19,UUP,stock,25.08,25.13,25.08,25.1,1071193,2016-07-19,2016-07-19,62.7659,21.4641,21.4750,21.3534
2016-07-18,UUP,stock,24.99,24.99,24.9431,24.98,488655,2016-07-18,2016-07-18,58.9992,21.4406,21.4728,21.3398
2016-07-15,UUP,stock,24.94,25,24.9135,24.96,2599343,2016-07-15,2016-07-15,58.3470,21.4256,21.4717,21.3298
2016-07-14,UUP,stock,24.89,24.91,24.848,24.86,884482,2016-07-14,2016-07-14,55.0259,21.4107,21.4708,21.3202
2016-07-13,UUP,stock,24.92,24.93,24.86,24.92,1157010,2016-07-13,2016-07-13,57.5840,21.4035,21.4707,21.3137
2016-07-12,UUP,stock,24.94,24.98,24.914,24.98,659068,2016-07-12,2016-07-12,60.1819,21.3900,21.4701,21.3048
2016-07-11,UUP,stock,24.96,25.02,24.95,25,1126281,2016-07-11,2016-07-11,61.0342,21.3696,21.4689,21.2934
2016-07-08,UUP,stock,24.89,24.9799,24.8701,24.93,1173798,2016-07-08,2016-07-08,59.1542,21.3452,21.4676,21.2808
2016-07-07,UUP,stock,24.85,24.94,24.8338,24.92,548159,2016-07-07,2016-07-07,58.8911,21.3247,21.4669,21.2702
2016-07-06,UUP,stock,24.89,24.99,24.8501,24.86,1914612,2016-07-06,2016-07-06,57.3609,21.3029,21.4662,21.2596
2016-07-05,UUP,stock,24.77,24.93,24.77,24.93,887023,2016-07-05,2016-07-05,59.7711,21.2843,21.4661,21.2506
2016-07-01,UUP,stock,24.73,24.81,24.71,24.76,736517,2016-07-01,2016-07-01,55.5601,21.2573,21.4653,21.2387
2016-06-30,UUP,stock,24.8,24.96,24.78,24.84,2207460,2016-06-30,2016-06-30,58.2233,21.2430,21.4661,21.2324
2016-06-29,UUP,stock,24.8,24.81,24.74,24.79,1328189,2016-06-29,2016-06-29,57.0279,21.2199,21.4661,21.2230
2016-06-28,UUP,stock,24.87,24.967,24.87,24.87,5571935,2016-06-28,2016-06-28,59.5600,21.1989,21.4666,21.2150
2016-06-27,UUP,stock,24.94,25.06,24.93,24.9925,4645604,2016-06-27,2016-06-27,63.5736,21.1684,21.4663,21.2038
2016-06-24,UUP,stock,24.82,24.83,24.6,24.78,5925884,2016-06-24,2016-06-24,59.1381,21.1235,21.4651,21.1879
2016-06-23,UUP,stock,24.13,24.22,24.12,24.15,2862459,2016-06-23,2016-06-23,38.5343,21.0933,21.4656,21.1788
2016-06-22,UUP,stock,24.25,24.31,24.19,24.26,1528841,2016-06-22,2016-06-22,41.9650,21.1172,21.4716,21.1916
2016-06-21,UUP,stock,24.29,24.37,24.29,24.37,812764,2016-06-21,2016-06-21,45.7469,21.1336,21.4768,21.2010
2016-06-20,UUP,stock,24.21,24.2787,24.21,24.25,1573657,2016-06-20,2016-06-20,40.2965,21.1417,21.4810,21.2069
2016-06-17,UUP,stock,24.42,24.4699,24.37,24.39,1038727,2016-06-17,2016-06-17,45.2178,21.1616,21.4863,21.2172
2016-06-16,UUP,stock,24.65,24.72,24.4801,24.5,1753580,2016-06-16,2016-06-16,49.6409,21.1708,21.4904,21.2231
2016-06-15,UUP,stock,24.58,24.58,24.44,24.53,1713828,2016-06-15,2016-06-15,50.9019,21.1710,21.4937,21.2253
2016-06-14,UUP,stock,24.55,24.62,24.55,24.59,1683039,2016-06-14,2016-06-14,53.4220,21.1685,21.4967,21.2265
2016-06-13,UUP,stock,24.5,24.51,24.4,24.44,1033908,2016-06-13,2016-06-13,47.3735,21.1603,21.4992,21.2257
2016-06-10,UUP,stock,24.4,24.5301,24.39,24.5,1867871,2016-06-10,2016-06-10,49.7743,21.1648,21.5030,21.2302
2016-06-09,UUP,stock,24.32,24.36,24.31,24.34,1355187,2016-06-09,2016-06-09,42.5672,21.1644,21.5064,21.2327
2016-06-08,UUP,stock,24.21,24.24,24.18,24.23,1564460,2016-06-08,2016-06-08,36.7754,21.1785,21.5112,21.2409
2016-06-07,UUP,stock,24.31,24.335,24.28,24.3,1145750,2016-06-07,2016-06-07,39.1057,21.2041,21.5169,21.2534
2016-06-06,UUP,stock,24.36,24.39,24.27,24.34,941143,2016-06-06,2016-06-06,40.4663,21.2260,21.5222,21.2639
2016-06-03,UUP,stock,24.41,24.42,24.33,24.34,2995075,2016-06-03,2016-06-03,40.4663,21.2465,21.5271,21.2734
2016-06-02,UUP,stock,24.69,24.7485,24.68,24.73,834682,2016-06-02,2016-06-02,57.1957,21.2693,21.5321,21.2833
2016-06-01,UUP,stock,24.73,24.77,24.69,24.7,1105996,2016-06-01,2016-06-01,55.8932,21.2589,21.5338,21.2799
2016-05-31,UUP,stock,24.77,24.84,24.715,24.84,1067117,2016-05-31,2016-05-31,64.3824,21.2502,21.5357,21.2773
2016-05-27,UUP,stock,24.71,24.8,24.71,24.79,1906264,2016-05-27,2016-05-27,62.4932,21.2279,21.5364,21.2698
2016-05-26,UUP,stock,24.59,24.68,24.58,24.65,1425619,2016-05-26,2016-05-26,56.4934,21.2077,21.5376,21.2637
2016-05-25,UUP,stock,24.75,24.76,24.68,24.69,1408478,2016-05-25,2016-05-25,58.9972,21.1982,21.5400,21.2623
2016-05-24,UUP,stock,24.73,24.775,24.72,24.76,1107740,2016-05-24,2016-05-24,63.5761,21.1840,21.5421,21.2594
2016-05-23,UUP,stock,24.71,24.73,24.63,24.68,1127205,2016-05-23,2016-05-23,60.3068,21.1619,21.5436,21.2539
2016-05-20,UUP,stock,24.66,24.72,24.65,24.69,888027,2016-05-20,2016-05-20,60.9417,21.1448,21.5458,21.2510
2016-05-19,UUP,stock,24.7,24.71,24.643,24.69,2701682,2016-05-19,2016-05-19,60.9417,21.1250,21.5479,21.2477
2016-05-18,UUP,stock,24.55,24.67,24.5,24.65,1650571,2016-05-18,2016-05-18,59.4701,21.1031,21.5501,21.2442
2016-05-17,UUP,stock,24.48,24.49,24.4233,24.48,662546,2016-05-17,2016-05-17,52.3909,21.0826,21.5526,21.2420
2016-05-16,UUP,stock,24.47,24.5,24.44,24.48,554324,2016-05-16,2016-05-16,52.3909,21.0753,21.5567,21.2457
2016-05-13,UUP,stock,24.48,24.56,24.475,24.49,1182379,2016-05-13,2016-05-13,52.8592,21.0673,21.5607,21.2495
2016-05-12,UUP,stock,24.32,24.39,24.2901,24.38,721721,2016-05-12,2016-05-12,48.1230,21.0575,21.5647,21.2532
2016-05-11,UUP,stock,24.34,24.34,24.255,24.29,924918,2016-05-11,2016-05-11,43.8359,21.0567,21.5698,21.2608
2016-05-10,UUP,stock,24.4,24.43,24.35,24.41,1076229,2016-05-10,2016-05-10,48.8322,21.0640,21.5756,21.2720
2016-05-09,UUP,stock,24.37,24.4,24.35,24.39,2404248,2016-05-09,2016-05-09,47.9134,21.0611,21.5805,21.2794
2016-05-06,UUP,stock,24.27,24.345,24.25,24.32,2125765,2016-05-06,2016-05-06,44.6854,21.0598,21.5856,21.2878
2016-05-05,UUP,stock,24.24,24.32,24.23,24.29,1761212,2016-05-05,2016-05-05,43.2867,21.0647,21.5913,21.2990
2016-05-04,UUP,stock,24.13,24.19,24.1,24.17,2895835,2016-05-04,2016-05-04,37.4079,21.0728,21.5974,21.3117
2016-05-03,UUP,stock,23.97,24.1,23.96,24.08,3855261,2016-05-03,2016-05-03,32.5378,21.0928,21.6046,21.3292
2016-05-02,UUP,stock,24.06,24.07,23.97,24.01,3467813,2016-05-02,2016-05-02,28.5212,21.1230,21.6126,21.3505
2016-04-29,UUP,stock,24.12,24.15,24.085,24.1,2024688,2016-04-29,2016-04-29,30.7037,21.1627,21.6213,21.3752
2016-04-28,UUP,stock,24.35,24.37,24.27,24.27,1081616,2016-04-28,2016-04-28,35.4635,21.1984,21.6293,21.3977
2016-04-27,UUP,stock,24.45,24.57,24.38,24.47,1056727,2016-04-27,2016-04-27,42.6940,21.2225,21.6360,21.4152
2016-04-26,UUP,stock,24.42,24.52,24.4,24.5,881690,2016-04-26,2016-04-26,43.9418,21.2308,21.6409,21.4263
2016-04-25,UUP,stock,24.58,24.58,24.52,24.57,676352,2016-04-25,2016-04-25,46.9127,21.2374,21.6457,21.4368
2016-04-22,UUP,stock,24.6,24.669,24.55,24.65,1516256,2016-04-22,2016-04-22,50.5388,21.2382,21.6499,21.4453
2016-04-21,UUP,stock,24.4,24.53,24.39,24.51,1002567,2016-04-21,2016-04-21,43.4339,21.2319,21.6534,21.4513
2016-04-20,UUP,stock,24.4,24.51,24.37,24.51,1428967,2016-04-20,2016-04-20,43.4339,21.2376,21.6582,21.4625
2016-04-19,UUP,stock,24.36,24.3899,24.33,24.37,1030800,2016-04-19,2016-04-19,35.4373,21.2439,21.6630,21.4741
2016-04-18,UUP,stock,24.53,24.53,24.4501,24.49,724914,2016-04-18,2016-04-18,39.9301,21.2636,21.6691,21.4911
2016-04-15,UUP,stock,24.56,24.5672,24.48,24.54,1007651,2016-04-15,2016-04-15,41.9898,21.2745,21.6742,21.5046
2016-04-14,UUP,stock,24.59,24.6265,24.56,24.61,1303922,2016-04-14,2016-04-14,45.0079,21.2820,21.6789,21.5169
2016-04-13,UUP,stock,24.49,24.5799,24.49,24.55,1139769,2016-04-13,2016-04-13,41.6710,21.2839,21.6831,21.5273
2016-04-12,UUP,stock,24.37,24.4536,24.34,24.36,1052805,2016-04-12,2016-04-12,29.0032,21.2915,21.6878,21.5401
2016-04-11,UUP,stock,24.38,24.3839,24.2901,24.36,1338084,2016-04-11,2016-04-11,29.0032,21.3172,21.6943,21.5602
2016-04-08,UUP,stock,24.45,24.475,24.3837,24.42,797668,2016-04-08,2016-04-08,30.8261,21.3455,21.7008,21.5811
2016-04-07,UUP,stock,24.51,24.525,24.45,24.51,932754,2016-04-07,2016-04-07,33.7837,21.3714,21.7068,21.6008
2016-04-06,UUP,stock,24.55,24.56,24.425,24.48,2582136,2016-04-06,2016-04-06,31.7571,21.3918,21.7121,21.6181
2016-04-05,UUP,stock,24.54,24.62,24.49,24.53,1372265,2016-04-05,2016-04-05,33.3361,21.4171,21.7178,21.6371
2016-04-04,UUP,stock,24.49,24.54,24.47,24.51,822738,2016-04-04,2016-04-04,32.0818,21.4405,21.7230,21.6552
2016-04-01,UUP,stock,24.58,24.65,24.5,24.53,1064512,2016-04-01,2016-04-01,32.6523,21.4682,21.7285,21.6747
2016-03-31,UUP,stock,24.5,24.54,24.4443,24.54,1858714,2016-03-31,2016-03-31,32.9241,21.4969,21.7339,21.6943
2016-03-30,UUP,stock,24.63,24.63,24.511,24.58,3034815,2016-03-30,2016-03-30,33.9746,21.5278,21.7392,21.7143
2016-03-29,UUP,stock,24.86,24.89,24.64,24.66,2853496,2016-03-29,2016-03-29,36.1145,21.5584,21.7442,21.7337
2016-03-28,UUP,stock,24.86,24.89,24.84,24.88,856122,2016-03-28,2016-03-28,43.0366,21.5848,21.7486,21.7512
2016-03-24,UUP,stock,24.96,24.97,24.9085,24.93,809381,2016-03-24,2016-03-24,44.8508,21.5940,21.7512,21.7615
2016-03-23,UUP,stock,24.88,24.95,24.875,24.92,1560971,2016-03-23,2016-03-23,44.4157,21.5997,21.7533,21.7706
2016-03-22,UUP,stock,24.78,24.82,24.749,24.79,1180703,2016-03-22,2016-03-22,38.5638,21.6068,21.7555,21.7803
2016-03-21,UUP,stock,24.67,24.735,24.67,24.72,1761890,2016-03-21,2016-03-21,35.1502,21.6266,21.7589,21.7950
2016-03-18,UUP,stock,24.61,24.67,24.57,24.64,2202934,2016-03-18,2016-03-18,31.0867,21.6547,21.7629,21.8128
2016-03-17,UUP,stock,24.6,24.625,24.54,24.58,1744470,2016-03-17,2016-03-17,27.9421,21.6932,21.7677,21.8342
2016-03-16,UUP,stock,25.14,25.17,24.775,24.8,2988251,2016-03-16,2016-03-16,33.0817,21.7411,21.7730,21.8585
2016-03-15,UUP,stock,25.06,25.1,25.039,25.07,944253,2016-03-15,2016-03-15,41.8551,21.7740,21.7765,21.8761
2016-03-14,UUP,stock,25.03,25.0868,24.9885,25.05,1780031,2016-03-14,2016-03-14,40.7748,21.7859,21.7776,21.8849
2016-03-11,UUP,stock,25,25.0299,24.885,24.95,1090949,2016-03-11,2016-03-11,35.1832,21.8008,21.7790,21.8947
2016-03-10,UUP,stock,25.22,25.22,24.89,24.97,1419378,2016-03-10,2016-03-10,35.8111,21.8264,21.7812,21.9084
2016-03-09,UUP,stock,25.31,25.3199,25.15,25.22,637478,2016-03-09,2016-03-09,45.1674,21.8529,21.7832,21.9220
2016-03-08,UUP,stock,25.15,25.2399,25.14,25.21,413596,2016-03-08,2016-03-08,44.6301,21.8594,21.7832,21.9274
2016-03-07,UUP,stock,25.33,25.3376,25.17,25.2,834743,2016-03-07,2016-03-07,44.1216,21.8675,21.7832,21.9333
2016-03-04,UUP,stock,25.3,25.31,25.17,25.25,919073,2016-03-04,2016-03-04,46.0865,21.8774,21.7833,21.9398
2016-03-03,UUP,stock,25.43,25.44,25.29,25.32,933172,2016-03-03,2016-03-03,48.9186,21.8838,21.7829,21.9449
2016-03-02,UUP,stock,25.56,25.575,25.46,25.48,946915,2016-03-02,2016-03-02,56.2560,21.8845,21.7820,21.9476
2016-03-01,UUP,stock,25.51,25.576,25.5,25.5,1250040,2016-03-01,2016-03-01,57.2527,21.8707,21.7796,21.9448
2016-02-29,UUP,stock,25.53,25.53,25.46,25.49,782043,2016-02-29,2016-02-29,56.8982,21.8536,21.7771,21.9413
2016-02-26,UUP,stock,25.38,25.49,25.36,25.44,1476023,2016-02-26,2016-02-26,55.1718,21.8357,21.7746,21.9379
2016-02-25,UUP,stock,25.33,25.35,25.23,25.27,1266973,2016-02-25,2016-02-25,48.6827,21.8204,21.7725,21.9361
2016-02-24,UUP,stock,25.36,25.37,25.2201,25.29,1143818,2016-02-24,2016-02-24,49.4649,21.8189,21.7719,21.9403
2016-02-23,UUP,stock,25.29,25.32,25.235,25.27,588700,2016-02-23,2016-02-23,48.6995,21.8155,21.7711,21.9439
2016-02-22,UUP,stock,25.3,25.31,25.25,25.26,764698,2016-02-22,2016-02-22,48.3362,21.8135,21.7705,21.9484
2016-02-19,UUP,stock,25.19,25.2,25.0601,25.07,2762032,2016-02-19,2016-02-19,40.9593,21.8123,21.7699,21.9534
2016-02-18,UUP,stock,25.2,25.2,25.1,25.14,535835,2016-02-18,2016-02-18,43.0628,21.8282,21.7710,21.9653
2016-02-17,UUP,stock,25.19,25.2,25.1,25.13,688402,2016-02-17,2016-02-17,42.6723,21.8393,21.7715,21.9752
2016-02-16,UUP,stock,25.07,25.17,25.06,25.14,778168,2016-02-16,2016-02-16,42.9458,21.8526,21.7721,21.9859
2016-02-12,UUP,stock,24.94,24.9799,24.89,24.92,1285768,2016-02-12,2016-02-12,34.3487,21.8664,21.7726,21.9967
2016-02-11,UUP,stock,24.77,24.85,24.72,24.81,2049981,2016-02-11,2016-02-11,29.4102,21.9016,21.7750,22.0157
2016-02-10,UUP,stock,24.99,25.11,24.86,24.88,1109022,2016-02-10,2016-02-10,30.7783,21.9506,21.7784,22.0393
2016-02-09,UUP,stock,24.92,24.98,24.8301,24.93,1360416,2016-02-09,2016-02-09,31.7581,21.9983,21.7813,22.0615
2016-02-08,UUP,stock,25.25,25.25,25.0601,25.11,904998,2016-02-08,2016-02-08,35.5404,22.0465,21.7837,22.0827
2016-02-05,UUP,stock,25.19,25.2499,25.14,25.17,1474063,2016-02-05,2016-02-05,36.9007,22.0834,21.7846,22.0985
2016-02-04,UUP,stock,25.07,25.13,25.01,25.06,2113415,2016-02-04,2016-02-04,32.5028,22.1187,21.7849,22.1128
2016-02-03,UUP,stock,25.51,25.51,25.15,25.23,2496889,2016-02-03,2016-02-03,36.1151,22.1678,21.7863,22.1316
2016-02-02,UUP,stock,25.67,25.7292,25.64,25.67,675699,2016-02-02,2016-02-02,49.2773,22.2066,21.7861,22.1452
2016-02-01,UUP,stock,25.75,25.77,25.68,25.69,1233299,2016-02-01,2016-02-01,50.0472,22.2094,21.7822,22.1438
2016-01-29,UUP,stock,25.82,25.92,25.82,25.86,1775208,2016-01-29,2016-01-29,57.0866,22.2107,21.7780,22.1416
2016-01-28,UUP,stock,25.63,25.65,25.55,25.59,1931033,2016-01-28,2016-01-28,45.8549,22.1967,21.7723,22.1333
2016-01-27,UUP,stock,25.69,25.75,25.67,25.71,1386663,2016-01-27,2016-01-27,51.4077,22.2057,21.7689,22.1343
2016-01-26,UUP,stock,25.79,25.795,25.72,25.73,720731,2016-01-26,2016-01-26,52.3896,22.2048,21.7644,22.1310
2016-01-25,UUP,stock,25.79,25.83,25.77,25.78,431868,2016-01-25,2016-01-25,54.8201,22.2020,21.7597,22.1269
2016-01-22,UUP,stock,25.78,25.87,25.76,25.86,1100910,2016-01-22,2016-01-22,58.8785,22.1943,21.7546,22.1209
2016-01-21,UUP,stock,25.84,25.87,25.7,25.72,1752862,2016-01-21,2016-01-21,53.2551,22.1786,21.7486,22.1117
2016-01-20,UUP,stock,25.72,25.77,25.67,25.75,1599110,2016-01-20,2016-01-20,54.7447,22.1739,21.7439,22.1072
2016-01-19,UUP,stock,25.78,25.78,25.68,25.74,1620607,2016-01-19,2016-01-19,54.3495,22.1660,21.7388,22.1014
2016-01-15,UUP,stock,25.58,25.71,25.57,25.69,4286303,2016-01-15,2016-01-15,52.4202,22.1582,21.7338,22.0958
2016-01-14,UUP,stock,25.67,25.785,25.64,25.75,1238828,2016-01-14,2016-01-14,55.0107,22.1541,21.7291,22.0916
2016-01-13,UUP,stock,25.76,25.77,25.68,25.68,1176448,2016-01-13,2016-01-13,52.4659,22.1441,21.7239,22.0852
2016-01-12,UUP,stock,25.71,25.79,25.665,25.72,2911764,2016-01-12,2016-01-12,54.0893,22.1395,21.7192,22.0810
2016-01-11,UUP,stock,25.65,25.69,25.59,25.68,2310321,2016-01-11,2016-01-11,52.7312,22.1307,21.7142,22.0752
2016-01-08,UUP,stock,25.63,25.675,25.56,25.56,2147741,2016-01-08,2016-01-08,48.4859,22.1246,21.7094,22.0706
2016-01-07,UUP,stock,25.66,25.7135,25.5,25.51,4223258,2016-01-07,2016-01-07,46.6314,22.1288,21.7056,22.0700
2016-01-06,UUP,stock,25.86,25.87,25.75,25.77,1032168,2016-01-06,2016-01-06,56.4426,22.1380,21.7022,22.0712
2016-01-05,UUP,stock,25.82,25.9,25.81,25.84,1525050,2016-01-05,2016-01-05,59.5763,22.1245,21.6966,22.0632
2016-01-04,UUP,stock,25.65,25.79,25.63,25.69,1136208,2016-01-04,2016-01-04,54.5559,22.1032,21.6902,22.0525
2015-12-31,UUP,stock,25.59,25.665,25.575,25.65,1500407,2015-12-31,2015-12-31,53.1140,22.0934,21.6851,22.0466
2015-12-30,UUP,stock,25.52,25.58,25.52,25.52,666123,2015-12-30,2015-12-30,48.1492,22.0861,21.6804,22.0418
2015-12-29,UUP,stock,25.53,25.58,25.49,25.52,1025885,2015-12-29,2015-12-29,48.1492,22.0899,21.6766,22.0415
2015-12-28,UUP,stock,25.44,25.46,25.42,25.45,1159580,2015-12-28,2015-12-28,45.4682,22.0941,21.6729,22.0411
2015-12-24,UUP,stock,25.45,25.48,25.43,25.48,834222,2015-12-24,2015-12-24,46.4235,22.1051,21.6697,22.0432
2015-12-23,UUP,stock,25.55,25.63,25.53,25.54,1886959,2015-12-23,2015-12-23,48.3083,22.1145,21.6662,22.0444
2015-12-22,UUP,stock,25.48,25.525,25.45,25.5,1639349,2015-12-22,2015-12-22,46.9756,22.1194,21.6622,22.0434
2015-12-21,UUP,stock,25.61,25.619,25.53,25.54,1357866,2015-12-21,2015-12-21,48.1278,22.1285,21.6585,22.0439
2015-12-18,UUP,stock,25.76,25.76,25.621,25.63,1650208,2015-12-18,2015-12-18,50.7273,22.1350,21.6544,22.0429
2015-12-17,UUP,stock,25.72,25.81,25.681,25.78,2856499,2015-12-17,2015-12-17,55.3545,22.1339,21.6494,22.0387
2015-12-16,UUP,stock,25.51,25.61,25.36,25.54,2429494,2015-12-16,2015-12-16,48.3556,22.1191,21.6431,22.0291
2015-12-15,UUP,stock,25.41,25.55,25.41,25.54,1141930,2015-12-15,2015-12-15,48.3556,22.1245,21.6389,22.0275
2015-12-14,UUP,stock,25.35,25.4,25.2744,25.4,1320343,2015-12-14,2015-12-14,43.9348,22.1305,21.6346,22.0259
2015-12-11,UUP,stock,25.37,25.4199,25.29,25.35,845418,2015-12-11,2015-12-11,42.2968,22.1499,21.6314,22.0291
2015-12-10,UUP,stock,25.4,25.47,25.385,25.45,2889725,2015-12-10,2015-12-10,44.7235,22.1759,21.6287,22.0343
2015-12-09,UUP,stock,25.42,25.44,25.27,25.31,3344389,2015-12-09,2015-12-09,40.2684,22.1955,21.6251,22.0361
2015-12-08,UUP,stock,25.59,25.63,25.57,25.58,1419703,2015-12-08,2015-12-08,47.0608,22.2299,21.6226,22.0429
2015-12-07,UUP,stock,25.7,25.71,25.62,25.66,2440216,2015-12-07,2015-12-07,49.3512,22.2433,21.6178,22.0405
2015-12-04,UUP,stock,25.52,25.65,25.44,25.58,1944585,2015-12-04,2015-12-04,46.9540,22.2509,21.6122,22.0352
2015-12-03,UUP,stock,25.71,25.73,25.38,25.4,6182784,2015-12-03,2015-12-03,41.1327,22.2666,21.6073,22.0325
2015-12-02,UUP,stock,26.07,26.1401,25.99,26.02,1853599,2015-12-02,2015-12-02,63.3778,22.3003,21.6039,22.0360
2015-12-01,UUP,stock,26,26.02,25.94,25.96,1095098,2015-12-01,2015-12-01,61.5071,22.2812,21.5951,22.0178
2015-11-30,UUP,stock,26.08,26.1,26.05,26.08,1890333,2015-11-30,2015-11-30,67.9534,22.2655,21.5867,22.0009
2015-11-27,UUP,stock,26.07,26.07,26.01,26.02,1755627,2015-11-27,2015-11-27,66.3143,22.2372,21.5772,21.9792
2015-11-25,UUP,stock,26.01,26.07,25.93,25.98,875531,2015-11-25,2015-11-25,65.2128,22.2114,21.5681,21.9586
2015-11-24,UUP,stock,25.94,25.97,25.89,25.93,1288147,2015-11-24,2015-11-24,63.8403,22.1865,21.5592,21.9387
2015-11-23,UUP,stock,25.97,26.02,25.9,25.98,1602365,2015-11-23,2015-11-23,66.2680,22.1636,21.5507,21.9197
2015-11-20,UUP,stock,25.8,25.94,25.79,25.94,1627078,2015-11-20,2015-11-20,65.2874,22.1337,21.5417,21.8981
2015-11-19,UUP,stock,25.77,25.82,25.7,25.76,2226866,2015-11-19,2015-11-19,60.4879,22.1043,21.5330,21.8771
2015-11-18,UUP,stock,25.93,25.995,25.89,25.94,3710583,2015-11-18,2015-11-18,69.3978,22.0882,21.5257,21.8616
2015-11-17,UUP,stock,25.93,25.98,25.89,25.94,3042569,2015-11-17,2015-11-17,69.3978,22.0540,21.5168,21.8391
2015-11-16,UUP,stock,25.83,25.9,25.82,25.9,2398861,2015-11-16,2015-11-16,68.5089,22.0162,21.5078,21.8156
2015-11-13,UUP,stock,25.77,25.8364,25.76,25.76,1042185,2015-11-13,2015-11-13,65.2266,21.9781,21.4990,21.7927
2015-11-12,UUP,stock,25.81,25.81,25.63,25.67,5169751,2015-11-12,2015-11-12,62.9195,21.9486,21.4914,21.7737
2015-11-11,UUP,stock,25.79,25.82,25.74,25.78,12430455,2015-11-11,2015-11-11,68.0431,21.9243,21.4845,21.7571
2015-11-10,UUP,stock,25.89,25.91,25.82,25.85,1386830,2015-11-10,2015-11-10,71.4827,21.8874,21.4765,21.7360
2015-11-09,UUP,stock,25.86,25.86,25.74,25.78,2125700,2015-11-09,2015-11-09,70.0782,21.8403,21.4679,21.7115
2015-11-06,UUP,stock,25.83,25.87,25.79,25.83,3477092,2015-11-06,2015-11-06,72.4447,21.7945,21.4598,21.6885
2015-11-05,UUP,stock,25.52,25.55,25.4913,25.53,2320029,2015-11-05,2015-11-05,66.0587,21.7394,21.4512,21.6628
2015-11-04,UUP,stock,25.44,25.54,25.43,25.51,2291176,2015-11-04,2015-11-04,65.5647,21.7058,21.4451,21.6467
2015-11-03,UUP,stock,25.33,25.385,25.3,25.3,1132686,2015-11-03,2015-11-03,59.8696,21.6705,21.4391,21.6306
2015-11-02,UUP,stock,25.18,25.2595,25.18,25.23,713541,2015-11-02,2015-11-02,57.7044,21.6505,21.4348,21.6212
2015-10-30,UUP,stock,25.25,25.28,25.15,25.25,1029432,2015-10-30,2015-10-30,58.5424,21.6348,21.4312,21.6139
2015-10-29,UUP,stock,25.43,25.4301,25.3201,25.34,847672,2015-10-29,2015-10-29,62.3243,21.6157,21.4273,21.6056
2015-10-28,UUP,stock,25.19,25.47,25.1,25.45,1547614,2015-10-28,2015-10-28,67.2552,21.5863,21.4226,21.5938
2015-10-27,UUP,stock,25.23,25.26,25.19,25.24,428322,2015-10-27,2015-10-27,61.9134,21.5439,21.4169,21.5777
2015-10-26,UUP,stock,25.29,25.29,25.185,25.22,457727,2015-10-26,2015-10-26,61.3559,21.5160,21.4130,21.5683
2015-10-23,UUP,stock,25.22,25.32,25.21,25.3,1556648,2015-10-23,2015-10-23,64.8836,21.4871,21.4092,21.5592
2015-10-22,UUP,stock,24.97,25.1,24.97,25.09,1042418,2015-10-22,2015-10-22,59.1601,21.4479,21.4046,21.5469
2015-10-21,UUP,stock,24.7,24.74,24.69,24.73,973235,2015-10-21,2015-10-21,44.8520,21.4236,21.4019,21.5415
2015-10-20,UUP,stock,24.67,24.72,24.65,24.7,696408,2015-10-20,2015-10-20,43.3153,21.4295,21.4022,21.5486
2015-10-19,UUP,stock,24.69,24.74,24.675,24.72,657544,2015-10-19,2015-10-19,44.0756,21.4387,21.4028,21.5571
2015-10-16,UUP,stock,24.62,24.6799,24.5901,24.65,851831,2015-10-16,2015-10-16,40.6923,21.4471,21.4033,21.5652
2015-10-15,UUP,stock,24.59,24.63,24.52,24.61,891493,2015-10-15,2015-10-15,38.7253,21.4628,21.4043,21.5760
2015-10-14,UUP,stock,24.56,24.6,24.43,24.45,1267543,2015-10-14,2015-10-14,30.1166,21.4837,21.4057,21.5888
2015-10-13,UUP,stock,24.7,24.72,24.66,24.66,819860,2015-10-13,2015-10-13,36.3388,21.5214,21.4086,21.6077
2015-10-12,UUP,stock,24.69,24.7,24.65,24.7,1162843,2015-10-12,2015-10-12,37.7170,21.5439,21.4096,21.6200
2015-10-09,UUP,stock,24.73,24.75,24.67,24.72,1041490,2015-10-09,2015-10-09,38.3931,21.5652,21.4103,21.6313
2015-10-08,UUP,stock,24.89,24.9101,24.75,24.84,1499457,2015-10-08,2015-10-08,42.6527,21.5870,21.4108,21.6424
2015-10-07,UUP,stock,24.88,24.9399,24.86,24.9,965491,2015-10-07,2015-10-07,44.9692,21.6000,21.4103,21.6498
2015-10-06,UUP,stock,25.01,25.01,24.86,24.87,697564,2015-10-06,2015-10-06,43.5457,21.6091,21.4092,21.6553
2015-10-05,UUP,stock,25,25.07,24.98,25.04,1415066,2015-10-05,2015-10-05,50.4066,21.6217,21.4084,21.6621
2015-10-02,UUP,stock,24.86,25.03,24.82,25.03,1398636,2015-10-02,2015-10-02,49.9761,21.6203,21.4061,21.6632
2015-10-01,UUP,stock,25.11,25.11,25.02,25.09,1220472,2015-10-01,2015-10-01,52.5159,21.6196,21.4039,21.6647
2015-09-30,UUP,stock,25.1,25.15,25.09,25.1,821110,2015-09-30,2015-09-30,52.9323,21.6134,21.4011,21.6641
2015-09-29,UUP,stock,25.09,25.09,24.98,25.01,620217,2015-09-29,2015-09-29,49.5927,21.6056,21.3983,21.6632
2015-09-28,UUP,stock,25.17,25.18,25.01,25.05,1812137,2015-09-28,2015-09-28,51.0887,21.6052,21.3961,21.6654
2015-09-25,UUP,stock,25.14,25.16,25.08,25.08,626695,2015-09-25,2015-09-25,52.1850,21.6012,21.3937,21.6662
2015-09-24,UUP,stock,25,25.05,24.9,25.04,1780892,2015-09-24,2015-09-24,50.8799,21.5939,21.3909,21.6661
2015-09-23,UUP,stock,25.14,25.17,25.06,25.12,526875,2015-09-23,2015-09-23,53.5966,21.5895,21.3884,21.6673
2015-09-22,UUP,stock,25.08,25.16,25.06,25.12,1691251,2015-09-22,2015-09-22,53.5966,21.5774,21.3852,21.6658
2015-09-21,UUP,stock,24.94,25.05,24.915,25.01,746163,2015-09-21,2015-09-21,50.4606,21.5641,21.3820,21.6642
2015-09-18,UUP,stock,24.6,24.88,24.6,24.86,1347188,2015-09-18,2015-09-18,45.8246,21.5593,21.3798,21.6665
2015-09-17,UUP,stock,24.82,24.88,24.61,24.61,2143480,2015-09-17,2015-09-17,36.6495,21.5676,21.3787,21.6741
2015-09-16,UUP,stock,24.91,24.9176,24.83,24.87,909046,2015-09-16,2015-09-16,43.8157,21.5996,21.3799,21.6908
2015-09-15,UUP,stock,24.87,24.97,24.855,24.94,780752,2015-09-15,2015-09-15,46.0676,21.6113,21.3788,21.6991
2015-09-14,UUP,stock,24.84,24.91,24.84,24.84,667324,2015-09-14,2015-09-14,42.1216,21.6179,21.3771,21.7052
2015-09-11,UUP,stock,24.94,24.95,24.83,24.83,679586,2015-09-11,2015-09-11,41.7257,21.6342,21.3762,21.7151
2015-09-10,UUP,stock,25.03,25.07,24.901,24.94,1149462,2015-09-10,2015-09-10,44.8600,21.6532,21.3755,21.7258
2015-09-09,UUP,stock,25.14,25.17,25.04,25.04,1448884,2015-09-09,2015-09-09,47.8973,21.6642,21.3737,21.7330
2015-09-08,UUP,stock,25.08,25.09,25.011,25.04,602024,2015-09-08,2015-09-08,47.8973,21.6672,21.3711,21.7370
2015-09-04,UUP,stock,25.16,25.22,25.08,25.13,1014993,2015-09-04,2015-09-04,50.5534,21.6705,21.3684,21.7411
2015-09-03,UUP,stock,25.19,25.23,25.13,25.16,2175676,2015-09-03,2015-09-03,51.4362,21.6660,21.3650,21.7423
2015-09-02,UUP,stock,25.03,25.06,25.0001,25.04,864922,2015-09-02,2015-09-02,48.0675,21.6583,21.3612,21.7424
2015-09-01,UUP,stock,24.96,25.01,24.89,24.91,1700600,2015-09-01,2015-09-01,44.1719,21.6608,21.3584,21.7468
2015-08-31,UUP,stock,25.02,25.14,25.02,25.06,1488980,2015-08-31,2015-08-31,48.0324,21.6752,21.3568,21.7559
2015-08-28,UUP,stock,25,25.16,25,25.1,1192052,2015-08-28,2015-08-28,49.0948,21.6776,21.3538,21.7601
2015-08-27,UUP,stock,25.01,25.07,24.95,25.02,9085485,2015-08-27,2015-08-27,46.9141,21.6766,21.3505,21.7631
2015-08-26,UUP,stock,24.77,24.89,24.675,24.86,4857728,2015-08-26,2015-08-26,42.3256,21.6828,21.3478,21.7690
2015-08-25,UUP,stock,24.57,24.74,24.56,24.56,3267610,2015-08-25,2015-08-25,32.1088,21.7041,21.3464,21.7808
2015-08-24,UUP,stock,24.22,24.5101,24.2,24.39,4701473,2015-08-24,2015-08-24,25.1300,21.7550,21.3477,21.8037
2015-08-21,UUP,stock,24.89,24.93,24.76,24.8,5819936,2015-08-21,2015-08-21,32.6451,21.8267,21.3505,21.8335
2015-08-20,UUP,stock,25.11,25.153,25.03,25.04,3300657,2015-08-20,2015-08-20,38.9817,21.8687,21.3497,21.8500
2015-08-19,UUP,stock,25.35,25.3543,25.165,25.18,1373285,2015-08-19,2015-08-19,43.5617,21.8932,21.3468,21.8588
2015-08-18,UUP,stock,25.36,25.36,25.31,25.34,567100,2015-08-18,2015-08-18,49.7669,21.9076,21.3427,21.8630
2015-08-17,UUP,stock,25.22,25.33,25.22,25.28,865816,2015-08-17,2015-08-17,47.1452,21.9090,21.3372,21.8617
2015-08-14,UUP,stock,25.2,25.26,25.15,25.24,5183191,2015-08-14,2015-08-14,45.3806,21.9160,21.3321,21.8624
2015-08-13,UUP,stock,25.23,25.28,25.17,25.17,1704863,2015-08-13,2015-08-13,42.2472,21.9273,21.3273,21.8646
2015-08-12,UUP,stock,25.19,25.19,25.06,25.13,2714867,2015-08-12,2015-08-12,40.4341,21.9462,21.3231,21.8694
2015-08-11,UUP,stock,25.33,25.45,25.32,25.4,5032728,2015-08-11,2015-08-11,50.3400,21.9708,21.3191,21.8758
2015-08-10,UUP,stock,25.53,25.54,25.36,25.4,1613740,2015-08-10,2015-08-10,50.3400,21.9733,21.3128,21.8729
2015-08-07,UUP,stock,25.67,25.69,25.49,25.52,1993196,2015-08-07,2015-08-07,55.5558,21.9762,21.3065,21.8699
2015-08-06,UUP,stock,25.62,25.62,25.54,25.56,1835586,2015-08-06,2015-08-06,57.3965,21.9684,21.2990,21.8625
2015-08-05,UUP,stock,25.6,25.6835,25.55,25.61,884187,2015-08-05,2015-08-05,59.6922,21.9561,21.2911,21.8535
2015-08-04,UUP,stock,25.48,25.63,25.44,25.62,1009470,2015-08-04,2015-08-04,60.1389,21.9381,21.2827,21.8423
2015-08-03,UUP,stock,25.46,25.51,25.43,25.49,1996514,2015-08-03,2015-08-03,56.1804,21.9172,21.2741,21.8303
2015-07-31,UUP,stock,25.22,25.4562,25.199,25.43,1651153,2015-07-31,2015-07-31,54.2325,21.9059,21.2666,21.8224
2015-07-30,UUP,stock,25.5,25.5762,25.5,25.51,2260957,2015-07-30,2015-07-30,57.3911,21.8989,21.2595,21.8162
2015-07-29,UUP,stock,25.31,25.4368,25.2,25.41,1706941,2015-07-29,2015-07-29,54.3018,21.8839,21.2516,21.8070
2015-07-28,UUP,stock,25.33,25.35,25.27,25.27,2007154,2015-07-28,2015-07-28,49.5464,21.8764,21.2445,21.8010
2015-07-27,UUP,stock,25.23,25.26,25.18,25.25,5693198,2015-07-27,2015-07-27,48.8402,21.8808,21.2386,21.7996
2015-07-24,UUP,stock,25.51,25.51,25.41,25.45,743383,2015-07-24,2015-07-24,56.1365,21.8876,21.2328,21.7989
2015-07-23,UUP,stock,25.49,25.49,25.38,25.41,3809957,2015-07-23,2015-07-23,54.8848,21.8768,21.2252,21.7911
2015-07-22,UUP,stock,25.54,25.59,25.51,25.51,1785019,2015-07-22,2015-07-22,58.7786,21.8686,21.2179,21.7845
2015-07-21,UUP,stock,25.59,25.6,25.405,25.45,2840426,2015-07-21,2015-07-21,57.0822,21.8504,21.2096,21.7740
2015-07-20,UUP,stock,25.65,25.66,25.58,25.63,2512669,2015-07-20,2015-07-20,64.4734,21.8357,21.2017,21.7652
2015-07-17,UUP,stock,25.57,25.62,25.57,25.62,1151710,2015-07-17,2015-07-17,64.2345,21.8031,21.1923,21.7497
2015-07-16,UUP,stock,25.56,25.57,25.46,25.56,2288961,2015-07-16,2015-07-16,62.8423,21.7680,21.1828,21.7339
2015-07-15,UUP,stock,25.39,25.47,25.39,25.42,1598625,2015-07-15,2015-07-15,59.4200,21.7347,21.1737,21.7195
2015-07-14,UUP,stock,25.24,25.33,25.24,25.31,611986,2015-07-14,2015-07-14,56.4967,21.7106,21.1658,21.7096
2015-07-13,UUP,stock,25.29,25.36,25.2601,25.35,1643472,2015-07-13,2015-07-13,57.9053,21.6939,21.1587,21.7031
2015-07-10,UUP,stock,25.04,25.1699,25.03,25.1,2044147,2015-07-10,2015-07-10,50.7843,21.6719,21.1512,21.6949
2015-07-09,UUP,stock,25.22,25.34,25.21,25.28,3374945,2015-07-09,2015-07-09,57.2604,21.6703,21.1458,21.6952
2015-07-08,UUP,stock,25.22,25.28,25.1784,25.2,1298356,2015-07-08,2015-07-08,54.8862,21.6521,21.1388,21.6892
2015-07-07,UUP,stock,25.44,25.46,25.25,25.3,3096957,2015-07-07,2015-07-07,58.6691,21.6393,21.1324,21.6857
2015-07-06,UUP,stock,25.29,25.29,25.151,25.22,1954761,2015-07-06,2015-07-06,56.4387,21.6161,21.1251,21.6786
2015-07-02,UUP,stock,25.18,25.19,25.12,25.17,3496775,2015-07-02,2015-07-02,55.0304,21.5977,21.1184,21.6740
2015-07-01,UUP,stock,25.16,25.25,25.12,25.23,2330209,2015-07-01,2015-07-01,57.0870,21.5819,21.1121,21.6710
2015-06-30,UUP,stock,24.91,25.07,24.9049,25.03,7634074,2015-06-30,2015-06-30,51.4738,21.5590,21.1052,21.6658
2015-06-29,UUP,stock,25.03,25.056,24.8025,24.86,3794053,2015-06-29,2015-06-29,45.8871,21.5519,21.1000,21.6674
2015-06-26,UUP,stock,25.03,25.0695,24.96,25,1349399,2015-06-26,2015-06-26,50.3169,21.5595,21.0961,21.6750
2015-06-25,UUP,stock,24.95,24.98,24.92,24.93,2613479,2015-06-25,2015-06-25,47.9856,21.5551,21.0911,21.6781
2015-06-24,UUP,stock,25.01,25.03,24.93,24.97,1201063,2015-06-24,2015-06-24,49.2108,21.5566,21.0866,21.6837
2015-06-23,UUP,stock,25.05,25.06,24.94,25.02,2062323,2015-06-23,2015-06-23,50.7139,21.5547,21.0817,21.6881
2015-06-22,UUP,stock,24.67,24.748,24.605,24.73,4484754,2015-06-22,2015-06-22,41.0102,21.5481,21.0763,21.6910
2015-06-19,UUP,stock,24.68,24.71,24.64,24.68,1866053,2015-06-19,2015-06-19,39.0903,21.5670,21.0733,21.7042
2015-06-18,UUP,stock,24.55,24.695,24.54,24.62,3449439,2015-06-18,2015-06-18,36.7982,21.5926,21.0708,21.7197
2015-06-17,UUP,stock,24.87,24.97,24.665,24.7,3489328,2015-06-17,2015-06-17,38.5965,21.6263,21.0688,21.7379
2015-06-16,UUP,stock,24.92,24.9699,24.89,24.92,2510212,2015-06-16,2015-06-16,44.0995,21.6563,21.0660,21.7541
2015-06-15,UUP,stock,25.01,25.01,24.86,24.87,3983747,2015-06-15,2015-06-15,42.3653,21.6694,21.0614,21.7632
2015-06-12,UUP,stock,24.99,25.01,24.84,24.89,1882307,2015-06-12,2015-06-12,42.8592,21.6884,21.0571,21.7744
2015-06-11,UUP,stock,24.99,25.045,24.8901,24.91,2166774,2015-06-11,2015-06-11,43.3282,21.7076,21.0526,21.7854
2015-06-10,UUP,stock,24.8,24.9101,24.791,24.84,3695613,2015-06-10,2015-06-10,41.2383,21.7270,21.0478,21.7961
2015-06-09,UUP,stock,25.05,25.09,24.95,24.98,1720810,2015-06-09,2015-06-09,44.2702,21.7549,21.0437,21.8097
2015-06-08,UUP,stock,25.17,25.19,24.99,25.01,2181902,2015-06-08,2015-06-08,44.9274,21.7729,21.0382,21.8189
2015-06-05,UUP,stock,25.44,25.46,25.26,25.3,9123687,2015-06-05,2015-06-05,51.8350,21.7901,21.0325,21.8275
2015-06-04,UUP,stock,25.06,25.1,24.965,25.08,2653690,2015-06-04,2015-06-04,45.9848,21.7828,21.0242,21.8261
2015-06-03,UUP,stock,25.21,25.21,25.02,25.05,2798067,2015-06-03,2015-06-03,45.1411,21.7946,21.0177,21.8325
2015-06-02,UUP,stock,25.29,25.3,25.1301,25.22,2612996,2015-06-02,2015-06-02,49.1836,21.8105,21.0114,21.8402
2015-06-01,UUP,stock,25.49,25.67,25.47,25.61,1924190,2015-06-01,2015-06-01,60.7783,21.8125,21.0036,21.8422
2015-05-29,UUP,stock,25.49,25.53,25.42,25.46,1380590,2015-05-29,2015-05-29,57.1724,21.7793,20.9923,21.8306
2015-05-28,UUP,stock,25.61,25.67,25.47,25.5,2598535,2015-05-28,2015-05-28,58.5043,21.7563,20.9821,21.8237
2015-05-27,UUP,stock,25.67,25.68,25.5335,25.57,2553493,2015-05-27,2015-05-27,60.8060,21.7272,20.9716,21.8152
2015-05-26,UUP,stock,25.53,25.59,25.49,25.56,3438292,2015-05-26,2015-05-26,60.6004,21.6886,20.9603,21.8038
2015-05-22,UUP,stock,25.22,25.3,25.22,25.28,2198466,2015-05-22,2015-05-22,54.3771,21.6469,20.9490,21.7924
2015-05-21,UUP,stock,25.06,25.09,25.02,25.05,1373498,2015-05-21,2015-05-21,48.1275,21.6263,20.9400,21.7903
2015-05-20,UUP,stock,25.11,25.17,25.035,25.09,3120729,2015-05-20,2015-05-20,49.2163,21.6245,20.9330,21.7963
2015-05-19,UUP,stock,25.06,25.09,25.01,25.04,2874914,2015-05-19,2015-05-19,47.8468,21.6188,20.9255,21.8011
2015-05-18,UUP,stock,24.63,24.77,24.63,24.75,1648872,2015-05-18,2015-05-18,38.9858,21.6170,20.9183,21.8078
2015-05-15,UUP,stock,24.66,24.68,24.47,24.51,2638405,2015-05-15,2015-05-15,29.8229,21.6414,20.9136,21.8251
2015-05-14,UUP,stock,24.5,24.64,24.5,24.55,2641321,2015-05-14,2015-05-14,30.5326,21.6903,20.9110,21.8515
2015-05-13,UUP,stock,24.68,24.699,24.56,24.63,3241196,2015-05-13,2015-05-13,31.9442,21.7406,20.9080,21.8776
2015-05-12,UUP,stock,24.85,24.86,24.78,24.85,1658056,2015-05-12,2015-05-12,36.2203,21.7890,20.9042,21.9020
2015-05-11,UUP,stock,25.01,25.02,24.95,24.99,1624200,2015-05-11,2015-05-11,39.3314,21.8224,20.8985,21.9196
2015-05-08,UUP,stock,24.87,24.99,24.85,24.91,2066765,2015-05-08,2015-05-08,36.4343,21.8467,20.8915,21.9329
2015-05-07,UUP,stock,24.85,24.93,24.83,24.88,5211286,2015-05-07,2015-05-07,35.3594,21.8807,20.8852,21.9496
2015-05-06,UUP,stock,24.83,24.85,24.69,24.75,4300308,2015-05-06,2015-05-06,30.6401,21.9211,20.8790,21.9681
2015-05-05,UUP,stock,25.1,25.14,24.9799,25.03,4566841,2015-05-05,2015-05-05,35.8791,21.9776,20.8740,21.9919
2015-05-04,UUP,stock,25.07,25.14,25.07,25.1,1788818,2015-05-04,2015-05-04,37.3620,22.0145,20.8664,22.0068
2015-05-01,UUP,stock,24.91,25.1,24.88,25.03,3059807,2015-05-01,2015-05-01,34.8620,22.0489,20.8581,22.0199
2015-04-30,UUP,stock,25.07,25.1,24.86,24.91,4334072,2015-04-30,2015-04-30,30.4428,22.0934,20.8504,22.0359
2015-04-29,UUP,stock,25.13,25.14,24.9,25.06,6270949,2015-04-29,2015-04-29,33.0450,22.1534,20.8437,22.0568
2015-04-28,UUP,stock,25.39,25.39,25.25,25.28,3006578,2015-04-28,2015-04-28,37.3988,22.2061,20.8355,22.0733
2015-04-27,UUP,stock,25.53,25.56,25.38,25.44,2261839,2015-04-27,2015-04-27,41.0513,22.2443,20.8254,22.0828
2015-04-24,UUP,stock,25.52,25.63,25.48,25.52,2295708,2015-04-24,2015-04-24,43.0012,22.2721,20.8138,22.0869
2015-04-23,UUP,stock,25.79,25.81,25.57,25.62,1236606,2015-04-23,2015-04-23,45.5103,22.2954,20.8014,22.0884
2015-04-22,UUP,stock,25.77,25.84,25.76,25.81,693600,2015-04-22,2015-04-22,50.7330,22.3122,20.7879,22.0864
2015-04-21,UUP,stock,25.89,25.9,25.7,25.81,1709932,2015-04-21,2015-04-21,50.7330,22.3134,20.7727,22.0777
2015-04-20,UUP,stock,25.78,25.82,25.73,25.78,1430542,2015-04-20,2015-04-20,49.9511,22.3147,20.7574,22.0686
2015-04-17,UUP,stock,25.72,25.73,25.61,25.63,1840491,2015-04-17,2015-04-17,45.9696,22.3189,20.7421,22.0602
2015-04-16,UUP,stock,25.78,25.88,25.62,25.69,2882383,2015-04-16,2015-04-16,47.3692,22.3372,20.7280,22.0567
2015-04-15,UUP,stock,26.01,26.1,25.86,25.89,1838835,2015-04-15,2015-04-15,52.2979,22.3519,20.7133,22.0510
2015-04-14,UUP,stock,26.02,26.02,25.9,26.01,1565520,2015-04-14,2015-04-14,55.5162,22.3500,20.6966,22.0380
2015-04-13,UUP,stock,26.22,26.24,26.17,26.21,3787627,2015-04-13,2015-04-13,61.3598,22.3370,20.6788,22.0202
2015-04-10,UUP,stock,26.17,26.22,26.12,26.17,2372829,2015-04-10,2015-04-10,60.5894,22.3045,20.6590,21.9946
2015-04-09,UUP,stock,25.91,26.14,25.89,26.11,5820756,2015-04-09,2015-04-09,59.4637,22.2721,20.6394,21.9694
2015-04-08,UUP,stock,25.65,25.8699,25.65,25.84,1595937,2015-04-08,2015-04-08,53.9696,22.2418,20.6201,21.9453
2015-04-07,UUP,stock,25.72,25.81,25.6501,25.8,3336417,2015-04-07,2015-04-07,53.0951,22.2329,20.6029,21.9298
2015-04-06,UUP,stock,25.4,25.6,25.36,25.51,4332513,2015-04-06,2015-04-06,46.2158,22.2267,20.5859,21.9150
2015-04-02,UUP,stock,25.7,25.73,25.65,25.71,2079786,2015-04-02,2015-04-02,51.0064,22.2462,20.5713,21.9098
2015-04-01,UUP,stock,25.86,25.9799,25.835,25.91,1786994,2015-04-01,2015-04-01,56.4390,22.2495,20.5548,21.8974
2015-03-31,UUP,stock,25.98,26,25.79,25.9,2205256,2015-03-31,2015-03-31,56.2225,22.2351,20.5364,21.8774
2015-03-30,UUP,stock,25.8,25.87,25.75,25.86,2087317,2015-03-30,2015-03-30,55.3993,22.2200,20.5179,21.8570
2015-03-27,UUP,stock,25.67,25.7,25.56,25.66,1464568,2015-03-27,2015-03-27,51.1326,22.2069,20.4995,21.8371
2015-03-26,UUP,stock,25.49,25.715,25.46,25.64,1953853,2015-03-26,2015-03-26,50.6946,22.2107,20.4827,21.8235
2015-03-25,UUP,stock,25.47,25.57,25.47,25.55,5765987,2015-03-25,2015-03-25,48.7762,22.2167,20.4659,21.8100
2015-03-24,UUP,stock,25.56,25.6799,25.56,25.62,1700082,2015-03-24,2015-03-24,50.1865,22.2315,20.4497,21.7991
2015-03-23,UUP,stock,25.58,25.68,25.52,25.54,4321773,2015-03-23,2015-03-23,48.6097,22.2415,20.4328,21.7853
2015-03-20,UUP,stock,25.88,25.94,25.69,25.82,5947131,2015-03-20,2015-03-20,54.1839,22.2598,20.4163,21.7738
2015-03-19,UUP,stock,26.09,26.23,26.07,26.17,3046605,2015-03-19,2015-03-19,62.5033,22.2546,20.3973,21.7520
2015-03-18,UUP,stock,26.3,26.3,25.77,25.78,6037484,2015-03-18,2015-03-18,55.4212,22.2170,20.3751,21.7169
2015-03-17,UUP,stock,26.22,26.3099,26.18,26.3,2263489,2015-03-17,2015-03-17,72.3365,22.2109,20.3560,21.6941
2015-03-16,UUP,stock,26.32,26.36,26.22,26.29,3027999,2015-03-16,2015-03-16,72.1849,22.1568,20.3322,21.6521
2015-03-13,UUP,stock,26.3,26.5,26.3,26.49,3128069,2015-03-13,2015-03-13,80.3637,22.0980,20.3082,21.6087
2015-03-12,UUP,stock,26.19,26.27,26.15,26.22,2784540,2015-03-12,2015-03-12,77.1130,22.0149,20.2823,21.5564
2015-03-11,UUP,stock,26.25,26.4,26.2116,26.36,3921596,2015-03-11,2015-03-11,83.7919,21.9475,20.2584,21.5116
2015-03-10,UUP,stock,25.98,26.08,25.9,26.07,4272765,2015-03-10,2015-03-10,80.5519,21.8603,20.2331,21.4600
2015-03-09,UUP,stock,25.78,25.83,25.75,25.8,2286277,2015-03-09,2015-03-09,76.4887,21.7903,20.2101,21.4165
2015-03-06,UUP,stock,25.75,25.82,25.75,25.8,3305992,2015-03-06,2015-03-06,76.4887,21.7374,20.1892,21.3808
2015-03-05,UUP,stock,25.48,25.54,25.43,25.49,1929529,2015-03-05,2015-03-05,70.3578,21.6791,20.1680,21.3436
2015-03-04,UUP,stock,25.3,25.41,25.3,25.37,1635692,2015-03-04,2015-03-04,67.2920,21.6427,20.1494,21.3158
2015-03-03,UUP,stock,25.22,25.25,25.15,25.24,1175121,2015-03-03,2015-03-03,63.4938,21.6135,20.1316,21.2911
2015-03-02,UUP,stock,25.19,25.26,25.16,25.25,2238595,2015-03-02,2015-03-02,64.0248,21.5930,20.1147,21.2700
2015-02-27,UUP,stock,25.2,25.23,25.145,25.2,2502928,2015-02-27,2015-02-27,62.5714,21.5694,20.0976,21.2477
2015-02-26,UUP,stock,25.09,25.22,25.08,25.19,1625166,2015-02-26,2015-02-26,62.2884,21.5479,20.0808,21.2262
2015-02-25,UUP,stock,24.95,25.03,24.91,24.93,1103997,2015-02-25,2015-02-25,53.8687,21.5251,20.0639,21.2042
2015-02-24,UUP,stock,25.04,25.12,24.9701,24.98,1096330,2015-02-24,2015-02-24,56.1055,21.5235,20.0490,21.1905
2015-02-23,UUP,stock,25.01,25.06,24.99,25.03,2062096,2015-02-23,2015-02-23,58.3557,21.5172,20.0336,21.1744
2015-02-20,UUP,stock,25.06,25.08,24.875,24.96,1902489,2015-02-20,2015-02-20,56.0650,21.5056,20.0176,21.1560
2015-02-19,UUP,stock,24.94,24.98,24.92,24.98,523776,2015-02-19,2015-02-19,56.8953,21.4992,20.0020,21.1392
2015-02-18,UUP,stock,24.92,25.02,24.86,24.89,1736227,2015-02-18,2015-02-18,54.0520,21.4904,19.9861,21.1211
2015-02-17,UUP,stock,24.87,24.95,24.86,24.88,754001,2015-02-17,2015-02-17,53.7372,21.4887,19.9709,21.1054
2015-02-13,UUP,stock,24.89,24.93,24.85,24.91,1038845,2015-02-13,2015-02-13,54.7829,21.4878,19.9555,21.0894
2015-02-12,UUP,stock,25,25.02,24.8701,24.92,1878613,2015-02-12,2015-02-12,55.1149,21.4841,19.9398,21.0717
2015-02-11,UUP,stock,25.1,25.18,25.09,25.16,2328702,2015-02-11,2015-02-11,63.7201,21.4791,19.9238,21.0529
2015-02-10,UUP,stock,25.07,25.1,25.04,25.07,1133848,2015-02-10,2015-02-10,61.6343,21.4518,19.9055,21.0249
2015-02-09,UUP,stock,25.05,25.06,24.98,25.04,1661761,2015-02-09,2015-02-09,60.9391,21.4297,19.8879,20.9989
2015-02-06,UUP,stock,25,25.09,24.98,25.06,2861876,2015-02-06,2015-02-06,61.6304,21.4080,19.8703,20.9730
2015-02-05,UUP,stock,24.85,24.87,24.73,24.76,922904,2015-02-05,2015-02-05,54.4307,21.3823,19.8524,20.9452
2015-02-04,UUP,stock,24.85,24.95,24.85,24.94,1158625,2015-02-04,2015-02-04,60.7854,21.3811,19.8369,20.9269
2015-02-03,UUP,stock,24.91,24.93,24.69,24.79,4196767,2015-02-03,2015-02-03,56.8909,21.3634,19.8197,20.9015
2015-02-02,UUP,stock,25.1,25.11,25.02,25.08,1816059,2015-02-02,2015-02-02,69.2346,21.3575,19.8036,20.8804
2015-01-30,UUP,stock,25.13,25.16,25.095,25.13,1740924,2015-01-30,2015-01-30,71.7262,21.3247,19.7849,20.8482
2015-01-29,UUP,stock,25.06,25.19,25,25.1,1564488,2015-01-29,2015-01-29,71.1477,21.2838,19.7655,20.8129
2015-01-28,UUP,stock,24.99,25.1,24.94,25.08,1987048,2015-01-28,2015-01-28,70.7775,21.2413,19.7462,20.7772
2015-01-27,UUP,stock,24.96,25,24.85,24.93,2282438,2015-01-27,2015-01-27,67.9107,21.1962,19.7268,20.7407
2015-01-26,UUP,stock,25.2,25.2,25.1101,25.17,2516604,2015-01-26,2015-01-26,79.4979,21.1599,19.7086,20.7081
2015-01-23,UUP,stock,25.2,25.21,25.06,25.21,2381721,2015-01-23,2015-01-23,81.6541,21.0981,19.6881,20.6657
2015-01-22,UUP,stock,24.76,25.01,24.69,24.99,3542673,2015-01-22,2015-01-22,78.7042,21.0260,19.6671,20.6201
2015-01-21,UUP,stock,24.5,24.68,24.43,24.62,2895508,2015-01-21,2015-01-21,71.5638,20.9664,19.6477,20.5804
2015-01-20,UUP,stock,24.61,24.7,24.6,24.69,1526868,2015-01-20,2015-01-20,76.0430,20.9342,19.6314,20.5522
2015-01-16,UUP,stock,24.6,24.74,24.55,24.59,3106112,2015-01-16,2015-01-16,73.8738,20.8922,19.6143,20.5203
2015-01-15,UUP,stock,24.43,24.58,24.4,24.48,2587517,2015-01-15,2015-01-15,71.2112,20.8549,19.5979,20.4906
2015-01-14,UUP,stock,24.36,24.43,24.34,24.4,1373066,2015-01-14,2015-01-14,69.0834,20.8237,19.5823,20.4637
2015-01-13,UUP,stock,24.47,24.5,24.41,24.45,1003610,2015-01-13,2015-01-13,72.1795,20.7965,19.5672,20.4384
2015-01-12,UUP,stock,24.43,24.44,24.36,24.38,1938690,2015-01-12,2015-01-12,70.4584,20.7618,19.5515,20.4104
2015-01-09,UUP,stock,24.5,24.504,24.36,24.38,2319969,2015-01-09,2015-01-09,70.4584,20.7299,19.5363,20.3836
2015-01-08,UUP,stock,24.49,24.5,24.42,24.49,1685495,2015-01-08,2015-01-08,76.9051,20.6946,19.5209,20.3558
2015-01-07,UUP,stock,24.43,24.47,24.3438,24.39,2383566,2015-01-07,2015-01-07,74.9720,20.6456,19.5045,20.3230
2015-01-06,UUP,stock,24.3,24.31,24.19,24.3,2262695,2015-01-06,2015-01-06,73.0896,20.6006,19.4887,20.2923
2015-01-05,UUP,stock,24.31,24.31,24.22,24.25,2855503,2015-01-05,2015-01-05,72.0033,20.5589,19.4736,20.2636
2015-01-02,UUP,stock,24.12,24.2,24.11,24.2,1887518,2015-01-02,2015-01-02,70.9130,20.5175,19.4587,20.2355
2014-12-31,UUP,stock,23.92,23.9763,23.9,23.97,2858789,2014-12-31,2014-12-31,65.1093,20.4762,19.4441,20.2080
2014-12-30,UUP,stock,23.86,23.89,23.84,23.89,1883167,2014-12-30,2014-12-30,62.7059,20.4515,19.4314,20.1874
2014-12-29,UUP,stock,23.88,23.97,23.86,23.95,923971,2014-12-29,2014-12-29,65.8657,20.4315,19.4192,20.1689
2014-12-26,UUP,stock,23.88,23.9099,23.88,23.89,400390,2014-12-26,2014-12-26,64.1901,20.4039,19.4064,20.1475
2014-12-24,UUP,stock,23.87,23.88,23.85,23.88,231542,2014-12-24,2014-12-24,63.9160,20.3788,19.3940,20.1273
2014-12-23,UUP,stock,23.91,23.91,23.8665,23.91,876088,2014-12-23,2014-12-23,65.3087,20.3521,19.3815,20.1067
2014-12-22,UUP,stock,23.77,23.81,23.73,23.79,1002039,2014-12-22,2014-12-22,62.2538,20.3197,19.3687,20.0841
2014-12-19,UUP,stock,23.67,23.78,23.64,23.77,1562619,2014-12-19,2014-12-19,61.7323,20.2949,19.3568,20.0649
2014-12-18,UUP,stock,23.68,23.71,23.65,23.67,1398141,2014-12-18,2014-12-18,59.1092,20.2693,19.3449,20.0456
2014-12-17,UUP,stock,23.39,23.64,23.37,23.6,2199523,2014-12-17,2014-12-17,57.2024,20.2502,19.3338,20.0290
2014-12-16,UUP,stock,23.28,23.39,23.27,23.31,1392628,2014-12-16,2014-12-16,47.8468,20.2353,19.3231,20.0142
2014-12-15,UUP,stock,23.47,23.5,23.4013,23.48,1093660,2014-12-15,2014-12-15,54.3092,20.2453,19.3149,20.0090
2014-12-12,UUP,stock,23.41,23.47,23.38,23.43,1318484,2014-12-12,2014-12-12,52.5592,20.2408,19.3051,19.9977
2014-12-11,UUP,stock,23.52,23.56,23.5,23.51,2236827,2014-12-11,2014-12-11,55.7305,20.2405,19.2957,19.9876
2014-12-10,UUP,stock,23.5,23.52,23.4,23.42,979783,2014-12-10,2014-12-10,52.7524,20.2328,19.2855,19.9743
2014-12-09,UUP,stock,23.51,23.56,23.39,23.55,1616220,2014-12-09,2014-12-09,57.9842,20.2325,19.2759,19.9636
2014-12-08,UUP,stock,23.71,23.73,23.6,23.66,1889463,2014-12-08,2014-12-08,62.8845,20.2203,19.2652,19.9480
2014-12-05,UUP,stock,23.68,23.75,23.679,23.71,976673,2014-12-05,2014-12-05,65.2105,20.1969,19.2533,19.9277
2014-12-04,UUP,stock,23.55,23.57,23.42,23.53,2189639,2014-12-04,2014-12-04,60.3019,20.1664,19.2409,19.9050
2014-12-03,UUP,stock,23.62,23.635,23.591,23.62,1289852,2014-12-03,2014-12-03,64.5291,20.1491,19.2300,19.8876
2014-12-02,UUP,stock,23.5,23.55,23.48,23.545,883990,2014-12-02,2014-12-02,62.4946,20.1218,19.2181,19.8663
2014-12-01,UUP,stock,23.34,23.37,23.31,23.36,755596,2014-12-01,2014-12-01,56.8222,20.0984,19.2068,19.8468
2014-11-28,UUP,stock,23.36,23.47,23.36,23.47,652277,2014-11-28,2014-11-28,61.9994,20.0895,19.1970,19.8331
2014-11-26,UUP,stock,23.3,23.31,23.2334,23.28,1043069,2014-11-26,2014-11-26,55.4958,20.0695,19.1861,19.8149
2014-11-25,UUP,stock,23.43,23.43,23.32,23.35,2760218,2014-11-25,2014-11-25,58.9472,20.0648,19.1768,19.8026
2014-11-24,UUP,stock,23.46,23.46,23.39,23.4,647140,2014-11-24,2014-11-24,61.4833,20.0531,19.1668,19.7874
2014-11-21,UUP,stock,23.39,23.48,23.39,23.46,1371811,2014-11-21,2014-11-21,64.5793,20.0357,19.1562,19.7698
2014-11-20,UUP,stock,23.26,23.32,23.235,23.27,1938908,2014-11-20,2014-11-20,58.4231,20.0111,19.1450,19.7494
2014-11-19,UUP,stock,23.26,23.31,23.2,23.3,1783750,2014-11-19,2014-11-19,59.9508,20.0011,19.1353,19.7349
2014-11-18,UUP,stock,23.26,23.3,23.245,23.26,2395450,2014-11-18,2014-11-18,58.6108,19.9873,19.1253,19.7187
2014-11-17,UUP,stock,23.32,23.37,23.32,23.37,940175,2014-11-17,2014-11-17,64.0861,19.9757,19.1155,19.7032
2014-11-14,UUP,stock,23.43,23.44,23.214,23.25,1879473,2014-11-14,2014-11-14,60.3323,19.9529,19.1047,19.6832
2014-11-13,UUP,stock,23.3,23.34,23.28,23.31,1127032,2014-11-13,2014-11-13,63.4094,19.9386,19.0948,19.6667
2014-11-12,UUP,stock,23.28,23.36,23.25,23.33,881494,2014-11-12,2014-11-12,64.4265,19.9173,19.0843,19.6473
2014-11-11,UUP,stock,23.34,23.36,23.2,23.25,1471150,2014-11-11,2014-11-11,62.1729,19.8920,19.0735,19.6265
2014-11-10,UUP,stock,23.24,23.3472,23.23,23.34,3801417,2014-11-10,2014-11-10,66.5790,19.8712,19.0633,19.6076
2014-11-07,UUP,stock,23.36,23.37,23.24,23.27,2449311,2014-11-07,2014-11-07,64.7761,19.8402,19.0522,19.5848
2014-11-06,UUP,stock,23.31,23.42,23.3,23.41,2041459,2014-11-06,2014-11-06,71.9880,19.8122,19.0417,19.5635
2014-11-05,UUP,stock,23.28,23.29,23.22,23.25,1306901,2014-11-05,2014-11-05,68.2349,19.7685,19.0297,19.5364
2014-11-04,UUP,stock,23.19,23.2,23.09,23.14,961911,2014-11-04,2014-11-04,65.2638,19.7348,19.0191,19.5139
2014-11-03,UUP,stock,23.18,23.23,23.165,23.2,3115766,2014-11-03,2014-11-03,68.5093,19.7075,19.0093,19.4943
2014-10-31,UUP,stock,23.15,23.17,23.07,23.09,2494417,2014-10-31,2014-10-31,65.5968,19.6719,18.9989,19.4718
2014-10-30,UUP,stock,22.9,22.91,22.85,22.91,1385074,2014-10-30,2014-10-30,59.9714,19.6426,18.9893,19.4523
2014-10-29,UUP,stock,22.68,22.87,22.63,22.85,4131250,2014-10-29,2014-10-29,57.8375,19.6266,18.9812,19.4383
2014-10-28,UUP,stock,22.67,22.715,22.66,22.68,824872,2014-10-28,2014-10-28,50.9593,19.6143,18.9736,19.4258
2014-10-27,UUP,stock,22.76,22.7695,22.6999,22.72,1045401,2014-10-27,2014-10-27,52.8428,19.6162,18.9673,19.4189
2014-10-24,UUP,stock,22.77,22.7999,22.7301,22.78,760623,2014-10-24,2014-10-24,55.7108,19.6147,18.9606,19.4102
2014-10-23,UUP,stock,22.8,22.85,22.8,22.82,1654863,2014-10-23,2014-10-23,57.6477,19.6075,18.9534,19.3991
2014-10-22,UUP,stock,22.78,22.8199,22.7601,22.8,1199505,2014-10-22,2014-10-22,56.9528,19.5960,18.9457,19.3861
2014-10-21,UUP,stock,22.64,22.7,22.64,22.7,975874,2014-10-21,2014-10-21,53.4034,19.5850,18.9381,19.3733
2014-10-20,UUP,stock,22.65,22.65,22.57,22.58,632515,2014-10-20,2014-10-20,48.6892,19.5820,18.9313,19.3635
2014-10-17,UUP,stock,22.6,22.6695,22.59,22.66,774879,2014-10-17,2014-10-17,51.9423,19.5896,18.9255,19.3575
2014-10-16,UUP,stock,22.64,22.68,22.53,22.59,2590009,2014-10-16,2014-10-16,49.1836,19.5907,18.9190,19.3485
2014-10-15,UUP,stock,22.61,22.686,22.45,22.59,3995248,2014-10-15,2014-10-15,49.1836,19.5983,18.9129,19.3415
2014-10-14,UUP,stock,22.8,22.85,22.77,22.83,1088179,2014-10-14,2014-10-14,59.2360,19.6067,18.9068,19.3343
2014-10-13,UUP,stock,22.74,22.78,22.72,22.73,1278143,2014-10-13,2014-10-13,55.7357,19.5941,18.8986,19.3183
2014-10-10,UUP,stock,22.84,22.87,22.802,22.86,5000885,2014-10-10,2014-10-10,62.1811,19.5894,18.8912,19.3052
2014-10-09,UUP,stock,22.69,22.79,22.66,22.75,2343342,2014-10-09,2014-10-09,58.4014,19.5723,18.8825,19.2870
2014-10-08,UUP,stock,22.79,22.85,22.66,22.68,5304323,2014-10-08,2014-10-08,55.7905,19.5634,18.8747,19.2719
2014-10-07,UUP,stock,22.8,22.86,22.75,22.78,1793909,2014-10-07,2014-10-07,60.8574,19.5599,18.8675,19.2587
2014-10-06,UUP,stock,23.01,23.02,22.78,22.82,2433402,2014-10-06,2014-10-06,62.9819,19.5470,18.8593,19.2414
2014-10-03,UUP,stock,23.02,23.08,23.01,23.08,4528062,2014-10-03,2014-10-03,79.7955,19.5291,18.8507,19.2219
2014-10-02,UUP,stock,22.77,22.84,22.73,22.78,2002047,2014-10-02,2014-10-02,71.7013,19.4856,18.8397,19.1926
2014-10-01,UUP,stock,22.89,22.91,22.82,22.85,2711231,2014-10-01,2014-10-01,78.5165,19.4649,18.8312,19.1726
2014-09-30,UUP,stock,22.91,22.91,22.85,22.87,2182528,2014-09-30,2014-09-30,80.5477,19.4356,18.8221,19.1493
2014-09-29,UUP,stock,22.77,22.8,22.75,22.78,1324270,2014-09-29,2014-09-29,78.1901,19.4014,18.8126,19.1243
2014-09-26,UUP,stock,22.73,22.81,22.72,22.8,1207715,2014-09-26,2014-09-26,80.1957,19.3718,18.8039,19.1015
2014-09-25,UUP,stock,22.72,22.73,22.645,22.67,4432644,2014-09-25,2014-09-25,76.5679,19.3372,18.7949,19.0771
2014-09-24,UUP,stock,22.61,22.65,22.6,22.63,1746783,2014-09-24,2014-09-24,75.2738,19.3109,18.7869,19.0563
2014-09-23,UUP,stock,22.49,22.56,22.47,22.53,702892,2014-09-23,2014-09-23,71.6375,19.2854,18.7792,19.0360
2014-09-22,UUP,stock,22.55,22.5899,22.53,22.53,1221088,2014-09-22,2014-09-22,71.6375,19.2663,18.7723,19.0184
2014-09-19,UUP,stock,22.5,22.57,22.5,22.55,4859200,2014-09-19,2014-09-19,73.5015,19.2452,18.7653,19.0001
2014-09-18,UUP,stock,22.47,22.49,22.42,22.43,1146700,2014-09-18,2014-09-18,69.0086,19.2201,18.7581,18.9804
2014-09-17,UUP,stock,22.37,22.55,22.36,22.53,2058700,2014-09-17,2014-09-17,79.4301,19.2032,18.7518,18.9640
2014-09-16,UUP,stock,22.42,22.43,22.33,22.39,1488200,2014-09-16,2014-09-16,74.4052,19.1755,18.7447,18.9435
2014-09-15,UUP,stock,22.43,22.44,22.41,22.43,917700,2014-09-15,2014-09-15,79.5616,19.1575,18.7386,18.9271
2014-09-12,UUP,stock,22.46,22.48,22.38,22.43,633100,2014-09-12,2014-09-12,79.5616,19.1341,18.7322,18.9086
2014-09-11,UUP,stock,22.42,22.46,22.41,22.45,622200,2014-09-11,2014-09-11,82.0118,19.1082,18.7257,18.8894
2014-09-10,UUP,stock,22.47,22.47,22.42,22.43,758500,2014-09-10,2014-09-10,81.4823,19.0777,18.7189,18.8686
2014-09-09,UUP,stock,22.48,22.49,22.38,22.39,1404100,2014-09-09,2014-09-09,80.4113,19.0459,18.7123,18.8477
2014-09-08,UUP,stock,22.36,22.47,22.345,22.43,1138800,2014-09-08,2014-09-08,84.9748,19.0143,18.7059,18.8274
2014-09-05,UUP,stock,22.3,22.32,22.26,22.3,763300,2014-09-05,2014-09-05,81.8696,18.9758,18.6991,18.8048
2014-09-04,UUP,stock,22.19,22.3367,22.19,22.3,1796000,2014-09-04,2014-09-04,81.8696,18.9450,18.6934,18.7859
2014-09-03,UUP,stock,22.07,22.09,22.06,22.07,884600,2014-09-03,2014-09-03,73.5220,18.9110,18.6876,18.7663
2014-09-02,UUP,stock,22.11,22.1172,22.08,22.09,2210600,2014-09-02,2014-09-02,76.3609,18.8944,18.6838,18.7539
2014-08-29,UUP,stock,21.99,22.04,21.95,22.02,756000,2014-08-29,2014-08-29,72.9687,18.8741,18.6797,18.7403
2014-08-28,UUP,stock,22.02,22.02,21.96,21.97,561700,2014-08-28,2014-08-28,70.1253,18.8582,18.6763,18.7287
2014-08-27,UUP,stock,21.99,21.9999,21.95,21.97,1081800,2014-08-27,2014-08-27,70.1253,18.8450,18.6732,18.7183
2014-08-26,UUP,stock,21.98,22.04,21.97,22.02,969600,2014-08-26,2014-08-26,77.1200,18.8305,18.6701,18.7075
2014-08-25,UUP,stock,22,22,21.97,22,496600,2014-08-25,2014-08-25,76.2397,18.8100,18.6665,18.6945
2014-08-22,UUP,stock,21.89,21.97,21.89,21.94,1079100,2014-08-22,2014-08-22,73.3875,18.7890,18.6631,18.6817
2014-08-21,UUP,stock,21.91,21.92,21.88,21.89,306600,2014-08-21,2014-08-21,70.6623,18.7714,18.6601,18.6704
2014-08-20,UUP,stock,21.85,21.93,21.85,21.92,885900,2014-08-20,2014-08-20,74.9377,18.7564,18.6576,18.6605
2014-08-19,UUP,stock,21.8,21.83,21.795,21.82,342200,2014-08-19,2014-08-19,69.1626,18.7371,18.6547,18.6491
2014-08-18,UUP,stock,21.71,21.75,21.71,21.74,194800,2014-08-18,2014-08-18,62.7939,18.7249,18.6527,18.6408
2014-08-15,UUP,stock,21.71,21.7299,21.69,21.7,418100,2014-08-15,2014-08-15,58.8479,18.7186,18.6514,18.6349
2014-08-14,UUP,stock,21.72,21.76,21.7,21.74,439400,2014-08-14,2014-08-14,65.2764,18.7154,18.6504,18.6302
2014-08-13,UUP,stock,21.72,21.775,21.7135,21.75,306000,2014-08-13,2014-08-13,66.9748,18.7081,18.6491,18.6240
2014-08-12,UUP,stock,21.74,21.76,21.72,21.73,320800,2014-08-12,2014-08-12,65.2980,18.6992,18.6476,18.6171
2014-08-11,UUP,stock,21.71,21.7201,21.71,21.71,169900,2014-08-11,2014-08-11,63.5809,18.6912,18.6463,18.6106
2014-08-08,UUP,stock,21.72,21.72,21.66,21.7,904000,2014-08-08,2014-08-08,62.7246,18.6842,18.6452,18.6046
2014-08-07,UUP,stock,21.74,21.79,21.74,21.75,1517300,2014-08-07,2014-08-07,70.4113,18.6773,18.6442,18.5987
2014-08-06,UUP,stock,21.78,21.78,21.71,21.72,1290300,2014-08-06,2014-08-06,68.2431,18.6651,18.6427,18.5907
2014-08-05,UUP,stock,21.74,21.7699,21.73,21.75,529100,2014-08-05,2014-08-05,73.2258,18.6544,18.6414,18.5836
2014-08-04,UUP,stock,21.69,21.7,21.68,21.7,787500,2014-08-04,2014-08-04,69.8149,18.6399,18.6399,18.5750
2014-08-01,UUP,stock,21.7,21.72,21.65,21.71,1786300,2014-08-01,2014-08-01,71.5067,18.6283,18.6388,18.5679
2014-07-31,UUP,stock,21.73,21.74,21.7101,21.74,820900,2014-07-31,2014-07-31,76.6830,18.6147,18.6376,18.5601
2014-07-30,UUP,stock,21.73,21.75,21.69,21.71,3327900,2014-07-30,2014-07-30,75.0027,18.5968,18.6361,18.5510
2014-07-29,UUP,stock,21.64,21.67,21.64,21.66,293700,2014-07-29,2014-07-29,71.8649,18.5798,18.6349,18.5425
2014-07-28,UUP,stock,21.62,21.62,21.6,21.62,176500,2014-07-28,2014-07-28,68.9716,18.5656,18.6341,18.5355
2014-07-25,UUP,stock,21.61,21.63,21.59,21.62,337800,2014-07-25,2014-07-25,68.9716,18.5535,18.6336,18.5296
2014-07-24,UUP,stock,21.56,21.58,21.56,21.58,216500,2014-07-24,2014-07-24,65.9526,18.5402,18.6332,18.5234
2014-07-23,UUP,stock,21.53,21.57,21.53,21.55,2365200,2014-07-23,2014-07-23,63.4779,18.5290,18.6330,18.5184
2014-07-22,UUP,stock,21.53,21.56,21.53,21.54,436200,2014-07-22,2014-07-22,62.6373,18.5195,18.6332,18.5143
2014-07-21,UUP,stock,21.48,21.5,21.47,21.47,3294900,2014-07-21,2014-07-21,56.0643,18.5098,18.6334,18.5103
2014-07-18,UUP,stock,21.51,21.52,21.47,21.48,1315700,2014-07-18,2014-07-18,57.4040,18.5055,18.6342,18.5087
2014-07-17,UUP,stock,21.48,21.495,21.46,21.48,862100,2014-07-17,2014-07-17,57.4040,18.4998,18.6350,18.5066
2014-07-16,UUP,stock,21.49,21.49,21.47,21.49,591700,2014-07-16,2014-07-16,58.6115,18.4936,18.6357,18.5044
2014-07-15,UUP,stock,21.38,21.45,21.37,21.44,595600,2014-07-15,2014-07-15,54.1317,18.4857,18.6364,18.5018
2014-07-14,UUP,stock,21.39,21.39,21.37,21.37,307200,2014-07-14,2014-07-14,46.6206,18.4816,18.6375,18.5009
2014-07-11,UUP,stock,21.38,21.4,21.37,21.38,373800,2014-07-11,2014-07-11,47.6558,18.4834,18.6393,18.5024
2014-07-10,UUP,stock,21.37,21.39,21.36,21.37,695100,2014-07-10,2014-07-10,46.5539,18.4845,18.6409,18.5036
2014-07-09,UUP,stock,21.38,21.4,21.33,21.34,1009400,2014-07-09,2014-07-09,43.2242,18.4866,18.6427,18.5052
2014-07-08,UUP,stock,21.4,21.4,21.37,21.39,274300,2014-07-08,2014-07-08,47.8364,18.4917,18.6448,18.5079
2014-07-07,UUP,stock,21.41,21.41,21.39,21.4,219800,2014-07-07,2014-07-07,48.8035,18.4927,18.6464,18.5090
2014-07-03,UUP,stock,21.4,21.42,21.3874,21.39,352800,2014-07-03,2014-07-03,47.8240,18.4930,18.6480,18.5097
2014-07-02,UUP,stock,21.33,21.33,21.31,21.31,191300,2014-07-02,2014-07-02,39.1799,18.4941,18.6497,18.5109
2014-07-01,UUP,stock,21.28,21.2926,21.27,21.27,367700,2014-07-01,2014-07-01,34.1118,18.5027,18.6520,18.5149
2014-06-30,UUP,stock,21.33,21.331,21.26,21.26,900200,2014-06-30,2014-06-30,32.8121,18.5159,18.6548,18.5205
2014-06-27,UUP,stock,21.38,21.38,21.34,21.34,275400,2014-06-27,2014-06-27,38.4457,18.5313,18.6577,18.5266
2014-06-26,UUP,stock,21.43,21.45,21.4,21.41,362800,2014-06-26,2014-06-26,44.6784,18.5411,18.6599,18.5302
2014-06-25,UUP,stock,21.39,21.41,21.375,21.4,229300,2014-06-25,2014-06-25,43.4626,18.5455,18.6615,18.5315
2014-06-24,UUP,stock,21.41,21.465,21.41,21.42,467300,2014-06-24,2014-06-24,45.3120,18.5513,18.6632,18.5332
2014-06-23,UUP,stock,21.43,21.45,21.4,21.4,1338500,2014-06-23,2014-06-23,43.0622,18.5559,18.6648,18.5342
2014-06-20,UUP,stock,21.47,21.475,21.44,21.44,606700,2014-06-20,2014-06-20,46.6244,18.5628,18.6665,18.5360
2014-06-19,UUP,stock,21.41,21.45,21.39,21.43,1804200,2014-06-19,2014-06-19,45.5793,18.5668,18.6679,18.5365
2014-06-18,UUP,stock,21.5,21.53,21.46,21.47,461600,2014-06-18,2014-06-18,49.1539,18.5721,18.6695,18.5373
2014-06-17,UUP,stock,21.53,21.54,21.51,21.54,633900,2014-06-17,2014-06-17,56.3330,18.5743,18.6707,18.5368
2014-06-16,UUP,stock,21.5,21.51,21.477,21.48,465900,2014-06-16,2014-06-16,50.5891,18.5704,18.6713,18.5337
2014-06-13,UUP,stock,21.52,21.5567,21.52,21.54,876400,2014-06-13,2014-06-13,57.6280,18.5716,18.6724,18.5327
2014-06-12,UUP,stock,21.55,21.56,21.52,21.54,4938800,2014-06-12,2014-06-12,57.6280,18.5674,18.6730,18.5295
2014-06-11,UUP,stock,21.55,21.59,21.55,21.59,200500,2014-06-11,2014-06-11,64.0293,18.5628,18.6736,18.5261
2014-06-10,UUP,stock,21.57,21.6,21.56,21.59,393900,2014-06-10,2014-06-10,64.0293,18.5532,18.6738,18.5209
2014-06-09,UUP,stock,21.54,21.57,21.51,21.55,1982400,2014-06-09,2014-06-09,61.0444,18.5425,18.6740,18.5154
2014-06-06,UUP,stock,21.49,21.51,21.47,21.47,363900,2014-06-06,2014-06-06,53.9473,18.5343,18.6745,18.5112
2014-06-05,UUP,stock,21.6,21.6,21.45,21.46,599300,2014-06-05,2014-06-05,52.9525,18.5326,18.6758,18.5096
2014-06-04,UUP,stock,21.52,21.56,21.52,21.55,503600,2014-06-04,2014-06-04,64.6188,18.5316,18.6771,18.5082
2014-06-03,UUP,stock,21.5,21.53,21.495,21.53,191700,2014-06-03,2014-06-03,62.9337,18.5223,18.6777,18.5037
2014-06-02,UUP,stock,21.53,21.55,21.5,21.55,1003500,2014-06-02,2014-06-02,65.8458,18.5139,18.6785,18.4996
2014-05-30,UUP,stock,21.47,21.495,21.46,21.47,248900,2014-05-30,2014-05-30,58.7575,18.5027,18.6790,18.4947
2014-05-29,UUP,stock,21.51,21.53,21.4701,21.52,384000,2014-05-29,2014-05-29,66.8037,18.4976,18.6803,18.4924
2014-05-28,UUP,stock,21.52,21.53,21.51,21.53,1722800,2014-05-28,2014-05-28,68.5469,18.4875,18.6812,18.4883
2014-05-27,UUP,stock,21.48,21.5098,21.47,21.47,330200,2014-05-27,2014-05-27,63.1961,18.4754,18.6820,18.4836
2014-05-23,UUP,stock,21.49,21.5,21.47,21.48,639100,2014-05-23,2014-05-23,64.9050,18.4674,18.6833,18.4809
2014-05-22,UUP,stock,21.46,21.46,21.437,21.44,217700,2014-05-22,2014-05-22,60.9867,18.4577,18.6846,18.4777
2014-05-21,UUP,stock,21.44,21.47,21.4,21.4,864300,2014-05-21,2014-05-21,56.4742,18.4507,18.6862,18.4757
2014-05-20,UUP,stock,21.4,21.41,21.39,21.4,420800,2014-05-20,2014-05-20,56.4742,18.4465,18.6881,18.4751
2014-05-19,UUP,stock,21.37,21.39,21.3501,21.39,201900,2014-05-19,2014-05-19,55.3613,18.4419,18.6901,18.4745
2014-05-16,UUP,stock,21.38,21.41,21.38,21.39,358700,2014-05-16,2014-05-16,55.3613,18.4377,18.6922,18.4742
2014-05-15,UUP,stock,21.44,21.45,21.37,21.39,427900,2014-05-15,2014-05-15,55.3613,18.4330,18.6943,18.4739
2014-05-14,UUP,stock,21.42,21.42,21.398,21.41,385000,2014-05-14,2014-05-14,57.7249,18.4279,18.6965,18.4736
2014-05-13,UUP,stock,21.39,21.44,21.39,21.42,278500,2014-05-13,2014-05-13,58.8922,18.4204,18.6984,18.4726
2014-05-12,UUP,stock,21.33,21.37,21.33,21.37,381800,2014-05-12,2014-05-12,54.6325,18.4113,18.7004,18.4711
2014-05-09,UUP,stock,21.31,21.37,21.3099,21.35,553000,2014-05-09,2014-05-09,52.8165,18.4057,18.7027,18.4714
2014-05-08,UUP,stock,21.2,21.24,21.19,21.22,880100,2014-05-08,2014-05-08,37.7852,18.4013,18.7053,18.4724
2014-05-07,UUP,stock,21.15,21.18,21.15,21.17,802800,2014-05-07,2014-05-07,29.7979,18.4083,18.7090,18.4780
2014-05-06,UUP,stock,21.16,21.165,21.14,21.16,581200,2014-05-06,2014-05-06,28.0832,18.4206,18.7132,18.4856
2014-05-05,UUP,stock,21.25,21.26,21.2401,21.26,238000,2014-05-05,2014-05-05,36.3208,18.4351,18.7175,18.4939
2014-05-02,UUP,stock,21.35,21.3516,21.25,21.27,330900,2014-05-02,2014-05-02,37.3378,18.4420,18.7210,18.4990
2014-05-01,UUP,stock,21.27,21.2775,21.25,21.27,598500,2014-05-01,2014-05-01,37.3378,18.4487,18.7245,18.5039
2014-04-30,UUP,stock,21.28,21.3,21.25,21.28,545500,2014-04-30,2014-04-30,38.2616,18.4562,18.7280,18.5091
2014-04-29,UUP,stock,21.33,21.36,21.33,21.34,133800,2014-04-29,2014-04-29,44.3788,18.4635,18.7314,18.5140
2014-04-28,UUP,stock,21.29,21.3399,21.29,21.32,243500,2014-04-28,2014-04-28,41.4830,18.4661,18.7344,18.5171
2014-04-25,UUP,stock,21.33,21.34,21.31,21.34,285800,2014-04-25,2014-04-25,43.5903,18.4709,18.7375,18.5210
2014-04-24,UUP,stock,21.39,21.39,21.34,21.34,467800,2014-04-24,2014-04-24,43.5903,18.4743,18.7405,18.5244
2014-04-23,UUP,stock,21.36,21.37,21.325,21.37,107500,2014-04-23,2014-04-23,46.6557,18.4781,18.7435,18.5279
2014-04-22,UUP,stock,21.36,21.3988,21.3513,21.37,177300,2014-04-22,2014-04-22,46.6557,18.4795,18.7463,18.5305
2014-04-21,UUP,stock,21.36,21.4,21.36,21.39,160300,2014-04-21,2014-04-21,48.6212,18.4811,18.7492,18.5332
2014-04-17,UUP,stock,21.32,21.37,21.31,21.37,243900,2014-04-17,2014-04-17,46.5295,18.4810,18.7519,18.5353
2014-04-16,UUP,stock,21.35,21.37,21.34,21.37,192500,2014-04-16,2014-04-16,46.5295,18.4828,18.7548,18.5382
2014-04-15,UUP,stock,21.36,21.38,21.3201,21.35,431100,2014-04-15,2014-04-15,44.5843,18.4847,18.7577,18.5412
2014-04-14,UUP,stock,21.34,21.3499,21.32,21.33,358200,2014-04-14,2014-04-14,42.6469,18.4887,18.7608,18.5451
2014-04-11,UUP,stock,21.27,21.27,21.24,21.27,549600,2014-04-11,2014-04-11,36.4584,18.4949,18.7641,18.5498
2014-04-10,UUP,stock,21.29,21.295,21.225,21.26,776400,2014-04-10,2014-04-10,35.3793,18.5072,18.7680,18.5568
2014-04-09,UUP,stock,21.34,21.36,21.27,21.27,782400,2014-04-09,2014-04-09,35.9462,18.5217,18.7720,18.5644
2014-04-08,UUP,stock,21.36,21.38,21.33,21.35,1182400,2014-04-08,2014-04-08,40.8026,18.5368,18.7760,18.5720
2014-04-07,UUP,stock,21.5,21.51,21.4715,21.49,294700,2014-04-07,2014-04-07,52.2803,18.5462,18.7793,18.5771
2014-04-04,UUP,stock,21.55,21.59,21.53,21.54,658500,2014-04-04,2014-04-04,57.6592,18.5439,18.7814,18.5775
2014-04-03,UUP,stock,21.56,21.5799,21.545,21.56,363600,2014-04-03,2014-04-03,59.9502,18.5368,18.7831,18.5761
2014-04-02,UUP,stock,21.48,21.51,21.46,21.5,306600,2014-04-02,2014-04-02,54.9656,18.5272,18.7847,18.5740
2014-04-01,UUP,stock,21.44,21.47,21.4201,21.46,198800,2014-04-01,2014-04-01,51.2061,18.5219,18.7867,18.5739
2014-03-31,UUP,stock,21.47,21.4794,21.42,21.46,320100,2014-03-31,2014-03-31,51.2061,18.5198,18.7892,18.5752
2014-03-28,UUP,stock,21.46,21.5,21.45,21.48,337900,2014-03-28,2014-03-28,53.1178,18.5175,18.7917,18.5765
2014-03-27,UUP,stock,21.47,21.4856,21.4301,21.48,403000,2014-03-27,2014-03-27,53.1178,18.5131,18.7940,18.5772
2014-03-26,UUP,stock,21.46,21.471,21.4101,21.42,175300,2014-03-26,2014-03-26,48.1064,18.5082,18.7964,18.5779
2014-03-25,UUP,stock,21.46,21.5,21.39,21.42,312500,2014-03-25,2014-03-25,48.1064,18.5082,18.7993,18.5808
2014-03-24,UUP,stock,21.5,21.5,21.37,21.41,448200,2014-03-24,2014-03-24,47.2968,18.5083,18.8022,18.5838
2014-03-21,UUP,stock,21.47,21.487,21.44,21.47,601400,2014-03-21,2014-03-21,51.7992,18.5093,18.8053,18.5873
2014-03-20,UUP,stock,21.5,21.53,21.472,21.5,595200,2014-03-20,2014-03-20,54.1945,18.5049,18.8078,18.5888
2014-03-19,UUP,stock,21.29,21.46,21.25,21.43,1102000,2014-03-19,2014-03-19,49.0942,18.4973,18.8101,18.5892
2014-03-18,UUP,stock,21.28,21.31,21.2649,21.27,1077000,2014-03-18,2014-03-18,33.3410,18.4954,18.8131,18.5922
2014-03-17,UUP,stock,21.29,21.3,21.2415,21.26,456600,2014-03-17,2014-03-17,32.1219,18.5077,18.8175,18.6010
2014-03-14,UUP,stock,21.32,21.32,21.24,21.28,215100,2014-03-14,2014-03-14,33.2513,18.5223,18.8220,18.6104
2014-03-13,UUP,stock,21.27,21.35,21.25,21.33,878100,2014-03-13,2014-03-13,36.2063,18.5365,18.8263,18.6196
2014-03-12,UUP,stock,21.35,21.36,21.31,21.32,1455100,2014-03-12,2014-03-12,35.1358,18.5478,18.8303,18.6273
2014-03-11,UUP,stock,21.39,21.399,21.35,21.38,418700,2014-03-11,2014-03-11,38.7596,18.5611,18.8344,18.6357
2014-03-10,UUP,stock,21.38,21.39,21.36,21.38,581600,2014-03-10,2014-03-10,38.7596,18.5704,18.8381,18.6424
2014-03-07,UUP,stock,21.38,21.39,21.35,21.37,752100,2014-03-07,2014-03-07,37.8383,18.5806,18.8417,18.6493
2014-03-06,UUP,stock,21.38,21.39,21.32,21.35,1978100,2014-03-06,2014-03-06,36.0515,18.5928,18.8455,18.6568
2014-03-05,UUP,stock,21.5,21.5,21.45,21.47,392800,2014-03-05,2014-03-05,42.9257,18.6082,18.8495,18.6654
2014-03-04,UUP,stock,21.45,21.498,21.44,21.48,295200,2014-03-04,2014-03-04,43.5686,18.6142,18.8525,18.6700
2014-03-03,UUP,stock,21.42,21.47,21.4,21.46,877500,2014-03-03,2014-03-03,41.9542,18.6200,18.8555,18.6746
2014-02-28,UUP,stock,21.39,21.43,21.35,21.38,603200,2014-02-28,2014-02-28,35.0531,18.6282,18.8586,18.6800
2014-02-27,UUP,stock,21.57,21.57,21.5,21.52,255900,2014-02-27,2014-02-27,43.4469,18.6445,18.8625,18.6884
2014-02-26,UUP,stock,21.55,21.5899,21.5399,21.56,389100,2014-02-26,2014-02-26,46.3944,18.6498,18.8652,18.6923
2014-02-25,UUP,stock,21.47,21.52,21.45,21.48,438200,2014-02-25,2014-02-25,38.6671,18.6521,18.8676,18.6949
2014-02-24,UUP,stock,21.52,21.55,21.49,21.51,464000,2014-02-24,2014-02-24,40.7106,18.6618,18.8707,18.7004
2014-02-21,UUP,stock,21.55,21.55,21.49,21.52,958700,2014-02-21,2014-02-21,41.3876,18.6699,18.8736,18.7051
2014-02-20,UUP,stock,21.53,21.57,21.51,21.54,378000,2014-02-20,2014-02-20,42.7065,18.6779,18.8764,18.7096
2014-02-19,UUP,stock,21.47,21.52,21.4599,21.51,589600,2014-02-19,2014-02-19,40.0453,18.6849,18.8790,18.7136
2014-02-18,UUP,stock,21.46,21.47,21.44,21.45,1244500,2014-02-18,2014-02-18,34.3852,18.6953,18.8820,18.7189
2014-02-14,UUP,stock,21.5,21.5131,21.49,21.49,511900,2014-02-14,2014-02-14,36.5195,18.7124,18.8855,18.7264
2014-02-13,UUP,stock,21.55,21.56,21.53,21.53,2552100,2014-02-13,2014-02-13,38.7530,18.7276,18.8887,18.7329
2014-02-12,UUP,stock,21.68,21.69,21.64,21.65,523700,2014-02-12,2014-02-12,46.7116,18.7407,18.8915,18.7382
2014-02-11,UUP,stock,21.63,21.6499,21.5817,21.63,594200,2014-02-11,2014-02-11,44.9623,18.7443,18.8934,18.7395
2014-02-10,UUP,stock,21.65,21.66,21.62,21.63,697500,2014-02-10,2014-02-10,44.9623,18.7501,18.8955,18.7416
2014-02-07,UUP,stock,21.7,21.71,21.64,21.65,369200,2014-02-07,2014-02-07,46.2720,18.7566,18.8975,18.7437
2014-02-06,UUP,stock,21.69,21.73,21.67,21.72,3575900,2014-02-06,2014-02-06,51.1106,18.7619,18.8995,18.7452
2014-02-05,UUP,stock,21.79,21.8099,21.74,21.75,755800,2014-02-05,2014-02-05,53.3299,18.7613,18.9008,18.7444
2014-02-04,UUP,stock,21.79,21.8058,21.77,21.78,528000,2014-02-04,2014-02-04,55.5704,18.7580,18.9019,18.7424
2014-02-03,UUP,stock,21.8,21.82,21.74,21.76,1813700,2014-02-03,2014-02-03,54.3840,18.7516,18.9027,18.7393
2014-01-31,UUP,stock,21.82,21.85,21.79,21.83,1531000,2014-01-31,2014-01-31,59.5522,18.7464,18.9037,18.7367
2014-01-30,UUP,stock,21.74,21.79,21.72,21.77,2343900,2014-01-30,2014-01-30,56.2425,18.7343,18.9042,18.7316
2014-01-29,UUP,stock,21.6,21.6499,21.6,21.63,903700,2014-01-29,2014-01-29,46.8131,18.7263,18.9051,18.7284
2014-01-28,UUP,stock,21.6,21.65,21.6,21.63,448200,2014-01-28,2014-01-28,46.8131,18.7302,18.9073,18.7300
2014-01-27,UUP,stock,21.6,21.6299,21.58,21.62,946000,2014-01-27,2014-01-27,46.0977,18.7345,18.9095,18.7317
2014-01-24,UUP,stock,21.6,21.62,21.575,21.62,1208100,2014-01-24,2014-01-24,46.0977,18.7402,18.9118,18.7338
2014-01-23,UUP,stock,21.66,21.67,21.59,21.59,1391300,2014-01-23,2014-01-23,44.1547,18.7465,18.9141,18.7360
2014-01-22,UUP,stock,21.77,21.81,21.77,21.81,347900,2014-01-22,2014-01-22,58.5189,18.7562,18.9167,18.7393
2014-01-21,UUP,stock,21.82,21.83,21.77,21.78,581900,2014-01-21,2014-01-21,56.7368,18.7469,18.9174,18.7350
2014-01-17,UUP,stock,21.78,21.84,21.76,21.82,1170200,2014-01-17,2014-01-17,59.9242,18.7394,18.9184,18.7316
2014-01-16,UUP,stock,21.71,21.7716,21.7,21.74,638200,2014-01-16,2014-01-16,55.2559,18.7274,18.9191,18.7266
2014-01-15,UUP,stock,21.77,21.8,21.7512,21.76,453600,2014-01-15,2014-01-15,56.7916,18.7214,18.9204,18.7243
2014-01-14,UUP,stock,21.65,21.67,21.62,21.66,509400,2014-01-14,2014-01-14,50.3899,18.7130,18.9216,18.7212
2014-01-13,UUP,stock,21.66,21.68,21.62,21.62,541100,2014-01-13,2014-01-13,47.5009,18.7128,18.9237,18.7214
2014-01-10,UUP,stock,21.72,21.72,21.62,21.67,486200,2014-01-10,2014-01-10,50.9445,18.7162,18.9261,18.7231
2014-01-09,UUP,stock,21.79,21.8,21.745,21.76,651800,2014-01-09,2014-01-09,57.9685,18.7154,18.9282,18.7231
2014-01-08,UUP,stock,21.76,21.82,21.73,21.78,1141700,2014-01-08,2014-01-08,59.6660,18.7064,18.9295,18.7199
2014-01-07,UUP,stock,21.7,21.76,21.69,21.735,947700,2014-01-07,2014-01-07,57.0375,18.6945,18.9306,18.7158
2014-01-06,UUP,stock,21.73,21.74,21.64,21.68,707400,2014-01-06,2014-01-06,53.6061,18.6856,18.9321,18.7132
2014-01-03,UUP,stock,21.69,21.75,21.68,21.74,968800,2014-01-03,2014-01-03,58.3249,18.6807,18.9341,18.7124
2014-01-02,UUP,stock,21.67,21.69,21.64,21.65,1220400,2014-01-02,2014-01-02,52.5010,18.6698,18.9356,18.7095
2013-12-31,UUP,stock,21.52,21.55,21.49,21.52,656900,2013-12-31,2013-12-31,41.5443,18.6659,18.9379,18.7096
2013-12-30,UUP,stock,21.54,21.54,21.47,21.49,968300,2013-12-30,2013-12-30,38.5046,18.6735,18.9414,18.7144
2013-12-27,UUP,stock,21.52,21.61,21.5,21.59,794800,2013-12-27,2013-12-27,45.8909,18.6846,18.9451,18.7203
2013-12-26,UUP,stock,21.63,21.65,21.63,21.63,270500,2013-12-26,2013-12-26,49.4115,18.6878,18.9480,18.7230
2013-12-24,UUP,stock,21.66,21.67,21.63,21.64,333400,2013-12-24,2013-12-24,50.3074,18.6876,18.9506,18.7244
2013-12-23,UUP,stock,21.62,21.63,21.5901,21.62,333000,2013-12-23,2013-12-23,48.5758,18.6866,18.9532,18.7255
2013-12-20,UUP,stock,21.71,21.71,21.629,21.66,1297400,2013-12-20,2013-12-20,51.9370,18.6872,18.9559,18.7273
2013-12-19,UUP,stock,21.67,21.7,21.66,21.68,1888400,2013-12-19,2013-12-19,53.6609,18.6843,18.9583,18.7278
2013-12-18,UUP,stock,21.53,21.66,21.45,21.63,2020800,2013-12-18,2013-12-18,49.7922,18.6792,18.9606,18.7277
2013-12-17,UUP,stock,21.57,21.5901,21.51,21.54,441300,2013-12-17,2013-12-17,41.6499,18.6782,18.9633,18.7292
2013-12-16,UUP,stock,21.54,21.56,21.51,21.54,607100,2013-12-16,2013-12-16,41.6499,18.6852,18.9669,18.7341
2013-12-13,UUP,stock,21.57,21.61,21.57,21.58,617400,2013-12-13,2013-12-13,44.4098,18.6930,18.9705,18.7391
2013-12-12,UUP,stock,21.53,21.58,21.51,21.57,569000,2013-12-12,2013-12-12,43.5413,18.6980,18.9737,18.7429
2013-12-11,UUP,stock,21.49,21.53,21.45,21.485,950300,2013-12-11,2013-12-11,35.5999,18.7044,18.9771,18.7472
2013-12-10,UUP,stock,21.5,21.52,21.476,21.5,524600,2013-12-10,2013-12-10,36.4398,18.7192,18.9813,18.7547
2013-12-09,UUP,stock,21.59,21.59,21.55,21.56,561800,2013-12-09,2013-12-09,39.9398,18.7342,18.9853,18.7619
2013-12-06,UUP,stock,21.62,21.63,21.58,21.58,323900,2013-12-06,2013-12-06,41.1635,18.7453,18.9889,18.7674
2013-12-05,UUP,stock,21.65,21.6599,21.58,21.58,625800,2013-12-05,2013-12-05,41.1635,18.7558,18.9924,18.7723
2013-12-04,UUP,stock,21.76,21.7669,21.66,21.69,919600,2013-12-04,2013-12-04,48.1617,18.7673,18.9958,18.7775
2013-12-03,UUP,stock,21.71,21.718,21.652,21.7,298900,2013-12-03,2013-12-03,48.8629,18.7701,18.9984,18.7790
2013-12-02,UUP,stock,21.77,21.78,21.74,21.77,481300,2013-12-02,2013-12-02,53.9708,18.7723,19.0009,18.7802
2013-11-29,UUP,stock,21.67,21.71,21.65,21.7,314400,2013-11-29,2013-11-29,49.0225,18.7683,19.0028,18.7790
2013-11-27,UUP,stock,21.69,21.74,21.68,21.72,265800,2013-11-27,2013-11-27,50.4617,18.7703,19.0054,18.7802
2013-11-26,UUP,stock,21.76,21.78,21.69,21.69,280100,2013-11-26,2013-11-26,48.3496,18.7707,19.0078,18.7807
2013-11-25,UUP,stock,21.79,21.81,21.76,21.76,310400,2013-11-25,2013-11-25,53.2707,18.7738,19.0104,18.7824
2013-11-22,UUP,stock,21.75,21.76,21.718,21.73,548000,2013-11-22,2013-11-22,51.2980,18.7709,19.0125,18.7816
2013-11-21,UUP,stock,21.83,21.848,21.8,21.815,441200,2013-11-21,2013-11-21,57.7072,18.7704,19.0149,18.7818
2013-11-20,UUP,stock,21.68,21.85,21.6732,21.82,537100,2013-11-20,2013-11-20,58.1038,18.7621,19.0166,18.7791
2013-11-19,UUP,stock,21.74,21.76,21.7,21.72,265800,2013-11-19,2013-11-19,51.9753,18.7526,19.0182,18.7761
2013-11-18,UUP,stock,21.7,21.75,21.6835,21.73,384100,2013-11-18,2013-11-18,52.6910,18.7511,19.0208,18.7764
2013-11-15,UUP,stock,21.78,21.8,21.76,21.76,503700,2013-11-15,2013-11-15,54.7928,18.7485,19.0232,18.7765
2013-11-14,UUP,stock,21.83,21.85,21.77,21.8,662700,2013-11-14,2013-11-14,57.6394,18.7429,19.0255,18.7755
2013-11-13,UUP,stock,21.83,21.89,21.78,21.8,937600,2013-11-13,2013-11-13,57.6394,18.7331,19.0274,18.7730
2013-11-12,UUP,stock,21.86,21.875,21.82,21.85,410800,2013-11-12,2013-11-12,61.0584,18.7223,19.0293,18.7704
2013-11-11,UUP,stock,21.86,21.8685,21.83,21.84,309200,2013-11-11,2013-11-11,60.6246,18.7058,19.0308,18.7660
2013-11-08,UUP,stock,21.88,21.9586,21.87,21.895,689600,2013-11-08,2013-11-08,64.2813,18.6885,19.0324,18.7617
2013-11-07,UUP,stock,21.87,21.89,21.73,21.77,2729200,2013-11-07,2013-11-07,59.0714,18.6643,19.0336,18.7553
2013-11-06,UUP,stock,21.68,21.7,21.65,21.67,898800,2013-11-06,2013-11-06,54.0977,18.6490,19.0358,18.7531
2013-11-05,UUP,stock,21.73,21.77,21.73,21.74,439700,2013-11-05,2013-11-05,58.7373,18.6411,19.0389,18.7543
2013-11-04,UUP,stock,21.72,21.7299,21.69,21.69,583100,2013-11-04,2013-11-04,56.2485,18.6261,19.0415,18.7531
2013-11-01,UUP,stock,21.72,21.77,21.71,21.75,2661500,2013-11-01,2013-11-01,60.3012,18.6140,19.0445,18.7536
2013-10-31,UUP,stock,21.55,21.63,21.53,21.625,1646900,2013-10-31,2013-10-31,53.8718,18.5952,19.0471,18.7520
2013-10-30,UUP,stock,21.44,21.53,21.4,21.48,1204200,2013-10-30,2013-10-30,44.1243,18.5857,19.0507,18.7547
2013-10-29,UUP,stock,21.4,21.47,21.355,21.44,1168300,2013-10-29,2013-10-29,40.9266,18.5885,19.0556,18.7627
2013-10-28,UUP,stock,21.37,21.39,21.34,21.375,798000,2013-10-28,2013-10-28,35.3434,18.5952,19.0610,18.7724
2013-10-25,UUP,stock,21.34,21.3532,21.32,21.34,290700,2013-10-25,2013-10-25,32.1364,18.6085,19.0669,18.7848
2013-10-24,UUP,stock,21.32,21.35,21.32,21.33,490000,2013-10-24,2013-10-24,31.2315,18.6264,19.0732,18.7990
2013-10-23,UUP,stock,21.35,21.37,21.33,21.36,2519600,2013-10-23,2013-10-23,32.4364,18.6471,19.0797,18.8140
2013-10-22,UUP,stock,21.42,21.42,21.33,21.35,1984700,2013-10-22,2013-10-22,31.6198,18.6673,19.0860,18.8286
2013-10-21,UUP,stock,21.5,21.5,21.45,21.47,288300,2013-10-21,2013-10-21,36.5408,18.6904,19.0924,18.8442
2013-10-18,UUP,stock,21.46,21.469,21.43,21.45,497500,2013-10-18,2013-10-18,34.9746,18.7051,19.0978,18.8562
2013-10-17,UUP,stock,21.48,21.4977,21.45,21.45,1094000,2013-10-17,2013-10-17,34.9746,18.7232,19.1035,18.8694
2013-10-16,UUP,stock,21.65,21.77,21.65,21.69,706700,2013-10-16,2013-10-16,46.9685,18.7431,19.1092,18.8831
2013-10-15,UUP,stock,21.73,21.74,21.67,21.7,624900,2013-10-15,2013-10-15,47.6001,18.7434,19.1129,18.8889
2013-10-14,UUP,stock,21.61,21.64,21.59,21.62,323200,2013-10-14,2013-10-14,41.7851,18.7427,19.1166,18.8946
2013-10-11,UUP,stock,21.65,21.7,21.63,21.66,883300,2013-10-11,2013-10-11,44.0549,18.7493,19.1210,18.9033
2013-10-10,UUP,stock,21.71,21.728,21.66,21.7,3259800,2013-10-10,2013-10-10,46.3952,18.7529,19.1251,18.9110
2013-10-09,UUP,stock,21.68,21.72,21.65,21.66,1066900,2013-10-09,2013-10-09,43.6138,18.7533,19.1288,18.9176
2013-10-08,UUP,stock,21.55,21.58,21.52,21.56,935000,2013-10-08,2013-10-08,35.8918,18.7573,19.1330,18.9258
2013-10-07,UUP,stock,21.56,21.61,21.54,21.55,1020300,2013-10-07,2013-10-07,35.0661,18.7708,19.1381,18.9380
2013-10-04,UUP,stock,21.55,21.62,21.53,21.61,445500,2013-10-04,2013-10-04,37.7771,18.7867,19.1433,18.9510
2013-10-03,UUP,stock,21.54,21.55,21.465,21.51,1360200,2013-10-03,2013-10-03,29.3205,18.7988,19.1480,18.9624
2013-10-02,UUP,stock,21.52,21.555,21.51,21.53,772400,2013-10-02,2013-10-02,30.0797,18.8213,19.1537,18.9777
2013-10-01,UUP,stock,21.58,21.64,21.57,21.61,339200,2013-10-01,2013-10-01,33.2805,18.8443,19.1592,18.9931
2013-09-30,UUP,stock,21.6,21.645,21.59,21.63,281900,2013-09-30,2013-09-30,34.1234,18.8625,19.1641,19.0062
2013-09-27,UUP,stock,21.63,21.66,21.6,21.64,516900,2013-09-27,2013-09-27,34.5295,18.8807,19.1689,19.0191
2013-09-26,UUP,stock,21.71,21.76,21.695,21.72,495300,2013-09-26,2013-09-26,37.8777,18.9000,19.1736,19.0322
2013-09-25,UUP,stock,21.7,21.71,21.65,21.67,725300,2013-09-25,2013-09-25,34.1733,18.9140,19.1777,19.0431
2013-09-24,UUP,stock,21.73,21.75,21.7,21.74,420300,2013-09-24,2013-09-24,37.0450,18.9341,19.1823,19.0561
2013-09-23,UUP,stock,21.68,21.73,21.68,21.7,1721600,2013-09-23,2013-09-23,34.1068,18.9499,19.1863,19.0672
2013-09-20,UUP,stock,21.7,21.74,21.68,21.691,2028500,2013-09-20,2013-09-20,33.4580,18.9709,19.1906,19.0802
2013-09-19,UUP,stock,21.63,21.7,21.63,21.675,4203300,2013-09-19,2013-09-19,32.3585,18.9951,19.1952,19.0940
2013-09-18,UUP,stock,21.9,21.91,21.63,21.65,2489800,2013-09-18,2013-09-18,30.6970,19.0232,19.1999,19.1089
2013-09-17,UUP,stock,21.91,21.94,21.9,21.9,685200,2013-09-17,2013-09-17,39.7674,19.0565,19.2048,19.1254
2013-09-16,UUP,stock,21.87,21.94,21.87,21.94,894700,2013-09-16,2013-09-16,41.5934,19.0707,19.2077,19.1337
2013-09-13,UUP,stock,22.01,22.06,21.98,21.99,963600,2013-09-13,2013-09-13,43.9349,19.0826,19.2102,19.1409
2013-09-12,UUP,stock,22.05,22.05,21.965,22.01,411200,2013-09-12,2013-09-12,44.8732,19.0913,19.2123,19.1466
2013-09-11,UUP,stock,22.08,22.09,22,22.01,629700,2013-09-11,2013-09-11,44.8732,19.0991,19.2142,19.1519
2013-09-10,UUP,stock,22.11,22.12,22.085,22.09,1808300,2013-09-10,2013-09-10,48.4413,19.1077,19.2162,19.1574
2013-09-09,UUP,stock,22.14,22.16,22.065,22.09,557700,2013-09-09,2013-09-09,48.4413,19.1100,19.2175,19.1603
2013-09-06,UUP,stock,22.23,22.24,22.16,22.2,533300,2013-09-06,2013-09-06,53.4833,19.1124,19.2188,19.1633
2013-09-05,UUP,stock,22.26,22.34,22.24,22.33,1345500,2013-09-05,2013-09-05,60.3800,19.1051,19.2192,19.1625
2013-09-04,UUP,stock,22.23,22.25,22.18,22.185,1956500,2013-09-04,2013-09-04,54.2728,19.0853,19.2185,19.1572
2013-09-03,UUP,stock,22.24,22.3,22.24,22.26,1264500,2013-09-03,2013-09-03,58.6121,19.0765,19.2190,19.1567
2013-08-30,UUP,stock,22.18,22.24,22.17,22.19,843200,2013-08-30,2013-08-30,55.5307,19.0600,19.2188,19.1536
2013-08-29,UUP,stock,22.15,22.1899,22.13,22.16,786100,2013-08-29,2013-08-29,54.1729,19.0481,19.2193,19.1528
2013-08-28,UUP,stock,22,22.0555,22,22.01,976300,2013-08-28,2013-08-28,46.6032,19.0377,19.2200,19.1530
2013-08-27,UUP,stock,21.97,21.97,21.92,21.92,491100,2013-08-27,2013-08-27,41.1911,19.0398,19.2220,19.1586
2013-08-26,UUP,stock,21.99,22.03,21.98,21.99,363600,2013-08-26,2013-08-26,44.4445,19.0504,19.2249,19.1675
2013-08-23,UUP,stock,22.07,22.07,21.95,21.99,1691100,2013-08-23,2013-08-23,44.4445,19.0557,19.2271,19.1743
2013-08-22,UUP,stock,22.03,22.06,22,22.03,325600,2013-08-22,2013-08-22,46.2442,19.0615,19.2294,19.1814
2013-08-21,UUP,stock,21.94,22.02,21.92,21.98,1618800,2013-08-21,2013-08-21,43.5931,19.0644,19.2314,19.1874
2013-08-20,UUP,stock,21.86,21.88,21.8201,21.87,983000,2013-08-20,2013-08-20,37.2735,19.0720,19.2338,19.1954
2013-08-19,UUP,stock,21.95,21.98,21.95,21.97,760500,2013-08-19,2013-08-19,41.1669,19.0905,19.2372,19.2076
2013-08-16,UUP,stock,21.91,22.01,21.91,21.98,1645600,2013-08-16,2013-08-16,41.5701,19.1019,19.2397,19.2168
2013-08-15,UUP,stock,22.13,22.1595,21.92,21.94,1530200,2013-08-15,2013-08-15,39.3642,19.1135,19.2422,19.2260
2013-08-14,UUP,stock,22.1,22.11,22.0639,22.09,614100,2013-08-14,2013-08-14,45.3222,19.1300,19.2451,19.2370
2013-08-13,UUP,stock,22.1,22.14,22.09,22.1,976900,2013-08-13,2013-08-13,45.7509,19.1345,19.2467,19.2431
2013-08-12,UUP,stock,22.02,22.02,21.98,21.99,1564000,2013-08-12,2013-08-12,39.9494,19.1387,19.2482,19.2492
2013-08-09,UUP,stock,21.94,21.95,21.92,21.93,799100,2013-08-09,2013-08-09,36.5105,19.1533,19.2507,19.2593
2013-08-08,UUP,stock,21.93,21.941,21.86,21.91,1749900,2013-08-08,2013-08-08,35.3648,19.1749,19.2538,19.2720
2013-08-07,UUP,stock,22.03,22.04,21.97,21.98,1735600,2013-08-07,2013-08-07,37.5681,19.2005,19.2570,19.2860
2013-08-06,UUP,stock,22.1,22.1165,22.045,22.07,383900,2013-08-06,2013-08-06,40.5869,19.2225,19.2597,19.2980
2013-08-05,UUP,stock,22.17,22.205,22.13,22.13,953900,2013-08-05,2013-08-05,42.7116,19.2387,19.2616,19.3073
2013-08-02,UUP,stock,22.22,22.2236,22.1301,22.16,776900,2013-08-02,2013-08-02,43.7756,19.2511,19.2630,19.3149
2013-08-01,UUP,stock,22.18,22.3,22.1799,22.28,1741300,2013-08-01,2013-08-01,48.2388,19.2620,19.2642,19.3218
2013-07-31,UUP,stock,22.22,22.24,22.0306,22.095,2205500,2013-07-31,2013-07-31,39.3928,19.2632,19.2643,19.3247
2013-07-30,UUP,stock,22.09,22.19,22.09,22.15,2149000,2013-07-30,2013-07-30,41.3433,19.2814,19.2660,19.3342
2013-07-29,UUP,stock,22.13,22.16,22.09,22.1,1401400,2013-07-29,2013-07-29,38.7846,19.2964,19.2673,19.3422
2013-07-26,UUP,stock,22.11,22.135,22.07,22.1,643200,2013-07-26,2013-07-26,38.7846,19.3176,19.2691,19.3523
2013-07-25,UUP,stock,22.24,22.24,22.11,22.12,908600,2013-07-25,2013-07-25,39.3770,19.3410,19.2708,19.3628
2013-07-24,UUP,stock,22.23,22.31,22.2,22.27,1054600,2013-07-24,2013-07-24,44.0646,19.3651,19.2724,19.3730
2013-07-23,UUP,stock,22.26,22.28,22.17,22.19,1086400,2013-07-23,2013-07-23,40.5604,19.3780,19.2727,19.3784
2013-07-22,UUP,stock,22.28,22.28,22.2064,22.26,1621900,2013-07-22,2013-07-22,42.7357,19.3996,19.2737,19.3867
2013-07-19,UUP,stock,22.4,22.405,22.34,22.36,521900,2013-07-19,2013-07-19,46.0089,19.4171,19.2741,19.3930
2013-07-18,UUP,stock,22.45,22.49,22.4001,22.42,506800,2013-07-18,2013-07-18,48.0597,19.4273,19.2736,19.3960
2013-07-17,UUP,stock,22.31,22.45,22.31,22.38,8168300,2013-07-17,2013-07-17,46.5858,19.4332,19.2727,19.3970
2013-07-16,UUP,stock,22.42,22.44,22.31,22.325,795800,2013-07-16,2013-07-16,44.5778,19.4433,19.2720,19.3994
2013-07-15,UUP,stock,22.52,22.55,22.48,22.49,1286000,2013-07-15,2013-07-15,49.7923,19.4595,19.2718,19.4039
2013-07-12,UUP,stock,22.53,22.54,22.4408,22.47,799200,2013-07-12,2013-07-12,49.1224,19.4624,19.2702,19.4028
2013-07-11,UUP,stock,22.51,22.55,22.38,22.415,3677500,2013-07-11,2013-07-11,47.3280,19.4674,19.2688,19.4023
2013-07-10,UUP,stock,22.87,22.88,22.66,22.78,991200,2013-07-10,2013-07-10,60.4714,19.4779,19.2678,19.4037
2013-07-09,UUP,stock,22.85,22.98,22.85,22.93,1441100,2013-07-09,2013-07-09,67.6396,19.4564,19.2636,19.3923
2013-07-08,UUP,stock,22.86,22.86,22.82,22.84,11033500,2013-07-08,2013-07-08,65.3513,19.4189,19.2581,19.3752
2013-07-05,UUP,stock,22.88,22.915,22.865,22.9,1436600,2013-07-05,2013-07-05,68.3429,19.3857,19.2533,19.3605
2013-07-03,UUP,stock,22.63,22.63,22.52,22.57,496400,2013-07-03,2013-07-03,58.6832,19.3435,19.2480,19.3431
2013-07-02,UUP,stock,22.63,22.67,22.57,22.66,1648300,2013-07-02,2013-07-02,63.5977,19.3269,19.2454,19.3367
2013-07-01,UUP,stock,22.55,22.57,22.5,22.51,1386400,2013-07-01,2013-07-01,58.1772,19.3004,19.2421,19.3268
2013-06-28,UUP,stock,22.49,22.605,22.49,22.56,1184200,2013-06-28,2013-06-28,60.9881,19.2847,19.2400,19.3218
2013-06-27,UUP,stock,22.51,22.57,22.47,22.51,1745900,2013-06-27,2013-06-27,59.1556,19.2628,19.2374,19.3148
2013-06-26,UUP,stock,22.45,22.53,22.434,22.52,938200,2013-06-26,2013-06-26,59.6762,19.2432,19.2353,19.3093
2013-06-25,UUP,stock,22.38,22.44,22.36,22.4,979700,2013-06-25,2013-06-25,55.2921,19.2206,19.2331,19.3032
2013-06-24,UUP,stock,22.43,22.43,22.32,22.36,7513000,2013-06-24,2013-06-24,53.7352,19.2065,19.2318,19.3011
2013-06-21,UUP,stock,22.3,22.39,22.2701,22.34,1795700,2013-06-21,2013-06-21,52.9749,19.1945,19.2310,19.3004
2013-06-20,UUP,stock,22.2,22.27,22.18,22.19,3540400,2013-06-20,2013-06-20,46.8972,19.1832,19.2302,19.3003
2013-06-19,UUP,stock,21.85,22.1,21.82,22.06,1676000,2013-06-19,2013-06-19,40.7327,19.1843,19.2308,19.3055
2013-06-18,UUP,stock,21.93,21.93,21.83,21.86,608200,2013-06-18,2013-06-18,28.9502,19.1973,19.2325,19.3155
2013-06-17,UUP,stock,21.89,21.94,21.835,21.84,579700,2013-06-17,2013-06-17,27.6139,19.2298,19.2360,19.3329
2013-06-14,UUP,stock,21.95,21.95,21.86,21.88,612000,2013-06-14,2013-06-14,28.6133,19.2677,19.2397,19.3518
2013-06-13,UUP,stock,21.93,21.96,21.86,21.9,587100,2013-06-13,2013-06-13,29.1024,19.3058,19.2430,19.3700
2013-06-12,UUP,stock,22,22.02,21.9,21.97,634000,2013-06-12,2013-06-12,30.8139,19.3462,19.2463,19.3883
2013-06-11,UUP,stock,22.11,22.12,21.98,21.98,1210800,2013-06-11,2013-06-11,31.0562,19.3845,19.2489,19.4049
2013-06-10,UUP,stock,22.25,22.275,22.14,22.17,1415900,2013-06-10,2013-06-10,36.0584,19.4258,19.2515,19.4217
2013-06-07,UUP,stock,22.17,22.21,22.1301,22.16,1114000,2013-06-07,2013-06-07,35.5511,19.4543,19.2525,19.4326
2013-06-06,UUP,stock,22.34,22.3525,22,22.13,2643100,2013-06-06,2013-06-06,34.0944,19.4866,19.2535,19.4443
2013-06-05,UUP,stock,22.46,22.47,22.395,22.42,1766400,2013-06-05,2013-06-05,42.7720,19.5251,19.2548,19.4575
2013-06-04,UUP,stock,22.49,22.53,22.45,22.46,832600,2013-06-04,2013-06-04,44.2132,19.5412,19.2537,19.4610
2013-06-03,UUP,stock,22.6,22.64,22.3701,22.45,1843900,2013-06-03,2013-06-03,43.7734,19.5555,19.2521,19.4632
2013-05-31,UUP,stock,22.6,22.6966,22.59,22.61,1526200,2013-05-31,2013-05-31,49.5811,19.5721,19.2507,19.4659
2013-05-30,UUP,stock,22.59,22.62,22.52,22.55,820900,2013-05-30,2013-05-30,47.1389,19.5759,19.2478,19.4630
2013-05-29,UUP,stock,22.73,22.7485,22.67,22.7,445700,2013-05-29,2013-05-29,53.1110,19.5856,19.2454,19.4622
2013-05-28,UUP,stock,22.78,22.8885,22.76,22.87,502700,2013-05-28,2013-05-28,61.2814,19.5826,19.2417,19.4560
2013-05-24,UUP,stock,22.73,22.7399,22.68,22.71,918400,2013-05-24,2013-05-24,55.2673,19.5639,19.2365,19.4436
2013-05-23,UUP,stock,22.76,22.798,22.715,22.74,858400,2013-05-23,2013-05-23,56.8035,19.5578,19.2326,19.4363
2013-05-22,UUP,stock,22.79,22.94,22.67,22.89,1448300,2013-05-22,2013-05-22,65.2202,19.5483,19.2285,19.4276
2013-05-21,UUP,stock,22.85,22.88,22.725,22.79,1028900,2013-05-21,2013-05-21,61.7078,19.5241,19.2229,19.4133
2013-05-20,UUP,stock,22.86,22.86,22.7499,22.78,677500,2013-05-20,2013-05-20,61.3453,19.5065,19.2182,19.4020
2013-05-17,UUP,stock,22.91,22.94,22.88,22.92,1011900,2013-05-17,2013-05-17,69.9540,19.4880,19.2136,19.3905
2013-05-16,UUP,stock,22.77,22.7998,22.69,22.7834,1887500,2013-05-16,2013-05-16,65.5774,19.4547,19.2076,19.3737
2013-05-15,UUP,stock,22.8,22.84,22.753,22.79,757200,2013-05-15,2013-05-15,66.0088,19.4304,19.2028,19.3609
2013-05-14,UUP,stock,22.66,22.73,22.624,22.73,1252600,2013-05-14,2013-05-14,64.0103,19.4030,19.1979,19.3474
2013-05-13,UUP,stock,22.6,22.645,22.58,22.64,1317200,2013-05-13,2013-05-13,60.8001,19.3781,19.1935,19.3355
2013-05-10,UUP,stock,22.56,22.67,22.55,22.6,738300,2013-05-10,2013-05-10,59.3019,19.3588,19.1898,19.3263
2013-05-09,UUP,stock,22.33,22.51,22.3269,22.48,334300,2013-05-09,2013-05-09,54.4526,19.3410,19.1864,19.3181
2013-05-08,UUP,stock,22.25,22.27,22.21,22.265,524400,2013-05-08,2013-05-08,43.1912,19.3323,19.1840,19.3138
2013-05-07,UUP,stock,22.31,22.37,22.31,22.37,379900,2013-05-07,2013-05-07,48.6455,19.3423,19.1835,19.3169
2013-05-06,UUP,stock,22.33,22.391,22.33,22.37,296200,2013-05-06,2013-05-06,48.6455,19.3438,19.1820,19.3164
2013-05-03,UUP,stock,22.37,22.38,22.25,22.32,562700,2013-05-03,2013-05-03,45.8371,19.3454,19.1805,19.3159
2013-05-02,UUP,stock,22.31,22.37,22.29,22.33,1081900,2013-05-02,2013-05-02,46.3074,19.3517,19.1795,19.3172
2013-05-01,UUP,stock,22.15,22.2,22.12,22.18,590200,2013-05-01,2013-05-01,37.3548,19.3578,19.1783,19.3181
2013-04-30,UUP,stock,22.3,22.3,22.17,22.2,1611900,2013-04-30,2013-04-30,38.1422,19.3782,19.1785,19.3244
2013-04-29,UUP,stock,22.34,22.35,22.31,22.31,1675500,2013-04-29,2013-04-29,42.7437,19.3989,19.1785,19.3302
2013-04-26,UUP,stock,22.44,22.45,22.39,22.41,466200,2013-04-26,2013-04-26,47.5902,19.4117,19.1775,19.3324
2013-04-25,UUP,stock,22.47,22.5367,22.47,22.51,747400,2013-04-25,2013-04-25,53.1905,19.4169,19.1756,19.3312
2013-04-24,UUP,stock,22.58,22.6,22.53,22.56,1951500,2013-04-24,2013-04-24,56.2646,19.4135,19.1729,19.3263
2013-04-23,UUP,stock,22.57,22.6,22.53,22.57,1002200,2013-04-23,2013-04-23,56.8750,19.4051,19.1696,19.3196
2013-04-22,UUP,stock,22.55,22.559,22.48,22.49,807200,2013-04-22,2013-04-22,53.0946,19.3950,19.1663,19.3121
2013-04-19,UUP,stock,22.43,22.517,22.39,22.5,1373100,2013-04-19,2013-04-19,53.6404,19.3911,19.1636,19.3072
2013-04-18,UUP,stock,22.44,22.4799,22.4,22.46,460400,2013-04-18,2013-04-18,51.8001,19.3859,19.1609,19.3018
2013-04-17,UUP,stock,22.33,22.49,22.33,22.47,956800,2013-04-17,2013-04-17,52.2819,19.3837,19.1584,19.2975
2013-04-16,UUP,stock,22.32,22.35,22.21,22.23,1223700,2013-04-16,2013-04-16,39.8044,19.3805,19.1558,19.2927
2013-04-15,UUP,stock,22.35,22.42,22.35,22.41,838900,2013-04-15,2013-04-15,48.6668,19.3987,19.1553,19.2962
2013-04-12,UUP,stock,22.38,22.39,22.33,22.34,1658200,2013-04-12,2013-04-12,44.1787,19.4024,19.1532,19.2935
2013-04-11,UUP,stock,22.37,22.371,22.3246,22.37,807600,2013-04-11,2013-04-11,45.7713,19.4129,19.1517,19.2931
2013-04-10,UUP,stock,22.41,22.46,22.4,22.43,1021800,2013-04-10,2013-04-10,49.0554,19.4218,19.1499,19.2917
2013-04-09,UUP,stock,22.43,22.47,22.38,22.41,487600,2013-04-09,2013-04-09,47.8983,19.4262,19.1476,19.2881
2013-04-08,UUP,stock,22.46,22.54,22.46,22.51,592600,2013-04-08,2013-04-08,53.5446,19.4329,19.1454,19.2850
2013-04-05,UUP,stock,22.45,22.46,22.4,22.45,493400,2013-04-05,2013-04-05,50.2791,19.4311,19.1424,19.2783
2013-04-04,UUP,stock,22.67,22.68,22.475,22.49,1112300,2013-04-04,2013-04-04,52.5665,19.4346,19.1398,19.2734
2013-04-03,UUP,stock,22.54,22.54,22.49,22.52,540800,2013-04-03,2013-04-03,54.2866,19.4349,19.1369,19.2670
2013-04-02,UUP,stock,22.56,22.5883,22.54,22.57,507600,2013-04-02,2013-04-02,57.1822,19.4325,19.1337,19.2592
2013-04-01,UUP,stock,22.57,22.58,22.5,22.52,404300,2013-04-01,2013-04-01,54.9509,19.4252,19.1300,19.2493
2013-03-28,UUP,stock,22.63,22.63,22.56,22.6,773100,2013-03-28,2013-03-28,59.5624,19.4218,19.1267,19.2408
2013-03-27,UUP,stock,22.66,22.69,22.65,22.66,1034100,2013-03-27,2013-03-27,63.2596,19.4107,19.1226,19.2291
2013-03-26,UUP,stock,22.56,22.6,22.5265,22.57,407400,2013-03-26,2013-03-26,59.7825,19.3930,19.1181,19.2148
2013-03-25,UUP,stock,22.48,22.58,22.48,22.58,735100,2013-03-25,2013-03-25,60.3720,19.3816,19.1142,19.2031
2013-03-22,UUP,stock,22.49,22.5,22.4,22.42,530700,2013-03-22,2013-03-22,53.5699,19.3681,19.1102,19.1906
2013-03-21,UUP,stock,22.55,22.58,22.51,22.5555,337400,2013-03-21,2013-03-21,61.9292,19.3677,19.1076,19.1832
2013-03-20,UUP,stock,22.5,22.565,22.49,22.56,882400,2013-03-20,2013-03-20,62.2286,19.3550,19.1038,19.1707
2013-03-19,UUP,stock,22.53,22.64,22.52,22.61,1268900,2013-03-19,2013-03-19,65.4962,19.3405,19.0999,19.1576
2013-03-18,UUP,stock,22.53,22.55,22.46,22.54,2671100,2013-03-18,2013-03-18,62.9683,19.3199,19.0955,19.1421
2013-03-15,UUP,stock,22.39,22.42,22.37,22.4,1333200,2013-03-15,2013-03-15,57.1364,19.3035,19.0917,19.1285
2013-03-14,UUP,stock,22.62,22.63,22.47,22.5,706700,2013-03-14,2013-03-14,63.8007,19.2982,19.0890,19.1193
2013-03-13,UUP,stock,22.57,22.64,22.561,22.59,504900,2013-03-13,2013-03-13,70.6915,19.2832,19.0855,19.1062
2013-03-12,UUP,stock,22.47,22.53,22.47,22.5,213700,2013-03-12,2013-03-12,67.4245,19.2584,19.0811,19.0894
2013-03-11,UUP,stock,22.57,22.58,22.505,22.51,601900,2013-03-11,2013-03-11,68.2089,19.2392,19.0775,19.0750
2013-03-08,UUP,stock,22.57,22.6,22.53,22.56,855600,2013-03-08,2013-03-08,72.1038,19.2171,19.0738,19.0598
2013-03-07,UUP,stock,22.4,22.41,22.35,22.39,633800,2013-03-07,2013-03-07,65.9686,19.1881,19.0696,19.0421
2013-03-06,UUP,stock,22.43,22.51,22.43,22.49,1083300,2013-03-06,2013-03-06,74.9754,19.1715,19.0668,19.0297
2013-03-05,UUP,stock,22.37,22.44,22.36,22.4,730500,2013-03-05,2013-03-05,71.7523,19.1441,19.0631,19.0133
2013-03-04,UUP,stock,22.47,22.48,22.41,22.43,1776600,2013-03-04,2013-03-04,74.7315,19.1219,19.0602,18.9994
2013-03-01,UUP,stock,22.47,22.52,22.4317,22.44,3861200,2013-03-01,2013-03-01,75.7044,19.0947,19.0570,18.9838
2013-02-28,UUP,stock,22.3,22.38,22.28,22.37,1144000,2013-02-28,2013-02-28,73.4584,19.0638,19.0537,18.9673
2013-02-27,UUP,stock,22.29,22.31,22.24,22.25,1192500,2013-02-27,2013-02-27,68.8785,19.0359,19.0509,18.9525
2013-02-26,UUP,stock,22.31,22.3601,22.26,22.34,988300,2013-02-26,2013-02-26,78.2863,19.0160,19.0491,18.9414
2013-02-25,UUP,stock,22.17,22.36,22.16,22.32,3314000,2013-02-25,2013-02-25,77.6565,18.9859,19.0466,18.9267
2013-02-22,UUP,stock,22.24,22.279,22.22,22.23,437100,2013-02-22,2013-02-22,74.5755,18.9544,19.0442,18.9120
2013-02-21,UUP,stock,22.2,22.25,22.16,22.22,1818900,2013-02-21,2013-02-21,74.2085,18.9277,19.0426,18.9000
2013-02-20,UUP,stock,22,22.15,21.9945,22.13,1373200,2013-02-20,2013-02-20,70.6710,18.8992,19.0410,18.8878
2013-02-19,UUP,stock,22,22.01,21.955,21.97,522300,2013-02-19,2013-02-19,62.0866,18.8759,19.0402,18.8783
2013-02-15,UUP,stock,21.98,22,21.96,21.96,1042200,2013-02-15,2013-02-15,61.4314,18.8646,19.0408,18.8740
2013-02-14,UUP,stock,21.98,21.99,21.9301,21.94,621700,2013-02-14,2013-02-14,60.1527,18.8531,19.0414,18.8699
2013-02-13,UUP,stock,21.85,21.89,21.83,21.88,224900,2013-02-13,2013-02-13,56.0977,18.8421,19.0423,18.8664
2013-02-12,UUP,stock,21.91,21.92,21.82,21.87,487100,2013-02-12,2013-02-12,55.3952,18.8355,19.0437,18.8648
2013-02-11,UUP,stock,21.92,21.95,21.89,21.92,1008700,2013-02-11,2013-02-11,59.8408,18.8291,19.0451,18.8635
2013-02-08,UUP,stock,21.88,21.92,21.86,21.9,900500,2013-02-08,2013-02-08,58.6070,18.8175,19.0462,18.8604
2013-02-07,UUP,stock,21.84,21.92,21.83,21.89,1216100,2013-02-07,2013-02-07,58.0080,18.8064,19.0474,18.8579
2013-02-06,UUP,stock,21.78,21.785,21.75,21.77,738700,2013-02-06,2013-02-06,49.9352,18.7951,19.0488,18.8556
2013-02-05,UUP,stock,21.76,21.78,21.68,21.7,594500,2013-02-05,2013-02-05,44.1157,18.7935,19.0512,18.8574
2013-02-04,UUP,stock,21.69,21.73,21.655,21.71,846700,2013-02-04,2013-02-04,44.8066,18.7982,19.0542,18.8618
2013-02-01,UUP,stock,21.59,21.64,21.53,21.6,1045700,2013-02-01,2013-02-01,34.2965,18.8024,19.0572,18.8661
2013-01-31,UUP,stock,21.64,21.65,21.6,21.62,1539900,2013-01-31,2013-01-31,35.4357,18.8171,19.0612,18.8744
2013-01-30,UUP,stock,21.67,21.68,21.61,21.64,2960500,2013-01-30,2013-01-30,36.5635,18.8314,19.0650,18.8823
2013-01-29,UUP,stock,21.76,21.77,21.711,21.73,890800,2013-01-29,2013-01-29,42.1719,18.8455,19.0687,18.8898
2013-01-28,UUP,stock,21.78,21.8134,21.78,21.79,191200,2013-01-28,2013-01-28,46.5965,18.8529,19.0716,18.8945
2013-01-25,UUP,stock,21.79,21.8,21.76,21.78,996000,2013-01-25,2013-01-25,45.7150,18.8556,19.0741,18.8972
2013-01-24,UUP,stock,21.86,21.87,21.81,21.83,255600,2013-01-24,2013-01-24,49.5090,18.8595,19.0766,18.9004
2013-01-23,UUP,stock,21.8,21.88,21.79,21.83,748300,2013-01-23,2013-01-23,49.5090,18.8592,19.0788,18.9020
2013-01-22,UUP,stock,21.83,21.86,21.81,21.83,747900,2013-01-22,2013-01-22,49.5090,18.8589,19.0810,18.9036
2013-01-18,UUP,stock,21.84,21.905,21.83,21.85,722800,2013-01-18,2013-01-18,50.8608,18.8586,19.0832,18.9053
2013-01-17,UUP,stock,21.77,21.79,21.74,21.75,416900,2013-01-17,2013-01-17,43.7270,18.8565,19.0852,18.9064
2013-01-16,UUP,stock,21.78,21.81,21.77,21.79,1140900,2013-01-16,2013-01-16,46.2192,18.8632,19.0882,18.9110
2013-01-15,UUP,stock,21.75,21.81,21.72,21.77,1684000,2013-01-15,2013-01-15,44.7574,18.8670,19.0908,18.9145
2013-01-14,UUP,stock,21.73,21.75,21.69,21.71,879800,2013-01-14,2013-01-14,40.2318,18.8730,19.0936,18.9187
2013-01-11,UUP,stock,21.71,21.76,21.7,21.74,1126900,2013-01-11,2013-01-11,41.8225,18.8850,19.0970,18.9253
2013-01-10,UUP,stock,21.87,21.875,21.77,21.8,2258100,2013-01-10,2013-01-10,45.1369,18.8957,19.1001,18.9310
2013-01-09,UUP,stock,22.02,22.04,21.99,22.02,832400,2013-01-09,2013-01-09,61.8168,18.9020,19.1028,18.9349
2013-01-08,UUP,stock,21.96,21.99,21.95,21.95,1172100,2013-01-08,2013-01-08,57.1369,18.8889,19.1036,18.9312
2013-01-07,UUP,stock,21.9901,22.01,21.92,21.92,1973600,2013-01-07,2013-01-07,54.9391,18.8808,19.1049,18.9298
2013-01-04,UUP,stock,22.03,22.05,21.98,21.99,1087600,2013-01-04,2013-01-04,61.8056,18.8746,19.1066,18.9294
2013-01-03,UUP,stock,21.9,22,21.8873,21.99,1314200,2013-01-03,2013-01-03,61.8056,18.8614,19.1077,18.9265
2013-01-02,UUP,stock,21.74,21.85,21.72,21.81,898700,2013-01-02,2013-01-02,47.1639,18.8468,19.1088,18.9235
2012-12-31,UUP,stock,21.77,21.83,21.77,21.81,340800,2012-12-31,2012-12-31,47.1639,18.8471,19.1114,18.9267
2012-12-28,UUP,stock,21.78,21.79,21.76,21.78,408400,2012-12-28,2012-12-28,44.0834,18.8473,19.1141,18.9301
2012-12-27,UUP,stock,21.71,21.81,21.7,21.76,442300,2012-12-27,2012-12-27,41.9898,18.8504,19.1171,18.9346
2012-12-26,UUP,stock,21.75,21.77,21.7,21.76,424400,2012-12-26,2012-12-26,41.9898,18.8555,19.1202,18.9401
2012-12-24,UUP,stock,21.73,21.79,21.73,21.76,526000,2012-12-24,2012-12-24,41.9898,18.8612,19.1234,18.9457
2012-12-21,UUP,stock,21.71,21.78,21.71,21.76,2173500,2012-12-21,2012-12-21,41.9898,18.8675,19.1267,18.9516
2012-12-20,UUP,stock,21.62,21.69,21.61,21.65,1931100,2012-12-20,2012-12-20,31.5023,18.8745,19.1299,18.9578
2012-12-19,UUP,stock,21.61,21.67,21.6,21.67,1890100,2012-12-19,2012-12-19,32.4941,18.8922,19.1342,18.9680
2012-12-18,UUP,stock,21.72,21.73,21.66,21.68,1702300,2012-12-18,2012-12-18,32.9761,18.9099,19.1383,18.9780
2012-12-17,UUP,stock,21.75,21.76,21.72,21.75,1643700,2012-12-17,2012-12-17,36.4950,18.9286,19.1424,18.9880
2012-12-14,UUP,stock,21.83,21.85,21.74,21.75,1519500,2012-12-14,2012-12-14,36.4950,18.9429,19.1459,18.9960
2012-12-13,UUP,stock,21.85,21.88,21.82,21.86,577700,2012-12-13,2012-12-13,42.6637,18.9587,19.1495,19.0043
2012-12-12,UUP,stock,21.86,21.88,21.76,21.84,1649800,2012-12-12,2012-12-12,40.9794,18.9662,19.1521,19.0091
2012-12-11,UUP,stock,21.9,21.92,21.88,21.88,1749100,2012-12-11,2012-12-11,43.3440,18.9763,19.1549,19.0147
2012-12-10,UUP,stock,21.95,21.99,21.95,21.96,1620600,2012-12-10,2012-12-10,48.5463,18.9838,19.1574,19.0192
2012-12-07,UUP,stock,22.02,22.03,21.95,21.985,1147500,2012-12-07,2012-12-07,50.2981,18.9848,19.1593,19.0210
2012-12-06,UUP,stock,21.86,21.965,21.8501,21.95,1037000,2012-12-06,2012-12-06,47.8518,18.9836,19.1609,19.0221
2012-12-05,UUP,stock,21.83,21.83,21.8,21.83,1768400,2012-12-05,2012-12-05,38.1619,18.9855,19.1629,19.0244
2012-12-04,UUP,stock,21.79,21.81,21.77,21.78,682900,2012-12-04,2012-12-04,33.3718,18.9985,19.1659,19.0310
2012-12-03,UUP,stock,21.88,21.88,21.83,21.85,1113600,2012-12-03,2012-12-03,37.1087,19.0175,19.1694,19.0397
2012-11-30,UUP,stock,21.95,21.9577,21.9,21.92,819400,2012-11-30,2012-11-30,41.4149,19.0320,19.1723,19.0462
2012-11-29,UUP,stock,21.91,21.975,21.89,21.94,809800,2012-11-29,2012-11-29,42.7304,19.0418,19.1747,19.0506
2012-11-28,UUP,stock,22.04,22.049,21.96,21.97,691500,2012-11-28,2012-11-28,44.7085,19.0507,19.1769,19.0544
2012-11-27,UUP,stock,21.98,22.02,21.97,22.01,453300,2012-11-27,2012-11-27,47.4267,19.0578,19.1788,19.0573
2012-11-26,UUP,stock,21.96,21.97,21.94,21.94,425800,2012-11-26,2012-11-26,41.6632,19.0621,19.1804,19.0590
2012-11-23,UUP,stock,22.01,22.02,21.92,21.93,818600,2012-11-23,2012-11-23,40.8023,19.0732,19.1827,19.0631
2012-11-21,UUP,stock,22.16,22.16,22.14,22.14,484200,2012-11-21,2012-11-21,57.2878,19.0863,19.1850,19.0678
2012-11-20,UUP,stock,22.16,22.175,22.13,22.13,1288300,2012-11-20,2012-11-20,56.5108,19.0818,19.1856,19.0653
2012-11-19,UUP,stock,22.17,22.18,22.11,22.14,1250700,2012-11-19,2012-11-19,57.4818,19.0776,19.1862,19.0630
2012-11-16,UUP,stock,22.22,22.3,22.22,22.24,1677000,2012-11-16,2012-11-16,68.3933,19.0721,19.1868,19.0603
2012-11-15,UUP,stock,22.19,22.2,22.155,22.2,2094200,2012-11-15,2012-11-15,65.9958,19.0570,19.1865,19.0539
2012-11-14,UUP,stock,22.19,22.21,22.14,22.2,1553600,2012-11-14,2012-11-14,65.9958,19.0439,19.1866,19.0487
2012-11-13,UUP,stock,22.22,22.23,22.172,22.21,1232700,2012-11-13,2012-11-13,67.0928,19.0294,19.1866,19.0433
2012-11-12,UUP,stock,22.18,22.2,22.17,22.19,622700,2012-11-12,2012-11-12,66.0446,19.0125,19.1866,19.0373
2012-11-09,UUP,stock,22.19,22.2,22.16,22.18,1655200,2012-11-09,2012-11-09,65.5348,18.9956,19.1867,19.0318
2012-11-08,UUP,stock,22.15,22.177,22.12,22.13,1490700,2012-11-08,2012-11-08,62.9527,18.9778,19.1869,19.0263
2012-11-07,UUP,stock,22.14,22.16,22.12,22.13,1777800,2012-11-07,2012-11-07,62.9527,18.9627,19.1876,19.0225
2012-11-06,UUP,stock,22.09,22.11,22.07,22.09,708400,2012-11-06,2012-11-06,60.9338,18.9461,19.1883,19.0185
2012-11-05,UUP,stock,22.12,22.14,22.1,22.12,911800,2012-11-05,2012-11-05,63.3376,18.9313,19.1893,19.0157
2012-11-02,UUP,stock,22.03,22.09,22.03,22.07,2291600,2012-11-02,2012-11-02,60.9537,18.9122,19.1901,19.0117
2012-11-01,UUP,stock,21.89,21.94,21.87,21.92,499900,2012-11-01,2012-11-01,52.3166,18.8957,19.1913,19.0094
2012-10-31,UUP,stock,21.88,21.91,21.86,21.89,1560300,2012-10-31,2012-10-31,50.2738,18.8911,19.1938,19.0122
2012-10-26,UUP,stock,21.94,21.9573,21.89,21.93,586800,2012-10-26,2012-10-26,53.0897,18.8887,19.1966,19.0163
2012-10-25,UUP,stock,21.89,21.94,21.87,21.93,290600,2012-10-25,2012-10-25,53.0897,18.8824,19.1991,19.0190
2012-10-24,UUP,stock,21.89,21.9477,21.88,21.91,1214200,2012-10-24,2012-10-24,51.9289,18.8755,19.2016,19.0219
2012-10-23,UUP,stock,21.9,21.94,21.9,21.91,891100,2012-10-23,2012-10-23,51.9289,18.8696,19.2044,19.0256
2012-10-22,UUP,stock,21.8,21.83,21.77,21.81,766000,2012-10-22,2012-10-22,46.1881,18.8632,19.2071,19.0295
2012-10-19,UUP,stock,21.76,21.83,21.76,21.81,1017000,2012-10-19,2012-10-19,46.1881,18.8651,19.2108,19.0370
2012-10-18,UUP,stock,21.68,21.75,21.665,21.73,1423400,2012-10-18,2012-10-18,41.3573,18.8673,19.2144,19.0449
2012-10-17,UUP,stock,21.65,21.67,21.62,21.64,1749200,2012-10-17,2012-10-17,35.2886,18.8770,19.2188,19.0559
2012-10-16,UUP,stock,21.75,21.785,21.72,21.75,806000,2012-10-16,2012-10-16,39.9847,18.8958,19.2241,19.0705
2012-10-15,UUP,stock,21.83,21.875,21.83,21.84,576500,2012-10-15,2012-10-15,44.4820,18.9067,19.2284,19.0819
2012-10-12,UUP,stock,21.8,21.848,21.795,21.83,623000,2012-10-12,2012-10-12,43.8302,18.9105,19.2320,19.0905
2012-10-11,UUP,stock,21.85,21.87,21.84,21.86,733500,2012-10-11,2012-10-11,45.3122,18.9156,19.2357,19.0998
2012-10-10,UUP,stock,21.91,21.94,21.88,21.9,966300,2012-10-10,2012-10-10,47.2920,18.9185,19.2392,19.1085
2012-10-09,UUP,stock,21.88,21.96,21.861,21.95,1672100,2012-10-09,2012-10-09,49.8185,18.9182,19.2424,19.1161
2012-10-08,UUP,stock,21.82,21.829,21.79,21.81,508400,2012-10-08,2012-10-08,41.7239,18.9132,19.2452,19.1222
2012-10-05,UUP,stock,21.71,21.78,21.68,21.76,1400300,2012-10-05,2012-10-05,38.4302,18.9204,19.2492,19.1335
2012-10-04,UUP,stock,21.82,21.83,21.73,21.755,1189300,2012-10-04,2012-10-04,38.1054,18.9329,19.2537,19.1471
2012-10-03,UUP,stock,21.9,21.94,21.8899,21.91,861200,2012-10-03,2012-10-03,44.9286,18.9472,19.2583,19.1614
2012-10-02,UUP,stock,21.83,21.87,21.78,21.85,888500,2012-10-02,2012-10-02,41.1402,18.9489,19.2616,19.1708
2012-10-01,UUP,stock,21.85,21.89,21.82,21.87,3236000,2012-10-01,2012-10-01,42.0352,18.9563,19.2654,19.1827
2012-09-28,UUP,stock,21.82,21.93,21.81,21.92,884300,2012-09-28,2012-09-28,44.2711,18.9626,19.2692,19.1944
2012-09-27,UUP,stock,21.85,21.915,21.781,21.815,1382600,2012-09-27,2012-09-27,37.8219,18.9650,19.2725,19.2048
2012-09-26,UUP,stock,21.89,21.93,21.88,21.88,1436800,2012-09-26,2012-09-26,40.5172,18.9772,19.2767,19.2193
2012-09-25,UUP,stock,21.77,21.84,21.74,21.84,756800,2012-09-25,2012-09-25,37.9922,18.9848,19.2805,19.2321
2012-09-24,UUP,stock,21.84,21.85,21.79,21.8,1002600,2012-09-24,2012-09-24,35.4476,18.9968,19.2846,19.2469
2012-09-21,UUP,stock,21.71,21.76,21.69,21.75,889800,2012-09-21,2012-09-21,32.2192,19.0138,19.2891,19.2637
2012-09-20,UUP,stock,21.83,21.85,21.77,21.77,1485100,2012-09-20,2012-09-20,32.8291,19.0370,19.2941,19.2829
2012-09-19,UUP,stock,21.73,21.745,21.66,21.67,1007800,2012-09-19,2012-09-19,26.3575,19.0609,19.2989,19.3022
2012-09-18,UUP,stock,21.71,21.75,21.68,21.74,1785600,2012-09-18,2012-09-18,28.1184,19.0964,19.3047,19.3258
2012-09-17,UUP,stock,21.64,21.69,21.6001,21.67,3049800,2012-09-17,2012-09-17,23.3642,19.1293,19.3100,19.3479
2012-09-14,UUP,stock,21.64,21.67,21.57,21.64,5673000,2012-09-14,2012-09-14,21.2926,19.1720,19.3159,19.3734
2012-09-13,UUP,stock,21.87,21.91,21.72,21.75,5859700,2012-09-13,2012-09-13,23.4509,19.2219,19.3221,19.4010
2012-09-12,UUP,stock,21.87,21.91,21.86,21.89,2335400,2012-09-12,2012-09-12,26.6427,19.2671,19.3274,19.4258
2012-09-11,UUP,stock,21.97,21.97,21.9,21.91,2639400,2012-09-11,2012-09-11,27.1326,19.3043,19.3315,19.4467
2012-09-10,UUP,stock,22.05,22.08,22.01,22.08,1036600,2012-09-10,2012-09-10,31.7385,19.3436,19.3356,19.4677
2012-09-07,UUP,stock,22.07,22.09,22,22.01,6999500,2012-09-07,2012-09-07,27.0003,19.3716,19.3382,19.4837
2012-09-06,UUP,stock,22.33,22.36,22.24,22.25,1709300,2012-09-06,2012-09-06,34.6596,19.4089,19.3414,19.5027
2012-09-05,UUP,stock,22.29,22.3199,22.27,22.31,928100,2012-09-05,2012-09-05,37.1029,19.4282,19.3426,19.5140
2012-09-04,UUP,stock,22.31,22.34,22.29,22.33,661900,2012-09-04,2012-09-04,37.9306,19.4442,19.3432,19.5237
2012-08-31,UUP,stock,22.27,22.34,22.23,22.3,2845200,2012-08-31,2012-08-31,35.9402,19.4600,19.3437,19.5331
2012-08-30,UUP,stock,22.37,22.45,22.35,22.44,1063900,2012-08-30,2012-08-30,41.7402,19.4802,19.3445,19.5439
2012-08-29,UUP,stock,22.37,22.41,22.36,22.39,1194600,2012-08-29,2012-08-29,38.4459,19.4899,19.3440,19.5503
2012-08-28,UUP,stock,22.34,22.35,22.315,22.35,813200,2012-08-28,2012-08-28,35.7470,19.5050,19.3440,19.5586
2012-08-27,UUP,stock,22.4,22.44,22.3901,22.44,808400,2012-08-27,2012-08-27,39.3519,19.5254,19.3443,19.5687
2012-08-24,UUP,stock,22.43,22.43,22.35,22.42,1645400,2012-08-24,2012-08-24,38.0631,19.5398,19.3439,19.5760
2012-08-23,UUP,stock,22.37,22.38,22.3,22.35,3212400,2012-08-23,2012-08-23,33.4678,19.5575,19.3436,19.5844
2012-08-22,UUP,stock,22.53,22.54,22.37,22.39,1277900,2012-08-22,2012-08-22,34.8394,19.5834,19.3439,19.5955
2012-08-21,UUP,stock,22.5,22.51,22.46,22.5,2244500,2012-08-21,2012-08-21,38.9113,19.6085,19.3439,19.6057
2012-08-20,UUP,stock,22.71,22.71,22.65,22.65,489900,2012-08-20,2012-08-20,45.6702,19.6261,19.3429,19.6125
2012-08-17,UUP,stock,22.65,22.74,22.65,22.68,1324400,2012-08-17,2012-08-17,47.1926,19.6320,19.3407,19.6142
2012-08-16,UUP,stock,22.68,22.69,22.62,22.64,662000,2012-08-16,2012-08-16,44.9194,19.6357,19.3381,19.6149
2012-08-15,UUP,stock,22.72,22.74,22.7,22.72,548400,2012-08-15,2012-08-15,48.8225,19.6435,19.3358,19.6171
2012-08-14,UUP,stock,22.66,22.69,22.64,22.66,1726300,2012-08-14,2012-08-14,45.5260,19.6449,19.3329,19.6165
2012-08-13,UUP,stock,22.63,22.67,22.5905,22.65,1348600,2012-08-13,2012-08-13,44.9776,19.6518,19.3304,19.6181
2012-08-10,UUP,stock,22.77,22.78,22.655,22.68,691500,2012-08-10,2012-08-10,46.2755,19.6604,19.3280,19.6200
2012-08-09,UUP,stock,22.72,22.76,22.6813,22.72,1609400,2012-08-09,2012-08-09,47.9902,19.6671,19.3253,19.6210
2012-08-08,UUP,stock,22.67,22.67,22.6099,22.64,1274700,2012-08-08,2012-08-08,44.1468,19.6709,19.3222,19.6206
2012-08-07,UUP,stock,22.56,22.61,22.54,22.6,2148900,2012-08-07,2012-08-07,42.1624,19.6824,19.3198,19.6230
2012-08-06,UUP,stock,22.63,22.65,22.555,22.6,1869000,2012-08-06,2012-08-06,42.1624,19.6988,19.3177,19.6269
2012-08-03,UUP,stock,22.78,22.79,22.62,22.63,1787800,2012-08-03,2012-08-03,43.1539,19.7168,19.3156,19.6310
2012-08-02,UUP,stock,22.9,22.96,22.84,22.91,1220200,2012-08-02,2012-08-02,54.2003,19.7340,19.3132,19.6341
2012-08-01,UUP,stock,22.71,22.88,22.7005,22.87,1895900,2012-08-01,2012-08-01,52.5904,19.7276,19.3084,19.6276
2012-07-31,UUP,stock,22.75,22.77,22.67,22.71,1186700,2012-07-31,2012-07-31,45.4714,19.7242,19.3039,19.6221
2012-07-30,UUP,stock,22.81,22.81,22.76,22.77,1311000,2012-07-30,2012-07-30,47.9802,19.7349,19.3007,19.6221
2012-07-27,UUP,stock,22.71,22.775,22.63,22.74,2241100,2012-07-27,2012-07-27,46.6126,19.7413,19.2969,19.6200
2012-07-26,UUP,stock,22.75,22.79,22.7,22.75,2042200,2012-07-26,2012-07-26,46.9950,19.7511,19.2934,19.6189
2012-07-25,UUP,stock,23,23.05,22.97,22.98,1060000,2012-07-25,2012-07-25,56.9784,19.7611,19.2897,19.6173
2012-07-24,UUP,stock,23.03,23.14,23.02,23.1,3442300,2012-07-24,2012-07-24,63.5153,19.7511,19.2840,19.6076
2012-07-23,UUP,stock,23.09,23.11,22.99,23.01,2129000,2012-07-23,2012-07-23,60.3470,19.7292,19.2773,19.5933
2012-07-20,UUP,stock,22.93,22.985,22.92,22.98,2744000,2012-07-20,2012-07-20,59.2518,19.7132,19.2712,19.5815
2012-07-19,UUP,stock,22.85,22.87,22.78,22.81,1243200,2012-07-19,2012-07-19,52.3226,19.6982,19.2653,19.5703
2012-07-18,UUP,stock,22.9,22.9,22.82,22.82,1012900,2012-07-18,2012-07-18,52.8131,19.6971,19.2609,19.5647
2012-07-17,UUP,stock,22.87,22.99,22.84,22.84,3565400,2012-07-17,2012-07-17,53.7490,19.6950,19.2563,19.5584
2012-07-16,UUP,stock,22.91,22.95,22.84,22.86,1222600,2012-07-16,2012-07-16,54.6482,19.6908,19.2515,19.5513
2012-07-13,UUP,stock,23.03,23.03,22.9099,22.93,3152600,2012-07-13,2012-07-13,57.7904,19.6844,19.2464,19.5431
2012-07-12,UUP,stock,23.05,23.07,23.01,23.03,4914600,2012-07-12,2012-07-12,62.5622,19.6710,19.2407,19.5321
2012-07-11,UUP,stock,22.93,23.01,22.9,22.98,1362900,2012-07-11,2012-07-11,61.0697,19.6470,19.2341,19.5171
2012-07-10,UUP,stock,22.88,22.99,22.88,22.96,1263100,2012-07-10,2012-07-10,60.4846,19.6250,19.2279,19.5033
2012-07-09,UUP,stock,22.93,22.95,22.88,22.88,1315600,2012-07-09,2012-07-09,58.1483,19.6026,19.2218,19.4896
2012-07-06,UUP,stock,22.88,22.97,22.86,22.95,2134600,2012-07-06,2012-07-06,61.0826,19.5851,19.2163,19.4782
2012-07-05,UUP,stock,22.79,22.83,22.78,22.8,1576700,2012-07-05,2012-07-05,56.7388,19.5593,19.2101,19.4639
2012-07-03,UUP,stock,22.56,22.57,22.48,22.5,642900,2012-07-03,2012-07-03,45.4261,19.5445,19.2052,19.4543
2012-07-02,UUP,stock,22.52,22.5601,22.51,22.52,2582300,2012-07-02,2012-07-02,46.1735,19.5555,19.2028,19.4548
2012-06-29,UUP,stock,22.44,22.49,22.42,22.47,3169700,2012-06-29,2012-06-29,44.0359,19.5657,19.2002,19.4547
2012-06-28,UUP,stock,22.79,22.83,22.76,22.78,1846800,2012-06-28,2012-06-28,57.0887,19.5816,19.1981,19.4563
2012-06-27,UUP,stock,22.74,22.79,22.725,22.75,889700,2012-06-27,2012-06-27,55.9144,19.5710,19.1932,19.4471
2012-06-26,UUP,stock,22.73,22.77,22.67,22.68,783600,2012-06-26,2012-06-26,53.1358,19.5619,19.1885,19.4385
2012-06-25,UUP,stock,22.74,22.75,22.7,22.72,1872800,2012-06-25,2012-06-25,54.9743,19.5583,19.1845,19.4321
2012-06-22,UUP,stock,22.65,22.72,22.63,22.65,1272800,2012-06-22,2012-06-22,52.2919,19.5507,19.1800,19.4239
2012-06-21,UUP,stock,22.53,22.71,22.52,22.7,2785300,2012-06-21,2012-06-21,54.4432,19.5486,19.1760,19.4180
2012-06-20,UUP,stock,22.42,22.53,22.38,22.46,2013500,2012-06-20,2012-06-20,44.2138,19.5418,19.1716,19.4100
2012-06-19,UUP,stock,22.51,22.5229,22.38,22.43,3698500,2012-06-19,2012-06-19,42.7209,19.5560,19.1693,19.4101
2012-06-18,UUP,stock,22.59,22.64,22.57,22.6,1576100,2012-06-18,2012-06-18,49.7223,19.5745,19.1672,19.4114
2012-06-15,UUP,stock,22.58,22.61,22.49,22.5,2414300,2012-06-15,2012-06-15,44.7791,19.5795,19.1635,19.4066
2012-06-14,UUP,stock,22.69,22.69,22.58,22.6,1372000,2012-06-14,2012-06-14,49.2780,19.5941,19.1608,19.4052
2012-06-13,UUP,stock,22.73,22.76,22.63,22.69,1996500,2012-06-13,2012-06-13,53.7947,19.6012,19.1571,19.4003
2012-06-12,UUP,stock,22.81,22.86,22.75,22.76,1430100,2012-06-12,2012-06-12,57.6083,19.6008,19.1526,19.3919
2012-06-11,UUP,stock,22.71,22.84,22.71,22.84,842200,2012-06-11,2012-06-11,62.2948,19.5940,19.1474,19.3807
2012-06-08,UUP,stock,22.9,22.91,22.79,22.81,1487700,2012-06-08,2012-06-08,61.1956,19.5792,19.1415,19.3663
2012-06-07,UUP,stock,22.65,22.76,22.64,22.74,2318100,2012-06-07,2012-06-07,58.5792,19.5655,19.1358,19.3523
2012-06-06,UUP,stock,22.87,22.88,22.71,22.71,3597600,2012-06-06,2012-06-06,57.4371,19.5569,19.1307,19.3403
2012-06-05,UUP,stock,22.9,22.94,22.87,22.9,1299600,2012-06-05,2012-06-05,68.5531,19.5500,19.1257,19.3287
2012-06-04,UUP,stock,22.84,22.87,22.81,22.82,2541400,2012-06-04,2012-06-04,65.9788,19.5251,19.1191,19.3101
2012-06-01,UUP,stock,22.94,22.995,22.86,22.92,4633900,2012-06-01,2012-06-01,72.9062,19.5049,19.1131,19.2934
2012-05-31,UUP,stock,22.93,23.02,22.92,22.99,3406600,2012-05-31,2012-05-31,78.2462,19.4734,19.1061,19.2726
2012-05-30,UUP,stock,22.89,22.98,22.88,22.98,2566700,2012-05-30,2012-05-30,78.0328,19.4323,19.0985,19.2485
2012-05-29,UUP,stock,22.75,22.86,22.72,22.8,5488000,2012-05-29,2012-05-29,73.7237,19.3877,19.0909,19.2237
2012-05-25,UUP,stock,22.8,22.82,22.75,22.82,2210700,2012-05-25,2012-05-25,75.2466,19.3549,19.0848,19.2043
2012-05-24,UUP,stock,22.71,22.8,22.68,22.79,2006300,2012-05-24,2012-05-24,74.5133,19.3167,19.0784,19.1833
2012-05-23,UUP,stock,22.62,22.76,22.61,22.7,2700000,2012-05-23,2012-05-23,72.2208,19.2773,19.0723,19.1626
2012-05-22,UUP,stock,22.5,22.65,22.47,22.62,5485400,2012-05-22,2012-05-22,69.9930,19.2419,19.0668,19.1442
2012-05-21,UUP,stock,22.52,22.538,22.39,22.39,2053200,2012-05-21,2012-05-21,61.8184,19.2100,19.0620,19.1278
2012-05-18,UUP,stock,22.52,22.56,22.44,22.46,2897900,2012-05-18,2012-05-18,66.9748,19.1958,19.0592,19.1189
2012-05-17,UUP,stock,22.58,22.61,22.5009,22.55,3531300,2012-05-17,2012-05-17,74.3818,19.1736,19.0557,19.1072
2012-05-16,UUP,stock,22.52,22.58,22.49,22.57,2850000,2012-05-16,2012-05-16,76.1190,19.1409,19.0514,19.0918
2012-05-15,UUP,stock,22.41,22.52,22.39,22.52,8029300,2012-05-15,2012-05-15,74.7500,19.1030,19.0469,19.0751
2012-05-14,UUP,stock,22.34,22.36,22.3,22.335,3494800,2012-05-14,2012-05-14,68.5576,19.0656,19.0427,19.0595
2012-05-11,UUP,stock,22.23,22.24,22.18,22.24,992100,2012-05-11,2012-05-11,64.3938,19.0412,19.0402,19.0498
2012-05-10,UUP,stock,22.16,22.21,22.14,22.2,1127300,2012-05-10,2012-05-10,62.4496,19.0227,19.0384,19.0430
2012-05-09,UUP,stock,22.19,22.24,22.15,22.18,3137000,2012-05-09,2012-05-09,61.4728,19.0060,19.0370,19.0373
2012-05-08,UUP,stock,22.1,22.15,22.0643,22.09,2177900,2012-05-08,2012-05-08,56.7748,18.9894,19.0357,19.0321
2012-05-07,UUP,stock,22.05,22.07,22.0257,22.04,716400,2012-05-07,2012-05-07,53.8731,18.9791,19.0352,19.0299
2012-05-04,UUP,stock,21.92,22.02,21.8901,22.01,1369300,2012-05-04,2012-05-04,52.0809,18.9724,19.0351,19.0294
2012-05-03,UUP,stock,21.91,21.94,21.9,21.92,714000,2012-05-03,2012-05-03,46.2648,18.9676,19.0353,19.0299
2012-05-02,UUP,stock,21.94,21.96,21.9,21.9,1063900,2012-05-02,2012-05-02,44.8844,18.9706,19.0362,19.0335
2012-05-01,UUP,stock,21.78,21.868,21.76,21.83,819300,2012-05-01,2012-05-01,39.8637,18.9757,19.0374,19.0381
2012-04-30,UUP,stock,21.82,21.8399,21.8,21.81,700100,2012-04-30,2012-04-30,38.3744,18.9877,19.0391,19.0453
2012-04-27,UUP,stock,21.81,21.82,21.77,21.82,2506100,2012-04-27,2012-04-27,38.8208,19.0027,19.0411,19.0535
2012-04-26,UUP,stock,21.87,21.89,21.83,21.86,1235600,2012-04-26,2012-04-26,40.5738,19.0185,19.0430,19.0616
2012-04-25,UUP,stock,21.9,21.97,21.875,21.89,1123800,2012-04-25,2012-04-25,41.8912,19.0322,19.0445,19.0687
2012-04-24,UUP,stock,21.95,21.96,21.91,21.94,584200,2012-04-24,2012-04-24,44.1076,19.0447,19.0459,19.0751
2012-04-23,UUP,stock,22.01,22.0619,21.98,22,1088200,2012-04-23,2012-04-23,46.8709,19.0539,19.0468,19.0799
2012-04-20,UUP,stock,21.97,21.98,21.92,21.93,2116600,2012-04-20,2012-04-20,43.0025,19.0587,19.0471,19.0828
2012-04-19,UUP,stock,22.09,22.09,22.02,22.05,1457400,2012-04-19,2012-04-19,48.6401,19.0703,19.0481,19.0883
2012-04-18,UUP,stock,22.12,22.12,22.0301,22.06,1434800,2012-04-18,2012-04-18,49.1386,19.0722,19.0481,19.0898
2012-04-17,UUP,stock,22.04,22.0781,22.0132,22.06,944400,2012-04-17,2012-04-17,49.1386,19.0735,19.0480,19.0910
2012-04-16,UUP,stock,22.18,22.2,22.0401,22.07,1837600,2012-04-16,2012-04-16,49.5767,19.0748,19.0478,19.0922
2012-04-13,UUP,stock,22.07,22.16,22.07,22.16,1916100,2012-04-13,2012-04-13,53.5680,19.0754,19.0476,19.0931
2012-04-12,UUP,stock,22.05,22.055,21.965,21.98,2004300,2012-04-12,2012-04-12,45.4054,19.0679,19.0466,19.0909
2012-04-11,UUP,stock,22.075,22.14,22.06,22.13,1157500,2012-04-11,2012-04-11,52.5546,19.0759,19.0472,19.0950
2012-04-10,UUP,stock,22.14,22.2,22.12,22.16,1990300,2012-04-10,2012-04-10,54.1377,19.0711,19.0464,19.0939
2012-04-09,UUP,stock,22.2,22.2,22.09,22.125,1963400,2012-04-09,2012-04-09,52.5906,19.0632,19.0454,19.0918
2012-04-05,UUP,stock,22.23,22.23,22.1825,22.2,1669100,2012-04-05,2012-04-05,56.3746,19.0575,19.0447,19.0908
2012-04-04,UUP,stock,22.14,22.15,22.11,22.13,2792300,2012-04-04,2012-04-04,53.4733,19.0445,19.0433,19.0870
2012-04-03,UUP,stock,21.875,22.045,21.85,22.02,3016100,2012-04-03,2012-04-03,48.4729,19.0364,19.0426,19.0857
2012-04-02,UUP,stock,21.93,21.94,21.85,21.855,1642900,2012-04-02,2012-04-02,39.4017,19.0375,19.0427,19.0881
2012-03-30,UUP,stock,21.87,21.9275,21.86,21.91,1650300,2012-03-30,2012-03-30,41.6724,19.0537,19.0443,19.0964
2012-03-29,UUP,stock,21.98,22.0099,21.94,21.94,1441900,2012-03-29,2012-03-29,42.9254,19.0666,19.0455,19.1032
2012-03-28,UUP,stock,21.94,22.01,21.94,21.95,1145000,2012-03-28,2012-03-28,43.3287,19.0782,19.0464,19.1092
2012-03-27,UUP,stock,21.92,21.96,21.92,21.96,1676200,2012-03-27,2012-03-27,43.7100,19.0900,19.0472,19.1150
2012-03-26,UUP,stock,21.95,21.97,21.88,21.8843,8065200,2012-03-26,2012-03-26,39.9985,19.1022,19.0479,19.1208
2012-03-23,UUP,stock,22.07,22.08,21.99,22.02,1801000,2012-03-23,2012-03-23,44.9296,19.1226,19.0493,19.1294
2012-03-22,UUP,stock,22.19,22.2,22.11,22.135,1273700,2012-03-22,2012-03-22,49.7567,19.1328,19.0495,19.1337
2012-03-21,UUP,stock,22.11,22.1685,22.0739,22.11,2641700,2012-03-21,2012-03-21,48.6429,19.1335,19.0488,19.1340
2012-03-20,UUP,stock,22.14,22.16,22.07,22.1,3295300,2012-03-20,2012-03-20,48.2165,19.1367,19.0482,19.1352
2012-03-19,UUP,stock,22.18,22.19,22.04,22.06,6392200,2012-03-19,2012-03-19,46.5689,19.1411,19.0477,19.1369
2012-03-16,UUP,stock,22.43,22.43,22.16,22.18,9272200,2012-03-16,2012-03-16,51.0981,19.1495,19.0476,19.1400
2012-03-15,UUP,stock,22.37,22.47,22.25,22.33,2866700,2012-03-15,2012-03-15,57.6005,19.1480,19.0464,19.1390
2012-03-14,UUP,stock,22.32,22.4299,22.32,22.42,4204500,2012-03-14,2012-03-14,61.9960,19.1326,19.0440,19.1327
2012-03-13,UUP,stock,22.33,22.34,22.24,22.3,8949200,2012-03-13,2012-03-13,58.0308,19.1075,19.0407,19.1229
2012-03-12,UUP,stock,22.25,22.29,22.22,22.23,1342200,2012-03-12,2012-03-12,55.5168,19.0906,19.0384,19.1170
2012-03-09,UUP,stock,22.23,22.29,22.215,22.26,3080600,2012-03-09,2012-03-09,56.8726,19.0783,19.0367,19.1133
2012-03-08,UUP,stock,22.11,22.11,22.01,22.05,2426000,2012-03-08,2012-03-08,48.7353,19.0619,19.0347,19.1084
2012-03-07,UUP,stock,22.24,22.26,22.18,22.2,2678500,2012-03-07,2012-03-07,55.7067,19.0630,19.0345,19.1107
2012-03-06,UUP,stock,22.23,22.24,22.2,22.23,4045400,2012-03-06,2012-03-06,57.2270,19.0505,19.0331,19.1078
2012-03-05,UUP,stock,22.09,22.12,22.07,22.09,3121200,2012-03-05,2012-03-05,51.4902,19.0340,19.0313,19.1037
2012-03-02,UUP,stock,22.09,22.135,22.08,22.11,3417700,2012-03-02,2012-03-02,52.4229,19.0284,19.0307,19.1044
2012-03-01,UUP,stock,21.97,21.97,21.91,21.96,2609300,2012-03-01,2012-03-01,45.5547,19.0205,19.0300,19.1045
2012-02-29,UUP,stock,21.77,21.98,21.74,21.96,4824700,2012-02-29,2012-02-29,45.5547,19.0254,19.0306,19.1098
2012-02-28,UUP,stock,21.83,21.89,21.78,21.78,3676300,2012-02-28,2012-02-28,35.9942,19.0308,19.0311,19.1153
2012-02-27,UUP,stock,21.9,21.91,21.84,21.88,7572600,2012-02-27,2012-02-27,39.5796,19.0531,19.0333,19.1274
2012-02-24,UUP,stock,21.86,21.87,21.79,21.81,8854600,2012-02-24,2012-02-24,35.3968,19.0687,19.0346,19.1365
2012-02-23,UUP,stock,22.01,22.05,21.9,21.9,4149900,2012-02-23,2012-02-23,38.5859,19.0923,19.0365,19.1484
2012-02-22,UUP,stock,22.09,22.12,22.06,22.07,2492500,2012-02-22,2012-02-22,45.8279,19.1101,19.0376,19.1577
2012-02-21,UUP,stock,22.03,22.06,21.99,22.04,3000400,2012-02-21,2012-02-21,44.1090,19.1145,19.0373,19.1613
2012-02-17,UUP,stock,22.07,22.14,22.07,22.13,2386100,2012-02-17,2012-02-17,48.3860,19.1219,19.0372,19.1661
2012-02-16,UUP,stock,22.285,22.3,22.09,22.13,8186200,2012-02-16,2012-02-16,48.3860,19.1220,19.0364,19.1679
2012-02-15,UUP,stock,22.15,22.2373,22.14,22.21,2198000,2012-02-15,2012-02-15,52.2706,19.1221,19.0355,19.1698
2012-02-14,UUP,stock,22.09,22.21,22.06,22.14,4218500,2012-02-14,2012-02-14,48.9400,19.1150,19.0340,19.1690
2012-02-13,UUP,stock,21.97,22.03,21.96,22.03,1274500,2012-02-13,2012-02-13,43.1513,19.1134,19.0330,19.1706
2012-02-10,UUP,stock,22.055,22.08,22.03,22.06,5713900,2012-02-10,2012-02-10,44.4268,19.1217,19.0330,19.1761
2012-02-09,UUP,stock,21.87,21.92,21.84,21.92,2764100,2012-02-09,2012-02-09,36.2627,19.1282,19.0327,19.1809
2012-02-08,UUP,stock,21.91,21.96,21.87,21.91,4589800,2012-02-08,2012-02-08,35.6355,19.1480,19.0337,19.1907
2012-02-07,UUP,stock,21.98,22.01,21.88,21.89,5194100,2012-02-07,2012-02-07,34.4374,19.1708,19.0347,19.2013
2012-02-06,UUP,stock,22.15,22.15,22.03,22.04,2234400,2012-02-06,2012-02-06,39.5666,19.1979,19.0359,19.2130
2012-02-03,UUP,stock,22.11,22.12,22,22.03,6590300,2012-02-03,2012-02-03,39.0042,19.2142,19.0358,19.2200
2012-02-02,UUP,stock,22.03,22.0488,21.97,22.03,1509400,2012-02-02,2012-02-02,39.0042,19.2331,19.0359,19.2275
2012-02-01,UUP,stock,22,22.02,21.93,22.02,3585600,2012-02-01,2012-02-01,38.5108,19.2540,19.0359,19.2354
2012-01-31,UUP,stock,22.01,22.18,22.01,22.12,4211700,2012-01-31,2012-01-31,41.6383,19.2780,19.0360,19.2440
2012-01-30,UUP,stock,22.14,22.15,22.06,22.07,2236500,2012-01-30,2012-01-30,39.3515,19.2954,19.0352,19.2493
2012-01-27,UUP,stock,22.13,22.135,21.97,21.99,7104000,2012-01-27,2012-01-27,35.6027,19.3192,19.0349,19.2567
2012-01-26,UUP,stock,22.08,22.17,22.06,22.15,4780200,2012-01-26,2012-01-26,40.2197,19.3528,19.0352,19.2672
2012-01-25,UUP,stock,22.36,22.41,22.15,22.17,9775700,2012-01-25,2012-01-25,40.8343,19.3754,19.0342,19.2724
2012-01-24,UUP,stock,22.355,22.38,22.27,22.27,2846000,2012-01-24,2012-01-24,43.9530,19.3985,19.0330,19.2772
2012-01-23,UUP,stock,22.26,22.28,22.21,22.24,5025900,2012-01-23,2012-01-23,42.7346,19.4149,19.0309,19.2786
2012-01-20,UUP,stock,22.42,22.43,22.36,22.37,2612900,2012-01-20,2012-01-20,46.8308,19.4359,19.0290,19.2812
2012-01-19,UUP,stock,22.42,22.46,22.35,22.35,8162200,2012-01-19,2012-01-19,46.0927,19.4472,19.0260,19.2792
2012-01-18,UUP,stock,22.55,22.57,22.47,22.47,3362100,2012-01-18,2012-01-18,49.9568,19.4615,19.0231,19.2779
2012-01-17,UUP,stock,22.68,22.69,22.62,22.67,4433600,2012-01-17,2012-01-17,57.4047,19.4664,19.0192,19.2723
2012-01-13,UUP,stock,22.74,22.85,22.7305,22.75,5596100,2012-01-13,2012-01-13,60.7698,19.4537,19.0135,19.2595
2012-01-12,UUP,stock,22.61,22.63,22.55,22.57,5006700,2012-01-12,2012-01-12,55.2945,19.4323,19.0070,19.2433
2012-01-11,UUP,stock,22.71,22.78,22.71,22.72,3701100,2012-01-11,2012-01-11,61.9894,19.4250,19.0020,19.2327
2012-01-10,UUP,stock,22.6,22.63,22.58,22.62,1946300,2012-01-10,2012-01-10,58.9095,19.4034,18.9957,19.2165
2012-01-09,UUP,stock,22.67,22.72,22.63,22.64,5967100,2012-01-09,2012-01-09,59.8095,19.3885,18.9902,19.2031
2012-01-06,UUP,stock,22.68,22.7689,22.68,22.72,5033300,2012-01-06,2012-01-06,63.4076,19.3703,18.9845,19.1884
2012-01-05,UUP,stock,22.59,22.65,22.59,22.64,6060500,2012-01-05,2012-01-05,61.2426,19.3428,18.9780,19.1704
2012-01-04,UUP,stock,22.4,22.47,22.37,22.4,3994200,2012-01-04,2012-01-04,53.5938,19.3198,18.9721,19.1544
2012-01-03,UUP,stock,22.32,22.33,22.24,22.275,11581900,2012-01-03,2012-01-03,48.6972,19.3162,18.9682,19.1463
2011-12-30,UUP,stock,22.4701,22.48,22.39,22.47,2222200,2011-12-30,2011-12-30,57.4833,19.3235,18.9655,19.1422
2011-12-29,UUP,stock,22.57,22.6,22.5,22.51,5397900,2011-12-29,2011-12-29,59.5291,19.3139,18.9609,19.1310
2011-12-28,UUP,stock,22.41,22.58,22.4,22.55,6855200,2011-12-28,2011-12-28,61.5637,19.2996,18.9560,19.1180
2011-12-27,UUP,stock,22.35,22.36,22.31,22.34,1978500,2011-12-27,2011-12-27,53.8794,19.2802,18.9507,19.1031
2011-12-23,UUP,stock,22.38,22.4,22.36,22.385,877000,2011-12-23,2011-12-23,56.1115,19.2779,18.9472,19.0950
2011-12-22,UUP,stock,22.42,22.43,22.35,22.38,1088500,2011-12-22,2011-12-22,55.9231,19.2712,18.9432,19.0849
2011-12-21,UUP,stock,22.38,22.42,22.33,22.38,2205100,2011-12-21,2011-12-21,55.9231,19.2643,18.9393,19.0746
2011-12-20,UUP,stock,22.33,22.3881,22.31,22.38,2974800,2011-12-20,2011-12-20,55.9231,19.2566,18.9353,19.0639
2011-12-19,UUP,stock,22.52,22.57,22.49,22.57,3798600,2011-12-19,2011-12-19,64.3242,19.2481,18.9312,19.0528
2011-12-16,UUP,stock,22.53,22.58,22.46,22.49,2741300,2011-12-16,2011-12-16,62.0981,19.2215,18.9255,19.0345
2011-12-15,UUP,stock,22.54,22.62,22.45,22.56,5480700,2011-12-15,2011-12-15,65.4146,19.1993,18.9204,19.0182
2011-12-14,UUP,stock,22.65,22.7,22.6,22.62,4584500,2011-12-14,2011-12-14,68.3187,19.1684,18.9147,18.9989
2011-12-13,UUP,stock,22.37,22.61,22.31,22.57,7047600,2011-12-13,2011-12-13,67.1916,19.1289,18.9083,18.9766
2011-12-12,UUP,stock,22.29,22.39,22.28,22.35,4463600,2011-12-12,2011-12-12,61.6118,19.0897,18.9024,18.9552
2011-12-09,UUP,stock,22.18,22.19,22.1,22.12,3152100,2011-12-09,2011-12-09,54.0204,19.0664,18.8983,18.9407
2011-12-08,UUP,stock,22.14,22.23,22.13,22.19,4189400,2011-12-08,2011-12-08,57.2182,19.0615,18.8961,18.9336
2011-12-07,UUP,stock,22.13,22.15,22.03,22.07,1642300,2011-12-07,2011-12-07,52.7675,19.0498,18.8933,18.9239
2011-12-06,UUP,stock,22.15,22.15,22.07,22.1,2880900,2011-12-06,2011-12-06,54.0734,19.0477,18.8916,18.9179
2011-12-05,UUP,stock,22.03,22.15,22,22.12,3726200,2011-12-05,2011-12-05,54.9147,19.0427,18.8895,18.9107
2011-12-02,UUP,stock,22,22.18,21.99,22.12,3208300,2011-12-02,2011-12-02,54.9147,19.0354,18.8873,18.9025
2011-12-01,UUP,stock,22.02,22.06,21.97,22.05,2867100,2011-12-01,2011-12-01,52.6935,19.0273,18.8850,18.8939
2011-11-30,UUP,stock,21.99,22.09,21.98,22.06,5716900,2011-11-30,2011-11-30,53.0401,19.0247,18.8833,18.8875
2011-11-29,UUP,stock,22.28,22.29,22.19,22.25,3047200,2011-11-29,2011-11-29,60.0042,19.0209,18.8815,18.8804
2011-11-28,UUP,stock,22.22,22.34,22.2,22.33,3536000,2011-11-28,2011-11-28,63.2512,18.9995,18.8781,18.8663
2011-11-25,UUP,stock,22.39,22.44,22.33,22.42,6343400,2011-11-25,2011-11-25,67.0409,18.9685,18.8739,18.8489
2011-11-23,UUP,stock,22.2,22.32,22.19,22.29,7065900,2011-11-23,2011-11-23,64.1608,18.9261,18.8689,18.8275
2011-11-22,UUP,stock,22.05,22.09,22.01,22.04,5219800,2011-11-22,2011-11-22,57.5342,18.8910,18.8650,18.8099
2011-11-21,UUP,stock,22.08,22.13,22.01,22.05,4543400,2011-11-21,2011-11-21,57.9321,18.8749,18.8632,18.8004
2011-11-18,UUP,stock,21.93,22.03,21.92,22.01,7932000,2011-11-18,2011-11-18,56.8231,18.8563,18.8613,18.7901
2011-11-17,UUP,stock,21.99,22.09,21.97,22.07,6614900,2011-11-17,2011-11-17,58.9891,18.8394,18.8597,18.7809
2011-11-16,UUP,stock,22.04,22.06,21.95,22.04,5031400,2011-11-16,2011-11-16,58.2502,18.8152,18.8576,18.7691
2011-11-15,UUP,stock,21.95,22.03,21.91,21.97,3720400,2011-11-15,2011-11-15,56.5543,18.7911,18.8558,18.7579
2011-11-14,UUP,stock,21.81,21.89,21.81,21.84,3536100,2011-11-14,2011-11-14,53.2816,18.7710,18.8545,18.7487
2011-11-11,UUP,stock,21.79,21.8,21.64,21.69,3606000,2011-11-11,2011-11-11,49.1801,18.7605,18.8543,18.7437
2011-11-10,UUP,stock,21.88,21.98,21.86,21.91,4264600,2011-11-10,2011-11-10,55.8589,18.7625,18.8555,18.7439
2011-11-09,UUP,stock,21.89,22.01,21.89,21.97,5592000,2011-11-09,2011-11-09,57.8484,18.7448,18.8547,18.7362
2011-11-08,UUP,stock,21.65,21.6988,21.58,21.59,3504900,2011-11-08,2011-11-08,46.6800,18.7198,18.8534,18.7261
2011-11-07,UUP,stock,21.72,21.77,21.66,21.69,2438700,2011-11-07,2011-11-07,49.9116,18.7266,18.8554,18.7291
2011-11-04,UUP,stock,21.72,21.8,21.68,21.71,2576300,2011-11-04,2011-11-04,50.5616,18.7251,18.8566,18.7286
2011-11-03,UUP,stock,21.71,21.83,21.59,21.65,3488100,2011-11-03,2011-11-03,48.7004,18.7217,18.8576,18.7274
2011-11-02,UUP,stock,21.65,21.79,21.625,21.75,3508400,2011-11-02,2011-11-02,51.7134,18.7233,18.8591,18.7282
2011-11-01,UUP,stock,21.86,21.88,21.71,21.8,9132500,2011-11-01,2011-11-01,53.2428,18.7160,18.8597,18.7256
2011-10-31,UUP,stock,21.41,21.59,21.39,21.57,9507400,2011-10-31,2011-10-31,46.4822,18.7033,18.8600,18.7211
2011-10-28,UUP,stock,21.19,21.2,21.13,21.16,4652600,2011-10-28,2011-10-28,29.6436,18.7103,18.8622,18.7245
2011-10-27,UUP,stock,21.2,21.2489,21.07,21.15,13005800,2011-10-27,2011-10-27,29.1387,18.7553,18.8680,18.7426
2011-10-26,UUP,stock,21.43,21.635,21.42,21.505,5256100,2011-10-26,2011-10-26,38.1689,18.8059,18.8740,18.7617
2011-10-25,UUP,stock,21.49,21.57,21.46,21.51,7586100,2011-10-25,2011-10-25,38.3242,18.8296,18.8770,18.7690
2011-10-24,UUP,stock,21.6,21.61,21.45,21.49,8551800,2011-10-24,2011-10-24,37.3777,18.8553,18.8799,18.7765
2011-10-21,UUP,stock,21.555,21.6299,21.53,21.54,12673800,2011-10-21,2011-10-21,38.7586,18.8855,18.8830,18.7850
2011-10-20,UUP,stock,21.77,21.9,21.72,21.74,6883400,2011-10-20,2011-10-20,44.9230,18.9144,18.8858,18.7921
2011-10-19,UUP,stock,21.67,21.81,21.66,21.78,4863000,2011-10-19,2011-10-19,46.2903,18.9281,18.8868,18.7925
2011-10-18,UUP,stock,21.84,21.91,21.68,21.76,10824400,2011-10-18,2011-10-18,45.5205,18.9396,18.8875,18.7914
2011-10-17,UUP,stock,21.74,21.81,21.72,21.79,5592000,2011-10-17,2011-10-17,46.4478,18.9541,18.8883,18.7910
2011-10-14,UUP,stock,21.66,21.71,21.62,21.65,6447000,2011-10-14,2011-10-14,41.2626,18.9675,18.8889,18.7895
2011-10-13,UUP,stock,21.81,21.88,21.73,21.75,4061100,2011-10-13,2011-10-13,44.0944,18.9950,18.8908,18.7929
2011-10-12,UUP,stock,21.8,21.82,21.71,21.76,7011400,2011-10-12,2011-10-12,44.3772,19.0163,18.8918,18.7929
2011-10-11,UUP,stock,22,22.03,21.89,21.9,3785000,2011-10-11,2011-10-11,48.4136,19.0389,18.8927,18.7926
2011-10-10,UUP,stock,21.975,21.98,21.86,21.92,6098700,2011-10-10,2011-10-10,49.0049,19.0511,18.8924,18.7873
2011-10-07,UUP,stock,22.15,22.3088,22.08,22.27,5596700,2011-10-07,2011-10-07,61.1388,19.0629,18.8919,18.7810
2011-10-06,UUP,stock,22.42,22.44,22.21,22.21,6071100,2011-10-06,2011-10-06,59.5443,19.0440,18.8884,18.7622
2011-10-05,UUP,stock,22.395,22.47,22.31,22.35,8043400,2011-10-05,2011-10-05,65.3545,19.0286,18.8853,18.7448
2011-10-04,UUP,stock,22.55,22.62,22.41,22.42,9702200,2011-10-04,2011-10-04,68.4558,18.9989,18.8811,18.7216
2011-10-03,UUP,stock,22.39,22.53,22.3211,22.51,12602800,2011-10-03,2011-10-03,72.5670,18.9597,18.8761,18.6951
2011-09-30,UUP,stock,22.27,22.32,22.2,22.305,6549200,2011-09-30,2011-09-30,68.5753,18.9081,18.8704,18.6643
2011-09-29,UUP,stock,22.03,22.15,21.97,22.08,4365800,2011-09-29,2011-09-29,63.1038,18.8698,18.8663,18.6395
2011-09-28,UUP,stock,22.015,22.14,21.96,22.13,9008500,2011-09-28,2011-09-28,65.4555,18.8479,18.8642,18.6216
2011-09-27,UUP,stock,22,22.06,21.94,22.05,7307900,2011-09-27,2011-09-27,63.4307,18.8191,18.8616,18.6012
2011-09-26,UUP,stock,22.23,22.315,22.17,22.18,8770100,2011-09-26,2011-09-26,69.5852,18.7946,18.8597,18.5828
2011-09-23,UUP,stock,22.2199,22.31,22.13,22.2,8853000,2011-09-23,2011-09-23,70.5632,18.7557,18.8567,18.5591
2011-09-22,UUP,stock,22.26,22.32,22.18,22.26,12225600,2011-09-22,2011-09-22,73.4388,18.7109,18.8534,18.5337
2011-09-21,UUP,stock,21.89,22.05,21.75,22.03,7469800,2011-09-21,2011-09-21,68.9322,18.6559,18.8496,18.5051
2011-09-20,UUP,stock,21.87,21.9,21.8,21.86,4153600,2011-09-20,2011-09-20,64.8377,18.6160,18.8477,18.4835
2011-09-19,UUP,stock,21.94,22.01,21.82,21.86,8314200,2011-09-19,2011-09-19,64.8377,18.5874,18.8473,18.4670
2011-09-16,UUP,stock,21.7398,21.79,21.69,21.74,3597900,2011-09-16,2011-09-16,61.7711,18.5558,18.8469,18.4499
2011-09-15,UUP,stock,21.63,21.74,21.56,21.66,9403600,2011-09-15,2011-09-15,59.5894,18.5318,18.8475,18.4362
2011-09-14,UUP,stock,21.83,21.94,21.76,21.79,7503000,2011-09-14,2011-09-14,65.2044,18.5125,18.8489,18.4248
2011-09-13,UUP,stock,21.89,21.91,21.8,21.85,12661100,2011-09-13,2011-09-13,67.9484,18.4793,18.8491,18.4084
2011-09-12,UUP,stock,21.95,22.05,21.87,21.92,12886300,2011-09-12,2011-09-12,71.1941,18.4373,18.8488,18.3892
2011-09-09,UUP,stock,21.82,21.94,21.81,21.91,10893700,2011-09-09,2011-09-09,71.0104,18.3844,18.8479,18.3667
2011-09-08,UUP,stock,21.53,21.67,21.48,21.65,5632300,2011-09-08,2011-09-08,65.7351,18.3268,18.8470,18.3437
2011-09-07,UUP,stock,21.51,21.53,21.42,21.43,6186300,2011-09-07,2011-09-07,60.0187,18.2869,18.8484,18.3289
2011-09-06,UUP,stock,21.5,21.59,21.44,21.55,6146600,2011-09-06,2011-09-06,65.5583,18.2628,18.8518,18.3212
2011-09-02,UUP,stock,21.195,21.24,21.17,21.22,2804300,2011-09-02,2011-09-02,54.9375,18.2252,18.8541,18.3091
2011-09-01,UUP,stock,21.15,21.23,21.11,21.16,2502000,2011-09-01,2011-09-01,52.4626,18.2136,18.8593,18.3080
2011-08-31,UUP,stock,20.98,21.07,20.98,21.07,1337400,2011-08-31,2011-08-31,48.5249,18.2063,18.8651,18.3090
2011-08-30,UUP,stock,21.03,21.068,20.98,21.005,1742300,2011-08-30,2011-08-30,45.4971,18.2064,18.8718,18.3133
2011-08-29,UUP,stock,20.91,20.97,20.9,20.93,1383900,2011-08-29,2011-08-29,41.8313,18.2125,18.8790,18.3200
2011-08-26,UUP,stock,21.0301,21.16,20.94,20.96,3423400,2011-08-26,2011-08-26,42.9031,18.2260,18.8870,18.3296
2011-08-25,UUP,stock,21.01,21.15,20.98,21.08,1799400,2011-08-25,2011-08-25,47.4155,18.2382,18.8948,18.3385
2011-08-24,UUP,stock,20.97,21.05,20.925,21.02,1760500,2011-08-24,2011-08-24,44.7159,18.2407,18.9017,18.3436
2011-08-23,UUP,stock,20.98,21.03,20.96,20.98,5855900,2011-08-23,2011-08-23,42.9012,18.2490,18.9091,18.3510
2011-08-22,UUP,stock,20.98,21.07,20.98,21.07,1686100,2011-08-22,2011-08-22,46.0600,18.2618,18.9169,18.3602
2011-08-19,UUP,stock,20.99,21.04,20.92,21.03,2535600,2011-08-19,2011-08-19,44.3696,18.2678,18.9241,18.3665
2011-08-18,UUP,stock,21.07,21.155,21.06,21.08,3394600,2011-08-18,2011-08-18,46.0445,18.2780,18.9317,18.3745
2011-08-17,UUP,stock,20.91,20.98,20.87,20.96,1707600,2011-08-17,2011-08-17,41.0885,18.2848,18.9389,18.3811
2011-08-16,UUP,stock,21.04,21.06,20.97,21.01,2022000,2011-08-16,2011-08-16,42.6025,18.3031,18.9472,18.3921
2011-08-15,UUP,stock,21.05,21.06,20.97,21,6366500,2011-08-15,2011-08-15,42.2070,18.3189,18.9552,18.4019
2011-08-12,UUP,stock,21.1699,21.24,21.15,21.22,2129000,2011-08-12,2011-08-12,49.1214,18.3372,18.9633,18.4124
2011-08-11,UUP,stock,21.26,21.3,21.16,21.22,2866800,2011-08-11,2011-08-11,49.1214,18.3375,18.9697,18.4155
2011-08-10,UUP,stock,21.15,21.27,21.15,21.25,4908100,2011-08-10,2011-08-10,50.0861,18.3378,18.9760,18.4188
2011-08-09,UUP,stock,21.17,21.26,21.03,21.07,5483500,2011-08-09,2011-08-09,43.9533,18.3354,18.9822,18.4212
2011-08-08,UUP,stock,21.32,21.35,21.2,21.25,8774900,2011-08-08,2011-08-08,49.6138,18.3491,18.9900,18.4300
2011-08-05,UUP,stock,21.29,21.35,21.2,21.22,6898500,2011-08-05,2011-08-05,48.5892,18.3478,18.9964,18.4328
2011-08-04,UUP,stock,21.32,21.41,21.3,21.4,11101100,2011-08-04,2011-08-04,54.7979,18.3492,19.0030,18.4368
2011-08-03,UUP,stock,21.07,21.12,21.04,21.07,3012500,2011-08-03,2011-08-03,42.2314,18.3344,19.0082,18.4346
2011-08-02,UUP,stock,21.19,21.2137,21.11,21.17,3316800,2011-08-02,2011-08-02,45.8154,18.3480,19.0162,18.4440
2011-08-01,UUP,stock,21.005,21.22,21,21.14,6863400,2011-08-01,2011-08-01,44.5034,18.3539,19.0235,18.4502
2011-07-29,UUP,stock,21.04,21.0786,20.98,21.03,2555000,2011-07-29,2011-07-29,39.5171,18.3632,19.0311,18.4578
2011-07-28,UUP,stock,21.17,21.18,21.11,21.13,1660100,2011-07-28,2011-07-28,42.7603,18.3835,19.0398,18.4695
2011-07-27,UUP,stock,20.97,21.1289,20.97,21.09,5544200,2011-07-27,2011-07-27,40.9606,18.3968,19.0476,18.4782
2011-07-26,UUP,stock,20.99,21,20.91,20.93,5351600,2011-07-26,2011-07-26,33.1540,18.4151,19.0559,18.4886
2011-07-25,UUP,stock,21.11,21.15,21.07,21.11,2808400,2011-07-25,2011-07-25,38.4675,18.4499,19.0657,18.5051
2011-07-22,UUP,stock,21.13,21.1811,21.12,21.13,3334100,2011-07-22,2011-07-22,39.1143,18.4721,19.0740,18.5159
2011-07-21,UUP,stock,21.19,21.23,21.08,21.13,9599900,2011-07-21,2011-07-21,39.1143,18.4947,19.0822,18.5265
2011-07-20,UUP,stock,21.3501,21.39,21.3,21.33,2817200,2011-07-20,2011-07-20,45.7464,18.5197,19.0905,18.5375
2011-07-19,UUP,stock,21.42,21.47,21.35,21.43,4166300,2011-07-19,2011-07-19,49.6553,18.5292,19.0971,18.5419
2011-07-18,UUP,stock,21.52,21.61,21.47,21.48,4890800,2011-07-18,2011-07-18,51.7067,18.5305,19.1030,18.5429
2011-07-15,UUP,stock,21.46,21.505,21.38,21.43,2203700,2011-07-15,2011-07-15,49.7802,18.5275,19.1084,18.5423
2011-07-14,UUP,stock,21.36,21.48,21.34,21.47,6399300,2011-07-14,2011-07-14,51.3004,18.5287,19.1144,18.5433
2011-07-13,UUP,stock,21.58,21.62,21.4,21.47,6012700,2011-07-13,2011-07-13,51.3004,18.5264,19.1201,18.5430
2011-07-12,UUP,stock,21.74,21.74,21.6,21.7,4557900,2011-07-12,2011-07-12,60.4535,18.5238,19.1258,18.5427
2011-07-11,UUP,stock,21.66,21.74,21.625,21.71,5459300,2011-07-11,2011-07-11,60.8921,18.5000,19.1296,18.5343
2011-07-08,UUP,stock,21.37,21.48,21.34,21.42,3677400,2011-07-08,2011-07-08,51.3957,18.4729,19.1333,18.5251
2011-07-07,UUP,stock,21.44,21.45,21.34,21.37,3831100,2011-07-07,2011-07-07,49.4297,18.4692,19.1396,18.5258
2011-07-06,UUP,stock,21.38,21.46,21.37,21.41,3624100,2011-07-06,2011-07-06,50.9609,18.4697,19.1464,18.5283
2011-07-05,UUP,stock,21.23,21.31,21.21,21.28,2326900,2011-07-05,2011-07-05,45.9036,18.4666,19.1529,18.5295
2011-07-01,UUP,stock,21.26,21.32,21.19,21.2,3130300,2011-07-01,2011-07-01,42.5160,18.4750,19.1606,18.5354
2011-06-30,UUP,stock,21.26,21.29,21.19,21.22,4203500,2011-06-30,2011-06-30,43.1431,18.4916,19.1691,18.5443
2011-06-29,UUP,stock,21.39,21.44,21.3,21.32,4950700,2011-06-29,2011-06-29,46.3152,18.5081,19.1774,18.5528
2011-06-28,UUP,stock,21.48,21.5,21.38,21.45,3647800,2011-06-28,2011-06-28,50.8264,18.5173,19.1850,18.5582
2011-06-27,UUP,stock,21.67,21.68,21.51,21.53,3540600,2011-06-27,2011-06-27,53.8220,18.5156,19.1916,18.5592
2011-06-24,UUP,stock,21.57,21.67,21.55,21.63,5286200,2011-06-24,2011-06-24,57.7743,18.5064,19.1975,18.5574
2011-06-23,UUP,stock,21.6,21.66,21.5,21.5,5851300,2011-06-23,2011-06-23,53.6671,18.4872,19.2026,18.5520
2011-06-22,UUP,stock,21.34,21.4,21.27,21.39,3971300,2011-06-22,2011-06-22,49.8332,18.4777,19.2089,18.5510
2011-06-21,UUP,stock,21.38,21.38,21.29,21.31,4552700,2011-06-21,2011-06-21,46.8639,18.4773,19.2162,18.5539
2011-06-20,UUP,stock,21.4599,21.47,21.41,21.45,3632900,2011-06-20,2011-06-20,51.8510,18.4841,19.2243,18.5596
2011-06-17,UUP,stock,21.48,21.5,21.41,21.45,5367200,2011-06-17,2011-06-17,51.8510,18.4789,19.2312,18.5607
2011-06-16,UUP,stock,21.66,21.67,21.57,21.59,5024600,2011-06-16,2011-06-16,57.0895,18.4732,19.2382,18.5618
2011-06-15,UUP,stock,21.45,21.63,21.42,21.602,8706300,2011-06-15,2011-06-15,57.5522,18.4541,19.2441,18.5580
2011-06-14,UUP,stock,21.27,21.28,21.2,21.26,3011000,2011-06-14,2011-06-14,45.9591,18.4319,19.2499,18.5537
2011-06-13,UUP,stock,21.35,21.37,21.27,21.29,4014500,2011-06-13,2011-06-13,47.0047,18.4385,19.2588,18.5612
2011-06-10,UUP,stock,21.27,21.43,21.26,21.4,5967100,2011-06-10,2011-06-10,50.9518,18.4431,19.2675,18.5679
2011-06-09,UUP,stock,21.24,21.24,21.16,21.2,5576000,2011-06-09,2011-06-09,42.8496,18.4381,19.2753,18.5711
2011-06-08,UUP,stock,21.09,21.15,21.06,21.13,5609600,2011-06-08,2011-06-08,39.6073,18.4508,19.2849,18.5815
2011-06-07,UUP,stock,21.05,21.0624,21.01,21.03,6575000,2011-06-07,2011-06-07,34.6924,18.4712,19.2952,18.5947
2011-06-06,UUP,stock,21.1,21.17,21.09,21.15,4869000,2011-06-06,2011-06-06,38.1521,18.5028,19.3065,18.6120
2011-06-03,UUP,stock,21.21,21.22,21.07,21.09,6503400,2011-06-03,2011-06-03,35.1495,18.5269,19.3169,18.6258
2011-06-02,UUP,stock,21.28,21.35,21.22,21.25,5355900,2011-06-02,2011-06-02,39.9525,18.5589,19.3279,18.6423
2011-06-01,UUP,stock,21.28,21.41,21.24,21.39,6895300,2011-06-01,2011-06-01,44.9421,18.5798,19.3376,18.6538
2011-05-31,UUP,stock,21.31,21.36,21.31,21.339,4834000,2011-05-31,2011-05-31,42.5135,18.5901,19.3462,18.6608
2011-05-27,UUP,stock,21.49,21.51,21.4,21.44,4988700,2011-05-27,2011-05-27,46.2664,18.6062,19.3554,18.6699
2011-05-26,UUP,stock,21.59,21.7,21.54,21.62,2937400,2011-05-26,2011-05-26,54.1813,18.6147,19.3637,18.6758
2011-05-25,UUP,stock,21.78,21.79,21.66,21.71,3335600,2011-05-25,2011-05-25,58.8561,18.6078,19.3706,18.6756
2011-05-24,UUP,stock,21.75,21.76,21.7,21.73,2746300,2011-05-24,2011-05-24,59.9230,18.5920,19.3767,18.6722
2011-05-23,UUP,stock,21.845,21.86,21.76,21.79,9300000,2011-05-23,2011-05-23,63.1097,18.5727,19.3828,18.6680
2011-05-20,UUP,stock,21.57,21.69,21.56,21.65,6635900,2011-05-20,2011-05-20,58.3054,18.5459,19.3884,18.6615
2011-05-19,UUP,stock,21.6,21.61,21.49,21.5,7557200,2011-05-19,2011-05-19,52.0991,18.5290,19.3952,18.6597
2011-05-18,UUP,stock,21.61,21.64,21.54,21.59,3862600,2011-05-18,2011-05-18,56.8105,18.5240,19.4034,18.6631
2011-05-17,UUP,stock,21.69,21.71,21.58,21.6,5683500,2011-05-17,2011-05-17,57.3456,18.5102,19.4110,18.6634
2011-05-16,UUP,stock,21.64,21.65,21.55,21.62,3876600,2011-05-16,2011-05-16,58.3665,18.4941,19.4185,18.6635
2011-05-13,UUP,stock,21.52,21.76,21.51,21.69,8998100,2011-05-13,2011-05-13,61.9508,18.4745,19.4259,18.6628
2011-05-12,UUP,stock,21.58,21.64,21.49,21.54,5359000,2011-05-12,2011-05-12,56.6542,18.4465,19.4328,18.6596
2011-05-11,UUP,stock,21.44,21.62,21.43,21.58,10728600,2011-05-11,2011-05-11,58.6767,18.4291,19.4410,18.6615
2011-05-10,UUP,stock,21.42,21.45,21.35,21.38,4739100,2011-05-10,2011-05-10,50.4665,18.4063,19.4490,18.6622
2011-05-09,UUP,stock,21.48,21.55,21.38,21.4,7344500,2011-05-09,2011-05-09,51.4151,18.3993,19.4588,18.6699
2011-05-06,UUP,stock,21.25,21.49,21.23,21.43,11396500,2011-05-06,2011-05-06,52.7973,18.3897,19.4686,18.6772
2011-05-05,UUP,stock,21.07,21.28,21.06,21.27,18200000,2011-05-05,2011-05-05,45.5476,18.3764,19.4781,18.6838
2011-05-04,UUP,stock,20.88,20.97,20.84,20.96,11583200,2011-05-04,2011-05-04,24.7564,18.3762,19.4892,18.6963
2011-05-03,UUP,stock,20.97,20.98,20.88,20.965,7702800,2011-05-03,2011-05-03,24.8988,18.4043,19.5031,18.7202
2011-05-02,UUP,stock,20.93,20.97,20.86,20.97,8945400,2011-05-02,2011-05-02,25.0325,18.4348,19.5170,18.7449
2011-04-29,UUP,stock,20.945,20.97,20.89,20.95,1900000,2011-04-29,2011-04-29,23.5070,18.4680,19.5311,18.7705
2011-04-28,UUP,stock,20.99,21.03,20.92,20.96,9306000,2011-04-28,2011-04-28,23.7312,18.5066,19.5454,18.7978
2011-04-27,UUP,stock,21.15,21.22,21,21.02,7640400,2011-04-27,2011-04-27,25.0630,18.5483,19.5599,18.8259
2011-04-26,UUP,stock,21.2,21.21,21.15,21.16,3700000,2011-04-26,2011-04-26,28.5325,18.5890,19.5739,18.8530
2011-04-25,UUP,stock,21.19,21.275,21.18,21.21,4248900,2011-04-25,2011-04-25,29.9054,18.6212,19.5869,18.8762
2011-04-21,UUP,stock,21.22,21.26,21.18,21.235,2779400,2011-04-21,2011-04-21,30.5887,18.6523,19.5996,18.8987
2011-04-20,UUP,stock,21.32,21.3529,21.29,21.32,2558000,2011-04-20,2011-04-20,32.9670,18.6843,19.6121,18.9212
2011-04-19,UUP,stock,21.57,21.57,21.5,21.53,1742200,2011-04-19,2011-04-19,40.1239,18.7120,19.6241,18.9416
2011-04-18,UUP,stock,21.56,21.74,21.5301,21.66,5069700,2011-04-18,2011-04-18,45.8450,18.7235,19.6344,18.9554
2011-04-15,UUP,stock,21.48,21.5101,21.43,21.46,2900300,2011-04-15,2011-04-15,31.9924,18.7244,19.6436,18.9652
2011-04-14,UUP,stock,21.49,21.5,21.4,21.42,2267700,2011-04-14,2011-04-14,28.6006,18.7436,19.6547,18.9825
2011-04-13,UUP,stock,21.47,21.55,21.435,21.5,2176300,2011-04-13,2011-04-13,31.5200,18.7685,19.6662,19.0019
2011-04-12,UUP,stock,21.44,21.52,21.43,21.48,3409300,2011-04-12,2011-04-12,29.8579,18.7887,19.6772,19.0192
2011-04-11,UUP,stock,21.51,21.54,21.48,21.53,2502200,2011-04-11,2011-04-11,31.6407,18.8128,19.6884,19.0380
2011-04-08,UUP,stock,21.54,21.55,21.49,21.5,3407700,2011-04-08,2011-04-08,29.2884,18.8349,19.6993,19.0558
2011-04-07,UUP,stock,21.72,21.73,21.66,21.67,1802900,2011-04-07,2011-04-07,35.7642,18.8621,19.7106,19.0753
2011-04-06,UUP,stock,21.71,21.73,21.64,21.66,2367400,2011-04-06,2011-04-06,34.9789,18.8767,19.7205,19.0897
2011-04-05,UUP,stock,21.83,21.85,21.73,21.78,1381500,2011-04-05,2011-04-05,40.4952,18.8937,19.7306,19.1050
2011-04-04,UUP,stock,21.75,21.8,21.73,21.77,979400,2011-04-04,2011-04-04,39.7601,18.9016,19.7398,19.1167
2011-04-01,UUP,stock,21.9,21.98,21.74,21.77,3038600,2011-04-01,2011-04-01,39.7601,18.9112,19.7491,19.1292
2011-03-31,UUP,stock,21.78,21.79,21.74,21.79,2074400,2011-03-31,2011-03-31,40.6256,18.9219,19.7586,19.1422
2011-03-30,UUP,stock,21.89,21.92,21.8,21.83,1260200,2011-03-30,2011-03-30,42.3371,18.9318,19.7679,19.1551
2011-03-29,UUP,stock,21.93,21.93,21.85,21.85,1219500,2011-03-29,2011-03-29,43.1817,18.9392,19.7770,19.1670
2011-03-28,UUP,stock,21.88,21.88,21.82,21.86,1343100,2011-03-28,2011-03-28,43.5855,18.9455,19.7860,19.1788
2011-03-25,UUP,stock,21.76,21.9,21.74,21.875,3976000,2011-03-25,2011-03-25,44.1605,18.9516,19.7951,19.1907
2011-03-24,UUP,stock,21.77,21.78,21.655,21.73,2896700,2011-03-24,2011-03-24,36.6589,18.9569,19.8041,19.2025
2011-03-23,UUP,stock,21.76,21.78,21.7,21.78,2353700,2011-03-23,2011-03-23,38.3067,18.9761,19.8144,19.2199
2011-03-22,UUP,stock,21.65,21.68,21.63,21.655,1974700,2011-03-22,2011-03-22,31.1193,18.9926,19.8244,19.2363
2011-03-21,UUP,stock,21.67,21.74,21.62,21.65,3842200,2011-03-21,2011-03-21,30.8199,19.0223,19.8356,19.2577
2011-03-18,UUP,stock,21.75,21.78,21.69,21.72,3530900,2011-03-18,2011-03-18,32.6655,19.0556,19.8469,19.2803
2011-03-17,UUP,stock,21.815,21.86,21.79,21.82,5179000,2011-03-17,2011-03-17,35.4842,19.0860,19.8578,19.3012
2011-03-16,UUP,stock,22,22.06,21.9601,22.01,2927000,2011-03-16,2011-03-16,41.8564,19.1105,19.8679,19.3195
2011-03-15,UUP,stock,22.06,22.08,21.91,21.94,3599800,2011-03-15,2011-03-15,38.0505,19.1202,19.8764,19.3318
2011-03-14,UUP,stock,21.98,21.99,21.91,21.92,3112000,2011-03-14,2011-03-14,36.9557,19.1374,19.8857,19.3471
2011-03-11,UUP,stock,22.18,22.18,22.02,22.03,2370300,2011-03-11,2011-03-11,40.6222,19.1583,19.8952,19.3638
2011-03-10,UUP,stock,22.15,22.21,22.14,22.19,4492900,2011-03-10,2011-03-10,46.9080,19.1713,19.9038,19.3772
2011-03-09,UUP,stock,22.03,22.05,21.99,22.02,2462400,2011-03-09,2011-03-09,37.3424,19.1711,19.9112,19.3855
2011-03-08,UUP,stock,22.09,22.1,22.03,22.0575,2595800,2011-03-08,2011-03-08,38.7733,19.1864,19.9201,19.4002
2011-03-07,UUP,stock,21.9,21.98,21.9,21.96,2298700,2011-03-07,2011-03-07,32.5316,19.1998,19.9287,19.4142
2011-03-04,UUP,stock,21.94,21.97,21.9,21.935,3214200,2011-03-04,2011-03-04,30.8532,19.2236,19.9383,19.4321
2011-03-03,UUP,stock,21.97,22.008,21.95,21.97,3457700,2011-03-03,2011-03-03,31.8843,19.2521,19.9482,19.4517
2011-03-02,UUP,stock,22.03,22.04,21.97,22,3669400,2011-03-02,2011-03-02,32.7556,19.2805,19.9580,19.4708
2011-03-01,UUP,stock,22.06,22.1569,22.0422,22.12,3844200,2011-03-01,2011-03-01,36.4558,19.3091,19.9675,19.4897
2011-02-28,UUP,stock,22.06,22.12,22.05,22.09,2951400,2011-02-28,2011-02-28,34.7446,19.3298,19.9761,19.5051
2011-02-25,UUP,stock,22.2,22.24,22.18,22.185,1279500,2011-02-25,2011-02-25,37.7325,19.3554,19.9850,19.5222
2011-02-24,UUP,stock,22.14,22.19,22.11,22.15,2977300,2011-02-24,2011-02-24,35.8450,19.3750,19.9932,19.5366
2011-02-23,UUP,stock,22.27,22.28,22.19,22.23,2497600,2011-02-23,2011-02-23,38.3097,19.4000,20.0018,19.5529
2011-02-22,UUP,stock,22.33,22.38,22.29,22.3575,2004600,2011-02-22,2011-02-22,42.6495,19.4202,20.0098,19.5670
2011-02-18,UUP,stock,22.38,22.4,22.27,22.3025,1785600,2011-02-18,2011-02-18,39.9234,19.4310,20.0168,19.5771
2011-02-17,UUP,stock,22.44,22.45,22.39,22.41,1578600,2011-02-17,2011-02-17,43.6928,19.4480,20.0243,19.5897
2011-02-16,UUP,stock,22.61,22.63,22.45,22.47,1528500,2011-02-16,2011-02-16,45.9408,19.4569,20.0309,19.5989
2011-02-15,UUP,stock,22.55,22.6,22.53,22.6,2435000,2011-02-15,2011-02-15,51.2454,19.4613,20.0371,19.6064
2011-02-14,UUP,stock,22.62,22.63,22.561,22.58,1822700,2011-02-14,2011-02-14,50.4277,19.4544,20.0422,19.6097
2011-02-11,UUP,stock,22.59,22.61,22.51,22.5475,2861300,2011-02-11,2011-02-11,49.1406,19.4486,20.0476,19.6137
2011-02-10,UUP,stock,22.47,22.5196,22.43,22.49,3205800,2011-02-10,2011-02-10,46.8745,19.4451,20.0533,19.6191
2011-02-09,UUP,stock,22.36,22.39,22.27,22.31,2407800,2011-02-09,2011-02-09,38.9700,19.4464,20.0595,19.6267
2011-02-08,UUP,stock,22.38,22.43,22.31,22.405,1894500,2011-02-08,2011-02-08,42.0351,19.4643,20.0674,19.6410
2011-02-07,UUP,stock,22.5,22.52,22.41,22.4325,1629800,2011-02-07,2011-02-07,42.9430,19.4754,20.0745,19.6526
2011-02-04,UUP,stock,22.43,22.49,22.4,22.4325,1840800,2011-02-04,2011-02-04,42.9430,19.4852,20.0815,19.6636
2011-02-03,UUP,stock,22.33,22.39,22.3101,22.355,1928300,2011-02-03,2011-02-03,39.7826,19.4960,20.0885,19.6751
2011-02-02,UUP,stock,22.18,22.23,22.14,22.1775,2462600,2011-02-02,2011-02-02,31.7417,19.5150,20.0962,19.6897
2011-02-01,UUP,stock,22.25,22.3,22.13,22.14,4269700,2011-02-01,2011-02-01,29.9055,19.5522,20.1056,19.7113
2011-01-31,UUP,stock,22.36,22.4,22.3,22.36,4983400,2011-01-31,2011-01-31,35.0404,19.5967,20.1154,19.7350
2011-01-28,UUP,stock,22.39,22.52,22.36,22.49,3585000,2011-01-28,2011-01-28,38.6851,19.6258,20.1234,19.7520
2011-01-27,UUP,stock,22.33,22.42,22.32,22.35,1964100,2011-01-27,2011-01-27,31.5671,19.6462,20.1304,19.7650
2011-01-26,UUP,stock,22.41,22.46,22.37,22.385,4090200,2011-01-26,2011-01-26,32.4414,19.6815,20.1386,19.7835
2011-01-25,UUP,stock,22.53,22.55,22.39,22.425,2205900,2011-01-25,2011-01-25,33.4238,19.7173,20.1466,19.8016
2011-01-24,UUP,stock,22.53,22.53,22.38,22.44,2429600,2011-01-24,2011-01-24,33.7800,19.7532,20.1544,19.8190
2011-01-21,UUP,stock,22.55,22.58,22.47,22.49,3009600,2011-01-21,2011-01-21,34.9322,19.7915,20.1621,19.8365
2011-01-20,UUP,stock,22.69,22.78,22.645,22.68,2165000,2011-01-20,2011-01-20,39.7120,19.8294,20.1694,19.8530
2011-01-19,UUP,stock,22.57,22.64,22.56,22.61,3512300,2011-01-19,2011-01-19,36.7513,19.8539,20.1752,19.8635
2011-01-18,UUP,stock,22.7,22.7799,22.61,22.7475,3015100,2011-01-18,2011-01-18,40.3672,19.8874,20.1816,19.8769
2011-01-14,UUP,stock,22.8,22.84,22.73,22.77,5341100,2011-01-14,2011-01-14,40.9798,19.9119,20.1869,19.8860
2011-01-13,UUP,stock,22.83,22.86,22.74,22.8,4646000,2011-01-13,2011-01-13,41.7646,19.9369,20.1920,19.8946
2011-01-12,UUP,stock,23.18,23.21,23.02,23.0375,4674100,2011-01-12,2011-01-12,48.6072,19.9618,20.1970,19.9025
2011-01-11,UUP,stock,23.3,23.38,23.26,23.265,2853500,2011-01-11,2011-01-11,56.8992,19.9678,20.1999,19.9024
2011-01-10,UUP,stock,23.37,23.4,23.28,23.2825,2047400,2011-01-10,2011-01-10,57.6011,19.9537,20.2009,19.8943
2011-01-07,UUP,stock,23.3,23.37,23.25,23.3625,4977100,2011-01-07,2011-01-07,60.7839,19.9365,20.2018,19.8852
2011-01-06,UUP,stock,23.13,23.31,23.1202,23.2875,4132800,2011-01-06,2011-01-06,58.8022,19.9103,20.2019,19.8729
2011-01-05,UUP,stock,23.13,23.15,23.06,23.11,4296600,2011-01-05,2011-01-05,53.6555,19.8881,20.2027,19.8628
2011-01-04,UUP,stock,22.76,22.91,22.76,22.88,2474300,2011-01-04,2011-01-04,45.4570,19.8797,20.2051,19.8585
2011-01-03,UUP,stock,22.82,22.8695,22.76,22.8225,1876500,2011-01-03,2011-01-03,43.1212,19.8913,20.2095,19.8622
2010-12-31,UUP,stock,22.8,22.8,22.7,22.71,3413900,2010-12-31,2010-12-31,38.3224,19.9094,20.2144,19.8680
2010-12-30,UUP,stock,22.92,22.98,22.89,22.92,2199700,2010-12-30,2010-12-30,44.8866,19.9396,20.2203,19.8780
2010-12-29,UUP,stock,23.12,23.13,22.97,23,1802300,2010-12-29,2010-12-29,47.7817,19.9540,20.2245,19.8811
2010-12-28,UUP,stock,23.05,23.19,23.05,23.16,1783900,2010-12-28,2010-12-28,54.2842,19.9625,20.2281,19.8814
2010-12-27,UUP,stock,23.15,23.19,23.14,23.15,1378400,2010-12-27,2010-12-27,53.9203,19.9574,20.2303,19.8761
2010-12-23,UUP,stock,23.3,23.3,23.18,23.2,4953900,2010-12-23,2010-12-23,55.9897,19.9527,20.2325,19.8710
2010-12-22,UUP,stock,23.26,23.3,23.25,23.27,1805600,2010-12-22,2010-12-22,58.9299,19.9429,20.2344,19.8638
2010-12-21,UUP,stock,23.2,23.315,23.1801,23.29,2988600,2010-12-21,2010-12-21,59.7625,19.9257,20.2357,19.8539
2010-12-20,UUP,stock,23.2,23.29,23.18,23.24,5458800,2010-12-20,2010-12-20,58.3980,19.9049,20.2368,19.8430
2010-12-17,UUP,stock,23.13,23.26,23.1173,23.19,6085700,2010-12-17,2010-12-17,57.0454,19.8865,20.2384,19.8333
2010-12-16,UUP,stock,23.11,23.1974,23.09,23.09,4830300,2010-12-16,2010-12-16,54.2850,19.8706,20.2404,19.8250
2010-12-15,UUP,stock,22.97,23.16,22.94,23.15,5926900,2010-12-15,2010-12-15,56.3008,19.8622,20.2434,19.8198
2010-12-14,UUP,stock,22.88,22.94,22.8,22.91,3055900,2010-12-14,2010-12-14,49.3096,19.8474,20.2458,19.8124
2010-12-13,UUP,stock,22.99,23.02,22.81,22.87,8888500,2010-12-13,2010-12-13,48.0226,19.8530,20.2503,19.8131
2010-12-10,UUP,stock,23.13,23.18,23.09,23.12,2232000,2010-12-10,2010-12-10,56.3211,19.8627,20.2552,19.8152
2010-12-09,UUP,stock,23.11,23.22,23.08,23.12,3275700,2010-12-09,2010-12-09,56.3211,19.8507,20.2580,19.8087
2010-12-08,UUP,stock,23.14,23.19,23.07,23.1,3977900,2010-12-08,2010-12-08,55.7941,19.8375,20.2609,19.8018
2010-12-07,UUP,stock,22.89,23.1,22.88,23.09,3274200,2010-12-07,2010-12-07,55.5451,19.8247,20.2639,19.7954
2010-12-06,UUP,stock,23.06,23.075,22.96,22.99,3287700,2010-12-06,2010-12-06,53.0918,19.8114,20.2670,19.7890
2010-12-03,UUP,stock,22.96,23,22.86,22.88,10896200,2010-12-03,2010-12-03,50.2895,19.8059,20.2711,19.7860
2010-12-02,UUP,stock,23.33,23.34,23.13,23.16,5658500,2010-12-02,2010-12-02,58.5579,19.8097,20.2761,19.7867
2010-12-01,UUP,stock,23.37,23.43,23.25,23.3,5591900,2010-12-01,2010-12-01,63.3974,19.7886,20.2788,19.7775
2010-11-30,UUP,stock,23.51,23.52,23.4,23.5,6908700,2010-11-30,2010-11-30,71.2035,19.7524,20.2803,19.7630
2010-11-29,UUP,stock,23.39,23.45,23.34,23.35,7682700,2010-11-29,2010-11-29,68.5026,19.6943,20.2800,19.7409
2010-11-26,UUP,stock,23.21,23.26,23.19,23.21,6484300,2010-11-26,2010-11-26,65.7157,19.6436,20.2811,19.7232
2010-11-24,UUP,stock,23,23.09,22.95,23.07,3561400,2010-11-24,2010-11-24,62.6467,19.6004,20.2834,19.7097
2010-11-23,UUP,stock,22.9,23.06,22.89,23.04,7245400,2010-11-23,2010-11-23,61.9694,19.5654,20.2869,19.7006
2010-11-22,UUP,stock,22.72,22.82,22.7,22.735,2035600,2010-11-22,2010-11-22,54.1136,19.5294,20.2907,19.6921
2010-11-19,UUP,stock,22.7,22.76,22.67,22.67,2623400,2010-11-19,2010-11-19,52.1579,19.5173,20.2972,19.6941
2010-11-18,UUP,stock,22.74,22.81,22.71,22.74,3587900,2010-11-18,2010-11-18,54.4798,19.5099,20.3043,19.6985
2010-11-17,UUP,stock,22.88,22.9,22.81,22.9,4547000,2010-11-17,2010-11-17,60.1645,19.4954,20.3109,19.7005
2010-11-16,UUP,stock,22.77,22.99,22.7411,22.92,6354000,2010-11-16,2010-11-16,60.9021,19.4648,20.3162,19.6970
2010-11-15,UUP,stock,22.65,22.79,22.64,22.79,4708100,2010-11-15,2010-11-15,57.7778,19.4291,20.3213,19.6927
2010-11-12,UUP,stock,22.55,22.66,22.49,22.61,5481200,2010-11-12,2010-11-12,52.9431,19.4015,20.3277,19.6927
2010-11-11,UUP,stock,22.55,22.67,22.55,22.64,5170700,2010-11-11,2010-11-11,53.8982,19.3874,20.3356,19.6991
2010-11-10,UUP,stock,22.52,22.64,22.45,22.48,6243300,2010-11-10,2010-11-10,49.3751,19.3690,20.3434,19.7047
2010-11-09,UUP,stock,22.24,22.55,22.23,22.5,5428700,2010-11-09,2010-11-09,49.9439,19.3633,20.3527,19.7162
2010-11-08,UUP,stock,22.29,22.34,22.27,22.305,4274100,2010-11-08,2010-11-08,44.1158,19.3551,20.3618,19.7274
2010-11-05,UUP,stock,22.11,22.19,22.07,22.18,5827400,2010-11-05,2010-11-05,39.9545,19.3638,20.3728,19.7460
2010-11-04,UUP,stock,21.9501,22.01,21.91,21.97,14712400,2010-11-04,2010-11-04,32.0625,19.3848,20.3849,19.7698
2010-11-03,UUP,stock,22.26,22.32,22,22.14,11546800,2010-11-03,2010-11-03,35.5775,19.4272,20.3990,19.8019
2010-11-02,UUP,stock,22.25,22.27,22.21,22.245,4533900,2010-11-02,2010-11-02,37.9645,19.4585,20.4118,19.8293
2010-11-01,UUP,stock,22.33,22.44,22.31,22.41,3610600,2010-11-01,2010-11-01,42.0847,19.4835,20.4237,19.8542
2010-10-29,UUP,stock,22.42,22.44,22.36,22.37,4144900,2010-10-29,2010-10-29,40.6344,19.4962,20.4344,19.8742
2010-10-28,UUP,stock,22.44,22.48,22.37,22.41,5232300,2010-10-28,2010-10-28,41.6018,19.5139,20.4455,19.8965
2010-10-27,UUP,stock,22.57,22.7,22.56,22.65,15417300,2010-10-27,2010-10-27,47.9637,19.5298,20.4564,19.9183
2010-10-26,UUP,stock,22.49,22.56,22.46,22.52,5790100,2010-10-26,2010-10-26,43.6277,19.5255,20.4653,19.9325
2010-10-25,UUP,stock,22.3,22.39,22.28,22.37,5641400,2010-10-25,2010-10-25,38.1015,19.5326,20.4754,19.9518
2010-10-22,UUP,stock,22.44,22.5,22.41,22.47,4695700,2010-10-22,2010-10-22,40.5631,19.5541,20.4870,19.9773
2010-10-21,UUP,stock,22.37,22.5,22.3,22.47,9596700,2010-10-21,2010-10-21,40.5631,19.5687,20.4977,20.0002
2010-10-20,UUP,stock,22.56,22.57,22.35,22.39,8742200,2010-10-20,2010-10-20,37.7908,19.5849,20.5086,20.0241
2010-10-19,UUP,stock,22.615,22.72,22.57,22.7,10822800,2010-10-19,2010-10-19,45.4125,19.6101,20.5203,20.0518
2010-10-18,UUP,stock,22.38,22.41,22.3,22.32,3236300,2010-10-18,2010-10-18,29.1472,19.6098,20.5294,20.0697
2010-10-15,UUP,stock,22.18,22.38,22.17,22.34,8807200,2010-10-15,2010-10-15,29.5780,19.6439,20.5419,20.1017
2010-10-14,UUP,stock,22.25,22.27,22.19,22.21,4090500,2010-10-14,2010-10-14,22.6817,19.6799,20.5544,20.1343
2010-10-13,UUP,stock,22.39,22.4201,22.33,22.36,3574300,2010-10-13,2010-10-13,25.3405,19.7314,20.5681,20.1729
2010-10-12,UUP,stock,22.51,22.57,22.4,22.42,3458200,2010-10-12,2010-10-12,26.4940,19.7747,20.5806,20.2077
2010-10-11,UUP,stock,22.4,22.5,22.4,22.49,2644000,2010-10-11,2010-10-11,27.8683,19.8172,20.5928,20.2418
2010-10-08,UUP,stock,22.43,22.46,22.38,22.4,2977200,2010-10-08,2010-10-08,23.1063,19.8577,20.6044,20.2749
2010-10-07,UUP,stock,22.37,22.55,22.36,22.48,5534100,2010-10-07,2010-10-07,24.4380,19.9107,20.6170,20.3124
2010-10-06,UUP,stock,22.53,22.54,22.42,22.45,3956700,2010-10-06,2010-10-06,22.8906,19.9620,20.6290,20.3487
2010-10-05,UUP,stock,22.6,22.63,22.52,22.56,3393500,2010-10-05,2010-10-05,24.6063,20.0214,20.6414,20.3876
2010-10-04,UUP,stock,22.73,22.76,22.7,22.75,2082800,2010-10-04,2010-10-04,27.9685,20.0770,20.6529,20.4241
2010-10-01,UUP,stock,22.7,22.73,22.64,22.65,2995700,2010-10-01,2010-10-01,22.8140,20.1213,20.6629,20.4554
2010-09-30,UUP,stock,22.78,22.91,22.7668,22.84,3536400,2010-09-30,2010-09-30,26.1105,20.1793,20.6739,20.4915
2010-09-29,UUP,stock,22.85,22.88,22.8,22.84,2850000,2010-09-29,2010-09-29,26.1105,20.2261,20.6834,20.5224
2010-09-28,UUP,stock,23.01,23.07,22.85,22.88,5065400,2010-09-28,2010-09-28,26.8138,20.2778,20.6929,20.5546
2010-09-27,UUP,stock,22.98,23.04,22.97,23,5305500,2010-09-27,2010-09-27,28.9890,20.3314,20.7022,20.5866
2010-09-24,UUP,stock,23.03,23.04,22.97,22.97,3329500,2010-09-24,2010-09-24,27.6261,20.3796,20.7105,20.6158
2010-09-23,UUP,stock,23.16,23.23,23.14,23.21,2624000,2010-09-23,2010-09-23,32.2200,20.4357,20.7192,20.6472
2010-09-22,UUP,stock,23.1,23.19,23.06,23.14,4480900,2010-09-22,2010-09-22,29.0234,20.4759,20.7259,20.6714
2010-09-21,UUP,stock,23.46,23.51,23.24,23.31,4914100,2010-09-21,2010-09-21,32.4774,20.5266,20.7332,20.6990
2010-09-20,UUP,stock,23.59,23.59,23.51,23.57,1923300,2010-09-20,2010-09-20,39.0829,20.5672,20.7392,20.7218
2010-09-17,UUP,stock,23.54,23.62,23.52,23.6,1661900,2010-09-17,2010-09-17,39.9535,20.5885,20.7429,20.7364
2010-09-16,UUP,stock,23.55,23.5981,23.5,23.54,4234800,2010-09-16,2010-09-16,37.3621,20.6093,20.7465,20.7505
2010-09-15,UUP,stock,23.63,23.6707,23.5601,23.62,1103300,2010-09-15,2010-09-15,39.4712,20.6377,20.7506,20.7672
2010-09-14,UUP,stock,23.73,23.7381,23.48,23.52,2215500,2010-09-14,2010-09-14,35.2272,20.6618,20.7540,20.7819
2010-09-13,UUP,stock,23.81,23.82,23.7,23.72,1699300,2010-09-13,2010-09-13,40.5009,20.6976,20.7584,20.8007
2010-09-10,UUP,stock,23.99,24.02,23.95,23.98,616300,2010-09-10,2010-09-10,49.4346,20.7189,20.7610,20.8131
2010-09-09,UUP,stock,23.91,24,23.9,23.96,1564100,2010-09-09,2010-09-09,48.6251,20.7188,20.7614,20.8170
2010-09-08,UUP,stock,24,24,23.9,23.96,1817900,2010-09-08,2010-09-08,48.6251,20.7206,20.7620,20.8216
2010-09-07,UUP,stock,23.94,24.049,23.92,24.04,1444600,2010-09-07,2010-09-07,51.4666,20.7225,20.7626,20.8265
2010-09-03,UUP,stock,23.89,23.89,23.79,23.79,2943600,2010-09-03,2010-09-03,41.5562,20.7174,20.7625,20.8288
2010-09-02,UUP,stock,23.92,23.965,23.9,23.91,1842500,2010-09-02,2010-09-02,45.7171,20.7344,20.7646,20.8399
2010-09-01,UUP,stock,23.9,23.95,23.88,23.93,3436700,2010-09-01,2010-09-01,46.4367,20.7424,20.7657,20.8473
2010-08-31,UUP,stock,24.08,24.15,24.05,24.12,1783400,2010-08-31,2010-08-31,53.9238,20.7493,20.7666,20.8543
2010-08-30,UUP,stock,24.07,24.15,24.05,24.14,1738200,2010-08-30,2010-08-30,54.7872,20.7397,20.7658,20.8548
2010-08-27,UUP,stock,24.08,24.14,23.99,24.07,4012200,2010-08-27,2010-08-27,52.3052,20.7273,20.7649,20.8547
2010-08-26,UUP,stock,24.08,24.0999,23.98,24.03,3139400,2010-08-26,2010-08-26,50.8743,20.7199,20.7646,20.8571
2010-08-25,UUP,stock,24.19,24.22,24.12,24.18,2598500,2010-08-25,2010-08-25,56.8093,20.7154,20.7646,20.8609
2010-08-24,UUP,stock,24.21,24.22,24.05,24.14,4447000,2010-08-24,2010-08-24,55.5245,20.6968,20.7633,20.8596
2010-08-23,UUP,stock,24.12,24.19,24.07,24.18,3078500,2010-08-23,2010-08-23,57.1017,20.6799,20.7624,20.8597
2010-08-20,UUP,stock,24.15,24.21,24.12,24.13,4274600,2010-08-20,2010-08-20,55.6391,20.6575,20.7611,20.8584
2010-08-19,UUP,stock,23.86,24,23.82,23.96,1582100,2010-08-19,2010-08-19,50.2878,20.6373,20.7602,20.8588
2010-08-18,UUP,stock,23.85,23.93,23.84,23.91,1187100,2010-08-18,2010-08-18,48.5943,20.6305,20.7607,20.8651
2010-08-17,UUP,stock,23.88,23.96,23.86,23.88,2259000,2010-08-17,2010-08-17,47.5997,20.6275,20.7618,20.8736
2010-08-16,UUP,stock,23.98,23.99,23.9,23.96,1788300,2010-08-16,2010-08-16,49.9949,20.6269,20.7631,20.8834
2010-08-13,UUP,stock,24.03,24.11,23.98,24.11,2758600,2010-08-13,2010-08-13,54.7955,20.6190,20.7637,20.8908
2010-08-12,UUP,stock,23.99,24.03,23.95,24.01,4587500,2010-08-12,2010-08-12,51.9386,20.5965,20.7630,20.8932
2010-08-11,UUP,stock,23.79,23.96,23.78,23.93,7122600,2010-08-11,2010-08-11,49.5711,20.5809,20.7632,20.8992
2010-08-10,UUP,stock,23.64,23.7,23.45,23.52,3830200,2010-08-10,2010-08-10,34.1292,20.5708,20.7640,20.9083
2010-08-09,UUP,stock,23.42,23.4793,23.41,23.47,1497300,2010-08-09,2010-08-09,31.7630,20.5970,20.7685,20.9322
2010-08-06,UUP,stock,23.37,23.39,23.28,23.35,2938500,2010-08-06,2010-08-06,25.8251,20.6305,20.7734,20.9589
2010-08-05,UUP,stock,23.51,23.56,23.47,23.47,3025400,2010-08-05,2010-08-05,28.0953,20.6784,20.7794,20.9909
2010-08-04,UUP,stock,23.45,23.59,23.44,23.55,6548500,2010-08-04,2010-08-04,29.7122,20.7205,20.7844,21.0199
2010-08-03,UUP,stock,23.45,23.5,23.41,23.42,2652500,2010-08-03,2010-08-03,23.0281,20.7597,20.7888,21.0474
2010-08-02,UUP,stock,23.6,23.61,23.49,23.52,2919300,2010-08-02,2010-08-02,24.7063,20.8148,20.7944,21.0805
2010-07-30,UUP,stock,23.8,23.8,23.68,23.74,1285200,2010-07-30,2010-07-30,29.0278,20.8667,20.7991,21.1114
2010-07-29,UUP,stock,23.73,23.76,23.69,23.73,2504100,2010-07-29,2010-07-29,28.5000,20.9040,20.8020,21.1359
2010-07-28,UUP,stock,23.88,23.9,23.82,23.89,2006900,2010-07-28,2010-07-28,32.0406,20.9462,20.8050,21.1617
2010-07-27,UUP,stock,23.87,23.96,23.86,23.9,1691900,2010-07-27,2010-07-27,32.2733,20.9782,20.8067,21.1829
2010-07-26,UUP,stock,23.93,23.96,23.84,23.86,2145700,2010-07-26,2010-07-26,30.3957,21.0127,20.8082,21.2047
2010-07-23,UUP,stock,24.12,24.15,23.97,23.99,2370600,2010-07-23,2010-07-23,33.1708,21.0545,20.8102,21.2287
2010-07-22,UUP,stock,24.09,24.11,23.99,24.03,1705400,2010-07-22,2010-07-22,34.0593,21.0889,20.8110,21.2491
2010-07-21,UUP,stock,24.13,24.28,24.13,24.23,2954800,2010-07-21,2010-07-21,38.8962,21.1232,20.8115,21.2690
2010-07-20,UUP,stock,24.14,24.14,24.0399,24.07,4164000,2010-07-20,2010-07-20,31.6897,21.1430,20.8102,21.2826
2010-07-19,UUP,stock,24.01,24.04,23.97,24.03,1528600,2010-07-19,2010-07-19,29.7668,21.1793,20.8104,21.3024
2010-07-16,UUP,stock,23.93,24.03,23.92,24.01,3920400,2010-07-16,2010-07-16,28.8368,21.2232,20.8108,21.3244
2010-07-15,UUP,stock,24.07,24.08,23.95,23.97,5089100,2010-07-15,2010-07-15,27.0425,21.2735,20.8115,21.3481
2010-07-14,UUP,stock,24.31,24.32,24.19,24.25,2252600,2010-07-14,2010-07-14,32.3431,21.3327,20.8125,21.3741
2010-07-13,UUP,stock,24.41,24.41,24.25,24.3,4354600,2010-07-13,2010-07-13,33.4296,21.3727,20.8111,21.3913
2010-07-12,UUP,stock,24.53,24.55,24.49,24.51,1727600,2010-07-12,2010-07-12,38.4696,21.4123,20.8092,21.4074
2010-07-09,UUP,stock,24.44,24.45,24.4,24.44,1964800,2010-07-09,2010-07-09,35.4577,21.4371,20.8055,21.4168
2010-07-08,UUP,stock,24.38,24.44,24.36,24.38,2430200,2010-07-08,2010-07-08,32.8412,21.4707,20.8024,21.4290
2010-07-07,UUP,stock,24.48,24.49,24.37,24.41,2385100,2010-07-07,2010-07-07,33.4712,21.5134,20.7998,21.4439
2010-07-06,UUP,stock,24.5,24.55,24.39,24.49,5670200,2010-07-06,2010-07-06,35.1403,21.5579,20.7968,21.4583
2010-07-02,UUP,stock,24.52,24.606,24.5,24.57,3738500,2010-07-02,2010-07-02,36.8466,21.5998,20.7932,21.4705
2010-07-01,UUP,stock,24.8,24.8,24.56,24.6,5147100,2010-07-01,2010-07-01,37.4803,21.6388,20.7888,21.4803
2010-06-30,UUP,stock,25.04,25.06,24.95,25.06,1887000,2010-06-30,2010-06-30,49.6346,21.6791,20.7841,21.4895
2010-06-29,UUP,stock,25.07,25.13,25.03,25.08,2982500,2010-06-29,2010-06-29,50.2930,21.6819,20.7754,21.4828
2010-06-28,UUP,stock,24.88,24.97,24.85,24.96,2390300,2010-06-28,2010-06-28,46.3260,21.6832,20.7664,21.4752
2010-06-25,UUP,stock,24.98,25,24.82,24.83,2246300,2010-06-25,2010-06-25,41.6407,21.6955,20.7584,21.4715
2010-06-24,UUP,stock,24.97,25,24.87,24.97,1669700,2010-06-24,2010-06-24,45.6232,21.7209,20.7514,21.4722
2010-06-23,UUP,stock,25.09,25.16,24.9301,24.97,1969000,2010-06-23,2010-06-23,45.6232,21.7363,20.7431,21.4680
2010-06-22,UUP,stock,25.03,25.09,24.98,25.07,2555800,2010-06-22,2010-06-22,48.4788,21.7532,20.7347,21.4636
2010-06-21,UUP,stock,24.92,25.06,24.89,25.03,3589200,2010-06-21,2010-06-21,47.2525,21.7629,20.7254,21.4556
2010-06-18,UUP,stock,24.95,24.9799,24.92,24.94,2724000,2010-06-18,2010-06-18,44.4923,21.7773,20.7164,21.4486
2010-06-17,UUP,stock,24.9401,25.02,24.9,24.95,2443900,2010-06-17,2010-06-17,44.7338,21.8013,20.7080,21.4445
2010-06-16,UUP,stock,25.09,25.11,25.02,25.1,2259100,2010-06-16,2010-06-16,48.3928,21.8269,20.6994,21.4398
2010-06-15,UUP,stock,25.1,25.15,25.01,25.02,3993800,2010-06-15,2010-06-15,46.2140,21.8416,20.6895,21.4297
2010-06-14,UUP,stock,25.1701,25.2399,25.1,25.23,4114000,2010-06-14,2010-06-14,51.5153,21.8652,20.6802,21.4221
2010-06-11,UUP,stock,25.48,25.56,25.4122,25.46,2557600,2010-06-11,2010-06-11,58.3189,21.8721,20.6689,21.4066
2010-06-10,UUP,stock,25.44,25.47,25.36,25.38,3290400,2010-06-10,2010-06-10,56.4617,21.8588,20.6556,21.3825
2010-06-09,UUP,stock,25.58,25.66,25.5,25.65,3190700,2010-06-09,2010-06-09,65.6254,21.8514,20.6428,21.3602
2010-06-08,UUP,stock,25.79,25.8199,25.67,25.75,3156000,2010-06-08,2010-06-08,69.5050,21.8186,20.6275,21.3274
2010-06-07,UUP,stock,25.8,25.8393,25.74,25.83,2386800,2010-06-07,2010-06-07,72.6976,21.7733,20.6112,21.2898
2010-06-04,UUP,stock,25.62,25.78,25.58,25.77,3850400,2010-06-04,2010-06-04,71.7954,21.7160,20.5941,21.2479
2010-06-03,UUP,stock,25.33,25.49,25.32,25.47,4739300,2010-06-03,2010-06-03,66.6837,21.6581,20.5773,21.2063
2010-06-02,UUP,stock,25.38,25.45,25.31,25.34,3214000,2010-06-02,2010-06-02,64.0630,21.6214,20.5629,21.1736
2010-06-01,UUP,stock,25.42,25.4299,25.16,25.35,2820800,2010-06-01,2010-06-01,64.4250,21.5926,20.5495,21.1442
2010-05-28,UUP,stock,25.21,25.34,25.18,25.34,2520300,2010-05-28,2010-05-28,64.2373,21.5599,20.5359,21.1132
2010-05-27,UUP,stock,25.38,25.4507,25.15,25.2,3287800,2010-05-27,2010-05-27,61.6046,21.5247,20.5222,21.0813
2010-05-26,UUP,stock,25.375,25.49,25.3407,25.47,3516700,2010-05-26,2010-05-26,70.9595,21.4985,20.5097,21.0531
2010-05-25,UUP,stock,25.48,25.5,25.29,25.3,6295400,2010-05-25,2010-05-25,68.1300,21.4449,20.4946,21.0141
2010-05-24,UUP,stock,25.22,25.2778,25.17,25.23,2736000,2010-05-24,2010-05-24,66.8968,21.4012,20.4809,20.9796
2010-05-21,UUP,stock,25.05,25.08,24.94,24.98,6179500,2010-05-21,2010-05-21,62.0234,21.3593,20.4676,20.9461
2010-05-20,UUP,stock,25.31,25.37,24.96,25.09,9121600,2010-05-20,2010-05-20,65.9928,21.3357,20.4564,20.9201
2010-05-19,UUP,stock,25.38,25.41,25.2,25.22,7345400,2010-05-19,2010-05-19,70.9777,21.2996,20.4441,20.8892
2010-05-18,UUP,stock,25.12,25.54,25.11,25.46,6966500,2010-05-18,2010-05-18,81.5359,21.2479,20.4306,20.8523
2010-05-17,UUP,stock,25.23,25.37,25.1601,25.19,3893700,2010-05-17,2010-05-17,78.1387,21.1689,20.4148,20.8056
2010-05-14,UUP,stock,25.02,25.23,25.01,25.19,5043500,2010-05-14,2010-05-14,78.1387,21.1061,20.4013,20.7664
2010-05-13,UUP,stock,24.91,24.97,24.85,24.96,3893000,2010-05-13,2010-05-13,74.7228,21.0368,20.3876,20.7257
2010-05-12,UUP,stock,24.75,24.83,24.69,24.82,3318500,2010-05-12,2010-05-12,72.2742,20.9810,20.3757,20.6913
2010-05-11,UUP,stock,24.72,24.77,24.64,24.75,3656300,2010-05-11,2010-05-11,70.9684,20.9322,20.3650,20.6606
2010-05-10,UUP,stock,24.47,24.69,24.43,24.64,7777100,2010-05-10,2010-05-10,68.8262,20.8845,20.3547,20.6310
2010-05-07,UUP,stock,24.81,24.91,24.66,24.7,7668700,2010-05-07,2010-05-07,71.4984,20.8419,20.3453,20.6041
2010-05-06,UUP,stock,24.75,24.95,24.66,24.8119,10922000,2010-05-06,2010-05-06,76.6523,20.7893,20.3353,20.5740
2010-05-05,UUP,stock,24.66,24.66,24.4979,24.61,22279700,2010-05-05,2010-05-05,73.4453,20.7209,20.3242,20.5387
2010-05-04,UUP,stock,24.29,24.39,24.29,24.38,5771400,2010-05-04,2010-05-04,68.9309,20.6638,20.3148,20.5091
2010-05-03,UUP,stock,24.06,24.162,24.05,24.11,1618200,2010-05-03,2010-05-03,61.8638,20.6215,20.3072,20.4864
2010-04-30,UUP,stock,23.92,24.03,23.91,23.96,1674000,2010-04-30,2010-04-30,56.7938,20.5994,20.3020,20.4723
2010-04-29,UUP,stock,24.06,24.0781,23.98,24,1994200,2010-04-29,2010-04-29,58.7270,20.5886,20.2979,20.4630
2010-04-28,UUP,stock,24.08,24.22,24.07,24.11,3993200,2010-04-28,2010-04-28,64.3178,20.5730,20.2935,20.4518
2010-04-27,UUP,stock,23.95,24.12,23.8807,24.12,5873800,2010-04-27,2010-04-27,64.8388,20.5457,20.2881,20.4363
2010-04-26,UUP,stock,23.89,23.92,23.83,23.83,1501400,2010-04-26,2010-04-26,55.0278,20.5147,20.2826,20.4198
2010-04-23,UUP,stock,23.99,23.99,23.81,23.84,2684800,2010-04-23,2010-04-23,55.5239,20.5067,20.2795,20.4128
2010-04-22,UUP,stock,23.85,23.95,23.85,23.89,2696600,2010-04-22,2010-04-22,57.9494,20.4971,20.2763,20.4052
2010-04-21,UUP,stock,23.75,23.82,23.75,23.78,3057400,2010-04-21,2010-04-21,53.8291,20.4819,20.2726,20.3956
2010-04-20,UUP,stock,23.7,23.75,23.69,23.73,1551600,2010-04-20,2010-04-20,51.8373,20.4750,20.2699,20.3894
2010-04-19,UUP,stock,23.77,23.79,23.69,23.69,1276100,2010-04-19,2010-04-19,50.2427,20.4720,20.2675,20.3848
2010-04-16,UUP,stock,23.64,23.7,23.6,23.65,3078000,2010-04-16,2010-04-16,48.6644,20.4723,20.2655,20.3813
2010-04-15,UUP,stock,23.59,23.62,23.55,23.57,1795100,2010-04-15,2010-04-15,45.4512,20.4763,20.2638,20.3792
2010-04-14,UUP,stock,23.53,23.57,23.44,23.48,11851800,2010-04-14,2010-04-14,41.6348,20.4880,20.2628,20.3797
2010-04-13,UUP,stock,23.55,23.65,23.54,23.6,3626800,2010-04-13,2010-04-13,45.5832,20.5091,20.2625,20.3835
2010-04-12,UUP,stock,23.61,23.63,23.57,23.6,5244300,2010-04-12,2010-04-12,45.5832,20.5216,20.2612,20.3832
2010-04-09,UUP,stock,23.86,23.87,23.7,23.7,6529400,2010-04-09,2010-04-09,48.9165,20.5353,20.2599,20.3829
2010-04-08,UUP,stock,23.95,23.97,23.87,23.88,4863200,2010-04-08,2010-04-08,55.7278,20.5413,20.2577,20.3790
2010-04-07,UUP,stock,23.92,23.93,23.85,23.9,6376200,2010-04-07,2010-04-07,56.5400,20.5317,20.2540,20.3686
2010-04-06,UUP,stock,23.89,23.91,23.84,23.85,3353700,2010-04-06,2010-04-06,55.0180,20.5192,20.2500,20.3571
2010-04-05,UUP,stock,23.75,23.8024,23.7201,23.78,1792100,2010-04-05,2010-04-05,52.8724,20.5099,20.2464,20.3469
2010-04-01,UUP,stock,23.78,23.8,23.66,23.66,3173700,2010-04-01,2010-04-01,49.0000,20.5061,20.2434,20.3387
2010-03-31,UUP,stock,23.79,23.81,23.73,23.8,3890100,2010-03-31,2010-03-31,53.7880,20.5127,20.2413,20.3345
2010-03-30,UUP,stock,23.84,23.94,23.83,23.93,6498400,2010-03-30,2010-03-30,58.7368,20.5073,20.2381,20.3251
2010-03-29,UUP,stock,23.8999,23.92,23.84,23.84,3267200,2010-03-29,2010-03-29,56.1428,20.4895,20.2337,20.3108
2010-03-26,UUP,stock,24.05,24.0693,23.94,23.96,3919600,2010-03-26,2010-03-26,60.8813,20.4780,20.2300,20.2990
2010-03-25,UUP,stock,24.01,24.14,23.96,24.13,7722800,2010-03-25,2010-03-25,68.4851,20.4544,20.2253,20.2826
2010-03-24,UUP,stock,24,24.05,23.94,24.05,6944000,2010-03-24,2010-03-24,66.6658,20.4129,20.2190,20.2595
2010-03-23,UUP,stock,23.73,23.75,23.64,23.73,3182100,2010-03-23,2010-03-23,57.5678,20.3742,20.2134,20.2382
2010-03-22,UUP,stock,23.78,23.79,23.64,23.65,4476300,2010-03-22,2010-03-22,54.6975,20.3606,20.2105,20.2274
2010-03-19,UUP,stock,23.66,23.75,23.63,23.71,6911200,2010-03-19,2010-03-19,57.4017,20.3528,20.2082,20.2189
2010-03-18,UUP,stock,23.47,23.61,23.45,23.55,5246900,2010-03-18,2010-03-18,51.4593,20.3388,20.2054,20.2080
2010-03-17,UUP,stock,23.4004,23.44,23.34,23.39,4740400,2010-03-17,2010-03-17,44.2359,20.3378,20.2040,20.2023
2010-03-16,UUP,stock,23.47,23.49,23.38,23.38,5086700,2010-03-16,2010-03-16,43.7501,20.3513,20.2039,20.2020
2010-03-15,UUP,stock,23.51,23.6,23.5,23.55,3116600,2010-03-15,2010-03-15,50.7259,20.3671,20.2040,20.2020
2010-03-12,UUP,stock,23.47,23.5,23.41,23.42,5689400,2010-03-12,2010-03-12,44.4348,20.3691,20.2025,20.1961
2010-03-11,UUP,stock,23.62,23.66,23.56,23.57,3525800,2010-03-11,2010-03-11,51.4765,20.3832,20.2022,20.1945
2010-03-10,UUP,stock,23.67,23.69,23.58,23.62,2315800,2010-03-10,2010-03-10,54.1317,20.3850,20.2005,20.1875
2010-03-09,UUP,stock,23.7,23.71,23.6301,23.66,2696900,2010-03-09,2010-03-09,56.2885,20.3826,20.1984,20.1785
2010-03-08,UUP,stock,23.54,23.66,23.531,23.62,4168100,2010-03-08,2010-03-08,54.6091,20.3762,20.1960,20.1677
2010-03-05,UUP,stock,23.7,23.72,23.62,23.63,3555100,2010-03-05,2010-03-05,55.1006,20.3728,20.1939,20.1579
2010-03-04,UUP,stock,23.57,23.7,23.56,23.64,4037300,2010-03-04,2010-03-04,55.5649,20.3681,20.1916,20.1473
2010-03-03,UUP,stock,23.6,23.62,23.45,23.51,6455000,2010-03-03,2010-03-03,50.5330,20.3621,20.1893,20.1359
2010-03-02,UUP,stock,23.71,23.78,23.62,23.65,4698800,2010-03-02,2010-03-02,56.9862,20.3672,20.1880,20.1287
2010-03-01,UUP,stock,23.79,23.89,23.7,23.72,6130600,2010-03-01,2010-03-01,60.5779,20.3601,20.1855,20.1162
2010-02-26,UUP,stock,23.71,23.74,23.56,23.64,4837100,2010-02-26,2010-02-26,57.7521,20.3459,20.1824,20.1007
2010-02-25,UUP,stock,23.85,23.85,23.7,23.71,4687800,2010-02-25,2010-02-25,61.3236,20.3375,20.1800,20.0875
2010-02-24,UUP,stock,23.74,23.78,23.62,23.76,5542600,2010-02-24,2010-02-24,63.9465,20.3219,20.1769,20.0712
2010-02-23,UUP,stock,23.73,23.81,23.68,23.81,3647400,2010-02-23,2010-02-23,66.5913,20.3000,20.1734,20.0525
2010-02-22,UUP,stock,23.66,23.72,23.64,23.68,3619000,2010-02-22,2010-02-22,62.8853,20.2714,20.1693,20.0312
2010-02-19,UUP,stock,23.83,23.88,23.69,23.72,5482400,2010-02-19,2010-02-19,64.9436,20.2515,20.1664,20.0137
2010-02-18,UUP,stock,23.65,23.73,23.57,23.65,3961800,2010-02-18,2010-02-18,62.9743,20.2258,20.1631,19.9941
2010-02-17,UUP,stock,23.53,23.68,23.51,23.65,4796600,2010-02-17,2010-02-17,62.9743,20.2039,20.1604,19.9761
2010-02-16,UUP,stock,23.59,23.6,23.41,23.43,5956700,2010-02-16,2010-02-16,56.3254,20.1796,20.1576,19.9574
2010-02-12,UUP,stock,23.7,23.74,23.61,23.63,4336300,2010-02-12,2010-02-12,66.3892,20.1728,20.1568,19.9457
2010-02-11,UUP,stock,23.6,23.69,23.52,23.55,6182500,2010-02-11,2010-02-11,64.0001,20.1471,20.1542,19.9265
2010-02-10,UUP,stock,23.55,23.64,23.52,23.56,6164200,2010-02-10,2010-02-10,64.5326,20.1259,20.1522,19.9093
2010-02-09,UUP,stock,23.55,23.6299,23.41,23.49,11684600,2010-02-09,2010-02-09,62.5050,20.1017,20.1501,19.8910
2010-02-08,UUP,stock,23.64,23.67,23.58,23.64,10965400,2010-02-08,2010-02-08,70.5274,20.0812,20.1487,19.8745
2010-02-05,UUP,stock,23.62,23.77,23.61,23.65,17374200,2010-02-05,2010-02-05,71.0923,20.0449,20.1459,19.8520
2010-02-04,UUP,stock,23.5,23.56,23.48,23.55,9522800,2010-02-04,2010-02-04,68.7697,20.0039,20.1430,19.8282
2010-02-03,UUP,stock,23.33,23.4322,23.31,23.4,7748900,2010-02-03,2010-02-03,64.8344,19.9677,20.1409,19.8070
2010-02-02,UUP,stock,23.32,23.34,23.27,23.27,4624700,2010-02-02,2010-02-02,60.8659,19.9413,20.1402,19.7902
2010-02-01,UUP,stock,23.36,23.41,23.34,23.35,5346900,2010-02-01,2010-02-01,65.0615,19.9240,20.1405,19.7773
2010-01-29,UUP,stock,23.35,23.45,23.33,23.45,8886700,2010-01-29,2010-01-29,70.7198,19.8975,20.1402,19.7610
2010-01-28,UUP,stock,23.23,23.29,23.22,23.27,5930300,2010-01-28,2010-01-28,65.7397,19.8592,20.1389,19.7406
2010-01-27,UUP,stock,23.17,23.26,23.13,23.23,7955000,2010-01-27,2010-01-27,64.4935,19.8332,20.1393,19.7257
2010-01-26,UUP,stock,23.1795,23.19,23.1,23.15,7508800,2010-01-26,2010-01-26,61.9212,19.8081,20.1399,19.7116
2010-01-25,UUP,stock,23.1,23.1,23.03,23.05,4221400,2010-01-25,2010-01-25,58.4253,19.7877,20.1413,19.6997
2010-01-22,UUP,stock,23.12,23.16,23.02,23.08,3961500,2010-01-22,2010-01-22,59.9587,19.7742,20.1436,19.6909
2010-01-21,UUP,stock,23.16,23.21,23.04,23.12,7817500,2010-01-21,2010-01-21,61.9726,19.7565,20.1456,19.6806
2010-01-20,UUP,stock,23.07,23.15,23.06,23.12,8332600,2010-01-20,2010-01-20,61.9726,19.7334,20.1473,19.6686
2010-01-19,UUP,stock,22.86,22.91,22.83,22.84,3527200,2010-01-19,2010-01-19,52.3035,19.7078,20.1490,19.6560
2010-01-15,UUP,stock,22.75,22.83,22.75,22.77,3053400,2010-01-15,2010-01-15,49.3116,19.7050,20.1532,19.6528
2010-01-14,UUP,stock,22.68,22.71,22.6,22.64,7799800,2010-01-14,2010-01-14,43.1633,19.7082,20.1580,19.6519
2010-01-13,UUP,stock,22.63,22.72,22.62,22.7,4659400,2010-01-13,2010-01-13,45.5302,19.7236,20.1640,19.6556
2010-01-12,UUP,stock,22.72,22.73,22.63,22.72,10486900,2010-01-12,2010-01-12,46.3163,19.7352,20.1695,19.6573
2010-01-11,UUP,stock,22.74,22.75,22.65,22.72,8037200,2010-01-11,2010-01-11,46.3163,19.7462,20.1750,19.6584
2010-01-08,UUP,stock,22.89,23.0283,22.83,22.84,7371900,2010-01-08,2010-01-08,50.8591,19.7584,20.1804,19.6595
2010-01-07,UUP,stock,22.96,23.03,22.96,23,5844100,2010-01-07,2010-01-07,57.8890,19.7609,20.1849,19.6565
2010-01-06,UUP,stock,22.95,22.97,22.83,22.85,5693300,2010-01-06,2010-01-06,52.1288,19.7491,20.1880,19.6476
2010-01-05,UUP,stock,22.89,22.96,22.84,22.91,6185000,2010-01-05,2010-01-05,54.9191,19.7497,20.1925,19.6437
2010-01-04,UUP,stock,22.89,22.93,22.84,22.92,5083600,2010-01-04,2010-01-04,55.3778,19.7450,20.1965,19.6376
2009-12-31,UUP,stock,22.98,23.09,22.96,23.08,2822600,2009-12-31,2009-12-31,63.2240,19.7388,20.2005,19.6308
2009-12-30,UUP,stock,23.1,23.13,23.01,23.04,3216900,2009-12-30,2009-12-30,61.9733,19.7174,20.2031,19.6181
2009-12-29,UUP,stock,22.91,23.05,22.89,23.04,3863900,2009-12-29,2009-12-29,61.9733,19.6974,20.2060,19.6063
2009-12-28,UUP,stock,22.96,22.99,22.94,22.97,2958200,2009-12-28,2009-12-28,59.9162,19.6753,20.2090,19.5940
2009-12-24,UUP,stock,22.99,23.04,22.99,23.03,1335200,2009-12-24,2009-12-24,62.6120,19.6572,20.2127,19.5837
2009-12-23,UUP,stock,23.09,23.12,22.98,23.03,4524400,2009-12-23,2009-12-23,62.6120,19.6318,20.2158,19.5708
2009-12-22,UUP,stock,23.08,23.19,23.06,23.16,7170900,2009-12-22,2009-12-22,68.3577,19.6037,20.2190,19.5574
2009-12-21,UUP,stock,22.97,23.11,22.97,23.08,6847200,2009-12-21,2009-12-21,66.6066,19.5609,20.2211,19.5389
2009-12-18,UUP,stock,23.01,23.2,23.01,23.01,13168800,2009-12-18,2009-12-18,65.0344,19.5208,20.2239,19.5225
2009-12-17,UUP,stock,22.97,23.05,22.96,23.01,11718000,2009-12-17,2009-12-17,65.0344,19.4828,20.2273,19.5078
2009-12-16,UUP,stock,22.7598,22.81,22.67,22.77,5668900,2009-12-16,2009-12-16,59.3809,19.4408,20.2308,19.4926
2009-12-15,UUP,stock,22.76,22.84,22.75,22.79,14616400,2009-12-15,2009-12-15,60.1332,19.4163,20.2364,19.4852
2009-12-14,UUP,stock,22.65,22.67,22.6,22.63,4768100,2009-12-14,2009-12-14,55.9911,19.3873,20.2419,19.4768
2009-12-11,UUP,stock,22.63,22.74,22.62,22.68,15164200,2009-12-11,2009-12-11,57.7317,19.3699,20.2488,19.4736
2009-12-10,UUP,stock,22.49,22.56,22.46,22.5,2473500,2009-12-10,2009-12-10,52.8298,19.3460,20.2554,19.4686
2009-12-09,UUP,stock,22.56,22.6,22.47,22.5,4979000,2009-12-09,2009-12-09,52.8298,19.3361,20.2636,19.4698
2009-12-08,UUP,stock,22.51,22.62,22.5,22.59,6778700,2009-12-08,2009-12-08,55.6102,19.3251,20.2718,19.4710
2009-12-07,UUP,stock,22.54,22.54,22.36,22.48,6668900,2009-12-07,2009-12-07,52.7904,19.3047,20.2794,19.4690
2009-12-04,UUP,stock,22.3,22.52,22.27,22.48,12900300,2009-12-04,2009-12-04,52.7904,19.2922,20.2880,19.4709
2009-12-03,UUP,stock,22.17,22.17,22.11,22.15,2810700,2009-12-03,2009-12-03,43.5076,19.2784,20.2967,19.4728
2009-12-02,UUP,stock,22.08,22.16,22.06,22.14,3581100,2009-12-02,2009-12-02,43.1933,19.2931,20.3083,19.4865
2009-12-01,UUP,stock,22.05,22.09,22.02,22.07,4075000,2009-12-01,2009-12-01,41.0619,19.3103,20.3202,19.5010
2009-11-30,UUP,stock,22.22,22.2303,22.14,22.17,3144300,2009-11-30,2009-11-30,43.2127,19.3357,20.3328,19.5186
2009-11-27,UUP,stock,22.4,22.41,22.22,22.26,5706700,2009-11-27,2009-11-27,45.1909,19.3546,20.3446,19.5335
2009-11-25,UUP,stock,22.13,22.16,22.02,22.03,6839000,2009-11-25,2009-11-25,38.5113,19.3674,20.3558,19.5457
2009-11-24,UUP,stock,22.27,22.34,22.25,22.29,3221600,2009-11-24,2009-11-24,44.1605,19.4024,20.3690,19.5666
2009-11-23,UUP,stock,22.25,22.3,22.22,22.27,3869700,2009-11-23,2009-11-23,43.5693,19.4175,20.3802,19.5791
2009-11-20,UUP,stock,22.49,22.49,22.41,22.44,4063500,2009-11-20,2009-11-20,47.5427,19.4359,20.3916,19.5929
2009-11-19,UUP,stock,22.37,22.42,22.33,22.35,3793100,2009-11-19,2009-11-19,45.0805,19.4409,20.4017,19.6012
2009-11-18,UUP,stock,22.25,22.32,22.22,22.28,3051000,2009-11-18,2009-11-18,43.1535,19.4546,20.4127,19.6130
2009-11-17,UUP,stock,22.35,22.44,22.33,22.36,5152400,2009-11-17,2009-11-17,44.8225,19.4760,20.4243,19.6278
2009-11-16,UUP,stock,22.26,22.35,22.15,22.22,6236600,2009-11-16,2009-11-16,41.1220,19.4925,20.4354,19.6404
2009-11-13,UUP,stock,22.41,22.45,22.3,22.32,8880100,2009-11-13,2009-11-13,43.0364,19.5234,20.4479,19.6584
2009-11-12,UUP,stock,22.61,22.94,22.54,22.8,7572000,2009-11-12,2009-11-12,54.3041,19.5484,20.4596,19.6736
2009-11-11,UUP,stock,22.36,22.58,22.32,22.48,4285400,2009-11-11,2009-11-11,45.4652,19.5325,20.4672,19.6726
2009-11-10,UUP,stock,22.58,22.58,22.25,22.44,5252000,2009-11-10,2009-11-10,44.2127,19.5440,20.4777,19.6827
2009-11-09,UUP,stock,22.67,22.67,22.485,22.54,3541300,2009-11-09,2009-11-09,46.7027,19.5603,20.4886,19.6947
2009-11-06,UUP,stock,22.99,22.99,22.74,22.83,6841400,2009-11-06,2009-11-06,55.0518,19.5692,20.4988,19.7037
2009-11-05,UUP,stock,22.5,23.15,22.45,22.94,13281500,2009-11-05,2009-11-05,58.7512,19.5527,20.5066,19.7028
2009-11-04,UUP,stock,22.58,22.59,22.45,22.51,10913500,2009-11-04,2009-11-04,45.4439,19.5245,20.5135,19.6979
2009-11-03,UUP,stock,22.81,22.81,22.64,22.68,5590000,2009-11-03,2009-11-03,51.5490,19.5324,20.5242,19.7081
2009-11-02,UUP,stock,22.63,22.7,22.54,22.62,4952000,2009-11-02,2009-11-02,49.3176,19.5257,20.5335,19.7127
2009-10-30,UUP,stock,22.61,22.7,22.59,22.7,5804400,2009-10-30,2009-10-30,52.2998,19.5237,20.5434,19.7195
2009-10-29,UUP,stock,22.62,22.63,22.52,22.57,4342500,2009-10-29,2009-10-29,47.5104,19.5142,20.5528,19.7238
2009-10-28,UUP,stock,22.63,22.75,22.59,22.73,6781100,2009-10-28,2009-10-28,53.6690,19.5156,20.5633,19.7329
2009-10-27,UUP,stock,22.58,22.67,22.55,22.638,5984700,2009-10-27,2009-10-27,50.2239,19.5026,20.5726,19.7367
2009-10-26,UUP,stock,22.41,22.61,22.36,22.58,6861400,2009-10-26,2009-10-26,47.9586,19.4965,20.5828,19.7440
2009-10-23,UUP,stock,22.38,22.44,22.34,22.43,3610500,2009-10-23,2009-10-23,41.5730,19.4951,20.5936,19.7535
2009-10-22,UUP,stock,22.39,22.43,22.29,22.31,2454600,2009-10-22,2009-10-22,35.7132,19.5072,20.6058,19.7687
2009-10-21,UUP,stock,22.4,22.4,22.26,22.32,3670600,2009-10-21,2009-10-21,35.9925,19.5315,20.6191,19.7888
2009-10-20,UUP,stock,22.35,22.52,22.34,22.46,3970700,2009-10-20,2009-10-20,40.0664,19.5574,20.6325,19.8094
2009-10-19,UUP,stock,22.46,22.47,22.35,22.36,1616700,2009-10-19,2009-10-19,35.2018,19.5733,20.6449,19.8258
2009-10-16,UUP,stock,22.49,22.52,22.44,22.47,1991300,2009-10-16,2009-10-16,38.3841,19.6000,20.6582,19.8465
2009-10-15,UUP,stock,22.44,22.46,22.37,22.41,1935200,2009-10-15,2009-10-15,35.4275,19.6195,20.6707,19.8641
2009-10-14,UUP,stock,22.44,22.48,22.37,22.4,4504800,2009-10-14,2009-10-14,34.9444,19.6465,20.6838,19.8846
2009-10-13,UUP,stock,22.56,22.61,22.51,22.57,3072700,2009-10-13,2009-10-13,39.6241,19.6773,20.6972,19.9062
2009-10-12,UUP,stock,22.62,22.64,22.57,22.62,1555900,2009-10-12,2009-10-12,41.1284,19.6958,20.7092,19.9227
2009-10-09,UUP,stock,22.63,22.74,22.62,22.72,2509300,2009-10-09,2009-10-09,44.2480,19.7117,20.7209,19.9382
2009-10-08,UUP,stock,22.6,22.66,22.49,22.54,4580500,2009-10-08,2009-10-08,36.1536,19.7202,20.7319,19.9507
2009-10-07,UUP,stock,22.7,22.75,22.67,22.69,1319200,2009-10-07,2009-10-07,40.7294,19.7460,20.7445,19.9701
2009-10-06,UUP,stock,22.7,22.7,22.6,22.67,2633500,2009-10-06,2009-10-06,39.7858,19.7609,20.7559,19.9850
2009-10-05,UUP,stock,22.85,22.87,22.76,22.77,795600,2009-10-05,2009-10-05,42.9612,19.7791,20.7677,20.0013
2009-10-02,UUP,stock,22.92,22.92,22.78,22.9,2019600,2009-10-02,2009-10-02,47.5414,19.7902,20.7787,20.0146
2009-10-01,UUP,stock,22.86,22.96,22.84,22.95,1340700,2009-10-01,2009-10-01,49.4233,19.7906,20.7887,20.0239
2009-09-30,UUP,stock,22.81,22.88,22.74,22.79,1564000,2009-09-30,2009-09-30,42.6815,19.7865,20.7983,20.0319
2009-09-29,UUP,stock,22.94,23,22.91,22.92,1740900,2009-09-29,2009-09-29,47.4539,19.7965,20.8094,20.0458
2009-09-28,UUP,stock,22.86,22.9,22.77,22.88,1531300,2009-09-28,2009-09-28,45.7198,19.7957,20.8195,20.0556
2009-09-25,UUP,stock,22.85,22.86,22.73,22.81,1945500,2009-09-25,2009-09-25,42.6440,19.7985,20.8301,20.0673
2009-09-24,UUP,stock,22.69,22.9,22.66,22.87,4276300,2009-09-24,2009-09-24,44.6581,19.8080,20.8414,20.0820
2009-09-23,UUP,stock,22.64,22.72,22.54,22.7,2267600,2009-09-23,2009-09-23,36.8053,19.8130,20.8522,20.0951
2009-09-22,UUP,stock,22.62,22.67,22.59,22.6,3452500,2009-09-22,2009-09-22,31.4957,19.8340,20.8647,20.1148
2009-09-21,UUP,stock,22.91,23.17,22.78,22.84,2285600,2009-09-21,2009-09-21,38.7516,19.8663,20.8781,20.1387
2009-09-18,UUP,stock,22.71,22.79,22.68,22.76,3574400,2009-09-18,2009-09-18,34.0488,19.8801,20.8896,20.1552
2009-09-17,UUP,stock,22.69,22.72,22.61,22.68,1339800,2009-09-17,2009-09-17,28.9856,19.9027,20.9019,20.1752
2009-09-16,UUP,stock,22.71,22.76,22.64,22.64,1243000,2009-09-16,2009-09-16,26.3608,19.9350,20.9150,20.1989
2009-09-15,UUP,stock,22.85,22.88,22.71,22.71,1399900,2009-09-15,2009-09-15,28.0452,19.9743,20.9286,20.2249
2009-09-14,UUP,stock,22.86,22.86,22.75,22.79,1119700,2009-09-14,2009-09-14,30.0854,20.0114,20.9418,20.2495
2009-09-11,UUP,stock,22.77,22.85,22.73,22.81,1558500,2009-09-11,2009-09-11,30.6022,20.0451,20.9543,20.2722
2009-09-10,UUP,stock,22.89,22.97,22.8,22.86,1325900,2009-09-10,2009-09-10,31.8732,20.0805,20.9668,20.2953
2009-09-09,UUP,stock,22.88,22.94,22.83,22.91,1904000,2009-09-09,2009-09-09,33.1518,20.1151,20.9791,20.3174
2009-09-08,UUP,stock,22.98,22.99,22.9,22.99,2140600,2009-09-08,2009-09-08,35.2527,20.1488,20.9910,20.3388
2009-09-04,UUP,stock,23.37,23.39,23.2,23.25,1273800,2009-09-04,2009-09-04,43.5893,20.1787,21.0023,20.3581
2009-09-03,UUP,stock,23.27,23.36,23.27,23.34,821000,2009-09-03,2009-09-03,47.1751,20.1882,21.0115,20.3691
2009-09-02,UUP,stock,23.41,23.44,23.27,23.32,2107300,2009-09-02,2009-09-02,46.2629,20.1905,21.0200,20.3774
2009-09-01,UUP,stock,23.31,23.49,23.24,23.41,2118400,2009-09-01,2009-09-01,49.8608,20.1948,21.0287,20.3867
2009-08-31,UUP,stock,23.34,23.35,23.19,23.26,944800,2009-08-31,2009-08-31,43.0005,20.1914,21.0368,20.3932
2009-08-28,UUP,stock,23.18,23.32,23.16,23.28,1452400,2009-08-28,2009-08-28,43.7415,20.2013,21.0462,20.4053
2009-08-27,UUP,stock,23.38,23.42,23.14,23.24,879300,2009-08-27,2009-08-27,41.8816,20.2104,21.0556,20.4172
2009-08-26,UUP,stock,23.38,23.45,23.37,23.37,1010000,2009-08-26,2009-08-26,46.5233,20.2241,21.0654,20.4309
2009-08-25,UUP,stock,23.21,23.2899,23.18,23.28,685100,2009-08-25,2009-08-25,42.4209,20.2274,21.0741,20.4406
2009-08-24,UUP,stock,23.23,23.3,23.21,23.28,1089500,2009-08-24,2009-08-24,42.4209,20.2393,21.0838,20.4539
2009-08-21,UUP,stock,23.19,23.3,23.13,23.23,880600,2009-08-21,2009-08-21,40.2243,20.2524,21.0935,20.4678
2009-08-20,UUP,stock,23.4,23.41,23.29,23.31,652700,2009-08-20,2009-08-20,42.6412,20.2715,21.1038,20.4840
2009-08-19,UUP,stock,23.54,23.55,23.3,23.38,1064400,2009-08-19,2009-08-19,44.8297,20.2852,21.1135,20.4980
2009-08-18,UUP,stock,23.62,23.62,23.48,23.53,1729900,2009-08-18,2009-08-18,49.9286,20.2941,21.1226,20.5101
2009-08-17,UUP,stock,23.63,23.68,23.58,23.59,2538400,2009-08-17,2009-08-17,52.1309,20.2902,21.1306,20.5174
2009-08-14,UUP,stock,23.3,23.5,23.3,23.45,775200,2009-08-14,2009-08-14,47.0726,20.2805,21.1381,20.5229
2009-08-13,UUP,stock,23.34,23.37,23.29,23.36,867400,2009-08-13,2009-08-13,43.5093,20.2825,21.1469,20.5336
2009-08-12,UUP,stock,23.54,23.59,23.4,23.47,1706000,2009-08-12,2009-08-12,47.1088,20.2929,21.1566,20.5479
2009-08-11,UUP,stock,23.6,23.62,23.52,23.58,1350900,2009-08-11,2009-08-11,51.0289,20.2944,21.1654,20.5588
2009-08-10,UUP,stock,23.54,23.63,23.5,23.56,2331900,2009-08-10,2009-08-10,50.3311,20.2860,21.1734,20.5664
2009-08-07,UUP,stock,23.34,23.55,23.3,23.48,1820500,2009-08-07,2009-08-07,47.5554,20.2786,21.1816,20.5750
2009-08-06,UUP,stock,23.15,23.27,23.15,23.21,1258900,2009-08-06,2009-08-06,36.4204,20.2776,21.1906,20.5867
2009-08-05,UUP,stock,23.12,23.18,23.04,23.1,800900,2009-08-05,2009-08-05,30.8676,20.3011,21.2020,20.6084
2009-08-04,UUP,stock,23.12,23.17,23.08,23.13,516700,2009-08-04,2009-08-04,31.5658,20.3371,21.2145,20.6349
2009-08-03,UUP,stock,23.2,23.2268,23.07,23.13,916500,2009-08-03,2009-08-03,31.5658,20.3742,21.2268,20.6614
2009-07-31,UUP,stock,23.44,23.54,23.28,23.32,1076700,2009-07-31,2009-07-31,36.0140,20.4152,21.2393,20.6891
2009-07-30,UUP,stock,23.61,23.68,23.58,23.63,557300,2009-07-30,2009-07-30,45.7902,20.4431,21.2503,20.7111
2009-07-29,UUP,stock,23.56,23.73,23.55,23.66,754400,2009-07-29,2009-07-29,46.9351,20.4459,21.2587,20.7231
2009-07-28,UUP,stock,23.48,23.56,23.45,23.49,852200,2009-07-28,2009-07-28,38.8959,20.4462,21.2669,20.7345
2009-07-27,UUP,stock,23.4,23.47,23.38,23.42,284800,2009-07-27,2009-07-27,35.1388,20.4620,21.2766,20.7524
2009-07-24,UUP,stock,23.44,23.49,23.41,23.44,131600,2009-07-24,2009-07-24,35.7216,20.4858,21.2871,20.7735
2009-07-23,UUP,stock,23.51,23.52,23.35,23.47,337900,2009-07-23,2009-07-23,36.5662,20.5103,21.2975,20.7947
2009-07-22,UUP,stock,23.52,23.54,23.4,23.47,257500,2009-07-22,2009-07-22,36.5662,20.5347,21.3077,20.8158
2009-07-21,UUP,stock,23.42,23.56,23.39,23.51,1464100,2009-07-21,2009-07-21,37.5879,20.5616,21.3180,20.8377
2009-07-20,UUP,stock,23.48,23.55,23.45,23.5,481600,2009-07-20,2009-07-20,37.1804,20.5877,21.3281,20.8591
2009-07-17,UUP,stock,23.64,23.69,23.61,23.66,197100,2009-07-17,2009-07-17,41.1744,20.6175,21.3384,20.8817
2009-07-16,UUP,stock,23.59,23.64,23.57,23.61,520800,2009-07-16,2009-07-16,39.2818,20.6359,21.3474,20.8996
2009-07-15,UUP,stock,23.65,23.69,23.59,23.63,996500,2009-07-15,2009-07-15,39.7569,20.6607,21.3569,20.9200
2009-07-14,UUP,stock,23.79,23.9009,23.78,23.86,286600,2009-07-14,2009-07-14,45.6534,20.6863,21.3664,20.9406
2009-07-13,UUP,stock,23.89,23.96,23.82,23.84,264000,2009-07-13,2009-07-13,44.9947,20.6938,21.3739,20.9538
2009-07-10,UUP,stock,23.96,23.96,23.86,23.88,294200,2009-07-10,2009-07-10,46.0308,20.7038,21.3817,20.9683
2009-07-09,UUP,stock,23.84,23.9,23.74,23.82,768700,2009-07-09,2009-07-09,44.2424,20.7112,21.3892,20.9820
2009-07-08,UUP,stock,24.04,24.1,24,24.02,332200,2009-07-08,2009-07-08,49.2990,20.7249,21.3974,20.9984
2009-07-07,UUP,stock,23.95,24.06,23.92,24.05,446900,2009-07-07,2009-07-07,50.0966,20.7218,21.4038,21.0083
2009-07-06,UUP,stock,24.08,24.08,23.94,23.948,358800,2009-07-06,2009-07-06,47.4106,20.7157,21.4101,21.0177
2009-07-02,UUP,stock,23.87,23.94,23.87,23.91,346800,2009-07-02,2009-07-02,46.4129,20.7182,21.4173,21.0309
2009-07-01,UUP,stock,23.7,23.78,23.64,23.78,918700,2009-07-01,2009-07-01,42.9761,20.7244,21.4249,21.0461
2009-06-30,UUP,stock,23.83,23.96,23.83,23.9,215300,2009-06-30,2009-06-30,45.4760,20.7431,21.4338,21.0665
2009-06-29,UUP,stock,23.82,23.861,23.79,23.81,313100,2009-06-29,2009-06-29,43.1739,20.7529,21.4416,21.0835
2009-06-26,UUP,stock,23.8,23.86,23.74,23.83,439700,2009-06-26,2009-06-26,43.5533,20.7719,21.4504,21.1043
2009-06-25,UUP,stock,24.1,24.1499,23.94,23.97,470000,2009-06-25,2009-06-25,46.1923,20.7910,21.4590,21.1253
2009-06-24,UUP,stock,23.81,24.11,23.81,23.99,835300,2009-06-24,2009-06-24,46.5666,20.7994,21.4665,21.1423
2009-06-23,UUP,stock,23.96,23.9901,23.78,23.85,640000,2009-06-23,2009-06-23,43.5959,20.8069,21.4740,21.1592
2009-06-22,UUP,stock,24.15,24.17,24.06,24.13,559400,2009-06-22,2009-06-22,48.6154,20.8280,21.4827,21.1817
2009-06-19,UUP,stock,24.05,24.06,23.88,23.97,516000,2009-06-19,2009-06-19,45.2719,20.8257,21.4890,21.1953
2009-06-18,UUP,stock,23.98,24.13,23.93,24.08,257800,2009-06-18,2009-06-18,47.2339,20.8378,21.4969,21.2150
2009-06-17,UUP,stock,24.09,24.15,23.91,23.97,595400,2009-06-17,2009-06-17,45.0214,20.8412,21.5038,21.2317
2009-06-16,UUP,stock,24.11,24.14,24.01,24.11,837700,2009-06-16,2009-06-16,47.3688,20.8549,21.5118,21.2530
2009-06-15,UUP,stock,24.12,24.43,24.12,24.43,1460600,2009-06-15,2009-06-15,53.2629,20.8573,21.5186,21.2702
2009-06-12,UUP,stock,23.98,24.06,23.9,23.99,451200,2009-06-12,2009-06-12,44.4352,20.8309,21.5227,21.2768
2009-06-11,UUP,stock,23.92,23.92,23.68,23.76,511100,2009-06-11,2009-06-11,38.8268,20.8417,21.5307,21.2992
2009-06-10,UUP,stock,23.87,24.12,23.86,24,586800,2009-06-10,2009-06-10,43.0357,20.8746,21.5408,21.3306
2009-06-09,UUP,stock,23.97,24,23.82,23.86,537000,2009-06-09,2009-06-09,39.4823,20.8891,21.5489,21.3548
2009-06-08,UUP,stock,24.22,24.31,24.12,24.17,1448000,2009-06-08,2009-06-08,45.2914,20.9178,21.5582,21.3850
2009-06-05,UUP,stock,23.96,24.18,23.96,24.16,1046600,2009-06-05,2009-06-05,45.0492,20.9214,21.5650,21.4055
2009-06-04,UUP,stock,23.81,23.84,23.68,23.75,780000,2009-06-04,2009-06-04,33.9112,20.9263,21.5719,21.4271
2009-06-03,UUP,stock,23.66,23.83,23.64,23.8,1080100,2009-06-03,2009-06-03,34.7079,20.9690,21.5825,21.4641
2009-06-02,UUP,stock,23.58,23.62,23.43,23.45,861600,2009-06-02,2009-06-02,22.9412,21.0116,21.5927,21.5008
2009-06-01,UUP,stock,23.61,23.71,23.55,23.67,1017800,2009-06-01,2009-06-01,25.6380,21.0906,21.6061,21.5514
2009-05-29,UUP,stock,23.79,23.84,23.7,23.73,717300,2009-05-29,2009-05-29,26.4247,21.1578,21.6177,21.5963
2009-05-28,UUP,stock,24.1,24.14,24,24.07,427500,2009-05-28,2009-05-28,31.5124,21.2267,21.6289,21.6409
2009-05-27,UUP,stock,23.93,24.1,23.93,24.05,434000,2009-05-27,2009-05-27,30.7845,21.2719,21.6373,21.6753
2009-05-26,UUP,stock,24.09,24.11,23.93,23.97,387800,2009-05-26,2009-05-26,27.9397,21.3237,21.6459,21.7119
2009-05-22,UUP,stock,23.94,23.99,23.87,23.92,901900,2009-05-22,2009-05-22,26.1789,21.3882,21.6553,21.7527
2009-05-21,UUP,stock,24.28,24.32,24.03,24.09,612600,2009-05-21,2009-05-21,28.3673,21.4640,21.6652,21.7970
2009-05-20,UUP,stock,24.42,24.4233,24.19,24.25,775800,2009-05-20,2009-05-20,30.6031,21.5324,21.6738,21.8371
2009-05-19,UUP,stock,24.6,24.63,24.47,24.55,272200,2009-05-19,2009-05-19,35.4706,21.5934,21.6810,21.8732
2009-05-18,UUP,stock,24.72,24.79,24.66,24.68,273700,2009-05-18,2009-05-18,37.8958,21.6335,21.6857,21.9002
2009-05-15,UUP,stock,24.66,24.8498,24.59,24.81,337900,2009-05-15,2009-05-15,40.4650,21.6661,21.6894,21.9237
2009-05-14,UUP,stock,24.72,24.73,24.58,24.64,374700,2009-05-14,2009-05-14,35.1243,21.6902,21.6919,21.9436
2009-05-13,UUP,stock,24.68,24.7388,24.62,24.72,224100,2009-05-13,2009-05-13,36.5573,21.7324,21.6959,21.9703
2009-05-12,UUP,stock,24.57,24.69,24.56,24.63,479000,2009-05-12,2009-05-12,33.7330,21.7717,21.6993,21.9952
2009-05-11,UUP,stock,24.75,24.76,24.66,24.76,225200,2009-05-11,2009-05-11,35.8751,21.8233,21.7035,22.0244
2009-05-08,UUP,stock,24.9,24.95,24.56,24.63,779900,2009-05-08,2009-05-08,31.8569,21.8686,21.7067,22.0501
2009-05-07,UUP,stock,25,25.14,24.93,25.08,274400,2009-05-07,2009-05-07,39.8915,21.9304,21.7109,22.0815
2009-05-06,UUP,stock,25.07,25.21,25.05,25.08,177800,2009-05-06,2009-05-06,39.8915,21.9578,21.7113,22.0983
2009-05-05,UUP,stock,24.98,25.2,24.98,25.13,521100,2009-05-05,2009-05-05,40.8793,21.9882,21.7118,22.1158
2009-05-04,UUP,stock,25.26,25.29,25.03,25.05,383600,2009-05-04,2009-05-04,38.6213,22.0171,21.7117,22.1322
2009-05-01,UUP,stock,25.31,25.34,25.27,25.28,193300,2009-05-01,2009-05-01,43.0063,22.0564,21.7124,22.1522
2009-04-30,UUP,stock,25.36,25.41,25.2801,25.34,114600,2009-04-30,2009-04-30,44.2226,22.0788,21.7111,22.1648
2009-04-29,UUP,stock,25.33,25.35,25.17,25.31,534100,2009-04-29,2009-04-29,43.4805,22.0982,21.7093,22.1758
2009-04-28,UUP,stock,25.6,25.62,25.44,25.49,229900,2009-04-28,2009-04-28,46.9617,22.1224,21.7077,22.1884
2009-04-27,UUP,stock,25.52,25.69,25.4434,25.65,287100,2009-04-27,2009-04-27,50.2847,22.1327,21.7045,22.1951
2009-04-24,UUP,stock,25.32,25.37,25.27,25.35,344200,2009-04-24,2009-04-24,43.2992,22.1296,21.6999,22.1964
2009-04-23,UUP,stock,25.82,25.82,25.53,25.55,214100,2009-04-23,2009-04-23,47.4243,22.1534,21.6978,22.2083
2009-04-22,UUP,stock,25.87,25.87,25.77,25.84,150000,2009-04-22,2009-04-22,54.4027,22.1616,21.6940,22.2137
2009-04-21,UUP,stock,25.95,25.96,25.83,25.91,129800,2009-04-21,2009-04-21,56.2581,22.1442,21.6877,22.2091
2009-04-20,UUP,stock,25.89,26.02,25.87,25.97,377800,2009-04-20,2009-04-20,57.8279,22.1186,21.6806,22.2019
2009-04-17,UUP,stock,25.69,25.77,25.68,25.77,577800,2009-04-17,2009-04-17,53.8413,22.0849,21.6730,22.1922
2009-04-16,UUP,stock,25.43,25.6,25.43,25.51,127000,2009-04-16,2009-04-16,47.8955,22.0658,21.6671,22.1892
2009-04-15,UUP,stock,25.54,25.56,25.41,25.42,120000,2009-04-15,2009-04-15,45.6450,22.0684,21.6633,22.1952
2009-04-14,UUP,stock,25.41,25.45,25.33,25.38,209300,2009-04-14,2009-04-14,44.6585,22.0794,21.6603,22.2047
2009-04-13,UUP,stock,25.51,25.52,25.28,25.32,400200,2009-04-13,2009-04-13,43.2232,22.0952,21.6576,22.2159
2009-04-09,UUP,stock,25.51,25.7324,25.49,25.66,339400,2009-04-09,2009-04-09,50.0538,22.1182,21.6554,22.2297
2009-04-08,UUP,stock,25.56,25.63,25.47,25.56,274200,2009-04-08,2009-04-08,47.8009,22.1126,21.6502,22.2321
2009-04-07,UUP,stock,25.52,25.6,25.5,25.55,674800,2009-04-07,2009-04-07,47.5814,22.1155,21.6458,22.2381
2009-04-06,UUP,stock,25.26,25.45,25.26,25.36,357300,2009-04-06,2009-04-06,43.3798,22.1197,21.6415,22.2447
2009-04-03,UUP,stock,25.36,25.38,25.24,25.24,543600,2009-04-03,2009-04-03,40.5868,22.1416,21.6388,22.2583
2009-04-02,UUP,stock,25.38,25.392,25.21,25.32,633400,2009-04-02,2009-04-02,41.8652,22.1767,21.6371,22.2767
2009-04-01,UUP,stock,25.65,25.749,25.63,25.66,291400,2009-04-01,2009-04-01,47.8079,22.2082,21.6347,22.2930
2009-03-31,UUP,stock,25.6,25.73,25.58,25.64,341400,2009-03-31,2009-03-31,47.4001,22.2121,21.6293,22.2980
2009-03-30,UUP,stock,25.79,25.84,25.7,25.7299,738100,2009-03-30,2009-03-30,48.9982,22.2182,21.6240,22.3039
2009-03-27,UUP,stock,25.55,25.63,25.51,25.57,386600,2009-03-27,2009-03-27,45.9907,22.2168,21.6179,22.3068
2009-03-26,UUP,stock,25.12,25.3,25.12,25.27,228300,2009-03-26,2009-03-26,39.8072,22.2298,21.6131,22.3155
2009-03-25,UUP,stock,25.26,25.3,24.98,25.11,516900,2009-03-25,2009-03-25,36.1891,22.2714,21.6109,22.3352
2009-03-24,UUP,stock,25.22,25.31,25.11,25.31,411200,2009-03-24,2009-03-24,38.9033,22.3320,21.6100,22.3613
2009-03-23,UUP,stock,25.18,25.28,25,25.03,559000,2009-03-23,2009-03-23,32.3027,22.3808,21.6074,22.3814
2009-03-20,UUP,stock,25.09,25.24,25.03,25.16,575500,2009-03-20,2009-03-20,33.8807,22.4602,21.6072,22.4122
2009-03-19,UUP,stock,24.92,25.04,24.8,24.95,1708400,2009-03-19,2009-03-19,28.6525,22.5361,21.6059,22.4396
2009-03-18,UUP,stock,25.87,25.9401,25.23,25.254,1188400,2009-03-18,2009-03-18,32.0602,22.6391,21.6064,22.4756
2009-03-17,UUP,stock,26.17,26.21,26.04,26.09,246700,2009-03-17,2009-03-17,46.0437,22.7252,21.6043,22.5024
2009-03-16,UUP,stock,25.99,26.14,25.99,26.129,668300,2009-03-16,2009-03-16,46.9304,22.7445,21.5948,22.5008
2009-03-13,UUP,stock,26.19,26.28,26.1605,26.208,1653800,2009-03-13,2009-03-13,48.6943,22.7621,21.5850,22.4977
2009-03-12,UUP,stock,26.39,26.569,26.17,26.182,471500,2009-03-12,2009-03-12,48.0981,22.7745,21.5743,22.4917
2009-03-11,UUP,stock,26.38,26.47,26.24,26.31,808400,2009-03-11,2009-03-11,50.7963,22.7906,21.5638,22.4863
2009-03-10,UUP,stock,26.45,26.718,26.37,26.6,540800,2009-03-10,2009-03-10,57.5933,22.7967,21.5520,22.4763
2009-03-09,UUP,stock,26.83,26.83,26.658,26.75,423200,2009-03-09,2009-03-09,61.5489,22.7770,21.5376,22.4556
2009-03-06,UUP,stock,26.44,26.67,26.3802,26.6,818500,2009-03-06,2009-03-06,58.9296,22.7416,21.5218,22.4288
2009-03-05,UUP,stock,26.81,26.83,26.6797,26.73,337100,2009-03-05,2009-03-05,62.3476,22.7162,21.5071,22.4061
2009-03-04,UUP,stock,26.75,26.7799,26.55,26.5901,366600,2009-03-04,2009-03-04,60.0310,22.6763,21.4912,22.3780
2009-03-03,UUP,stock,26.67,26.83,26.63,26.74,677500,2009-03-03,2009-03-03,63.9453,22.6449,21.4763,22.3536
2009-03-02,UUP,stock,26.68,26.75,26.63,26.75,770000,2009-03-02,2009-03-02,64.2047,22.5965,21.4599,22.3230
2009-02-27,UUP,stock,26.55,26.5912,26.4001,26.4776,418400,2009-02-27,2009-02-27,60.1129,22.5421,21.4433,22.2907
2009-02-26,UUP,stock,26.31,26.41,26.29,26.41,432300,2009-02-26,2009-02-26,59.0338,22.5068,21.4289,22.2668
2009-02-25,UUP,stock,26.25,26.446,26.23,26.43,522800,2009-02-25,2009-02-25,59.4759,22.4740,21.4149,22.2443
2009-02-24,UUP,stock,26.29,26.356,26.09,26.11,1189400,2009-02-24,2009-02-24,54.4031,22.4358,21.4006,22.2201
2009-02-23,UUP,stock,26.13,26.26,26.07,26.25,432200,2009-02-23,2009-02-23,57.3179,22.4227,21.3890,22.2062
2009-02-20,UUP,stock,26.54,26.54,25.9419,26.01,722500,2009-02-20,2009-02-20,53.3383,22.3956,21.3760,22.1868
2009-02-19,UUP,stock,26.19,26.398,26.18,26.38,345900,2009-02-19,2009-02-19,61.5544,22.3874,21.3649,22.1751
2009-02-18,UUP,stock,26.48,26.58,26.4401,26.53,575900,2009-02-18,2009-02-18,65.3435,22.3446,21.3506,22.1499
2009-02-17,UUP,stock,26.38,26.4799,26.33,26.41,473600,2009-02-17,2009-02-17,63.6828,22.2838,21.3348,22.1184
2009-02-13,UUP,stock,25.95,25.9899,25.86,25.9,371100,2009-02-13,2009-02-13,55.2132,22.2274,21.3199,22.0898
2009-02-12,UUP,stock,26.06,26.15,25.95,25.98,453000,2009-02-12,2009-02-12,57.1547,22.2115,21.3092,22.0780
2009-02-11,UUP,stock,25.8,25.9797,25.734,25.88,280000,2009-02-11,2009-02-11,55.3315,22.1867,21.2978,22.0629
2009-02-10,UUP,stock,25.63,25.91,25.52,25.84,616200,2009-02-10,2009-02-10,54.6142,22.1683,21.2871,22.0507
2009-02-09,UUP,stock,25.47,25.57,25.424,25.54,715500,2009-02-09,2009-02-09,48.8992,22.1516,21.2766,22.0395
2009-02-06,UUP,stock,25.88,25.892,25.63,25.71,558700,2009-02-06,2009-02-06,52.3691,22.1605,21.2687,22.0383
2009-02-05,UUP,stock,25.86,25.95,25.8,25.93,306000,2009-02-05,2009-02-05,57.2509,22.1548,21.2592,22.0311
2009-02-04,UUP,stock,25.82,25.91,25.71,25.85,360400,2009-02-04,2009-02-04,55.8616,22.1286,21.2477,22.0159
2009-02-03,UUP,stock,25.79,25.82,25.58,25.61,730100,2009-02-03,2009-02-03,51.4677,22.1068,21.2368,22.0029
2009-02-02,UUP,stock,26.07,26.078,25.86,25.93,681600,2009-02-02,2009-02-02,58.7028,22.1046,21.2278,21.9978
2009-01-30,UUP,stock,25.83,26,25.83,25.95,671200,2009-01-30,2009-01-30,59.1857,22.0730,21.2160,21.9812
2009-01-29,UUP,stock,25.53,25.8,25.53,25.79,368000,2009-01-29,2009-01-29,56.5295,22.0363,21.2039,21.9632
2009-01-28,UUP,stock,25.32,25.6699,25.31,25.59,540000,2009-01-28,2009-01-28,52.9774,22.0103,21.1930,21.9501
2009-01-27,UUP,stock,25.49,25.622,25.46,25.5,312200,2009-01-27,2009-01-27,51.3151,21.9998,21.1838,21.9435
2009-01-26,UUP,stock,25.65,25.68,25.48,25.53,585600,2009-01-26,2009-01-26,51.8828,21.9963,21.1753,21.9399
2009-01-23,UUP,stock,26.1,26.22,25.812,25.87,611800,2009-01-23,2009-01-23,58.7192,21.9897,21.1664,21.9351
2009-01-22,UUP,stock,26.01,26.04,25.8524,25.88,492100,2009-01-22,2009-01-22,58.9313,21.9515,21.1545,21.9180
2009-01-21,UUP,stock,26.04,26.17,25.85,25.9,917100,2009-01-21,2009-01-21,59.3292,21.9084,21.1423,21.8999
2009-01-20,UUP,stock,26.09,26.148,26,26.13,671800,2009-01-20,2009-01-20,63.9398,21.8589,21.1299,21.8804
2009-01-16,UUP,stock,25.31,25.521,25.29,25.4,358200,2009-01-16,2009-01-16,53.2272,21.7833,21.1154,21.8519
2009-01-15,UUP,stock,25.63,25.81,25.55,25.62,570600,2009-01-15,2009-01-15,58.0535,21.7661,21.1070,21.8481
2009-01-14,UUP,stock,25.68,25.68,25.54,25.63,1083200,2009-01-14,2009-01-14,58.2765,21.7271,21.0967,21.8363
2009-01-13,UUP,stock,25.54,25.61,25.46,25.529,1041600,2009-01-13,2009-01-13,56.7170,21.6831,21.0861,21.8237
2009-01-12,UUP,stock,25.18,25.31,25.14,25.24,915100,2009-01-12,2009-01-12,51.9446,21.6436,21.0763,21.8141
2009-01-09,UUP,stock,24.98,25.14,24.94,25.12,712800,2009-01-09,2009-01-09,49.8109,21.6263,21.0690,21.8144
2009-01-08,UUP,stock,24.71,24.83,24.7,24.74,518200,2009-01-08,2009-01-08,42.2743,21.6181,21.0626,21.8189
2009-01-07,UUP,stock,24.93,25.04,24.82,24.99,613400,2009-01-07,2009-01-07,46.5440,21.6435,21.0595,21.8369
2009-01-06,UUP,stock,25.4,25.46,25.13,25.15,994500,2009-01-06,2009-01-06,49.5161,21.6489,21.0541,21.8469
2009-01-05,UUP,stock,25.19,25.23,25.11,25.19,737100,2009-01-05,2009-01-05,50.2612,21.6404,21.0473,21.8517
2009-01-02,UUP,stock,24.82,24.93,24.66,24.9199,318200,2009-01-02,2009-01-02,45.0797,21.6272,21.0401,21.8552
2008-12-31,UUP,stock,24.71,24.85,24.66,24.69,365700,2008-12-31,2008-12-31,40.1520,21.6373,21.0351,21.8684
2008-12-30,UUP,stock,24.52,24.61,24.48,24.58,221000,2008-12-30,2008-12-30,37.6671,21.6693,21.0322,21.8903
2008-12-29,UUP,stock,24.29,24.7099,24.28,24.69,592200,2008-12-29,2008-12-29,39.1776,21.7147,21.0301,21.9169
2008-12-26,UUP,stock,24.62,24.64,24.54,24.57,165000,2008-12-26,2008-12-26,36.6023,21.7549,21.0270,21.9407
2008-12-24,UUP,stock,24.65,24.73,24.63,24.7,133700,2008-12-24,2008-12-24,38.2307,21.8102,21.0250,21.9698
2008-12-23,UUP,stock,24.67,24.79,24.65,24.71,693500,2008-12-23,2008-12-23,38.3525,21.8596,21.0218,21.9954
2008-12-22,UUP,stock,24.64,24.7899,24.62,24.728,712200,2008-12-22,2008-12-22,38.5580,21.9132,21.0185,22.0218
2008-12-19,UUP,stock,24.735,24.892,24.66,24.742,606100,2008-12-19,2008-12-19,38.7077,21.9708,21.0150,22.0485
2008-12-18,UUP,stock,23.98,24.43,23.97,24.37,1063300,2008-12-18,2008-12-18,32.2120,22.0332,21.0114,22.0759
2008-12-17,UUP,stock,24.22,24.28,23.89,23.96,1866600,2008-12-17,2008-12-17,23.9650,22.1360,21.0109,22.1175
2008-12-16,UUP,stock,24.81,24.88,24.18,24.25,2074300,2008-12-16,2008-12-16,26.0462,22.2869,21.0140,22.1753
2008-12-15,UUP,stock,25.06,25.09,24.81,24.8503,1893300,2008-12-15,2008-12-15,31.2652,22.4274,21.0147,22.2252
2008-12-12,UUP,stock,25.36,25.618,25.36,25.46,854300,2008-12-12,2008-12-12,36.1596,22.5280,21.0101,22.2559
2008-12-11,UUP,stock,25.21,25.73,24.07,25.52,2303800,2008-12-11,2008-12-11,36.8914,22.5995,21.0016,22.2725
2008-12-10,UUP,stock,26.16,26.1995,26.05,26.1,492800,2008-12-10,2008-12-10,45.0805,22.6731,20.9926,22.2877
2008-12-09,UUP,stock,26.39,26.4295,26.12,26.2499,652300,2008-12-09,2008-12-09,47.6172,22.7020,20.9785,22.2832
2008-12-08,UUP,stock,26.28,26.33,26.17,26.18,699000,2008-12-08,2008-12-08,46.3090,22.7205,20.9629,22.2733
2008-12-05,UUP,stock,26.66,26.8,26.6,26.63,389000,2008-12-05,2008-12-05,54.4357,22.7472,20.9478,22.2654
2008-12-04,UUP,stock,26.65,26.7,26.37,26.52,707600,2008-12-04,2008-12-04,52.5455,22.7361,20.9287,22.2414
2008-12-03,UUP,stock,26.72,26.72,26.58,26.59,694900,2008-12-03,2008-12-03,53.8659,22.7337,20.9103,22.2203
2008-12-02,UUP,stock,26.53,26.62,26.44,26.55,338500,2008-12-02,2008-12-02,53.2425,22.7248,20.8911,22.1959
2008-12-01,UUP,stock,26.66,26.76,26.56,26.7,723500,2008-12-01,2008-12-01,55.8718,22.7185,20.8721,22.1719
2008-11-28,UUP,stock,26.52,26.6183,26.45,26.55,293600,2008-11-28,2008-11-28,53.7510,22.6981,20.8515,22.1416
2008-11-26,UUP,stock,26.2,26.4,26.1317,26.27,590800,2008-11-26,2008-11-26,49.5481,22.6890,20.8321,22.1154
2008-11-25,UUP,stock,26.05,26.2305,25.96,25.98,1348600,2008-11-25,2008-11-25,44.7164,22.7043,20.8149,22.0979
2008-11-24,UUP,stock,26.53,26.55,26.28,26.29,1552400,2008-11-24,2008-11-24,49.4137,22.7474,20.8000,22.0899
2008-11-21,UUP,stock,26.87,27.15,26.85,26.95,811800,2008-11-21,2008-11-21,62.3651,22.7670,20.7823,22.0706
2008-11-20,UUP,stock,26.86,27.09,26.84,27.08,1364100,2008-11-20,2008-11-20,65.5053,22.7290,20.7588,22.0275
2008-11-19,UUP,stock,26.57,26.9356,26.45,26.902,672600,2008-11-19,2008-11-19,63.1459,22.6753,20.7338,21.9781
2008-11-18,UUP,stock,26.75,26.88,26.67,26.81,559000,2008-11-18,2008-11-18,61.8950,22.6321,20.7102,21.9328
2008-11-17,UUP,stock,26.77,26.78,26.6,26.73,321500,2008-11-17,2008-11-17,60.8213,22.5926,20.6871,21.8890
2008-11-14,UUP,stock,26.72,26.77,26.56,26.75,425400,2008-11-14,2008-11-14,61.2218,22.5561,20.6645,21.8461
2008-11-13,UUP,stock,26.97,27.07,26.52,26.53,858400,2008-11-13,2008-11-13,58.4257,22.5141,20.6415,21.8008
2008-11-12,UUP,stock,26.9,27,26.82,26.96,727200,2008-11-12,2008-11-12,67.2228,22.4874,20.6201,21.7614
2008-11-11,UUP,stock,26.54,26.9,26.52,26.87,732700,2008-11-11,2008-11-11,66.2347,22.4191,20.5948,21.7053
2008-11-10,UUP,stock,26.31,26.52,26.29,26.49,408100,2008-11-10,2008-11-10,61.7091,22.3518,20.5700,21.6500
2008-11-07,UUP,stock,26.4,26.51,26.31,26.47,279700,2008-11-07,2008-11-07,61.4567,22.3117,20.5483,21.6058
2008-11-06,UUP,stock,26.38,26.55,26.22,26.53,845100,2008-11-06,2008-11-06,62.6066,22.2692,20.5265,21.5605
2008-11-05,UUP,stock,26.12,26.19,25.86,26.17,601400,2008-11-05,2008-11-05,58.2547,22.2168,20.5040,21.5113
2008-11-04,UUP,stock,26.33,26.34,26.04,26.0701,1084300,2008-11-04,2008-11-04,56.9641,22.1914,20.4844,21.4726
2008-11-03,UUP,stock,26.47,26.6891,26.4,26.6299,697100,2008-11-03,2008-11-03,67.8845,22.1723,20.4654,21.4359
2008-10-31,UUP,stock,26.48,26.62,26.4,26.46,723300,2008-10-31,2008-10-31,66.0503,22.1007,20.4414,21.3781
2008-10-30,UUP,stock,26.02,26.31,25.92,26.1199,1491800,2008-10-30,2008-10-30,62.0181,22.0369,20.4186,21.3238
2008-10-29,UUP,stock,26.41,26.42,26.01,26.07,1968800,2008-10-29,2008-10-29,61.3934,21.9971,20.3986,21.2793
2008-10-28,UUP,stock,26.98,27.03,26.57,26.57,1148000,2008-10-28,2008-10-28,72.4860,21.9576,20.3787,21.2347
2008-10-27,UUP,stock,27.19,27.19,26.7,26.8,949300,2008-10-27,2008-10-27,78.5481,21.8687,20.3544,21.1707
2008-10-24,UUP,stock,26.6,26.88,26.38,26.88,911700,2008-10-24,2008-10-24,80.7287,21.7498,20.3278,21.0961
2008-10-23,UUP,stock,26.45,26.4799,26.15,26.2,1329300,2008-10-23,2008-10-23,75.3212,21.6111,20.3003,21.0157
2008-10-22,UUP,stock,26.36,26.49,26.27,26.36,1315200,2008-10-22,2008-10-22,80.2405,21.5192,20.2783,20.9557
2008-10-21,UUP,stock,25.74,26.04,25.71,26.04,751700,2008-10-21,2008-10-21,77.5130,21.4032,20.2548,20.8878
2008-10-20,UUP,stock,25.51,25.64,25.46,25.59,489500,2008-10-20,2008-10-20,72.5687,21.3039,20.2338,20.8282
2008-10-17,UUP,stock,25.35,25.46,25.3,25.42,535100,2008-10-17,2008-10-17,70.2760,21.2348,20.2164,20.7820
2008-10-16,UUP,stock,25.79,25.79,25.28,25.29,497600,2008-10-16,2008-10-16,68.4007,21.1738,20.2003,20.7399
2008-10-15,UUP,stock,25.08,25.27,25,25.25,557100,2008-10-15,2008-10-15,67.8206,21.1181,20.1852,20.7006
2008-10-14,UUP,stock,24.94,25.01,24.74,24.96,1099500,2008-10-14,2008-10-14,63.2830,21.0601,20.1703,20.6610
2008-10-13,UUP,stock,24.95,25.1,24.66,24.97,1838900,2008-10-13,2008-10-13,63.5700,21.0223,20.1578,20.6301
2008-10-10,UUP,stock,24.95,25.515,24.84,24.99,1533300,2008-10-10,2008-10-10,64.1100,20.9795,20.1450,20.5975
2008-10-09,UUP,stock,24.77,24.99,24.76,24.95,650200,2008-10-09,2008-10-09,63.5347,20.9305,20.1319,20.5629
2008-10-08,UUP,stock,24.77,25.06,24.68,24.82,1246700,2008-10-08,2008-10-08,61.6812,20.8799,20.1191,20.5283
2008-10-07,UUP,stock,24.81,25.04,24.74,24.8,1067200,2008-10-07,2008-10-07,61.4009,20.8357,20.1072,20.4968
2008-10-06,UUP,stock,25.01,25.23,24.96,25.075,1779800,2008-10-06,2008-10-06,67.7261,20.7887,20.0954,20.4647
2008-10-03,UUP,stock,25.02,25.02,24.6,24.7799,797800,2008-10-03,2008-10-03,64.0342,20.7119,20.0811,20.4217
2008-10-02,UUP,stock,24.97,25.47,24.7,24.88,1859100,2008-10-02,2008-10-02,66.4277,20.6536,20.0692,20.3873
2008-10-01,UUP,stock,24.8,24.8,24.35,24.4701,679100,2008-10-01,2008-10-01,60.8658,20.5802,20.0563,20.3479
2008-09-30,UUP,stock,24.01,24.48,24,24.44,679900,2008-09-30,2008-09-30,60.4186,20.5361,20.0468,20.3213
2008-09-29,UUP,stock,23.71,23.94,23.52,23.82,840500,2008-09-29,2008-09-29,49.3499,20.4900,20.0375,20.2947
2008-09-26,UUP,stock,23.49,23.67,23.49,23.641,725700,2008-09-26,2008-09-26,45.2450,20.4951,20.0335,20.2887
2008-09-25,UUP,stock,23.4,23.76,23.35,23.64,1124400,2008-09-25,2008-09-25,45.2219,20.5170,20.0309,20.2888
2008-09-24,UUP,stock,23.28,23.7,23.28,23.68,646400,2008-09-24,2008-09-24,45.9396,20.5412,20.0283,20.2888
2008-09-23,UUP,stock,23.23,23.6199,23.23,23.45,1320600,2008-09-23,2008-09-23,40.9346,20.5643,20.0254,20.2875
2008-09-22,UUP,stock,23.46,23.97,22.79,23.3,6980400,2008-09-22,2008-09-22,37.4263,20.6107,20.0244,20.2942
2008-09-19,UUP,stock,23.86,24.08,23.65,23.84,2924700,2008-09-19,2008-09-19,46.6985,20.6755,20.0247,20.3064
2008-09-18,UUP,stock,23.74,24.09,23.7,24.04,2039600,2008-09-18,2008-09-18,51.0480,20.6983,20.0203,20.3002
2008-09-17,UUP,stock,24.4,24.4,23.9,23.97,1605500,2008-09-17,2008-09-17,49.5199,20.7055,20.0142,20.2867
2008-09-16,UUP,stock,24.13,24.51,23.96,24.46,1613200,2008-09-16,2008-09-16,62.1250,20.7197,20.0086,20.2752
2008-09-15,UUP,stock,24.31,24.36,23.79,24.1,3414700,2008-09-15,2008-09-15,54.1656,20.6912,19.9987,20.2459
2008-09-12,UUP,stock,24.5,24.549,24.33,24.33,2134700,2008-09-12,2008-09-12,61.8803,20.6922,19.9919,20.2282
2008-09-11,UUP,stock,24.83,24.83,24.75,24.76,1997400,2008-09-11,2008-09-11,82.2064,20.6725,19.9830,20.2016
2008-09-10,UUP,stock,24.55,24.73,24.52,24.71,1179600,2008-09-10,2008-09-10,81.5521,20.6119,19.9703,20.1589
2008-09-09,UUP,stock,24.63,24.65,24.39,24.55,2818700,2008-09-09,2008-09-09,79.2892,20.5494,19.9578,20.1162
2008-09-08,UUP,stock,24.47,24.75,24.43,24.56,3389300,2008-09-08,2008-09-08,79.8577,20.4949,19.9467,20.0773
2008-09-05,UUP,stock,24.3,24.43,24.26,24.43,2403800,2008-09-05,2008-09-05,77.9492,20.4337,19.9353,20.0365
2008-09-04,UUP,stock,24.14,24.35,24.14,24.34,2249100,2008-09-04,2008-09-04,76.5189,20.3777,19.9250,19.9986
2008-09-03,UUP,stock,24.19,24.24,24.13,24.15,2612800,2008-09-03,2008-09-03,73.0983,20.3240,19.9153,19.9624
2008-09-02,UUP,stock,24.2,24.22,24.08,24.16,4217400,2008-09-02,2008-09-02,73.6224,20.2819,19.9072,19.9312
2008-08-29,UUP,stock,23.83,23.9596,23.82,23.9299,557400,2008-08-29,2008-08-29,68.8500,20.2344,19.8989,19.8985
2008-08-28,UUP,stock,23.73,23.93,23.72,23.9,977500,2008-08-28,2008-08-28,68.1548,20.2026,19.8925,19.8725
2008-08-27,UUP,stock,23.8,23.92,23.78,23.84,1064500,2008-08-27,2008-08-27,66.7730,20.1703,19.8863,19.8465
2008-08-26,UUP,stock,23.9,23.94,23.86,23.9,1442900,2008-08-26,2008-08-26,69.5764,20.1399,19.8805,19.8215
2008-08-25,UUP,stock,23.73,23.78,23.68,23.78,492500,2008-08-25,2008-08-25,67.0037,20.1010,19.8742,19.7934
2008-08-22,UUP,stock,23.67,23.79,23.67,23.77,703400,2008-08-22,2008-08-22,66.7863,20.0687,19.8688,19.7683
2008-08-21,UUP,stock,23.6,23.64,23.52,23.54,985000,2008-08-21,2008-08-21,61.3492,20.0340,19.8635,19.7426
2008-08-20,UUP,stock,23.82,23.9,23.76,23.79,570300,2008-08-20,2008-08-20,73.4920,20.0164,19.8601,19.7239
2008-08-19,UUP,stock,23.9,23.9,23.72,23.73,899500,2008-08-19,2008-08-19,72.2688,19.9744,19.8545,19.6957
2008-08-18,UUP,stock,23.9,23.9,23.79,23.82,1111500,2008-08-18,2008-08-18,77.2328,19.9334,19.8494,19.6684
2008-08-15,UUP,stock,23.88,23.94,23.82,23.92,1891900,2008-08-15,2008-08-15,83.1237,19.8799,19.8435,19.6368
2008-08-14,UUP,stock,23.67,23.79,23.59,23.75,969500,2008-08-14,2008-08-14,80.8135,19.8117,19.8366,19.6005
2008-08-13,UUP,stock,23.6,23.69,23.41,23.61,1106600,2008-08-13,2008-08-13,78.5703,19.7518,19.8311,19.5686
2008-08-12,UUP,stock,23.64,23.68,23.56,23.61,1078400,2008-08-12,2008-08-12,78.5703,19.6981,19.8268,19.5403
2008-08-11,UUP,stock,23.7,23.8,23.48,23.66,2393100,2008-08-11,2008-08-11,81.5048,19.6389,19.8224,19.5109
2008-08-08,UUP,stock,23.59,23.9,23.45,23.53,2911000,2008-08-08,2008-08-08,79.6718,19.5688,19.8176,19.4785
2008-08-07,UUP,stock,23,23.16,23,23.16,1697100,2008-08-07,2008-08-07,72.4579,19.5032,19.8138,19.4494
2008-08-06,UUP,stock,23.02,23.07,22.98,23.04,957900,2008-08-06,2008-08-06,69.1621,19.4640,19.8132,19.4320
2008-08-05,UUP,stock,22.88,23.04,22.87,22.97,922400,2008-08-05,2008-08-05,67.0248,19.4316,19.8136,19.4181
2008-08-04,UUP,stock,22.82,22.82,22.7,22.8,170100,2008-08-04,2008-08-04,60.9160,19.4021,19.8146,19.4061
2008-08-01,UUP,stock,22.85,22.85,22.69,22.79,412300,2008-08-01,2008-08-01,60.5165,19.3848,19.8171,19.3996
2008-07-31,UUP,stock,22.6,22.86,22.518,22.72,201500,2008-07-31,2008-07-31,57.7062,19.3667,19.8197,19.3932
2008-07-30,UUP,stock,22.87,22.87,22.691,22.72,457000,2008-07-30,2008-07-30,57.7062,19.3529,19.8230,19.3889
2008-07-29,UUP,stock,22.56,22.77,22.56,22.74,465600,2008-07-29,2008-07-29,58.7361,19.3377,19.8262,19.3845
2008-07-28,UUP,stock,22.6,22.6,22.49,22.55,159300,2008-07-28,2008-07-28,51.0258,19.3191,19.8294,19.3792
2008-07-25,UUP,stock,22.55,22.62,22.55,22.6,144200,2008-07-25,2008-07-25,53.4671,19.3156,19.8342,19.3803
2008-07-24,UUP,stock,22.58,22.64,22.54,22.57,216100,2008-07-24,2008-07-24,52.1927,19.3073,19.8386,19.3797
2008-07-23,UUP,stock,22.52,22.61,22.5,22.59,291500,2008-07-23,2008-07-23,53.0928,19.3009,19.8433,19.3801
2008-07-22,UUP,stock,22.2,22.5,22.2,22.5,272100,2008-07-22,2008-07-22,49.4500,19.2919,19.8479,19.3799
2008-07-21,UUP,stock,22.4,22.42,22.31,22.34,117400,2008-07-21,2008-07-21,42.0166,19.2902,19.8533,19.3828
2008-07-18,UUP,stock,22.4,22.46,22.36,22.42,319600,2008-07-18,2008-07-18,45.0954,19.3027,19.8602,19.3914
2008-07-17,UUP,stock,22.45,22.48,22.27,22.42,415100,2008-07-17,2008-07-17,45.0954,19.3092,19.8664,19.3976
2008-07-16,UUP,stock,22.25,22.39,22.15,22.38,357000,2008-07-16,2008-07-16,43.3043,19.3165,19.8727,19.4041
2008-07-15,UUP,stock,22.11,22.29,22.1,22.27,1314400,2008-07-15,2008-07-15,38.1522,19.3282,19.8794,19.4122
2008-07-14,UUP,stock,22.36,22.56,22.1,22.29,665700,2008-07-14,2008-07-14,38.7467,19.3510,19.8871,19.4244
2008-07-11,UUP,stock,22.36,22.4,22.23,22.33,883400,2008-07-11,2008-07-11,39.9013,19.3745,19.8948,19.4365
2008-07-10,UUP,stock,22.44,22.56,22.44,22.48,295300,2008-07-10,2008-07-10,44.5209,19.3968,19.9021,19.4477
2008-07-09,UUP,stock,22.74,22.74,22.49,22.5,227600,2008-07-09,2008-07-09,45.1684,19.4078,19.9083,19.4541
2008-07-08,UUP,stock,22.52,22.67,22.52,22.66,267900,2008-07-08,2008-07-08,50.6390,19.4183,19.9143,19.4600
2008-07-07,UUP,stock,22.62,22.71,22.5,22.56,445400,2008-07-07,2008-07-07,46.9071,19.4153,19.9190,19.4606
2008-07-03,UUP,stock,22.63,22.63,22.46,22.58,256900,2008-07-03,2008-07-03,47.5751,19.4212,19.9246,19.4647
2008-07-02,UUP,stock,22.37,22.4,22.32,22.36,198000,2008-07-02,2008-07-02,38.6513,19.4258,19.9301,19.4682
2008-07-01,UUP,stock,22.37,22.55,22.36,22.47,331700,2008-07-01,2008-07-01,41.9681,19.4507,19.9376,19.4797
2008-06-30,UUP,stock,22.41,22.51,22.39,22.49,359900,2008-06-30,2008-06-30,42.5850,19.4684,19.9441,19.4877
2008-06-27,UUP,stock,22.48,22.52,22.39,22.44,445300,2008-06-27,2008-06-27,40.5564,19.4861,19.9506,19.4953
2008-06-26,UUP,stock,22.54,22.57,22.37,22.51,755400,2008-06-26,2008-06-26,42.5089,19.5102,19.9576,19.5051
2008-06-25,UUP,stock,22.72,22.8,22.6,22.65,490800,2008-06-25,2008-06-25,46.6828,19.5305,19.9640,19.5127
2008-06-24,UUP,stock,22.77,22.8,22.66,22.76,770400,2008-06-24,2008-06-24,50.2852,19.5403,19.9693,19.5158
2008-06-23,UUP,stock,22.84,22.86,22.77,22.82,379200,2008-06-23,2008-06-23,52.3304,19.5412,19.9737,19.5151
2008-06-20,UUP,stock,22.668,22.81,22.63,22.69,350700,2008-06-20,2008-06-20,48.0819,19.5368,19.9776,19.5124
2008-06-19,UUP,stock,22.84,22.89,22.8,22.84,299500,2008-06-19,2008-06-19,53.1580,19.5437,19.9827,19.5140
2008-06-18,UUP,stock,22.89,22.89,22.78,22.82,387100,2008-06-18,2008-06-18,52.5376,19.5377,19.9866,19.5105
2008-06-17,UUP,stock,22.88,22.88,22.81,22.84,278500,2008-06-17,2008-06-17,53.1918,19.5329,19.9906,19.5075
2008-06-16,UUP,stock,22.84,22.97,22.81,22.89,570800,2008-06-16,2008-06-16,54.7750,19.5258,19.9945,19.5037
2008-06-13,UUP,stock,23.04,23.07,22.99,22.99,1118800,2008-06-13,2008-06-13,57.9800,19.5134,19.9981,19.4980
2008-06-12,UUP,stock,22.89,23,22.88,22.96,854800,2008-06-12,2008-06-12,57.2837,19.4907,20.0008,19.4886
2008-06-11,UUP,stock,22.83,22.9,22.7,22.77,589800,2008-06-11,2008-06-11,52.6718,19.4683,20.0037,19.4798
2008-06-10,UUP,stock,22.83,22.92,22.781,22.92,760700,2008-06-10,2008-06-10,57.1990,19.4607,20.0084,19.4774
2008-06-09,UUP,stock,22.58,22.68,22.43,22.68,338500,2008-06-09,2008-06-09,50.9332,19.4388,20.0118,19.4695
2008-06-06,UUP,stock,22.63,22.65,22.46,22.4866,664300,2008-06-06,2008-06-06,44.8971,19.4362,20.0173,19.4698
2008-06-05,UUP,stock,22.82,22.88,22.68,22.75,1365200,2008-06-05,2008-06-05,53.1689,19.4509,20.0246,19.4768
2008-06-04,UUP,stock,22.82,22.87,22.76,22.86,606500,2008-06-04,2008-06-04,57.2599,19.4433,20.0296,19.4749
2008-06-03,UUP,stock,22.78,22.84,22.74,22.8,725600,2008-06-03,2008-06-03,55.5267,19.4249,20.0337,19.4691
2008-06-02,UUP,stock,22.74,22.75,22.62,22.68,238200,2008-06-02,2008-06-02,51.9047,19.4100,20.0384,19.4652
2008-05-30,UUP,stock,22.79,22.79,22.64,22.71,571300,2008-05-30,2008-05-30,52.9049,19.4044,20.0442,19.4653
2008-05-29,UUP,stock,22.65,22.75,22.61,22.74,835300,2008-05-29,2008-05-29,53.8689,19.3956,20.0498,19.4643
2008-05-28,UUP,stock,22.57,22.66,22.48,22.56,331400,2008-05-28,2008-05-28,48.6569,19.3830,20.0552,19.4622
2008-05-27,UUP,stock,22.43,22.5,22.41,22.46,476300,2008-05-27,2008-05-27,45.4792,19.3854,20.0622,19.4664
2008-05-23,UUP,stock,22.34,22.38,22.3,22.33,255500,2008-05-23,2008-05-23,41.0769,19.3971,20.0701,19.4742
2008-05-22,UUP,stock,22.37,22.46,22.28,22.46,339100,2008-05-22,2008-05-22,44.4064,19.4218,20.0792,19.4869
2008-05-21,UUP,stock,22.41,22.45,22.29,22.32,571700,2008-05-21,2008-05-21,39.5028,19.4373,20.0873,19.4956
2008-05-20,UUP,stock,22.57,22.57,22.45,22.48,770400,2008-05-20,2008-05-20,43.5823,19.4671,20.0967,19.5096
2008-05-19,UUP,stock,22.59,22.72,22.52,22.71,750200,2008-05-19,2008-05-19,50.5506,19.4856,20.1048,19.5185
2008-05-16,UUP,stock,22.75,22.78,22.5,22.59,886700,2008-05-16,2008-05-16,46.3986,19.4852,20.1110,19.5197
2008-05-15,UUP,stock,22.8,22.87,22.71,22.81,538200,2008-05-15,2008-05-15,54.1369,19.4957,20.1182,19.5251
2008-05-14,UUP,stock,22.82,22.86,22.7717,22.828,837400,2008-05-14,2008-05-14,54.8317,19.4874,20.1237,19.5231
2008-05-13,UUP,stock,22.83,22.83,22.7,22.8,511200,2008-05-13,2008-05-13,53.9786,19.4766,20.1291,19.5204
2008-05-12,UUP,stock,22.78,22.92,22.66,22.7,655500,2008-05-12,2008-05-12,50.9033,19.4671,20.1347,19.5185
2008-05-09,UUP,stock,22.79,22.88,22.7,22.7299,586000,2008-05-09,2008-05-09,51.8655,19.4658,20.1413,19.5201
2008-05-08,UUP,stock,22.87,22.93,22.79,22.88,808000,2008-05-08,2008-05-08,56.8775,19.4615,20.1477,19.5206
2008-05-07,UUP,stock,22.91,22.94,22.87,22.8815,1196300,2008-05-07,2008-05-07,56.9286,19.4433,20.1528,19.5160
2008-05-06,UUP,stock,22.73,22.88,22.6,22.73,1646800,2008-05-06,2008-05-06,52.9698,19.4230,20.1580,19.5111
2008-05-05,UUP,stock,22.82,22.93,22.77,22.81,797000,2008-05-05,2008-05-05,55.4697,19.4143,20.1646,19.5113
2008-05-02,UUP,stock,22.92,22.95,22.86,22.92,2295700,2008-05-02,2008-05-02,59.0265,19.3974,20.1705,19.5087
2008-05-01,UUP,stock,22.8,22.88,22.73,22.8,2696800,2008-05-01,2008-05-01,56.1802,19.3688,20.1756,19.5021
2008-04-30,UUP,stock,22.839,22.85,22.55,22.61,3543000,2008-04-30,2008-04-30,51.1958,19.3480,20.1817,19.4995
2008-04-29,UUP,stock,22.85,22.87,22.65,22.77,2241800,2008-04-29,2008-04-29,56.1940,19.3422,20.1895,19.5035
2008-04-28,UUP,stock,22.78,22.81,22.61,22.68,1325200,2008-04-28,2008-04-28,53.8401,19.3213,20.1960,19.5020
2008-04-25,UUP,stock,22.75,22.83,22.57,22.71,924800,2008-04-25,2008-04-25,54.7507,19.3064,20.2034,19.5036
2008-04-24,UUP,stock,22.64,22.78,22.548,22.65,1365700,2008-04-24,2008-04-24,53.2833,19.2872,20.2106,19.5041
2008-04-23,UUP,stock,22.42,22.46,22.37,22.4,316900,2008-04-23,2008-04-23,46.5809,19.2714,20.2184,19.5069
2008-04-22,UUP,stock,22.35,22.49,22.17,22.25,225900,2008-04-22,2008-04-22,41.9399,19.2765,20.2284,19.5185
2008-04-21,UUP,stock,22.32,22.63,22.25,22.33,186600,2008-04-21,2008-04-21,43.8255,19.2957,20.2398,19.5358
2008-04-18,UUP,stock,22.53,22.68,22.472,22.5,751500,2008-04-18,2008-04-18,48.0920,19.3097,20.2506,19.5510
2008-04-17,UUP,stock,22.29,22.38,22.23,22.35,117300,2008-04-17,2008-04-17,43.5928,19.3098,20.2600,19.5609
2008-04-16,UUP,stock,22.44,22.44,22.15,22.23,300400,2008-04-16,2008-04-16,39.7109,19.3235,20.2709,19.5765
2008-04-15,UUP,stock,22.53,22.53,22.43,22.45,162000,2008-04-15,2008-04-15,44.9807,19.3494,20.2829,19.5968
2008-04-14,UUP,stock,22.16,22.4399,22.15,22.42,298700,2008-04-14,2008-04-14,44.0404,19.3582,20.2931,19.6104
2008-04-11,UUP,stock,22.57,22.57,22.34,22.42,325700,2008-04-11,2008-04-11,44.0404,19.3707,20.3037,19.6255
2008-04-10,UUP,stock,22.51,22.51,22.3,22.5,190300,2008-04-10,2008-04-10,45.8418,19.3844,20.3144,19.6412
2008-04-09,UUP,stock,22.65,22.65,22.34,22.4,152500,2008-04-09,2008-04-09,43.1423,19.3924,20.3245,19.6548
2008-04-08,UUP,stock,22.6,22.6,22.44,22.55,144200,2008-04-08,2008-04-08,46.3610,19.4102,20.3356,19.6724
2008-04-07,UUP,stock,22.65,22.65,22.44,22.55,309100,2008-04-07,2008-04-07,46.3610,19.4164,20.3455,19.6855
2008-04-04,UUP,stock,22.61,22.61,22.31,22.3899,1336500,2008-04-04,2008-04-04,42.4066,19.4232,20.3555,19.6991
2008-04-03,UUP,stock,22.36,22.65,22.36,22.61,504600,2008-04-03,2008-04-03,46.8122,19.4452,20.3669,19.7189
2008-04-02,UUP,stock,22.81,22.81,22.5,22.53,306200,2008-04-02,2008-04-02,44.8795,19.4497,20.3766,19.7318
2008-04-01,UUP,stock,22.75,22.78,22.56,22.75,1428500,2008-04-01,2008-04-01,49.4698,19.4618,20.3871,19.7480
2008-03-31,UUP,stock,22.3,22.86,22.27,22.4,255500,2008-03-31,2008-03-31,40.4758,19.4553,20.3958,19.7572
2008-03-28,UUP,stock,22.5064,22.56,22.32,22.36,121400,2008-03-28,2008-03-28,39.3298,19.4798,20.4076,19.7790
2008-03-27,UUP,stock,22.3,22.49,22.3,22.34,77400,2008-03-27,2008-03-27,38.7826,19.5105,20.4198,19.8031
2008-03-26,UUP,stock,22.31,22.46,22.26,22.3027,216300,2008-03-26,2008-03-26,37.8113,19.5461,20.4324,19.8289
2008-03-25,UUP,stock,23.07,23.07,22.53,22.62,164400,2008-03-25,2008-03-25,43.2296,19.5890,20.4454,19.8571
2008-03-24,UUP,stock,22.89,23.13,22.89,23.13,491100,2008-03-24,2008-03-24,54.9906,19.6076,20.4557,19.8752
2008-03-20,UUP,stock,22.92,22.94,22.71,22.79,793700,2008-03-20,2008-03-20,45.8750,19.5822,20.4618,19.8763
2008-03-19,UUP,stock,22.63,22.63,22.3999,22.55,332100,2008-03-19,2008-03-19,37.5901,19.5848,20.4709,19.8893
2008-03-18,UUP,stock,22.46,22.53,22.3,22.53,360700,2008-03-18,2008-03-18,36.8420,19.6093,20.4822,19.9112
2008-03-17,UUP,stock,22.02,22.46,22,22.27,155700,2008-03-17,2008-03-17,26.1574,19.6383,20.4937,19.9348
2008-03-14,UUP,stock,22.72,22.76,22.27,22.4599,203500,2008-03-14,2008-03-14,29.5475,19.6937,20.5076,19.9684
2008-03-13,UUP,stock,22.34,22.5,22.3,22.42,113600,2008-03-13,2008-03-13,27.7198,19.7379,20.5200,19.9967
2008-03-12,UUP,stock,23.22,23.7,22.48,22.48,114300,2008-03-12,2008-03-12,28.7617,19.7903,20.5329,20.0276
2008-03-11,UUP,stock,22.93,22.93,22.54,22.88,140500,2008-03-11,2008-03-11,37.4832,19.8428,20.5453,20.0577
2008-03-10,UUP,stock,22.89,22.89,22.686,22.73,83700,2008-03-10,2008-03-10,30.1028,19.8647,20.5545,20.0749
2008-03-07,UUP,stock,22.68,22.86,21.92,22.8,181600,2008-03-07,2008-03-07,31.7258,19.9025,20.5650,20.0981
2008-03-06,UUP,stock,22.8,22.8,22.71,22.73,76300,2008-03-06,2008-03-06,28.1275,19.9379,20.5751,20.1199
2008-03-05,UUP,stock,22.92,22.97,22.82,22.85,74200,2008-03-05,2008-03-05,30.7034,19.9833,20.5858,20.1449
2008-03-04,UUP,stock,22.87,22.97,22.86,22.962,52300,2008-03-04,2008-03-04,33.3503,20.0227,20.5956,20.1668
2008-03-03,UUP,stock,22.93,23,22.8,22.9,96300,2008-03-03,2008-03-03,30.2598,20.0562,20.6046,20.1856
2008-02-29,UUP,stock,22.92,23.01,22.9,22.95,195300,2008-02-29,2008-02-29,31.3483,20.0987,20.6142,20.2074
2008-02-28,UUP,stock,23.05,23.09,22.81,22.94,196600,2008-02-28,2008-02-28,30.8866,20.1412,20.6234,20.2283
2008-02-27,UUP,stock,23.2,23.2,23.01,23.0699,176700,2008-02-27,2008-02-27,33.6135,20.1891,20.6328,20.2505
2008-02-26,UUP,stock,23.27,23.38,23.2,23.22,176500,2008-02-26,2008-02-26,37.1308,20.2303,20.6412,20.2689
2008-02-25,UUP,stock,23.41,23.4999,23.35,23.38,55500,2008-02-25,2008-02-25,41.4210,20.2623,20.6484,20.2829
2008-02-22,UUP,stock,23.44,23.4928,23.26,23.26,224900,2008-02-22,2008-02-22,36.2948,20.2832,20.6543,20.2919
2008-02-21,UUP,stock,23.79,23.79,23.46,23.53,109400,2008-02-21,2008-02-21,44.4154,20.3171,20.6612,20.3054
2008-02-20,UUP,stock,23.92,23.92,23.53,23.7,144300,2008-02-20,2008-02-20,51.0998,20.3302,20.6659,20.3100
2008-02-19,UUP,stock,23.75,23.75,23.59,23.69,108900,2008-02-19,2008-02-19,50.6944,20.3293,20.6692,20.3088
2008-02-15,UUP,stock,23.65,23.73,23.59,23.73,141900,2008-02-15,2008-02-15,52.3047,20.3293,20.6726,20.3079
2008-02-14,UUP,stock,23.9,23.9,23.66,23.73,166500,2008-02-14,2008-02-14,52.3047,20.3256,20.6757,20.3057
2008-02-13,UUP,stock,23.77,23.87,23.77,23.81,118800,2008-02-13,2008-02-13,55.3358,20.3215,20.6789,20.3033
2008-02-12,UUP,stock,23.66,23.78,23.66,23.77,72800,2008-02-12,2008-02-12,54.1008,20.3098,20.6813,20.2980
2008-02-11,UUP,stock,23.99,23.99,23.8,23.85,155800,2008-02-11,2008-02-11,57.0293,20.3005,20.6842,20.2939
2008-02-08,UUP,stock,23.97,23.97,23.8301,23.9,187600,2008-02-08,2008-02-08,58.8789,20.2829,20.6864,20.2868
2008-02-07,UUP,stock,24.02,24.02,23.85,23.97,231800,2008-02-07,2008-02-07,61.4707,20.2590,20.6881,20.2777
2008-02-06,UUP,stock,23.7,23.74,23.66,23.74,180000,2008-02-06,2008-02-06,55.4933,20.2262,20.6893,20.2657
2008-02-05,UUP,stock,23.65,23.76,23.44,23.74,298000,2008-02-05,2008-02-05,55.4933,20.2108,20.6925,20.2614
2008-02-04,UUP,stock,23.28,23.506,23.28,23.49,225600,2008-02-04,2008-02-04,47.9211,20.1938,20.6957,20.2568
2008-02-01,UUP,stock,23.6,23.6,23.39,23.53,209300,2008-02-01,2008-02-01,49.1639,20.1975,20.7011,20.2608
2008-01-31,UUP,stock,23.25,23.48,23.25,23.44,443700,2008-01-31,2008-01-31,46.2517,20.1980,20.7062,20.2636
2008-01-30,UUP,stock,23.6,23.65,23.26,23.26,47000,2008-01-30,2008-01-30,39.8529,20.2067,20.7122,20.2697
2008-01-29,UUP,stock,23.39,23.5,23.19,23.4,240900,2008-01-29,2008-01-29,43.6019,20.2326,20.7197,20.2823
2008-01-28,UUP,stock,23.56,23.57,23.38,23.41,378900,2008-01-28,2008-01-28,43.8756,20.2485,20.7261,20.2905
2008-01-25,UUP,stock,23.61,23.66,23.52,23.56,161200,2008-01-25,2008-01-25,48.0803,20.2653,20.7325,20.2987
2008-01-24,UUP,stock,23.55,23.61,23.45,23.5,135500,2008-01-24,2008-01-24,46.1640,20.2702,20.7377,20.3020
2008-01-23,UUP,stock,24,24,23.6,23.7,158100,2008-01-23,2008-01-23,52.1180,20.2811,20.7434,20.3075
2008-01-22,UUP,stock,23.67,23.88,23.61,23.7674,169000,2008-01-22,2008-01-22,54.3099,20.2751,20.7475,20.3062
2008-01-18,UUP,stock,23.7,23.74,23.67,23.73,102200,2008-01-18,2008-01-18,53.2978,20.2623,20.7510,20.3026
2008-01-17,UUP,stock,23.76,23.76,23.56,23.66,86900,2008-01-17,2008-01-17,51.4280,20.2516,20.7549,20.3000
2008-01-16,UUP,stock,23.48,23.71,23.4401,23.7,322200,2008-01-16,2008-01-16,52.5443,20.2460,20.7595,20.2999
2008-01-15,UUP,stock,23.15,23.48,23.13,23.41,153900,2008-01-15,2008-01-15,44.4231,20.2363,20.7637,20.2983
2008-01-14,UUP,stock,23.45,23.45,23.35,23.43,128300,2008-01-14,2008-01-14,44.9153,20.2518,20.7705,20.3068
2008-01-11,UUP,stock,23.41,23.55,23.41,23.55,34400,2008-01-11,2008-01-11,47.8706,20.2670,20.7771,20.3150
2008-01-10,UUP,stock,23.82,23.82,23.41,23.44,131900,2008-01-10,2008-01-10,44.7778,20.2730,20.7828,20.3193
2008-01-09,UUP,stock,23.46,23.83,23.46,23.67,98800,2008-01-09,2008-01-09,50.6073,20.2896,20.7895,20.3276
2008-01-08,UUP,stock,23.56,23.57,23.4,23.49,86000,2008-01-08,2008-01-08,45.4461,20.2872,20.7943,20.3282
2008-01-07,UUP,stock,23.6,23.62,23.51,23.52,313200,2008-01-07,2008-01-07,46.1931,20.3008,20.8007,20.3351
2008-01-04,UUP,stock,23.25,23.5,23.16,23.29,1094600,2008-01-04,2008-01-04,39.0623,20.3131,20.8069,20.3413
2008-01-03,UUP,stock,23.54,23.57,23.44,23.54,70000,2008-01-03,2008-01-03,45.0941,20.3474,20.8152,20.3558
2008-01-02,UUP,stock,23.84,23.84,23.43,23.49,97700,2008-01-02,2008-01-02,43.4730,20.3628,20.8213,20.3621
2007-12-31,UUP,stock,23.72,23.75,23.52,23.7,112600,2007-12-31,2007-12-31,49.1300,20.3844,20.8280,20.3704
2007-12-28,UUP,stock,23.62,23.66,22.8,23.55,194700,2007-12-28,2007-12-28,44.3248,20.3892,20.8329,20.3717
2007-12-27,UUP,stock,23.8,23.84,23.68,23.71,224700,2007-12-27,2007-12-27,48.8999,20.4081,20.8392,20.3783
2007-12-26,UUP,stock,24.1,24.1,23.83,23.86,117500,2007-12-26,2007-12-26,53.7277,20.4145,20.8441,20.3796
2007-12-24,UUP,stock,24,24.1399,23.95,23.95,32700,2007-12-24,2007-12-24,56.8550,20.4081,20.8478,20.3757
2007-12-21,UUP,stock,23.97,24.33,23.97,24.11,255400,2007-12-21,2007-12-21,62.8987,20.3928,20.8508,20.3685
2007-12-20,UUP,stock,24.04,24.09,24.01,24.05,117800,2007-12-20,2007-12-20,61.4726,20.3615,20.8524,20.3553
2007-12-19,UUP,stock,24,24.06,23.97,24.01,76900,2007-12-19,2007-12-19,60.5335,20.3323,20.8546,20.3438
2007-12-18,UUP,stock,23.99,24.02,23.93,23.94,174300,2007-12-18,2007-12-18,58.9057,20.3037,20.8571,20.3331
2007-12-17,UUP,stock,24.37,24.37,24.022,24.17,188800,2007-12-17,2007-12-17,67.3851,20.2783,20.8602,20.3245
2007-12-14,UUP,stock,24.42,24.42,24.06,24.17,312600,2007-12-14,2007-12-14,63.1354,20.2296,20.8614,20.3074
2007-12-13,UUP,stock,23.84,23.91,23.8,23.87,181700,2007-12-13,2007-12-13,54.9616,20.1936,20.8643,20.2967
2007-12-12,UUP,stock,24.06,24.06,23.75,23.7904,83600,2007-12-12,2007-12-12,52.3591,20.1806,20.8698,20.2959
2007-12-11,UUP,stock,23.54,23.88,23.54,23.7,213600,2007-12-11,2007-12-11,49.2675,20.1735,,20.2978
2007-12-10,UUP,stock,23.51,23.85,23.51,23.75,482100,2007-12-10,2007-12-10,50.9661,20.1737,,20.3030
2007-12-07,UUP,stock,24.24,24.24,23.8201,23.92,278000,2007-12-07,2007-12-07,57.1914,20.1694,,20.3066
2007-12-06,UUP,stock,24.31,24.31,23.8278,23.88,1259400,2007-12-06,2007-12-06,56.0177,20.1495,,20.3045
2007-12-05,UUP,stock,23.6,23.9,23.6,23.89,108500,2007-12-05,2007-12-05,56.3765,20.1311,,20.3036
2007-12-04,UUP,stock,23.61,23.6299,23.57,23.6,103200,2007-12-04,2007-12-04,47.2826,20.1098,,20.3024
2007-12-03,UUP,stock,24.23,24.23,23.71,23.77,120200,2007-12-03,2007-12-03,53.3347,20.1122,,20.3112
2007-11-30,UUP,stock,25,25,23.61,23.82,105100,2007-11-30,2007-11-30,55.2667,20.0997,,20.3145
2007-11-29,UUP,stock,24.21,24.21,23.58,23.64,75900,2007-11-29,2007-11-29,49.1036,20.0814,,20.3162
2007-11-28,UUP,stock,23.83,23.83,23.48,23.51,231200,2007-11-28,2007-11-28,43.9223,20.0773,,20.3242
2007-11-27,UUP,stock,23.25,23.5,23.25,23.44,140600,2007-11-27,2007-11-27,40.9148,20.0844,,20.3370
2007-11-26,UUP,stock,23.69,23.69,23.29,23.31,110600,2007-11-26,2007-11-26,34.8934,20.0985,,20.3528
2007-11-23,UUP,stock,23.4,23.44,23.35,23.434,25300,2007-11-23,2007-11-23,38.3555,20.1258,,20.3737
2007-11-21,UUP,stock,23.34,23.3799,23.26,23.26,97900,2007-11-21,2007-11-21,29.2026,20.1448,,20.3912
2007-11-20,UUP,stock,23.86,23.86,21.85,23.38,216600,2007-11-20,2007-11-20,32.2711,20.1814,,20.4155
2007-11-19,UUP,stock,23.61,23.68,23.5,23.6,597100,2007-11-19,2007-11-19,39.3013,20.2111,,20.4365
2007-11-16,UUP,stock,23.75,23.75,23.61,23.67,79400,2007-11-16,2007-11-16,42.0049,20.2242,,20.4508
2007-11-15,UUP,stock,23.6,23.7199,23.59,23.7,117100,2007-11-15,2007-11-15,43.1872,20.2324,,20.4633
2007-11-14,UUP,stock,25.78,25.78,23.5,23.64,123100,2007-11-14,2007-11-14,40.0536,20.2388,,20.4752
2007-11-13,UUP,stock,24,24,23.49,23.63,154800,2007-11-13,2007-11-13,39.5375,20.2513,,20.4896
2007-11-12,UUP,stock,25,25,23.5201,23.72,186300,2007-11-12,2007-11-12,42.6029,20.2660,,20.5051
2007-11-09,UUP,stock,24.41,24.41,23.42,23.5,130500,2007-11-09,2007-11-09,30.3450,20.2741,,20.5180
2007-11-08,UUP,stock,23.45,23.51,23.4101,23.5,150000,2007-11-08,2007-11-08,30.3450,20.3028,,20.5391
2007-11-07,UUP,stock,23.6,23.6,23.4,23.52,134400,2007-11-07,2007-11-07,30.8616,20.3346,,20.5610
2007-11-06,UUP,stock,23.61,23.65,23.6,23.64,28100,2007-11-06,2007-11-06,34.0958,20.3679,,20.5832
2007-11-05,UUP,stock,23.75,23.76,23.69,23.72,83300,2007-11-05,2007-11-05,36.4611,20.3939,,20.6020
2007-11-02,UUP,stock,23.76,23.76,23.53,23.6,65000,2007-11-02,2007-11-02,29.6648,20.4155,,20.6189
2007-11-01,UUP,stock,23.84,23.86,23.76,23.83,92600,2007-11-01,2007-11-01,36.6399,20.4501,,20.6406
2007-10-31,UUP,stock,23.86,23.97,23.72,23.75,72500,2007-10-31,2007-10-31,31.4327,20.4678,,20.6553
2007-10-30,UUP,stock,23.84,23.9,23.75,23.8579,245300,2007-10-30,2007-10-30,35.0393,20.4945,,20.6733
2007-10-29,UUP,stock,23.85,23.85,23.75,23.81,26400,2007-10-29,2007-10-29,31.8142,20.5144,,20.6883
2007-10-26,UUP,stock,23.8501,23.8798,23.81,23.85,67100,2007-10-26,2007-10-26,33.0880,20.5406,,20.7055
2007-10-25,UUP,stock,23.96,23.99,23.92,23.95,19500,2007-10-25,2007-10-25,36.4785,20.5660,,20.7221
2007-10-24,UUP,stock,24.05,24.07,23.99,24,37100,2007-10-24,2007-10-24,38.3007,20.5851,,20.7359
2007-10-23,UUP,stock,24.03,24.0504,23.99,24.04,39600,2007-10-23,2007-10-23,39.7767,20.6018,,20.7485
2007-10-22,UUP,stock,24.14,24.26,24.128,24.19,96800,2007-10-22,2007-10-22,45.9416,20.6166,,20.7603
2007-10-19,UUP,stock,23.99,24.07,23.97,23.99,51100,2007-10-19,2007-10-19,33.1051,20.6196,,20.7673
2007-10-18,UUP,stock,24.01,24.042,23.98,24.04,22600,2007-10-18,2007-10-18,35.0364,20.6408,,20.7815
2007-10-17,UUP,stock,24.14,24.2,24.1196,24.19,44200,2007-10-17,2007-10-17,41.8354,20.6597,,20.7946
2007-10-16,UUP,stock,24.18,24.22,24.17,24.2,295500,2007-10-16,2007-10-16,42.3441,20.6672,,20.8030
2007-10-15,UUP,stock,24.15,24.17,24.1,24.17,18400,2007-10-15,2007-10-15,40.3227,20.6745,,20.8114
2007-10-12,UUP,stock,24.19,24.21,24.15,24.2,14100,2007-10-12,2007-10-12,41.6796,20.6854,,20.8212
2007-10-11,UUP,stock,24.18,24.24,24.08,24.24,90600,2007-10-11,2007-10-11,43.4916,20.6947,,20.8304
2007-10-10,UUP,stock,24.19,24.24,24.15,24.22,49800,2007-10-10,2007-10-10,42.3275,20.7014,,20.8385
2007-10-09,UUP,stock,24.37,24.38,24.25,24.29,92800,2007-10-09,2007-10-09,45.3646,20.7105,,20.8476
2007-10-08,UUP,stock,24.28,24.4,24.27,24.38,48600,2007-10-08,2007-10-08,49.6149,20.7144,,20.8547
2007-10-05,UUP,stock,24.25,24.25,24.15,24.23,29000,2007-10-05,2007-10-05,41.0702,20.7106,,20.8590
2007-10-04,UUP,stock,24.32,24.32,24.25,24.27,16600,2007-10-04,2007-10-04,42.8705,20.7199,,20.8686
2007-10-03,UUP,stock,24.18,24.31,24.15,24.304,48800,2007-10-03,2007-10-03,44.4068,20.7266,,20.8773
2007-10-02,UUP,stock,24.21,24.24,24.18,24.23,99700,2007-10-02,2007-10-02,40.0660,20.7309,,20.8851
2007-10-01,UUP,stock,24.1,24.11,23.548,24.08,44600,2007-10-01,2007-10-01,29.7398,20.7422,,20.8958
2007-09-28,UUP,stock,24.12,24.1399,24,24.0499,44800,2007-09-28,2007-09-28,27.4093,20.7683,,20.9122
2007-09-27,UUP,stock,24.16,24.23,24.1388,24.23,128700,2007-09-27,2007-09-27,33.6016,20.7997,,20.9303
2007-09-26,UUP,stock,24.22,25.09,24.2,24.27,17700,2007-09-26,2007-09-26,35.2437,20.8184,,20.9428
2007-09-25,UUP,stock,24.16,24.2,24.13,24.19,27800,2007-09-25,2007-09-25,28.7800,20.8354,,20.9545
2007-09-24,UUP,stock,24.22,24.26,24.2101,24.25,33800,2007-09-24,2007-09-24,30.9301,20.8614,,20.9694
2007-09-21,UUP,stock,24.28,24.29,24.25,24.26,7500,2007-09-21,2007-09-21,31.2919,20.8847,,20.9829
2007-09-20,UUP,stock,24.3,24.3,24.1701,24.246,53900,2007-09-20,2007-09-20,30.2309,20.9096,,20.9966
2007-09-19,UUP,stock,24.44,24.49,24.4201,24.43,28000,2007-09-19,2007-09-19,37.2507,20.9384,,21.0113
2007-09-18,UUP,stock,24.56,24.57,24.376,24.44,10700,2007-09-18,2007-09-18,37.6924,20.9537,,21.0202
2007-09-17,UUP,stock,24.5001,24.55,24.5001,24.52,2500,2007-09-17,2007-09-17,41.3331,20.9697,,21.0291
2007-09-14,UUP,stock,24.4799,24.5399,24.4799,24.48,2400,2007-09-14,2007-09-14,38.5786,20.9803,,21.0356
2007-09-13,UUP,stock,24.49,24.514,24.48,24.48,2500,2007-09-13,2007-09-13,38.5786,20.9956,,21.0438
2007-09-12,UUP,stock,24.46,24.4899,24.39,24.41,8200,2007-09-12,2007-09-12,33.8954,21.0124,,21.0523
2007-09-11,UUP,stock,24.54,24.54,24.47,24.53,3500,2007-09-11,2007-09-11,38.5777,21.0373,,21.0636
2007-09-10,UUP,stock,24.52,24.53,24.48,24.5,49600,2007-09-10,2007-09-10,36.5427,21.0541,,21.0712
2007-09-07,UUP,stock,24.54,24.562,24.52,24.53,3000,2007-09-07,2007-09-07,37.7026,21.0753,,21.0801
2007-09-06,UUP,stock,24.76,24.76,24.66,24.67,40600,2007-09-06,2007-09-06,43.7154,21.0961,,21.0883
2007-09-05,UUP,stock,24.73,24.736,24.71,24.736,900,2007-09-05,2007-09-05,46.9964,21.1065,,21.0921
2007-09-04,UUP,stock,24.89,24.9,24.83,24.83,4700,2007-09-04,2007-09-04,52.1752,21.1121,,21.0936
2007-08-31,UUP,stock,24.73,24.83,24.73,24.79,5700,2007-08-31,2007-08-31,49.9980,21.1099,,21.0920
2007-08-30,UUP,stock,24.83,24.85,24.76,24.85,27500,2007-08-30,2007-08-30,53.3829,21.1110,,21.0917
2007-08-29,UUP,stock,24.76,24.78,24.73,24.736,3900,2007-08-29,2007-08-29,47.0594,21.1068,,21.0893
2007-08-28,UUP,stock,24.75,24.76,24.73,24.76,17200,2007-08-28,2007-08-28,48.3413,21.1125,,21.0908
2007-08-27,UUP,stock,24.74,24.7601,24.74,24.76,2500,2007-08-27,2007-08-27,48.3413,21.1165,,21.0915
2007-08-24,UUP,stock,24.82,24.82,24.73,24.78,52000,2007-08-24,2007-08-24,49.3064,21.1210,,21.0922
2007-08-23,UUP,stock,24.92,24.92,24.88,24.89,1200,2007-08-23,2007-08-23,54.9043,21.1242,,21.0923
2007-08-22,UUP,stock,24.94,24.9699,24.93,24.93,21200,2007-08-22,2007-08-22,57.0930,21.1179,,21.0885
2007-08-21,UUP,stock,24.98,25.0001,24.98,25.0001,6800,2007-08-21,2007-08-21,61.0537,21.1073,,21.0832
2007-08-20,UUP,stock,24.983,25,24.95,24.99,13300,2007-08-20,2007-08-20,60.6888,21.0893,,21.0753
2007-08-17,UUP,stock,24.6501,25,24.6501,24.93,16300,2007-08-17,2007-08-17,58.5466,21.0704,,21.0674
2007-08-16,UUP,stock,25.02,25.05,24.99,25,30800,2007-08-16,2007-08-16,62.2198,21.0548,,21.0612
2007-08-15,UUP,stock,25.06,25.1,25.02,25.07,26800,2007-08-15,2007-08-15,66.0687,21.0313,,21.0523
2007-08-14,UUP,stock,24.88,24.96,24.88,24.96,39600,2007-08-14,2007-08-14,62.7020,20.9990,,21.0407
2007-08-13,UUP,stock,24.75,24.83,24.72,24.8,25400,2007-08-13,2007-08-13,56.9299,20.9733,,21.0324
2007-08-10,UUP,stock,24.75,24.75,24.71,24.73,40500,2007-08-10,2007-08-10,54.0405,20.9591,,21.0293
2007-08-09,UUP,stock,24.71,24.7101,24.68,24.71,6200,2007-08-09,2007-08-09,53.2077,20.9497,,21.0286
2007-08-08,UUP,stock,24.49,24.53,24.49,24.52,4300,2007-08-08,2007-08-08,44.3046,20.9412,,21.0284
2007-08-07,UUP,stock,24.53,24.61,24.53,24.59,13700,2007-08-07,2007-08-07,47.3892,20.9487,,21.0349
2007-08-06,UUP,stock,24.48,24.52,24.48,24.52,3300,2007-08-06,2007-08-06,43.7528,20.9508,,21.0393
2007-08-03,UUP,stock,24.59,24.59,24.47,24.47,20100,2007-08-03,2007-08-03,41.0503,20.9593,,21.0462
2007-08-02,UUP,stock,24.6701,24.7,24.64,24.7,900,2007-08-02,2007-08-02,51.6505,20.9733,,21.0551
2007-08-01,UUP,stock,24.71,24.71,24.61,24.66,11200,2007-08-01,2007-08-01,49.5466,20.9681,,21.0565
2007-07-31,UUP,stock,24.67,24.67,24.3,24.65,6600,2007-07-31,2007-07-31,49.0317,20.9659,,21.0592
2007-07-30,UUP,stock,24.67,24.69,24.67,24.69,5200,2007-07-30,2007-07-30,50.9634,20.9644,,21.0625
2007-07-27,UUP,stock,24.64,26.5,24.64,24.65,26500,2007-07-27,2007-07-27,49.1014,20.9592,,21.0644
2007-07-26,UUP,stock,24.56,24.56,24.44,24.45,3000,2007-07-26,2007-07-26,38.2073,20.9570,,21.0679
2007-07-25,UUP,stock,24.54,24.59,24.54,24.56,6100,2007-07-25,2007-07-25,42.8963,20.9724,,21.0784
2007-07-24,UUP,stock,24.48,24.5,24.35,24.35,18100,2007-07-24,2007-07-24,27.0185,20.9797,,21.0855
2007-07-23,UUP,stock,24.4999,24.54,24.49,24.54,16800,2007-07-23,2007-07-23,35.2539,21.0065,,21.1003
2007-07-20,UUP,stock,24.48,24.49,24.46,24.49,600,2007-07-20,2007-07-20,30.0433,21.0192,,21.1090
2007-07-19,UUP,stock,24.5,24.53,24.49,24.53,11200,2007-07-19,2007-07-19,31.9536,21.0376,,21.1198
2007-07-18,UUP,stock,24.5,24.54,24.5,24.54,1100,2007-07-18,2007-07-18,32.4323,21.0544,,21.1297
2007-07-17,UUP,stock,24.56,24.57,24.56,24.56,700,2007-07-17,2007-07-17,33.3605,21.0721,,21.1396
2007-07-16,UUP,stock,24.56,24.58,24.53,24.56,3800,2007-07-16,2007-07-16,33.3605,21.0898,,21.1492
2007-07-13,UUP,stock,24.55,24.574,24.55,24.574,600,2007-07-13,2007-07-13,33.9469,21.1094,,21.1593
2007-07-12,UUP,stock,24.56,24.58,24.5401,24.55,73000,2007-07-12,2007-07-12,32.0455,21.1298,,21.1692
2007-07-11,UUP,stock,24.58,24.62,24.58,24.59,4900,2007-07-11,2007-07-11,33.5397,21.1546,,21.1804
2007-07-10,UUP,stock,24.7,24.7,24.62,24.62,4900,2007-07-10,2007-07-10,34.6653,21.1783,,21.1907
2007-07-09,UUP,stock,24.79,24.82,24.78,24.79,8800,2007-07-09,2007-07-09,42.1002,21.2019,,21.2003
2007-07-06,UUP,stock,24.81,24.81,24.7845,24.7845,500,2007-07-06,2007-07-06,41.7247,21.2127,,21.2044
2007-07-05,UUP,stock,24.81,24.83,24.81,24.83,12100,2007-07-05,2007-07-05,43.9123,21.2251,,21.2089
2007-07-03,UUP,stock,24.71,24.81,24.71,24.71,6500,2007-07-03,2007-07-03,35.6499,21.2347,,21.2120
2007-07-02,UUP,stock,24.84,24.85,24.6201,24.75,15800,2007-07-02,2007-07-02,37.3531,21.2562,,21.2194
2007-06-29,UUP,stock,24.92,24.99,24.88,24.8811,3600,2007-06-29,2007-06-29,43.7082,21.2763,,21.2257
2007-06-28,UUP,stock,24.97,25.0299,24.97,25.0299,5900,2007-06-28,2007-06-28,53.2581,21.2867,,21.2277
2007-06-27,UUP,stock,25.01,25.03,25.01,25.03,2400,2007-06-27,2007-06-27,53.2653,21.2850,,21.2246
2007-06-26,UUP,stock,24.98,25.02,24.93,24.99,17800,2007-06-26,2007-06-26,50.7719,21.2830,,21.2213
2007-06-25,UUP,stock,25.01,25.05,25,25.03,9400,2007-06-25,2007-06-25,53.4184,21.2844,,21.2194
2007-06-22,UUP,stock,25,25.05,24.95,24.95,46800,2007-06-22,2007-06-22,48.4259,21.2824,,21.2159
2007-06-21,UUP,stock,25.1,25.22,25.0401,25.1,3300,2007-06-21,2007-06-21,59.5353,21.2874,,21.2152
2007-06-20,UUP,stock,28.97,28.97,24.08,25.07,4300,2007-06-20,2007-06-20,57.7346,21.2794,,21.2091
2007-06-19,UUP,stock,25.11,25.11,25.07,25.07,2500,2007-06-19,2007-06-19,57.7346,21.2733,,21.2039
2007-06-18,UUP,stock,25.07,25.15,25.06,25.06,54900,2007-06-18,2007-06-18,57.1870,21.2665,,21.1984
2007-06-15,UUP,stock,25.15,25.17,25.09,25.09,52500,2007-06-15,2007-06-15,59.3283,21.2599,,21.1931
2007-06-14,UUP,stock,25.21,25.23,25.17,25.23,12100,2007-06-14,2007-06-14,70.8188,21.2500,,21.1865
2007-06-13,UUP,stock,25.21,25.22,25.17,25.2,10200,2007-06-13,2007-06-13,69.6491,21.2264,,21.1748
2007-06-12,UUP,stock,25.12,25.1499,25.0701,25.1499,156700,2007-06-12,2007-06-12,67.6376,21.2031,,21.1636
2007-06-11,UUP,stock,25.09,25.12,25.06,25.1,9700,2007-06-11,2007-06-11,65.5244,21.1817,,21.1537
2007-06-08,UUP,stock,25.09,25.0923,24.56,25.04,8400,2007-06-08,2007-06-08,62.8132,21.1627,,21.1452
2007-06-07,UUP,stock,24.88,24.96,24.863,24.96,16300,2007-06-07,2007-06-07,58.8019,21.1469,,21.1384
2007-06-06,UUP,stock,24.84,24.88,24.47,24.8,54500,2007-06-06,2007-06-06,48.4815,21.1367,,21.1340
2007-06-05,UUP,stock,24.75,24.8,24.6,24.76,95700,2007-06-05,2007-06-05,45.3006,21.1398,,21.1351
2007-06-04,UUP,stock,24.83,24.8301,24.82,24.83,8000,2007-06-04,2007-06-04,50.3527,21.1467,,21.1376
2007-06-01,UUP,stock,24.96,24.98,24.9045,24.93,12500,2007-06-01,2007-06-01,59.0952,21.1481,,21.1378
2007-05-31,UUP,stock,24.88,24.92,24.88,24.92,2400,2007-05-31,2007-05-31,58.4249,21.1407,,21.1345
2007-05-30,UUP,stock,24.92,24.97,24.89,24.96,22600,2007-05-30,2007-05-30,62.2114,21.1334,,21.1314
2007-05-29,UUP,stock,24.83,24.92,24.81,24.92,9600,2007-05-29,2007-05-29,59.7916,21.1218,,21.1268
2007-05-25,UUP,stock,24.92,24.92,24.87,24.91,10700,2007-05-25,2007-05-25,59.1849,21.1125,,21.1234
2007-05-24,UUP,stock,24.88,24.93,24.88,24.93,6100,2007-05-24,2007-05-24,60.8913,21.1032,,21.1203
2007-05-23,UUP,stock,24.85,24.9,24.6,24.89,9900,2007-05-23,2007-05-23,58.6788,21.0910,,21.1163
2007-05-22,UUP,stock,24.91,24.92,24.88,24.91,7800,2007-05-22,2007-05-22,60.2616,21.0812,,21.1135
2007-05-21,UUP,stock,24.92,24.94,24.89,24.9,16400,2007-05-21,2007-05-21,59.7576,21.0685,,21.1099
2007-05-18,UUP,stock,24.87,24.88,24.82,24.83,10400,2007-05-18,2007-05-18,56.1422,21.0554,,21.1065
2007-05-17,UUP,stock,24.88,24.89,24.86,24.88,8100,2007-05-17,2007-05-17,59.6996,21.0473,,21.1054
2007-05-16,UUP,stock,24.78,24.834,24.68,24.82,13000,2007-05-16,2007-05-16,56.6380,21.0337,,21.1025
2007-05-15,UUP,stock,24.81,24.81,24.64,24.71,31100,2007-05-15,2007-05-15,50.1969,21.0241,,21.1016
2007-05-14,UUP,stock,24.74,24.8,24.39,24.79,15400,2007-05-14,2007-05-14,55.7938,21.0234,,21.1045
2007-05-11,UUP,stock,24.82,24.83,24.77,24.81,24100,2007-05-11,2007-05-11,57.2763,21.0154,,21.1047
2007-05-10,UUP,stock,24.79,24.8599,24.76,24.79,15000,2007-05-10,2007-05-10,56.1955,21.0048,,21.1042
2007-05-09,UUP,stock,24.68,24.76,24.68,24.76,9700,2007-05-09,2007-05-09,54.5956,20.9948,,
2007-05-08,UUP,stock,24.66,24.74,24.66,24.73,147000,2007-05-08,2007-05-08,53.0017,20.9865,,
2007-05-07,UUP,stock,24.6,24.75,24.6,24.66,52500,2007-05-07,2007-05-07,49.1327,20.9800,,
2007-05-04,UUP,stock,24.64,24.66,24.56,24.6,90800,2007-05-04,2007-05-04,45.5661,20.9791,,
2007-05-03,UUP,stock,24.66,24.75,24.66,24.69,13100,2007-05-03,2007-05-03,50.4978,20.9835,,
2007-05-02,UUP,stock,24.65,24.67,24.58,24.66,21300,2007-05-02,2007-05-02,48.7820,20.9803,,
2007-05-01,UUP,stock,24.5,24.65,24.5,24.64,2500,2007-05-01,2007-05-01,47.6589,20.9794,,
2007-04-30,UUP,stock,24.51,24.53,24.47,24.49,6300,2007-04-30,2007-04-30,38.2252,20.9802,,
2007-04-27,UUP,stock,24.5,24.6,24.44,24.54,55800,2007-04-27,2007-04-27,40.4837,20.9945,,
2007-04-26,UUP,stock,24.63,24.64,24.6,24.62,40800,2007-04-26,2007-04-26,44.3793,21.0059,,
2007-04-25,UUP,stock,24.54,24.55,24.5,24.52,7600,2007-04-25,2007-04-25,37.3858,21.0113,,
2007-04-24,UUP,stock,24.59,24.63,24.5,24.56,42300,2007-04-24,2007-04-24,39.2173,21.0262,,
2007-04-23,UUP,stock,24.63,24.63,24.55,24.59,29300,2007-04-23,2007-04-23,40.6026,21.0392,,
2007-04-20,UUP,stock,24.55,24.55,24.43,24.46,24200,2007-04-20,2007-04-20,30.7616,21.0508,,
2007-04-19,UUP,stock,24.54,24.56,24.51,24.55,26800,2007-04-19,2007-04-19,34.4285,21.0752,,
2007-04-18,UUP,stock,24.52,24.56,24.46,24.55,18300,2007-04-18,2007-04-18,34.4285,21.0942,,
2007-04-17,UUP,stock,24.6,24.6,24.55,24.58,23600,2007-04-17,2007-04-17,35.6500,21.1152,,
2007-04-16,UUP,stock,24.69,24.69,24.59,24.59,22600,2007-04-16,2007-04-16,36.0458,21.1356,,
2007-04-13,UUP,stock,24.66,24.71,24.6369,24.69,8300,2007-04-13,2007-04-13,40.1892,21.1574,,
2007-04-12,UUP,stock,24.78,24.78,24.7,24.7,8900,2007-04-12,2007-04-12,40.6228,21.1725,,
2007-04-11,UUP,stock,24.85,25.26,24.82,24.85,172000,2007-04-11,2007-04-11,47.8071,21.1882,,
2007-04-10,UUP,stock,24.84,24.87,24.827,24.85,30500,2007-04-10,2007-04-10,47.8071,21.1922,,
2007-04-09,UUP,stock,24.93,24.96,24.9199,24.93,22700,2007-04-09,2007-04-09,52.0393,21.1966,,
2007-04-05,UUP,stock,24.77,24.77,24.77,24.77,1100,2007-04-05,2007-04-05,42.6027,21.1943,,
2007-04-04,UUP,stock,24.85,24.85,24.85,24.85,500,2007-04-04,2007-04-04,46.8858,21.2061,,
2007-04-03,UUP,stock,24.89,24.89,24.88,24.88,5200,2007-04-03,2007-04-03,48.5867,21.2120,,
2007-04-02,UUP,stock,24.83,24.8455,24.76,24.8455,4100,2007-04-02,2007-04-02,46.5147,21.2158,,
2007-03-30,UUP,stock,24.8,24.8,24.79,24.79,200,2007-03-30,2007-03-30,43.0886,21.2231,,
2007-03-29,UUP,stock,24.87,24.87,24.87,24.87,100,2007-03-29,2007-03-29,47.1294,21.2361,,
2007-03-28,UUP,stock,24.8,24.85,24.8,24.84,3400,2007-03-28,2007-03-28,45.3446,21.2434,,
2007-03-27,UUP,stock,24.87,24.87,24.84,24.84,200,2007-03-27,2007-03-27,45.3446,,,
2007-03-26,UUP,stock,24.91,24.91,24.85,24.85,3100,2007-03-26,2007-03-26,45.7889,,,
2007-03-23,UUP,stock,24.87,24.93,24.87,24.93,4100,2007-03-23,2007-03-23,49.3831,,,
2007-03-22,UUP,stock,24.8,24.8,24.6,24.776,17500,2007-03-22,2007-03-22,41.1219,,,
2007-03-21,UUP,stock,24.78,24.78,24.78,24.78,200,2007-03-21,2007-03-21,41.2844,,,
2007-03-20,UUP,stock,24.88,24.88,24.85,24.85,1400,2007-03-20,,,,,
2007-03-19,UUP,stock,24.87,25,24.87,25,2200,2007-03-19,,,,,
2007-03-16,UUP,stock,24.86,24.89,24.86,24.87,4000,2007-03-16,,,,,
2007-03-15,UUP,stock,24.96,24.96,24.96,24.96,0,2007-03-15,,,,,
2007-03-14,UUP,stock,25.04,25.04,24.96,24.96,2000,2007-03-14,,,,,
2007-03-13,UUP,stock,25,25.02,25,25.02,1100,2007-03-13,,,,,
2007-03-12,UUP,stock,25.08,25.08,25.08,25.08,200,2007-03-12,,,,,
2007-03-09,UUP,stock,25.2,25.2,25.16,25.16,700,2007-03-09,,,,,
2007-03-08,UUP,stock,25.15,25.15,25.12,25.12,42200,2007-03-08,,,,,
2007-03-07,UUP,stock,25.08,25.08,24.99,25,2800,2007-03-07,,,,,
2007-03-06,UUP,stock,25.1,25.1,25.1,25.1,400,2007-03-06,,,,,
2007-03-05,UUP,stock,25.11,25.13,25.1,25.12,1100,2007-03-05,,,,,
2007-03-02,UUP,stock,25.02,25.26,24.95,24.96,2400,2007-03-02,,,,,
2007-03-01,UUP,stock,24.93,25,24.93,24.97,4600,2007-03-01,,,,,