﻿date,asset_ticker,asset_type,open,high,low,close,volume,merge_date,date,RSI_14,EMA_20,EMA_200,EMA_50
2025-07-25,SPY,stock,635.09,637.5799,634.84,637.1,56865364,2025-07-25,2025-07-25,76.1862,623.8157,578.3387,607.4490
2025-07-24,SPY,stock,634.6,636.15,633.99,634.42,71307134,2025-07-24,2025-07-24,74.2767,622.4174,577.7481,606.2387
2025-07-23,SPY,stock,631.55,634.21,629.73,634.21,70511036,2025-07-23,2025-07-23,74.1257,621.1540,577.1786,605.0885
2025-07-22,SPY,stock,629.1,629.73,626.19,628.86,60046288,2025-07-22,2025-07-22,69.9543,619.7797,576.6054,603.8999
2025-07-21,SPY,stock,628.77,631.54,628.34,628.77,63374984,2025-07-21,2025-07-21,69.8785,618.8238,576.0802,602.8811
2025-07-18,SPY,stock,629.3,629.47,626.46,627.58,65621645,2025-07-18,2025-07-18,68.9149,617.7769,575.5507,601.8244
2025-07-17,SPY,stock,624.4,628.4048,624.18,628.04,68885683,2025-07-17,2025-07-17,69.7154,616.7450,575.0278,600.7731
2025-07-16,SPY,stock,623.74,624.73,618.05,624.22,88987511,2025-07-16,2025-07-16,66.7359,615.5560,574.4950,599.6602
2025-07-15,SPY,stock,627.52,627.86,622.06,622.14,74317260,2025-07-15,2025-07-15,64.9947,614.6440,573.9952,598.6578
2025-07-14,SPY,stock,623.16,625.1581,621.7999,624.81,51898518,2025-07-14,2025-07-14,69.3199,613.8549,573.5114,597.6993
2025-07-11,SPY,stock,622.74,624.86,621.53,623.62,63670226,2025-07-11,2025-07-11,68.4510,612.7018,572.9958,596.5927
2025-07-10,SPY,stock,624.2,626.8701,623.01,625.82,57528960,2025-07-10,2025-07-10,71.9492,611.5525,572.4870,595.4896
2025-07-09,SPY,stock,622.77,624.72,620.9105,624.06,66113326,2025-07-09,2025-07-09,70.8422,610.0507,571.9510,594.2516
2025-07-08,SPY,stock,621.35,622.11,619.52,620.34,59024585,2025-07-08,2025-07-08,68.3944,608.5760,571.4273,593.0349
2025-07-07,SPY,stock,623.36,624.03,617.87,620.68,74814505,2025-07-07,2025-07-07,68.8852,607.3377,570.9357,591.9204
2025-07-03,SPY,stock,622.45,626.28,622.43,625.34,51065789,2025-07-03,2025-07-03,75.8086,605.9332,570.4358,590.7466
2025-07-02,SPY,stock,617.24,620.49,616.61,620.45,66510374,2025-07-02,2025-07-02,73.1823,603.8904,569.8840,589.3346
2025-07-01,SPY,stock,616.36,618.83,615.52,617.65,70030140,2025-07-01,2025-07-01,71.5394,602.1473,569.3758,588.0646
2025-06-30,SPY,stock,617.38,619.22,615.04,617.85,92502541,2025-06-30,2025-06-30,71.8313,600.5154,568.8906,586.8570
2025-06-27,SPY,stock,612.88,616.39,610.83,614.91,86258398,2025-06-27,2025-06-27,70.1701,598.6907,568.3985,585.5920
2025-06-26,SPY,stock,608.99,612.31,608.37,611.87,78548361,2025-06-26,2025-06-26,68.3796,596.9834,567.9311,584.3954
2025-06-25,SPY,stock,607.91,608.61,605.54,607.12,62114767,2025-06-25,2025-06-25,65.3633,595.4164,567.4895,583.2739
2025-06-24,SPY,stock,604.33,607.8499,603.41,606.78,67735293,2025-06-24,2025-06-24,65.1423,594.1845,567.0912,582.3006
2025-06-23,SPY,stock,595.04,600.54,591.89,600.15,87426039,2025-06-23,2025-06-23,60.5887,592.8586,566.6923,581.3015
2025-06-20,SPY,stock,598.38,599.46,592.86,594.28,94051374,2025-06-20,2025-06-20,55.8469,592.0911,566.3560,580.5321
2025-06-18,SPY,stock,598.44,601.22,596.47,597.44,76605029,2025-06-18,2025-06-18,57.3698,591.8607,566.0754,579.9710
2025-06-17,SPY,stock,600.21,601.75,596.76,597.53,82209365,2025-06-17,2025-06-17,57.4634,591.4592,565.7779,579.3300
2025-06-16,SPY,stock,600.4,604.45,600.22,602.68,79984125,2025-06-16,2025-06-16,62.9189,591.0060,565.4765,578.6593
2025-06-13,SPY,stock,598.5,601.85,595.48,597,89505996,2025-06-13,2025-06-13,58.9253,589.9646,565.1205,577.7515
2025-06-12,SPY,stock,600.01,603.75,599.52,603.75,64129003,2025-06-12,2025-06-12,66.8730,589.4097,564.8179,577.0378
2025-06-11,SPY,stock,604.19,605.06,599.27,601.36,73658225,2025-06-11,2025-06-11,65.3358,588.0880,564.4445,576.0204
2025-06-10,SPY,stock,600.22,603.47,599.09,603.08,66246973,2025-06-10,2025-06-10,67.4267,586.8780,564.0914,575.0586
2025-06-09,SPY,stock,599.72,601.25,598.49,599.68,53016418,2025-06-09,2025-06-09,65.3938,585.3601,563.7174,573.9876
2025-06-06,SPY,stock,598.66,600.83,596.86,599.14,66588743,2025-06-06,2025-06-06,65.0724,584.0392,563.3738,573.0113
2025-06-05,SPY,stock,597.63,599,591.05,593.05,92436397,2025-06-05,2025-06-05,61.3085,582.6360,563.0321,572.0170
2025-06-04,SPY,stock,596.96,597.95,595.49,595.93,57314199,2025-06-04,2025-06-04,64.3538,581.7243,562.7481,571.2301
2025-06-03,SPY,stock,592.34,597.08,591.85,596.09,63606204,2025-06-03,2025-06-03,64.5191,580.4143,562.4323,570.2938
2025-06-02,SPY,stock,587.76,592.79,585.06,592.71,61630502,2025-06-02,2025-06-02,62.6362,578.9496,562.1117,569.3128
2025-05-30,SPY,stock,588.93,591.1299,583.235,589.39,90601242,2025-05-30,2025-05-30,60.7357,577.6855,561.8218,568.4293
2025-05-29,SPY,stock,593.06,593.2,586.07,590.05,70073758,2025-05-29,2025-05-29,61.3114,576.6367,561.5622,567.6448
2025-05-28,SPY,stock,591.56,592.7688,586.985,587.73,68445512,2025-05-28,2025-05-28,60.0762,575.4083,561.2934,566.8015
2025-05-27,SPY,stock,586.07,591.31,578.43,591.15,72588475,2025-05-27,2025-05-27,62.8217,574.2941,561.0452,566.0181
2025-05-23,SPY,stock,575.98,581.8101,575.6,579.11,76029046,2025-05-23,2025-05-23,56.2922,572.7037,560.7602,565.0636
2025-05-22,SPY,stock,582.66,586.62,581.405,583.09,70860417,2025-05-22,2025-05-22,59.4997,572.2094,560.5930,564.5601
2025-05-21,SPY,stock,588.44,592.58,581.82,582.86,95197657,2025-05-21,2025-05-21,59.3755,571.2454,560.3842,563.8741
2025-05-20,SPY,stock,593.09,594.05,589.6,592.85,60614492,2025-05-20,2025-05-20,67.7571,570.2041,560.1756,563.1695
2025-05-19,SPY,stock,588.1,595.54,588.1,594.85,68168509,2025-05-19,2025-05-19,69.5831,568.0048,559.8648,562.0295
2025-05-16,SPY,stock,591.25,594.5,589.28,594.2,76052101,2025-05-16,2025-05-16,69.3337,565.3640,559.5309,560.7617
2025-05-15,SPY,stock,585.56,590.97,585.0969,590.46,71268145,2025-05-15,2025-05-15,67.9287,562.5134,559.2001,559.4685
2025-05-14,SPY,stock,587.81,588.98,585.535,587.59,66283531,2025-05-14,2025-05-14,66.8463,559.7553,558.9034,558.2747
2025-05-13,SPY,stock,583.41,589.08,582.84,586.84,67947225,2025-05-13,2025-05-13,66.5725,557.0081,558.6326,557.1491
2025-05-12,SPY,stock,581.47,583,577.04,582.99,78993570,2025-05-12,2025-05-12,65.2030,554.0504,558.3665,556.0080
2025-05-09,SPY,stock,566.48,567.5,562.7637,564.34,37603427,2025-05-09,2025-05-09,57.3411,551.1854,558.1364,554.9770
2025-05-08,SPY,stock,565.24,570.31,561.7,565.06,65130787,2025-05-08,2025-05-08,57.8093,549.9763,558.0908,554.6629
2025-05-07,SPY,stock,560.15,563.82,556.04,561.15,55733229,2025-05-07,2025-05-07,55.9975,548.5642,558.0375,554.3066
2025-05-06,SPY,stock,557.93,563.3476,556.96,558.8,48264708,2025-05-06,2025-05-06,54.9170,547.4140,558.0229,554.0950
2025-05-05,SPY,stock,562.57,566.65,561.7,563.51,38659222,2025-05-05,2025-05-05,57.5469,546.3892,558.0317,553.9703
2025-05-02,SPY,stock,564.73,568.38,562.38,566.76,60717270,2025-05-02,2025-05-02,59.3685,544.7623,557.9933,553.6489
2025-05-01,SPY,stock,560.37,564.0699,557.86,558.47,63186146,2025-05-01,2025-05-01,56.0752,542.6230,557.9221,553.1821
2025-04-30,SPY,stock,547.57,556.52,541.52,554.54,93101463,2025-04-30,2025-04-30,54.4499,541.1286,557.9331,553.0337
2025-04-29,SPY,stock,548.91,555.45,548.55,554.32,47775121,2025-04-29,2025-04-29,54.3621,539.8894,557.9837,553.0390
2025-04-28,SPY,stock,551.39,553.55,545.02,550.85,47613755,2025-04-28,2025-04-28,53.0367,538.5427,558.0370,553.0536
2025-04-25,SPY,stock,546.65,551.05,543.69,550.64,61119590,2025-04-25,2025-04-25,52.9599,537.4186,558.1256,553.2100
2025-04-24,SPY,stock,536.715,547.43,535.4504,546.69,64150418,2025-04-24,2025-04-24,51.5773,536.1981,558.2172,553.3813
2025-04-23,SPY,stock,540.43,545.43,533.88,535.42,90590658,2025-04-23,2025-04-23,47.4881,535.2637,558.3493,553.7203
2025-04-22,SPY,stock,520.14,529.305,519.1925,527.25,75948117,2025-04-22,2025-04-22,44.3231,535.4138,558.5956,554.5319
2025-04-21,SPY,stock,521.16,521.7,508.46,513.88,69368129,2025-04-21,2025-04-21,38.7096,536.4371,558.9263,555.7090
2025-04-17,SPY,stock,527.64,531.165,523.91,526.41,79868083,2025-04-17,2025-04-17,42.4326,538.9714,559.3943,557.4783
2025-04-16,SPY,stock,531.68,537.8854,520.29,525.66,83484814,2025-04-16,2025-04-16,42.1232,540.4574,559.7414,558.8098
2025-04-15,SPY,stock,539.675,543.23,536.81,537.61,56892874,2025-04-15,2025-04-15,45.7620,542.1785,560.0995,560.2263
2025-04-14,SPY,stock,544.05,544.28,533.86,539.12,68033993,2025-04-14,2025-04-14,46.2306,542.8266,560.3415,561.2142
2025-04-11,SPY,stock,523.01,536.43,520.07,533.94,97866334,2025-04-11,2025-04-11,44.4176,543.3844,560.5708,562.1811
2025-04-10,SPY,stock,532.17,533.495,509.32,524.58,162331225,2025-04-10,2025-04-10,41.0846,544.5446,560.8543,563.3982
2025-04-09,SPY,stock,493.44,548.62,493.05,548.62,241867317,2025-04-09,2025-04-09,47.9408,546.8093,561.2345,565.0458
2025-04-08,SPY,stock,521.86,524.98,489.16,496.48,165816581,2025-04-08,2025-04-08,21.5869,546.7894,561.3775,565.7824
2025-04-07,SPY,stock,489.19,523.17,481.8,504.38,256611355,2025-04-07,2025-04-07,23.2423,552.2395,562.0445,568.6710
2025-04-04,SPY,stock,523.67,525.87,505.06,505.28,217965131,2025-04-04,2025-04-04,23.4324,557.4342,562.6390,571.3559
2025-04-03,SPY,stock,545.11,547.97,536.7,536.7,125985998,2025-04-03,2025-04-03,31.8863,563.0813,563.2305,574.1139
2025-04-02,SPY,stock,555.05,567.42,554.81,564.52,76014544,2025-04-02,2025-04-02,45.3333,566.0252,563.5131,575.7057
2025-04-01,SPY,stock,557.45,562.94,553.68,560.97,54609641,2025-04-01,2025-04-01,42.4579,566.3592,563.5197,576.2303
2025-03-31,SPY,stock,549.83,560.7112,546.87,559.39,95328213,2025-03-31,2025-03-31,41.1793,567.1010,563.5620,576.9208
2025-03-28,SPY,stock,565.53,566.2675,555.07,555.66,71662653,2025-03-28,2025-03-28,38.1674,568.0866,563.6206,577.7038
2025-03-27,SPY,stock,567.18,570.9,564.94,567.08,42164248,2025-03-27,2025-03-27,44.6702,569.5675,563.7171,578.6706
2025-03-26,SPY,stock,575.19,576.33,567.19,568.59,52228898,2025-03-26,2025-03-26,45.6246,570.0058,563.7001,579.2121
2025-03-25,SPY,stock,575.3,576.41,573.69,575.46,38355735,2025-03-25,2025-03-25,50.1515,570.3316,563.6679,579.7142
2025-03-24,SPY,stock,570.8,575.15,570.2,574.08,58766795,2025-03-24,2025-03-24,49.2115,569.9708,563.5664,579.9573
2025-03-21,SPY,stock,559.28,564.89,558.03,563.98,83762964,2025-03-21,2025-03-21,41.7466,569.7168,563.4778,580.2664
2025-03-20,SPY,stock,563.33,570.57,562.6012,565.49,62958195,2025-03-20,2025-03-20,41.6006,570.4961,563.4895,580.9991
2025-03-19,SPY,stock,562.83,570.95,561.63,567.13,66555985,2025-03-19,2025-03-19,42.4742,571.3768,563.5032,581.7693
2025-03-18,SPY,stock,564.8,565.02,559.06,561.02,66041422,2025-03-18,2025-03-18,37.9676,572.1786,563.5006,582.5044
2025-03-17,SPY,stock,562.79,569.71,562.35,567.15,49008709,2025-03-17,2025-03-17,40.9567,573.7042,563.5590,583.5174
2025-03-14,SPY,stock,556.11,563.83,551.4917,562.81,62660321,2025-03-14,2025-03-14,37.7339,574.7489,563.5568,584.3231
2025-03-13,SPY,stock,558.49,559.105,549.68,551.42,74079414,2025-03-13,2025-03-13,28.1805,576.3577,563.5980,585.3377
2025-03-12,SPY,stock,562.17,563.11,553.69,558.87,69588167,2025-03-12,2025-03-12,31.0764,579.3277,563.7533,586.8559
2025-03-11,SPY,stock,559.4,564.02,552.02,555.92,88102109,2025-03-11,2025-03-11,28.3699,581.8308,563.8357,588.1337
2025-03-10,SPY,stock,567.59,569.54,555.59,560.58,97084529,2025-03-10,2025-03-10,30.1039,584.9060,563.9485,589.5834
2025-03-07,SPY,stock,570.9,577.39,565.63,575.92,81158816,2025-03-07,2025-03-07,37.0204,587.8173,564.0158,590.9032
2025-03-06,SPY,stock,575.48,580.1736,570.12,572.71,80094868,2025-03-06,2025-03-06,34.0774,589.4300,563.9306,591.6545
2025-03-05,SPY,stock,576.69,584.88,573.0795,583.06,71230528,2025-03-05,2025-03-05,39.6206,591.5482,563.8766,592.5666
2025-03-04,SPY,stock,579.71,585.39,572.25,576.86,109648212,2025-03-04,2025-03-04,33.6138,592.8065,563.7186,593.0961
2025-03-03,SPY,stock,596.18,597.34,579.9,583.77,74249199,2025-03-03,2025-03-03,37.4718,594.8460,563.6210,593.8987
2025-02-28,SPY,stock,585.56,594.72,582.44,594.18,88744106,2025-02-28,2025-02-28,44.6388,596.3771,563.4534,594.4538
2025-02-27,SPY,stock,596.85,598.02,584.65,585.05,74196664,2025-02-27,2025-02-27,34.4244,596.9800,563.1800,594.6091
2025-02-26,SPY,stock,595.93,599.58,591.8556,594.54,43321578,2025-02-26,2025-02-26,41.8830,598.6019,562.9952,595.1412
2025-02-25,SPY,stock,597.15,597.89,589.56,594.24,58266472,2025-02-25,2025-02-25,41.5110,599.4014,562.7137,595.3099
2025-02-24,SPY,stock,602.02,603.03,596.49,597.21,50737213,2025-02-24,2025-02-24,44.1063,600.3164,562.4323,595.4977
2025-02-21,SPY,stock,610.16,610.3,599.47,599.94,76519818,2025-02-21,2025-02-21,46.5926,601.0170,562.1185,595.5727
2025-02-20,SPY,stock,611.54,611.684,607.02,610.38,36554002,2025-02-20,2025-02-20,58.2535,601.5057,561.7742,595.5400
2025-02-19,SPY,stock,610.08,613.23,609.56,612.93,31011072,2025-02-19,2025-02-19,61.7591,600.9534,561.3221,595.0823
2025-02-18,SPY,stock,610.88,611.49,608.38,611.49,26749030,2025-02-18,2025-02-18,60.5131,600.0762,560.8401,594.5026
2025-02-14,SPY,stock,609.94,610.99,609.07,609.7,26910448,2025-02-14,2025-02-14,58.9699,599.2573,560.3675,593.9575
2025-02-13,SPY,stock,604.48,609.94,603.2,609.73,40921297,2025-02-13,2025-02-13,59.0058,598.5395,559.9082,593.4629
2025-02-12,SPY,stock,599.2,604.55,598.51,603.36,45076076,2025-02-12,2025-02-12,53.4161,597.7430,559.4439,592.9468
2025-02-11,SPY,stock,602.55,605.86,602.43,605.31,30056740,2025-02-11,2025-02-11,55.5699,597.5292,559.0385,592.6682
2025-02-10,SPY,stock,604.03,605.4999,602.74,604.85,26048714,2025-02-10,2025-02-10,55.1740,597.0888,558.6096,592.2990
2025-02-07,SPY,stock,606.89,608.13,600.05,600.77,50788516,2025-02-07,2025-02-07,51.6236,596.6502,558.1810,591.9334
2025-02-06,SPY,stock,605.99,606.4525,602.63,606.32,35771503,2025-02-06,2025-02-06,57.3625,596.5924,557.7889,591.7185
2025-02-05,SPY,stock,600.64,604.37,598.58,604.22,30653149,2025-02-05,2025-02-05,55.6294,595.9478,557.3374,591.2696
2025-02-04,SPY,stock,597.83,602.3,597.28,601.78,33457815,2025-02-04,2025-02-04,53.5943,595.4550,556.9023,590.8876
2025-02-03,SPY,stock,592.67,600.29,590.49,597.77,65857248,2025-02-03,2025-02-03,50.1018,595.1657,556.4872,590.5890
2025-01-31,SPY,stock,607.5,609.96,601.05,601.82,66671471,2025-01-31,2025-01-31,53.9066,595.2655,556.1080,590.4409
2025-01-30,SPY,stock,603.96,606.6,600.715,605.04,39281255,2025-01-30,2025-01-30,57.1085,594.9521,555.6845,590.1224
2025-01-29,SPY,stock,603.72,604.13,599.22,601.81,37177429,2025-01-29,2025-01-29,54.5965,594.2687,555.2246,589.6603
2025-01-28,SPY,stock,600.62,605.37,597.25,604.52,44433322,2025-01-28,2025-01-28,57.2067,593.8514,554.7924,589.3104
2025-01-27,SPY,stock,594.81,599.69,594.64,599.37,70361125,2025-01-27,2025-01-27,53.2639,593.1065,554.3287,588.8362
2025-01-24,SPY,stock,609.81,610.78,606.8,607.97,34604693,2025-01-24,2025-01-24,62.1421,592.8222,553.9118,588.5517
2025-01-23,SPY,stock,605.8,609.75,605.52,609.75,41152102,2025-01-23,2025-01-23,64.1988,591.6080,553.4049,587.9065
2025-01-22,SPY,stock,605.92,607.82,605.36,606.44,48195973,2025-01-22,2025-01-22,62.0288,590.0798,552.8750,587.1629
2025-01-21,SPY,stock,600.67,603.06,598.67,603.05,42532853,2025-01-21,2025-01-21,59.7062,588.7371,552.3729,586.5232
2025-01-17,SPY,stock,596.96,599.36,595.61,597.58,58070628,2025-01-17,2025-01-17,55.6407,587.6077,551.8996,585.9949
2025-01-16,SPY,stock,594.175,594.35,590.93,591.64,43319662,2025-01-16,2025-01-16,50.6165,586.9318,551.4762,585.6670
2025-01-15,SPY,stock,590.325,593.94,589.195,592.78,56900159,2025-01-15,2025-01-15,51.6592,586.8064,551.1078,585.5667
2025-01-14,SPY,stock,584.36,585,578.35,582.19,48420580,2025-01-14,2025-01-14,41.2129,586.5484,550.7244,585.4161
2025-01-13,SPY,stock,575.77,581.75,575.35,581.39,47910060,2025-01-13,2025-01-13,40.3081,587.3714,550.4430,585.6890
2025-01-10,SPY,stock,585.88,585.95,578.55,580.49,73105046,2025-01-10,2025-01-10,39.3326,588.3647,550.1667,586.0055
2025-01-08,SPY,stock,588.7,590.5799,585.195,589.49,47304672,2025-01-08,2025-01-08,46.3689,589.5568,549.8966,586.3715
2025-01-07,SPY,stock,597.42,597.75,586.78,588.63,60393052,2025-01-07,2025-01-07,45.5038,589.9326,549.5339,586.3872
2025-01-06,SPY,stock,596.27,599.7,593.6,595.36,47679442,2025-01-06,2025-01-06,51.5451,590.4380,549.1761,586.4384
2025-01-03,SPY,stock,587.53,592.6,586.43,591.95,37888459,2025-01-03,2025-01-03,48.3167,590.2923,548.7475,586.2187
2025-01-02,SPY,stock,589.39,591.13,580.5,584.64,50203975,2025-01-02,2025-01-02,40.4142,590.4882,548.3487,586.1283
2024-12-31,SPY,stock,589.905,590.6399,584.42,586.08,57052654,2024-12-31,2024-12-31,41.5771,591.4695,548.0189,586.3309
2024-12-30,SPY,stock,587.89,591.74,584.41,588.22,56578757,2024-12-30,2024-12-30,43.2962,592.4035,547.6713,586.4833
2024-12-27,SPY,stock,597.54,597.7761,590.7647,595.01,64969310,2024-12-27,2024-12-27,49.3024,593.2118,547.2990,586.5551
2024-12-26,SPY,stock,599.5,602.48,598.0825,601.34,41338891,2024-12-26,2024-12-26,56.0310,593.3948,546.8550,586.3544
2024-12-24,SPY,stock,596.06,601.34,595.47,601.3,33160097,2024-12-24,2024-12-24,55.9958,592.9346,546.3433,585.8886
2024-12-23,SPY,stock,590.89,595.3,587.661,594.69,57635828,2024-12-23,2024-12-23,49.8253,592.4302,545.8269,585.4054
2024-12-20,SPY,stock,581.77,595.75,580.91,591.15,125716674,2024-12-20,2024-12-20,46.0641,592.5644,545.3713,585.1707
2024-12-19,SPY,stock,591.36,593,585.85,586.1,85919452,2024-12-19,2024-12-19,37.4665,593.0831,544.9466,585.0701
2024-12-18,SPY,stock,603.98,606.405,585.89,586.28,108248729,2024-12-18,2024-12-18,37.6093,594.3881,544.5874,585.2490
2024-12-17,SPY,stock,604.19,605.17,602.885,604.29,55773545,2024-12-17,2024-12-17,58.2361,595.8116,544.2228,585.4280
2024-12-16,SPY,stock,606,607.7795,605.21,606.79,43695179,2024-12-16,2024-12-16,62.6661,595.5068,543.6752,584.8859
2024-12-13,SPY,stock,606.4,607.13,602.81,604.21,35904730,2024-12-13,2024-12-13,59.7306,594.9091,543.0972,584.2207
2024-12-12,SPY,stock,606.58,607.16,604.33,604.33,31543812,2024-12-12,2024-12-12,59.9341,594.5175,542.5391,583.6326
2024-12-11,SPY,stock,605.78,608.435,605.5,607.46,28677723,2024-12-11,2024-12-11,65.3255,594.0723,541.9742,583.0156
2024-12-10,SPY,stock,605.37,605.8,602.13,602.8,37234515,2024-12-10,2024-12-10,60.4009,593.2537,541.3724,582.2470
2024-12-09,SPY,stock,607.69,607.86,604.08,604.68,34742738,2024-12-09,2024-12-09,63.7951,592.8350,540.8110,581.6353
2024-12-06,SPY,stock,607.44,609.07,607.02,607.81,31241549,2024-12-06,2024-12-06,69.8645,592.1761,540.2253,580.9227
2024-12-05,SPY,stock,607.66,608.48,606.305,606.66,28762183,2024-12-05,2024-12-05,68.8536,591.1215,539.6025,580.0544
2024-12-04,SPY,stock,605.63,607.91,604.95,607.66,42787561,2024-12-04,2024-12-04,70.7706,590.0757,538.9848,579.1972
2024-12-03,SPY,stock,603.39,604.16,602.341,603.91,26906629,2024-12-03,2024-12-03,67.6326,588.8156,538.3510,578.2646
2024-12-02,SPY,stock,602.97,604.32,602.47,603.63,31745989,2024-12-02,2024-12-02,67.3898,587.8139,537.7482,577.4456
2024-11-29,SPY,stock,599.66,603.35,599.38,602.55,30095740,2024-11-29,2024-11-29,66.4897,586.7360,537.1421,576.6044
2024-11-27,SPY,stock,600.46,600.85,597.28,598.83,34000163,2024-11-27,2024-11-27,63.2450,585.6573,536.5407,575.7726
2024-11-26,SPY,stock,598.8,601.33,598.07,600.65,45621288,2024-11-26,2024-11-26,66.1551,584.8530,535.9703,575.0572
2024-11-25,SPY,stock,599.52,600.86,595.2,597.53,42441393,2024-11-25,2024-11-25,63.4802,583.7742,535.3760,574.2391
2024-11-22,SPY,stock,593.66,596.15,593.1525,595.51,38226390,2024-11-22,2024-11-22,61.6583,582.9072,534.8068,573.5137
2024-11-21,SPY,stock,593.4,595.12,587.45,593.67,46750285,2024-11-21,2024-11-21,59.9693,582.1596,534.2520,572.8405
2024-11-20,SPY,stock,590.38,590.79,584.63,590.5,50032576,2024-11-20,2024-11-20,56.9342,581.5253,533.7100,572.2141
2024-11-19,SPY,stock,584.71,591.045,584.03,590.3,49412046,2024-11-19,2024-11-19,56.7420,581.1548,533.1940,571.6904
2024-11-18,SPY,stock,586.22,589.49,585.34,588.15,37084081,2024-11-18,2024-11-18,54.7257,580.7661,532.6749,571.1534
2024-11-15,SPY,stock,589.72,590.2,583.86,585.75,75988766,2024-11-15,2024-11-15,52.4271,580.5607,532.1720,570.6814
2024-11-14,SPY,stock,597.32,597.81,592.65,593.35,38904109,2024-11-14,2024-11-14,61.6272,580.5841,531.6879,570.2872
2024-11-13,SPY,stock,597.37,599.23,594.96,597.19,47388640,2024-11-13,2024-11-13,67.1563,579.8172,531.1232,569.5696
2024-11-12,SPY,stock,598.68,599.29,594.37,596.9,43006128,2024-11-12,2024-11-12,66.9483,578.5692,530.5147,568.6674
2024-11-11,SPY,stock,599.81,600.17,597,598.76,37586773,2024-11-11,2024-11-11,69.5717,577.2200,529.9029,567.7401
2024-11-08,SPY,stock,596.17,599.64,596.165,598.19,46444893,2024-11-08,2024-11-08,69.2286,575.5349,529.2665,566.6997
2024-11-07,SPY,stock,593.08,596.65,592.9999,595.61,47233212,2024-11-07,2024-11-07,67.6976,573.7318,528.6293,565.6399
2024-11-06,SPY,stock,589.2,591.93,585.39,591.04,68181968,2024-11-06,2024-11-06,64.8186,572.0080,528.0114,564.6412
2024-11-05,SPY,stock,570.74,576.74,570.52,576.7,39478322,2024-11-05,2024-11-05,52.4772,570.5793,527.4329,563.7866
2024-11-04,SPY,stock,571.18,572.5,567.89,569.81,38216975,2024-11-04,2024-11-04,43.6596,570.4958,526.9913,563.4769
2024-11-01,SPY,stock,571.32,575.55,570.62,571.04,45667533,2024-11-01,2024-11-01,45.0450,571.1220,526.6138,563.4333
2024-10-31,SPY,stock,575.56,575.63,568.44,568.64,60182451,2024-10-31,2024-10-31,41.6926,571.6859,526.2203,563.3381
2024-10-30,SPY,stock,581.29,583.32,579.29,580.01,41435839,2024-10-30,2024-10-30,56.9854,572.5595,525.8468,563.3361
2024-10-29,SPY,stock,579.85,582.907,578.43,581.77,42899661,2024-10-29,2024-10-29,60.1570,572.3392,525.3563,562.8742
2024-10-28,SPY,stock,582.58,582.71,580.52,580.83,30174704,2024-10-28,2024-10-28,59.0261,571.9121,524.8433,562.3223
2024-10-25,SPY,stock,581.51,584.46,578.08,579.04,47268176,2024-10-25,2024-10-25,56.8608,571.5382,524.3346,561.7859
2024-10-24,SPY,stock,579.98,580.06,576.57,579.24,34979860,2024-10-24,2024-10-24,57.1742,571.3116,523.8385,561.3000
2024-10-23,SPY,stock,581.26,581.7086,574.415,577.99,49314574,2024-10-23,2024-10-23,55.7587,571.0402,523.3355,560.7861
2024-10-22,SPY,stock,581.05,584.5,580.38,583.32,34183835,2024-10-22,2024-10-22,64.1547,570.8707,522.8399,560.3019
2024-10-21,SPY,stock,583.85,584.85,580.6001,583.63,36439010,2024-10-21,2024-10-21,64.6807,570.1274,522.2862,559.5823
2024-10-18,SPY,stock,584.07,585.39,582.58,584.59,37416801,2024-10-18,2024-10-18,66.2424,569.2736,521.7239,558.8208
2024-10-17,SPY,stock,585.91,586.12,582.16,582.35,34393714,2024-10-17,2024-10-17,64.3789,568.2298,521.1463,557.9894
2024-10-16,SPY,stock,579.78,582.83,578.96,582.3,30725436,2024-10-16,2024-10-16,64.3381,567.3097,520.5853,557.2146
2024-10-15,SPY,stock,584.59,584.9,578.545,579.78,54203636,2024-10-15,2024-10-15,62.3179,566.2980,520.0191,556.4103
2024-10-14,SPY,stock,581.22,585.27,580.73,584.32,36217215,2024-10-14,2024-10-14,68.8418,565.4426,519.4723,555.6750
2024-10-11,SPY,stock,576.05,580.33,575.91,579.58,42267994,2024-10-11,2024-10-11,65.3223,564.0236,518.8748,554.7262
2024-10-10,SPY,stock,575.77,577.58,574.49,576.13,44138060,2024-10-10,2024-10-10,62.4561,562.9497,518.3185,553.9302
2024-10-09,SPY,stock,573.16,577.71,572.55,577.14,37912244,2024-10-09,2024-10-09,63.8917,562.1225,517.7910,553.2414
2024-10-08,SPY,stock,570.42,573.78,569.5299,573.17,37398693,2024-10-08,2024-10-08,60.5851,561.1029,517.2481,552.4835
2024-10-07,SPY,stock,571.3,571.9599,566.63,567.8,49964690,2024-10-07,2024-10-07,55.4623,560.3900,516.7393,551.8553
2024-10-04,SPY,stock,572.35,573.36,568.1,572.98,43005186,2024-10-04,2024-10-04,62.7697,560.1621,516.2788,551.4185
2024-10-03,SPY,stock,567.36,569.8025,565.49,567.82,40846466,2024-10-03,2024-10-03,57.6027,559.3700,515.7621,550.7545
2024-10-02,SPY,stock,567.71,569.9,565.27,568.86,38097798,2024-10-02,2024-10-02,59.1388,559.0326,515.2917,550.2721
2024-10-01,SPY,stock,573.4,574.0622,566,568.62,72668778,2024-10-01,2024-10-01,58.9040,558.5513,514.8061,549.7278
2024-09-30,SPY,stock,570.42,574.38,568.08,573.76,63655448,2024-09-30,2024-09-30,66.5050,558.0444,514.3180,549.1711
2024-09-27,SPY,stock,573.39,574.22,570.42,571.47,42100928,2024-09-27,2024-09-27,64.6160,556.9480,513.7739,548.3838
2024-09-26,SPY,stock,574.38,574.71,569.9,572.3,48336004,2024-09-26,2024-09-26,65.8662,555.9750,513.2471,547.6570
2024-09-25,SPY,stock,571.14,571.89,568.91,570.04,38428587,2024-09-25,2024-09-25,64.1105,554.8131,512.7067,546.8669
2024-09-24,SPY,stock,570.48,571.36,567.6,571.3,46805672,2024-09-24,2024-09-24,65.8643,553.7645,512.1834,546.1360
2024-09-23,SPY,stock,569.34,570.3325,568.1,569.67,44116922,2024-09-23,2024-09-23,64.7045,552.4742,511.6423,545.3243
2024-09-20,SPY,stock,567.84,569.31,565.17,568.25,77503110,2024-09-20,2024-09-20,63.7070,551.2181,511.1120,544.5454
2024-09-19,SPY,stock,571.01,572.88,568.08,570.98,75315470,2024-09-19,2024-09-19,64.8839,549.9778,510.5905,543.7921
2024-09-18,SPY,stock,563.74,568.69,560.83,561.4,59044937,2024-09-18,2024-09-18,57.8473,548.5046,510.0540,542.9684
2024-09-17,SPY,stock,565.1,566.58,560.795,563.07,49320970,2024-09-17,2024-09-17,59.7865,547.8723,509.6072,542.4973
2024-09-16,SPY,stock,561.74,563.11,559.9,562.84,36656122,2024-09-16,2024-09-16,59.6134,546.9999,509.1394,541.9396
2024-09-13,SPY,stock,559.71,563.03,559.45,562.01,39310501,2024-09-13,2024-09-13,59.0221,546.0596,508.6691,541.3685
2024-09-12,SPY,stock,555.01,559.4,552.74,559.09,51892735,2024-09-12,2024-09-12,56.9641,545.1065,508.2023,540.8075
2024-09-11,SPY,stock,548.7,555.36,539.96,554.42,75248608,2024-09-11,2024-09-11,53.4955,544.3568,507.7598,540.3413
2024-09-10,SPY,stock,548.36,549.15,543.38,548.79,36394579,2024-09-10,2024-09-10,48.8834,544.0137,507.3592,540.0443
2024-09-09,SPY,stock,544.65,547.71,542.68,546.41,40445822,2024-09-09,2024-09-09,46.8128,544.2198,507.0105,539.9622
2024-09-06,SPY,stock,549.94,551.6,539.44,540.36,68493805,2024-09-06,2024-09-06,41.1898,544.6951,506.6819,539.9727
2024-09-05,SPY,stock,550.89,553.7995,547.1,549.61,44264258,2024-09-05,2024-09-05,48.4640,545.8494,506.4101,540.2276
2024-09-04,SPY,stock,550.2,554.43,549.46,550.95,46232483,2024-09-04,2024-09-04,49.6434,546.1635,506.0437,540.1199
2024-09-03,SPY,stock,560.47,560.81,549.51,552.08,60600113,2024-09-03,2024-09-03,50.6077,546.3713,505.6604,539.9538
2024-08-30,SPY,stock,560.77,564.2,557.14,563.68,62700110,2024-08-30,2024-08-30,62.1079,546.4836,505.2619,539.7354
2024-08-29,SPY,stock,560.31,563.68,557.18,558.35,38715176,2024-08-29,2024-08-29,58.0396,545.4015,504.7443,539.0404
2024-08-28,SPY,stock,561.21,561.65,555.04,558.3,41066024,2024-08-28,2024-08-28,58.0003,544.7598,504.2744,538.5319
2024-08-27,SPY,stock,559.49,562.06,558.32,561.56,32693898,2024-08-27,2024-08-27,61.4849,544.0557,503.8003,538.0047
2024-08-26,SPY,stock,563.18,563.91,559.05,560.79,35788609,2024-08-26,2024-08-26,60.9706,542.9385,503.2891,537.3246
2024-08-23,SPY,stock,559.53,563.09,557.29,562.13,50639393,2024-08-23,2024-08-23,62.3153,541.7838,502.7803,536.6477
2024-08-22,SPY,stock,562.56,563.18,554.98,556.22,56121456,2024-08-22,2024-08-22,58.5737,540.3682,502.2532,535.8891
2024-08-21,SPY,stock,559.77,562.11,554.73,560.62,41514600,2024-08-21,2024-08-21,62.8904,539.4181,501.7794,535.3379
2024-08-20,SPY,stock,559.15,560.84,557.325,558.7,33732264,2024-08-20,2024-08-20,61.7481,537.9105,501.2572,534.5868
2024-08-19,SPY,stock,554.73,559.61,553.86,559.61,39121793,2024-08-19,2024-08-19,62.5961,536.4438,500.7488,533.8824
2024-08-16,SPY,stock,551.42,555.02,551.26,554.31,44430728,2024-08-16,2024-08-16,59.5953,534.7281,500.2262,533.1126
2024-08-15,SPY,stock,549.5,553.36,548.88,553.07,60846812,2024-08-15,2024-08-15,58.8785,533.3829,499.7510,532.5250
2024-08-14,SPY,stock,542.85,544.96,540.12,543.75,42446929,2024-08-14,2024-08-14,53.0682,532.0250,499.2834,531.9635
2024-08-13,SPY,stock,536.53,542.28,536.28,542.04,52333073,2024-08-13,2024-08-13,51.9106,531.4931,498.9035,531.7548
2024-08-12,SPY,stock,534.21,535.73,530.95,533.27,42542069,2024-08-12,2024-08-12,45.5095,531.0831,498.5369,531.6064
2024-08-09,SPY,stock,529.81,534.51,528.56,532.99,45619558,2024-08-09,2024-08-09,45.2936,531.5418,498.2536,531.8056
2024-08-08,SPY,stock,523.91,531.29,521.84,530.65,63276589,2024-08-08,2024-08-08,43.5584,532.0778,497.9702,532.0243
2024-08-07,SPY,stock,528.47,531.59,518.0519,518.66,70698340,2024-08-07,2024-08-07,33.5262,532.9135,497.7072,532.3462
2024-08-06,SPY,stock,519.22,529.75,517.87,522.15,84826312,2024-08-06,2024-08-06,35.2181,535.0839,497.5606,533.1646
2024-08-05,SPY,stock,511.64,523.58,510.27,517.38,146267391,2024-08-05,2024-08-05,30.7850,537.1198,497.3778,533.8757
2024-08-02,SPY,stock,535.75,536.99,528.6,532.9,82789070,2024-08-02,2024-08-02,38.8087,539.8660,497.2406,534.8081
2024-08-01,SPY,stock,552.57,554.8688,539.43,543.01,76428732,2024-08-01,2024-08-01,46.0722,541.2877,496.9480,535.1529
2024-07-31,SPY,stock,548.98,553.5,547.5799,550.81,65663388,2024-07-31,2024-07-31,53.2063,541.8078,496.5520,535.1042
2024-07-30,SPY,stock,546.26,547.34,538.515,542,46853632,2024-07-30,2024-07-30,44.1333,541.5717,496.0746,534.7390
2024-07-29,SPY,stock,546.02,547.05,542.72,544.76,39515824,2024-07-29,2024-07-29,46.7714,542.2267,495.6799,534.7141
2024-07-26,SPY,stock,542.28,547.19,541.49,544.44,53763788,2024-07-26,2024-07-26,46.4266,542.6637,495.2538,534.5769
2024-07-25,SPY,stock,541.35,547.455,537.45,538.41,61158288,2024-07-25,2024-07-25,39.5787,543.1800,494.8266,534.4471
2024-07-24,SPY,stock,548.86,549.17,540.29,541.23,74515266,2024-07-24,2024-07-24,41.9047,544.3776,494.4550,534.5550
2024-07-23,SPY,stock,554.54,556.735,553.275,553.78,34439561,2024-07-23,2024-07-23,55.3466,545.4081,494.0517,534.5536
2024-07-22,SPY,stock,553,555.27,551.02,554.65,43346720,2024-07-22,2024-07-22,56.5135,545.2422,493.5197,534.0463
2024-07-19,SPY,stock,552.42,554.08,547.91,548.99,65509081,2024-07-19,2024-07-19,50.1663,544.9683,492.9737,533.4831
2024-07-18,SPY,stock,558.51,559.52,550.43,552.66,56270392,2024-07-18,2024-07-18,54.9997,545.2542,492.4784,533.1252
2024-07-17,SPY,stock,558.8,560.51,556.61,556.94,57118956,2024-07-17,2024-07-17,61.4066,545.1885,491.9418,532.6046
2024-07-16,SPY,stock,562.865,565.16,562.1,564.86,36475260,2024-07-16,2024-07-16,76.7741,544.6709,491.3572,531.8903
2024-07-15,SPY,stock,562.03,564.8371,559.63,561.53,40584293,2024-07-15,2024-07-15,74.2590,543.2754,490.6881,530.8275
2024-07-12,SPY,stock,557.63,563.67,557.15,559.99,53084405,2024-07-12,2024-07-12,73.0037,542.0792,490.0454,529.8556
2024-07-11,SPY,stock,561.44,562.33,555.83,556.48,53054184,2024-07-11,2024-07-11,69.8965,540.9172,489.4115,528.9061
2024-07-10,SPY,stock,557.07,561.67,556.77,561.32,38701220,2024-07-10,2024-07-10,81.9777,539.9979,488.8061,528.0594
2024-07-09,SPY,stock,556.26,557.18,555.52,555.82,27314125,2024-07-09,2024-07-09,77.9575,538.4785,488.1465,526.9830
2024-07-08,SPY,stock,555.44,556.2501,554.19,555.28,36110451,2024-07-08,2024-07-08,77.4999,537.3710,487.5350,526.0844
2024-07-05,SPY,stock,551.77,555.05,551.12,554.64,41488389,2024-07-05,2024-07-05,76.9738,536.2032,486.9226,525.1708
2024-07-03,SPY,stock,548.69,551.83,548.65,551.46,32789911,2024-07-03,2024-07-03,74.1897,534.9789,486.3104,524.2458
2024-07-02,SPY,stock,543.7,549.01,543.65,549.01,40434792,2024-07-02,2024-07-02,71.7456,533.9564,485.7237,523.4112
2024-07-01,SPY,stock,545.63,545.88,542.52,545.34,40297810,2024-07-01,2024-07-01,67.4594,533.0810,485.1553,522.6414
2024-06-28,SPY,stock,547.16,550.28,542.95,544.22,76144535,2024-06-28,2024-06-28,65.9977,532.4950,484.6177,521.9880
2024-06-27,SPY,stock,545.37,546.96,544.61,546.37,35041480,2024-06-27,2024-06-27,71.7420,531.9638,484.0858,521.3532
2024-06-26,SPY,stock,543.69,546.24,543.03,545.51,38550637,2024-06-26,2024-06-26,70.7980,531.1531,483.5272,520.6058
2024-06-25,SPY,stock,543.99,545.2,542.44,544.83,38273346,2024-06-25,2024-06-25,70.0637,530.3465,482.9716,519.8625
2024-06-24,SPY,stock,544.33,546.95,542.62,542.74,45528654,2024-06-24,2024-06-24,67.7492,529.5257,482.4171,519.1163
2024-06-21,SPY,stock,544.4,545.65,543.02,544.51,64513859,2024-06-21,2024-06-21,72.1350,528.8358,481.8777,518.4239
2024-06-20,SPY,stock,549.44,550.12,545.18,547,70328226,2024-06-20,2024-06-20,73.9653,527.8892,481.3154,517.6319
2024-06-18,SPY,stock,547.16,548.62,546.73,548.49,41376417,2024-06-18,2024-06-18,77.6967,526.7673,480.7402,516.7782
2024-06-17,SPY,stock,542.08,548.53,541.6072,547.1,55839457,2024-06-17,2024-06-17,76.6775,525.3728,480.1445,515.8298
2024-06-14,SPY,stock,540.88,542.81,539.85,542.78,40089895,2024-06-14,2024-06-14,73.1344,523.9756,479.5565,514.8985
2024-06-13,SPY,stock,543.15,543.325,539.59,542.45,44760949,2024-06-13,2024-06-13,72.8418,522.8791,479.0054,514.1028
2024-06-12,SPY,stock,541.63,544.12,540.3,541.36,63251305,2024-06-12,2024-06-12,71.9031,521.7013,478.4520,513.2879
2024-06-11,SPY,stock,534.07,537.01,532.05,536.95,36383411,2024-06-11,2024-06-11,67.7100,520.5125,477.9039,512.4836
2024-06-10,SPY,stock,533.18,535.99,532.57,535.66,35729252,2024-06-10,2024-06-10,66.3457,519.6556,477.3938,511.8236
2024-06-07,SPY,stock,533.66,536.89,532.535,534.01,43224525,2024-06-07,2024-06-07,64.5678,518.8422,476.8914,511.1885
2024-06-06,SPY,stock,534.98,535.42,532.68,534.66,30808530,2024-06-06,2024-06-06,65.8402,518.1141,476.4003,510.5938
2024-06-05,SPY,stock,530.77,534.69,528.7254,534.67,47610365,2024-06-05,2024-06-05,65.8587,517.2421,475.8978,509.9487
2024-06-04,SPY,stock,526.46,529.15,524.96,528.39,34632661,2024-06-04,2024-06-04,59.1509,516.2772,475.3902,509.2769
2024-06-03,SPY,stock,529.02,529.31,522.6,527.8,46835702,2024-06-03,2024-06-03,58.4385,515.8617,474.9396,508.8300
2024-05-31,SPY,stock,523.59,527.5,518.36,527.37,90785755,2024-05-31,2024-05-31,57.9421,515.4635,474.4903,508.3886
2024-05-30,SPY,stock,524.52,525.2,521.33,522.61,46468510,2024-05-30,2024-05-30,52.0565,515.0679,474.0407,507.9465
2024-05-29,SPY,stock,525.68,527.31,525.37,526.1,45190323,2024-05-29,2024-05-29,57.5385,515.1241,473.6337,507.6776
2024-05-28,SPY,stock,530.27,530.51,527.11,529.81,36269602,2024-05-28,2024-05-28,64.2135,514.8244,473.1881,507.2575
2024-05-24,SPY,stock,527.85,530.27,526.881,529.44,41291076,2024-05-24,2024-05-24,63.8248,514.1088,472.7013,506.6711
2024-05-23,SPY,stock,532.96,533.07,524.72,525.96,57211197,2024-05-23,2024-05-23,60.0342,513.3561,472.2133,506.0757
2024-05-22,SPY,stock,530.65,531.38,527.6,529.83,48389968,2024-05-22,2024-05-22,67.3184,512.8849,471.7548,505.5958
2024-05-21,SPY,stock,529.28,531.52,529.07,531.36,33437001,2024-05-21,2024-05-21,70.4567,511.9630,471.2535,504.9408
2024-05-20,SPY,stock,529.57,531.5601,529.17,530.06,37764206,2024-05-20,2024-05-20,69.3285,510.7854,470.7319,504.1976
2024-05-17,SPY,stock,528.81,529.52,527.32,529.45,59187585,2024-05-17,2024-05-17,68.8096,509.6187,470.2179,503.4763
2024-05-16,SPY,stock,529.88,531.5218,528.54,528.69,50244827,2024-05-16,2024-05-16,68.1868,508.3924,469.7049,502.7501
2024-05-15,SPY,stock,525.83,530.08,525.18,529.78,59504897,2024-05-15,2024-05-15,70.0494,507.1157,469.1942,502.0247
2024-05-14,SPY,stock,521.11,523.83,520.56,523.3,57535867,2024-05-14,2024-05-14,64.7312,505.5917,468.6675,501.2260
2024-05-13,SPY,stock,522.56,522.67,519.74,520.91,36716361,2024-05-13,2024-05-13,62.4475,504.5788,468.1997,500.6551
2024-05-10,SPY,stock,521.81,522.635,519.59,520.84,52233171,2024-05-10,2024-05-10,62.3813,503.7070,467.7509,500.1569
2024-05-09,SPY,stock,517.38,520.2074,516.705,520.17,43643668,2024-05-09,2024-05-09,61.7821,502.7507,467.2982,499.6411
2024-05-08,SPY,stock,515.26,517.74,515.14,517.19,42047214,2024-05-08,2024-05-08,59.0908,501.7632,466.8476,499.1313
2024-05-07,SPY,stock,517.56,518.57,516.45,517.14,52561299,2024-05-07,2024-05-07,59.0459,500.9805,466.4220,498.7204
2024-05-06,SPY,stock,513.75,516.61,513.3,516.57,47264703,2024-05-06,2024-05-06,58.5641,500.1207,465.9925,498.2947
2024-05-03,SPY,stock,511.16,512.55,508.56,511.29,72756709,2024-05-03,2024-05-03,53.8995,499.2294,465.5644,497.8746
2024-05-02,SPY,stock,504.15,505.89,499.55,505.03,62550179,2024-05-02,2024-05-02,47.3777,498.7915,465.1843,497.6495
2024-05-01,SPY,stock,501.38,508.19,499.865,500.35,80242839,2024-05-01,2024-05-01,41.6470,498.9562,464.8623,497.6668
2024-04-30,SPY,stock,508.56,509.56,501.98,501.98,77483566,2024-04-30,2024-04-30,43.1674,499.6234,464.5833,497.8728
2024-04-29,SPY,stock,510.09,510.75,507.25,510.06,46415449,2024-04-29,2024-04-29,51.8863,500.1918,464.2854,498.0218
2024-04-26,SPY,stock,506.35,509.88,505.7,508.26,64306118,2024-04-26,2024-04-26,49.7884,499.9826,463.9046,497.8521
2024-04-25,SPY,stock,499.18,504.27,497.49,503.49,69122368,2024-04-25,2024-04-25,43.7534,499.9380,463.5377,497.7479
2024-04-24,SPY,stock,506.56,507.37,503.13,505.41,55928076,2024-04-24,2024-04-24,45.8114,500.3831,463.2144,497.8311
2024-04-23,SPY,stock,501.78,506.09,499.5328,505.65,64633620,2024-04-23,2024-04-23,46.0629,500.6760,462.8688,497.8405
2024-04-22,SPY,stock,497.83,502.38,495.43,499.72,67961048,2024-04-22,2024-04-22,38.2907,500.9749,462.5174,497.8406
2024-04-19,SPY,stock,499.44,500.455,493.86,495.16,102212587,2024-04-19,2024-04-19,31.2132,501.9198,462.2211,498.0791
2024-04-18,SPY,stock,501.98,504.13,498.56,499.52,74548085,2024-04-18,2024-04-18,34.7519,503.4368,461.9669,498.5105
2024-04-17,SPY,stock,506.05,506.22,499.12,500.55,75910305,2024-04-17,2024-04-17,35.6383,504.6615,461.6671,498.7844
2024-04-16,SPY,stock,504.94,506.5,502.21,503.53,73484020,2024-04-16,2024-04-16,38.2598,505.9085,461.3540,499.0280
2024-04-15,SPY,stock,515.13,515.3,503.58,504.45,92101447,2024-04-15,2024-04-15,39.0839,506.9779,461.0084,499.1618
2024-04-12,SPY,stock,514.37,515.815,509.08,510.85,92561094,2024-04-12,2024-04-12,45.4016,508.0644,460.6501,499.2641
2024-04-11,SPY,stock,515.68,519.48,512.08,518,70099007,2024-04-11,2024-04-11,54.5487,508.6021,460.2249,499.1134
2024-04-10,SPY,stock,513.48,516.16,512.09,514.12,82652806,2024-04-10,2024-04-10,49.4131,508.4554,459.7247,498.6692
2024-04-09,SPY,stock,520.5,520.75,514.35,519.32,67283576,2024-04-09,2024-04-09,57.4982,508.6954,459.2578,498.3629
2024-04-08,SPY,stock,519.15,520.18,517.89,518.72,47850048,2024-04-08,2024-04-08,56.7398,508.4217,458.7349,497.8350
2024-04-05,SPY,stock,514.46,520.44,514.01,518.43,73736571,2024-04-05,2024-04-05,56.3905,508.1814,458.2125,497.3097
2024-04-04,SPY,stock,523.52,523.8674,512.755,513.07,95643401,2024-04-04,2024-04-04,49.3763,507.9458,457.6879,496.7746
2024-04-03,SPY,stock,517.72,520.95,517.665,519.41,58385823,2024-04-03,2024-04-03,59.9707,508.2410,457.2109,496.4331
2024-04-02,SPY,stock,518.24,518.98,516.48,518.84,72924463,2024-04-02,2024-04-02,59.2406,507.9101,456.6665,495.8229
2024-04-01,SPY,stock,523.83,524.38,520.97,522.16,61182995,2024-04-01,2024-04-01,65.7241,507.6035,456.1222,495.2106
2024-03-28,SPY,stock,523.21,524.61,522.78,523.07,96294886,2024-03-28,2024-03-28,67.6073,506.9206,455.5396,494.4400
2024-03-27,SPY,stock,521.71,523.21,519.485,523.17,82999777,2024-03-27,2024-03-27,67.8056,506.0714,454.9421,493.6013
2024-03-26,SPY,stock,521.23,521.58,518.4,518.81,65463744,2024-03-26,2024-03-26,63.4686,505.1225,454.3377,492.7244
2024-03-25,SPY,stock,519.8,520.95,519.61,519.77,48512108,2024-03-25,2024-03-25,65.2662,504.5256,453.7703,491.9868
2024-03-22,SPY,stock,522.11,522.605,520.97,521.21,79070842,2024-03-22,2024-03-22,67.9467,503.7664,453.1877,491.1807
2024-03-21,SPY,stock,523.39,524.11,521.91,522.2,60256112,2024-03-21,2024-03-21,69.7762,502.7779,452.5850,490.2837
2024-03-20,SPY,stock,515.77,520.62,515.08,520.48,69594574,2024-03-20,2024-03-20,68.4037,501.5829,451.9664,489.3103
2024-03-19,SPY,stock,512.15,515.995,511.12,515.71,60755263,2024-03-19,2024-03-19,64.2196,500.4403,451.3587,488.3664
2024-03-18,SPY,stock,514,515.48,512.44,512.86,88893331,2024-03-18,2024-03-18,61.3824,499.6718,450.7920,487.5756
2024-03-15,SPY,stock,510.21,511.7,508.122,509.83,107646297,2024-03-15,2024-03-15,58.1026,499.1177,450.2479,486.8670
2024-03-14,SPY,stock,516.97,517.125,511.82,514.95,103493184,2024-03-14,2024-03-14,63.9518,498.8194,449.7282,486.2513
2024-03-13,SPY,stock,517.11,517.29,514.49,515.97,54438487,2024-03-13,2024-03-13,65.7297,498.1254,449.1686,485.4692
2024-03-12,SPY,stock,513.45,517.38,510.86,516.78,70833119,2024-03-12,2024-03-12,67.1054,497.2531,448.5933,484.6144
2024-03-11,SPY,stock,510.48,511.88,508.5,511.28,61872913,2024-03-11,2024-03-11,62.1047,496.2052,448.0042,483.6922
2024-03-08,SPY,stock,515.46,518.2201,511.13,511.72,86532535,2024-03-08,2024-03-08,62.8140,495.6152,447.4634,482.9527
2024-03-07,SPY,stock,513.14,515.89,509.8053,514.81,58652085,2024-03-07,2024-03-07,67.8693,494.9177,446.9129,482.1654
2024-03-06,SPY,stock,510.55,512.069,508.42,509.75,68382367,2024-03-06,2024-03-06,63.3890,493.8275,446.3263,481.2222
2024-03-05,SPY,stock,510.24,510.7,504.91,507.18,72855623,2024-03-05,2024-03-05,60.8119,493.1454,445.7838,480.4431
2024-03-04,SPY,stock,512.03,514.2,512,512.3,49799257,2024-03-04,2024-03-04,69.9164,492.6569,445.2612,479.7353
2024-03-01,SPY,stock,508.98,513.29,508.56,512.85,76844844,2024-03-01,2024-03-01,70.9763,491.5880,444.6828,478.7934
2024-02-29,SPY,stock,508.07,509.74,505.35,508.08,83924795,2024-02-29,2024-02-29,66.9400,490.3499,444.0931,477.7911
2024-02-28,SPY,stock,505.33,506.855,504.96,506.26,56506634,2024-02-28,2024-02-28,65.2267,489.4742,443.5446,476.9389
2024-02-27,SPY,stock,506.7,507.16,504.75,506.93,48854528,2024-02-27,2024-02-27,66.4031,488.6943,443.0086,476.1249
2024-02-26,SPY,stock,508.3,508.75,505.86,505.99,50386738,2024-02-26,2024-02-26,65.5947,487.7631,442.4605,475.2508
2024-02-23,SPY,stock,509.27,510.13,507.1,507.85,61321818,2024-02-23,2024-02-23,68.6288,486.8311,441.9162,474.3787
2024-02-22,SPY,stock,504.01,508.49,503.02,507.5,76402535,2024-02-22,2024-02-22,68.3731,485.6087,441.3481,473.3964
2024-02-21,SPY,stock,495.42,497.37,493.56,497.21,59603771,2024-02-21,2024-02-21,59.3255,484.2938,440.7777,472.3881
2024-02-20,SPY,stock,497.72,498.41,494.45,496.76,71736740,2024-02-20,2024-02-20,58.8474,483.9037,440.3031,471.7509
2024-02-16,SPY,stock,501.7,502.87,498.75,499.51,75532928,2024-02-16,2024-02-16,63.0528,483.5189,439.8282,471.1057
2024-02-15,SPY,stock,499.29,502.2,498.795,502.01,61682960,2024-02-15,2024-02-15,67.1007,482.8096,439.3214,470.3239
2024-02-14,SPY,stock,496.79,499.07,494.4,498.57,68387827,2024-02-14,2024-02-14,64.1609,481.7673,438.7848,469.4102
2024-02-13,SPY,stock,494.53,497.09,490.715,494.08,113099199,2024-02-13,2024-02-13,59.8081,480.9706,438.2768,468.5969
2024-02-12,SPY,stock,501.17,503.5,500.24,500.98,56502283,2024-02-12,2024-02-12,72.3468,480.5540,437.8079,467.9303
2024-02-09,SPY,stock,498.84,501.65,498.49,501.2,63979375,2024-02-09,2024-02-09,72.7986,479.3807,437.2663,466.9601
2024-02-08,SPY,stock,498.1,498.71,497.26,498.32,52343636,2024-02-08,2024-02-08,70.5638,478.0611,436.7170,465.9414
2024-02-07,SPY,stock,496.29,498.53,495.36,498.1,70556506,2024-02-07,2024-02-07,70.3912,476.9002,436.1906,464.9966
2024-02-06,SPY,stock,493.52,494.32,492.05,493.98,55918602,2024-02-06,2024-02-06,67.0304,475.6398,435.6612,464.0220
2024-02-05,SPY,stock,493.695,494.3778,490.23,492.55,75757102,2024-02-05,2024-02-05,65.7784,474.6724,435.1670,463.1727
2024-02-02,SPY,stock,489.65,496.05,489.3,494.35,99228192,2024-02-02,2024-02-02,68.8335,473.7509,434.6820,462.3460
2024-02-01,SPY,stock,484.63,489.23,483.8,489.2,91891637,2024-02-01,2024-02-01,64.4465,472.5464,434.1743,461.4135
2024-01-31,SPY,stock,488.62,489.0813,482.86,482.88,126011062,2024-01-31,2024-01-31,57.6542,471.7472,433.7124,460.6492
2024-01-30,SPY,stock,490.56,491.62,490.11,490.89,58618386,2024-01-30,2024-01-30,74.3766,471.5169,433.3081,460.1069
2024-01-29,SPY,stock,487.73,491.415,487.17,491.27,61322751,2024-01-29,2024-01-29,75.3393,470.4347,432.8208,459.2215
2024-01-26,SPY,stock,487.59,489.12,486.54,487.41,76641609,2024-01-26,2024-01-26,71.9101,469.1993,432.3248,458.2848
2024-01-25,SPY,stock,487.575,488.305,485.39,488.03,72524989,2024-01-25,2024-01-25,73.4331,468.2327,431.8619,457.4645
2024-01-24,SPY,stock,487.81,488.77,484.8819,485.39,80222006,2024-01-24,2024-01-24,71.0051,467.1004,431.3883,456.5859
2024-01-23,SPY,stock,484.01,485.105,482.89,484.86,49945297,2024-01-23,2024-01-23,70.5025,466.1215,430.9359,455.7772
2024-01-22,SPY,stock,484.01,485.22,482.78,483.45,75844931,2024-01-22,2024-01-22,69.1830,465.0944,430.4842,454.9567
2024-01-19,SPY,stock,477.65,482.72,476.5374,482.43,110834483,2024-01-19,2024-01-19,68.2283,464.1048,430.0419,454.1592
2024-01-18,SPY,stock,474.01,477.06,472.42,476.49,91856248,2024-01-18,2024-01-18,61.8348,463.1165,429.6052,453.3701
2024-01-17,SPY,stock,471.82,472.79,469.87,472.29,68843871,2024-01-17,2024-01-17,56.0246,462.6377,429.2227,452.7866
2024-01-16,SPY,stock,475.26,476.6098,473.06,474.93,85014870,2024-01-16,2024-01-16,61.4882,462.5426,428.8778,452.3476
2024-01-12,SPY,stock,477.84,478.6,475.23,476.68,58026420,2024-01-12,2024-01-12,65.4150,462.1646,428.5033,451.7850
2024-01-11,SPY,stock,477.59,478.12,472.26,476.35,77940723,2024-01-11,2024-01-11,65.0239,461.5661,428.1079,451.1292
2024-01-10,SPY,stock,474.16,477.4481,473.87,476.56,67310640,2024-01-10,2024-01-10,65.4613,460.9386,427.7117,450.4599
2024-01-09,SPY,stock,471.87,474.93,471.35,473.88,65931439,2024-01-09,2024-01-09,62.4693,460.2234,427.3095,449.7549
2024-01-08,SPY,stock,468.43,474.75,468.3,474.6,74879074,2024-01-08,2024-01-08,63.8491,459.7098,426.9297,449.1285
2024-01-05,SPY,stock,467.49,470.44,466.43,467.92,85553758,2024-01-05,2024-01-05,55.3532,459.0678,426.5389,448.4476
2024-01-04,SPY,stock,468.3,470.96,467.05,467.28,84232169,2024-01-04,2024-01-04,54.3998,459.0483,426.2101,448.0066
2024-01-03,SPY,stock,470.43,471.19,468.17,468.79,103585866,2024-01-03,2024-01-03,57.0698,459.0929,425.8843,447.5732
2024-01-02,SPY,stock,472.16,473.67,470.49,472.65,123007793,2024-01-02,2024-01-02,64.5952,458.9861,425.5404,447.0616
2023-12-29,SPY,stock,476.49,477.03,473.3,475.31,122283149,2023-12-29,2023-12-29,70.5480,458.4694,425.1549,446.3745
2023-12-28,SPY,stock,476.88,477.55,476.26,476.69,77158116,2023-12-28,2023-12-28,73.8255,457.6234,424.7393,445.5528
2023-12-27,SPY,stock,475.44,476.66,474.89,476.51,63874396,2023-12-27,2023-12-27,73.6774,456.5458,424.3060,444.6423
2023-12-26,SPY,stock,474.07,476.58,473.99,475.65,55386952,2023-12-26,2023-12-26,72.9996,455.3734,423.8700,443.7018
2023-12-22,SPY,stock,473.86,475.38,471.7,473.65,67160419,2023-12-22,2023-12-22,71.4097,454.1664,423.4381,442.7574
2023-12-21,SPY,stock,471.33,472.975,468.84,472.7,86667465,2023-12-21,2023-12-21,70.6473,453.0390,423.0217,441.8546
2023-12-20,SPY,stock,473.96,475.895,467.82,468.26,102920959,2023-12-20,2023-12-20,66.8062,451.8911,422.6104,440.9530
2023-12-19,SPY,stock,472.53,474.92,472.45,474.84,52024922,2023-12-19,2023-12-19,81.4792,451.0810,422.2388,440.1924
2023-12-18,SPY,stock,470.98,472.98,469.8929,471.97,70375285,2023-12-18,2023-12-18,79.6708,449.5059,421.7985,439.1372
2023-12-15,SPY,stock,469.49,470.7,467.4263,469.33,141553673,2023-12-15,2023-12-15,77.8211,448.0614,421.3821,438.1539
2023-12-14,SPY,stock,472.5,473.73,469.25,472.01,119026049,2023-12-14,2023-12-14,79.7894,446.7377,420.9876,437.2362
2023-12-13,SPY,stock,464.49,470.7599,464.12,470.5,93277960,2023-12-13,2023-12-13,78.8188,445.1950,420.5815,436.2502
2023-12-12,SPY,stock,461.63,464.2,460.6,464.1,68327617,2023-12-12,2023-12-12,73.8824,443.6453,420.1862,435.2842
2023-12-11,SPY,stock,459.69,462.17,459.47,461.99,65002247,2023-12-11,2023-12-11,71.8759,442.5910,419.8498,434.5341
2023-12-08,SPY,stock,457.46,460.745,457.21,460.2,83194404,2023-12-08,2023-12-08,70.0641,441.6428,419.5307,433.8376
2023-12-07,SPY,stock,456.91,458.9,456.29,458.23,66995446,2023-12-07,2023-12-07,67.9544,440.7790,419.2260,433.1841
2023-12-06,SPY,stock,458.81,458.84,454.31,454.76,67701116,2023-12-06,2023-12-06,63.7794,440.0270,418.9375,432.5825
2023-12-05,SPY,stock,455.26,457.59,454.87,456.6,69793469,2023-12-05,2023-12-05,68.1513,439.5528,418.6803,432.0948
2023-12-04,SPY,stock,455.6,459.1206,454.34,456.69,72430888,2023-12-04,2023-12-04,68.3641,438.8394,418.4024,431.5138
2023-12-01,SPY,stock,455.77,459.65,455.16,459.1,89183400,2023-12-01,2023-12-01,74.1199,438.0417,418.1209,430.9054
2023-11-30,SPY,stock,455.48,456.76,453.34,456.4,79752700,2023-11-30,2023-11-30,71.6356,436.9120,417.8128,430.1761
2023-11-29,SPY,stock,457.15,458.32,454.2,454.61,63145992,2023-11-29,2023-11-29,69.8541,435.9412,417.5282,429.5247
2023-11-28,SPY,stock,454.08,456.27,453.5,454.93,62115011,2023-11-28,2023-11-28,70.5901,435.0524,417.2583,428.9182
2023-11-27,SPY,stock,454.65,455.4901,454.0799,454.48,50505985,2023-11-27,2023-11-27,70.1798,434.0371,416.9825,428.2742
2023-11-24,SPY,stock,455.07,455.5,454.73,455.3,29737375,2023-11-24,2023-11-24,71.8764,432.9613,416.7084,427.6218
2023-11-22,SPY,stock,454.98,456.38,453.8895,455.02,59446573,2023-11-22,2023-11-22,71.6591,431.6878,416.4234,426.9100
2023-11-21,SPY,stock,453.1842,454.131,451.9599,453.27,49244639,2023-11-21,2023-11-21,70.3290,430.3091,416.1384,426.1804
2023-11-20,SPY,stock,450.53,455.125,450.52,454.26,70055633,2023-11-20,2023-11-20,72.1067,428.9654,415.8677,425.4909
2023-11-17,SPY,stock,450.24,451.42,449.29,450.79,83193902,2023-11-17,2023-11-17,69.6063,427.3783,415.5845,424.7336
2023-11-16,SPY,stock,449.22,450.56,448.12,450.23,66665797,2023-11-16,2023-11-16,69.1924,425.9812,415.3326,424.0840
2023-11-15,SPY,stock,450.11,451.38,448.8,449.68,77327573,2023-11-15,2023-11-15,68.8050,424.4946,415.0836,423.4301
2023-11-14,SPY,stock,446.32,450.06,446.09,448.73,97176935,2023-11-14,2023-11-14,68.1630,422.9082,414.8376,422.7715
2023-11-13,SPY,stock,439.23,441.33,438.42,440.19,52236068,2023-11-13,2023-11-13,61.5581,421.2526,414.5984,422.1240
2023-11-10,SPY,stock,435.98,440.93,433.8335,440.61,89558054,2023-11-10,2023-11-10,62.1469,420.3014,414.4407,421.7907
2023-11-09,SPY,stock,438.43,438.47,433.4,433.84,83174417,2023-11-09,2023-11-09,55.8224,419.2068,414.2773,421.4271
2023-11-08,SPY,stock,437.55,438.09,434.87,437.25,61746027,2023-11-08,2023-11-08,60.5545,418.6936,414.1787,421.3187
2023-11-07,SPY,stock,435.69,437.585,434.51,436.93,64256114,2023-11-07,2023-11-07,60.2609,417.7756,414.0457,421.0699
2023-11-06,SPY,stock,435.47,436.1498,433.68,435.69,67831660,2023-11-06,2023-11-06,59.1675,416.7938,413.9145,420.8236
2023-11-03,SPY,stock,433.14,436.29,433.01,434.69,100167775,2023-11-03,2023-11-03,58.3085,415.8363,413.7941,420.6168
2023-11-02,SPY,stock,426.58,430.915,426.56,430.76,94938909,2023-11-02,2023-11-02,54.8417,414.8809,413.6824,420.4415
2023-11-01,SPY,stock,419.2,423.5,418.6499,422.66,98068115,2023-11-01,2023-11-01,46.2948,414.2292,413.6081,420.4158
2023-10-31,SPY,stock,416.18,418.53,414.21,418.2,79665150,2023-10-31,2023-10-31,40.5410,414.3425,413.6127,420.7122
2023-10-30,SPY,stock,413.56,416.68,412.22,415.59,86562675,2023-10-30,2023-10-30,36.8654,414.9266,413.6611,421.1987
2023-10-27,SPY,stock,414.19,414.6,409.21,410.68,107367671,2023-10-27,2023-10-27,29.2225,415.8407,413.7357,421.8091
2023-10-26,SPY,stock,416.45,417.325,411.6,412.55,115156761,2023-10-26,2023-10-26,30.5295,417.3563,413.8592,422.6404
2023-10-25,SPY,stock,421.89,421.92,417.015,417.55,94223198,2023-10-25,2023-10-25,34.3433,418.8390,413.9656,423.4310
2023-10-24,SPY,stock,422.65,424.82,420.74,423.63,78564239,2023-10-24,2023-10-24,39.9831,419.9632,414.0240,424.0544
2023-10-23,SPY,stock,419.61,424.45,417.8,420.46,92035095,2023-10-23,2023-10-23,34.7993,420.5803,414.0232,424.4606
2023-10-20,SPY,stock,425.98,426.54,421.08,421.19,123919874,2023-10-20,2023-10-20,35.4541,421.5884,414.0536,425.0099
2023-10-19,SPY,stock,430.95,432.82,425.725,426.43,121322957,2023-10-19,2023-10-19,40.5385,422.6276,414.0771,425.5525
2023-10-18,SPY,stock,434.19,435.18,429.09,430.21,93559798,2023-10-18,2023-10-18,44.8465,423.2369,414.0493,425.9082
2023-10-17,SPY,stock,432.81,438.14,432.45,436.02,75324708,2023-10-17,2023-10-17,52.8646,423.5215,413.9842,426.1276
2023-10-16,SPY,stock,433.82,437.14,433.57,436.04,75433194,2023-10-16,2023-10-16,52.8948,423.2382,413.8613,426.1241
2023-10-13,SPY,stock,435.21,436.45,429.88,431.5,95201132,2023-10-13,2023-10-13,46.4390,422.9230,413.7369,426.1197
2023-10-12,SPY,stock,436.95,437.335,431.23,433.66,81154230,2023-10-12,2023-10-12,49.4320,423.0418,413.6559,426.2962
2023-10-11,SPY,stock,435.64,436.58,433.18,436.32,62451736,2023-10-11,2023-10-11,53.3650,422.9508,413.5529,426.3938
2023-10-10,SPY,stock,432.94,437.22,432.53,434.54,78607268,2023-10-10,2023-10-10,50.9395,422.5766,413.4227,426.3892
2023-10-09,SPY,stock,427.58,432.88,427.0101,432.29,80374362,2023-10-09,2023-10-09,47.7498,422.3461,413.3087,426.4554
2023-10-06,SPY,stock,421.97,431.125,420.6,429.54,113273309,2023-10-06,2023-10-06,43.5872,422.3229,413.2157,426.6141
2023-10-05,SPY,stock,424.36,425.37,421.1701,424.5,70142744,2023-10-05,2023-10-05,34.7394,422.5802,413.1487,426.8891
2023-10-04,SPY,stock,422.07,425.4299,420.56,424.66,87452968,2023-10-04,2023-10-04,34.9008,423.3832,413.1306,427.3763
2023-10-03,SPY,stock,425.06,427.3729,420.18,421.59,103760607,2023-10-03,2023-10-03,29.0272,424.2542,413.1107,427.8770
2023-10-02,SPY,stock,426.62,428.6,424.46,427.31,83798599,2023-10-02,2023-10-02,34.3964,425.5328,413.1208,428.5207
2023-09-29,SPY,stock,431.67,431.85,425.91,427.48,115111319,2023-09-29,2023-09-29,34.5729,426.3574,413.0748,428.9624
2023-09-28,SPY,stock,425.48,430.2499,424.87,428.52,92258308,2023-09-28,2023-09-28,35.6109,427.2514,413.0267,429.4153
2023-09-27,SPY,stock,427.09,427.67,422.29,426.05,104705847,2023-09-27,2023-09-27,31.0454,428.1324,412.9678,429.8453
2023-09-26,SPY,stock,429.09,429.82,425.02,425.88,96168436,2023-09-26,2023-09-26,30.7315,429.3603,412.9326,430.3913
2023-09-25,SPY,stock,429.17,432.27,428.72,432.23,70874534,2023-09-25,2023-09-25,36.4934,430.7350,412.8988,430.9665
2023-09-22,SPY,stock,432.45,434.1,429.99,430.42,100829684,2023-09-22,2023-09-22,33.1773,431.6010,412.8022,431.3117
2023-09-21,SPY,stock,435.7,435.97,431.23,431.39,104095826,2023-09-21,2023-09-21,34.0624,432.7444,412.7225,431.7432
2023-09-20,SPY,stock,444.01,444.435,438.43,438.64,82562602,2023-09-20,2023-09-20,41.8023,433.9083,412.6324,432.1537
2023-09-19,SPY,stock,442.68,443.29,439.94,442.71,66514648,2023-09-19,2023-09-19,47.4191,434.4488,412.4701,432.2917
2023-09-18,SPY,stock,443.05,444.97,442.56,443.63,55752213,2023-09-18,2023-09-18,48.7953,434.6274,412.2663,432.2728
2023-09-15,SPY,stock,447.14,447.48,442.92,443.37,111848859,2023-09-15,2023-09-15,48.4023,434.7301,412.0514,432.2166
2023-09-14,SPY,stock,449.07,451.08,447.715,450.36,83430814,2023-09-14,2023-09-14,56.7879,434.8703,411.8368,432.1684
2023-09-13,SPY,stock,446.22,447.71,445.0793,446.51,60199272,2023-09-13,2023-09-13,51.1975,434.4710,411.5672,431.9032
2023-09-12,SPY,stock,446.95,448.53,445.39,445.99,67565422,2023-09-12,2023-09-12,50.3926,434.4244,411.3326,431.7804
2023-09-11,SPY,stock,448.24,448.77,446.4699,448.45,60180118,2023-09-11,2023-09-11,54.3288,434.4262,411.1007,431.6731
2023-09-08,SPY,stock,444.9,447.11,444.53,445.52,62068437,2023-09-08,2023-09-08,50.0102,434.1759,410.8423,431.4637
2023-09-07,SPY,stock,443.11,445.55,442.75,444.85,70355426,2023-09-07,2023-09-07,48.9860,434.1997,410.6101,431.3623
2023-09-06,SPY,stock,448.4,448.51,443.81,446.22,70758512,2023-09-06,2023-09-06,50.9688,434.2947,410.3821,431.2833
2023-09-05,SPY,stock,450.73,451.06,449.17,449.24,55166210,2023-09-05,2023-09-05,55.5734,434.2593,410.1384,431.1466
2023-09-01,SPY,stock,453.17,453.67,449.68,451.19,58944098,2023-09-01,2023-09-01,58.7559,433.9105,409.8627,430.8843
2023-08-31,SPY,stock,451.65,452.83,450.16,450.35,66084563,2023-08-31,2023-08-31,57.7890,433.3250,409.5651,430.5338
2023-08-30,SPY,stock,449.51,451.67,448.78,451.01,69053911,2023-08-30,2023-08-30,58.7947,432.7640,409.2727,430.2023
2023-08-29,SPY,stock,442.65,449.45,442.46,449.16,83081916,2023-08-29,2023-08-29,56.8397,432.0764,408.9710,429.8311
2023-08-28,SPY,stock,442.24,443.4,439.9728,442.76,61595393,2023-08-28,2023-08-28,49.0790,431.5060,408.6843,429.5183
2023-08-25,SPY,stock,438.68,441.3,435,439.97,102325103,2023-08-25,2023-08-25,45.0817,431.5317,408.4574,429.4472
2023-08-24,SPY,stock,444.69,445.22,436.855,436.89,88517272,2023-08-24,2023-08-24,40.2756,431.8462,408.2555,429.4840
2023-08-23,SPY,stock,439.25,443.67,439.1,443.03,68441021,2023-08-23,2023-08-23,48.0614,432.5096,408.0818,429.6449
2023-08-22,SPY,stock,441.18,441.18,437.57,438.15,65062861,2023-08-22,2023-08-22,39.4183,432.6134,407.8462,429.5681
2023-08-21,SPY,stock,437.55,440.11,435.32,439.34,68718957,2023-08-21,2023-08-21,40.9617,433.2283,407.6560,429.6823
2023-08-18,SPY,stock,433.37,437.57,433.01,436.5,98851960,2023-08-18,2023-08-18,35.3520,433.7860,407.4522,429.7538
2023-08-17,SPY,stock,441.16,441.43,435.75,436.29,95711315,2023-08-17,2023-08-17,34.9274,434.6936,407.2742,429.9412
2023-08-16,SPY,stock,442.46,444.18,439.53,439.64,80107206,2023-08-16,2023-08-16,38.6912,435.7183,407.0964,430.1445
2023-08-15,SPY,stock,446.27,446.64,442.3,442.89,75707534,2023-08-15,2023-08-15,42.8510,436.5074,406.8841,430.2230
2023-08-14,SPY,stock,444.7,448.11,444.38,448.11,47867441,2023-08-14,2023-08-14,51.0342,437.0462,406.6379,430.1754
2023-08-11,SPY,stock,443.97,446.7007,443.345,445.65,68690902,2023-08-11,2023-08-11,46.5690,437.1066,406.3380,429.9184
2023-08-10,SPY,stock,448.19,451.7,444.7,445.91,93005495,2023-08-10,2023-08-10,46.9896,437.4256,406.0592,429.7487
2023-08-09,SPY,stock,449.03,449.1999,444.96,445.75,78789575,2023-08-09,2023-08-09,46.7146,437.7515,405.7751,429.5617
2023-08-08,SPY,stock,448.08,450.6952,445.2705,448.75,71361324,2023-08-08,2023-08-08,51.3521,438.1281,405.4897,429.3735
2023-08-07,SPY,stock,448.71,450.865,447.99,450.71,58357464,2023-08-07,2023-08-07,54.6430,438.2368,405.1721,429.0583
2023-08-04,SPY,stock,450.72,452.895,446.27,446.81,100128902,2023-08-04,2023-08-04,48.5510,438.1560,404.8320,428.6523
2023-08-03,SPY,stock,448.04,450.79,447.37,448.84,64419692,2023-08-03,2023-08-03,51.9216,438.4665,404.5268,428.3848
2023-08-02,SPY,stock,453.25,453.52,449.3499,450.13,93933369,2023-08-02,2023-08-02,54.1395,438.6015,404.1985,428.0257
2023-08-01,SPY,stock,456.27,457.25,455.49,456.48,55502199,2023-08-01,2023-08-01,67.2746,438.6185,403.8544,427.6006
2023-07-31,SPY,stock,457.41,458.16,456.045,457.79,62040449,2023-07-31,2023-07-31,70.5537,437.9863,403.4447,426.9057
2023-07-28,SPY,stock,455.88,457.78,452.4918,456.92,80011790,2023-07-28,2023-07-28,69.6412,437.1531,403.0180,426.1304
2023-07-27,SPY,stock,459.02,459.44,451.55,452.49,92194375,2023-07-27,2023-07-27,64.4291,436.3215,402.5955,425.3580
2023-07-26,SPY,stock,454.47,456.99,453.38,455.51,71052885,2023-07-26,2023-07-26,72.2850,435.8566,402.2121,424.7302
2023-07-25,SPY,stock,453.92,456.735,453.87,455.44,55191240,2023-07-25,2023-07-25,72.2120,435.0330,401.7954,423.9568
2023-07-24,SPY,stock,453.37,455.04,452.298,454.2,54023382,2023-07-24,2023-07-24,70.9549,434.1300,401.3751,423.1545
2023-07-21,SPY,stock,453.96,454.165,452.17,452.18,71275618,2023-07-21,2023-07-21,68.8213,433.2590,400.9628,422.3688
2023-07-20,SPY,stock,454.17,455.1,451.44,452.18,70591642,2023-07-20,2023-07-20,68.8213,432.5034,400.5660,421.6313
2023-07-19,SPY,stock,455.01,456.43,454.1119,455.2,65891688,2023-07-19,2023-07-19,76.0201,431.6684,400.1653,420.8638
2023-07-18,SPY,stock,450.5,454.86,450.0484,454.19,80744448,2023-07-18,2023-07-18,75.2150,430.4357,399.7310,419.9448
2023-07-17,SPY,stock,449.13,451.93,449.08,450.84,52680221,2023-07-17,2023-07-17,72.3565,429.1769,399.3022,419.0285
2023-07-14,SPY,stock,450.475,451.36,448.49,449.28,69815823,2023-07-14,2023-07-14,70.9055,428.1291,398.9020,418.2080
2023-07-13,SPY,stock,447.9,450.38,447.45,449.56,72425241,2023-07-13,2023-07-13,71.5313,427.1309,398.5129,417.4160
2023-07-12,SPY,stock,446.39,447.4799,444.91,446.02,91924527,2023-07-12,2023-07-12,68.2408,425.9989,398.1172,416.5805
2023-07-11,SPY,stock,440.45,442.97,439.44,442.46,64463752,2023-07-11,2023-07-11,64.3981,425.1107,397.7522,415.8517
2023-07-10,SPY,stock,438.18,439.84,437.585,439.66,62443501,2023-07-10,2023-07-10,60.9472,424.4940,397.4184,415.2347
2023-07-07,SPY,stock,438.63,442.64,438.3,438.55,86134178,2023-07-07,2023-07-07,59.5022,424.0995,397.1086,414.7038
2023-07-06,SPY,stock,439.42,440.1,437.06,439.66,80658302,2023-07-06,2023-07-06,61.6194,423.7773,396.8065,414.1953
2023-07-05,SPY,stock,441.91,443.889,441.9,443.13,58418432,2023-07-05,2023-07-05,68.7169,423.3073,396.4906,413.6220
2023-07-03,SPY,stock,442.92,444.08,442.63,443.79,32793378,2023-07-03,2023-07-03,70.1438,422.4321,396.1375,412.8873
2023-06-30,SPY,stock,441.44,444.3,441.11,443.28,104964019,2023-06-30,2023-06-30,69.6923,421.3971,395.7744,412.0964
2023-06-29,SPY,stock,435.96,438.28,435.54,438.11,67882304,2023-06-29,2023-06-29,64.6607,420.3055,395.4127,411.2935
2023-06-28,SPY,stock,435.05,437.44,434.41,436.39,75635976,2023-06-28,2023-06-28,62.7503,419.6290,395.0979,410.6633
2023-06-27,SPY,stock,432.35,436.81,431.88,436.17,72813699,2023-06-27,2023-06-27,62.5096,419.0577,394.7968,410.0758
2023-06-26,SPY,stock,432.62,434.61,431.19,431.44,72823560,2023-06-26,2023-06-26,56.9566,418.4487,394.4949,409.4731
2023-06-23,SPY,stock,432.93,435.06,432.47,433.21,92074537,2023-06-23,2023-06-23,60.0471,418.2607,394.2362,409.0338
2023-06-22,SPY,stock,433.95,436.62,433.6,436.51,70637175,2023-06-22,2023-06-22,66.2726,417.8713,393.9575,408.5063
2023-06-21,SPY,stock,436.16,436.99,434.33,434.94,76982251,2023-06-21,2023-06-21,64.6537,417.1027,393.6438,407.8260
2023-06-20,SPY,stock,437.45,438.37,435.03,437.18,76160359,2023-06-20,2023-06-20,69.0445,416.4141,393.3423,407.1803
2023-06-16,SPY,stock,443.02,443.6078,438.97,439.46,114165849,2023-06-16,2023-06-16,73.7802,415.4233,393.0158,406.4193
2023-06-15,SPY,stock,436.33,443.9,436.23,442.6,110303091,2023-06-15,2023-06-15,76.9981,414.0945,392.6638,405.5365
2023-06-14,SPY,stock,437.01,439.0612,433.59,437.18,100612080,2023-06-14,2023-06-14,73.0601,412.4724,392.2935,404.5582
2023-06-13,SPY,stock,435.32,437.33,434.63,436.66,95899704,2023-06-13,2023-06-13,72.6429,411.2332,391.9724,403.7547
2023-06-12,SPY,stock,430.92,433.88,430.17,433.8,76256703,2023-06-12,2023-06-12,70.2930,409.9167,391.6531,402.9390
2023-06-09,SPY,stock,429.96,431.99,428.87,429.9,85647268,2023-06-09,2023-06-09,66.6676,408.7538,391.3585,402.2032
2023-06-08,SPY,stock,426.62,429.6,425.82,429.13,61952842,2023-06-08,2023-06-08,65.9048,407.8668,391.0990,401.5919
2023-06-07,SPY,stock,428.44,429.62,426.11,426.55,85373275,2023-06-07,2023-06-07,63.2909,406.9651,390.8444,400.9862
2023-06-06,SPY,stock,426.67,428.5772,425.99,428.03,64022175,2023-06-06,2023-06-06,65.9855,406.2321,390.6124,400.4579
2023-06-05,SPY,stock,428.28,429.62,426.37,427.1,65460158,2023-06-05,2023-06-05,65.1190,405.2707,390.3636,399.8494
2023-06-02,SPY,stock,424.5,428.74,423.95,427.92,91426171,2023-06-02,2023-06-02,66.5062,404.3031,390.1214,399.2530
2023-06-01,SPY,stock,418.09,422.92,416.79,421.82,88865018,2023-06-01,2023-06-01,60.7274,403.1499,389.8688,398.5997
2023-05-31,SPY,stock,418.28,419.22,416.22,417.85,106350372,2023-05-31,2023-05-31,56.1559,402.4984,389.6731,398.1613
2023-05-30,SPY,stock,422.03,422.58,418.735,420.18,72215960,2023-05-30,2023-05-30,59.9596,402.1839,389.5142,397.8623
2023-05-26,SPY,stock,415.33,420.77,415.25,420.02,93829975,2023-05-26,2023-05-26,59.7859,401.5982,389.3309,397.4589
2023-05-25,SPY,stock,414.74,416.16,412.4101,414.65,90961606,2023-05-25,2023-05-25,53.4996,400.9672,389.1474,397.0452
2023-05-24,SPY,stock,412.42,412.82,409.8795,411.09,89213678,2023-05-24,2023-05-24,48.5484,400.8184,389.0144,396.8275
2023-05-23,SPY,stock,417.08,418.722,413.68,414.09,86383493,2023-05-23,2023-05-23,52.9610,401.0175,388.9148,396.7418
2023-05-22,SPY,stock,418.64,420.39,417.35,418.79,60745399,2023-05-22,2023-05-22,61.0308,400.9312,388.7849,396.5338
2023-05-19,SPY,stock,420.17,420.72,417.35,418.62,103793317,2023-05-19,2023-05-19,60.8303,400.3557,388.6079,396.1311
2023-05-18,SPY,stock,414.9,419.67,414.67,419.23,97177195,2023-05-18,2023-05-18,61.8911,399.7369,388.4307,395.7188
2023-05-17,SPY,stock,412.35,415.855,410.635,415.23,87286957,2023-05-17,2023-05-17,57.3640,398.9907,388.2458,395.2654
2023-05-16,SPY,stock,411.86,412.815,410.24,410.25,57705495,2023-05-16,2023-05-16,50.5763,398.5746,388.0981,394.9520
2023-05-15,SPY,stock,412.22,413.43,410.23,413.01,54289383,2023-05-15,2023-05-15,55.0898,398.6233,387.9975,394.8231
2023-05-12,SPY,stock,413.42,413.64,409.07,411.59,70481548,2023-05-12,2023-05-12,53.0898,398.3953,387.8689,394.5795
2023-05-11,SPY,stock,411.95,412.43,409.97,412.13,70157064,2023-05-11,2023-05-11,53.9380,398.2883,387.7529,394.3823
2023-05-10,SPY,stock,413.88,414.535,408.87,412.85,96142922,2023-05-10,2023-05-10,55.0264,398.1149,387.6305,394.1556
2023-05-09,SPY,stock,411.13,412.09,410.6894,410.93,49220119,2023-05-09,2023-05-09,52.6610,397.8497,387.4998,393.8912
2023-05-08,SPY,stock,412.97,413.24,411.28,412.74,50046768,2023-05-08,2023-05-08,55.2026,397.7526,387.3865,393.6920
2023-05-05,SPY,stock,408.91,413.72,408.64,412.63,87891791,2023-05-05,2023-05-05,55.0802,397.4605,387.2544,393.4130
2023-05-04,SPY,stock,406.93,407.27,403.74,405.13,94901863,2023-05-04,2023-05-04,45.6894,397.1489,387.1221,393.1269
2023-05-03,SPY,stock,411.36,413.87,407.77,408.02,91531769,2023-05-03,2023-05-03,49.3834,397.5706,387.0616,393.1263
2023-05-02,SPY,stock,414.77,414.82,407.82,410.84,103998484,2023-05-02,2023-05-02,53.2871,397.7414,386.9723,393.0111
2023-05-01,SPY,stock,415.47,417.62,415.265,415.51,62122254,2023-05-01,2023-05-01,60.6607,397.6422,386.8546,392.7796
2023-04-28,SPY,stock,411.49,415.94,411.43,415.93,89433137,2023-04-28,2023-04-28,61.3699,397.0555,386.6901,392.3536
2023-04-27,SPY,stock,407,412.69,406.74,412.41,92968369,2023-04-27,2023-04-27,57.5034,396.3642,386.5200,391.8936
2023-04-26,SPY,stock,406.72,407.84,403.78,404.36,78319853,2023-04-26,2023-04-26,46.0327,395.9596,386.3824,391.5543
2023-04-25,SPY,stock,410.58,411.16,406.02,406.08,97766721,2023-04-25,2023-04-25,48.6374,396.3348,386.3220,391.5199
2023-04-24,SPY,stock,411.99,413.07,410.6,412.63,64332095,2023-04-24,2023-04-24,60.8033,396.5737,386.2441,391.4161
2023-04-21,SPY,stock,412.19,412.68,410.17,412.2,73457422,2023-04-21,2023-04-21,60.1964,396.1687,386.1017,391.0485
2023-04-20,SPY,stock,411.21,413.7,410.27,411.88,75840359,2023-04-20,2023-04-20,59.7659,395.7651,385.9619,390.6830
2023-04-19,SPY,stock,412.22,415.08,412.16,414.14,55227330,2023-04-19,2023-04-19,64.3287,395.3516,385.8239,390.3152
2023-04-18,SPY,stock,415.58,415.72,412.7802,414.21,63559997,2023-04-18,2023-04-18,64.4703,394.6637,385.6625,389.8429
2023-04-17,SPY,stock,412.37,413.96,411.085,413.94,65496534,2023-04-17,2023-04-17,64.1880,393.8963,385.4988,389.3486
2023-04-14,SPY,stock,412.81,415.09,410.06,412.46,78161500,2023-04-14,2023-04-14,62.6789,393.0756,385.3360,388.8448
2023-04-13,SPY,stock,409.18,413.84,407.9922,413.47,85814754,2023-04-13,2023-04-13,64.3986,392.3198,385.1861,388.3790
2023-04-12,SPY,stock,411.87,412.17,407.44,408.05,86420379,2023-04-12,2023-04-12,58.7604,391.3813,385.0248,387.8542
2023-04-11,SPY,stock,410.26,411.18,408.92,409.72,59297945,2023-04-11,2023-04-11,61.5493,390.8975,384.9147,387.5227
2023-04-10,SPY,stock,406.61,409.69,405.97,409.61,63681042,2023-04-10,2023-04-10,61.4373,390.1923,384.7872,387.1115
2023-04-06,SPY,stock,406.77,409.48,405.678,409.19,63743345,2023-04-06,2023-04-06,61.0351,389.4241,384.6596,386.6879
2023-04-05,SPY,stock,407.91,408.7,405.88,407.6,65200243,2023-04-05,2023-04-05,59.5521,388.6179,384.5347,386.2636
2023-04-04,SPY,stock,411.62,411.92,407.24,408.67,66601534,2023-04-04,2023-04-04,61.0030,387.8893,384.4241,385.8850
2023-04-03,SPY,stock,408.85,411.37,408.44,410.95,67391097,2023-04-03,2023-04-03,64.0925,386.9747,384.3020,385.4485
2023-03-31,SPY,stock,404.66,409.7,404.55,409.39,112062624,2023-03-31,2023-03-31,62.8987,385.7309,384.1563,384.9039
2023-03-30,SPY,stock,404.09,404.35,401.76,403.7,69840049,2023-03-30,2023-03-30,58.1908,384.5155,384.0245,384.3989
2023-03-29,SPY,stock,399.925,401.6,398.68,401.35,77497876,2023-03-29,2023-03-29,56.0522,383.7535,383.9468,384.0987
2023-03-28,SPY,stock,395.77,396.49,393.69,395.6,62871680,2023-03-28,2023-03-28,50.2728,383.1512,383.8912,383.8792
2023-03-27,SPY,stock,398.12,398.92,395.56,396.49,74010408,2023-03-27,2023-03-27,51.2413,383.0730,383.8912,383.8786
2023-03-24,SPY,stock,391.841,395.84,389.4,395.75,107770124,2023-03-24,2023-03-24,50.5051,382.8955,383.8825,383.8427
2023-03-23,SPY,stock,395.09,399.29,390.35,393.17,119351319,2023-03-23,2023-03-23,47.9615,382.7750,383.8809,383.8346
2023-03-22,SPY,stock,398.73,402.49,392.07,392.11,111746583,2023-03-22,2023-03-22,46.9208,382.9053,383.9044,383.9284
2023-03-21,SPY,stock,397.24,399.41,395.58,398.91,91524248,2023-03-21,2023-03-21,53.2664,383.1577,383.9386,384.0680
2023-03-20,SPY,stock,390.8,394.17,390.07,393.74,93055783,2023-03-20,2023-03-20,48.3333,382.7420,383.9067,383.9439
2023-03-17,SPY,stock,393.22,394.4,388.55,389.99,140553411,2023-03-17,2023-03-17,44.3789,382.8106,383.9250,384.0196
2023-03-16,SPY,stock,386.82,396.47,386.29,396.11,143753940,2023-03-16,2023-03-16,48.6133,383.2695,383.9800,384.2469
2023-03-15,SPY,stock,385.89,389.49,383.71,389.28,172996933,2023-03-15,2023-03-15,40.8562,383.3073,383.9908,384.3014
2023-03-14,SPY,stock,390.5,393.45,387.05,391.73,149752357,2023-03-14,2023-03-14,43.0193,384.0440,384.0680,384.6277
2023-03-13,SPY,stock,381.81,390.39,380.65,385.36,157789967,2023-03-13,2023-03-13,34.6684,384.6089,384.1221,384.8706
2023-03-10,SPY,stock,390.99,393.16,384.32,385.91,189252996,2023-03-10,2023-03-10,35.0806,385.8815,384.2388,385.3747
2023-03-09,SPY,stock,399.74,401.48,390.53,391.56,111945322,2023-03-09,2023-03-09,39.5683,387.2321,384.3512,385.8777
2023-03-08,SPY,stock,398.39,399.71,396.59,398.92,74746632,2023-03-08,2023-03-08,46.8120,388.1500,384.4099,386.1784
2023-03-07,SPY,stock,404.42,404.67,397.625,398.27,108310596,2023-03-07,2023-03-07,46.0013,388.4155,384.3976,386.2008
2023-03-06,SPY,stock,405.05,407.45,404.01,404.47,72795946,2023-03-06,2023-03-06,53.1805,388.7752,384.3916,386.2499
2023-03-03,SPY,stock,399.71,404.45,399.03,404.19,90119952,2023-03-03,2023-03-03,52.8721,388.5418,384.3253,386.0563
2023-03-02,SPY,stock,392.68,398.69,392.33,397.81,85404726,2023-03-02,2023-03-02,45.2392,388.3123,384.2610,385.8659
2023-03-01,SPY,stock,395.41,396.69,393.38,394.74,99706823,2023-03-01,2023-03-01,40.9671,388.7079,384.2580,385.9194
2023-02-28,SPY,stock,397.23,399.28,396.15,396.26,96438567,2023-02-28,2023-02-28,42.4911,389.4575,384.2849,386.0963
2023-02-27,SPY,stock,399.87,401.29,396.75,397.73,80444736,2023-02-27,2023-02-27,43.9597,390.1314,384.2972,386.2204
2023-02-24,SPY,stock,395.42,397.25,393.64,396.38,108194413,2023-02-24,2023-02-24,42.2579,390.7266,384.2954,386.2916
2023-02-23,SPY,stock,401.56,402.2,396.25,400.66,96242399,2023-02-23,2023-02-23,46.4067,391.5218,384.3067,386.4189
2023-02-22,SPY,stock,399.52,401.13,397.02,398.54,83742293,2023-02-22,2023-02-22,43.8721,391.9652,384.2765,386.3825
2023-02-21,SPY,stock,403.06,404.16,398.82,399.09,82655924,2023-02-21,2023-02-21,44.3777,392.6710,384.2667,386.4284
2023-02-17,SPY,stock,406.06,407.51,404.05,407.26,89257815,2023-02-17,2023-02-17,52.7653,393.3952,384.2513,386.4543
2023-02-16,SPY,stock,408.79,412.91,408.14,408.28,76431469,2023-02-16,2023-02-16,53.9473,393.3642,384.1565,386.1590
2023-02-15,SPY,stock,410.35,414.06,409.47,413.98,61685279,2023-02-15,2023-02-15,61.0433,393.2262,384.0508,385.8114
2023-02-14,SPY,stock,411.24,415.05,408.511,412.64,88389313,2023-02-14,2023-02-14,59.8917,392.4936,383.8886,385.2247
2023-02-13,SPY,stock,408.72,412.97,408.24,412.83,64913539,2023-02-13,2023-02-13,60.1257,391.8203,383.7378,384.6670
2023-02-10,SPY,stock,405.86,408.44,405.01,408.04,70769715,2023-02-10,2023-02-10,56.1110,391.0568,383.5837,384.0789
2023-02-09,SPY,stock,414.41,414.57,405.81,407.09,78694859,2023-02-09,2023-02-09,55.2818,390.7003,383.4746,383.6559
2023-02-08,SPY,stock,413.13,414.53,409.93,410.65,76227462,2023-02-08,2023-02-08,59.1718,390.4029,383.3735,383.2531
2023-02-07,SPY,stock,408.87,416.49,407.57,415.19,90990745,2023-02-07,2023-02-07,64.5506,389.7120,383.2369,382.6933
2023-02-06,SPY,stock,409.79,411.29,408.1,409.83,60295325,2023-02-06,2023-02-06,60.6269,388.4865,383.0548,381.9316
2023-02-03,SPY,stock,411.59,416.97,411.09,412.35,94736781,2023-02-03,2023-02-03,63.7052,387.6773,382.9230,381.3503
2023-02-02,SPY,stock,414.86,418.31,412.88,416.78,101654463,2023-02-02,2023-02-02,69.4625,386.5265,382.7653,380.6459
2023-02-01,SPY,stock,405.211,413.67,402.35,410.8,101459155,2023-02-01,2023-02-01,65.5613,384.8038,382.5631,379.7378
2023-01-31,SPY,stock,401.13,406.53,400.77,406.48,86811786,2023-01-31,2023-01-31,62.3334,383.5082,382.4168,379.0287
2023-01-30,SPY,stock,402.8,405.13,400.28,400.59,74202018,2023-01-30,2023-01-30,57.2618,382.5159,382.3111,378.4611
2023-01-27,SPY,stock,403.655,408.16,403.44,405.68,68346180,2023-01-27,2023-01-27,64.1980,382.0184,382.2616,378.1027
2023-01-26,SPY,stock,403.13,404.92,400.03,404.75,72287425,2023-01-26,2023-01-26,63.4468,380.9507,382.1621,377.5289
2023-01-25,SPY,stock,395.95,400.7,393.56,400.35,84800251,2023-01-25,2023-01-25,59.7352,379.8652,382.0706,376.9683
2023-01-24,SPY,stock,398.88,401.15,397.64,400.2,59524911,2023-01-24,2023-01-24,59.6053,379.1131,382.0210,376.5584
2023-01-23,SPY,stock,396.72,402.645,395.72,400.63,84178797,2023-01-23,2023-01-23,60.1214,378.2972,381.9723,376.1378
2023-01-20,SPY,stock,390.1,396.04,388.38,395.88,91806356,2023-01-20,2023-01-20,56.2345,377.3516,381.9189,375.6830
2023-01-19,SPY,stock,389.36,391.08,387.26,388.64,86958919,2023-01-19,2023-01-19,49.2309,376.7898,381.9112,375.3970
2023-01-18,SPY,stock,399.01,400.12,391.28,391.49,99632262,2023-01-18,2023-01-18,52.2895,376.9056,381.9737,375.3851
2023-01-17,SPY,stock,398.48,400.23,397.06,397.77,62677281,2023-01-17,2023-01-17,59.9047,376.7436,382.0092,375.2602
2023-01-13,SPY,stock,393.62,399.1,393.34,398.5,63903932,2023-01-13,2023-01-13,60.8615,375.9254,381.9840,374.8824
2023-01-12,SPY,stock,396.67,398.485,392.42,396.96,90157699,2023-01-12,2023-01-12,59.5975,374.9469,381.9515,374.4604
2023-01-11,SPY,stock,392.23,395.6,391.38,395.52,68881080,2023-01-11,2023-01-11,58.4318,374.0221,381.9336,374.0819
2023-01-10,SPY,stock,387.25,390.65,386.27,390.58,65358094,2023-01-10,2023-01-10,54.2249,373.1465,381.9295,373.7449
2023-01-09,SPY,stock,390.37,393.7,387.67,387.86,73978071,2023-01-09,2023-01-09,51.7271,372.6814,381.9733,373.5889
2023-01-06,SPY,stock,382.61,389.25,379.4127,388.08,104189603,2023-01-06,2023-01-06,51.9400,372.4441,382.0441,373.5340
2023-01-05,SPY,stock,381.72,381.84,378.76,379.38,76970456,2023-01-05,2023-01-05,43.3848,372.1594,382.1134,373.4681
2023-01-04,SPY,stock,383.18,385.88,380,383.76,85934098,2023-01-04,2023-01-04,47.3229,372.7300,382.2679,373.7427
2023-01-03,SPY,stock,384.37,386.43,377.831,380.82,74850731,2023-01-03,2023-01-03,44.1639,372.9150,382.3814,373.8558
2022-12-30,SPY,stock,380.64,382.58,378.43,382.43,84022205,2022-12-30,2022-12-30,45.5530,373.4187,382.5246,374.0895
2022-12-29,SPY,stock,379.63,384.35,379.08,383.44,66970877,2022-12-29,2022-12-29,46.4032,373.8115,382.6537,374.2692
2022-12-28,SPY,stock,381.33,383.39,376.42,376.66,70911520,2022-12-28,2022-12-28,39.3466,374.1429,382.7742,374.4164
2022-12-27,SPY,stock,382.79,383.15,379.65,381.4,51638180,2022-12-27,2022-12-27,43.0239,375.1991,382.9618,374.8371
2022-12-23,SPY,stock,379.65,383.06,378.03,382.91,59857329,2022-12-23,2022-12-23,44.2472,375.8841,383.1052,375.0879
2022-12-22,SPY,stock,383.05,386.2134,374.77,380.72,100120855,2022-12-22,2022-12-22,42.0274,376.4877,383.2354,375.2895
2022-12-21,SPY,stock,383.25,387.41,382.69,386.23,78167369,2022-12-21,2022-12-21,46.3377,377.3775,383.3882,375.5856
2022-12-20,SPY,stock,379.23,382.23,377.85,380.54,74427240,2022-12-20,2022-12-20,40.4846,377.8004,383.4889,375.6764
2022-12-19,SPY,stock,383.47,383.82,378.28,380.02,79878103,2022-12-19,2022-12-19,39.9286,378.8468,383.6460,375.9955
2022-12-16,SPY,stock,385.18,386.575,381.04,383.27,119857952,2022-12-16,2022-12-16,42.2176,380.0563,383.8097,376.3481
2022-12-15,SPY,stock,394.3,395.25,387.885,389.63,117705889,2022-12-15,2022-12-15,45.6233,381.0623,383.9435,376.5868
2022-12-14,SPY,stock,401.61,405.5,396.31,399.4,108111349,2022-12-14,2022-12-14,54.3030,381.7105,384.0343,376.6555
2022-12-13,SPY,stock,410.22,410.49,399.07,401.97,123782534,2022-12-13,2022-12-13,56.9495,381.4374,384.0316,376.3433
2022-12-12,SPY,stock,394.11,398.95,393.412,398.95,75405835,2022-12-12,2022-12-12,54.5316,380.8752,384.0040,375.9174
2022-12-09,SPY,stock,394.94,397.62,393.15,393.28,81447733,2022-12-09,2022-12-09,49.5963,380.5598,384.0054,375.5927
2022-12-08,SPY,stock,395.14,397.36,393.2684,396.24,60737912,2022-12-08,2022-12-08,52.3508,380.7854,384.0615,375.4774
2022-12-07,SPY,stock,392.94,395.64,391.97,393.16,65927896,2022-12-07,2022-12-07,49.6488,380.7350,384.0896,375.2412
2022-12-06,SPY,stock,399.42,399.99,391.64,393.83,77972217,2022-12-06,2022-12-06,50.2241,380.9912,384.1478,375.1163
2022-12-05,SPY,stock,403.95,404.93,398.17,399.59,77289815,2022-12-05,2022-12-05,55.3433,381.2065,384.2001,374.9600
2022-12-02,SPY,stock,402.25,407.86,402.14,406.91,85342731,2022-12-02,2022-12-02,62.9102,380.8611,384.1972,374.5712
2022-12-01,SPY,stock,408.77,410,404.75,407.38,76398170,2022-12-01,2022-12-01,63.4272,379.7379,384.1235,373.8789
2022-11-30,SPY,stock,395.49,407.68,393.48,407.68,144566653,2022-11-30,2022-11-30,63.7377,378.4489,384.0445,373.1399
2022-11-29,SPY,stock,396.05,397.3,393.3,395.23,52310039,2022-11-29,2022-11-29,55.3069,376.9938,383.9618,372.3590
2022-11-28,SPY,stock,399.09,400.81,395.11,395.91,68021749,2022-11-28,2022-11-28,55.9668,376.6466,383.9987,372.0352
2022-11-25,SPY,stock,401.83,402.91,401.535,402.33,30545434,2022-11-25,2022-11-25,62.5054,376.1939,384.0294,371.6715
2022-11-23,SPY,stock,399.55,402.93,399.31,402.42,68261628,2022-11-23,2022-11-23,62.6006,375.0433,383.9982,371.0407
2022-11-22,SPY,stock,396.63,400.07,395.1527,399.9,60429025,2022-11-22,2022-11-22,61.0584,373.7625,383.9660,370.3807
2022-11-21,SPY,stock,394.64,395.82,392.66,394.59,51243189,2022-11-21,2022-11-21,57.6409,372.6021,383.9577,369.7927
2022-11-18,SPY,stock,397.74,397.81,393.04,396.03,92922451,2022-11-18,2022-11-18,58.9435,371.8574,384.0007,369.3893
2022-11-17,SPY,stock,390.46,394.95,390.14,394.24,74496255,2022-11-17,2022-11-17,57.8439,370.8884,384.0303,368.9129
2022-11-16,SPY,stock,396.78,397.78,394.79,395.45,68508454,2022-11-16,2022-11-16,58.8330,369.9988,384.0774,368.4873
2022-11-15,SPY,stock,401.15,402.31,394.49,398.49,93194452,2022-11-15,2022-11-15,61.2775,368.8929,384.1133,367.9968
2022-11-14,SPY,stock,396.66,400.1799,394.83,395.12,71893165,2022-11-14,2022-11-14,59.5473,367.3628,384.1202,367.3668
2022-11-11,SPY,stock,395.59,399.35,393.61,398.51,93839872,2022-11-11,2022-11-11,62.1408,366.0129,384.1597,366.8436
2022-11-10,SPY,stock,388.05,395.04,385.642,394.69,141455847,2022-11-10,2022-11-10,60.3331,364.1775,384.1669,366.1658
2022-11-09,SPY,stock,379.93,381.14,373.61,374.13,78495470,2022-11-09,2022-11-09,47.9003,362.5359,384.2110,365.6104
2022-11-08,SPY,stock,381.11,385.12,377.72,382,84641062,2022-11-08,2022-11-08,53.9057,362.8038,384.4545,365.8398
2022-11-07,SPY,stock,377.71,380.57,375.53,379.95,68286947,2022-11-07,2022-11-07,52.4642,362.3029,384.6242,365.7695
2022-11-04,SPY,stock,377,378.87,370,376.35,103505182,2022-11-04,2022-11-04,49.9098,361.9569,384.8155,365.7768
2022-11-03,SPY,stock,371.465,374.2,368.79,371.01,87100115,2022-11-03,2022-11-03,45.9060,361.9391,385.0435,365.9258
2022-11-02,SPY,stock,383.9,388.63,374.76,374.87,126990356,2022-11-02,2022-11-02,48.5085,362.4602,385.3255,366.2906
2022-11-01,SPY,stock,390.14,390.39,383.29,384.52,85407598,2022-11-01,2022-11-01,55.8602,362.6453,385.5730,366.5187
2022-10-31,SPY,stock,386.44,388.4,385.26,386.21,96631258,2022-10-31,2022-10-31,57.2717,361.8724,385.7296,366.3771
2022-10-28,SPY,stock,379.87,389.52,379.68,389.02,100301958,2022-10-28,2022-10-28,59.5968,360.8470,385.8715,366.1634
2022-10-27,SPY,stock,383.07,385,379.33,379.98,81971756,2022-10-27,2022-10-27,54.0206,359.4291,385.9876,365.8306
2022-10-26,SPY,stock,381.62,387.58,381.35,382.02,104087348,2022-10-26,2022-10-26,55.6294,358.7775,386.1923,365.8392
2022-10-25,SPY,stock,378.79,385.25,378.671,384.92,78846348,2022-10-25,2022-10-25,57.9058,357.8507,386.3794,365.7681
2022-10-24,SPY,stock,375.89,380.06,373.11,378.87,85436907,2022-10-24,2022-10-24,54.2816,356.5326,386.5402,365.5802
2022-10-21,SPY,stock,365.12,374.8,363.54,374.29,131038379,2022-10-21,2022-10-21,51.3364,355.6886,386.7612,365.6222
2022-10-20,SPY,stock,368.03,372.67,364.61,365.41,88283087,2022-10-20,2022-10-20,44.9518,355.2196,387.0287,365.8458
2022-10-19,SPY,stock,368.99,371.85,365.55,368.5,79746863,2022-10-19,2022-10-19,46.9418,355.6007,387.3848,366.4272
2022-10-18,SPY,stock,375.13,375.45,367.52,371.13,97162850,2022-10-18,2022-10-18,48.6437,355.7088,387.7146,366.9111
2022-10-17,SPY,stock,364.01,367.9799,357.2808,366.82,93168231,2022-10-17,2022-10-17,45.6448,355.5620,388.0222,367.3114
2022-10-14,SPY,stock,368.55,370.26,356.96,357.63,123737013,2022-10-14,2022-10-14,38.5389,355.8363,388.3746,367.8973
2022-10-13,SPY,stock,349.205,367.51,348.11,365.97,147254518,2022-10-13,2022-10-13,43.3102,357.0703,388.8195,368.8681
2022-10-12,SPY,stock,358.17,359.8179,356.3,356.56,76991799,2022-10-12,2022-10-12,34.8610,357.5894,389.1881,369.5509
2022-10-11,SPY,stock,358.235,363.03,355.71,357.74,92482785,2022-10-11,2022-10-11,35.4767,359.1162,389.6515,370.6312
2022-10-10,SPY,stock,363.96,364.21,357.67,360.02,76042765,2022-10-10,2022-10-10,36.6377,360.6843,390.1081,371.7092
2022-10-07,SPY,stock,368.97,373.2933,360.94,362.79,107789498,2022-10-07,2022-10-07,38.0421,362.1865,390.5472,372.7417
2022-10-06,SPY,stock,375.62,378.72,372.68,373.2,82333543,2022-10-06,2022-10-06,43.9168,363.5663,390.9640,373.7075
2022-10-05,SPY,stock,373.39,379.46,370.95,377.09,88065669,2022-10-05,2022-10-05,46.4033,364.0369,391.2843,374.3040
2022-10-04,SPY,stock,372.4,378,366.5677,377.97,103602775,2022-10-04,2022-10-04,46.9618,364.1631,391.5702,374.7719
2022-10-03,SPY,stock,361.08,368.55,359.21,366.61,89756479,2022-10-03,2022-10-03,38.0192,364.2134,391.8504,375.2245
2022-09-30,SPY,stock,361.8,365.91,357.04,357.18,153711243,2022-09-30,2022-09-30,28.7605,365.4196,392.2434,376.1416
2022-09-29,SPY,stock,366.81,367.11,359.7,362.79,112952315,2022-09-29,2022-09-29,31.3472,367.7079,392.7314,377.4666
2022-09-28,SPY,stock,364.38,372.3,362.6,370.53,110802217,2022-09-28,2022-09-28,35.4297,369.6689,393.1701,378.6252
2022-09-27,SPY,stock,368.02,370.4,360.87,363.38,108294074,2022-09-27,2022-09-27,27.3092,371.0523,393.5384,379.5272
2022-09-26,SPY,stock,366.41,370.21,363.0299,364.31,92581244,2022-09-26,2022-09-26,27.7304,373.3056,393.9796,380.7469
2022-09-23,SPY,stock,370.58,370.62,363.29,367.95,122346933,2022-09-23,2022-09-23,29.3772,375.7018,394.4161,381.9797
2022-09-22,SPY,stock,376.58,377.66,373.44,374.22,87465927,2022-09-22,2022-09-22,32.4605,377.9816,394.8219,383.1200
2022-09-21,SPY,stock,386.11,389.31,377.38,377.39,106746554,2022-09-21,2022-09-21,34.1428,379.8663,395.1711,384.0605
2022-09-20,SPY,stock,385.06,386.12,381.195,384.09,77274882,2022-09-20,2022-09-20,38.0089,381.6284,395.4931,384.9150
2022-09-19,SPY,stock,382.26,388.55,382.1784,388.55,73278490,2022-09-19,2022-09-19,40.8694,382.8973,395.7536,385.5411
2022-09-16,SPY,stock,384.14,386.25,382.11,385.56,103084819,2022-09-16,2022-09-16,37.9629,383.8480,395.9736,386.0177
2022-09-15,SPY,stock,392.96,395.96,388.78,390.12,87633840,2022-09-15,2022-09-15,39.7540,385.2017,396.2247,386.6312
2022-09-14,SPY,stock,394.47,396.2,391.12,394.6,85023747,2022-09-14,2022-09-14,42.5733,386.3989,396.4498,387.1537
2022-09-13,SPY,stock,401.83,403.1,391.92,393.1,122947081,2022-09-13,2022-09-13,41.2786,387.2703,396.6340,387.5224
2022-09-12,SPY,stock,408.78,411.73,408.46,410.97,69256262,2022-09-12,2022-09-12,54.9956,388.3847,396.8345,387.9648
2022-09-09,SPY,stock,402.74,407.51,402.46,406.6,76706918,2022-09-09,2022-09-09,51.3225,387.8139,396.8649,387.7264
2022-09-08,SPY,stock,395.39,400.86,394.12,400.38,80821681,2022-09-08,2022-09-08,45.4366,387.6238,396.9378,387.6491
2022-09-07,SPY,stock,390.43,398.59,390.2,397.78,70964232,2022-09-07,2022-09-07,42.7497,388.0411,397.0712,387.8119
2022-09-06,SPY,stock,393.13,394.12,388.42,390.76,74798116,2022-09-06,2022-09-06,34.6859,388.7645,397.2310,388.0831
2022-09-02,SPY,stock,400.28,401.555,390.33,392.24,99632149,2022-09-02,2022-09-02,35.6695,390.2723,397.4601,388.6399
2022-09-01,SPY,stock,392.89,396.78,390.04,396.42,78740084,2022-09-01,2022-09-01,38.5352,391.7894,397.6772,389.1615
2022-08-31,SPY,stock,399.93,401.24,395.04,395.18,76029671,2022-08-31,2022-08-31,37.1441,393.0446,397.8562,389.5410
2022-08-30,SPY,stock,403.85,404.1,396,398.21,85652443,2022-08-30,2022-08-30,39.1548,394.5570,398.0489,389.9844
2022-08-29,SPY,stock,402.2,405.84,401.1999,402.63,64289165,2022-08-29,2022-08-29,42.2529,395.9230,398.2145,390.3275
2022-08-26,SPY,stock,419.39,419.96,405.25,405.31,103086976,2022-08-26,2022-08-26,44.2230,396.9869,398.3391,390.5116
2022-08-25,SPY,stock,415.24,419.56,414.09,419.51,50942252,2022-08-25,2022-08-25,57.3881,397.8925,398.4391,390.5985
2022-08-24,SPY,stock,412.11,415.1101,411.39,413.67,49177804,2022-08-24,2022-08-24,51.9222,397.4612,398.4034,390.1335
2022-08-23,SPY,stock,412.9,415.42,411.77,412.35,49105249,2022-08-23,2022-08-23,50.5921,397.5735,398.4236,389.8780
2022-08-22,SPY,stock,417.05,417.23,412.4,413.35,77695640,2022-08-22,2022-08-22,51.5963,397.8307,398.4567,389.6636
2022-08-19,SPY,stock,424.98,425.26,421.22,422.14,68016902,2022-08-19,2022-08-19,61.5714,398.0141,398.4805,389.4014
2022-08-18,SPY,stock,426.86,428.61,425.5,427.89,49023206,2022-08-18,2022-08-18,69.7641,397.3303,398.4199,388.7847
2022-08-17,SPY,stock,425.91,429.5,424.54,426.65,63563394,2022-08-17,2022-08-17,68.9364,395.9945,398.3033,387.9179
2022-08-16,SPY,stock,427.73,431.73,426.88,429.7,59289039,2022-08-16,2022-08-16,73.5339,394.6431,398.1975,387.0642
2022-08-15,SPY,stock,424.765,429.41,424.71,428.86,54048280,2022-08-15,2022-08-15,73.0747,392.8418,398.0613,386.0565
2022-08-12,SPY,stock,422.03,427.21,421.03,427.1,61694542,2022-08-12,2022-08-12,72.1339,390.9357,397.9317,385.0404
2022-08-11,SPY,stock,422.99,424.95,419.21,419.99,59489704,2022-08-11,2022-08-11,67.9309,389.0064,397.8178,384.0517
2022-08-10,SPY,stock,418.78,420.14,416.72,419.99,68665712,2022-08-10,2022-08-10,67.9309,387.5913,397.7713,383.3007
2022-08-09,SPY,stock,412.22,412.75,410.22,411.35,44931772,2022-08-09,2022-08-09,61.9114,386.0271,397.7243,382.5191
2022-08-08,SPY,stock,415.25,417.62,411.83,412.99,54025965,2022-08-08,2022-08-08,64.0297,385.1698,397.7600,382.0435
2022-08-05,SPY,stock,409.66,414.15,409.6,413.47,56814929,2022-08-05,2022-08-05,64.6308,384.0569,397.7802,381.4843
2022-08-04,SPY,stock,414.37,415.09,412.44,414.17,45656574,2022-08-04,2022-08-04,65.4628,382.7783,397.7961,380.8836
2022-08-03,SPY,stock,410.3,415.68,410,414.45,67820555,2022-08-03,2022-08-03,65.7774,381.2946,397.8054,380.2309
2022-08-02,SPY,stock,409.12,413,406.82,408.06,63435418,2022-08-02,2022-08-02,61.8977,379.6265,397.8120,379.5407
2022-08-01,SPY,stock,409.15,413.41,408.4,410.77,69997471,2022-08-01,2022-08-01,64.7902,378.4273,397.8803,379.0722
2022-07-29,SPY,stock,407.58,413.03,406.77,411.99,87003672,2022-07-29,2022-07-29,66.0811,376.8285,397.9232,378.4785
2022-07-28,SPY,stock,401.89,406.8,398.15,406.07,73966563,2022-07-28,2022-07-28,62.7357,374.9384,397.9547,377.8130
2022-07-27,SPY,stock,394.36,402.88,394.05,401.04,82342106,2022-07-27,2022-07-27,59.5914,373.4465,398.0436,377.3518
2022-07-26,SPY,stock,393.84,394.06,389.95,390.89,52946393,2022-07-26,2022-07-26,52.0025,372.3048,398.1818,377.0685
2022-07-25,SPY,stock,395.75,396.47,393.21,395.57,53631485,2022-07-25,2022-07-25,56.5495,372.0668,398.4191,377.1707
2022-07-22,SPY,stock,398.92,400.18,392.75,395.09,72197332,2022-07-22,2022-07-22,56.1846,371.3317,398.6138,377.0940
2022-07-21,SPY,stock,394.16,398.84,391.63,398.79,64903856,2022-07-21,2022-07-21,59.7777,370.5676,398.8150,377.0329
2022-07-20,SPY,stock,392.47,396.26,391.03,394.77,71843769,2022-07-20,2022-07-20,57.0036,369.3499,398.9827,376.8246
2022-07-19,SPY,stock,386.08,392.87,385.39,392.27,78505972,2022-07-19,2022-07-19,55.2202,368.4095,399.1907,376.7650
2022-07-18,SPY,stock,388.38,389.09,380.66,381.95,63203626,2022-07-18,2022-07-18,46.7545,367.6223,399.4249,376.8008
2022-07-15,SPY,stock,382.55,385.25,380.54,385.13,79060383,2022-07-15,2022-07-15,49.4282,367.7931,399.7608,377.2417
2022-07-14,SPY,stock,373.61,379.0498,371.04,377.91,89704819,2022-07-14,2022-07-14,42.4952,367.6612,400.0695,377.5762
2022-07-13,SPY,stock,375.1,381.92,374.658,378.83,84224649,2022-07-13,2022-07-13,43.1959,368.2437,400.4508,378.2068
2022-07-12,SPY,stock,383.65,386.16,378.99,380.83,62219178,2022-07-12,2022-07-12,44.6832,368.7946,400.8271,378.8271
2022-07-11,SPY,stock,385.85,386.87,383.5,384.23,58366945,2022-07-11,2022-07-11,47.2513,369.2019,401.1879,379.3944
2022-07-08,SPY,stock,387.27,390.64,385.66,388.67,72397765,2022-07-08,2022-07-08,50.7911,369.3090,401.5196,379.8520
2022-07-07,SPY,stock,385.12,389.83,383.267,388.99,64525919,2022-07-07,2022-07-07,51.0471,368.9796,401.8119,380.1546
2022-07-06,SPY,stock,382.11,385.87,379.6,383.25,70426244,2022-07-06,2022-07-06,46.5621,368.5832,402.1040,380.4570
2022-07-05,SPY,stock,375.88,381.98,372.9,381.96,81437965,2022-07-05,2022-07-05,45.5205,368.7241,402.4544,380.9963
2022-07-01,SPY,stock,376.56,381.7,373.8,381.24,74839729,2022-07-01,2022-07-01,44.9645,369.0099,402.8207,381.6080
2022-06-30,SPY,stock,376.24,380.6582,372.56,377.25,112508273,2022-06-30,2022-06-30,41.9141,369.3984,403.1976,382.2729
2022-06-29,SPY,stock,381.23,382.27,378.42,380.34,65675999,2022-06-29,2022-06-29,43.6540,370.2303,403.6167,383.1210
2022-06-28,SPY,stock,390.23,393.16,380.53,380.65,86689824,2022-06-28,2022-06-28,43.8235,370.8381,404.0103,383.8828
2022-06-27,SPY,stock,391.05,391.36,387.44,388.59,66009617,2022-06-27,2022-06-27,48.2814,371.4786,404.4048,384.6636
2022-06-24,SPY,stock,381.4,390.09,381.365,390.08,98050333,2022-06-24,2022-06-24,49.1527,371.3856,404.7268,385.1657
2022-06-23,SPY,stock,376.64,378.83,372.89,378.06,79292135,2022-06-23,2022-06-23,41.2049,371.1326,405.0378,385.6300
2022-06-22,SPY,stock,370.62,378.72,370.18,374.39,90059424,2022-06-22,2022-06-22,38.4785,372.0653,405.4676,386.5834
2022-06-21,SPY,stock,371.89,376.525,371.81,375.07,76811861,2022-06-21,2022-06-21,38.7880,373.4664,405.9370,387.7193
2022-06-17,SPY,stock,365.51,369.38,362.17,365.86,111113904,2022-06-17,2022-06-17,31.9000,374.9464,406.4047,388.8749
2022-06-16,SPY,stock,370.51,370.94,364.0799,366.65,134473288,2022-06-16,2022-06-16,31.2892,377.5111,406.9657,390.4379
2022-06-15,SPY,stock,377.36,383.9,372.12,379.2,125666797,2022-06-15,2022-06-15,36.0818,380.4249,407.5400,392.0953
2022-06-14,SPY,stock,376.85,377.94,370.59,373.87,104011831,2022-06-14,2022-06-14,31.9726,382.3849,407.9996,393.3317
2022-06-13,SPY,stock,379.85,381.81,373.3,375,170004861,2022-06-13,2022-06-13,32.3824,385.0866,408.5150,394.8261
2022-06-10,SPY,stock,394.88,395.7777,389.75,389.8,132893864,2022-06-10,2022-06-10,38.3630,387.9591,409.0247,396.3375
2022-06-09,SPY,stock,409.34,411.74,401.44,401.44,86289796,2022-06-09,2022-06-09,44.3440,389.6476,409.3976,397.3342
2022-06-08,SPY,stock,413.93,415.82,410.38,411.22,64349966,2022-06-08,2022-06-08,50.4847,390.3448,409.6627,397.9182
2022-06-07,SPY,stock,408.1,416.22,407.61,415.74,59272373,2022-06-07,2022-06-07,53.6746,390.1331,409.8366,398.1453
2022-06-06,SPY,stock,414.78,416.609,410.5523,411.79,57508858,2022-06-06,2022-06-06,51.1710,389.4452,409.9690,398.2056
2022-06-03,SPY,stock,412.4,414.04,409.51,410.54,71874281,2022-06-03,2022-06-03,50.3831,389.0816,410.1405,398.4221
2022-06-02,SPY,stock,409.42,417.44,407.04,417.39,79609633,2022-06-02,2022-06-02,54.8904,388.8052,410.3258,398.6962
2022-06-01,SPY,stock,415.17,416.24,406.93,409.59,86585813,2022-06-01,2022-06-01,50.1776,387.8118,410.4472,398.7147
2022-05-31,SPY,stock,413.55,416.46,410.03,412.93,95936980,2022-05-31,2022-05-31,52.3523,387.4972,410.6447,399.0377
2022-05-27,SPY,stock,407.91,415.3801,407.7,415.26,84768710,2022-05-27,2022-05-27,53.8646,386.8141,410.8121,399.2439
2022-05-26,SPY,stock,398.67,407.04,398.45,405.31,82168339,2022-05-26,2022-05-26,47.8964,385.8250,410.9589,399.3677
2022-05-25,SPY,stock,392.31,399.45,391.89,397.37,91472866,2022-05-25,2022-05-25,42.3725,385.7311,411.2025,399.8841
2022-05-24,SPY,stock,392.56,395.15,386.96,393.89,91448831,2022-05-24,2022-05-24,39.7739,386.4248,411.5247,400.7307
2022-05-23,SPY,stock,392.83,397.73,390.38,396.92,76414878,2022-05-23,2022-05-23,41.2788,387.5410,411.8835,401.7474
2022-05-20,SPY,stock,393.25,397.03,380.54,389.63,131432197,2022-05-20,2022-05-20,35.8567,388.4704,412.2169,402.6877
2022-05-19,SPY,stock,388.62,394.14,387.11,389.46,98510715,2022-05-19,2022-05-19,35.7282,390.2297,412.6236,403.9502
2022-05-18,SPY,stock,403.5,403.8,390.55,391.86,117674545,2022-05-18,2022-05-18,36.6918,392.1914,413.0359,405.2708
2022-05-17,SPY,stock,406.53,408.57,402.5824,408.32,83029710,2022-05-17,2022-05-17,44.3016,394.1185,413.4294,406.5519
2022-05-16,SPY,stock,399.98,403.97,397.6,400.09,78622444,2022-05-16,2022-05-16,38.3669,394.5953,413.6690,407.2443
2022-05-13,SPY,stock,396.71,403.18,395.61,401.72,104174421,2022-05-13,2022-05-13,39.1337,395.9489,413.9900,408.2855
2022-05-12,SPY,stock,389.37,395.8,385.15,392.34,125090753,2022-05-12,2022-05-12,31.8556,397.2812,414.2985,409.3056
2022-05-11,SPY,stock,398.07,404.04,391.96,392.75,142360992,2022-05-11,2022-05-11,32.0110,399.6959,414.7001,410.7327
2022-05-10,SPY,stock,404.49,406.08,394.82,399.09,132497200,2022-05-10,2022-05-10,34.4214,402.3236,415.1017,412.2021
2022-05-09,SPY,stock,405.1,406.41,396.5,398.17,155586067,2022-05-09,2022-05-09,33.7492,404.5911,415.4467,413.4845
2022-05-06,SPY,stock,411.1,414.8,405.73,411.34,151770811,2022-05-06,2022-05-06,39.0732,407.1897,415.8039,414.8551
2022-05-05,SPY,stock,424.55,425,409.44,413.81,172929106,2022-05-05,2022-05-05,40.1770,408.7391,416.0384,415.7688
2022-05-04,SPY,stock,417.08,429.66,413.7099,429.06,141106960,2022-05-04,2022-05-04,47.9411,410.2035,416.2515,416.6236
2022-05-03,SPY,stock,415.01,418.93,413.36,416.38,100028190,2022-05-03,2022-05-03,38.8115,410.2905,416.3206,416.9194
2022-05-02,SPY,stock,412.07,415.92,405.02,414.48,158312526,2022-05-02,2022-05-02,37.2811,411.6601,416.5120,417.7210
2022-04-29,SPY,stock,423.59,425.87,411.21,412,145491088,2022-04-29,2022-04-29,35.3204,413.3648,416.7235,418.6294
2022-04-28,SPY,stock,422.29,429.64,417.6,427.81,105449088,2022-04-28,2022-04-28,43.3411,415.4979,416.9609,419.6714
2022-04-27,SPY,stock,417.24,422.92,415.01,417.27,122029990,2022-04-27,2022-04-27,34.0734,416.2677,417.0492,420.1402
2022-04-26,SPY,stock,425.83,426.04,416.07,416.1,100647304,2022-04-26,2022-04-26,32.9428,418.1771,417.2393,421.0387
2022-04-25,SPY,stock,423.67,428.69,418.84,428.51,119647748,2022-04-25,2022-04-25,39.6380,420.4050,417.4426,422.0193
2022-04-22,SPY,stock,436.91,438.0825,425.44,426.04,132471772,2022-04-22,2022-04-22,37.2822,421.6211,417.5289,422.5568
2022-04-21,SPY,stock,448.54,450.01,437.1,438.06,85417327,2022-04-21,2022-04-21,45.2650,423.2132,417.6398,423.2123
2022-04-20,SPY,stock,446.92,447.57,443.48,444.71,64140001,2022-04-20,2022-04-20,50.8594,423.7657,417.6366,423.4265
2022-04-19,SPY,stock,437.86,445.8,437.68,445.04,77821013,2022-04-19,2022-04-19,51.1507,423.7085,417.5695,423.3905
2022-04-18,SPY,stock,436.81,439.75,435.61,437.97,66002498,2022-04-18,2022-04-18,44.8687,423.6120,417.4986,423.3401
2022-04-14,SPY,stock,443.55,444.7301,437.68,437.79,97869451,2022-04-14,2022-04-14,44.7006,424.2156,417.4948,423.5630
2022-04-13,SPY,stock,438.03,444.11,437.84,443.31,74070394,2022-04-13,2022-04-13,48.9515,424.9007,417.4926,423.8020
2022-04-12,SPY,stock,443.08,445.75,436.6501,438.29,84363635,2022-04-12,2022-04-12,44.4940,425.1035,417.4376,423.8359
2022-04-11,SPY,stock,444.11,445,439.39,439.92,89770538,2022-04-11,2022-04-11,45.6971,425.8319,417.4300,424.0665
2022-04-08,SPY,stock,447.97,450.63,445.94,447.57,79272711,2022-04-08,2022-04-08,51.8012,426.4732,417.4068,424.2432
2022-04-07,SPY,stock,445.59,450.69,443.53,448.77,78097214,2022-04-07,2022-04-07,52.8290,426.4138,417.3100,424.1291
2022-04-06,SPY,stock,446.89,448.93,443.47,446.52,106897970,2022-04-06,2022-04-06,51.1411,426.2275,417.2008,423.9636
2022-04-05,SPY,stock,455.22,457.83,449.82,451.03,72741037,2022-04-05,2022-04-05,54.7903,426.2476,417.1120,423.8790
2022-04-04,SPY,stock,453.13,456.91,452.26,456.8,59601000,2022-04-04,2022-04-04,59.8650,425.8169,416.9790,423.6153
2022-04-01,SPY,stock,453.31,453.46,449.14,452.92,89048773,2022-04-01,2022-04-01,57.4014,424.7613,416.7894,423.1162
2022-03-31,SPY,stock,457.89,458.76,451.16,451.64,121699948,2022-03-31,2022-03-31,56.5850,423.9843,416.6351,422.7477
2022-03-30,SPY,stock,460.34,461.195,456.465,458.7,79666942,2022-03-30,2022-03-30,62.7434,423.2541,416.4915,422.4141
2022-03-29,SPY,stock,460.02,462.07,457.18,461.55,86581542,2022-03-29,2022-03-29,65.4120,421.7379,416.2788,421.7919
2022-03-28,SPY,stock,452.06,455.91,450.06,455.91,68529767,2022-03-28,2022-03-28,62.4796,419.7759,416.0366,421.0333
2022-03-25,SPY,stock,451.16,452.98,448.43,452.69,76123606,2022-03-25,2022-03-25,60.7138,418.1739,415.8461,420.4634
2022-03-24,SPY,stock,445.94,450.5,444.76,450.49,64736892,2022-03-24,2022-03-24,59.5047,416.7265,415.6845,419.9957
2022-03-23,SPY,stock,446.91,448.49,443.71,443.8,79426098,2022-03-23,2022-03-23,55.6506,415.3478,415.5424,419.5945
2022-03-22,SPY,stock,445.86,450.58,445.86,449.59,73464881,2022-03-22,2022-03-22,60.2597,414.4959,415.4630,419.4375
2022-03-21,SPY,stock,444.34,446.46,440.68,444.39,87350111,2022-03-21,2022-03-21,57.3112,412.9728,415.3273,419.0486
2022-03-18,SPY,stock,438,444.86,437.22,444.52,102665985,2022-03-18,2022-03-18,57.4101,411.8116,415.2401,418.8464
2022-03-17,SPY,stock,433.59,441.07,433.19,441.07,102676870,2022-03-17,2022-03-17,54.7316,410.5151,415.1508,418.6308
2022-03-16,SPY,stock,429.89,435.68,424.8,435.62,144954805,2022-03-16,2022-03-16,51.5283,409.5644,415.1066,418.5934
2022-03-15,SPY,stock,419.77,426.84,418.42,426.17,106219117,2022-03-15,2022-03-15,45.2956,409.0592,415.1140,418.7660
2022-03-14,SPY,stock,420.89,424.55,415.79,417,95729188,2022-03-14,2022-03-14,38.1268,409.4471,415.2119,419.3126
2022-03-11,SPY,stock,428.12,428.77,419.53,420.07,95636277,2022-03-11,2022-03-11,39.7460,410.7940,415.3985,420.2376
2022-03-10,SPY,stock,422.52,426.43,420.44,425.48,93972655,2022-03-10,2022-03-10,42.7144,411.9753,415.5575,421.0811
2022-03-09,SPY,stock,425.14,429.51,422.82,427.41,116990765,2022-03-09,2022-03-09,43.7979,412.7392,415.6665,421.7489
2022-03-08,SPY,stock,419.62,427.21,415.12,416.25,164772744,2022-03-08,2022-03-08,34.9357,413.3903,415.7581,422.3692
2022-03-07,SPY,stock,431.55,432.3018,419.36,419.43,137896560,2022-03-07,2022-03-07,36.4568,415.2274,415.9572,423.4480
2022-03-04,SPY,stock,431.75,433.37,427.88,432.17,114083256,2022-03-04,2022-03-04,43.5029,416.9394,416.1280,424.4473
2022-03-03,SPY,stock,440.47,441.11,433.8,435.71,105501715,2022-03-03,2022-03-03,45.7862,417.5560,416.1788,424.9929
2022-03-02,SPY,stock,432.37,439.72,431.57,437.89,117726525,2022-03-02,2022-03-02,47.2029,417.8831,416.1962,425.4233
2022-03-01,SPY,stock,435.04,437.17,427.11,429.98,137785908,2022-03-01,2022-03-01,41.0582,418.0263,416.1929,425.7866
2022-02-28,SPY,stock,432.03,438.2,430.7,436.63,145615029,2022-02-28,2022-02-28,45.1614,418.9766,416.2652,426.4718
2022-02-25,SPY,stock,429.61,437.84,427.86,437.75,121804459,2022-02-25,2022-02-25,45.8784,419.3612,416.2746,426.9268
2022-02-24,SPY,stock,411.02,428.76,410.64,428.3,213942946,2022-02-24,2022-02-24,38.1895,419.6740,416.2735,427.3569
2022-02-23,SPY,stock,432.66,433.26,421.35,421.95,132578005,2022-02-23,2022-02-23,32.1775,420.9660,416.3627,428.1715
2022-02-22,SPY,stock,431.89,435.5,425.86,429.57,122145129,2022-02-22,2022-02-22,36.0889,423.0297,416.5134,429.2658
2022-02-18,SPY,stock,437.33,438.66,431.82,434.23,132642896,2022-02-18,2022-02-18,38.7647,424.5478,416.5929,430.1090
2022-02-17,SPY,stock,443.22,446.5652,436.42,437.06,102259108,2022-02-17,2022-02-17,40.4563,425.7590,416.6286,430.8057
2022-02-16,SPY,stock,443.93,448.055,441.94,446.6,84863585,2022-02-16,2022-02-16,46.8566,426.8144,416.6376,431.4209
2022-02-15,SPY,stock,443.73,446.28,443.18,446.1,88659503,2022-02-15,2022-02-15,46.4442,427.0257,416.5555,431.6908
2022-02-14,SPY,stock,439.92,441.6,435.34,439.02,123006262,2022-02-14,2022-02-14,40.3597,427.3093,416.4773,431.9912
2022-02-11,SPY,stock,449.41,451.605,438.94,440.46,153214597,2022-02-11,2022-02-11,41.2447,428.3316,416.4661,432.5787
2022-02-10,SPY,stock,451.34,457.71,447.2,449.32,140103712,2022-02-10,2022-02-10,47.1517,429.3173,416.4409,433.1343
2022-02-09,SPY,stock,455.22,457.88,455.005,457.54,92589929,2022-02-09,2022-02-09,53.7882,429.5197,416.3309,433.3685
2022-02-08,SPY,stock,446.73,451.92,445.22,450.94,81012036,2022-02-08,2022-02-08,48.3704,428.9204,416.1411,433.2932
2022-02-07,SPY,stock,449.51,450.99,445.85,447.26,84472859,2022-02-07,2022-02-07,45.0339,428.9188,416.0125,433.4711
2022-02-04,SPY,stock,446.35,452.78,443.83,448.7,118454352,2022-02-04,2022-02-04,46.1167,429.2855,415.9178,433.7991
2022-02-03,SPY,stock,450.95,452.97,445.71,446.6,118024442,2022-02-03,2022-02-03,44.3031,429.5466,415.8084,434.0846
2022-02-02,SPY,stock,455.5,458.12,453.05,457.35,117360953,2022-02-02,2022-02-02,52.7412,430.0455,415.7179,434.4633
2022-02-01,SPY,stock,450.68,453.63,446.9384,452.95,123155382,2022-02-01,2022-02-01,49.0533,429.5205,415.5238,434.4400
2022-01-31,SPY,stock,441.24,450.28,439.81,449.91,152251425,2022-01-31,2022-01-31,46.3682,429.3808,415.3698,434.5866
2022-01-28,SPY,stock,432.68,442,427.82,441.95,164457370,2022-01-28,2022-01-28,38.4854,429.5308,415.2433,434.8573
2022-01-27,SPY,stock,438.26,441.59,429.45,431.24,149878307,2022-01-27,2022-01-27,24.6484,430.4936,415.1917,435.4480
2022-01-26,SPY,stock,440.72,444.04,428.86,433.38,186391088,2022-01-26,2022-01-26,25.7219,432.6301,415.2419,436.4787
2022-01-25,SPY,stock,433.06,439.72,427.15,434.47,167997325,2022-01-25,2022-01-25,26.2629,434.7772,415.2721,437.4683
2022-01-24,SPY,stock,432.03,440.38,420.76,439.84,252496719,2022-01-24,2022-01-24,29.0588,437.0413,415.2922,438.4561
2022-01-21,SPY,stock,445.56,448.06,437.95,437.98,202271241,2022-01-21,2022-01-21,26.5436,439.0059,415.2612,439.2756
2022-01-20,SPY,stock,453.75,458.74,444.5,446.75,122379696,2022-01-20,2022-01-20,31.4211,441.3636,415.2477,440.2008
2022-01-19,SPY,stock,458.13,459.6124,451.46,451.75,104945382,2022-01-19,2022-01-19,34.8070,443.0913,415.1502,440.8233
2022-01-18,SPY,stock,459.74,459.96,455.31,456.49,107848237,2022-01-18,2022-01-18,38.4549,444.5003,415.0039,441.2771
2022-01-14,SPY,stock,461.19,465.09,459.9,464.72,95890948,2022-01-14,2022-01-14,46.2737,445.5830,414.8108,441.5653
2022-01-13,SPY,stock,472.19,472.88,463.44,464.53,91173121,2022-01-13,2022-01-13,46.0385,445.9556,414.5371,441.5458
2022-01-12,SPY,stock,471.59,473.2,468.94,471.02,67605444,2022-01-12,2022-01-12,53.4620,446.3865,414.2625,441.5329
2022-01-11,SPY,stock,465.23,469.85,462.05,469.75,73332978,2022-01-11,2022-01-11,52.0573,446.2129,413.9231,441.2675
2022-01-10,SPY,stock,462.7,465.74,456.5973,465.51,119361989,2022-01-10,2022-01-10,47.1080,446.1481,413.5924,441.0405
2022-01-07,SPY,stock,467.95,469.2,464.65,466.09,85111593,2022-01-07,2022-01-07,47.7339,446.5012,413.2989,440.9689
2022-01-06,SPY,stock,467.89,470.82,465.43,467.94,86858900,2022-01-06,2022-01-06,49.6894,446.8333,412.9969,440.8719
2022-01-05,SPY,stock,477.16,477.98,468.2801,468.38,104538940,2022-01-05,2022-01-05,50.1431,447.0151,412.6742,440.6991
2022-01-04,SPY,stock,479.22,479.98,475.58,477.55,71178678,2022-01-04,2022-01-04,60.9039,447.1720,412.3440,440.5021
2022-01-03,SPY,stock,476.3,477.85,473.85,477.71,72668233,2022-01-03,2022-01-03,61.1164,446.4272,411.9229,439.9411
2021-12-31,SPY,stock,475.64,476.86,474.67,474.96,63617437,2021-12-31,2021-12-31,58.8235,445.5881,411.4960,439.3510
2021-12-30,SPY,stock,477.93,479,475.67,476.16,55329041,2021-12-30,2021-12-30,60.2634,444.9359,411.0911,438.8435
2021-12-29,SPY,stock,476.98,478.56,475.92,477.48,54502964,2021-12-29,2021-12-29,61.8088,444.0950,410.6707,438.2688
2021-12-28,SPY,stock,477.72,478.81,476.06,476.87,47274585,2021-12-28,2021-12-28,61.3839,443.0333,410.2334,437.6193
2021-12-27,SPY,stock,472.06,477.31,472.01,477.26,56808619,2021-12-27,2021-12-27,61.7921,441.9210,409.7975,436.9670
2021-12-23,SPY,stock,468.75,472.19,468.64,470.6,56439745,2021-12-23,2021-12-23,57.2883,440.6526,409.3536,436.2730
2021-12-22,SPY,stock,462.79,467.81,462.58,467.69,58890223,2021-12-22,2021-12-22,55.1430,439.9175,408.9688,435.8092
2021-12-21,SPY,stock,458.61,463.21,456.31,463.06,69806260,2021-12-21,2021-12-21,51.5476,439.3964,408.6080,435.4394
2021-12-20,SPY,stock,454.48,455.4,451.14,454.98,107134822,2021-12-20,2021-12-20,44.3147,439.2840,408.2879,435.2343
2021-12-17,SPY,stock,461.55,464.74,458.06,459.87,135636510,2021-12-17,2021-12-17,48.3726,439.9688,408.0417,435.3346
2021-12-16,SPY,stock,472.57,472.87,464.8,466.45,116568626,2021-12-16,2021-12-16,52.9073,440.2360,407.7464,435.2491
2021-12-15,SPY,stock,463.42,470.86,460.74,470.6,116899251,2021-12-15,2021-12-15,57.0756,440.0379,407.4009,434.9687
2021-12-14,SPY,stock,463.09,465.74,460.25,463.36,97264128,2021-12-14,2021-12-14,50.7957,439.4048,407.0125,434.5163
2021-12-13,SPY,stock,470.19,470.56,466.27,466.57,87724680,2021-12-13,2021-12-13,54.0513,439.4275,406.6891,434.3256
2021-12-10,SPY,stock,469.23,470.9,466.51,470.74,77159757,2021-12-10,2021-12-10,58.5804,439.1323,406.3319,434.0029
2021-12-09,SPY,stock,468.15,469.6291,466.14,466.35,61272568,2021-12-09,2021-12-09,54.8849,438.3900,405.9313,433.5057
2021-12-08,SPY,stock,468.7,470,466.83,469.52,72238777,2021-12-08,2021-12-08,58.3772,438.0075,405.5686,433.1580
2021-12-07,SPY,stock,464.41,468.88,458.6546,468.28,95484688,2021-12-07,2021-12-07,57.3925,437.2685,405.1720,432.6735
2021-12-06,SPY,stock,456.13,460.79,453.56,458.79,98977532,2021-12-06,2021-12-06,48.7809,436.5754,404.7833,432.2172
2021-12-03,SPY,stock,459.17,460.3,448.92,453.42,137331647,2021-12-03,2021-12-03,42.6951,436.7562,404.4810,432.1094
2021-12-02,SPY,stock,450.73,459.07,450.31,457.4,127637758,2021-12-02,2021-12-02,46.4973,437.4918,404.2269,432.2050
2021-12-01,SPY,stock,461.64,464.67,450.29,450.5,132485835,2021-12-01,2021-12-01,37.5433,437.9077,403.9323,432.1505
2021-11-30,SPY,stock,462,464.03,455.3,455.56,148559598,2021-11-30,2021-11-30,42.3721,439.0559,403.7004,432.3607
2021-11-29,SPY,stock,464.07,466.56,461.73,464.6,86268818,2021-11-29,2021-11-29,53.8655,439.8201,403.4181,432.3837
2021-11-26,SPY,stock,462.34,463.9,457.77,458.97,112669636,2021-11-26,2021-11-26,45.2822,439.7627,403.0467,432.0580
2021-11-24,SPY,stock,466.06,469.57,465.19,469.44,61858813,2021-11-24,2021-11-24,66.7168,440.2611,402.7253,431.9367
2021-11-23,SPY,stock,467.22,469.095,464.45,468.19,73206538,2021-11-23,2021-11-23,64.8735,439.7672,402.3009,431.4055
2021-11-22,SPY,stock,470.89,473.54,467.35,467.57,72761954,2021-11-22,2021-11-22,63.9541,439.3462,401.8842,430.9009
2021-11-19,SPY,stock,469.61,470.94,468.5,468.89,57315573,2021-11-19,2021-11-19,67.4442,438.9426,401.4691,430.3997
2021-11-18,SPY,stock,469.24,470.01,466.34,469.73,50625607,2021-11-18,2021-11-18,69.6915,438.3649,401.0374,429.8270
2021-11-17,SPY,stock,469,469.19,467.48,468.14,47858289,2021-11-17,2021-11-17,67.8060,437.6425,400.5932,429.1985
2021-11-16,SPY,stock,467.15,470.485,467.07,469.28,48857502,2021-11-16,2021-11-16,70.7357,437.0028,400.1598,428.6057
2021-11-15,SPY,stock,468.64,468.81,466.23,467.43,46980500,2021-11-15,2021-11-15,68.6976,436.1820,399.7112,427.9447
2021-11-12,SPY,stock,465.12,467.86,464.11,467.27,51018081,2021-11-12,2021-11-12,68.5216,435.4593,399.2756,427.3283
2021-11-11,SPY,stock,465.21,465.29,463.75,463.77,34848495,2021-11-11,2021-11-11,64.4614,434.6766,398.8372,426.6929
2021-11-10,SPY,stock,465.58,467.38,462.04,463.62,69429653,2021-11-10,2021-11-10,64.2780,434.1606,398.4278,426.1670
2021-11-09,SPY,stock,469.32,469.57,465.88,467.38,50232447,2021-11-09,2021-11-09,73.0510,433.6053,398.0156,425.6254
2021-11-08,SPY,stock,469.7,470.23,468.2031,468.93,50405194,2021-11-08,2021-11-08,77.0779,432.6165,397.5635,424.9162
2021-11-05,SPY,stock,469.28,470.65,466.92,468.53,66390563,2021-11-05,2021-11-05,76.7711,431.3688,397.0921,424.1182
2021-11-04,SPY,stock,465.36,467,464.99,466.91,52847087,2021-11-04,2021-11-04,75.5397,430.0298,396.6198,423.3030
2021-11-03,SPY,stock,461.3,465.15,460.83,464.72,52509825,2021-11-03,2021-11-03,73.7959,428.7114,396.1581,422.5172
2021-11-02,SPY,stock,460.22,462.23,460.08,461.9,47840033,2021-11-02,2021-11-02,71.3542,427.4728,395.7127,421.7841
2021-11-01,SPY,stock,460.3,460.7021,458.2,460.04,47474495,2021-11-01,2021-11-01,69.6204,426.3851,395.2897,421.1302
2021-10-29,SPY,stock,455.87,459.56,455.56,459.25,70162424,2021-10-29,2021-10-29,68.8775,425.3685,394.8801,420.5215
2021-10-28,SPY,stock,455.46,458.4,455.45,458.32,51437944,2021-10-28,2021-10-28,68.0227,424.3237,394.4739,419.9185
2021-10-27,SPY,stock,456.45,457.16,453.86,453.94,72437997,2021-10-27,2021-10-27,63.6573,423.2618,394.0725,419.3270
2021-10-26,SPY,stock,457.2,458.49,455.56,455.96,56075116,2021-10-26,2021-10-26,67.6099,422.5250,393.7088,418.8807
2021-10-25,SPY,stock,454.28,455.9,452.39,455.55,45214507,2021-10-25,2021-10-25,67.2264,421.5092,393.3222,418.3380
2021-10-22,SPY,stock,453.13,454.67,451.05,453.12,58845088,2021-10-22,2021-10-22,64.9417,420.4274,392.9356,417.7891
2021-10-21,SPY,stock,451.77,453.829,451.31,453.59,41305438,2021-10-21,2021-10-21,65.7651,419.4741,392.5683,417.3118
2021-10-20,SPY,stock,451.13,452.732,451.01,452.41,49571569,2021-10-20,2021-10-20,64.7224,418.3735,392.1928,416.7968
2021-10-19,SPY,stock,448.92,450.71,448.27,450.64,46996827,2021-10-19,2021-10-19,63.1595,417.2749,391.8248,416.3064
2021-10-18,SPY,stock,443.97,447.55,443.27,447.19,62213228,2021-10-18,2021-10-18,59.9479,416.2372,391.4700,415.8645
2021-10-15,SPY,stock,444.75,446.26,444.09,445.87,66260210,2021-10-15,2021-10-15,58.6677,415.4345,391.1444,415.5380
2021-10-14,SPY,stock,439.08,442.66,438.58,442.5,70236825,2021-10-14,2021-10-14,55.2792,414.6790,390.8281,415.2493
2021-10-13,SPY,stock,434.71,436.05,431.54,435.18,72973979,2021-10-13,2021-10-13,46.4194,414.1802,390.5408,415.0792
2021-10-12,SPY,stock,435.67,436.1,432.78,433.62,71181163,2021-10-12,2021-10-12,44.2330,414.3592,390.3203,415.1853
2021-10-11,SPY,stock,437.16,440.26,434.62,434.69,65233285,2021-10-11,2021-10-11,45.4132,414.7127,390.1125,415.3561
2021-10-08,SPY,stock,439.48,439.89,437.19,437.86,74557404,2021-10-08,2021-10-08,49.0108,414.9967,389.8924,415.4925
2021-10-07,SPY,stock,438.39,441.68,438.2,438.66,72437499,2021-10-07,2021-10-07,49.9378,414.9943,389.6398,415.5118
2021-10-06,SPY,stock,429.27,435.1199,427.54,434.9,113032245,2021-10-06,2021-10-06,45.4333,414.9118,389.3771,415.5009
2021-10-05,SPY,stock,430.24,435.49,429.39,433.1,90682520,2021-10-05,2021-10-05,43.1598,415.1958,389.1476,415.6351
2021-10-04,SPY,stock,433,433.96,426.36,428.64,128569957,2021-10-04,2021-10-04,37.1333,415.6892,388.9329,415.8443
2021-10-01,SPY,stock,430.98,436.0329,427.23,434.24,129240106,2021-10-01,2021-10-01,42.3711,416.6796,388.7586,416.2347
2021-09-30,SPY,stock,436.02,436.77,428.78,429.14,140505979,2021-09-30,2021-09-30,34.5658,417.2155,388.5291,416.4243
2021-09-29,SPY,stock,435.19,437.04,433.85,434.45,82329213,2021-09-29,2021-09-29,39.7740,418.3167,388.3460,416.8190
2021-09-28,SPY,stock,439.69,440.04,432.94,433.72,130436306,2021-09-28,2021-09-28,38.5928,419.0040,388.1104,417.0244
2021-09-27,SPY,stock,442.81,444.05,441.9,442.64,61371108,2021-09-27,2021-09-27,49.6386,419.8364,387.8794,417.2664
2021-09-24,SPY,stock,441.44,444.67,441.21,443.91,62094837,2021-09-24,2021-09-24,51.5907,419.8666,387.5611,417.1732
2021-09-23,SPY,stock,439.85,444.89,439.6,443.18,76395981,2021-09-23,2021-09-23,50.5528,419.7731,387.2275,417.0270
2021-09-22,SPY,stock,436.05,440.03,433.747,437.86,102350143,2021-09-22,2021-09-22,42.1607,419.7427,386.8975,416.9031
2021-09-21,SPY,stock,436.53,437.91,433.07,433.63,92526112,2021-09-21,2021-09-21,33.8749,420.2399,386.6148,416.9800
2021-09-20,SPY,stock,434.88,436.56,428.86,434.04,166445534,2021-09-20,2021-09-20,34.3173,421.2114,386.3697,417.2237
2021-09-17,SPY,stock,444.92,445.37,441.02,441.4,118425037,2021-09-17,2021-09-17,43.8689,422.2443,386.1181,417.4614
2021-09-16,SPY,stock,447.32,448.36,444.02,447.17,77786735,2021-09-16,2021-09-16,51.7308,422.6516,385.7939,417.4241
2021-09-15,SPY,stock,444.62,448.41,443.44,447.88,78792222,2021-09-15,2021-09-15,53.1779,422.6700,385.4252,417.2179
2021-09-14,SPY,stock,448.12,448.34,443.22,444.17,78197140,2021-09-14,2021-09-14,45.8247,422.6197,385.0461,416.9758
2021-09-13,SPY,stock,448.64,448.92,444.11,446.58,83738649,2021-09-13,2021-09-13,50.6199,422.9331,384.6984,416.8670
2021-09-10,SPY,stock,451.04,451.49,445.31,445.44,89948174,2021-09-10,2021-09-10,48.2408,423.0397,384.3243,416.6607
2021-09-09,SPY,stock,450.7,452.57,448.72,448.98,57970407,2021-09-09,2021-09-09,56.0235,423.2710,383.9573,416.4901
2021-09-08,SPY,stock,450.89,451.67,448.86,450.91,56181907,2021-09-08,2021-09-08,61.0061,423.1746,383.5530,416.1759
2021-09-07,SPY,stock,452.71,452.81,450.7423,451.46,51671534,2021-09-07,2021-09-07,62.4765,422.8760,383.1263,415.7745
2021-09-03,SPY,stock,451.98,453.63,451.55,453.08,47234364,2021-09-03,2021-09-03,66.8856,422.4914,382.6901,415.3355
2021-09-02,SPY,stock,453.32,454.05,451.91,453.19,42830867,2021-09-02,2021-09-02,67.1845,421.9051,382.2341,414.8161
2021-09-01,SPY,stock,452.56,453.11,451.545,451.8,48721378,2021-09-01,2021-09-01,65.3683,421.2462,381.7725,414.2712
2021-08-31,SPY,stock,452.13,452.49,450.92,451.56,59300213,2021-08-31,2021-08-31,65.0582,420.6562,381.3194,413.7577
2021-08-30,SPY,stock,450.97,453.07,450.71,452.23,48357355,2021-08-30,2021-08-30,66.6041,420.0280,380.8641,413.2326
2021-08-27,SPY,stock,447.12,450.65,447.06,450.25,77235113,2021-08-27,2021-08-27,64.2747,419.2669,380.3978,412.6601
2021-08-26,SPY,stock,448.61,448.86,446.16,446.26,57829572,2021-08-26,2021-08-26,58.9120,418.6227,379.9457,412.1406
2021-08-25,SPY,stock,448.17,449.457,447.77,448.91,40529711,2021-08-25,2021-08-25,64.9222,418.3075,379.5269,411.7538
2021-08-24,SPY,stock,447.97,448.54,447.42,447.97,38744714,2021-08-24,2021-08-24,63.7025,417.6956,379.0787,411.2491
2021-08-23,SPY,stock,445.16,448.23,443.4355,447.26,54973038,2021-08-23,2021-08-23,62.7951,417.1127,378.6349,410.7599
2021-08-20,SPY,stock,440.23,443.71,439.71,443.36,72008712,2021-08-20,2021-08-20,57.3582,416.5390,378.1934,410.2782
2021-08-19,SPY,stock,436.27,441.14,436.12,439.86,92812246,2021-08-19,2021-08-19,51.4453,416.2929,377.7845,409.9272
2021-08-18,SPY,stock,442.96,444.625,438.92,439.18,89351931,2021-08-18,2021-08-18,50.1995,416.3689,377.4048,409.6969
2021-08-17,SPY,stock,444.24,444.96,440.85,444.04,92673933,2021-08-17,2021-08-17,60.5018,416.5206,377.0277,409.4833
2021-08-16,SPY,stock,444.53,447.11,442.87,446.97,73930864,2021-08-16,2021-08-16,68.3552,416.2048,376.6006,409.0737
2021-08-13,SPY,stock,445.59,445.94,445.07,445.92,38673164,2021-08-13,2021-08-13,66.9266,415.5645,376.1414,408.5343
2021-08-12,SPY,stock,443.62,445.2572,442.66,445.11,38942418,2021-08-12,2021-08-12,65.8214,414.9611,375.6876,408.0134
2021-08-11,SPY,stock,443.82,443.882,442.62,443.78,44034340,2021-08-11,2021-08-11,63.9863,414.3749,375.2369,407.5025
2021-08-10,SPY,stock,442.61,443.44,441.88,442.68,43339275,2021-08-10,2021-08-10,62.4376,413.8591,374.7943,407.0220
2021-08-09,SPY,stock,442.46,442.795,441.31,442.13,41222585,2021-08-09,2021-08-09,61.6723,413.3985,374.3578,406.5644
2021-08-06,SPY,stock,442.1,442.94,441.8,442.49,46930008,2021-08-06,2021-08-06,62.4455,412.9441,373.9220,406.1092
2021-08-05,SPY,stock,440.22,441.85,439.88,441.76,38969659,2021-08-05,2021-08-05,61.5375,412.4061,373.4785,405.6216
2021-08-04,SPY,stock,439.78,441.1243,438.73,438.98,46732212,2021-08-04,2021-08-04,57.9413,411.8840,373.0374,405.1422
2021-08-03,SPY,stock,438.44,441.28,436.1,441.15,58053896,2021-08-03,2021-08-03,62.1534,411.5834,372.6183,404.7505
2021-08-02,SPY,stock,440.34,440.93,437.21,437.59,58783297,2021-08-02,2021-08-02,57.4402,411.0354,372.1743,404.2591
2021-07-30,SPY,stock,437.91,440.06,437.77,438.51,68951202,2021-07-30,2021-07-30,59.2097,410.7838,371.7597,403.8850
2021-07-29,SPY,stock,439.815,441.8,439.81,440.65,45910298,2021-07-29,2021-07-29,63.4301,410.4141,371.3322,403.4601
2021-07-28,SPY,stock,439.68,440.3,437.31,438.83,52472360,2021-07-28,2021-07-28,61.2487,409.7927,370.8801,402.9353
2021-07-27,SPY,stock,439.91,439.94,435.99,439.01,67397137,2021-07-27,2021-07-27,61.5861,409.2870,370.4408,402.4593
2021-07-26,SPY,stock,439.31,441.03,439.26,441.02,43719187,2021-07-26,2021-07-26,65.3165,408.7100,369.9953,401.9569
2021-07-23,SPY,stock,437.52,440.3,436.79,439.94,63766637,2021-07-23,2021-07-23,64.2357,407.8725,369.5262,401.3565
2021-07-22,SPY,stock,434.74,435.72,433.69,435.46,47878539,2021-07-22,2021-07-22,59.3570,407.0542,369.0627,400.7732
2021-07-21,SPY,stock,432.34,434.7,431.0111,434.55,64724389,2021-07-21,2021-07-21,58.2836,406.5953,368.6370,400.3389
2021-07-20,SPY,stock,425.68,432.42,424.83,431.06,99608174,2021-07-20,2021-07-20,53.9530,406.1786,368.2158,399.9220
2021-07-19,SPY,stock,426.19,431.4089,421.97,424.97,147987000,2021-07-19,2021-07-19,44.6410,406.0651,367.8234,399.6226
2021-07-16,SPY,stock,436.01,436.06,430.92,431.34,75874662,2021-07-16,2021-07-16,55.5524,406.5454,367.4849,399.5459
2021-07-15,SPY,stock,434.81,435.53,432.72,434.75,55126358,2021-07-15,2021-07-15,63.2356,406.4426,367.0825,399.2203
2021-07-14,SPY,stock,437.4,437.92,434.91,436.24,64130352,2021-07-14,2021-07-14,66.9950,405.9900,366.6437,398.7500
2021-07-13,SPY,stock,436.24,437.84,435.31,435.59,52911312,2021-07-13,2021-07-13,66.1806,405.3415,366.1864,398.2031
2021-07-12,SPY,stock,435.43,437.35,434.97,437.08,52889585,2021-07-12,2021-07-12,69.8495,404.6894,365.7306,397.6588
2021-07-09,SPY,stock,432.53,435.84,430.714,435.52,76238584,2021-07-09,2021-07-09,68.1319,403.8204,365.2561,397.0349
2021-07-08,SPY,stock,428.78,431.73,427.52,430.92,97595232,2021-07-08,2021-07-08,62.2423,403.0152,364.7916,396.4457
2021-07-07,SPY,stock,433.66,434.76,431.51,434.46,63549456,2021-07-07,2021-07-07,71.7132,402.5826,364.3662,396.0099
2021-07-06,SPY,stock,433.78,434.01,430.01,432.93,68710419,2021-07-06,2021-07-06,69.8735,401.7525,363.9028,395.4197
2021-07-02,SPY,stock,431.67,434.1,430.5218,433.72,57697668,2021-07-02,2021-07-02,72.1225,400.9871,363.4494,394.8645
2021-07-01,SPY,stock,428.87,430.6,428.8,430.43,53441027,2021-07-01,2021-07-01,68.1593,400.0626,362.9838,394.2561
2021-06-30,SPY,stock,427.21,428.78,427.18,428.06,64827858,2021-06-30,2021-06-30,64.8131,399.3680,362.5449,393.7497
2021-06-29,SPY,stock,427.88,428.56,427.13,427.7,35970515,2021-06-29,2021-06-29,64.2837,398.8360,362.1240,393.3141
2021-06-28,SPY,stock,427.17,427.65,425.89,427.47,53159581,2021-06-28,2021-06-28,63.9620,398.2837,361.7023,392.8746
2021-06-25,SPY,stock,425.9,427.0943,425.55,426.61,58129525,2021-06-25,2021-06-25,62.7987,397.6962,361.2785,392.4260
2021-06-24,SPY,stock,424.89,425.55,424.62,425.1,45110288,2021-06-24,2021-06-24,60.7321,397.1324,360.8587,391.9923
2021-06-23,SPY,stock,423.19,424.05,422.51,422.6,49445414,2021-06-23,2021-06-23,57.0652,396.6594,360.4490,391.5991
2021-06-22,SPY,stock,420.85,424,420.08,423.11,57700303,2021-06-22,2021-06-22,58.0928,396.3853,360.0589,391.2862
2021-06-21,SPY,stock,416.8,421.06,415.93,420.86,72822028,2021-06-21,2021-06-21,54.7551,396.0316,359.6600,390.9409
2021-06-18,SPY,stock,417.09,417.8281,414.7,414.92,118676302,2021-06-18,2021-06-18,43.7780,395.8644,359.2785,390.6683
2021-06-17,SPY,stock,421.67,423.02,419.32,421.97,90949659,2021-06-17,2021-06-17,55.7320,396.2703,358.9496,390.6137
2021-06-16,SPY,stock,424.63,424.87,419.92,422.11,79250069,2021-06-16,2021-06-16,56.0828,396.1565,358.5636,390.3387
2021-06-15,SPY,stock,425.42,425.46,423.54,424.48,51508508,2021-06-15,2021-06-15,62.2424,396.0169,358.1725,390.0471
2021-06-14,SPY,stock,424.43,425.37,423.1,425.26,42358478,2021-06-14,2021-06-14,64.4041,395.6277,357.7550,389.6525
2021-06-11,SPY,stock,424.2,424.43,422.82,424.31,45570828,2021-06-11,2021-06-11,62.9488,395.1202,357.3259,389.2118
2021-06-10,SPY,stock,422.96,424.63,421.55,423.61,51020147,2021-06-10,2021-06-10,61.8825,394.6534,356.9015,388.7896
2021-06-09,SPY,stock,423.18,423.26,421.41,421.65,48436342,2021-06-09,2021-06-09,58.7998,394.2069,356.4794,388.3772
2021-06-08,SPY,stock,423.11,423.21,420.32,422.28,47134279,2021-06-08,2021-06-08,60.2542,393.9077,356.0717,388.0232
2021-06-07,SPY,stock,422.59,422.78,421.19,422.19,51555032,2021-06-07,2021-06-07,60.1234,393.5145,355.6539,387.6305
2021-06-04,SPY,stock,420.75,422.92,418.8422,422.6,55938789,2021-06-04,2021-06-04,60.9725,393.0888,355.2327,387.2253
2021-06-03,SPY,stock,417.85,419.99,416.28,418.77,58138763,2021-06-03,2021-06-03,55.5240,392.5777,354.8035,386.7878
2021-06-02,SPY,stock,420.37,421.23,419.29,420.33,49097061,2021-06-02,2021-06-02,58.6192,392.3925,354.4061,386.4797
2021-06-01,SPY,stock,422.57,422.72,419.2,419.67,54216625,2021-06-01,2021-06-01,57.6927,392.0331,353.9901,386.0990
2021-05-28,SPY,stock,420.97,421.25,419.79,420.04,58520164,2021-05-28,2021-05-28,58.3730,391.7013,353.5760,385.7281
2021-05-27,SPY,stock,420.17,420.72,418.9851,419.29,56707677,2021-05-27,2021-05-27,57.4280,391.2978,353.1543,385.3279
2021-05-26,SPY,stock,418.87,419.61,417.76,419.07,43088618,2021-05-26,2021-05-26,57.1632,390.9263,352.7355,384.9401
2021-05-25,SPY,stock,420.33,420.71,417.62,418.24,57451396,2021-05-25,2021-05-25,56.2087,390.5375,352.3146,384.5450
2021-05-24,SPY,stock,417.34,420.32,417.08,419.17,51376702,2021-05-24,2021-05-24,57.5427,390.1900,351.8972,384.1657
2021-05-21,SPY,stock,416.87,418.2,414.45,414.94,76578662,2021-05-21,2021-05-21,52.8127,389.7137,351.4669,383.7351
2021-05-20,SPY,stock,411.8,416.625,411.67,415.28,78022218,2021-05-20,2021-05-20,53.2556,389.6066,351.0723,383.4496
2021-05-19,SPY,stock,406.92,411.05,405.33,410.86,106467052,2021-05-19,2021-05-19,47.9915,389.4546,350.6705,383.1393
2021-05-18,SPY,stock,415.8,416.06,411.77,411.94,59810238,2021-05-18,2021-05-18,49.2499,389.7246,350.3065,382.9863
2021-05-17,SPY,stock,415.39,416.39,413.36,415.52,65129221,2021-05-17,2021-05-17,53.5738,389.9160,349.9286,382.7854
2021-05-14,SPY,stock,413.21,417.49,413.18,416.58,82201629,2021-05-14,2021-05-14,54.8989,389.7727,349.5130,382.4388
2021-05-13,SPY,stock,407.07,412.35,407.02,410.28,106393963,2021-05-13,2021-05-13,47.7688,389.5093,349.0833,382.0373
2021-05-12,SPY,stock,411.23,412.59,404,405.41,134811046,2021-05-12,2021-05-12,41.0830,389.8426,348.7088,381.8616
2021-05-11,SPY,stock,413.1,415.27,410.06,414.21,116887975,2021-05-11,2021-05-11,52.3204,390.6937,348.3767,381.8659
2021-05-10,SPY,stock,422.5,422.74,417.81,417.94,81852446,2021-05-10,2021-05-10,58.6326,390.7621,347.9579,381.5321
2021-05-07,SPY,stock,419.89,422.815,419.16,422.12,67733790,2021-05-07,2021-05-07,67.0504,390.4679,347.4996,381.0413
2021-05-06,SPY,stock,415.83,419.21,413.675,419.07,74321368,2021-05-06,2021-05-06,63.4999,389.7285,346.9972,380.3698
2021-05-05,SPY,stock,417.38,417.63,415.15,415.75,39960661,2021-05-05,2021-05-05,59.0385,389.2136,346.5186,379.7882
2021-05-04,SPY,stock,416.07,416.6,411.67,415.62,101591166,2021-05-04,2021-05-04,58.8557,388.9736,346.0665,379.3104
2021-05-03,SPY,stock,419.43,419.84,417.665,418.2,68128289,2021-05-03,2021-05-03,64.1316,388.7212,345.6112,378.8181
2021-04-30,SPY,stock,417.63,418.54,416.34,417.3,85527030,2021-04-30,2021-04-30,63.0589,388.1865,345.1269,378.2065
2021-04-29,SPY,stock,420.32,420.72,416.44,420.06,78544329,2021-04-29,2021-04-29,68.9288,387.6847,344.6462,377.6046
2021-04-28,SPY,stock,417.81,419.01,416.9,417.4,51238854,2021-04-28,2021-04-28,66.1052,386.8565,344.1346,376.8721
2021-04-27,SPY,stock,417.93,418.14,416.3,417.52,51303056,2021-04-27,2021-04-27,66.3578,386.2048,343.6430,376.2118
2021-04-26,SPY,stock,417.44,418.22,416.8111,417.61,52182392,2021-04-26,2021-04-26,66.5348,385.4726,343.1454,375.5200
2021-04-23,SPY,stock,412.87,418.25,412.79,416.74,73276195,2021-04-23,2021-04-23,65.7136,384.6544,342.6418,374.7966
2021-04-22,SPY,stock,415.89,416.78,411.13,412.27,97582788,2021-04-22,2021-04-22,61.1672,383.8363,342.1415,374.0770
2021-04-21,SPY,stock,411.51,416.29,411.36,416.07,66792983,2021-04-21,2021-04-21,68.3184,383.3752,341.6784,373.4998
2021-04-20,SPY,stock,413.91,415.0859,410.59,412.17,81851828,2021-04-20,2021-04-20,64.3458,382.4889,341.1747,372.7531
2021-04-19,SPY,stock,416.26,416.74,413.79,415.21,78498496,2021-04-19,2021-04-19,70.7686,381.8958,340.7029,372.1257
2021-04-16,SPY,stock,417.25,417.91,415.73,417.26,82037278,2021-04-16,2021-04-16,75.4868,380.9390,340.1975,371.3560
2021-04-15,SPY,stock,413.74,416.16,413.69,415.87,60229842,2021-04-15,2021-04-15,74.4127,379.6783,339.6677,370.4760
2021-04-14,SPY,stock,412.83,413.96,410.87,411.45,61659907,2021-04-14,2021-04-14,70.6104,378.4227,339.1457,369.6135
2021-04-13,SPY,stock,411.53,413.529,411.12,412.86,56550988,2021-04-13,2021-04-13,73.8617,377.4730,338.6603,368.8857
2021-04-12,SPY,stock,410.85,411.93,410.2,411.64,56704899,2021-04-12,2021-04-12,72.8576,376.2836,338.1567,368.0740
2021-04-09,SPY,stock,408.39,411.67,408.26,411.49,61104559,2021-04-09,2021-04-09,72.7380,375.0899,337.6595,367.2760
2021-04-08,SPY,stock,407.93,408.58,406.93,408.52,57863114,2021-04-08,2021-04-08,70.3354,373.7854,337.1588,366.4513
2021-04-07,SPY,stock,405.94,406.96,405.45,406.59,55836280,2021-04-07,2021-04-07,68.6692,372.6380,336.6811,365.7070
2021-04-06,SPY,stock,405.76,407.24,405.4,406.12,62020953,2021-04-06,2021-04-06,68.2662,371.5611,336.2169,365.0065
2021-04-05,SPY,stock,403.46,406.94,403.38,406.36,91684764,2021-04-05,2021-04-05,68.6851,370.4175,335.7525,364.2956
2021-04-01,SPY,stock,398.4,400.67,398.18,400.61,99682876,2021-04-01,2021-04-01,63.7335,369.1296,335.2812,363.5463
2021-03-31,SPY,stock,395.34,398,395.31,396.33,112734214,2021-03-31,2021-03-31,59.2835,368.2762,334.8595,362.9875
2021-03-30,SPY,stock,394.42,395.45,393.02,394.73,76262249,2021-03-30,2021-03-30,57.4721,367.7572,334.4741,362.5704
2021-03-29,SPY,stock,394.4,396.75,392.81,395.78,108107626,2021-03-29,2021-03-29,59.0736,367.3421,334.0999,362.1977
2021-03-26,SPY,stock,390.93,396.41,390.29,395.98,114409114,2021-03-26,2021-03-26,59.3662,366.7793,333.7121,361.7695
2021-03-25,SPY,stock,385.98,390.55,383.9,389.7,116128622,2021-03-25,2021-03-25,52.5075,366.1374,333.3185,361.3161
2021-03-24,SPY,stock,391,392.75,387.47,387.52,97588644,2021-03-24,2021-03-24,49.7749,366.0504,332.9804,361.0856
2021-03-23,SPY,stock,391.91,393.46,388.66,389.5,90686552,2021-03-23,2021-03-23,52.3135,366.1703,332.6594,360.9295
2021-03-22,SPY,stock,390.03,394.07,389.97,392.59,73778646,2021-03-22,2021-03-22,56.4885,366.1066,332.3166,360.6909
2021-03-19,SPY,stock,389.88,391.569,387.15,389.48,113624490,2021-03-19,2021-03-19,52.9816,365.7300,331.9410,360.3238
2021-03-18,SPY,stock,394.475,396.72,390.75,391.48,115349101,2021-03-18,2021-03-18,53.9155,365.6219,331.5911,360.0612
2021-03-17,SPY,stock,394.53,398.12,393.3,397.26,97959265,2021-03-17,2021-03-17,62.0436,365.4311,331.2309,359.7603
2021-03-16,SPY,stock,397.07,397.83,395.08,395.91,73722506,2021-03-16,2021-03-16,60.7606,364.6492,330.8125,359.2256
2021-03-15,SPY,stock,394.33,396.685,392.03,396.41,73592302,2021-03-15,2021-03-15,61.4753,363.9183,330.4026,358.7208
2021-03-12,SPY,stock,392.07,394.21,391.2,394.06,64653565,2021-03-12,2021-03-12,59.3908,363.0611,329.9840,358.1763
2021-03-11,SPY,stock,392.23,395.65,391.74,393.53,86245040,2021-03-11,2021-03-11,58.9253,362.3459,329.5832,357.6996
2021-03-10,SPY,stock,389.69,391.4,388.1702,389.58,109899410,2021-03-10,2021-03-10,55.3867,361.6077,329.1835,357.2237
2021-03-09,SPY,stock,385.85,389.91,381.7299,387.17,113633556,2021-03-09,2021-03-09,53.0975,361.1821,328.8170,356.8797
2021-03-08,SPY,stock,384.66,387.68,381.42,381.72,123149245,2021-03-08,2021-03-08,47.4334,360.9498,328.4695,356.6140
2021-03-05,SPY,stock,380.46,384.76,372.64,383.63,152039624,2021-03-05,2021-03-05,49.3738,361.2314,328.1700,356.5463
2021-03-04,SPY,stock,381.22,384,371.88,376.7,183433020,2021-03-04,2021-03-04,41.2812,361.3540,327.8494,356.4026
2021-03-03,SPY,stock,385.79,386.83,381.31,381.42,119940211,2021-03-03,2021-03-03,45.9239,362.1742,327.5910,356.5185
2021-03-02,SPY,stock,389.82,390.07,386,386.54,79595332,2021-03-02,2021-03-02,51.7910,362.6144,327.2854,356.4584
2021-03-01,SPY,stock,385.59,390.92,380.572,389.58,105348798,2021-03-01,2021-03-01,55.7155,362.5951,326.9285,356.1996
2021-02-26,SPY,stock,384.35,385.58,378.23,380.36,149530614,2021-02-26,2021-02-26,43.7012,362.2734,326.5394,355.8138
2021-02-25,SPY,stock,390.41,391.88,380.7789,382.33,144712701,2021-02-25,2021-02-25,46.1873,362.8288,326.2332,355.7655
2021-02-24,SPY,stock,386.33,392.23,385.27,391.77,72433946,2021-02-24,2021-02-24,61.8413,363.2480,325.9055,355.6398
2021-02-23,SPY,stock,384.66,388.945,380.2,387.5,107284127,2021-02-23,2021-02-23,55.5076,362.7786,325.4854,355.1473
2021-02-22,SPY,stock,387.06,389.62,386.74,387.03,66517089,2021-02-22,2021-02-22,54.7398,362.6818,325.1013,354.7982
2021-02-19,SPY,stock,392.07,392.38,389.55,390.03,83240971,2021-02-19,2021-02-19,60.9769,362.6211,324.7178,354.4529
2021-02-18,SPY,stock,389.59,391.515,387.74,390.72,59712773,2021-02-18,2021-02-18,62.4978,362.2577,324.3022,353.9786
2021-02-17,SPY,stock,390.42,392.66,389.33,392.39,51746878,2021-02-17,2021-02-17,66.2091,361.7879,323.8759,353.4585
2021-02-16,SPY,stock,393.96,394.17,391.53,392.3,50972366,2021-02-16,2021-02-16,66.1084,361.1036,323.4295,352.8532
2021-02-12,SPY,stock,389.85,392.9,389.77,392.64,50593270,2021-02-12,2021-02-12,66.8069,360.3562,322.9795,352.2266
2021-02-11,SPY,stock,391.24,391.69,388.1,390.71,42913288,2021-02-11,2021-02-11,64.8492,359.4965,322.5218,351.5615
2021-02-10,SPY,stock,392.12,392.28,387.5,390.08,58362935,2021-02-10,2021-02-10,64.2094,358.7370,322.0777,350.9431
2021-02-09,SPY,stock,389.61,390.89,389.17,390.25,34142633,2021-02-09,2021-02-09,64.5036,357.9598,321.6350,350.3236
2021-02-08,SPY,stock,389.27,390.56,388.35,390.51,38365185,2021-02-08,2021-02-08,64.9260,357.0840,321.1863,349.6723
2021-02-05,SPY,stock,388.2,388.47,386.1444,387.71,48669773,2021-02-05,2021-02-05,62.4679,356.0903,320.7307,348.9845
2021-02-04,SPY,stock,382.96,386.24,381.9655,386.19,47142555,2021-02-04,2021-02-04,61.0934,355.2687,320.2969,348.3759
2021-02-03,SPY,stock,382.435,383.7,380.48,381.85,52427090,2021-02-03,2021-02-03,56.9093,354.5107,319.8730,347.8006
2021-02-02,SPY,stock,379.65,383.22,376.3181,381.55,62923781,2021-02-02,2021-02-02,56.6098,354.1017,319.4859,347.3682
2021-02-01,SPY,stock,373.72,377.34,370.376,376.23,75817597,2021-02-01,2021-02-01,51.0018,353.6793,319.0976,346.9296
2021-01-29,SPY,stock,375.63,376.67,368.27,370.07,126765121,2021-01-29,2021-01-29,43.0939,353.7381,318.7557,346.6768
2021-01-28,SPY,stock,376.36,381.93,375.89,377.63,94198104,2021-01-28,2021-01-28,52.8062,354.4116,318.4684,346.6498
2021-01-27,SPY,stock,380.22,380.32,372.01,374.41,123351078,2021-01-27,2021-01-27,48.1879,354.4092,318.1069,346.3320
2021-01-26,SPY,stock,385.41,385.85,383.54,383.79,42665281,2021-01-26,2021-01-26,65.5356,354.7245,317.7722,346.1246
2021-01-25,SPY,stock,383.67,384.77,378.46,384.39,70401971,2021-01-25,2021-01-25,66.9676,354.1464,317.3456,345.5494
2021-01-22,SPY,stock,382.25,384.1256,381.835,382.88,52136931,2021-01-22,2021-01-22,65.1901,353.4482,316.9091,344.9278
2021-01-21,SPY,stock,384.49,384.95,383.25,384.24,47955809,2021-01-21,2021-01-21,68.2621,352.8256,316.4824,344.3386
2021-01-20,SPY,stock,381.11,384.79,380.69,383.89,61836062,2021-01-20,2021-01-20,67.9006,352.0031,316.0386,343.6733
2021-01-19,SPY,stock,378.34,379.23,376.75,378.65,51233300,2021-01-19,2021-01-19,61.8621,351.1286,315.5937,342.9942
2021-01-15,SPY,stock,376.72,377.58,373.7,375.7,107159962,2021-01-15,2021-01-15,57.7024,350.6798,315.1937,342.4882
2021-01-14,SPY,stock,380.59,381.13,378.1,378.46,49989113,2021-01-14,2021-01-14,63.7423,350.4752,314.8175,342.0745
2021-01-13,SPY,stock,378.69,380.86,377.85,379.79,45303619,2021-01-13,2021-01-13,66.8746,349.9763,314.4115,341.5382
2021-01-12,SPY,stock,378.89,379.86,376.36,378.77,51440114,2021-01-12,2021-01-12,65.6734,349.2936,313.9889,340.9290
2021-01-11,SPY,stock,377.85,380.58,377.7189,378.69,51176719,2021-01-11,2021-01-11,65.5825,348.6397,313.5717,340.3341
2021-01-08,SPY,stock,380.59,381.49,377.1,381.26,71677208,2021-01-08,2021-01-08,71.2072,347.9249,313.1510,339.7179
2021-01-07,SPY,stock,376.1,379.9,375.91,379.1,68766812,2021-01-07,2021-01-07,69.1417,346.8810,312.7018,338.9781
2021-01-06,SPY,stock,369.71,376.98,369.12,373.55,107997675,2021-01-06,2021-01-06,62.7695,345.9406,312.2685,338.2909
2021-01-05,SPY,stock,368.1,372.5,368.05,371.33,66426229,2021-01-05,2021-01-05,59.6767,345.4496,311.8832,337.7883
2021-01-04,SPY,stock,375.31,375.45,364.82,368.79,110210810,2021-01-04,2021-01-04,55.7735,345.1261,311.5150,337.3501
2020-12-31,SPY,stock,371.78,374.66,371.232,373.88,78520702,2020-12-31,2020-12-31,68.0267,345.0196,311.1670,336.9915
2020-12-30,SPY,stock,372.34,373.1,371.57,371.99,49455259,2020-12-30,2020-12-30,65.4063,344.3990,310.7675,336.4231
2020-12-29,SPY,stock,373.81,374,370.83,371.46,53680451,2020-12-29,2020-12-29,64.6519,343.8998,310.3819,335.9040
2020-12-28,SPY,stock,371.74,372.59,371.07,372.17,37932709,2020-12-28,2020-12-28,66.4545,343.4004,309.9973,335.3840
2020-12-24,SPY,stock,368.08,369.03,367.45,369,26457853,2020-12-24,2020-12-24,62.0699,342.7783,309.6022,334.8156
2020-12-23,SPY,stock,368.28,369.62,367.2172,367.57,46201402,2020-12-23,2020-12-23,59.8729,342.4038,309.2330,334.3454
2020-12-22,SPY,stock,368.21,368.3317,366.03,367.24,48388462,2020-12-22,2020-12-22,59.3686,342.1313,308.8736,333.9108
2020-12-21,SPY,stock,364.97,378.46,362.03,367.86,96386745,2020-12-21,2020-12-21,60.6995,341.8627,308.5137,333.4711
2020-12-18,SPY,stock,370.97,371.15,367.02,369.18,136542328,2020-12-18,2020-12-18,63.5143,341.5045,308.1444,332.9897
2020-12-17,SPY,stock,371.94,372.46,371.05,372.24,64119472,2020-12-17,2020-12-17,66.7219,340.9782,307.7589,332.4381
2020-12-16,SPY,stock,369.82,371.16,368.8676,370.17,58420517,2020-12-16,2020-12-16,64.3860,340.2509,307.3556,331.8075
2020-12-15,SPY,stock,367.4,369.59,365.92,369.59,64071099,2020-12-15,2020-12-15,63.7235,339.6507,306.9676,331.2301
2020-12-14,SPY,stock,368.64,369.8,364.47,364.66,69216174,2020-12-14,2020-12-14,57.4804,339.0444,306.5813,330.6513
2020-12-11,SPY,stock,364.9,366.7402,363.26,366.3,57698614,2020-12-11,2020-12-11,60.7076,338.8593,306.2373,330.2370
2020-12-10,SPY,stock,365.37,367.86,364.43,366.73,57735353,2020-12-10,2020-12-10,61.5490,338.4933,305.8745,329.7432
2020-12-09,SPY,stock,370.88,371.05,365.95,366.85,74098312,2020-12-09,2020-12-09,61.7708,338.0465,305.5041,329.2128
2020-12-08,SPY,stock,367.72,370.78,367.67,370.17,42458859,2020-12-08,2020-12-08,68.0742,337.5409,305.1287,328.6561
2020-12-07,SPY,stock,369.02,369.62,367.72,369.09,48944269,2020-12-07,2020-12-07,67.0588,336.6554,304.7184,327.9502
2020-12-04,SPY,stock,367.32,369.85,367.22,369.85,50749859,2020-12-04,2020-12-04,68.4821,335.7830,304.3142,327.2565
2020-12-03,SPY,stock,366.68,368.19,365.5,366.69,62881998,2020-12-03,2020-12-03,65.6689,334.7440,303.8987,326.5056
2020-12-02,SPY,stock,364.82,366.96,364.2,366.79,45927000,2020-12-02,2020-12-02,65.8416,333.9065,303.5087,325.8446
2020-12-01,SPY,stock,365.57,367.68,364.93,366.02,72509670,2020-12-01,2020-12-01,65.1870,332.9710,303.1139,325.1528
2020-11-30,SPY,stock,362.83,363.12,359.17,362.06,83872709,2020-11-30,2020-11-30,61.6804,332.0127,302.7223,324.4622
2020-11-27,SPY,stock,363.84,364.18,362.58,363.67,28514072,2020-11-27,2020-11-27,64.1187,331.3432,302.3640,323.8944
2020-11-25,SPY,stock,363.13,363.16,361.48,362.66,45330890,2020-11-25,2020-11-25,63.2729,330.4448,301.9870,323.2420
2020-11-24,SPY,stock,360.21,363.81,359.29,363.22,60985003,2020-11-24,2020-11-24,64.0502,329.5512,301.6157,322.6015
2020-11-23,SPY,stock,357.28,358.82,354.865,357.46,63230608,2020-11-23,2020-11-23,59.2716,328.5084,301.2354,321.9135
2020-11-20,SPY,stock,357.5,357.72,355.25,355.33,70411890,2020-11-20,2020-11-20,57.3238,327.9226,300.9053,321.4171
2020-11-19,SPY,stock,355.6,358.18,354.15,357.78,59940947,2020-11-19,2020-11-19,60.4096,327.4846,300.5920,320.9817
2020-11-18,SPY,stock,360.91,361.5,356.24,356.28,70591299,2020-11-18,2020-11-18,59.1597,326.7594,300.2525,320.4351
2020-11-17,SPY,stock,359.97,361.92,358.34,360.62,66111009,2020-11-17,2020-11-17,64.6425,326.1055,299.9236,319.9235
2020-11-16,SPY,stock,360.98,362.78,359.59,362.57,74541138,2020-11-16,2020-11-16,67.2426,324.9558,299.5507,319.2253
2020-11-13,SPY,stock,355.27,358.9,354.71,358.1,62959429,2020-11-13,2020-11-13,64.1755,323.4933,299.1558,318.4243
2020-11-12,SPY,stock,355.58,356.7182,351.26,353.21,68118563,2020-11-12,2020-11-12,60.4099,322.3166,298.7988,317.7611
2020-11-11,SPY,stock,356.4,357.56,355.06,356.67,58649048,2020-11-11,2020-11-11,64.8913,321.4970,298.4842,317.2574
2020-11-10,SPY,stock,353.49,355.18,350.51,354.04,85552022,2020-11-10,2020-11-10,62.9515,320.2508,298.1339,316.6012
2020-11-09,SPY,stock,363.97,364.38,354.06,354.56,172304203,2020-11-09,2020-11-09,63.5966,319.1321,297.8048,316.0184
2020-11-06,SPY,stock,349.93,351.51,347.65,350.16,74972973,2020-11-06,2020-11-06,60.4086,317.8446,297.4676,315.3921
2020-11-05,SPY,stock,349.24,352.19,348.86,350.24,82039749,2020-11-05,2020-11-05,60.4981,316.8543,297.1682,314.9080
2020-11-04,SPY,stock,340.86,347.94,339.59,343.54,126959700,2020-11-04,2020-11-04,55.3575,315.7520,296.8651,314.4011
2020-11-03,SPY,stock,333.69,338.25,330.2935,336.03,93294192,2020-11-03,2020-11-03,48.3632,315.1927,296.6219,314.1291
2020-11-02,SPY,stock,330.2,332.36,327.24,330.2,86068299,2020-11-02,2020-11-02,41.7891,315.3134,296.4468,314.1325
2020-10-30,SPY,stock,328.28,329.69,322.6,326.54,120448685,2020-10-30,2020-10-30,37.1225,316.0203,296.3247,314.3584
2020-10-29,SPY,stock,326.91,333.395,325.09,329.98,90597689,2020-10-29,2020-10-29,39.9152,317.1617,296.2357,314.7332
2020-10-28,SPY,stock,332.1,338.2483,326.13,326.66,127094307,2020-10-28,2020-10-28,35.5715,318.0848,296.1135,314.9920
2020-10-27,SPY,stock,339.76,340.12,337.99,338.22,65994108,2020-10-27,2020-10-27,46.4223,319.4317,296.0213,315.3880
2020-10-26,SPY,stock,342.13,342.98,335.62,339.39,91473002,2020-10-26,2020-10-26,47.7924,319.7832,295.8196,315.3592
2020-10-23,SPY,stock,345.93,345.99,343.13,345.78,49143931,2020-10-23,2020-10-23,56.2053,320.0565,295.6048,315.2847
2020-10-22,SPY,stock,342.96,345.24,340.65,344.61,55399292,2020-10-22,2020-10-22,54.8541,319.7300,295.3279,314.9633
2020-10-21,SPY,stock,343.33,348.6847,342.4,342.73,63574979,2020-10-21,2020-10-21,52.6757,319.4842,295.0592,314.6734
2020-10-20,SPY,stock,343.46,346.88,342.64,343.38,60051880,2020-10-20,2020-10-20,53.5046,319.3975,294.8055,314.4434
2020-10-19,SPY,stock,348.65,349.33,341.04,342.01,68425614,2020-10-19,2020-10-19,52.0271,319.2378,294.5430,314.1793
2020-10-16,SPY,stock,348.96,350.75,347.1,347.29,89501868,2020-10-16,2020-10-16,58.7026,319.1959,294.2909,313.9566
2020-10-15,SPY,stock,343.71,348.02,343.13,347.5,60357659,2020-10-15,2020-10-15,58.9821,318.6303,293.9865,313.5234
2020-10-14,SPY,stock,350.75,351.93,347.14,347.93,57958749,2020-10-14,2020-10-14,59.5209,317.9844,293.6772,313.0645
2020-10-13,SPY,stock,352.28,352.4651,349.09,350.13,73255513,2020-10-13,2020-10-13,62.2213,317.2283,293.3607,312.5705
2020-10-12,SPY,stock,349.59,354.02,349.06,352.43,80388533,2020-10-12,2020-10-12,65.0881,316.1761,293.0204,311.9724
2020-10-09,SPY,stock,345.56,347.35,344.89,346.85,59528606,2020-10-09,2020-10-09,61.0448,314.7870,292.6550,311.2622
2020-10-08,SPY,stock,342.85,343.85,341.86,343.78,45242476,2020-10-08,2020-10-08,58.5950,313.8005,292.3384,310.7358
2020-10-07,SPY,stock,338.12,341.63,338.09,340.76,56999597,2020-10-07,2020-10-07,56.0715,313.0122,292.0475,310.3051
2020-10-06,SPY,stock,339.91,342.17,334.38,334.93,90128883,2020-10-06,2020-10-06,50.6836,312.4380,291.7819,309.9719
2020-10-05,SPY,stock,336.06,339.96,336.01,339.76,45713108,2020-10-05,2020-10-05,55.9641,312.3770,291.5685,309.8476
2020-10-02,SPY,stock,331.7,337.0126,331.19,333.84,89431112,2020-10-02,2020-10-02,50.0400,311.8343,291.3076,309.5339
2020-10-01,SPY,stock,337.69,338.74,335.01,337.04,88698745,2020-10-01,2020-10-01,53.6636,311.8169,291.0996,309.4333
2020-09-30,SPY,stock,333.09,338.29,332.88,334.89,104081136,2020-09-30,2020-09-30,51.4712,311.4829,290.8595,309.2065
2020-09-29,SPY,stock,333.97,334.77,331.6209,332.37,51531594,2020-09-29,2020-09-29,48.8365,311.3252,290.6372,309.0524
2020-09-28,SPY,stock,333.22,334.96,332.15,334.19,64584614,2020-09-28,2020-09-28,50.6818,311.3989,290.4363,308.9882
2020-09-25,SPY,stock,322.58,329.58,321.64,328.73,71069426,2020-09-25,2020-09-25,44.8798,311.3012,290.2163,308.8520
2020-09-24,SPY,stock,321.22,326.797,319.8,323.5,76681332,2020-09-24,2020-09-24,38.4380,311.7304,290.0453,308.9184
2020-09-23,SPY,stock,330.9,331.2,322.1,322.64,93112240,2020-09-23,2020-09-23,37.3195,312.7193,289.9218,309.1871
2020-09-22,SPY,stock,328.57,330.9,325.86,330.3,63612107,2020-09-22,2020-09-22,43.9193,313.8968,289.8051,309.4995
2020-09-21,SPY,stock,325.7,327.13,321.73,326.97,99450829,2020-09-21,2020-09-21,39.6080,314.4448,289.6153,309.5325
2020-09-18,SPY,stock,335.37,335.49,327.97,330.65,105877942,2020-09-18,2020-09-18,43.0002,315.3781,289.4549,309.6939
2020-09-17,SPY,stock,333.56,337.6996,332.991,335.84,91523339,2020-09-17,2020-09-17,46.8862,316.0475,289.2583,309.7215
2020-09-16,SPY,stock,341.51,343.06,338.52,338.82,82211256,2020-09-16,2020-09-16,50.1424,316.4101,289.0237,309.6039
2020-09-15,SPY,stock,341.12,342.02,338.4683,340.17,52920862,2020-09-15,2020-09-15,51.6514,316.5190,288.7588,309.3683
2020-09-14,SPY,stock,337.49,340.38,334.2208,338.46,65605686,2020-09-14,2020-09-14,49.8773,316.5070,288.4787,309.0717
2020-09-11,SPY,stock,335.82,336.97,331,334.06,84680194,2020-09-11,2020-09-11,45.0604,316.6612,288.2117,308.8281
2020-09-10,SPY,stock,341.82,342.53,332.85,333.89,90569548,2020-09-10,2020-09-10,44.8703,317.2629,287.9832,308.7416
2020-09-09,SPY,stock,337.55,342.46,336.61,339.79,91462290,2020-09-09,2020-09-09,50.5010,317.9445,287.7540,308.6581
2020-09-08,SPY,stock,336.71,342.64,332.88,333.21,114465322,2020-09-08,2020-09-08,43.1075,318.1198,287.4673,308.3471
2020-09-04,SPY,stock,346.13,347.83,334.87,342.57,139156281,2020-09-04,2020-09-04,53.7029,318.9582,287.2393,308.2733
2020-09-03,SPY,stock,355.87,356.38,342.59,345.39,148011129,2020-09-03,2020-09-03,57.6683,318.9679,286.9215,307.8409
2020-09-02,SPY,stock,354.67,358.75,353.43,357.7,69540035,2020-09-02,2020-09-02,82.3017,318.7022,286.5740,307.2837
2020-09-01,SPY,stock,350.21,352.71,349.24,352.6,54999325,2020-09-01,2020-09-01,78.8214,317.2024,286.1079,306.2361
2020-08-31,SPY,stock,350.35,351.3,349.06,349.31,66099183,2020-08-31,2020-08-31,75.9936,316.0445,285.6849,305.3395
2020-08-28,SPY,stock,349.44,350.72,348.15,350.58,48588940,2020-08-28,2020-08-28,79.8135,315.0870,285.2883,304.5313
2020-08-27,SPY,stock,348.51,349.9,346.53,348.33,58034142,2020-08-27,2020-08-27,77.9937,313.9043,284.8759,303.6419
2020-08-26,SPY,stock,344.76,347.86,344.17,347.57,50790237,2020-08-26,2020-08-26,77.3534,312.8175,284.4804,302.8016
2020-08-25,SPY,stock,343.53,344.21,342.27,344.12,38463381,2020-08-25,2020-08-25,74.1875,311.6908,284.0881,301.9559
2020-08-24,SPY,stock,342.12,343,339.4504,342.92,48588662,2020-08-24,2020-08-24,72.9668,310.7836,283.7240,301.2068
2020-08-21,SPY,stock,337.92,339.72,337.55,339.48,55106628,2020-08-21,2020-08-21,69.0740,309.8984,283.3675,300.4727
2020-08-20,SPY,stock,335.36,338.8,335.22,338.28,42207826,2020-08-20,2020-08-20,67.5609,309.2571,283.0397,299.8393
2020-08-19,SPY,stock,339.05,339.61,336.62,337.23,68054244,2020-08-19,2020-08-19,66.2180,308.6659,282.7197,299.2256
2020-08-18,SPY,stock,338.34,339.1,336.61,338.64,38733908,2020-08-18,2020-08-18,69.8224,308.1153,282.4064,298.6268
2020-08-17,SPY,stock,337.94,338.34,336.8517,337.91,34496002,2020-08-17,2020-08-17,69.0114,307.3687,282.0767,297.9500
2020-08-14,SPY,stock,336.41,337.42,335.62,336.84,47260390,2020-08-14,2020-08-14,67.8351,306.6149,281.7506,297.2733
2020-08-13,SPY,stock,336.61,338.2514,335.83,336.83,41816146,2020-08-13,2020-08-13,67.8245,305.8866,281.4311,296.6096
2020-08-12,SPY,stock,335.44,338.28,332.8377,337.44,53826128,2020-08-12,2020-08-12,69.1146,305.0827,281.1086,295.9192
2020-08-11,SPY,stock,336.85,337.54,332.01,332.8,69601087,2020-08-11,2020-08-11,64.3210,304.1344,280.7771,295.1775
2020-08-10,SPY,stock,335.06,335.77,332.955,335.57,44282089,2020-08-10,2020-08-10,70.3760,303.5408,280.4857,294.5818
2020-08-07,SPY,stock,333.28,334.88,332.3,334.57,57308270,2020-08-07,2020-08-07,69.4106,302.6134,280.1654,293.8565
2020-08-06,SPY,stock,331.4799,334.46,331.13,334.33,43679447,2020-08-06,2020-08-06,69.1869,301.6864,279.8513,293.1396
2020-08-05,SPY,stock,331.47,332.39,331.18,332.11,42866354,2020-08-05,2020-08-05,67.1211,300.6853,279.5363,292.4025
2020-08-04,SPY,stock,327.86,330.06,327.86,330.06,41917893,2020-08-04,2020-08-04,65.1157,299.7963,279.2389,291.7198
2020-08-03,SPY,stock,328.32,329.62,327.73,328.79,53077948,2020-08-03,2020-08-03,63.8472,299.0146,278.9576,291.0870
2020-07-31,SPY,stock,325.9,326.63,321.33,326.52,85210755,2020-07-31,2020-07-31,61.5251,298.2750,278.6854,290.4767
2020-07-30,SPY,stock,321.9,324.41,319.64,323.96,61861714,2020-07-30,2020-07-30,58.7506,297.6800,278.4317,289.9277
2020-07-29,SPY,stock,322.12,325.73,322.075,325.12,48454159,2020-07-29,2020-07-29,60.5890,297.2732,278.1995,289.4535
2020-07-28,SPY,stock,322.43,323.64,320.85,321.17,57494979,2020-07-28,2020-07-28,56.2615,296.7099,277.9540,288.9159
2020-07-27,SPY,stock,321.63,323.41,320.775,323.22,48292970,2020-07-27,2020-07-27,59.4050,296.4744,277.7430,288.5065
2020-07-24,SPY,stock,320.95,321.99,319.246,320.88,73766597,2020-07-24,2020-07-24,56.8496,296.0132,277.5107,288.0024
2020-07-23,SPY,stock,326.47,327.23,321.48,322.96,75737989,2020-07-23,2020-07-23,59.9653,295.7327,277.2980,287.5667
2020-07-22,SPY,stock,324.62,327.2,324.5,326.86,57792915,2020-07-22,2020-07-22,66.2908,295.2189,277.0636,287.0341
2020-07-21,SPY,stock,326.45,326.93,323.94,325.01,57245315,2020-07-21,2020-07-21,64.6482,294.2689,276.7905,286.3317
2020-07-20,SPY,stock,321.43,325.13,320.62,324.32,56150230,2020-07-20,2020-07-20,64.0413,293.4002,276.5319,285.6709
2020-07-17,SPY,stock,321.88,322.57,319.74,321.72,64421802,2020-07-17,2020-07-17,61.7436,292.5076,276.2771,285.0093
2020-07-16,SPY,stock,319.79,321.28,319.09,320.79,54433414,2020-07-16,2020-07-16,60.9140,291.7758,276.0441,284.4195
2020-07-15,SPY,stock,322.41,323.04,319.27,321.85,86921534,2020-07-15,2020-07-15,62.3448,291.0581,275.8175,283.8409
2020-07-14,SPY,stock,313.3,319.76,312,318.92,92791839,2020-07-14,2020-07-14,59.9289,290.1610,275.5787,283.1985
2020-07-13,SPY,stock,320.13,322.71,314.13,314.84,102549097,2020-07-13,2020-07-13,56.3040,289.4566,275.3648,282.6412
2020-07-10,SPY,stock,314.31,317.88,312.76,317.59,57454436,2020-07-10,2020-07-10,59.6832,289.0778,275.1870,282.2161
2020-07-09,SPY,stock,316.84,317.1,310.68,314.38,83079092,2020-07-09,2020-07-09,56.8780,288.3896,274.9817,281.6692
2020-07-08,SPY,stock,314.61,316.3,312.7,316.18,54202602,2020-07-08,2020-07-08,59.0161,287.9435,274.8044,281.2219
2020-07-07,SPY,stock,315.38,317.52,313.37,313.78,82583406,2020-07-07,2020-07-07,57.0155,287.2741,274.6084,280.6880
2020-07-06,SPY,stock,316.37,317.68,315.56,317.05,61149258,2020-07-06,2020-07-06,60.7684,286.7694,274.4329,280.2235
2020-07-02,SPY,stock,314.24,315.7,311.51,312.23,69214995,2020-07-02,2020-07-02,56.8840,285.8911,274.2251,279.6157
2020-07-01,SPY,stock,309.57,311.89,309.07,310.52,71910372,2020-07-01,2020-07-01,55.4303,285.3927,274.0603,279.1663
2020-06-30,SPY,stock,303.99,310.2,303.82,308.36,112828251,2020-06-30,2020-06-30,53.5950,285.0094,273.9098,278.7635
2020-06-29,SPY,stock,301.41,304.61,298.93,304.46,79773260,2020-06-29,2020-06-29,50.1539,284.7973,273.7780,278.4264
2020-06-26,SPY,stock,306.16,306.39,299.42,300.05,127811745,2020-06-26,2020-06-26,45.9450,284.9450,273.6813,278.2236
2020-06-25,SPY,stock,303.47,307.64,301.28,307.35,88966079,2020-06-25,2020-06-25,52.7975,285.5404,273.6250,278.1802
2020-06-24,SPY,stock,309.84,310.51,302.1,304.09,132067392,2020-06-24,2020-06-24,49.6857,285.4832,273.4998,277.8576
2020-06-23,SPY,stock,313.49,314.5,311.61,312.05,68066900,2020-06-23,2020-06-23,58.4174,285.7394,273.4038,277.6456
2020-06-22,SPY,stock,307.99,311.05,306.75,310.62,74007212,2020-06-22,2020-06-22,57.1615,285.2426,273.2324,277.1227
2020-06-19,SPY,stock,314.17,314.38,306.53,308.64,135211345,2020-06-19,2020-06-19,55.4309,284.8337,273.0726,276.6327
2020-06-18,SPY,stock,310.01,312.3,309.51,311.78,80355844,2020-06-18,2020-06-18,57.3497,284.5757,272.9298,276.1979
2020-06-17,SPY,stock,314.07,314.39,310.86,311.66,82814592,2020-06-17,2020-06-17,57.2568,284.1175,272.7690,275.6783
2020-06-16,SPY,stock,315.48,315.64,307.67,312.96,137048347,2020-06-16,2020-06-16,58.5401,283.6228,272.6077,275.1420
2020-06-15,SPY,stock,298.02,308.28,296.74,307.05,134968796,2020-06-15,2020-06-15,54.2071,282.9492,272.4327,274.5347
2020-06-12,SPY,stock,308.24,309.08,298.6,304.21,194450402,2020-06-12,2020-06-12,51.9671,282.7813,272.3110,274.1261
2020-06-11,SPY,stock,311.46,312.15,300.01,300.61,208285190,2020-06-11,2020-06-11,49.0326,282.8726,272.2145,273.8082
2020-06-10,SPY,stock,321.42,322.39,318.22,319,93944722,2020-06-10,2020-06-10,69.0405,283.3248,272.1505,273.6136
2020-06-09,SPY,stock,320.3,323.28,319.36,320.79,77174695,2020-06-09,2020-06-09,71.6842,282.0307,271.9147,272.7154
2020-06-08,SPY,stock,320.22,323.41,319.63,323.2,73310274,2020-06-08,2020-06-08,75.2886,280.4257,271.6597,271.7128
2020-06-05,SPY,stock,317.23,321.27,317.16,319.34,150302461,2020-06-05,2020-06-05,73.2913,278.4167,271.3798,270.5782
2020-06-04,SPY,stock,311.11,313,309.08,311.36,75471787,2020-06-04,2020-06-04,68.3861,276.5727,271.1331,269.5433
2020-06-03,SPY,stock,310.24,313.22,309.94,312.18,91750087,2020-06-03,2020-06-03,69.6059,275.3131,270.9581,268.7679
2020-06-02,SPY,stock,306.55,308.13,305.1,308.08,73635043,2020-06-02,2020-06-02,66.8616,273.8409,270.7738,267.9299
2020-06-01,SPY,stock,303.62,306.21,303.06,305.55,55696013,2020-06-01,2020-06-01,65.0536,272.6136,270.6258,267.2128
2020-05-29,SPY,stock,302.46,304.96,299.47,304.32,119067393,2020-05-29,2020-05-29,64.1712,271.5040,270.4999,266.5621
2020-05-28,SPY,stock,304.65,306.84,302.24,302.97,90232213,2020-05-28,2020-05-28,63.2248,270.3976,270.3841,265.9314
2020-05-27,SPY,stock,302.12,303.57,296.87,303.53,104086252,2020-05-27,2020-05-27,63.8747,269.3064,270.2798,265.3260
2020-05-26,SPY,stock,301.93,302.19,295.46,299.08,88604807,2020-05-26,2020-05-26,60.9097,268.0457,270.1692,264.6746
2020-05-22,SPY,stock,294.57,295.63,293.22,295.44,63697627,2020-05-22,2020-05-22,58.3108,267.0864,270.0990,264.1651
2020-05-21,SPY,stock,296.79,297.67,293.69,294.88,77863922,2020-05-21,2020-05-21,57.9110,266.3812,270.0619,263.7724
2020-05-20,SPY,stock,295.82,297.87,295.57,296.93,85279592,2020-05-20,2020-05-20,59.8622,265.6563,270.0297,263.3848
2020-05-19,SPY,stock,294.35,296.21,291.95,291.97,94317356,2020-05-19,2020-05-19,56.5750,264.6552,269.9781,262.9040
2020-05-18,SPY,stock,293.05,296.75,292.7,295,119719465,2020-05-18,2020-05-18,59.3314,264.0326,269.9721,262.5910
2020-05-15,SPY,stock,282.37,286.33,281.34,286.28,111015834,2020-05-15,2020-05-15,53.2439,263.0489,269.9379,262.1507
2020-05-14,SPY,stock,278.95,285.11,272.99,284.97,121473094,2020-05-14,2020-05-14,52.2468,262.8122,269.9845,262.0223
2020-05-13,SPY,stock,286.06,287.19,278.96,281.6,144035915,2020-05-13,2020-05-13,49.6835,262.6784,270.0439,261.9382
2020-05-12,SPY,stock,293.79,294.24,286.52,286.67,94484342,2020-05-12,2020-05-12,53.7112,262.8592,270.1351,261.9781
2020-05-11,SPY,stock,290.34,294,289.88,292.5,78982891,2020-05-11,2020-05-11,58.8009,262.5645,270.1801,261.8279
2020-05-08,SPY,stock,291.09,292.95,289.86,292.44,76446082,2020-05-08,2020-05-08,58.7636,261.6701,270.1713,261.4510
2020-05-07,SPY,stock,287.75,289.78,287.13,287.68,74788296,2020-05-07,2020-05-07,55.8131,260.6874,270.1629,261.0610
2020-05-06,SPY,stock,288.04,288.46,283.78,284.25,72980387,2020-05-06,2020-05-06,53.5913,260.0656,270.1987,260.8351
2020-05-05,SPY,stock,286.64,289.25,283.71,286.19,79199214,2020-05-05,2020-05-05,55.0450,259.7129,270.2669,260.7298
2020-05-04,SPY,stock,280.74,283.9,279.13,283.57,80462952,2020-05-04,2020-05-04,53.4619,259.1338,270.3177,260.5468
2020-05-01,SPY,stock,285.31,290.66,281.52,282.79,125045778,2020-05-01,2020-05-01,53.0045,258.7494,270.3934,260.4554
2020-04-30,SPY,stock,291.71,293.32,288.59,290.48,121537052,2020-04-30,2020-04-30,58.2462,258.4006,270.4771,260.3897
2020-04-29,SPY,stock,291.53,294.88,290.41,293.21,118066585,2020-04-29,2020-04-29,60.2090,257.2649,270.4901,260.0306
2020-04-28,SPY,stock,291.02,291.4,285.4,285.73,104797847,2020-04-28,2020-04-28,56.4776,255.7434,270.4777,259.5535
2020-04-27,SPY,stock,285.12,288.27,284.62,287.05,77516422,2020-04-27,2020-04-27,57.3590,254.7914,270.5349,259.3398
2020-04-24,SPY,stock,280.73,283.7,278.5,282.97,85042563,2020-04-24,2020-04-24,55.3594,253.6104,270.5804,259.0675
2020-04-23,SPY,stock,280.49,283.94,278.75,279.08,103685412,2020-04-23,2020-04-23,53.4259,252.7030,270.6643,258.9385
2020-04-22,SPY,stock,278.35,281,276.91,279.1,92831657,2020-04-22,2020-04-22,53.4369,252.0797,270.7853,258.9513
2020-04-21,SPY,stock,276.73,278.04,272.02,273.04,125772551,2020-04-21,2020-04-21,50.5598,251.3887,270.9073,258.9638
2020-04-20,SPY,stock,282.61,286.79,281.35,281.59,99323028,2020-04-20,2020-04-20,55.0132,251.2162,271.0870,259.2061
2020-04-17,SPY,stock,285.38,287.3,282.4,286.64,146455688,2020-04-17,2020-04-17,57.8057,250.1915,271.1889,259.1349
2020-04-16,SPY,stock,279.15,280.03,275.76,279.1,126144324,2020-04-16,2020-04-16,54.6114,248.5662,271.2447,258.8697
2020-04-15,SPY,stock,277.57,283.94,275.46,277.76,121155983,2020-04-15,2020-04-15,54.0372,247.5055,271.3714,258.8790
2020-04-14,SPY,stock,280.98,284.9,275.51,283.79,133510280,2020-04-14,2020-04-14,57.0532,246.4637,271.5118,258.9392
2020-04-13,SPY,stock,277.14,277.51,271.41,275.66,114353986,2020-04-13,2020-04-13,53.8268,244.7242,271.5974,258.7739
2020-04-09,SPY,stock,277.58,281.2,275.47,278.2,189948139,2020-04-09,2020-04-09,55.0261,243.5945,271.7596,258.9094
2020-04-08,SPY,stock,267.96,276,265.25,274.03,152670223,2020-04-08,2020-04-08,53.4448,242.0982,271.8998,258.9542
2020-04-07,SPY,stock,274.21,275.03,264.89,265.13,199187791,2020-04-07,2020-04-07,49.9579,240.8512,272.0803,259.1587
2020-04-06,SPY,stock,257.84,267,248.17,264.86,186692564,2020-04-06,2020-04-06,49.8521,240.3410,272.3454,259.7081
2020-04-03,SPY,stock,250.76,253.32,245.22,248.19,134538553,2020-04-03,2020-04-03,42.9347,239.8035,272.6158,260.2902
2020-04-02,SPY,stock,245.19,252.68,244.59,251.83,176669824,2020-04-02,2020-04-02,44.1701,240.8355,273.0441,261.5266
2020-04-01,SPY,stock,247.98,257.66,243.9,246.15,188373330,2020-04-01,2020-04-01,41.7412,241.6211,273.4428,262.6757
2020-03-31,SPY,stock,260.56,263.33,256.22,257.75,193290928,2020-03-31,2020-03-31,45.4946,243.0435,273.8984,264.0866
2020-03-30,SPY,stock,255.7,262.43,253.53,261.65,171274407,2020-03-30,2020-03-30,46.8087,243.4841,274.2506,265.1164
2020-03-27,SPY,stock,253.27,260.81,251.05,253.42,223871285,2020-03-27,2020-03-27,43.6175,243.5905,274.5700,266.0406
2020-03-26,SPY,stock,249.52,262.8,249.05,261.2,256107410,2020-03-26,2020-03-26,46.0422,244.5110,274.9692,267.3138
2020-03-25,SPY,stock,244.87,256.35,239.75,246.79,297989659,2020-03-25,2020-03-25,40.3380,244.7695,275.3000,268.3448
2020-03-24,SPY,stock,234.42,244.1,233.8,243.15,233038623,2020-03-24,2020-03-24,38.8210,246.4608,275.7683,269.9629
2020-03-23,SPY,stock,228.19,229.68,218.26,222.95,323100167,2020-03-23,2020-03-23,29.5960,248.6853,276.2752,271.7847
2020-03-20,SPY,stock,242.53,244.47,228.5,228.8,344276957,2020-03-20,2020-03-20,30.8468,253.1144,276.9754,274.4449
2020-03-19,SPY,stock,239.25,247.38,232.22,240.51,288124389,2020-03-19,2020-03-19,33.1225,257.4390,277.6281,276.9925
2020-03-18,SPY,stock,236.25,248.37,228.02,240,324845381,2020-03-18,2020-03-18,32.8950,261.2198,278.1920,279.2566
2020-03-17,SPY,stock,245.04,256.17,237.07,252.8,260566279,2020-03-17,2020-03-17,35.7276,265.4481,278.7663,281.6323
2020-03-16,SPY,stock,241.18,256.9,237.36,239.85,295019288,2020-03-16,2020-03-16,30.0705,268.8804,279.2278,283.6238
2020-03-13,SPY,stock,263.09,271.48,248.52,269.32,326142197,2020-03-13,2020-03-13,36.9413,273.9296,279.8139,286.1834
2020-03-12,SPY,stock,256,266.66,247.68,248.11,389612072,2020-03-12,2020-03-12,25.5767,276.6531,280.1331,287.7396
2020-03-11,SPY,stock,280.7,281.94,270.88,274.36,254604444,2020-03-11,2020-03-11,32.2578,281.7196,280.6518,290.1567
2020-03-10,SPY,stock,284.64,288.52,273.5,288.42,274894230,2020-03-10,2020-03-10,37.0745,284.7744,280.9327,291.6856
2020-03-09,SPY,stock,275.3,284.19,273.45,274.23,305980554,2020-03-09,2020-03-09,26.8364,286.7877,281.0864,292.7483
2020-03-06,SPY,stock,293.15,298.78,290.23,297.46,228315219,2020-03-06,2020-03-06,35.6549,290.3886,281.3729,294.3879
2020-03-05,SPY,stock,304.98,308.47,300.01,302.46,185533970,2020-03-05,2020-03-05,38.1612,292.1164,281.4472,295.2211
2020-03-04,SPY,stock,306.12,313.1,303.33,312.86,175893889,2020-03-04,2020-03-04,44.1560,293.5412,281.4760,295.9003
2020-03-03,SPY,stock,309.5,313.84,297.57,300.24,298851919,2020-03-03,2020-03-03,32.1450,294.1078,281.4089,296.2163
2020-03-02,SPY,stock,298.21,309.16,294.46,309.09,237377617,2020-03-02,2020-03-02,37.3804,295.9575,281.4578,297.0196
2020-02-28,SPY,stock,288.7,297.89,285.54,296.26,384911854,2020-02-28,2020-02-28,19.7959,297.1439,281.4254,297.5230
2020-02-27,SPY,stock,305.46,311.56,297.51,297.51,282544492,2020-02-27,2020-02-27,20.3120,299.6991,281.5114,298.5292
2020-02-26,SPY,stock,314.18,318.11,310.7,311.5,192818004,2020-02-26,2020-02-26,27.8591,302.4021,281.5867,299.5296
2020-02-25,SPY,stock,323.94,324.61,311.69,312.65,217564684,2020-02-25,2020-02-25,28.6723,304.0332,281.5332,300.0448
2020-02-24,SPY,stock,323.14,333.56,321.24,322.42,160991237,2020-02-24,2020-02-24,37.2497,305.7246,281.4685,300.5378
2020-02-21,SPY,stock,335.47,335.81,332.58,333.48,113656552,2020-02-21,2020-02-21,54.3365,306.6467,281.3128,300.6837
2020-02-20,SPY,stock,337.74,338.64,333.68,336.95,73891268,2020-02-20,2020-02-20,62.7179,306.5936,281.0531,300.4197
2020-02-19,SPY,stock,337.79,339.08,337.48,338.34,48587393,2020-02-19,2020-02-19,66.5354,306.1985,280.7587,300.0145
2020-02-18,SPY,stock,336.51,337.67,335.21,336.73,57195407,2020-02-18,2020-02-18,64.1912,305.6271,280.4485,299.5405
2020-02-14,SPY,stock,337.51,337.73,336.2,337.6,64518123,2020-02-14,2020-02-14,66.5297,305.1516,280.1500,299.1077
2020-02-13,SPY,stock,335.86,338.12,335.56,337.06,54038002,2020-02-13,2020-02-13,65.8119,304.5417,279.8405,298.6246
2020-02-12,SPY,stock,336.83,337.65,336.43,337.42,42844434,2020-02-12,2020-02-12,66.6974,303.9199,279.5329,298.1419
2020-02-11,SPY,stock,336.16,337.02,334.68,335.26,54773045,2020-02-11,2020-02-11,63.9985,303.1978,279.2189,297.6261
2020-02-10,SPY,stock,331.23,334.75,331.19,334.68,41779456,2020-02-10,2020-02-10,63.2560,302.6091,278.9217,297.1704
2020-02-07,SPY,stock,332.82,333.99,331.6,332.2,64074382,2020-02-07,2020-02-07,59.9788,302.0147,278.6269,296.7179
2020-02-06,SPY,stock,333.91,334.19,332.8,333.98,49982975,2020-02-06,2020-02-06,63.7694,301.5981,278.3520,296.3402
2020-02-05,SPY,stock,332.27,333.09,330.67,332.86,64864742,2020-02-05,2020-02-05,62.3803,300.9651,278.0580,295.8802
2020-02-04,SPY,stock,328.07,330.01,327.72,329.06,61704740,2020-02-04,2020-02-04,57.2117,300.3741,277.7713,295.4435
2020-02-03,SPY,stock,323.35,326.16,323.22,324.12,68931216,2020-02-03,2020-02-03,48.7044,300.0893,277.5170,295.1318
2020-01-31,SPY,stock,327,327.17,320.73,321.73,113659402,2020-01-31,2020-01-31,43.6732,300.2534,277.3058,294.9931
2020-01-30,SPY,stock,324.36,327.91,323.54,327.68,75184385,2020-01-30,2020-01-30,56.4792,300.6665,277.1146,294.9385
2020-01-29,SPY,stock,328.38,328.63,326.4,326.62,53714641,2020-01-29,2020-01-29,54.2605,300.5463,276.8664,294.6581
2020-01-28,SPY,stock,325.06,327.85,323.6,326.89,63519891,2020-01-28,2020-01-28,54.9228,300.5161,276.6255,294.4061
2020-01-27,SPY,stock,323.03,325.12,322.66,323.5,83797934,2020-01-27,2020-01-27,47.4444,300.4567,276.3797,294.1336
2020-01-24,SPY,stock,332.44,332.53,327.36,328.77,87465785,2020-01-24,2020-01-24,62.3845,300.7196,276.1629,293.9775
2020-01-23,SPY,stock,330.63,332.17,329.41,331.72,51828259,2020-01-23,2020-01-23,74.5940,300.4992,275.8950,293.6169
2020-01-22,SPY,stock,332.24,332.95,331.17,331.34,48705035,2020-01-22,2020-01-22,73.9850,299.9697,275.5972,293.1306
2020-01-21,SPY,stock,330.9,332.18,330.82,331.3,77624157,2020-01-21,2020-01-21,73.9239,299.4212,275.2999,292.6388
2020-01-17,SPY,stock,331.7,332.18,330.85,331.95,95778839,2020-01-17,2020-01-17,76.6398,298.8189,274.9999,292.1284
2020-01-16,SPY,stock,329.7,330.92,329.45,330.92,53788867,2020-01-16,2020-01-16,75.3048,298.0902,274.6910,291.5728
2020-01-15,SPY,stock,327.35,329.02,327.26,328.19,71870739,2020-01-15,2020-01-15,71.2628,297.3847,274.3884,291.0332
2020-01-14,SPY,stock,327.47,328.62,326.84,327.45,62784185,2020-01-14,2020-01-14,70.0281,296.8695,274.1081,290.5742
2020-01-13,SPY,stock,326.39,327.96,325.92,327.95,47026115,2020-01-13,2020-01-13,71.9682,296.3719,273.8319,290.1243
2020-01-10,SPY,stock,327.29,327.46,325.2,325.71,53028660,2020-01-10,2020-01-10,68.3166,295.7734,273.5482,289.6372
2020-01-09,SPY,stock,326.16,326.73,325.52,326.65,48421935,2020-01-09,2020-01-09,71.9699,295.3291,273.2824,289.2145
2020-01-08,SPY,stock,322.94,325.78,322.67,324.45,68177241,2020-01-08,2020-01-08,68.2840,294.7468,273.0052,288.7391
2020-01-07,SPY,stock,323.02,323.54,322.24,322.73,40461249,2020-01-07,2020-01-07,64.9367,294.3166,272.7457,288.3271
2020-01-06,SPY,stock,320.49,323.73,320.36,323.64,55596982,2020-01-06,2020-01-06,68.4877,294.0079,272.4994,287.9629
2020-01-03,SPY,stock,321.16,323.64,321.1,322.41,77708081,2020-01-03,2020-01-03,66.1655,293.5784,272.2422,287.5497
2020-01-02,SPY,stock,323.54,324.89,322.53,324.87,59037072,2020-01-02,2020-01-02,76.6565,293.2230,271.9938,287.1658
2019-12-31,SPY,stock,320.53,322.13,320.15,321.86,57059907,2019-12-31,2019-12-31,71.5271,292.5916,271.7202,286.6737
2019-12-30,SPY,stock,322.95,323.1,320.55,321.08,49652827,2019-12-30,2019-12-30,69.9376,292.1856,271.4717,286.2748
2019-12-27,SPY,stock,323.74,323.8,322.28,322.86,42523486,2019-12-27,2019-12-27,79.3211,291.8125,271.2279,285.8888
2019-12-26,SPY,stock,321.65,322.95,321.64,322.94,30854382,2019-12-26,2019-12-26,79.7677,291.2276,270.9652,285.4202
2019-12-24,SPY,stock,321.47,321.52,320.9,321.23,20270007,2019-12-24,2019-12-24,77.2220,290.5733,270.6990,284.9295
2019-12-23,SPY,stock,321.59,321.65,321.06,321.22,52980805,2019-12-23,2019-12-23,77.2064,290.0160,270.4461,284.4830
2019-12-20,SPY,stock,320.46,321.97,319.39,320.73,149214080,2019-12-20,2019-12-20,76.4745,289.4010,270.1907,284.0187
2019-12-19,SPY,stock,319.8,320.98,319.52,320.9,85248597,2019-12-19,2019-12-19,74.2956,288.7687,269.9372,283.5539
2019-12-18,SPY,stock,320,320.25,319.53,319.59,48721894,2019-12-18,2019-12-18,72.0459,288.2049,269.6942,283.1224
2019-12-17,SPY,stock,319.92,320.25,319.48,319.57,61062693,2019-12-17,2019-12-17,72.0111,287.7082,269.4607,282.7223
2019-12-16,SPY,stock,319.22,320.15,317.25,319.5,82723814,2019-12-16,2019-12-16,71.8977,287.1611,269.2251,282.3067
2019-12-13,SPY,stock,316.87,318.67,316.02,317.32,81489263,2019-12-13,2019-12-13,68.1657,286.5632,268.9877,281.8767
2019-12-12,SPY,stock,314.43,317.99,314.17,317.13,96035635,2019-12-12,2019-12-12,67.8199,286.1127,268.7681,281.5108
2019-12-11,SPY,stock,314.03,314.7,313.44,314.42,46889653,2019-12-11,2019-12-11,62.4112,285.6331,268.5480,281.1369
2019-12-10,SPY,stock,313.82,314.55,312.81,313.53,52609340,2019-12-10,2019-12-10,60.3805,285.3644,268.3506,280.8493
2019-12-09,SPY,stock,314.44,315.18,313.8,313.88,34788380,2019-12-09,2019-12-09,61.5957,285.1534,268.1595,280.5831
2019-12-06,SPY,stock,314.12,315.31,314.11,314.87,48926121,2019-12-06,2019-12-06,65.0332,284.8864,267.9632,280.2931
2019-12-05,SPY,stock,312.23,312.25,310.58,312.02,40657041,2019-12-05,2019-12-05,58.9020,284.4957,267.7558,279.9541
2019-12-04,SPY,stock,310.7,312.12,310.32,311.46,49007961,2019-12-04,2019-12-04,57.5437,284.3389,267.5726,279.7079
2019-12-03,SPY,stock,308.65,309.64,307.13,309.55,74784721,2019-12-03,2019-12-03,52.5802,284.2196,267.3927,279.4727
2019-12-02,SPY,stock,314.59,314.66,311.17,311.64,75719967,2019-12-02,2019-12-02,59.6681,284.2721,267.2286,279.2992
2019-11-29,SPY,stock,314.86,315.13,314.06,314.31,36592740,2019-11-29,2019-11-29,71.0260,284.1284,267.0436,279.0405
2019-11-27,SPY,stock,314.61,315.48,314.37,315.48,44260649,2019-11-27,2019-11-27,76.9891,283.7120,266.8321,278.6714
2019-11-26,SPY,stock,313.41,314.28,313.06,314.08,37515200,2019-11-26,2019-11-26,74.6217,283.1389,266.6077,278.2434
2019-11-25,SPY,stock,311.98,313.37,311.98,313.37,48606151,2019-11-25,2019-11-25,73.3295,282.6405,266.3940,277.8504
2019-11-22,SPY,stock,311.09,311.24,309.85,310.96,44803329,2019-11-22,2019-11-22,68.2312,282.1581,266.1847,277.4678
2019-11-21,SPY,stock,310.89,311.01,309.39,310.27,54403450,2019-11-21,2019-11-21,66.5302,281.8575,265.9954,277.1598
2019-11-20,SPY,stock,311.28,311.85,309.06,310.77,79200298,2019-11-20,2019-11-20,69.0167,281.5919,265.8107,276.8651
2019-11-19,SPY,stock,312.68,312.69,311.22,311.93,67663099,2019-11-19,2019-11-19,75.0602,281.2500,265.6194,276.5396
2019-11-18,SPY,stock,311.53,312.28,311.03,312.02,49285964,2019-11-18,2019-11-18,75.5367,280.7602,265.4156,276.1574
2019-11-15,SPY,stock,311.02,311.84,310.26,311.79,61990853,2019-11-15,2019-11-15,75.1625,280.2102,265.2088,275.7563
2019-11-14,SPY,stock,308.79,309.64,308.09,309.55,51148052,2019-11-14,2019-11-14,71.1752,279.6245,265.0021,275.3474
2019-11-13,SPY,stock,307.91,309.54,307.66,309.1,54261698,2019-11-13,2019-11-13,70.2854,279.1932,264.8140,275.0056
2019-11-12,SPY,stock,308.75,309.99,308.15,309,46141997,2019-11-12,2019-11-12,70.0949,278.7600,264.6281,274.6666
2019-11-11,SPY,stock,307.42,308.54,307.27,308.35,35775777,2019-11-11,2019-11-11,68.8911,278.2908,264.4413,274.3176
2019-11-08,SPY,stock,307.8,309,307.03,308.94,49019213,2019-11-08,2019-11-08,71.3105,277.8349,264.2586,273.9787
2019-11-07,SPY,stock,308.57,309.65,307.66,308.18,53823043,2019-11-07,2019-11-07,70.0525,277.2741,264.0686,273.6039
2019-11-06,SPY,stock,307.03,307.4,306.06,307.1,46402927,2019-11-06,2019-11-06,68.2133,276.7276,263.8837,273.2421
2019-11-05,SPY,stock,307.59,307.92,306.71,307.03,42809998,2019-11-05,2019-11-05,68.0954,276.2278,263.7069,272.9061
2019-11-04,SPY,stock,307.85,308,306.96,307.37,60270655,2019-11-04,2019-11-04,69.2542,275.6821,263.5289,272.5589
2019-11-01,SPY,stock,304.92,306.19,304.74,306.14,71071915,2019-11-01,2019-11-01,67.3900,275.0462,263.3461,272.1848
2019-10-31,SPY,stock,304.13,304.13,301.73,303.33,68955393,2019-10-31,2019-10-31,62.5766,274.4620,263.1727,271.8415
2019-10-30,SPY,stock,303.43,304.55,301.99,304.14,49542312,2019-10-30,2019-10-30,65.1506,274.0875,263.0235,271.5893
2019-10-29,SPY,stock,303,304.23,302.86,303.21,44201626,2019-10-29,2019-10-29,63.5522,273.5953,262.8653,271.2965
2019-10-28,SPY,stock,302.94,303.85,302.91,303.3,40174540,2019-10-28,2019-10-28,63.8152,273.1411,262.7141,271.0266
2019-10-25,SPY,stock,299.74,302.2,299.68,301.6,45145150,2019-10-25,2019-10-25,60.9829,272.6304,262.5605,270.7422
2019-10-24,SPY,stock,300.91,301.07,299.46,300.37,35688865,2019-10-24,2019-10-24,58.8172,272.2299,262.4211,270.5099
2019-10-23,SPY,stock,298.73,299.94,298.5,299.88,34857719,2019-10-23,2019-10-23,57.9539,271.9060,262.2916,270.3141
2019-10-22,SPY,stock,300.58,300.9,298.91,299.01,49028214,2019-10-22,2019-10-22,56.4487,271.5952,262.1653,270.1286
2019-10-21,SPY,stock,299.42,300.21,298.94,299.99,39388285,2019-10-21,2019-10-21,58.6446,271.3357,262.0457,269.9681
2019-10-18,SPY,stock,298.69,299.4,297.03,297.97,64293228,2019-10-18,2019-10-18,55.3177,270.9542,261.9160,269.7644
2019-10-17,SPY,stock,299.68,300.24,298.52,299.28,46676445,2019-10-17,2019-10-17,58.1340,270.7276,261.8035,269.6279
2019-10-16,SPY,stock,298.37,299.16,297.92,298.4,50293197,2019-10-16,2019-10-16,56.7608,270.3506,261.6778,269.4369
2019-10-15,SPY,stock,297.1,299.7,296.97,298.88,48123837,2019-10-15,2019-10-15,57.7197,270.0189,261.5590,269.2710
2019-10-14,SPY,stock,295.93,296.67,295.57,295.95,40467320,2019-10-14,2019-10-14,53.2425,269.6060,261.4345,269.0803
2019-10-11,SPY,stock,296.27,298.74,296.14,296.28,101099695,2019-10-11,2019-10-11,53.8388,269.4323,261.3358,268.9915
2019-10-10,SPY,stock,291.18,294.21,291,293.24,54459839,2019-10-10,2019-10-10,48.9483,269.2084,261.2331,268.8867
2019-10-09,SPY,stock,290.75,292.3,290.06,291.27,64341784,2019-10-09,2019-10-09,45.4721,269.2544,261.1573,268.8914
2019-10-08,SPY,stock,291.04,291.85,288.49,288.53,101367099,2019-10-08,2019-10-08,40.2146,269.4952,261.0989,268.9699
2019-10-07,SPY,stock,293.47,295.26,292.77,293.08,60549809,2019-10-07,2019-10-07,47.2377,270.0257,261.0652,269.1542
2019-10-04,SPY,stock,291.14,294.63,291.08,294.35,66737063,2019-10-04,2019-10-04,49.4773,270.1730,260.9892,269.1758
2019-10-03,SPY,stock,287.81,290.45,284.82,290.42,85718095,2019-10-03,2019-10-03,41.5090,270.2134,260.9007,269.1507
2019-10-02,SPY,stock,291.5,291.51,286.64,288.06,124208927,2019-10-02,2019-10-02,35.8690,270.6371,260.8476,269.2717
2019-10-01,SPY,stock,297.74,298.46,293,293.24,89425082,2019-10-01,2019-10-01,44.6425,271.3332,260.8157,269.4858
2019-09-30,SPY,stock,295.97,297.55,295.92,296.77,52438861,2019-09-30,2019-09-30,52.8175,271.6028,260.7357,269.5149
2019-09-27,SPY,stock,297.83,297.95,293.69,295.4,84755721,2019-09-27,2019-09-27,49.4838,271.5601,260.6224,269.4132
2019-09-26,SPY,stock,297.63,297.86,295.45,297,58594707,2019-09-26,2019-09-26,53.5901,271.6452,260.5206,269.3585
2019-09-25,SPY,stock,295.96,298.11,294.33,297.62,73267803,2019-09-25,2019-09-25,55.2395,271.5848,260.4030,269.2418
2019-09-24,SPY,stock,299.41,299.84,294.81,295.87,97160127,2019-09-24,2019-09-24,51.3119,271.4583,260.2786,269.0971
2019-09-23,SPY,stock,297.55,299,297.27,298.21,47134009,2019-09-23,2019-09-23,57.5859,271.4873,260.1690,269.0120
2019-09-20,SPY,stock,300.36,300.67,297.41,298.28,96939851,2019-09-20,2019-09-20,57.7821,271.2935,260.0368,268.8358
2019-09-19,SPY,stock,301.53,302.63,300.71,301.08,77933334,2019-09-19,2019-09-19,61.7157,271.0727,259.9025,268.6499
2019-09-18,SPY,stock,300.49,301.22,298.24,301.1,73875018,2019-09-18,2019-09-18,61.7708,270.6925,259.7540,268.4036
2019-09-17,SPY,stock,299.94,301.02,299.75,300.92,42770135,2019-09-17,2019-09-17,61.4832,270.2704,259.6037,268.1465
2019-09-16,SPY,stock,299.84,301.14,299.45,300.16,57934320,2019-09-16,2019-09-16,60.3128,269.8212,259.4536,267.8856
2019-09-13,SPY,stock,301.78,302.17,300.68,301.09,62053458,2019-09-13,2019-09-13,62.4698,269.3977,259.3090,267.6424
2019-09-12,SPY,stock,301.25,302.46,300.41,301.29,72546530,2019-09-12,2019-09-12,62.9192,268.8403,259.1544,267.3546
2019-09-11,SPY,stock,298.47,300.34,297.75,300.25,68008165,2019-09-11,2019-09-11,61.5849,268.2050,258.9964,267.0476
2019-09-10,SPY,stock,297.36,298.2,295.97,298.13,57698673,2019-09-10,2019-09-10,58.7771,267.6027,258.8463,266.7668
2019-09-09,SPY,stock,299.14,299.24,297.16,298.2,51086154,2019-09-09,2019-09-09,58.9092,267.1406,258.7142,266.5535
2019-09-06,SPY,stock,298.17,298.76,297.42,298.05,49510922,2019-09-06,2019-09-06,58.7247,266.6231,258.5801,266.3289
2019-09-05,SPY,stock,296.79,298.83,294,297.82,83197295,2019-09-05,2019-09-05,58.4592,266.0656,258.4461,266.1007
2019-09-04,SPY,stock,293.14,294.06,292.31,294.04,46813644,2019-09-04,2019-09-04,53.9372,265.4714,258.3128,265.8718
2019-09-03,SPY,stock,290.57,291.58,289.27,290.74,69078772,2019-09-03,2019-09-03,49.4789,265.1778,258.2128,265.7742
2019-08-30,SPY,stock,294.22,294.24,291.42,292.45,62831109,2019-08-30,2019-08-30,51.8957,265.1701,258.1420,265.7956
2019-08-29,SPY,stock,291.72,293.16,290.61,292.58,57998913,2019-08-29,2019-08-29,52.0753,264.9974,258.0549,265.7542
2019-08-28,SPY,stock,286.14,289.07,285.25,288.89,58891544,2019-08-28,2019-08-28,47.2661,264.7941,257.9657,265.7062
2019-08-27,SPY,stock,289.54,289.95,286.03,286.87,68262998,2019-08-27,2019-08-27,44.4315,264.9237,257.9095,265.7937
2019-08-26,SPY,stock,287.27,288,285.58,288,72620598,2019-08-26,2019-08-26,45.7077,265.2609,257.8712,265.9600
2019-08-23,SPY,stock,290.92,292.76,283.47,284.85,149318151,2019-08-23,2019-08-23,41.3469,265.5252,257.8221,266.0910
2019-08-22,SPY,stock,293.23,293.93,290.4,292.36,51739292,2019-08-22,2019-08-22,50.2893,266.1197,257.8015,266.3446
2019-08-21,SPY,stock,292.48,292.86,291.72,292.45,49723430,2019-08-21,2019-08-21,50.4106,266.0556,257.7118,266.3290
2019-08-20,SPY,stock,291.77,292.36,289.95,290.09,51652752,2019-08-20,2019-08-20,47.3158,265.9762,257.6203,266.3093
2019-08-19,SPY,stock,292.19,293.08,291.44,292.33,53640153,2019-08-19,2019-08-19,50.0699,266.1150,257.5496,266.3767
2019-08-16,SPY,stock,286.48,289.33,284.7138,288.85,85825286,2019-08-16,2019-08-16,45.4929,266.0533,257.4576,266.3635
2019-08-15,SPY,stock,284.88,285.64,282.39,284.65,101929845,2019-08-15,2019-08-15,39.2523,266.3193,257.3966,266.4793
2019-08-14,SPY,stock,288.07,288.74,283.76,283.9,135622053,2019-08-14,2019-08-14,38.0767,267.0166,257.3735,266.7562
2019-08-13,SPY,stock,287.74,294.15,287.36,292.55,94792972,2019-08-13,2019-08-13,48.0312,267.8594,257.3571,267.0724
2019-08-12,SPY,stock,289.96,291.61,287.02,288.07,62629500,2019-08-12,2019-08-12,40.5575,267.9602,257.2612,267.0793
2019-08-09,SPY,stock,292.58,293.24,289.65,291.62,93729958,2019-08-09,2019-08-09,45.3571,268.5019,257.2053,267.2534
2019-08-08,SPY,stock,289.62,293.62,289.01,293.62,87713904,2019-08-08,2019-08-08,48.3504,268.7596,257.1164,267.3024
2019-08-07,SPY,stock,284.4,288.82,282.04,287.97,140572265,2019-08-07,2019-08-07,37.5370,268.8524,257.0083,267.2789
2019-08-06,SPY,stock,285.91,288.04,284.28,287.8,120711682,2019-08-06,2019-08-06,37.1695,269.4975,256.9508,267.4648
2019-08-05,SPY,stock,288.09,288.21,281.72,283.82,178745449,2019-08-05,2019-08-05,27.9539,270.2269,256.8944,267.6647
2019-08-02,SPY,stock,293.85,294.12,290.9,292.62,116749695,2019-08-02,2019-08-02,39.9992,271.4153,256.8738,268.0209
2019-08-01,SPY,stock,297.6,300.87,293.96,294.84,142646576,2019-08-01,2019-08-01,44.4899,271.8837,256.7724,268.0640
2019-07-31,SPY,stock,300.99,301.2,295.2,297.43,104245162,2019-07-31,2019-07-31,50.6504,272.1882,256.6496,268.0261
2019-07-30,SPY,stock,299.91,301.17,299.49,300.72,45849045,2019-07-30,2019-07-30,60.5381,272.2760,256.5018,267.8903
2019-07-29,SPY,stock,301.88,302.01,300.85,301.46,38126462,2019-07-29,2019-07-29,63.1113,272.0571,256.3224,267.6264
2019-07-26,SPY,stock,300.76,302.23,300.62,302.01,45084077,2019-07-26,2019-07-26,65.0186,271.7441,256.1344,267.3242
2019-07-25,SPY,stock,300.94,301,299.11,300,55394074,2019-07-25,2019-07-25,61.0211,271.3453,255.9394,266.9892
2019-07-24,SPY,stock,299.19,301.44,299.09,301.44,47213232,2019-07-24,2019-07-24,66.0417,271.0976,255.7609,266.7153
2019-07-23,SPY,stock,299.14,300.03,298.22,300.03,44657973,2019-07-23,2019-07-23,63.2959,270.6855,255.5674,266.3767
2019-07-22,SPY,stock,297.61,298.5,297.04,297.9,43687404,2019-07-22,2019-07-22,58.6003,270.3654,255.3849,266.0767
2019-07-19,SPY,stock,300.04,300.07,296.98,297.17,71081238,2019-07-19,2019-07-19,56.8432,270.2162,255.2201,265.8438
2019-07-18,SPY,stock,297.19,299.25,296.7,298.83,51701687,2019-07-18,2019-07-18,62.4388,270.1214,255.0604,265.6286
2019-07-17,SPY,stock,299.75,299.93,297.74,297.74,44102443,2019-07-17,2019-07-17,60.0404,269.8572,254.8838,265.3427
2019-07-16,SPY,stock,300.65,300.88,299.44,299.78,40567964,2019-07-16,2019-07-16,67.5346,269.6699,254.7154,265.0858
2019-07-15,SPY,stock,301.13,301.13,300.19,300.75,33910261,2019-07-15,2019-07-15,71.4736,269.2669,254.5266,264.7425
2019-07-12,SPY,stock,299.85,300.73,299.51,300.65,40354410,2019-07-12,2019-07-12,71.3134,268.7284,254.3271,264.3490
2019-07-11,SPY,stock,299.32,299.58,298.2,299.31,50889481,2019-07-11,2019-07-11,69.1587,268.1428,254.1264,263.9432
2019-07-10,SPY,stock,298.37,299.66,297.78,298.61,58595558,2019-07-10,2019-07-10,67.9926,267.6242,253.9361,263.5707
2019-07-09,SPY,stock,295.54,297.52,295.48,297.19,41101279,2019-07-09,2019-07-09,65.5380,267.1183,253.7502,263.2090
2019-07-08,SPY,stock,297.01,298.26,296.22,296.82,45841772,2019-07-08,2019-07-08,64.8864,266.6955,253.5755,262.8855
2019-07-05,SPY,stock,297.44,298.64,296.01,298.46,51677326,2019-07-05,2019-07-05,70.3614,266.2637,253.4024,262.5626
2019-07-03,SPY,stock,297.18,298.82,297.02,298.8,40898896,2019-07-03,2019-07-03,71.5232,265.6289,253.2125,262.1654
2019-07-02,SPY,stock,295.61,296.49,294.68,296.43,61504544,2019-07-02,2019-07-02,68.1156,264.8947,253.0176,261.7393
2019-07-01,SPY,stock,296.68,296.92,294.33,295.66,79107474,2019-07-01,2019-07-01,66.9214,264.3108,252.8425,261.3841
2019-06-28,SPY,stock,292.58,293.55,292.01,293,59350929,2019-06-28,2019-06-28,62.4045,263.7394,252.6727,261.0431
2019-06-27,SPY,stock,291.31,292.06,290.89,291.5,40355239,2019-06-27,2019-06-27,59.5094,263.3633,252.5256,260.7872
2019-06-26,SPY,stock,291.75,292.31,290.35,290.47,51584902,2019-06-26,2019-06-26,57.4186,263.0917,252.3907,260.5768
2019-06-25,SPY,stock,293.7,293.73,290.64,290.76,82028656,2019-06-25,2019-06-25,58.2044,262.8904,252.2639,260.3960
2019-06-24,SPY,stock,294.23,294.58,293.47,293.64,47582730,2019-06-24,2019-06-24,66.6104,262.6400,252.1332,260.1972
2019-06-21,SPY,stock,294.13,295.52,293.76,294,83309466,2019-06-21,2019-06-21,67.7460,262.0867,251.9748,259.8829
2019-06-20,SPY,stock,296.04,296.31,293.13,295.86,116570017,2019-06-20,2019-06-20,69.0404,261.4406,251.8115,259.5424
2019-06-19,SPY,stock,292.55,293.65,291.47,293.06,78674377,2019-06-19,2019-06-19,64.9795,260.6855,251.6426,259.1722
2019-06-18,SPY,stock,291.39,293.57,290.99,292.4,85434823,2019-06-18,2019-06-18,63.9444,260.1186,251.4976,258.8906
2019-06-17,SPY,stock,289.52,290.22,289.18,289.37,39205709,2019-06-17,2019-06-17,58.7462,259.5550,251.3572,258.6219
2019-06-14,SPY,stock,289.26,289.93,288.41,289.26,52324716,2019-06-14,2019-06-14,58.5447,259.2217,251.2429,258.4546
2019-06-13,SPY,stock,289.4,289.98,288.62,289.58,48945156,2019-06-13,2019-06-13,59.3274,258.8639,251.1286,258.2845
2019-06-12,SPY,stock,288.64,289.26,287.82,288.39,47096312,2019-06-12,2019-06-12,57.3589,258.4378,251.0102,258.0956
2019-06-11,SPY,stock,290.99,291.4,288.18,288.9,58641325,2019-06-11,2019-06-11,58.4854,258.0805,250.9014,257.9431
2019-06-10,SPY,stock,289.37,290.82,288.87,288.97,60799053,2019-06-10,2019-06-10,58.6321,257.6369,250.7869,257.7655
2019-06-07,SPY,stock,285.93,288.85,285.74,287.65,74272199,2019-06-07,2019-06-07,56.7309,257.1399,250.6706,257.5781
2019-06-06,SPY,stock,283.29,285.55,282.57,284.8,69430381,2019-06-06,2019-06-06,52.3395,256.7168,250.5652,257.4319
2019-06-05,SPY,stock,282.33,282.99,280.32,282.96,71169717,2019-06-05,2019-06-05,49.2518,256.5215,250.4847,257.3853
2019-06-04,SPY,stock,277.12,280.68,276.62,280.53,77231889,2019-06-04,2019-06-04,44.8719,256.4815,250.4202,257.4051
2019-06-03,SPY,stock,275.31,276.55,273.09,274.57,96427952,2019-06-03,2019-06-03,31.3851,256.6695,250.3772,257.5157
2019-05-31,SPY,stock,276.2,277.12,275.24,275.27,86862782,2019-05-31,2019-05-31,32.2455,257.4469,250.3882,257.8516
2019-05-30,SPY,stock,279.11,280.04,277.81,279.03,62523780,2019-05-30,2019-05-30,37.3526,258.2392,250.3929,258.1754
2019-05-29,SPY,stock,278.91,279.36,276.71,278.27,104972927,2019-05-29,2019-05-29,35.4332,258.7556,250.3634,258.3730
2019-05-28,SPY,stock,283.09,284.15,280.13,280.15,70029356,2019-05-28,2019-05-28,38.1156,259.3989,250.3405,258.6069
2019-05-24,SPY,stock,283.74,284.2,282.09,282.78,55268095,2019-05-24,2019-05-24,42.2725,259.9304,250.3002,258.7806
2019-05-23,SPY,stock,283.16,283.21,280.57,282.14,98733847,2019-05-23,2019-05-23,40.8139,260.2664,250.2355,258.8640
2019-05-22,SPY,stock,285.45,286.69,285.1,285.63,49482472,2019-05-22,2019-05-22,46.8018,260.6989,250.1760,258.9744
2019-05-21,SPY,stock,285.83,286.93,285.55,286.51,46847085,2019-05-21,2019-05-21,48.4667,260.8435,250.0840,258.9601
2019-05-20,SPY,stock,284.06,285.96,283.12,283.95,62877610,2019-05-20,2019-05-20,42.9883,260.9191,249.9831,258.9126
2019-05-17,SPY,stock,285.14,288.6,285.12,285.84,100353024,2019-05-17,2019-05-17,46.3675,261.2474,249.9045,258.9580
2019-05-16,SPY,stock,285.84,289.21,285.76,287.7,76749643,2019-05-16,2019-05-16,49.9560,261.4296,249.8079,258.9352
2019-05-15,SPY,stock,281.59,285.77,281.36,285.06,73956407,2019-05-15,2019-05-15,44.2716,261.4532,249.6934,258.8425
2019-05-14,SPY,stock,281.99,285.1,281.85,283.4,77003230,2019-05-14,2019-05-14,40.3130,261.7316,249.6018,258.8439
2019-05-13,SPY,stock,282.42,283.49,279.93,280.86,127290527,2019-05-13,2019-05-13,33.6128,262.1980,249.5244,258.9069
2019-05-10,SPY,stock,285.62,288.94,282.3,288.1,112429293,2019-05-10,2019-05-10,47.8213,262.9562,249.4694,259.0666
2019-05-09,SPY,stock,285.23,287.33,283.3,286.66,103471104,2019-05-09,2019-05-09,43.4028,263.1023,249.3478,258.9644
2019-05-08,SPY,stock,287.53,289.43,286.87,287.53,91568287,2019-05-08,2019-05-08,45.5676,263.4014,249.2381,258.9115
2019-05-07,SPY,stock,290.15,290.81,285.81,287.93,144729908,2019-05-07,2019-05-07,46.5590,263.6488,249.1194,258.8242
2019-05-06,SPY,stock,289.25,293.31,288.9,292.82,107198069,2019-05-06,2019-05-06,61.8296,263.8841,248.9958,258.7185
2019-05-03,SPY,stock,292.82,294.34,291.3,294.03,56543653,2019-05-03,2019-05-03,66.8689,263.6767,248.8264,258.4273
2019-05-02,SPY,stock,291.68,292.7,289.52,291.18,65030170,2019-05-02,2019-05-02,59.6819,263.3319,248.6442,258.0793
2019-05-01,SPY,stock,294.72,294.95,291.8,291.81,71671870,2019-05-01,2019-05-01,62.4632,263.2232,248.4862,257.8228
2019-04-30,SPY,stock,293.49,294.34,291.92,294.02,81111733,2019-04-30,2019-04-30,73.6421,263.0429,248.3209,257.5324
2019-04-29,SPY,stock,293.51,294.45,293.41,293.87,57197747,2019-04-29,2019-04-29,73.3414,262.6323,248.1338,257.1483
2019-04-26,SPY,stock,292.1,293.49,291.24,293.41,50916423,2019-04-26,2019-04-26,72.4463,262.1929,247.9461,256.7541
2019-04-25,SPY,stock,292.12,292.78,290.73,292.05,57770862,2019-04-25,2019-04-25,69.6485,261.7512,247.7607,256.3608
2019-04-24,SPY,stock,292.79,293.16,292.07,292.23,50392914,2019-04-24,2019-04-24,70.5286,261.3929,247.5859,256.0019
2019-04-23,SPY,stock,290.68,293.14,290.42,292.88,52246633,2019-04-23,2019-04-23,73.6494,260.9798,247.4077,255.6216
2019-04-22,SPY,stock,289.17,290.44,289.07,290.27,40160140,2019-04-22,2019-04-22,68.4430,260.4610,247.2218,255.2017
2019-04-18,SPY,stock,290.1,290.32,288.66,290.02,68708513,2019-04-18,2019-04-18,67.8786,260.1370,247.0578,254.8615
2019-04-17,SPY,stock,291.4,291.43,288.99,289.45,58268295,2019-04-17,2019-04-17,66.6142,259.8029,246.8944,254.5166
2019-04-16,SPY,stock,290.95,291.01,289.5,290.16,52153197,2019-04-16,2019-04-16,69.7917,259.4880,246.7346,254.1787
2019-04-15,SPY,stock,290.24,290.35,289.08,289.97,49596685,2019-04-15,2019-04-15,69.4293,259.0722,246.5668,253.8008
2019-04-12,SPY,stock,290,290.47,288.26,290.16,69727782,2019-04-12,2019-04-12,70.2113,258.6307,246.3989,253.4144
2019-04-11,SPY,stock,288.83,288.84,287.58,288.21,55093100,2019-04-11,2019-04-11,66.6292,258.1246,246.2277,253.0053
2019-04-10,SPY,stock,287.77,288.39,287.31,288.29,52601499,2019-04-10,2019-04-10,66.9358,257.7516,246.0725,252.6517
2019-04-09,SPY,stock,287.72,288.08,286.7,287.31,66142316,2019-04-09,2019-04-09,65.1093,257.3317,245.9150,252.2807
2019-04-08,SPY,stock,288.1,288.91,287.37,288.79,53566335,2019-04-08,2019-04-08,70.5766,256.9612,245.7649,251.9309
2019-04-05,SPY,stock,287.92,288.63,287.6,288.57,58621729,2019-04-05,2019-04-05,70.2316,256.4103,245.5998,251.5120
2019-04-04,SPY,stock,286.78,287.46,286.01,287.18,48997505,2019-04-04,2019-04-04,68.0323,255.8225,245.4350,251.0841
2019-04-03,SPY,stock,287.32,287.76,285.75,286.42,68243202,2019-04-03,2019-04-03,66.7864,255.3055,245.2813,250.6902
2019-04-02,SPY,stock,286.04,286.23,285.09,285.97,40070351,2019-04-02,2019-04-02,66.0591,254.8069,245.1329,250.3085
2019-04-01,SPY,stock,284.7,286.16,284.4,285.83,77617945,2019-04-01,2019-04-01,65.8431,254.2987,244.9872,249.9278
2019-03-29,SPY,stock,282.39,282.84,281.14,282.48,82186806,2019-03-29,2019-03-29,60.2157,253.7504,244.8412,249.5368
2019-03-28,SPY,stock,280.35,281.21,279.07,280.71,56238545,2019-03-28,2019-03-28,56.7172,253.4646,244.7244,249.2540
2019-03-27,SPY,stock,281.11,281.76,277.93,279.65,72224722,2019-03-27,2019-03-27,54.4918,253.3178,244.6225,249.0253
2019-03-26,SPY,stock,280.99,282.18,279.56,281.12,68125920,2019-03-26,2019-03-26,58.3555,253.2569,244.5293,248.8264
2019-03-25,SPY,stock,278.87,280.19,277.64,279.04,85575197,2019-03-25,2019-03-25,54.0772,253.0491,244.4218,248.5650
2019-03-22,SPY,stock,283.22,283.8,279.18,279.25,122659286,2019-03-22,2019-03-22,54.6031,253.0182,244.3321,248.3700
2019-03-21,SPY,stock,280.64,285.18,280.59,284.73,79550375,2019-03-21,2019-03-21,71.4368,252.9640,244.2396,248.1593
2019-03-20,SPY,stock,282.16,283.5,280.32,281.55,84609210,2019-03-20,2019-03-20,65.7466,252.3803,244.0962,247.7368
2019-03-19,SPY,stock,283.51,284.36,281.41,282.4,90268121,2019-03-19,2019-03-19,69.1666,252.0391,243.9804,247.4150
2019-03-18,SPY,stock,281.55,282.66,281.3,282.33,62199806,2019-03-18,2019-03-18,69.0434,251.5808,243.8557,247.0485
2019-03-15,SPY,stock,280.54,282.21,280.33,281.31,81308979,2019-03-15,2019-03-15,67.2751,251.0809,243.7303,246.6697
2019-03-14,SPY,stock,281.37,281.84,280.67,281.16,67518366,2019-03-14,2019-03-14,64.7508,250.6259,243.6130,246.3132
2019-03-13,SPY,stock,280.48,282.38,280.3,281.34,80639153,2019-03-13,2019-03-13,65.3601,250.2546,243.5070,245.9932
2019-03-12,SPY,stock,279.06,280.07,278.85,279.49,79667530,2019-03-12,2019-03-12,61.9425,249.8270,243.3984,245.6535
2019-03-11,SPY,stock,275.26,278.62,275.23,278.44,65098897,2019-03-11,2019-03-11,59.8551,249.5305,243.3055,245.3682
2019-03-08,SPY,stock,272.94,274.65,272.42,274.46,85795799,2019-03-08,2019-03-08,50.2511,249.3027,243.2212,245.1100
2019-03-07,SPY,stock,276.83,276.99,274.07,275.01,94885089,2019-03-07,2019-03-07,51.8426,249.4297,243.1722,244.9881
2019-03-06,SPY,stock,279.15,279.16,276.97,277.33,75039771,2019-03-06,2019-03-06,59.1845,249.5176,243.1177,244.8409
2019-03-05,SPY,stock,279.54,279.76,278.41,279.02,59114559,2019-03-05,2019-03-05,65.4546,249.3941,243.0416,244.6021
2019-03-04,SPY,stock,281.6,281.87,276.84,279.4,106494637,2019-03-04,2019-03-04,66.9352,249.0967,242.9493,244.2912
2019-03-01,SPY,stock,280.44,280.88,278.82,280.42,78880548,2019-03-01,2019-03-01,70.9345,248.7319,242.8527,243.9536
2019-02-28,SPY,stock,278.96,279.45,278.32,278.68,69268293,2019-02-28,2019-02-28,67.8960,248.2316,242.7459,243.5646
2019-02-27,SPY,stock,278.52,279.59,277.48,279.2,56921570,2019-02-27,2019-02-27,69.9245,247.8443,242.6537,243.2239
2019-02-26,SPY,stock,279.13,280.3,278.9,279.32,56844101,2019-02-26,2019-02-26,70.3751,247.3667,242.5560,242.8501
2019-02-25,SPY,stock,280.73,281.31,279.43,279.52,69030699,2019-02-25,2019-02-25,71.0839,246.8274,242.4561,242.4566
2019-02-22,SPY,stock,278.11,279.36,277.4,279.14,78114616,2019-02-22,2019-02-22,70.5607,246.2123,242.3535,242.0397
2019-02-21,SPY,stock,277.7,278.1,276.35,277.42,64214727,2019-02-21,2019-02-21,68.1380,245.5686,242.2532,241.6198
2019-02-20,SPY,stock,277.81,278.92,277.25,278.41,76610767,2019-02-20,2019-02-20,71.2729,245.0208,242.1676,241.2462
2019-02-19,SPY,stock,276.48,278.58,276.47,277.85,59120804,2019-02-19,2019-02-19,70.5615,244.3211,242.0721,240.8209
2019-02-15,SPY,stock,276.36,277.41,276.13,277.37,97088659,2019-02-15,2019-02-15,69.9696,243.6011,241.9808,240.3988
2019-02-14,SPY,stock,273.78,275.64,272.87,274.38,83234396,2019-02-14,2019-02-14,66.0172,242.8509,241.8929,239.9772
2019-02-13,SPY,stock,275.03,275.93,274.56,274.99,65277204,2019-02-13,2019-02-13,67.7053,242.3063,241.8312,239.6488
2019-02-12,SPY,stock,272.42,274.52,272.34,274.1,72270221,2019-02-12,2019-02-12,66.5464,241.6464,241.7635,239.2844
2019-02-11,SPY,stock,271.2,271.49,270.03,270.62,68021423,2019-02-11,2019-02-11,61.5345,241.0016,241.7031,238.9380
2019-02-08,SPY,stock,268.75,270.58,267.83,270.47,75788861,2019-02-08,2019-02-08,61.3025,240.6201,241.6737,238.7058
2019-02-07,SPY,stock,270.94,271.55,268.29,270.14,95481961,2019-02-07,2019-02-07,60.8197,240.2127,241.6454,238.4697
2019-02-06,SPY,stock,272.79,273.34,271.92,272.74,58347791,2019-02-06,2019-02-06,66.9292,239.7939,241.6198,238.2362
2019-02-05,SPY,stock,272.44,273.44,271.88,273.1,79552774,2019-02-05,2019-02-05,67.8049,239.0835,241.5703,237.8972
2019-02-04,SPY,stock,270.11,272.03,269.36,271.96,60744844,2019-02-04,2019-02-04,66.5167,238.2642,241.5171,237.5310
2019-02-01,SPY,stock,270.15,271.2,269.18,270.06,85782524,2019-02-01,2019-02-01,64.3063,237.4670,241.4737,237.1920
2019-01-31,SPY,stock,267.51,270.47,267.27,269.93,104012073,2019-01-31,2019-01-31,64.1559,236.7667,241.4471,236.9092
2019-01-30,SPY,stock,265.1,268.52,264.25,267.58,92473671,2019-01-30,2019-01-30,61.4291,236.0051,241.4214,236.6197
2019-01-29,SPY,stock,263.92,264.55,262.48,263.41,66136334,2019-01-29,2019-01-29,55.9011,235.3870,241.4168,236.4051
2019-01-28,SPY,stock,263.39,263.83,261.79,263.76,85613655,2019-01-28,2019-01-28,56.5326,235.1005,241.4501,236.3356
2019-01-25,SPY,stock,265.61,266.7,263.66,265.78,96883358,2019-01-25,2019-01-25,60.1755,234.7506,241.4805,236.2503
2019-01-24,SPY,stock,263.21,264.2,262.08,263.55,59204139,2019-01-24,2019-01-24,57.3588,234.1716,241.4928,236.0871
2019-01-23,SPY,stock,264.01,264.79,260.66,263.41,86030287,2019-01-23,2019-01-23,57.1822,233.7439,241.5256,235.9994
2019-01-22,SPY,stock,264.82,265.06,261.06,262.86,115531183,2019-01-22,2019-01-22,56.5256,233.2845,241.5599,235.9133
2019-01-18,SPY,stock,264.98,266.98,263,266.46,127900303,2019-01-18,2019-01-18,62.3356,232.8291,241.5996,235.8440
2019-01-17,SPY,stock,260.01,263.92,259.96,262.96,96118435,2019-01-17,2019-01-17,58.4832,231.9831,241.6070,235.6391
2019-01-16,SPY,stock,260.83,261.97,260.6,260.98,77636710,2019-01-16,2019-01-16,56.1258,231.3812,241.6462,235.5549
2019-01-15,SPY,stock,257.82,260.7,257.81,260.35,85208271,2019-01-15,2019-01-15,55.3772,230.9043,241.7039,235.5403
2019-01-14,SPY,stock,256.86,258.3,256.41,257.4,70908227,2019-01-14,2019-01-14,51.8014,230.4371,241.7678,235.5484
2019-01-11,SPY,stock,257.68,259.01,257.03,258.98,73858110,2019-01-11,2019-01-11,53.9515,230.2015,241.8592,235.6657
2019-01-10,SPY,stock,256.26,259.16,255.5,258.88,96823923,2019-01-10,2019-01-10,53.8389,229.7907,241.9371,235.7294
2019-01-09,SPY,stock,257.56,258.91,256.19,257.97,95006554,2019-01-09,2019-01-09,52.8649,229.3462,242.0168,235.7994
2019-01-08,SPY,stock,256.82,257.31,254,256.77,102512587,2019-01-08,2019-01-08,51.6148,228.9415,242.1055,235.9059
2019-01-07,SPY,stock,252.69,255.95,251.69,254.38,103139100,2019-01-07,2019-01-07,49.1192,228.6084,242.2060,236.0610
2019-01-04,SPY,stock,247.59,253.11,247.17,252.39,142628834,2019-01-04,2019-01-04,47.0059,228.4677,242.3292,236.3106
2019-01-03,SPY,stock,248.23,248.57,243.67,244.21,144140692,2019-01-03,2019-01-03,37.0214,228.5014,242.4717,236.6438
2019-01-02,SPY,stock,245.98,251.21,245.95,250.18,126925199,2019-01-02,2019-01-02,42.4403,229.3171,242.6900,237.2925
2018-12-31,SPY,stock,249.56,250.19,247.47,249.92,144299370,2018-12-31,2018-12-31,42.0976,229.6506,242.8562,237.7473
2018-12-28,SPY,stock,249.58,251.4,246.45,247.75,153100189,2018-12-28,2018-12-28,39.2962,230.0439,243.0265,238.2303
2018-12-27,SPY,stock,242.57,248.29,238.96,248.07,186267342,2018-12-27,2018-12-27,39.5583,230.6851,243.2182,238.8130
2018-12-26,SPY,stock,235.97,246.18,233.76,246.18,218485360,2018-12-26,2018-12-26,37.2636,231.3633,243.4089,239.4078
2018-12-24,SPY,stock,239.04,240.84,234.27,234.34,147311588,2018-12-24,2018-12-24,19.4820,232.2928,243.6187,240.0965
2018-12-21,SPY,stock,246.74,249.71,239.98,240.7,255345633,2018-12-21,2018-12-21,22.6898,234.4467,243.9382,241.2502
2018-12-20,SPY,stock,249.86,251.62,244.65,247.17,252053377,2018-12-20,2018-12-20,25.7930,236.2222,244.2031,242.2164
2018-12-19,SPY,stock,255.17,259.4,249.35,251.26,214992763,2018-12-19,2018-12-19,28.7602,237.7083,244.4252,243.0373
2018-12-18,SPY,stock,257.2,257.95,253.28,255.08,134515094,2018-12-18,2018-12-18,31.9476,238.9640,244.6126,243.7417
2018-12-17,SPY,stock,259.4,260.65,253.53,255.36,165492257,2018-12-17,2018-12-17,32.1904,239.9906,244.7674,244.3348
2018-12-14,SPY,stock,262.96,264.03,259.85,260.47,116961071,2018-12-14,2018-12-14,36.9497,241.0988,244.9212,244.9418
2018-12-13,SPY,stock,266.52,267.49,264.12,265.37,96662717,2018-12-13,2018-12-13,42.5513,241.8402,245.0304,245.3862
2018-12-12,SPY,stock,267.47,269,265.37,265.46,97976706,2018-12-12,2018-12-12,42.6616,242.1962,245.0965,245.6689
2018-12-11,SPY,stock,267.66,267.87,262.48,264.13,121504431,2018-12-11,2018-12-11,40.5467,242.5812,245.1624,245.9600
2018-12-10,SPY,stock,263.37,265.16,258.62,264.07,151445885,2018-12-10,2018-12-10,40.4547,243.1325,245.2410,246.3116
2018-12-07,SPY,stock,269.46,271.22,262.63,263.57,161018923,2018-12-07,2018-12-07,39.7330,243.7475,245.3209,246.6799
2018-12-06,SPY,stock,265.92,269.97,262.44,269.84,204185411,2018-12-06,2018-12-06,46.2617,244.4746,245.4061,247.0815
2018-12-04,SPY,stock,278.37,278.85,269.9,270.25,177986013,2018-12-04,2018-12-04,46.7279,244.6851,245.4356,247.2695
2018-12-03,SPY,stock,280.28,280.4,277.51,279.3,103017719,2018-12-03,2018-12-03,58.8928,244.8790,245.4616,247.4502
2018-11-30,SPY,stock,273.81,276.28,273.45,275.65,98204190,2018-11-30,2018-11-30,54.4520,244.2373,245.4062,247.3063
2018-11-29,SPY,stock,273.71,275.55,272.43,273.98,82346420,2018-11-29,2018-11-29,52.2610,243.8733,245.3832,247.2904
2018-11-28,SPY,stock,269.6,274.58,268.33,274.58,127629633,2018-11-28,2018-11-28,53.1134,243.6289,245.3750,247.3351
2018-11-27,SPY,stock,266.34,268.4,265.66,268.4,75502441,2018-11-27,2018-11-27,44.4474,243.3020,245.3614,247.3597
2018-11-26,SPY,stock,265.78,267.75,265.34,267.5,79981362,2018-11-26,2018-11-26,43.0233,243.5253,245.4034,247.6119
2018-11-23,SPY,stock,263.18,264.82,263.07,263.25,42807878,2018-11-23,2018-11-23,35.8076,243.8572,245.4540,247.9074
2018-11-21,SPY,stock,265.86,267.15,265.01,265.02,75563743,2018-11-21,2018-11-21,37.6516,244.6261,245.5434,248.3708
2018-11-20,SPY,stock,265.36,267,263.15,264.12,136021311,2018-11-20,2018-11-20,36.0978,245.3085,245.6178,248.7882
2018-11-19,SPY,stock,273.05,273.38,268.07,269.1,103061706,2018-11-19,2018-11-19,41.3988,246.1478,245.7010,249.2557
2018-11-16,SPY,stock,271.79,274.75,271.21,273.73,126668040,2018-11-16,2018-11-16,47.4091,246.6044,245.7402,249.5596
2018-11-15,SPY,stock,268.78,273.54,267.01,273.02,135101437,2018-11-15,2018-11-15,46.2989,246.6712,245.7378,249.7061
2018-11-14,SPY,stock,274.16,274.61,268.45,270.2,125335931,2018-11-14,2018-11-14,41.7651,246.8121,245.7419,249.8847
2018-11-13,SPY,stock,273.09,275.33,271.25,272.06,98176610,2018-11-13,2018-11-13,44.0425,247.2347,245.7715,250.1739
2018-11-12,SPY,stock,277.19,277.46,271.99,272.57,99673574,2018-11-12,2018-11-12,44.6625,247.5257,245.7846,250.4067
2018-11-09,SPY,stock,279.03,279.24,276.18,277.76,98812561,2018-11-09,2018-11-09,51.5162,247.7992,245.7932,250.6304
2018-11-08,SPY,stock,280.11,281.22,279.22,280.5,65584886,2018-11-08,2018-11-08,55.7069,247.6105,245.7550,250.6728
2018-11-07,SPY,stock,277.56,281.1,277.08,281.01,102752099,2018-11-07,2018-11-07,56.5012,247.1428,245.6917,250.6164
2018-11-06,SPY,stock,273.32,275.3,273.25,275.12,60085894,2018-11-06,2018-11-06,48.6481,246.5776,245.6232,250.5390
2018-11-05,SPY,stock,272.44,274.01,271.35,273.39,65622482,2018-11-05,2018-11-05,45.9887,246.5101,245.6071,250.6745
2018-11-02,SPY,stock,274.75,275.23,269.59,271.89,122634107,2018-11-02,2018-11-02,43.6386,246.5991,245.6066,250.8790
2018-11-01,SPY,stock,271.6,273.73,270.38,273.51,99495037,2018-11-01,2018-11-01,45.6296,246.8393,245.6195,251.1469
2018-10-31,SPY,stock,270.65,273.23,270.12,270.63,128296325,2018-10-31,2018-10-31,41.2009,246.9516,245.6180,251.3662
2018-10-30,SPY,stock,263.67,268.12,263.12,267.77,157115995,2018-10-30,2018-10-30,36.4258,247.3481,245.6424,251.7002
2018-10-29,SPY,stock,268.8,270.25,259.85,263.86,160749101,2018-10-29,2018-10-29,29.1183,248.0569,245.6930,252.1526
2018-10-26,SPY,stock,265.92,271,262.29,265.33,201574596,2018-10-26,2018-10-26,30.3356,249.2101,245.7793,252.7670
2018-10-25,SPY,stock,267.38,271.81,266.23,270.08,138061545,2018-10-25,2018-10-25,34.6866,250.3457,245.8533,253.3525
2018-10-24,SPY,stock,273.33,273.76,264.7,265.32,177806697,2018-10-24,2018-10-24,24.6270,251.1516,245.8850,253.7877
2018-10-23,SPY,stock,270.95,274.87,268.61,273.61,146352719,2018-10-23,2018-10-23,32.7958,252.4924,245.9601,254.4152
2018-10-22,SPY,stock,277,277.36,274.41,275.01,82415812,2018-10-22,2018-10-22,34.5953,253.1903,245.9611,254.7643
2018-10-19,SPY,stock,277.13,279.3,275.47,276.25,139901634,2018-10-19,2018-10-19,36.2303,253.8293,245.9495,255.0763
2018-10-18,SPY,stock,279.4,280.07,274.97,276.4,134557525,2018-10-18,2018-10-18,36.4236,254.4182,245.9265,255.3556
2018-10-17,SPY,stock,280.44,281.15,277.56,280.45,110625987,2018-10-17,2018-10-17,42.0502,255.0549,245.9020,255.6407
2018-10-16,SPY,stock,276.6,280.82,276.07,280.4,118255834,2018-10-16,2018-10-16,41.9474,255.3755,245.8406,255.7890
2018-10-15,SPY,stock,275.55,277.04,274.3,274.4,102263717,2018-10-15,2018-10-15,27.6443,255.7347,245.7790,255.9451
2018-10-12,SPY,stock,276.77,277.09,272.37,275.95,183186492,2018-10-12,2018-10-12,29.3808,256.6991,245.7711,256.3276
2018-10-11,SPY,stock,277.08,278.9,270.36,272.17,274840491,2018-10-11,2018-10-11,17.6697,257.6185,245.7490,256.6690
2018-10-10,SPY,stock,286.83,286.91,277.88,278.3,214731042,2018-10-10,2018-10-10,23.5509,258.9922,245.7609,257.1629
2018-10-09,SPY,stock,287.39,288.86,286.77,287.4,74338982,2018-10-09,2018-10-09,43.5167,259.9307,245.7175,257.4521
2018-10-08,SPY,stock,287.05,288.22,285.5,287.82,87742172,2018-10-08,2018-10-08,45.1574,260.1072,245.5915,257.4194
2018-10-05,SPY,stock,289.69,290.27,286.22,287.82,105951698,2018-10-05,2018-10-05,45.1574,260.2625,245.4605,257.3699
2018-10-04,SPY,stock,291.18,291.24,287.66,289.44,111545910,2018-10-04,2018-10-04,51.6316,260.4342,245.3281,257.3184
2018-10-03,SPY,stock,292.74,293.21,291.32,291.72,64694594,2018-10-03,2018-10-03,63.5363,260.4708,245.1798,257.2054
2018-10-02,SPY,stock,291.56,292.36,291.14,291.56,47258227,2018-10-02,2018-10-02,62.9800,260.2955,245.0093,257.0042
2018-10-01,SPY,stock,292.11,292.93,290.98,291.73,62078937,2018-10-01,2018-10-01,63.9423,260.1169,244.8387,256.8006
2018-09-28,SPY,stock,289.99,291.28,289.95,290.72,70091385,2018-09-28,2018-09-28,60.6231,259.9035,244.6647,256.5825
2018-09-27,SPY,stock,290.41,291.91,290.1,290.69,59249455,2018-09-27,2018-09-27,60.5229,259.7631,244.4982,256.3925
2018-09-26,SPY,stock,290.91,292.24,289.41,289.88,79739674,2018-09-26,2018-09-26,57.8319,259.6108,244.3302,256.1958
2018-09-25,SPY,stock,291.53,291.65,290.48,290.75,44370037,2018-09-25,2018-09-25,62.0505,259.5190,244.1679,256.0209
2018-09-24,SPY,stock,291.34,291.5,290.37,291.02,53409645,2018-09-24,2018-09-24,63.3829,259.3353,243.9961,255.8068
2018-09-21,SPY,stock,293.09,293.22,291.81,291.99,105479656,2018-09-21,2018-09-21,68.2735,259.1067,243.8201,255.5742
2018-09-20,SPY,stock,292.64,293.94,291.24,293.58,100360646,2018-09-20,2018-09-20,69.6428,258.7623,243.6336,255.2965
2018-09-19,SPY,stock,290.97,291.69,290.83,291.22,49080562,2018-09-19,2018-09-19,63.6715,258.3565,243.4428,254.9977
2018-09-18,SPY,stock,289.58,291.58,289.55,290.91,61930407,2018-09-18,2018-09-18,62.7784,258.1302,243.2713,254.7728
2018-09-17,SPY,stock,290.82,290.86,289.03,289.34,68244043,2018-09-17,2018-09-17,57.9130,257.9092,243.1008,254.5501
2018-09-14,SPY,stock,291.06,291.27,290,290.88,55079875,2018-09-14,2018-09-14,65.7400,257.8129,242.9428,254.3756
2018-09-13,SPY,stock,290.32,291.04,290,290.83,51034222,2018-09-13,2018-09-13,65.5998,257.5613,242.7693,254.1378
2018-09-12,SPY,stock,289.06,289.8,288.23,289.12,59810758,2018-09-12,2018-09-12,60.4629,257.2881,242.5946,253.8921
2018-09-11,SPY,stock,287.37,289.55,286.98,289.05,50530492,2018-09-11,2018-09-11,60.2372,257.1470,242.4334,253.6988
2018-09-10,SPY,stock,288.74,289.04,287.88,288.1,50191113,2018-09-10,2018-09-10,57.1550,256.9977,242.2713,253.5001
2018-09-07,SPY,stock,286.98,288.7,286.71,287.6,73524824,2018-09-07,2018-09-07,55.4679,256.9221,242.1161,253.3281
2018-09-06,SPY,stock,289.15,289.49,287,288.16,65909863,2018-09-06,2018-09-06,57.8363,256.8857,241.9638,253.1673
2018-09-05,SPY,stock,289.41,289.64,287.89,289.03,72452437,2018-09-05,2018-09-05,61.6328,256.7927,241.8050,252.9794
2018-09-04,SPY,stock,289.84,290.21,288.68,289.81,57594367,2018-09-04,2018-09-04,65.1955,256.6080,241.6367,252.7521
2018-08-31,SPY,stock,289.84,290.81,289.29,290.31,66140838,2018-08-31,2018-08-31,67.5188,256.3304,241.4597,252.4871
2018-08-30,SPY,stock,290.94,291.36,289.63,290.3,61229501,2018-08-30,2018-08-30,67.4972,255.9765,241.2765,252.1930
2018-08-29,SPY,stock,290.16,291.74,289.89,291.48,61485514,2018-08-29,2018-08-29,72.7781,255.5862,241.0915,251.8873
2018-08-28,SPY,stock,290.3,290.42,289.4,289.92,46943472,2018-08-28,2018-08-28,69.8857,255.0438,240.8940,251.5260
2018-08-27,SPY,stock,288.86,289.9,288.68,289.78,57072377,2018-08-27,2018-08-27,69.6167,254.5912,240.7086,251.2069
2018-08-24,SPY,stock,286.44,287.67,286.38,287.51,57487399,2018-08-24,2018-08-24,64.8951,254.1042,240.5226,250.8799
2018-08-23,SPY,stock,285.97,286.94,285.43,285.79,49204851,2018-08-23,2018-08-23,60.5857,253.7796,240.3551,250.6224
2018-08-22,SPY,stock,285.88,286.76,285.58,286.17,44993333,2018-08-22,2018-08-22,62.1509,253.5828,240.2014,250.4173
2018-08-21,SPY,stock,286.25,287.31,285.71,286.34,67271983,2018-08-21,2018-08-21,62.8251,253.3295,240.0427,250.1898
2018-08-20,SPY,stock,285.57,285.97,285.06,285.67,39807490,2018-08-20,2018-08-20,61.2882,253.0335,239.8809,249.9469
2018-08-17,SPY,stock,283.83,285.56,283.37,285.06,65618481,2018-08-17,2018-08-17,59.8861,252.7695,239.7235,249.7186
2018-08-16,SPY,stock,283.4,285.04,283.36,284.06,69967919,2018-08-16,2018-08-16,57.5454,252.5351,239.5700,249.5032
2018-08-15,SPY,stock,282.38,282.54,280.16,281.78,102925355,2018-08-15,2018-08-15,51.5615,252.3702,239.4240,249.3155
2018-08-14,SPY,stock,282.92,284.17,282.48,283.9,43842031,2018-08-14,2018-08-14,58.7058,252.4026,239.2970,249.2034
2018-08-13,SPY,stock,283.47,284.16,281.77,282.1,65732909,2018-08-13,2018-08-13,53.6416,252.2388,239.1496,249.0093
2018-08-10,SPY,stock,283.45,284.06,282.36,283.16,77076044,2018-08-10,2018-08-10,57.4974,252.2273,239.0169,248.8730
2018-08-09,SPY,stock,285.53,285.97,284.92,285.07,35716976,2018-08-09,2018-08-09,65.3582,252.1147,238.8734,248.6924
2018-08-08,SPY,stock,285.39,285.91,284.94,285.46,42114551,2018-08-08,2018-08-08,67.0974,251.8105,238.7113,248.4348
2018-08-07,SPY,stock,285.39,286.01,285.24,285.58,43196646,2018-08-07,2018-08-07,67.6115,251.4375,238.5440,248.1523
2018-08-06,SPY,stock,283.64,284.99,283.2,284.64,39400887,2018-08-06,2018-08-06,65.7000,251.0139,238.3740,247.8540
2018-08-03,SPY,stock,282.53,283.66,282.33,283.6,53935386,2018-08-03,2018-08-03,63.4861,250.6342,238.2107,247.5778
2018-08-02,SPY,stock,279.39,282.58,279.16,282.39,63426363,2018-08-02,2018-08-02,60.7491,250.3126,238.0552,247.3283
2018-08-01,SPY,stock,281.56,282.13,280.13,280.86,53853326,2018-08-01,2018-08-01,56.9611,250.0710,237.9089,247.1129
2018-07-31,SPY,stock,280.81,282.02,280.38,281.33,68570493,2018-07-31,2018-07-31,58.5736,249.9480,237.7749,246.9444
2018-07-30,SPY,stock,281.51,281.69,279.36,279.95,63742508,2018-07-30,2018-07-30,55.1089,249.7678,237.6354,246.7520
2018-07-27,SPY,stock,283.71,283.82,280.38,281.42,76783177,2018-07-27,2018-07-27,60.0789,249.6987,237.5069,246.6021
2018-07-26,SPY,stock,283.2,284.11,283.09,283.34,57919495,2018-07-26,2018-07-26,67.4573,249.4838,237.3638,246.3923
2018-07-25,SPY,stock,281.33,284.37,281.28,284.01,78882927,2018-07-25,2018-07-25,70.2530,249.0655,237.2021,246.1040
2018-07-24,SPY,stock,281.79,282.56,280.63,281.61,68026935,2018-07-24,2018-07-24,65.4966,248.5401,237.0327,245.7794
2018-07-23,SPY,stock,279.45,280.43,279.06,280.2,47047565,2018-07-23,2018-07-23,62.1993,248.1853,236.8831,245.5291
2018-07-20,SPY,stock,279.77,280.48,279.5,279.68,82372729,2018-07-20,2018-07-20,60.9204,247.9260,236.7448,245.3202
2018-07-19,SPY,stock,280.31,280.74,279.46,280,61412117,2018-07-19,2018-07-19,62.1214,247.6884,236.6097,245.1217
2018-07-18,SPY,stock,280.56,281.18,280.06,281.06,44593465,2018-07-18,2018-07-18,66.1316,247.3956,236.4704,244.9034
2018-07-17,SPY,stock,278.47,280.91,278.41,280.47,52315500,2018-07-17,2018-07-17,64.9626,246.9722,236.3202,244.6375
2018-07-16,SPY,stock,279.64,279.8,278.84,279.34,48201038,2018-07-16,2018-07-16,62.6711,246.5597,236.1738,244.3822
2018-07-13,SPY,stock,279.17,279.93,278.66,279.59,48234964,2018-07-13,2018-07-13,63.5246,246.2103,236.0360,244.1579
2018-07-12,SPY,stock,278.28,279.43,277.6,279.37,60124687,2018-07-12,2018-07-12,63.1142,245.8005,235.8947,243.9152
2018-07-11,SPY,stock,277.15,278.04,276.52,276.86,77054739,2018-07-11,2018-07-11,58.1213,245.3683,235.7538,243.6707
2018-07-10,SPY,stock,278.41,279.01,278.08,278.9,51966829,2018-07-10,2018-07-10,64.7342,245.1270,235.6342,243.5078
2018-07-09,SPY,stock,276.55,277.96,276.5,277.9,50550399,2018-07-09,2018-07-09,62.8081,244.6682,235.4950,243.2638
2018-07-06,SPY,stock,273.14,275.84,272.71,275.42,66493696,2018-07-06,2018-07-06,57.4572,244.2552,235.3633,243.0463
2018-07-05,SPY,stock,272.17,273.18,270.96,273.11,56925919,2018-07-05,2018-07-05,51.4108,244.0323,235.2527,242.9106
2018-07-03,SPY,stock,272.87,272.98,270.42,270.9,42187071,2018-07-03,2018-07-03,44.3893,244.0035,235.1617,242.8536
2018-07-02,SPY,stock,269.51,272.04,269.24,271.86,63554774,2018-07-02,2018-07-02,47.1369,244.1797,235.0896,242.8750
2018-06-29,SPY,stock,272.12,273.66,271.15,271.28,97592499,2018-06-29,2018-06-29,45.2352,244.2840,235.0083,242.8622
2018-06-28,SPY,stock,269.29,271.75,268.49,270.89,76650517,2018-06-28,2018-06-28,43.9768,244.4540,234.9313,242.8701
2018-06-27,SPY,stock,272.26,273.87,269.18,269.35,104960655,2018-06-27,2018-06-27,38.8226,244.6785,234.8570,242.8925
2018-06-26,SPY,stock,271.64,272.56,270.79,271.6,68683211,2018-06-26,2018-06-26,44.3594,245.0717,234.7958,242.9721
2018-06-25,SPY,stock,273.44,273.62,269.1,271,137854162,2018-06-25,2018-06-25,42.3226,245.2945,234.7138,242.9727
2018-06-22,SPY,stock,275.66,275.79,274.49,274.74,56612003,2018-06-22,2018-06-22,53.7012,245.5972,234.6364,242.9953
2018-06-21,SPY,stock,275.96,275.98,273.68,274.24,71061404,2018-06-21,2018-06-21,52.1025,245.5795,234.5245,242.8823
2018-06-20,SPY,stock,276.27,276.72,275.59,275.97,53785486,2018-06-20,2018-06-20,58.6037,245.6071,234.4161,242.7829
2018-06-19,SPY,stock,274,275.75,273.53,275.5,97531510,2018-06-19,2018-06-19,57.2583,245.4747,234.2910,242.6163
2018-06-18,SPY,stock,275.49,276.7,274.95,276.56,52917581,2018-06-18,2018-06-18,61.4401,245.3727,234.1688,242.4600
2018-06-15,SPY,stock,276.6,277.51,275.35,277.13,120041562,2018-06-15,2018-06-15,63.7654,245.1600,234.0359,242.2587
2018-06-14,SPY,stock,279.01,279.33,278.06,278.73,77097620,2018-06-14,2018-06-14,65.1834,244.8714,233.8965,242.0284
2018-06-13,SPY,stock,279.19,279.48,277.8,278.03,79070610,2018-06-13,2018-06-13,63.7030,244.5191,233.7526,241.7757
2018-06-12,SPY,stock,279.03,279.33,278.19,278.92,72329028,2018-06-12,2018-06-12,67.0699,244.1953,233.6135,241.5382
2018-06-11,SPY,stock,278.44,279.37,278.31,278.56,58892515,2018-06-11,2018-06-11,66.4029,243.7540,233.4650,241.2586
2018-06-08,SPY,stock,276.85,278.25,276.66,278.19,72139719,2018-06-08,2018-06-08,65.7407,243.3001,233.3183,240.9808
2018-06-07,SPY,stock,277.95,278.28,276.34,277.37,72969402,2018-06-07,2018-06-07,64.2924,242.8330,233.1733,240.7050
2018-06-06,SPY,stock,275.79,277.52,275.09,277.4,62732215,2018-06-06,2018-06-06,64.3848,242.3936,233.0343,240.4478
2018-06-05,SPY,stock,275.05,275.53,274.18,275.1,51135038,2018-06-05,2018-06-05,60.3222,241.9052,232.8936,240.1789
2018-06-04,SPY,stock,274.53,275.19,274.26,274.9,45385166,2018-06-04,2018-06-04,59.9533,241.5810,232.7721,239.9828
2018-06-01,SPY,stock,272.41,273.94,272.33,273.6,71258411,2018-06-01,2018-06-01,57.5727,241.2413,232.6511,239.7858
2018-05-31,SPY,stock,272.15,272.49,270.26,270.94,93519941,2018-05-31,2018-05-31,52.1705,240.9878,232.5406,239.6281
2018-05-30,SPY,stock,270.5,273.11,270.42,272.61,69678449,2018-05-30,2018-05-30,56.3536,240.9570,232.4527,239.5607
2018-05-29,SPY,stock,270.31,271.17,267.76,269.02,115908607,2018-05-29,2018-05-29,48.0367,240.7663,232.3491,239.4298
2018-05-25,SPY,stock,272.15,272.86,271.58,272.15,56374755,2018-05-25,2018-05-25,56.7990,240.8922,232.2765,239.4240
2018-05-24,SPY,stock,272.91,273.22,270.78,272.8,76043827,2018-05-24,2018-05-24,58.8697,240.7378,232.1752,239.3042
2018-05-23,SPY,stock,271.17,273.39,270.99,273.36,64694184,2018-05-23,2018-05-23,60.6383,240.5063,232.0670,239.1559
2018-05-22,SPY,stock,273.96,274.25,272.24,272.61,52966358,2018-05-22,2018-05-22,59.1106,240.1979,231.9527,238.9812
2018-05-21,SPY,stock,273.01,273.98,272.57,273.37,58025875,2018-05-21,2018-05-21,61.3511,239.9274,231.8440,238.8267
2018-05-18,SPY,stock,271.62,272.03,270.93,271.33,64367959,2018-05-18,2018-05-18,57.3189,239.5571,231.7275,238.6382
2018-05-17,SPY,stock,271.94,273.23,271.13,272.01,56536400,2018-05-17,2018-05-17,59.2316,239.3391,231.6280,238.5161
2018-05-16,SPY,stock,271.14,272.76,271.11,272.24,53942631,2018-05-16,2018-05-16,59.8590,239.0344,231.5214,238.3644
2018-05-15,SPY,stock,271.59,271.61,270.03,271.1,87036136,2018-05-15,2018-05-15,57.8019,238.6761,231.4116,238.1981
2018-05-14,SPY,stock,273.34,274.08,272.36,272.98,54790606,2018-05-14,2018-05-14,62.7242,238.3869,231.3110,238.0664
2018-05-11,SPY,stock,272.16,273.15,271.58,272.85,59871511,2018-05-11,2018-05-11,62.5192,237.8910,231.1926,237.8611
2018-05-10,SPY,stock,270.34,272.39,270.22,272.02,72063931,2018-05-10,2018-05-10,61.2564,237.3551,231.0741,237.6521
2018-05-09,SPY,stock,267.68,269.87,267.09,269.5,59666143,2018-05-09,2018-05-09,57.1897,236.8406,230.9618,237.4647
2018-05-08,SPY,stock,266.5,267.33,265.15,266.92,67499247,2018-05-08,2018-05-08,52.4443,236.5082,230.8710,237.3613
2018-05-07,SPY,stock,266.89,268.02,266.11,266.92,55304907,2018-05-07,2018-05-07,52.4443,236.3827,230.8024,237.3474
2018-05-04,SPY,stock,261.52,266.79,261.15,266.02,91222075,2018-05-04,2018-05-04,50.8041,236.2439,230.7330,237.3330
2018-05-03,SPY,stock,262.26,263.36,259.05,262.62,136311479,2018-05-03,2018-05-03,44.0325,236.1749,230.6711,237.3507
2018-05-02,SPY,stock,264.76,265.68,262.76,263.2,86368943,2018-05-02,2018-05-02,45.0140,236.4174,230.6389,237.4927
2018-05-01,SPY,stock,263.87,265.1,262.11,264.98,74203365,2018-05-01,2018-05-01,48.0672,236.6310,230.6012,237.6194
2018-04-30,SPY,stock,267.26,267.89,264.43,264.51,82182324,2018-04-30,2018-04-30,47.1889,236.7002,230.5472,237.6866
2018-04-27,SPY,stock,267,267.34,265.5,266.56,57053647,2018-04-27,2018-04-27,50.6588,236.8208,230.4969,237.7736
2018-04-26,SPY,stock,264.79,267.25,264.29,266.31,67731942,2018-04-26,2018-04-26,50.2445,236.7619,230.4277,237.7897
2018-04-25,SPY,stock,262.91,264.13,260.85,263.63,103756753,2018-04-25,2018-04-25,45.7065,236.7202,230.3601,237.8155
2018-04-24,SPY,stock,267.73,267.98,261.28,262.98,112885452,2018-04-24,2018-04-24,44.5679,236.9254,230.3157,237.9397
2018-04-23,SPY,stock,267.26,267.89,265.35,266.57,65557954,2018-04-23,2018-04-23,49.9390,237.2131,230.2768,238.0927
2018-04-20,SPY,stock,268.81,269.06,265.61,266.61,99953133,2018-04-20,2018-04-20,50.0013,237.1945,230.2053,238.1214
2018-04-19,SPY,stock,269.65,269.88,267.72,268.89,77655909,2018-04-19,2018-04-19,53.5391,237.1703,230.1327,238.1498
2018-04-18,SPY,stock,270.69,271.3,269.87,270.39,57303857,2018-04-18,2018-04-18,55.9578,236.9298,230.0390,238.0965
2018-04-17,SPY,stock,269.33,270.87,268.75,270.19,64682036,2018-04-17,2018-04-17,55.7100,236.5233,229.9310,237.9866
2018-04-16,SPY,stock,267,268.2,266.07,267.33,63405287,2018-04-16,2018-04-16,52.1351,236.0928,229.8236,237.8794
2018-04-13,SPY,stock,267.41,267.54,264.01,265.15,85079176,2018-04-13,2018-04-13,49.2349,235.8851,229.7408,237.8717
2018-04-12,SPY,stock,265.26,267,265.06,265.93,68890480,2018-04-12,2018-04-12,50.2464,235.8599,229.6766,237.9430
2018-04-11,SPY,stock,263.47,265.64,263.39,263.76,91140243,2018-04-11,2018-04-11,47.4578,235.7589,229.6048,237.9889
2018-04-10,SPY,stock,264.27,266.04,262.98,265.15,105573736,2018-04-10,2018-04-10,49.0945,235.8507,229.5518,238.1155
2018-04-09,SPY,stock,261.37,264.84,259.94,261,105442932,2018-04-09,2018-04-09,43.7129,235.8218,229.4857,238.1968
2018-04-06,SPY,stock,263.42,265.11,258,259.72,179521209,2018-04-06,2018-04-06,41.9554,236.1790,229.4561,238.4322
2018-04-05,SPY,stock,265.55,266.64,264.32,265.64,82652618,2018-04-05,2018-04-05,48.4526,236.6937,229.4377,238.7238
2018-04-04,SPY,stock,256.75,264.36,256.6,263.56,123715339,2018-04-04,2018-04-04,45.7096,236.7077,229.3661,238.8120
2018-04-03,SPY,stock,258.87,261.31,256.84,260.77,119956861,2018-04-03,2018-04-03,41.8560,236.9181,229.3124,238.9795
2018-04-02,SPY,stock,262.55,263.13,254.67,257.47,186286343,2018-04-02,2018-04-02,36.9398,237.4122,229.2832,239.2552
2018-03-29,SPY,stock,261.12,265.26,259.84,263.15,124244790,2018-03-29,2018-03-29,42.7117,238.2676,229.2831,239.6622
2018-03-28,SPY,stock,260.75,262.64,258.58,259.83,146452306,2018-03-28,2018-03-28,37.4030,238.6807,229.2323,239.8793
2018-03-27,SPY,stock,266.17,266.77,258.84,260.6,129941445,2018-03-27,2018-03-27,38.1647,239.4484,229.2106,240.2259
2018-03-26,SPY,stock,262.13,265.43,259.41,265.11,141956102,2018-03-26,2018-03-26,42.9178,240.2248,229.1818,240.5587
2018-03-23,SPY,stock,264.17,264.54,257.83,258.05,183534751,2018-03-23,2018-03-23,30.2996,240.6602,229.1124,240.7411
2018-03-22,SPY,stock,267.91,268.87,263.36,263.67,148785916,2018-03-22,2018-03-22,36.2174,241.8032,229.1055,241.1876
2018-03-21,SPY,stock,270.9,273.27,270.19,270.43,78709578,2018-03-21,2018-03-21,46.3226,242.5396,229.0482,241.4480
2018-03-20,SPY,stock,270.94,271.67,270.18,270.95,59757271,2018-03-20,2018-03-20,47.2646,242.7199,228.9298,241.4734
2018-03-19,SPY,stock,273.35,274.4,268.62,270.49,109208442,2018-03-19,2018-03-19,46.3687,242.8705,228.8056,241.4809
2018-03-16,SPY,stock,274.5,275.39,274.14,274.2,100343673,2018-03-16,2018-03-16,53.1276,243.0800,228.6842,241.5054
2018-03-15,SPY,stock,275.88,276.61,274.43,275,83433038,2018-03-15,2018-03-15,52.6166,242.9638,228.5285,241.3961
2018-03-14,SPY,stock,277.81,278.02,274.67,275.3,105895079,2018-03-14,2018-03-14,53.1606,242.8630,228.3738,241.2930
2018-03-13,SPY,stock,279.84,280.41,276.03,276.72,91968937,2018-03-13,2018-03-13,55.6914,242.7237,228.2149,241.1749
2018-03-12,SPY,stock,279.2,279.91,278.08,278.52,71924793,2018-03-12,2018-03-12,58.9972,242.4371,228.0417,241.0006
2018-03-09,SPY,stock,275.7,278.87,275.34,278.87,113625335,2018-03-09,2018-03-09,59.6364,241.9522,227.8507,240.7539
2018-03-08,SPY,stock,273.55,274.24,272.42,274.1,66901150,2018-03-08,2018-03-08,53.2230,241.3837,227.6547,240.4846
2018-03-07,SPY,stock,270.42,273.18,270.2,272.78,87063502,2018-03-07,2018-03-07,51.2319,241.2007,227.4992,240.3769
2018-03-06,SPY,stock,273.3,273.39,271.18,272.88,79213163,2018-03-06,2018-03-06,51.3858,241.1216,227.3540,240.3126
2018-03-05,SPY,stock,267.73,272.89,267.61,272.19,97307387,2018-03-05,2018-03-05,50.4319,241.0249,227.2064,240.2421
2018-03-02,SPY,stock,265.8,269.72,264.82,269.08,139083217,2018-03-02,2018-03-02,45.9973,240.9824,227.0635,240.1937
2018-03-01,SPY,stock,271.41,273.17,266,267.7,176855077,2018-03-01,2018-03-01,43.9304,241.2259,226.9468,240.2559
2018-02-28,SPY,stock,275.68,276.19,271.29,271.65,121907767,2018-02-28,2018-02-28,48.9054,241.6238,226.8413,240.3706
2018-02-27,SPY,stock,278.11,278.92,274.36,274.43,99099165,2018-02-27,2018-02-27,52.8141,241.6947,226.6995,240.3469
2018-02-26,SPY,stock,275.93,278.01,275.26,277.9,86491406,2018-02-26,2018-02-26,58.2062,241.5136,226.5315,240.2217
2018-02-23,SPY,stock,271.79,274.71,271.25,274.71,92766428,2018-02-23,2018-02-23,54.2160,240.9895,226.3309,239.9657
2018-02-22,SPY,stock,271.1,273.05,269.64,270.4,110511290,2018-02-22,2018-02-22,47.9858,240.7080,226.1567,239.8148
2018-02-21,SPY,stock,271.9,274.72,269.94,270.05,98883740,2018-02-21,2018-02-21,47.4465,240.7993,226.0192,239.8138
2018-02-20,SPY,stock,272.03,273.67,270.5,271.4,86369662,2018-02-20,2018-02-20,49.2763,240.9329,225.8834,239.8253
2018-02-16,SPY,stock,272.32,275.32,272.27,273.11,160420135,2018-02-16,2018-02-16,51.6176,240.9545,225.7342,239.7885
2018-02-15,SPY,stock,271.57,273.04,268.77,273.03,111200286,2018-02-15,2018-02-15,51.5175,240.8188,225.5682,239.6883
2018-02-14,SPY,stock,264.31,270,264.3,269.59,120735685,2018-02-14,2018-02-14,47.1530,240.6762,225.4014,239.5868
2018-02-13,SPY,stock,263.97,266.62,263.31,266,81223640,2018-02-13,2018-02-13,42.1021,240.8397,225.2635,239.6058
2018-02-12,SPY,stock,263.83,267.01,261.66,265.34,143735976,2018-02-12,2018-02-12,41.1418,241.3557,225.1562,239.7555
2018-02-09,SPY,stock,260.8,263.61,252.92,261.5,283565315,2018-02-09,2018-02-09,35.3483,241.9876,225.0537,239.9352
2018-02-08,SPY,stock,268.01,268.17,257.59,257.63,246449505,2018-02-08,2018-02-08,28.7887,243.0446,224.9844,240.2613
2018-02-07,SPY,stock,268.5,272.36,267.58,267.67,167376100,2018-02-07,2018-02-07,38.1014,244.5742,224.9490,240.7408
2018-02-06,SPY,stock,259.94,269.7,258.7,269.13,355026782,2018-02-06,2018-02-06,39.8417,245.3273,224.8236,240.8763
2018-02-05,SPY,stock,273.45,275.85,263.31,263.93,294681816,2018-02-05,2018-02-05,29.1371,246.0234,224.6840,240.9646
2018-02-02,SPY,stock,280.08,280.23,275.41,275.45,173174790,2018-02-02,2018-02-02,45.9611,247.2783,224.5894,241.2447
2018-02-01,SPY,stock,281.07,283.06,280.68,281.58,90102470,2018-02-01,2018-02-01,64.3086,247.5897,224.3911,241.1192
2018-01-31,SPY,stock,282.73,283.3,280.68,281.9,118948131,2018-01-31,2018-01-31,65.5776,247.3616,224.1361,240.7666
2018-01-30,SPY,stock,282.6,284.74,281.22,281.76,131796419,2018-01-30,2018-01-30,65.2994,247.0796,223.8758,240.3881
2018-01-29,SPY,stock,285.93,286.43,284.5,284.68,90118337,2018-01-29,2018-01-29,77.4155,246.7809,223.6141,239.9992
2018-01-26,SPY,stock,284.25,286.63,283.96,286.58,107743119,2018-01-26,2018-01-26,87.1904,246.1782,223.3237,239.4886
2018-01-25,SPY,stock,284.16,284.27,282.4,283.3,84587313,2018-01-25,2018-01-25,83.9397,245.3346,223.0135,238.8885
2018-01-24,SPY,stock,284.02,284.7,281.84,283.18,134816117,2018-01-24,2018-01-24,83.8000,244.7085,222.7294,238.3826
2018-01-23,SPY,stock,282.74,283.62,282.37,283.29,97084700,2018-01-23,2018-01-23,84.4249,244.0277,222.4435,237.8604
2018-01-22,SPY,stock,280.17,282.69,280.11,282.69,91322408,2018-01-22,2018-01-22,83.8136,243.2649,222.1537,237.3129
2018-01-19,SPY,stock,279.8,280.41,279.14,280.41,140920098,2018-01-19,2018-01-19,81.2113,242.4779,221.8664,236.7648
2018-01-18,SPY,stock,279.48,279.96,278.58,279.14,100728006,2018-01-18,2018-01-18,79.5072,241.8209,221.5965,236.2769
2018-01-17,SPY,stock,278.03,280.05,276.97,279.61,113258799,2018-01-17,2018-01-17,82.0650,241.2133,221.3352,235.8150
2018-01-16,SPY,stock,279.35,280.09,276.18,276.97,106555142,2018-01-16,2018-01-16,78.4488,240.4979,221.0671,235.3172
2018-01-12,SPY,stock,276.42,278.11,276.08,277.92,90816076,2018-01-12,2018-01-12,84.1159,239.9536,220.8199,234.8948
2018-01-11,SPY,stock,274.75,276.12,274.56,276.12,62361455,2018-01-11,2018-01-11,81.8031,239.2634,220.5617,234.4206
2018-01-10,SPY,stock,273.68,274.42,272.92,274.12,69574318,2018-01-10,2018-01-10,78.5861,238.6686,220.3170,233.9923
2018-01-09,SPY,stock,274.4,275.25,274.08,274.54,57253957,2018-01-09,2018-01-09,81.3920,238.1979,220.0876,233.6190
2018-01-08,SPY,stock,273.31,274.1,272.98,273.92,57319192,2018-01-08,2018-01-08,80.4344,237.6384,219.8521,233.2151
2018-01-05,SPY,stock,272.51,273.56,271.95,273.42,83523995,2018-01-05,2018-01-05,79.6502,237.0779,219.6199,232.8173
2018-01-04,SPY,stock,271.2,272.16,270.54,271.61,80636408,2018-01-04,2018-01-04,76.4817,236.5052,219.3897,232.4213
2018-01-03,SPY,stock,268.96,270.64,268.96,270.47,90070416,2018-01-03,2018-01-03,74.1255,236.0411,219.1734,232.0746
2018-01-02,SPY,stock,267.84,268.81,267.4,268.77,86655749,2018-01-02,2018-01-02,69.9578,235.6346,218.9651,231.7551
2017-12-29,SPY,stock,268.53,268.55,266.64,266.86,96007424,2017-12-29,2017-12-29,63.8896,235.3441,218.7698,231.4841
2017-12-28,SPY,stock,267.89,267.92,267.45,267.87,45116139,2017-12-28,2017-12-28,70.9239,235.2012,218.5896,231.2712
2017-12-27,SPY,stock,267.38,267.73,267.01,267.32,57750986,2017-12-27,2017-12-27,69.2097,234.9491,218.3986,231.0130
2017-12-26,SPY,stock,267.05,267.44,266.89,267.19,45244433,2017-12-26,2017-12-26,68.8061,234.7218,218.2105,230.7642
2017-12-22,SPY,stock,267.6,267.64,266.9,267.51,78720873,2017-12-22,2017-12-22,70.9315,234.4827,218.0217,230.5099
2017-12-21,SPY,stock,267.74,268.39,267.3,267.58,67032339,2017-12-21,2017-12-21,71.3793,234.1885,217.8282,230.2337
2017-12-20,SPY,stock,268.27,268.33,266.69,267.03,76751500,2017-12-20,2017-12-20,69.9972,233.8568,217.6321,229.9437
2017-12-19,SPY,stock,268.48,268.53,267.09,267.17,82382876,2017-12-19,2017-12-19,70.8054,233.5416,217.4390,229.6617
2017-12-18,SPY,stock,268.1,268.6,267.98,268.2,83653572,2017-12-18,2017-12-18,76.8687,233.1801,217.2426,229.3632
2017-12-15,SPY,stock,265.45,267.04,265.39,266.51,144610290,2017-12-15,2017-12-15,73.3980,232.6844,217.0351,229.0152
2017-12-14,SPY,stock,267.09,267.22,265.6,265.66,100666692,2017-12-14,2017-12-14,67.5359,232.2943,216.8406,228.7142
2017-12-13,SPY,stock,267.06,267.56,266.65,266.75,102905409,2017-12-13,2017-12-13,75.1500,232.0676,216.6636,228.4802
2017-12-12,SPY,stock,267.21,267.32,266.35,266.78,85195750,2017-12-12,2017-12-12,75.3672,231.7159,216.4752,228.1973
2017-12-11,SPY,stock,266.31,266.38,265.48,266.31,83077533,2017-12-11,2017-12-11,74.2862,231.3243,216.2847,227.9019
2017-12-08,SPY,stock,265.16,265.52,264.03,265.51,76563873,2017-12-08,2017-12-08,72.3699,230.9351,216.0964,227.6113
2017-12-07,SPY,stock,264.07,264.43,262.94,264.07,77218569,2017-12-07,2017-12-07,68.4383,230.5793,215.9133,227.3377
2017-12-06,SPY,stock,263.3,263.73,262.71,263.24,75898566,2017-12-06,2017-12-06,65.8365,230.3198,215.7411,227.1047
2017-12-05,SPY,stock,263.19,265.15,263.04,263.19,77994544,2017-12-05,2017-12-05,65.6783,230.1102,215.5746,226.8922
2017-12-04,SPY,stock,266.31,266.8,264.08,264.14,94040560,2017-12-04,2017-12-04,71.5241,229.8830,215.4068,226.6728
2017-12-01,SPY,stock,264.76,265.31,260.76,264.46,164390902,2017-12-01,2017-12-01,73.5724,229.5438,215.2289,226.4102
2017-11-30,SPY,stock,263.76,266.05,263.67,265.01,127894389,2017-11-30,2017-11-30,77.0960,229.1390,215.0464,226.1254
2017-11-29,SPY,stock,263.02,263.63,262.2,262.71,77512102,2017-11-29,2017-11-29,71.8633,228.6406,214.8572,225.8091
2017-11-28,SPY,stock,260.76,262.9,260.65,262.87,98971719,2017-11-28,2017-11-28,72.9397,228.3034,214.6864,225.5628
2017-11-27,SPY,stock,260.41,260.75,260,260.23,52274922,2017-11-27,2017-11-27,64.8795,227.9158,214.5126,225.3006
2017-11-24,SPY,stock,260.32,260.48,260.16,260.36,27856514,2017-11-24,2017-11-24,65.7754,227.7327,214.3604,225.1229
2017-11-22,SPY,stock,260,260.15,259.57,259.76,45033392,2017-11-22,2017-11-22,63.6227,227.5182,214.2055,224.9332
2017-11-21,SPY,stock,259.18,260.2,258.26,259.99,69176799,2017-11-21,2017-11-21,65.0798,227.3369,214.0544,224.7573
2017-11-20,SPY,stock,258.14,258.52,257.86,258.3,48075514,2017-11-20,2017-11-20,58.6128,227.1151,213.8998,224.5661
2017-11-17,SPY,stock,258.22,258.59,257.77,257.86,75756833,2017-11-17,2017-11-17,56.6729,227.0270,213.7585,224.4278
2017-11-16,SPY,stock,257.52,259.04,257.47,258.62,67777027,2017-11-16,2017-11-16,61.2797,226.9705,213.6198,224.2998
2017-11-15,SPY,stock,256.62,257.22,255.63,256.44,80811525,2017-11-15,2017-11-15,50.5798,226.8374,213.4729,224.1392
2017-11-14,SPY,stock,257.41,257.85,256.52,257.73,61315152,2017-11-14,2017-11-14,59.6348,226.8928,213.3439,224.0506
2017-11-13,SPY,stock,257.31,258.59,257.27,258.33,50228648,2017-11-13,2017-11-13,64.6321,226.8343,213.2021,223.9119
2017-11-10,SPY,stock,257.73,258.29,257.37,258.09,59984662,2017-11-10,2017-11-10,63.4959,226.7138,213.0536,223.7459
2017-11-09,SPY,stock,257.73,258.39,256.36,258.17,93981044,2017-11-09,2017-11-09,64.1336,226.6029,212.9057,223.5818
2017-11-08,SPY,stock,258.47,259.22,258.15,259.11,50469579,2017-11-08,2017-11-08,72.0263,226.4730,212.7556,223.4080
2017-11-07,SPY,stock,258.97,259.35,258.09,258.67,57502161,2017-11-07,2017-11-07,70.4454,226.2420,212.5957,223.1934
2017-11-06,SPY,stock,258.3,259,258.22,258.85,49652598,2017-11-06,2017-11-06,71.9908,226.0276,212.4381,222.9858
2017-11-03,SPY,stock,257.77,258.5,257.3,258.45,59589730,2017-11-03,2017-11-03,70.6627,225.7739,212.2773,222.7633
2017-11-02,SPY,stock,257.41,257.75,256.19,257.59,56449535,2017-11-02,2017-11-02,67.5951,225.5307,212.1184,222.5461
2017-11-01,SPY,stock,258.04,258.43,257.07,257.49,54202736,2017-11-01,2017-11-01,67.2251,225.3417,211.9656,222.3510
2017-10-31,SPY,stock,257.18,257.44,256.81,257.15,60304781,2017-10-31,2017-10-31,65.9993,225.1422,211.8121,222.1516
2017-10-30,SPY,stock,256.47,257.6,256.41,256.75,54285687,2017-10-30,2017-10-30,64.5510,224.9532,211.6601,221.9562
2017-10-27,SPY,stock,256.47,257.89,255.63,257.71,85562544,2017-10-27,2017-10-27,71.3216,224.7815,211.5101,221.7673
2017-10-26,SPY,stock,255.99,256.3,255.48,255.62,69797972,2017-10-26,2017-10-26,63.6043,224.5025,211.3501,221.5361
2017-10-25,SPY,stock,256.18,256.31,254,255.29,103715291,2017-10-25,2017-10-25,62.1094,224.3883,211.2070,221.3708
2017-10-24,SPY,stock,256.6,256.83,256.15,256.56,66935910,2017-10-24,2017-10-24,72.7945,224.2928,211.0654,221.2106
2017-10-23,SPY,stock,257.48,257.51,256.02,256.11,63915306,2017-10-23,2017-10-23,71.1622,224.0692,210.9111,220.9981
2017-10-20,SPY,stock,256.7,257.14,255.77,257.11,89176377,2017-10-20,2017-10-20,81.2177,223.8639,210.7593,220.7931
2017-10-19,SPY,stock,254.83,255.83,254.35,255.79,61903788,2017-10-19,2017-10-19,77.2832,223.5441,210.5971,220.5437
2017-10-18,SPY,stock,255.9,255.95,255.5,255.72,40888330,2017-10-18,2017-10-18,77.0464,223.3133,210.4449,220.3318
2017-10-17,SPY,stock,255.23,255.52,254.98,255.47,31560964,2017-10-17,2017-10-17,76.2246,223.0646,210.2918,220.1137
2017-10-16,SPY,stock,255.21,255.51,254.82,255.29,38221675,2017-10-16,2017-10-16,75.6415,222.8130,210.1394,219.8957
2017-10-13,SPY,stock,255.14,255.27,254.64,254.95,54800435,2017-10-13,2017-10-13,74.5467,222.5516,209.9871,219.6752
2017-10-12,SPY,stock,254.66,255.06,254.37,254.64,47065144,2017-10-12,2017-10-12,73.5397,222.2943,209.8363,219.4581
2017-10-11,SPY,stock,254.51,255.02,254.32,255.02,47674325,2017-10-11,2017-10-11,77.0073,222.0388,209.6867,219.2432
2017-10-10,SPY,stock,254.6,255.05,253.98,254.62,43057363,2017-10-10,2017-10-10,75.8964,221.7210,209.5322,219.0059
2017-10-09,SPY,stock,254.63,254.7,253.65,253.95,35803138,2017-10-09,2017-10-09,73.9379,221.4069,209.3797,218.7733
2017-10-06,SPY,stock,254.15,254.7,253.85,254.37,80645998,2017-10-06,2017-10-06,77.6085,221.1220,209.2316,218.5553
2017-10-05,SPY,stock,253.54,254.68,253.2,254.66,63522757,2017-10-05,2017-10-05,80.1601,220.7681,209.0783,218.3133
2017-10-04,SPY,stock,252.69,253.44,252.56,253.16,55953619,2017-10-04,2017-10-04,76.4398,220.3501,208.9209,218.0510
2017-10-03,SPY,stock,252.32,252.89,252.23,252.86,66810169,2017-10-03,2017-10-03,75.5897,220.0273,208.7752,217.8320
2017-10-02,SPY,stock,251.49,252.32,251.29,252.32,59022985,2017-10-02,2017-10-02,74.0231,219.6984,208.6307,217.6149
2017-09-29,SPY,stock,250.34,251.32,250.13,251.23,85578002,2017-09-29,2017-09-29,70.4711,219.3851,208.4896,217.4084
2017-09-28,SPY,stock,249.73,250.44,249.63,250.35,44778841,2017-09-28,2017-09-28,67.0984,219.1401,208.3567,217.2327
2017-09-27,SPY,stock,249.88,250.49,248.87,250.05,81001426,2017-09-27,2017-09-27,65.8641,218.9510,208.2303,217.0815
2017-09-26,SPY,stock,249.42,249.7,248.81,249.08,54081959,2017-09-26,2017-09-26,61.5315,218.7699,208.1052,216.9350
2017-09-25,SPY,stock,249.15,249.55,248.08,248.93,57064357,2017-09-25,2017-09-25,60.8174,218.6598,207.9875,216.8174
2017-09-22,SPY,stock,249.05,249.63,249.02,249.44,51214032,2017-09-22,2017-09-22,64.6037,218.5521,207.8700,216.7004
2017-09-21,SPY,stock,249.88,249.98,249.19,249.39,48211398,2017-09-21,2017-09-21,64.4019,218.3857,207.7467,216.5603
2017-09-20,SPY,stock,250.07,250.19,248.92,250.06,59574083,2017-09-20,2017-09-20,69.3182,218.2064,207.6227,216.4163
2017-09-19,SPY,stock,250,250.07,249.6,249.97,47108148,2017-09-19,2017-09-19,69.0233,217.9459,207.4915,216.2422
2017-09-18,SPY,stock,249.61,250.12,249.28,249.72,46235238,2017-09-18,2017-09-18,68.2356,217.6664,207.3597,216.0643
2017-09-15,SPY,stock,248.69,249.29,248.57,249.19,95432382,2017-09-15,2017-09-15,66.5619,217.3808,207.2289,215.8881
2017-09-14,SPY,stock,249.8,250.32,249.6,250.09,95446349,2017-09-14,2017-09-14,65.5016,217.1143,207.1014,215.7239
2017-09-13,SPY,stock,249.72,250.21,249.59,250.17,59228002,2017-09-13,2017-09-13,65.9660,216.8506,206.9756,215.5649
2017-09-12,SPY,stock,249.63,250.09,249.42,250.05,56896027,2017-09-12,2017-09-12,65.6266,216.5518,206.8478,215.3966
2017-09-11,SPY,stock,248.04,249.3,248.02,249.21,71364848,2017-09-11,2017-09-11,63.2435,216.2327,206.7198,215.2257
2017-09-08,SPY,stock,246.54,247.11,246.3,246.58,63832825,2017-09-08,2017-09-08,53.9647,215.9576,206.5979,215.0779
2017-09-07,SPY,stock,247.25,247.27,246.4,246.87,58034730,2017-09-07,2017-09-07,55.3966,215.8967,206.4980,215.0184
2017-09-06,SPY,stock,246.84,247.28,246.23,246.9,57916867,2017-09-06,2017-09-06,55.5381,215.8025,206.3946,214.9460
2017-09-05,SPY,stock,247.26,247.52,244.95,246.06,91398777,2017-09-05,2017-09-05,52.3740,215.6957,206.2898,214.8696
2017-09-01,SPY,stock,247.92,248.33,247.67,247.84,62006989,2017-09-01,2017-09-01,60.9021,215.6552,206.1915,214.8202
2017-08-31,SPY,stock,246.72,247.77,246.05,247.49,103803880,2017-08-31,2017-08-31,59.7041,215.4460,206.0764,214.7050
2017-08-30,SPY,stock,244.83,246.32,244.62,246.01,62030805,2017-08-30,2017-08-30,54.1928,215.2471,205.9632,214.5976
2017-08-29,SPY,stock,243.06,245.15,242.93,244.85,51135715,2017-08-29,2017-08-29,49.1291,215.1640,205.8620,214.5389
2017-08-28,SPY,stock,245.17,245.2,244.09,244.57,40565606,2017-08-28,2017-08-28,47.8366,215.1795,205.7700,214.5194
2017-08-25,SPY,stock,244.9,245.61,244.39,244.56,64445912,2017-08-25,2017-08-25,47.7927,215.2224,205.6795,214.5091
2017-08-24,SPY,stock,245,245.18,243.75,243.99,50741671,2017-08-24,2017-08-24,45.3536,215.2708,205.5882,214.4988
2017-08-23,SPY,stock,244.33,245.05,244.16,244.56,50203837,2017-08-23,2017-08-23,47.4103,215.3770,205.5010,214.5084
2017-08-22,SPY,stock,243.57,245.62,243.55,245.44,63140101,2017-08-22,2017-08-22,50.7069,215.4417,205.4079,214.4980
2017-08-21,SPY,stock,242.64,243.2,241.83,242.9,65469736,2017-08-21,2017-08-21,39.4165,215.4318,205.3062,214.4557
2017-08-18,SPY,stock,242.9,244.19,242.2,242.71,136747986,2017-08-18,2017-08-18,38.4371,215.6557,205.2258,214.5027
2017-08-17,SPY,stock,246.24,246.6,243.09,243.09,128490396,2017-08-17,2017-08-17,39.6269,215.9207,205.1463,214.5584
2017-08-16,SPY,stock,247.11,247.57,246.45,246.94,56573941,2017-08-16,2017-08-16,55.9073,216.1785,205.0626,214.6027
2017-08-15,SPY,stock,246.98,247,246.16,246.51,55242746,2017-08-15,2017-08-15,53.9449,216.1076,204.9441,214.5109
2017-08-14,SPY,stock,245.59,246.79,245.55,246.54,73291919,2017-08-14,2017-08-14,54.1009,216.0689,204.8282,214.4307
2017-08-11,SPY,stock,244.02,244.8,243.75,244.12,74869947,2017-08-11,2017-08-11,41.4111,216.0234,204.7109,214.3462
2017-08-10,SPY,stock,246.29,246.44,243.7,243.76,120361520,2017-08-10,2017-08-10,39.0847,216.1968,204.6137,214.3450
2017-08-09,SPY,stock,246.47,247.31,246.06,247.25,62523195,2017-08-09,2017-08-09,60.8266,216.4217,204.5188,214.3566
2017-08-08,SPY,stock,247.51,248.91,246.83,247.26,61719353,2017-08-08,2017-08-08,60.9167,216.3477,204.3921,214.2436
2017-08-07,SPY,stock,247.49,247.87,247.37,247.87,31995021,2017-08-07,2017-08-07,66.5001,216.2649,204.2641,214.1257
2017-08-04,SPY,stock,247.52,247.79,246.97,247.41,60191838,2017-08-04,2017-08-04,64.2026,216.1171,204.1293,213.9810
2017-08-03,SPY,stock,247.31,247.34,246.64,246.96,40785699,2017-08-03,2017-08-03,61.8243,215.9962,203.9973,213.8470
2017-08-02,SPY,stock,247.47,247.6,246.37,247.44,47211216,2017-08-02,2017-08-02,66.1792,215.9042,203.8679,213.7236
2017-08-01,SPY,stock,247.46,247.5,246.716,247.32,55050401,2017-08-01,2017-08-01,65.6170,215.7582,203.7330,213.5779
2017-07-31,SPY,stock,247.37,247.48,246.53,246.77,65838659,2017-07-31,2017-07-31,62.9991,215.6079,203.5978,213.4307
2017-07-28,SPY,stock,246.65,247.06,246.13,246.91,50088359,2017-07-28,2017-07-28,64.1536,215.4925,203.4661,213.2971
2017-07-27,SPY,stock,247.96,248,245.68,247.2,70766568,2017-07-27,2017-07-27,66.4976,215.3522,203.3318,213.1530
2017-07-26,SPY,stock,247.75,247.79,247.13,247.43,47575422,2017-07-26,2017-07-26,68.3364,215.1702,203.1936,212.9927
2017-07-25,SPY,stock,247.68,247.8,247.16,247.42,54915591,2017-07-25,2017-07-25,68.3010,214.9478,203.0520,212.8176
2017-07-24,SPY,stock,246.79,246.98,246.28,246.82,46607836,2017-07-24,2017-07-24,66.1961,214.7029,202.9091,212.6357
2017-07-21,SPY,stock,246.44,246.91,246.18,246.88,88711019,2017-07-21,2017-07-21,66.6068,214.4877,202.7700,212.4679
2017-07-20,SPY,stock,247.28,247.42,246.47,247.1,47095050,2017-07-20,2017-07-20,68.0442,214.2443,202.6290,212.2911
2017-07-19,SPY,stock,246.02,247,246.01,246.99,51034260,2017-07-19,2017-07-19,67.7208,213.9550,202.4847,212.0991
2017-07-18,SPY,stock,245.06,245.72,244.67,245.66,42742498,2017-07-18,2017-07-18,63.5828,213.6453,202.3398,211.9033
2017-07-17,SPY,stock,245.47,245.91,245.33,245.53,33502556,2017-07-17,2017-07-17,63.1541,213.4260,202.2053,211.7472
2017-07-14,SPY,stock,244.43,245.97,244.31,245.56,60234284,2017-07-14,2017-07-14,63.3138,213.1957,202.0705,211.5893
2017-07-13,SPY,stock,244.02,244.55,243.76,244.42,39471637,2017-07-13,2017-07-13,59.7193,212.9383,201.9341,211.4240
2017-07-12,SPY,stock,243.3,244.2,243.3,244.01,59610405,2017-07-12,2017-07-12,58.3567,212.7592,201.8064,211.2927
2017-07-11,SPY,stock,242.16,242.55,240.85,242.19,50290920,2017-07-11,2017-07-11,51.6092,212.5992,201.6811,211.1708
2017-07-10,SPY,stock,241.95,242.8,241.76,242.37,36663274,2017-07-10,2017-07-10,52.3888,212.5905,201.5705,211.1092
2017-07-07,SPY,stock,241.21,242.28,240.56,242.11,56062000,2017-07-07,2017-07-07,51.4042,212.5643,201.4572,211.0385
2017-07-06,SPY,stock,241.89,242.03,240.34,240.55,65400800,2017-07-06,2017-07-06,45.0763,212.5594,201.3451,210.9743
2017-07-05,SPY,stock,242.63,243.01,241.7,242.77,54427600,2017-07-05,2017-07-05,54.4446,212.6981,201.2457,210.9635
2017-07-03,SPY,stock,242.88,243.38,242.21,242.21,39153800,2017-07-03,2017-07-03,52.1134,212.6463,201.1256,210.8725
2017-06-30,SPY,stock,242.28,242.71,241.58,241.8,69340100,2017-06-30,2017-06-30,50.3874,212.6407,201.0093,210.7980
2017-06-29,SPY,stock,243.66,243.72,239.96,241.35,106949700,2017-06-29,2017-06-29,48.4955,212.6725,200.8955,210.7351
2017-06-28,SPY,stock,242.5,243.72,242.23,243.49,70042600,2017-06-28,2017-06-28,58.3157,212.7492,200.7844,210.6858
2017-06-27,SPY,stock,243.04,243.38,241.31,241.33,82247700,2017-06-27,2017-06-27,48.5511,212.6362,200.6534,210.5577
2017-06-26,SPY,stock,243.9,244.38,243.05,243.29,56700500,2017-06-26,2017-06-26,60.4905,212.7109,200.5401,210.5019
2017-06-23,SPY,stock,242.91,243.51,242.47,243.13,66986800,2017-06-23,2017-06-23,59.7401,212.6123,200.4083,210.3735
2017-06-22,SPY,stock,242.96,243.53,242.64,242.84,44148100,2017-06-22,2017-06-22,58.4105,212.5182,200.2767,210.2456
2017-06-21,SPY,stock,243.46,243.59,242.41,242.95,55977600,2017-06-21,2017-06-21,59.0979,212.4409,200.1463,210.1229
2017-06-20,SPY,stock,244.25,244.26,242.99,243.01,56906400,2017-06-20,2017-06-20,59.4523,212.3454,200.0136,209.9912
2017-06-19,SPY,stock,243.59,244.73,243.48,244.66,65123800,2017-06-19,2017-06-19,70.2021,212.2342,199.8791,209.8520
2017-06-16,SPY,stock,242.77,242.83,241.63,242.64,84553100,2017-06-16,2017-06-16,62.4925,211.9588,199.7286,209.6480
2017-06-15,SPY,stock,242.68,243.91,242.36,243.77,66464900,2017-06-15,2017-06-15,62.2553,211.8412,199.5944,209.5081
2017-06-14,SPY,stock,244.86,244.87,243.29,244.24,78602300,2017-06-14,2017-06-14,65.6689,211.7160,199.4594,209.3643
2017-06-13,SPY,stock,243.98,244.61,243.58,244.55,60067000,2017-06-13,2017-06-13,67.9508,211.5344,199.3189,209.1979
2017-06-12,SPY,stock,243.13,243.42,242.38,243.36,86108100,2017-06-12,2017-06-12,63.4198,211.3052,199.1742,209.0137
2017-06-09,SPY,stock,244.09,245.01,241.95,243.41,132256400,2017-06-09,2017-06-09,63.7716,211.1614,199.0386,208.8644
2017-06-08,SPY,stock,243.77,244.33,243.17,243.78,65950700,2017-06-08,2017-06-08,66.2983,210.9978,198.9011,208.7072
2017-06-07,SPY,stock,243.6,243.92,242.83,243.66,54144300,2017-06-07,2017-06-07,65.8913,210.7829,198.7590,208.5304
2017-06-06,SPY,stock,243.34,243.98,243.12,243.21,50375400,2017-06-06,2017-06-06,64.3940,210.5565,198.6166,208.3506
2017-06-05,SPY,stock,243.97,244.3,243.76,243.99,44698800,2017-06-05,2017-06-05,69.2898,210.3476,198.4766,208.1796
2017-06-02,SPY,stock,243.42,244.35,243.08,244.17,88666100,2017-06-02,2017-06-02,70.4373,210.0450,198.3284,207.9738
2017-06-01,SPY,stock,241.97,243.38,241.64,243.36,68962000,2017-06-01,2017-06-01,68.2393,209.6940,198.1772,207.7531
2017-05-31,SPY,stock,241.84,241.88,240.64,241.44,91796000,2017-05-31,2017-05-31,62.0249,209.3806,198.0315,207.5523
2017-05-30,SPY,stock,241.34,241.79,241.16,241.5,35201900,2017-05-30,2017-05-30,62.3790,209.2107,197.9012,207.4119
2017-05-26,SPY,stock,241.54,241.9,241.45,241.71,43404500,2017-05-26,2017-05-26,63.5586,209.0175,197.7691,207.2635
2017-05-25,SPY,stock,241.2,242.08,240.96,241.76,64071700,2017-05-25,2017-05-25,63.8254,208.7846,197.6338,207.1016
2017-05-24,SPY,stock,240.32,240.73,239.93,240.61,46927700,2017-05-24,2017-05-24,60.2625,208.5226,197.4967,206.9313
2017-05-23,SPY,stock,239.95,240.24,239.51,240.05,48341700,2017-05-23,2017-05-23,58.4103,208.3388,197.3684,206.7951
2017-05-22,SPY,stock,238.9,239.71,238.82,239.52,61010600,2017-05-22,2017-05-22,56.6339,208.1872,197.2436,206.6733
2017-05-19,SPY,stock,237.33,239.08,237.27,238.31,115011400,2017-05-19,2017-05-19,52.3162,208.0684,197.1223,206.5655
2017-05-18,SPY,stock,235.73,237.75,235.43,236.77,107047700,2017-05-18,2017-05-18,45.9573,208.0483,197.0104,206.4964
2017-05-17,SPY,stock,240.08,240.08,235.75,235.82,172174100,2017-05-17,2017-05-17,41.4875,208.1679,196.9109,206.4794
2017-05-16,SPY,stock,240.64,240.67,239.63,240.08,51241800,2017-05-16,2017-05-16,63.2805,208.3874,196.8187,206.4955
2017-05-15,SPY,stock,239.47,240.44,239.45,240.3,61918900,2017-05-15,2017-05-15,64.9158,208.2381,196.6882,206.3604
2017-05-12,SPY,stock,239.09,239.43,238.67,238.98,53912700,2017-05-12,2017-05-12,59.0151,208.0529,196.5544,206.2120
2017-05-11,SPY,stock,239.35,239.57,238.13,239.38,62358300,2017-05-11,2017-05-11,61.9468,207.9696,196.4309,206.1046
2017-05-10,SPY,stock,239.39,239.87,239.15,239.87,54293800,2017-05-10,2017-05-10,65.6567,207.8407,196.3026,205.9785
2017-05-09,SPY,stock,239.96,240.19,239.04,239.44,51363200,2017-05-09,2017-05-09,63.8947,207.6532,196.1688,205.8297
2017-05-08,SPY,stock,239.75,239.92,239.17,239.66,48385700,2017-05-08,2017-05-08,65.4911,207.4856,196.0373,205.6903
2017-05-05,SPY,stock,239.19,239.72,238.68,239.7,62001300,2017-05-05,2017-05-05,65.7684,207.2800,195.9026,205.5373
2017-05-04,SPY,stock,238.83,238.92,237.78,238.76,61462700,2017-05-04,2017-05-04,62.2820,207.0491,195.7663,205.3767
2017-05-03,SPY,stock,238.77,238.88,237.7,238.48,73137700,2017-05-03,2017-05-03,61.1887,206.8804,195.6368,205.2430
2017-05-02,SPY,stock,238.84,238.98,238.3,238.77,57375700,2017-05-02,2017-05-02,62.9435,206.7197,195.5084,205.1138
2017-05-01,SPY,stock,238.68,239.17,238.2,238.68,66882500,2017-05-01,2017-05-01,62.6346,206.5154,195.3762,204.9691
2017-04-28,SPY,stock,238.9,238.93,237.93,238.08,63532800,2017-04-28,2017-04-28,60.6023,206.2978,195.2435,204.8216
2017-04-27,SPY,stock,238.77,238.95,237.98,238.6,57410300,2017-04-27,2017-04-27,63.3764,206.1126,195.1147,204.6895
2017-04-26,SPY,stock,238.51,239.53,238.35,238.4,84702500,2017-04-26,2017-04-26,62.7677,205.8600,194.9801,204.5335
2017-04-25,SPY,stock,237.91,238.95,237.81,238.55,76698300,2017-04-25,2017-04-25,63.5028,205.5992,194.8458,204.3782
2017-04-24,SPY,stock,237.18,237.41,234.56,237.17,119209900,2017-04-24,2017-04-24,59.4457,205.2972,194.7089,204.2113
2017-04-21,SPY,stock,235.25,235.31,234.13,234.59,110389800,2017-04-21,2017-04-21,49.7481,205.0904,194.5828,204.0867
2017-04-20,SPY,stock,234.15,235.85,233.78,235.34,92572200,2017-04-20,2017-04-20,53.1808,205.0990,194.4780,204.0492
2017-04-19,SPY,stock,234.52,234.95,233.18,233.44,68699900,2017-04-19,2017-04-19,44.1086,205.0397,194.3656,203.9833
2017-04-18,SPY,stock,233.72,234.49,233.08,233.87,83225800,2017-04-18,2017-04-18,45.9810,205.1488,194.2687,203.9825
2017-04-17,SPY,stock,233.11,234.57,232.88,234.57,68405400,2017-04-17,2017-04-17,49.1339,205.2299,194.1671,203.9663
2017-04-13,SPY,stock,233.64,234.49,232.51,232.51,92880400,2017-04-13,2017-04-13,37.4053,205.2551,194.0583,203.9245
2017-04-12,SPY,stock,234.74,234.96,233.77,234.03,81864400,2017-04-12,2017-04-12,44.4234,205.4725,193.9665,203.9545
2017-04-11,SPY,stock,234.9,235.18,233.34,235.06,88045300,2017-04-11,2017-04-11,50.3700,205.5729,193.8605,203.9315
2017-04-10,SPY,stock,235.36,236.26,234.73,235.34,67615300,2017-04-10,2017-04-10,52.1315,205.5892,193.7443,203.8708
2017-04-07,SPY,stock,235.15,236,234.64,235.2,74412300,2017-04-07,2017-04-07,51.3414,205.5814,193.6246,203.7976
2017-04-06,SPY,stock,234.94,236.04,234.43,235.44,69135800,2017-04-06,2017-04-06,52.7268,205.5857,193.5048,203.7265
2017-04-05,SPY,stock,236.26,237.39,234.54,234.78,108800600,2017-04-05,2017-04-05,49.2285,205.5683,193.3817,203.6439
2017-04-04,SPY,stock,235,235.58,234.56,235.48,56466200,2017-04-04,2017-04-04,53.0982,205.6098,193.2632,203.5814
2017-04-03,SPY,stock,235.8,236.03,233.91,235.33,85546500,2017-04-03,2017-04-03,52.3530,205.5914,193.1374,203.4915
2017-03-31,SPY,stock,235.9,236.51,235.68,235.74,73733100,2017-03-31,2017-03-31,54.5531,205.5847,193.0116,203.4032
2017-03-30,SPY,stock,235.47,236.52,235.27,236.29,56737900,2017-03-30,2017-03-30,57.5665,205.5397,192.8809,203.2967
2017-03-29,SPY,stock,234.99,235.81,234.73,235.54,61950400,2017-03-29,2017-03-29,54.3753,205.4393,192.7441,203.1662
2017-03-28,SPY,stock,233.27,235.81,233.14,235.32,93483900,2017-03-28,2017-03-28,53.4212,205.3973,192.6125,203.0571
2017-03-27,SPY,stock,231.93,233.92,231.61,233.62,87454500,2017-03-27,2017-03-27,45.1976,205.3712,192.4815,202.9515
2017-03-24,SPY,stock,234.38,235.04,232.96,233.86,112504900,2017-03-24,2017-03-24,46.2685,205.4986,192.3641,202.9021
2017-03-23,SPY,stock,234.28,235.34,233.6,234.03,100410300,2017-03-23,2017-03-23,47.0009,205.6175,192.2435,202.8422
2017-03-22,SPY,stock,233.77,234.61,233.05,234.28,97569200,2017-03-22,2017-03-22,48.0394,205.7332,192.1201,202.7738
2017-03-21,SPY,stock,237.47,237.61,233.58,233.73,131809300,2017-03-21,2017-03-21,45.5832,205.8380,191.9933,202.6937
2017-03-20,SPY,stock,237.03,237.36,236.32,236.77,52537000,2017-03-20,2017-03-20,60.1848,206.0045,191.8700,202.6299
2017-03-17,SPY,stock,237.75,237.97,237.03,237.03,89002100,2017-03-17,2017-03-17,61.7558,205.9089,191.7189,202.4551
2017-03-16,SPY,stock,239.11,239.2,238.1,238.48,78344000,2017-03-16,2017-03-16,64.2417,205.7793,191.5639,202.2639
2017-03-15,SPY,stock,237.56,239.44,237.29,238.95,96081800,2017-03-15,2017-03-15,67.0680,205.5979,191.4037,202.0501
2017-03-14,SPY,stock,237.18,237.24,236.19,236.9,59880800,2017-03-14,2017-03-14,59.9276,205.3544,191.2378,201.8108
2017-03-13,SPY,stock,237.62,237.86,237.24,237.81,57256800,2017-03-13,2017-03-13,65.8092,205.2729,191.0881,201.6346
2017-03-10,SPY,stock,237.97,238.02,236.59,237.69,81991700,2017-03-10,2017-03-10,65.3933,205.0996,190.9290,201.4189
2017-03-09,SPY,stock,236.7,237.24,235.74,236.86,90683900,2017-03-09,2017-03-09,62.4606,204.9189,190.7694,201.1986
2017-03-08,SPY,stock,237.34,237.64,236.4,236.56,78168800,2017-03-08,2017-03-08,61.3616,204.7953,190.6153,200.9988
2017-03-07,SPY,stock,237.36,237.77,236.76,237,65103700,2017-03-07,2017-03-07,63.9097,204.6862,190.4624,200.8016
2017-03-06,SPY,stock,237.5,238.12,237.01,237.71,55391500,2017-03-06,2017-03-06,68.1501,204.5253,190.3041,200.5806
2017-03-03,SPY,stock,238.17,238.61,237.73,238.42,81974300,2017-03-03,2017-03-03,72.6245,204.2824,190.1380,200.3254
2017-03-02,SPY,stock,239.56,239.57,238.21,238.27,70246000,2017-03-02,2017-03-02,72.2673,203.9489,189.9640,200.0346
2017-03-01,SPY,stock,238.39,240.32,238.37,239.78,149158200,2017-03-01,2017-03-01,82.3060,203.5940,189.7895,199.7372
2017-02-28,SPY,stock,236.67,236.95,236.02,236.47,96961900,2017-02-28,2017-02-28,75.3308,203.0635,189.6002,199.3741
2017-02-27,SPY,stock,236.64,237.31,236.35,237.11,56515400,2017-02-27,2017-02-27,81.0687,202.7803,189.4378,199.1137
2017-02-24,SPY,stock,235.46,236.79,235.41,236.74,82381600,2017-02-24,2017-02-24,80.2616,202.4086,189.2682,198.8199
2017-02-23,SPY,stock,236.88,236.9,235.56,236.44,74615900,2017-02-23,2017-02-23,79.6070,202.0318,189.1002,198.5273
2017-02-22,SPY,stock,236.02,236.54,235.83,236.28,62115200,2017-02-22,2017-02-22,79.2665,201.6427,188.9331,198.2334
2017-02-21,SPY,stock,235.52,236.69,235.51,236.49,88946100,2017-02-21,2017-02-21,80.9132,201.2274,188.7657,197.9332
2017-02-17,SPY,stock,233.95,235.09,233.93,235.09,77204100,2017-02-17,2017-02-17,78.0964,200.7491,188.5948,197.6133
2017-02-16,SPY,stock,234.95,235.16,233.85,234.72,84722400,2017-02-16,2017-02-16,77.2734,200.3487,188.4344,197.3300
2017-02-15,SPY,stock,233.45,235.14,233.39,234.92,86785800,2017-02-15,2017-02-15,78.7588,199.9400,188.2756,197.0483
2017-02-14,SPY,stock,232.56,233.71,232.16,233.7,71109000,2017-02-14,2017-02-14,76.1633,199.4699,188.1135,196.7481
2017-02-13,SPY,stock,232.08,233.07,232.05,232.77,55182100,2017-02-13,2017-02-13,73.9064,199.0622,187.9604,196.4789
2017-02-10,SPY,stock,231,231.77,230.62,231.51,66015900,2017-02-10,2017-02-10,70.3779,198.6967,187.8140,196.2317
2017-02-09,SPY,stock,229.24,230.95,229.24,230.6,65955200,2017-02-09,2017-02-09,67.4237,198.4081,187.6770,196.0192
2017-02-08,SPY,stock,228.94,229.39,228.31,229.24,51566200,2017-02-08,2017-02-08,62.1908,198.1725,187.5467,195.8303
2017-02-07,SPY,stock,229.38,229.66,228.72,228.94,57931200,2017-02-07,2017-02-07,60.9045,198.0366,187.4269,195.6820
2017-02-06,SPY,stock,228.87,229.33,228.54,228.93,57790100,2017-02-06,2017-02-06,60.8632,197.9140,187.3086,195.5384
2017-02-03,SPY,stock,228.82,229.55,228.46,229.34,80563200,2017-02-03,2017-02-03,63.4081,197.7793,187.1892,195.3892
2017-02-02,SPY,stock,227.62,228.1,226.82,227.77,69657600,2017-02-02,2017-02-02,57.0177,197.5929,187.0649,195.2194
2017-02-01,SPY,stock,227.53,228.59,226.94,227.62,79117700,2017-02-01,2017-02-01,56.3413,197.5307,186.9532,195.0984
2017-01-31,SPY,stock,226.98,227.6,226.32,227.53,75880800,2017-01-31,2017-01-31,55.9551,197.4757,186.8416,194.9777
2017-01-30,SPY,stock,228.17,228.2,226.41,227.55,79737300,2017-01-30,2017-01-30,56.0575,197.4231,186.7297,194.8554
2017-01-27,SPY,stock,229.42,229.59,228.76,228.97,59711100,2017-01-27,2017-01-27,63.7419,197.3632,186.6165,194.7273
2017-01-26,SPY,stock,229.4,229.71,229.01,229.33,59970700,2017-01-26,2017-01-26,65.8675,197.1668,186.4898,194.5436
2017-01-25,SPY,stock,228.7,229.57,228.51,229.57,84437700,2017-01-25,2017-01-25,67.2559,196.9169,186.3586,194.3397
2017-01-24,SPY,stock,226.4,228.08,226.27,227.6,95555300,2017-01-24,2017-01-24,60.9883,196.6187,186.2240,194.1188
2017-01-23,SPY,stock,226.74,226.81,225.27,226.15,75061600,2017-01-23,2017-01-23,55.1163,196.4695,186.1053,193.9589
2017-01-20,SPY,stock,226.7,227.31,225.97,226.74,129168600,2017-01-20,2017-01-20,58.4399,196.4374,185.9981,193.8440
2017-01-19,SPY,stock,226.84,227,225.41,225.91,66608800,2017-01-19,2017-01-19,54.8863,196.3478,185.8846,193.7035
2017-01-18,SPY,stock,226.54,226.8,225.9,226.75,54793300,2017-01-18,2017-01-18,59.6819,196.3249,185.7773,193.5866
2017-01-17,SPY,stock,226.31,226.78,225.8,226.25,61240800,2017-01-17,2017-01-17,57.6360,196.2227,185.6615,193.4352
2017-01-13,SPY,stock,226.73,227.4,226.69,227.05,62717900,2017-01-13,2017-01-13,62.3355,196.1554,185.5489,193.2954
2017-01-12,SPY,stock,226.5,226.75,224.96,226.53,72113200,2017-01-12,2017-01-12,60.3860,196.0078,185.4282,193.1214
2017-01-11,SPY,stock,226.36,227.1,225.59,227.1,74650000,2017-01-11,2017-01-11,63.7444,195.8923,185.3109,192.9588
2017-01-10,SPY,stock,226.48,227.45,226.01,226.46,63771900,2017-01-10,2017-01-10,61.5127,195.7125,185.1874,192.7693
2017-01-09,SPY,stock,226.91,227.07,226.42,226.46,46939700,2017-01-09,2017-01-09,61.5127,195.5723,185.0682,192.5949
2017-01-06,SPY,stock,226.53,227.75,225.9,227.21,71559900,2017-01-06,2017-01-06,65.5924,195.4174,184.9478,192.4133
2017-01-05,SPY,stock,226.27,226.58,225.48,226.4,78379000,2017-01-05,2017-01-05,63.1408,195.1775,184.8197,192.1976
2017-01-04,SPY,stock,225.62,226.75,225.61,226.58,78744400,2017-01-04,2017-01-04,64.0830,194.9865,184.6974,192.0019
2017-01-03,SPY,stock,225.04,225.83,223.88,225.24,91366500,2017-01-03,2017-01-03,59.9520,194.7589,184.5722,191.7918
2016-12-30,SPY,stock,224.73,224.83,222.73,223.53,108998300,2016-12-30,2016-12-30,53.6326,194.6301,184.4576,191.6208
2016-12-29,SPY,stock,224.48,224.89,223.84,224.35,48696100,2016-12-29,2016-12-29,57.6858,194.6443,184.3567,191.5035
2016-12-28,SPY,stock,226.57,226.59,224.27,224.4,64095000,2016-12-28,2016-12-28,57.9337,194.5850,184.2476,191.3523
2016-12-27,SPY,stock,226.02,226.73,226,226.27,42672500,2016-12-27,2016-12-27,68.0965,194.5148,184.1370,191.1931
2016-12-23,SPY,stock,225.43,225.72,225.21,225.71,36251400,2016-12-23,2016-12-23,66.4604,194.2659,184.0090,190.9611
2016-12-22,SPY,stock,225.6,225.74,224.92,225.38,56219100,2016-12-22,2016-12-22,65.4921,194.0422,183.8845,190.7394
2016-12-21,SPY,stock,226.25,226.45,225.77,225.77,67909000,2016-12-21,2016-12-21,67.6350,193.8251,183.7617,190.5204
2016-12-20,SPY,stock,226.15,226.57,225.88,226.4,89838800,2016-12-20,2016-12-20,71.1258,193.5495,183.6343,190.2786
2016-12-19,SPY,stock,225.25,226.02,225.08,225.53,90341100,2016-12-19,2016-12-19,69.0793,193.1871,183.5000,190.0046
2016-12-16,SPY,stock,226.01,226.08,224.67,225.04,156420200,2016-12-16,2016-12-16,67.8891,192.8663,183.3720,189.7503
2016-12-15,SPY,stock,226.16,227.81,225.89,226.81,124972600,2016-12-15,2016-12-15,70.1323,192.5566,183.2470,189.5031
2016-12-14,SPY,stock,227.41,228.23,225.37,225.88,142501800,2016-12-14,2016-12-14,68.0664,192.1741,183.1170,189.2301
2016-12-13,SPY,stock,227.02,228.34,227,227.76,110477500,2016-12-13,2016-12-13,78.2227,191.8360,182.9937,188.9789
2016-12-12,SPY,stock,226.4,226.96,225.76,226.25,102016100,2016-12-12,2016-12-12,75.4957,191.2912,182.8528,188.6510
2016-12-09,SPY,stock,225.41,226.53,225.37,226.51,88005800,2016-12-09,2016-12-09,77.0381,190.8265,182.7236,188.3631
2016-12-08,SPY,stock,224.57,225.7,224.26,225.15,99714400,2016-12-08,2016-12-08,74.5085,190.2893,182.5909,188.0542
2016-12-07,SPY,stock,221.52,224.67,221.38,224.6,110738100,2016-12-07,2016-12-07,73.4085,189.8193,182.4686,187.7807
2016-12-06,SPY,stock,221.22,221.74,220.66,221.7,59877400,2016-12-06,2016-12-06,66.2848,189.3499,182.3499,187.5155
2016-12-05,SPY,stock,220.65,221.4,220.42,221,67837800,2016-12-05,2016-12-05,64.1311,189.0951,182.2552,187.3418
2016-12-02,SPY,stock,219.67,220.25,219.26,219.68,74840300,2016-12-02,2016-12-02,59.6137,188.8773,182.1657,187.1858
2016-12-01,SPY,stock,220.73,220.73,219.15,219.57,79040500,2016-12-01,2016-12-01,59.2163,188.7567,182.0867,187.0700
2016-11-30,SPY,stock,221.63,221.82,220.31,220.38,113291800,2016-11-30,2016-11-30,63.4886,188.6335,182.0079,186.9534
2016-11-29,SPY,stock,220.52,221.44,220.17,220.91,69886700,2016-11-29,2016-11-29,66.3992,188.4235,181.9213,186.8034
2016-11-28,SPY,stock,221.16,221.48,220.36,220.48,76572500,2016-11-28,2016-11-28,65.1972,188.1432,181.8292,186.6286
2016-11-25,SPY,stock,221.1,221.56,221.01,221.52,37872300,2016-11-25,2016-11-25,70.8930,187.8725,181.7399,186.4618
2016-11-23,SPY,stock,219.98,220.76,219.75,220.7,56620200,2016-11-23,2016-11-23,68.9040,187.4787,181.6407,186.2515
2016-11-22,SPY,stock,220.51,220.79,219.73,220.58,67429000,2016-11-22,2016-11-22,68.6126,187.1180,181.5475,186.0616
2016-11-21,SPY,stock,219.17,220.18,219,220.15,72402600,2016-11-21,2016-11-21,67.6022,186.7303,181.4545,185.8681
2016-11-18,SPY,stock,219.07,219.27,218.29,218.5,86265800,2016-11-18,2016-11-18,63.4048,186.3409,181.3643,185.6819
2016-11-17,SPY,stock,218.05,219.06,217.92,218.99,69797200,2016-11-17,2016-11-17,65.7540,186.0608,181.2876,185.5464
2016-11-16,SPY,stock,217.56,218.14,217.42,217.87,65617700,2016-11-16,2016-11-16,62.8311,185.7066,181.2058,185.3881
2016-11-15,SPY,stock,217.04,218.28,216.8,218.28,91652600,2016-11-15,2016-11-15,64.7085,185.4171,181.1329,185.2628
2016-11-14,SPY,stock,217.03,217.27,215.72,216.59,94580000,2016-11-14,2016-11-14,60.1513,185.0598,181.0557,185.1180
2016-11-11,SPY,stock,216.08,216.7,215.32,216.42,93847200,2016-11-11,2016-11-11,59.6648,184.8187,180.9925,185.0269
2016-11-10,SPY,stock,217.3,218.31,215.22,216.92,172113300,2016-11-10,2016-11-10,61.7228,184.5678,180.9301,184.9381
2016-11-09,SPY,stock,212.37,217.1,212.34,216.38,258429000,2016-11-09,2016-11-09,60.3513,184.2449,180.8627,184.8280
2016-11-08,SPY,stock,212.69,214.77,212.38,214.11,102268300,2016-11-08,2016-11-08,53.9041,183.9371,180.7993,184.7325
2016-11-07,SPY,stock,208.55,213.19,208.55,213.15,109794900,2016-11-07,2016-11-07,50.7597,183.8037,180.7550,184.7132
2016-11-04,SPY,stock,208.91,209.89,208.38,208.55,109122100,2016-11-04,2016-11-04,29.3028,183.7437,180.7187,184.7270
2016-11-03,SPY,stock,209.99,210.24,208.46,208.78,88939300,2016-11-03,2016-11-03,29.9078,184.0961,180.7219,184.9038
2016-11-02,SPY,stock,210.65,211.1,209.23,209.74,103330800,2016-11-02,2016-11-02,32.5097,184.4648,180.7232,185.0797
2016-11-01,SPY,stock,212.93,212.99,209.6,211.01,122781800,2016-11-01,2016-11-01,36.3996,184.7848,180.7161,185.2289
2016-10-31,SPY,stock,212.93,213.19,212.36,212.55,61272500,2016-10-31,2016-10-31,42.0673,185.0229,180.6980,185.3394
2016-10-28,SPY,stock,213.14,213.93,211.71,212.54,140623200,2016-10-28,2016-10-28,42.0128,185.1458,180.6663,185.3999
2016-10-27,SPY,stock,214.58,214.62,213.08,213.17,77220200,2016-10-27,2016-10-27,44.4568,185.2825,180.6343,185.4633
2016-10-26,SPY,stock,213.21,214.42,212.93,213.74,75705500,2016-10-26,2016-10-26,46.7413,185.3763,180.5965,185.5071
2016-10-25,SPY,stock,214.68,214.98,213.98,214.17,66542300,2016-10-25,2016-10-25,48.4865,185.4281,180.5534,185.5325
2016-10-24,SPY,stock,215,215.32,214.48,214.89,60146600,2016-10-24,2016-10-24,51.4750,185.4461,180.5062,185.5438
2016-10-21,SPY,stock,213.88,214.08,212.76,213.98,89089100,2016-10-21,2016-10-21,47.6912,185.4005,180.4522,185.5301
2016-10-20,SPY,stock,213.87,214.53,213.11,213.88,73639800,2016-10-20,2016-10-20,47.2717,185.4330,180.4055,185.5479
2016-10-19,SPY,stock,214.02,214.64,213.6,214.28,66519200,2016-10-19,2016-10-19,48.7232,185.4780,180.3593,185.5701
2016-10-18,SPY,stock,214.24,214.31,213.27,213.71,76869700,2016-10-18,2016-10-18,46.5517,185.4913,180.3091,185.5790
2016-10-17,SPY,stock,213.09,213.39,212.17,212.38,58275700,2016-10-17,2016-10-17,41.1519,185.5579,180.2634,185.6084
2016-10-14,SPY,stock,214.15,214.69,213.03,213.12,93346200,2016-10-14,2016-10-14,43.4181,185.7526,180.2288,185.6859
2016-10-13,SPY,stock,212.16,213.59,211.21,213.01,101357000,2016-10-13,2016-10-13,42.9847,185.9004,180.1874,185.7405
2016-10-12,SPY,stock,213.59,214.32,213.01,213.71,73866100,2016-10-12,2016-10-12,45.0225,186.0738,180.1465,185.8013
2016-10-11,SPY,stock,215.66,215.74,212.58,213.43,130367400,2016-10-11,2016-10-11,44.0371,186.2017,180.0992,185.8397
2016-10-10,SPY,stock,216.16,216.7,215.99,216.16,51855000,2016-10-10,2016-10-10,52.5675,186.3686,180.0538,185.8897
2016-10-07,SPY,stock,216.1,216.3,214.19,215.04,89788300,2016-10-07,2016-10-07,48.7883,186.3044,179.9842,185.8452
2016-10-06,SPY,stock,215.37,216.04,214.74,215.78,62927400,2016-10-06,2016-10-06,51.2958,186.3355,179.9236,185.8386
2016-10-05,SPY,stock,215.41,216.13,215.33,215.63,72816000,2016-10-05,2016-10-05,50.8200,186.3025,179.8560,185.8055
2016-10-04,SPY,stock,215.91,216.17,213.99,214.68,119948100,2016-10-04,2016-10-04,47.8227,186.2796,179.7891,185.7763
2016-10-03,SPY,stock,215.82,216.04,215.04,215.78,83512100,2016-10-03,2016-10-03,51.1762,186.3409,179.7297,185.7795
2016-09-30,SPY,stock,215.65,217.12,215.36,216.3,117202900,2016-09-30,2016-09-30,52.8015,186.3085,179.6601,185.7440
2016-09-29,SPY,stock,216.4,216.87,214.04,214.68,128070600,2016-09-29,2016-09-29,48.0264,186.2252,179.5854,185.6887
2016-09-28,SPY,stock,215.83,216.82,214.71,216.64,87411000,2016-09-28,2016-09-28,54.1851,186.2808,179.5239,185.6884
2016-09-27,SPY,stock,214.05,215.68,213.62,215.57,78494800,2016-09-27,2016-09-27,50.9999,186.1637,179.4448,185.6188
2016-09-26,SPY,stock,215.02,215.23,214.01,214.24,89827300,2016-09-26,2016-09-26,46.7247,186.1317,179.3743,185.5842
2016-09-23,SPY,stock,216.72,216.88,215.88,215.99,73630900,2016-09-23,2016-09-23,52.2999,186.2175,179.3145,185.5951
2016-09-22,SPY,stock,217,217.53,216.71,217.18,76678700,2016-09-22,2016-09-22,56.5612,186.1529,179.2390,185.5446
2016-09-21,SPY,stock,214.24,216.03,213.44,215.82,110284400,2016-09-21,2016-09-21,52.4496,185.9732,179.1524,185.4501
2016-09-20,SPY,stock,214.41,214.59,213.38,213.42,69665300,2016-09-20,2016-09-20,43.7205,185.8984,179.0767,185.3997
2016-09-19,SPY,stock,214.13,214.88,213.03,213.41,80250500,2016-09-19,2016-09-19,43.6805,186.0342,179.0211,185.4321
2016-09-16,SPY,stock,213.48,213.69,212.57,213.37,155236400,2016-09-16,2016-09-16,43.5314,186.1853,178.9650,185.4661
2016-09-15,SPY,stock,212.96,215.73,212.75,215.28,134427900,2016-09-15,2016-09-15,45.8524,186.3559,178.9087,185.5029
2016-09-14,SPY,stock,213.29,214.7,212.5,213.15,134185500,2016-09-14,2016-09-14,37.9489,186.4695,178.8447,185.5121
2016-09-13,SPY,stock,214.84,215.15,212.5,213.23,182828800,2016-09-13,2016-09-13,38.1431,186.7880,178.7985,185.5965
2016-09-12,SPY,stock,212.39,216.81,212.31,216.34,168110900,2016-09-12,2016-09-12,46.7840,187.1327,178.7511,185.6815
2016-09-09,SPY,stock,216.97,217.03,213.25,213.28,221589100,2016-09-09,2016-09-09,32.8949,187.2320,178.6764,185.6608
2016-09-08,SPY,stock,218.62,218.94,218.15,218.51,74102900,2016-09-08,2016-09-08,56.1556,187.6190,178.6273,185.7467
2016-09-07,SPY,stock,218.84,219.22,218.3,219.01,76554900,2016-09-07,2016-09-07,59.9168,187.5729,178.5326,185.6524
2016-09-06,SPY,stock,218.7,219.12,217.86,219.03,56702100,2016-09-06,2016-09-06,60.0663,187.4766,178.4325,185.5367
2016-09-02,SPY,stock,218.39,218.87,217.7,218.37,79293900,2016-09-02,2016-09-02,56.7619,187.3685,178.3313,185.4156
2016-09-01,SPY,stock,217.37,217.73,216.03,217.39,97844200,2016-09-01,2016-09-01,51.1936,187.3087,178.2348,185.3127
2016-08-31,SPY,stock,217.61,217.75,216.47,217.38,85269500,2016-08-31,2016-08-31,51.1340,187.3314,178.1457,185.2401
2016-08-30,SPY,stock,218.26,218.59,217.35,218,58114500,2016-08-30,2016-08-30,55.0027,187.3574,178.0559,185.1648
2016-08-29,SPY,stock,217.44,218.67,217.4,218.36,70502200,2016-08-29,2016-08-29,57.3419,187.3299,177.9598,185.0646
2016-08-26,SPY,stock,217.92,219.12,216.25,217.29,122506300,2016-08-26,2016-08-26,51.6691,187.2670,177.8596,184.9478
2016-08-25,SPY,stock,217.4,218.19,217.22,217.7,69224800,2016-08-25,2016-08-25,54.2353,187.2944,177.7677,184.8637
2016-08-24,SPY,stock,218.8,218.91,217.36,217.85,71728900,2016-08-24,2016-08-24,55.1661,187.2875,177.6713,184.7619
2016-08-23,SPY,stock,219.25,219.6,218.9,218.97,53399200,2016-08-23,2016-08-23,62.6169,187.2663,177.5726,184.6505
2016-08-22,SPY,stock,218.26,218.8,217.83,218.53,61368800,2016-08-22,2016-08-22,60.6796,187.1414,177.4633,184.4953
2016-08-19,SPY,stock,218.31,218.75,217.74,218.54,75443000,2016-08-19,2016-08-19,60.7460,187.0432,177.3566,184.3493
2016-08-18,SPY,stock,218.34,218.9,218.21,218.86,52989300,2016-08-18,2016-08-18,62.7888,186.9338,177.2488,184.1969
2016-08-17,SPY,stock,218,218.53,217.02,218.37,75134300,2016-08-17,2016-08-17,60.9202,186.7838,177.1372,184.0270
2016-08-16,SPY,stock,218.6,218.68,217.96,217.96,53213600,2016-08-16,2016-08-16,59.3336,186.6625,177.0286,183.8675
2016-08-15,SPY,stock,218.89,219.5,218.88,219.09,49813500,2016-08-15,2016-08-15,66.2133,186.5655,176.9226,183.7158
2016-08-12,SPY,stock,218.29,218.71,217.99,218.46,61313500,2016-08-12,2016-08-12,64.0557,186.3560,176.8056,183.5182
2016-08-11,SPY,stock,218.26,218.94,217.95,218.65,72504300,2016-08-11,2016-08-11,65.2221,186.1815,176.6930,183.3347
2016-08-10,SPY,stock,218.31,218.4,217.23,217.64,57941100,2016-08-10,2016-08-10,61.7874,185.9714,176.5776,183.1371
2016-08-09,SPY,stock,218.13,218.76,217.8,218.18,51251700,2016-08-09,2016-08-09,64.9731,185.8307,176.4697,182.9668
2016-08-08,SPY,stock,218.4,218.52,217.74,218.05,39906500,2016-08-08,2016-08-08,64.5647,185.6262,176.3561,182.7707
2016-08-05,SPY,stock,216.41,218.23,216.41,218.18,71892200,2016-08-05,2016-08-05,65.2713,185.4120,176.2425,182.5711
2016-08-04,SPY,stock,216.31,216.78,214.25,216.41,46585500,2016-08-04,2016-08-04,59.6935,185.1635,176.1266,182.3587
2016-08-03,SPY,stock,215.48,216.25,215.13,216.18,53993600,2016-08-03,2016-08-03,58.8969,185.0492,176.0249,182.1999
2016-08-02,SPY,stock,216.65,216.83,214.57,215.55,92295500,2016-08-02,2016-08-02,56.7215,184.9437,175.9241,182.0427
2016-08-01,SPY,stock,217.19,217.65,216.41,216.94,73311400,2016-08-01,2016-08-01,63.6200,184.8841,175.8278,181.9012
2016-07-29,SPY,stock,216.46,217.54,216.13,217.12,79519400,2016-07-29,2016-07-29,64.5642,184.6924,175.7184,181.7051
2016-07-28,SPY,stock,216.29,217.11,215.75,216.77,65035700,2016-07-28,2016-07-28,63.5885,184.4642,175.6065,181.4947
2016-07-27,SPY,stock,217.19,217.27,215.62,216.52,84083900,2016-07-27,2016-07-27,62.9112,184.2436,175.4964,181.2880
2016-07-26,SPY,stock,216.53,217.17,215.76,216.75,70080500,2016-07-26,2016-07-26,63.9271,184.0225,175.3874,181.0816
2016-07-25,SPY,stock,217,217.06,215.97,216.65,55873100,2016-07-25,2016-07-25,63.6903,183.7572,175.2753,180.8587
2016-07-22,SPY,stock,216.41,217.3,216.1,217.24,62787500,2016-07-22,2016-07-22,66.0657,183.4731,175.1629,180.6302
2016-07-21,SPY,stock,216.96,217.22,215.75,216.27,67777300,2016-07-21,2016-07-21,64.0170,183.1057,175.0443,180.3717
2016-07-20,SPY,stock,216.19,217.37,216.19,217.09,58159500,2016-07-20,2016-07-20,67.2017,182.7874,174.9329,180.1367
2016-07-19,SPY,stock,215.92,216.23,215.63,216.19,54345700,2016-07-19,2016-07-19,65.4499,182.3614,174.8133,179.8633
2016-07-18,SPY,stock,215.97,216.6,215.67,216.41,58725900,2016-07-18,2016-07-18,66.2531,181.9721,174.7002,179.6104
2016-07-15,SPY,stock,216.78,217.01,215.31,215.83,107155400,2016-07-15,2016-07-15,65.2079,181.5218,174.5841,179.3394
2016-07-14,SPY,stock,216.4,216.67,215.66,216.12,91230900,2016-07-14,2016-07-14,66.1593,181.0767,174.4719,179.0777
2016-07-13,SPY,stock,215.44,215.45,214.35,214.92,87324100,2016-07-13,2016-07-13,64.1495,180.5584,174.3561,178.7952
2016-07-12,SPY,stock,214.53,215.3,213.43,214.95,101275600,2016-07-12,2016-07-12,64.2381,180.0943,174.2494,178.5433
2016-07-11,SPY,stock,213.19,214.07,212.95,213.4,73633900,2016-07-11,2016-07-11,61.7014,179.5787,174.1414,178.2800
2016-07-08,SPY,stock,211.05,212.94,210.78,212.65,133971000,2016-07-08,2016-07-08,60.4406,179.1492,174.0458,178.0604
2016-07-07,SPY,stock,209.87,210.65,208.63,209.53,85593800,2016-07-07,2016-07-07,54.6771,178.7424,173.9557,177.8583
2016-07-06,SPY,stock,207.83,209.8,207.06,209.66,96021500,2016-07-06,2016-07-06,54.9870,178.5754,173.8916,177.7575
2016-07-05,SPY,stock,208.95,209.08,207.71,208.41,109803700,2016-07-05,2016-07-05,52.5872,178.3791,173.8258,177.6480
2016-07-01,SPY,stock,209.48,210.49,209.29,209.92,106055300,2016-07-01,2016-07-01,55.9321,178.2754,173.7701,177.5779
2016-06-30,SPY,stock,207.21,209.54,206.56,209.48,165021900,2016-06-30,2016-06-30,55.1604,178.0240,173.7008,177.4519
2016-06-29,SPY,stock,204.84,206.93,204.72,206.66,137328600,2016-06-29,2016-06-29,49.9436,177.7859,173.6347,177.3363
2016-06-28,SPY,stock,201.48,203.23,201.12,203.2,159382400,2016-06-28,2016-06-28,42.2948,177.7783,173.5922,177.3150
2016-06-27,SPY,stock,201.59,201.6,198.65,199.6,230775800,2016-06-27,2016-06-27,32.3002,178.0833,173.5793,177.4143
2016-06-24,SPY,stock,203.63,210.85,202.72,203.24,333444400,2016-06-24,2016-06-24,38.5728,178.7466,173.5973,177.6442
2016-06-23,SPY,stock,209.81,210.87,209.27,210.81,102731400,2016-06-23,2016-06-23,61.7180,179.1499,173.5841,177.7556
2016-06-22,SPY,stock,208.65,209.5,207.93,208.1,95560500,2016-06-22,2016-06-22,52.1795,178.9098,173.5052,177.6056
2016-06-21,SPY,stock,208.3,208.92,207.78,208.44,72461700,2016-06-21,2016-06-21,53.7394,178.8901,173.4490,177.5447
2016-06-20,SPY,stock,208.82,209.61,207.75,207.85,82789600,2016-06-20,2016-06-20,51.3981,178.8374,173.3893,177.4694
2016-06-17,SPY,stock,207.17,207.2,205.75,206.52,117055700,2016-06-17,2016-06-17,45.6392,178.8327,173.3341,177.4117
2016-06-16,SPY,stock,207.75,208.57,205.59,208.37,149533100,2016-06-16,2016-06-16,48.7337,178.9479,173.2898,177.3984
2016-06-15,SPY,stock,208.04,209.36,207.53,207.75,109124500,2016-06-15,2016-06-15,46.0018,179.0057,173.2385,177.3575
2016-06-14,SPY,stock,208,208.74,206.92,208.04,125059300,2016-06-14,2016-06-14,47.0917,179.1255,173.1920,177.3367
2016-06-13,SPY,stock,209.36,210.37,208.35,208.45,117751200,2016-06-13,2016-06-13,48.6035,179.2318,173.1425,177.3049
2016-06-10,SPY,stock,210.46,210.86,209.43,210.07,113829200,2016-06-10,2016-06-10,55.0927,179.3123,173.0890,177.2575
2016-06-09,SPY,stock,211.51,212.22,211.19,212.08,73786900,2016-06-09,2016-06-09,65.1076,179.2553,173.0210,177.1515
2016-06-08,SPY,stock,211.84,212.52,211.69,212.37,66170900,2016-06-08,2016-06-08,66.7327,179.0111,172.9350,176.9710
2016-06-07,SPY,stock,211.53,212.34,211.5,211.68,60974800,2016-06-07,2016-06-07,64.7909,178.7151,172.8457,176.7729
2016-06-06,SPY,stock,210.7,211.77,210.51,211.35,64887000,2016-06-06,2016-06-06,63.8540,178.4501,172.7614,176.5909
2016-06-03,SPY,stock,210.25,210.69,208.86,210.28,101757100,2016-06-03,2016-06-03,60.7057,178.1870,172.6791,176.4130
2016-06-02,SPY,stock,209.8,210.93,209.24,210.91,63044700,2016-06-02,2016-06-02,63.7411,177.9926,172.6052,176.2652
2016-06-01,SPY,stock,209.12,210.48,208.89,210.27,69936200,2016-06-01,2016-06-01,61.9462,177.7209,172.5251,176.0894
2016-05-31,SPY,stock,210.56,210.69,209.18,209.84,109879400,2016-05-31,2016-05-31,60.7335,177.4784,172.4497,175.9287
2016-05-27,SPY,stock,209.53,210.25,209.47,210.24,59329000,2016-05-27,2016-05-27,62.4526,177.2490,172.3773,175.7765
2016-05-26,SPY,stock,209.44,209.71,208.97,209.34,55280700,2016-05-26,2016-05-26,60.0925,176.9595,172.3007,175.6042
2016-05-25,SPY,stock,208.67,209.77,207.87,209.28,76621400,2016-05-25,2016-05-25,59.9366,176.7206,172.2311,175.4562
2016-05-24,SPY,stock,206.17,208.24,206.14,207.87,93537800,2016-05-24,2016-05-24,56.2033,176.4620,172.1612,175.3043
2016-05-23,SPY,stock,205.51,205.84,204.99,205.21,58682600,2016-05-23,2016-05-23,47.6592,176.3032,172.1029,175.1955
2016-05-20,SPY,stock,204.92,206.1,204.86,205.49,104990400,2016-05-20,2016-05-20,48.5857,176.3674,172.0668,175.1752
2016-05-19,SPY,stock,204.06,204.54,202.78,204.2,115430500,2016-05-19,2016-05-19,43.9221,176.4132,172.0279,175.1443
2016-05-18,SPY,stock,204.44,206.3,203.63,204.91,120062100,2016-05-18,2016-05-18,46.0572,176.5800,171.9998,175.1572
2016-05-17,SPY,stock,206.46,206.8,204.23,204.85,114924900,2016-05-17,2016-05-17,45.8507,176.7004,171.9652,175.1458
2016-05-16,SPY,stock,204.96,207.34,204.89,206.78,77486800,2016-05-16,2016-05-16,51.7719,176.8389,171.9309,175.1360
2016-05-13,SPY,stock,206.21,206.86,204.38,204.76,96474600,2016-05-13,2016-05-13,44.8500,176.8180,171.8796,175.0584
2016-05-12,SPY,stock,207.29,207.49,205.37,206.56,89586300,2016-05-12,2016-05-12,50.8941,176.9770,171.8451,175.0482
2016-05-11,SPY,stock,207.91,208.54,206.5,206.5,81727000,2016-05-11,2016-05-11,50.6884,176.9905,171.7948,174.9747
2016-05-10,SPY,stock,206.72,208.47,206.64,208.45,77472200,2016-05-10,2016-05-10,58.0228,177.0108,171.7445,174.9003
2016-05-09,SPY,stock,205.57,206.4,205.36,205.89,74374900,2016-05-09,2016-05-09,49.0325,176.8575,171.6770,174.7548
2016-05-06,SPY,stock,204.06,205.77,203.88,205.72,83784900,2016-05-06,2016-05-06,48.3505,176.9188,171.6308,174.6927
2016-05-05,SPY,stock,205.56,205.98,204.47,204.97,67619200,2016-05-05,2016-05-05,45.3545,177.0018,171.5855,174.6341
2016-05-04,SPY,stock,204.99,205.85,204.42,205.01,92243800,2016-05-04,2016-05-04,45.4851,177.1612,171.5463,174.5992
2016-05-03,SPY,stock,206.52,206.8,205.28,206.16,101267500,2016-05-03,2016-05-03,49.2749,177.3338,171.5064,174.5616
2016-05-02,SPY,stock,206.92,208.18,206.41,207.97,62188000,2016-05-02,2016-05-02,56.1072,177.4209,171.4561,174.4822
2016-04-29,SPY,stock,206.72,207.13,205.03,206.33,142424100,2016-04-29,2016-04-29,50.3104,177.3540,171.3898,174.3363
2016-04-28,SPY,stock,208.46,209.76,206.96,207.45,97216200,2016-04-28,2016-04-28,54.9090,177.4279,171.3369,174.2418
2016-04-27,SPY,stock,208.47,209.81,208.05,209.35,77329400,2016-04-27,2016-04-27,64.1448,177.4087,171.2738,174.1043
2016-04-26,SPY,stock,209.04,209.52,208.36,208.92,75864200,2016-04-26,2016-04-26,62.8310,177.2162,171.1938,173.8948
2016-04-25,SPY,stock,208.26,208.66,207.54,208.61,66166500,2016-04-25,2016-04-25,61.8963,177.0422,171.1167,173.6917
2016-04-22,SPY,stock,208.55,209.29,207.91,208.97,99251700,2016-04-22,2016-04-22,63.6215,176.8778,171.0414,173.4912
2016-04-21,SPY,stock,210.12,210.25,208.65,208.97,85695000,2016-04-21,2016-04-21,63.6215,176.6636,170.9623,173.2700
2016-04-20,SPY,stock,209.95,210.92,209.39,210.1,81100300,2016-04-20,2016-04-20,68.8126,176.4269,170.8824,173.0397
2016-04-19,SPY,stock,209.74,210.2,208.94,209.9,88316100,2016-04-19,2016-04-19,68.3887,176.0635,170.7920,172.7605
2016-04-18,SPY,stock,207.78,209.28,207,209.24,75277700,2016-04-18,2016-04-18,67.0149,175.6798,170.7024,172.4769
2016-04-15,SPY,stock,208.01,208.17,207.4,207.78,75761600,2016-04-15,2016-04-15,63.7816,175.3152,170.6175,172.2048
2016-04-14,SPY,stock,208.07,208.6,207.6,208.01,65212900,2016-04-14,2016-04-14,64.7094,175.0438,170.5444,171.9726
2016-04-13,SPY,stock,207,208.1,206.84,208,96336400,2016-04-13,2016-04-13,64.6887,174.7231,170.4686,171.7229
2016-04-12,SPY,stock,204.22,206.25,203.7,205.92,115350600,2016-04-12,2016-04-12,60.1676,174.3696,170.3921,171.4633
2016-04-11,SPY,stock,205.25,206.07,203.91,204.02,83757500,2016-04-11,2016-04-11,55.3148,174.1663,170.3327,171.2659
2016-04-08,SPY,stock,205.34,205.85,203.87,204.5,95040600,2016-04-08,2016-04-08,56.9422,174.1128,170.2890,171.1268
2016-04-07,SPY,stock,205.14,205.56,203.09,203.95,113859000,2016-04-07,2016-04-07,55.5507,174.0105,170.2408,170.9652
2016-04-06,SPY,stock,204.19,206.49,203.98,206.42,91839800,2016-04-06,2016-04-06,64.2026,173.9469,170.1969,170.8163
2016-04-05,SPY,stock,204.67,206.26,203.89,204.19,99662200,2016-04-05,2016-04-05,58.8266,173.6541,170.1312,170.5749
2016-04-04,SPY,stock,206.83,207.07,205.89,206.25,63497000,2016-04-04,2016-04-04,67.5253,173.5314,170.0841,170.4017
2016-04-01,SPY,stock,204.35,207.14,203.98,206.92,114423500,2016-04-01,2016-04-01,70.6818,173.2101,170.0188,170.1494
2016-03-31,SPY,stock,205.91,206.41,205.33,205.52,94584100,2016-03-31,2016-03-31,67.7573,172.7946,169.9471,169.8633
2016-03-30,SPY,stock,206.3,206.87,205.59,206.02,86365300,2016-03-30,2016-03-30,70.0754,172.4616,169.8866,169.6146
2016-03-29,SPY,stock,202.76,205.25,202.4,205.12,92922900,2016-03-29,2016-03-29,68.2605,172.0484,169.8213,169.3381
2016-03-28,SPY,stock,203.61,203.86,202.71,203.24,62408200,2016-03-28,2016-03-28,64.0288,171.6729,169.7631,169.0819
2016-03-24,SPY,stock,202,203.16,201.74,203.12,84360900,2016-03-24,2016-03-24,63.7422,171.4273,169.7204,168.8809
2016-03-23,SPY,stock,204.11,204.33,203.01,203.21,81052500,2016-03-23,2016-03-23,64.0978,171.1666,169.6784,168.6759
2016-03-22,SPY,stock,203.76,205.23,203.57,204.56,97471900,2016-03-22,2016-03-22,69.4975,170.8704,169.6352,168.4594
2016-03-21,SPY,stock,204.07,204.94,203.8,204.67,72926700,2016-03-21,2016-03-21,69.9433,170.4213,169.5799,168.1868
2016-03-18,SPY,stock,204.17,204.78,203.8,204.38,138372400,2016-03-18,2016-03-18,69.4638,169.9151,169.5231,167.8993
2016-03-17,SPY,stock,203.24,205.23,202.77,204.63,134278500,2016-03-17,2016-03-17,68.1703,169.3816,169.4682,167.6102
2016-03-16,SPY,stock,201.6,203.82,201.55,203.34,129303200,2016-03-16,2016-03-16,66.0136,168.8638,169.4196,167.3371
2016-03-15,SPY,stock,201.36,202.53,201.05,202.17,93169100,2016-03-15,2016-03-15,63.9567,168.4071,169.3816,167.0977
2016-03-14,SPY,stock,202.16,203.04,201.77,202.5,73612000,2016-03-14,2016-03-14,64.9868,168.0072,169.3532,166.8892
2016-03-11,SPY,stock,201.26,202.81,199.52,202.76,137964500,2016-03-11,2016-03-11,65.7616,167.5356,169.3217,166.6607
2016-03-10,SPY,stock,199.96,201.07,197.38,199.54,156838700,2016-03-10,2016-03-10,60.3209,166.9911,169.2877,166.4139
2016-03-09,SPY,stock,199.36,199.79,198.43,199.38,94801200,2016-03-09,2016-03-09,60.0279,166.6780,169.2809,166.2689
2016-03-08,SPY,stock,199.32,199.92,198.21,198.4,123974900,2016-03-08,2016-03-08,58.2751,166.3463,169.2754,166.1236
2016-03-07,SPY,stock,199.34,201.07,199.25,200.59,100219000,2016-03-07,2016-03-07,64.1085,166.0675,169.2782,166.0064
2016-03-04,SPY,stock,200.01,201.35,199.03,200.43,129293600,2016-03-04,2016-03-04,63.8631,165.5630,169.2623,165.8083
2016-03-03,SPY,stock,198.79,199.8,198.11,199.78,95172200,2016-03-03,2016-03-03,62.9064,165.0198,169.2476,165.6077
2016-03-02,SPY,stock,197.74,199.06,197.25,199,102415000,2016-03-02,2016-03-02,61.7788,164.4776,169.2383,165.4214
2016-03-01,SPY,stock,195.01,198.21,194.45,198.11,141799700,2016-03-01,2016-03-01,60.5068,163.9484,169.2356,165.2547
2016-02-29,SPY,stock,195.11,196.23,193.33,193.56,125918100,2016-02-29,2016-02-29,53.0967,163.4432,169.2405,165.1122
2016-02-26,SPY,stock,196.57,196.68,194.9,195.09,129833700,2016-02-26,2016-02-26,56.4010,163.2928,169.2844,165.1220
2016-02-25,SPY,stock,193.73,195.55,192.83,195.54,110728300,2016-02-25,2016-02-25,57.3762,162.9893,169.3157,165.0790
2016-02-24,SPY,stock,190.63,193.53,189.32,193.2,150812200,2016-02-24,2016-02-24,53.4936,162.6136,169.3434,165.0186
2016-02-23,SPY,stock,194,194.32,192.18,192.32,111455300,2016-02-23,2016-02-23,51.9657,162.4082,169.3914,165.0371
2016-02-22,SPY,stock,193.87,194.95,193.79,194.78,103640300,2016-02-22,2016-02-22,56.8106,162.2600,169.4475,165.0869
2016-02-19,SPY,stock,191.17,192.18,190.45,192,114793000,2016-02-19,2016-02-19,52.1269,161.8757,169.4830,165.0533
2016-02-18,SPY,stock,193.2,193.27,191.72,192.09,102343000,2016-02-18,2016-02-18,52.2974,161.7001,169.5427,165.1149
2016-02-17,SPY,stock,191.16,193.32,191.01,192.88,136009500,2016-02-17,2016-02-17,53.7298,161.4981,169.6022,165.1759
2016-02-16,SPY,stock,188.77,189.81,187.63,189.78,120250700,2016-02-16,2016-02-16,48.6001,161.2039,169.6556,165.2120
2016-02-12,SPY,stock,184.96,186.65,183.96,186.63,127632400,2016-02-12,2016-02-12,42.5952,161.1567,169.7360,165.3573
2016-02-11,SPY,stock,182.34,184.1,181.09,182.86,219058900,2016-02-11,2016-02-11,34.0301,161.3869,169.8442,165.6180
2016-02-10,SPY,stock,186.41,188.34,185.12,185.27,148214100,2016-02-10,2016-02-10,37.3370,161.9795,169.9858,166.0205
2016-02-09,SPY,stock,183.36,186.94,183.2,185.43,184513100,2016-02-09,2016-02-09,37.5620,162.4183,170.1082,166.3555
2016-02-08,SPY,stock,185.77,186.12,182.8,185.42,191526700,2016-02-08,2016-02-08,37.5401,162.8889,170.2304,166.6987
2016-02-05,SPY,stock,190.99,191.67,187.2,187.95,180788300,2016-02-05,2016-02-05,40.9022,163.4100,170.3539,167.0563
2016-02-04,SPY,stock,190.71,192.75,189.96,191.6,139531800,2016-02-04,2016-02-04,46.4787,163.7591,170.4570,167.3405
2016-02-03,SPY,stock,191.41,191.78,187.1,191.3,205054900,2016-02-03,2016-02-03,45.9159,163.8177,170.5299,167.5094
2016-02-02,SPY,stock,191.96,191.97,189.54,190.16,182564900,2016-02-02,2016-02-02,43.8320,163.9094,170.6062,167.6956
2016-02-01,SPY,stock,192.53,194.58,191.84,193.65,136061600,2016-02-01,2016-02-01,49.2236,164.1129,170.6929,167.9291
2016-01-29,SPY,stock,190.02,193.88,189.88,193.72,210529300,2016-01-29,2016-01-29,49.3366,164.0249,170.7506,168.0507
2016-01-28,SPY,stock,189.96,190.2,187.16,189.11,143798800,2016-01-28,2016-01-28,41.0602,163.9214,170.8083,168.1749
2016-01-27,SPY,stock,189.58,191.56,187.06,188.13,185681700,2016-01-27,2016-01-27,39.0963,164.2203,170.9061,168.4644
2016-01-26,SPY,stock,188.42,190.53,188.02,190.2,141036800,2016-01-26,2016-01-26,41.8301,164.6386,171.0132,168.7998
2016-01-25,SPY,stock,189.92,190.15,187.41,187.64,130371700,2016-01-25,2016-01-25,36.7512,164.9153,171.1037,169.0770
2016-01-22,SPY,stock,189.78,190.76,188.88,190.52,168319600,2016-01-22,2016-01-22,40.4397,165.4506,171.2170,169.4544
2016-01-21,SPY,stock,186.21,188.87,184.64,186.69,195772900,2016-01-21,2016-01-21,32.0137,165.7841,171.3068,169.7472
2016-01-20,SPY,stock,185.03,187.5,181.02,185.65,286547800,2016-01-20,2016-01-20,29.4988,166.4961,171.4303,170.1850
2016-01-19,SPY,stock,189.96,190.11,186.2,188.06,195244400,2016-01-19,2016-01-19,32.0499,167.3763,171.5639,170.6768
2016-01-15,SPY,stock,186.77,188.76,185.52,187.81,314240200,2016-01-15,2016-01-15,31.4791,168.1330,171.6783,171.1050
2016-01-14,SPY,stock,189.55,193.26,187.66,191.93,240795600,2016-01-14,2016-01-14,36.1224,168.9919,171.7959,171.5593
2016-01-13,SPY,stock,194.45,194.86,188.38,188.83,221168900,2016-01-13,2016-01-13,28.7828,169.5717,171.8794,171.8889
2016-01-12,SPY,stock,193.82,194.55,191.14,193.66,172330500,2016-01-12,2016-01-12,34.5215,170.4905,171.9903,172.3398
2016-01-11,SPY,stock,193.01,193.41,189.82,192.11,187941300,2016-01-11,2016-01-11,30.3855,171.0729,172.0610,172.6411
2016-01-08,SPY,stock,195.19,195.85,191.58,191.92,209817200,2016-01-08,2016-01-08,29.8814,171.8557,172.1457,173.0086
2016-01-07,SPY,stock,195.33,197.44,193.59,194.05,213436100,2016-01-07,2016-01-07,32.3177,172.7378,172.2328,173.3978
2016-01-06,SPY,stock,198.34,200.06,197.6,198.82,152112600,2016-01-06,2016-01-06,38.9158,173.5219,172.3026,173.7287
2016-01-05,SPY,stock,201.4,201.9,200.05,201.36,110845800,2016-01-05,2016-01-05,43.2854,173.9607,172.3323,173.9073
2016-01-04,SPY,stock,200.49,201.03,198.59,201.02,222353500,2016-01-04,2016-01-04,42.4827,174.2181,172.3405,174.0049
2015-12-31,SPY,stock,205.13,205.89,203.87,203.87,114877859,2015-12-31,2015-12-31,47.7425,174.5330,172.3517,174.1183
2015-12-30,SPY,stock,207.11,207.21,205.76,205.93,63317679,2015-12-30,2015-12-30,52.0695,174.6255,172.3386,174.1373
2015-12-29,SPY,stock,206.51,207.79,206.47,207.4,92640672,2015-12-29,2015-12-29,55.3962,174.5431,172.3077,174.0854
2015-12-28,SPY,stock,204.86,205.26,203.94,205.21,65899939,2015-12-28,2015-12-28,51.0717,174.3202,172.2640,173.9803
2015-12-24,SPY,stock,205.72,206.33,205.42,205.68,48542150,2015-12-24,2015-12-24,52.0779,174.2702,172.2385,173.9470
2015-12-23,SPY,stock,204.69,206.07,204.58,206.02,110987228,2015-12-23,2015-12-23,52.7763,174.1727,172.2088,173.8961
2015-12-22,SPY,stock,202.72,203.85,201.55,203.5,111026246,2015-12-22,2015-12-22,47.9740,174.0346,172.1759,173.8312
2015-12-21,SPY,stock,201.41,201.88,200.09,201.67,99094290,2015-12-21,2015-12-21,44.1437,174.1078,172.1642,173.8513
2015-12-18,SPY,stock,202.77,202.93,199.83,200.02,251393535,2015-12-18,2015-12-18,40.4746,174.3528,172.1681,173.9358
2015-12-17,SPY,stock,208.4,208.48,204.84,204.86,173092476,2015-12-17,2015-12-17,46.7012,174.7716,172.1861,174.0812
2015-12-16,SPY,stock,206.37,208.39,204.8,208.03,197017008,2015-12-16,2015-12-16,53.3606,174.9111,172.1734,174.1071
2015-12-15,SPY,stock,204.7,206.11,202.87,205.03,154069569,2015-12-15,2015-12-15,46.6789,174.7827,172.1336,174.0245
2015-12-14,SPY,stock,202.07,203.05,199.95,202.9,182385177,2015-12-14,2015-12-14,41.1174,174.9082,172.1190,174.0422
2015-12-11,SPY,stock,203.35,204.14,201.51,201.88,211125329,2015-12-11,2015-12-11,38.2536,175.2367,172.1223,174.1342
2015-12-10,SPY,stock,205.42,207.43,205.14,205.87,116128884,2015-12-10,2015-12-10,46.4616,175.6907,172.1344,174.2653
2015-12-09,SPY,stock,206.19,208.68,204.18,205.34,162401537,2015-12-09,2015-12-09,45.0061,175.8370,172.1126,174.2638
2015-12-08,SPY,stock,206.49,208.29,205.78,206.95,103372367,2015-12-08,2015-12-08,48.7440,176.0458,172.0951,174.2806
2015-12-07,SPY,stock,209.23,209.73,207.2,208.35,102027111,2015-12-07,2015-12-07,52.2477,176.1331,172.0637,174.2424
2015-12-04,SPY,stock,205.61,209.97,205.61,209.62,192913879,2015-12-04,2015-12-04,55.6151,176.1049,172.0201,174.1543
2015-12-03,SPY,stock,208.83,209.15,204.75,205.61,166224154,2015-12-03,2015-12-03,45.2737,175.9605,171.9653,174.0186
2015-12-02,SPY,stock,210.62,211,208.23,208.53,108441259,2015-12-02,2015-12-02,53.7400,176.1582,171.9440,174.0161
2015-12-01,SPY,stock,209.44,210.82,209.11,210.68,97858418,2015-12-01,2015-12-01,61.6182,176.1166,171.8977,173.9125
2015-11-30,SPY,stock,209.75,209.89,208.56,208.69,112822700,2015-11-30,2015-11-30,56.0851,175.8789,171.8326,173.7304
2015-11-27,SPY,stock,209.43,209.8,208.86,209.56,37317779,2015-11-27,2015-11-27,59.5714,175.7936,171.7838,173.6096
2015-11-25,SPY,stock,209.5,209.74,209.01,209.32,51980062,2015-11-25,2015-11-25,58.9172,175.6218,171.7271,173.4538
2015-11-24,SPY,stock,207.87,209.83,207.41,209.35,98874365,2015-11-24,2015-11-24,59.0281,175.4533,171.6719,173.3000
2015-11-23,SPY,stock,209.38,209.98,208.52,209.07,64931172,2015-11-23,2015-11-23,58.3489,175.2643,171.6158,173.1388
2015-11-20,SPY,stock,209.45,210.12,208.86,209.31,94011519,2015-11-20,2015-11-20,59.1291,175.0805,171.5616,172.9808
2015-11-19,SPY,stock,208.59,209.05,208.2,208.55,88220465,2015-11-19,2015-11-19,57.4563,174.8559,171.5048,172.8080
2015-11-18,SPY,stock,206.04,208.9,205.99,208.73,121342544,2015-11-18,2015-11-18,57.9782,174.6753,171.4539,172.6544
2015-11-17,SPY,stock,205.99,207.04,204.88,205.47,121123744,2015-11-17,2015-11-17,50.4024,174.4598,171.4009,172.4883
2015-11-16,SPY,stock,202.32,205.69,202.18,205.62,117645231,2015-11-16,2015-11-16,50.7936,174.5120,171.3752,172.4281
2015-11-13,SPY,stock,204.35,204.67,202.44,202.54,153577050,2015-11-13,2015-11-13,42.2457,174.5565,171.3479,172.3603
2015-11-12,SPY,stock,206.5,207.06,204.82,204.84,121315200,2015-11-12,2015-11-12,48.0314,174.8800,171.3465,172.3961
2015-11-11,SPY,stock,208.88,208.94,207.66,207.74,67845971,2015-11-11,2015-11-11,57.2039,175.0327,171.3256,172.3540
2015-11-10,SPY,stock,207.51,208.6,207.19,208.56,75874602,2015-11-10,2015-11-10,60.2235,174.9430,171.2798,172.2098
2015-11-09,SPY,stock,209.31,209.49,206.95,208.08,131008660,2015-11-09,2015-11-09,59.0485,174.7707,171.2265,172.0315
2015-11-06,SPY,stock,209.74,210.32,208.46,210.04,110471473,2015-11-06,2015-11-06,66.4967,174.6232,171.1768,171.8625
2015-11-05,SPY,stock,210.43,210.98,209.09,210.15,78408744,2015-11-05,2015-11-05,66.9367,174.2853,171.1099,171.6188
2015-11-04,SPY,stock,211.35,211.5,209.72,210.38,96224477,2015-11-04,2015-11-04,67.8079,173.9022,171.0414,171.3614
2015-11-03,SPY,stock,209.97,211.66,209.7,211,95246052,2015-11-03,2015-11-03,70.0912,173.4582,170.9703,171.0855
2015-11-02,SPY,stock,208.32,210.62,208.17,210.39,86270811,2015-11-02,2015-11-02,69.1419,172.9122,170.8931,170.7769
2015-10-30,SPY,stock,209.06,209.44,207.74,207.93,131076942,2015-10-30,2015-10-30,64.9794,172.3631,170.8204,170.4769
2015-10-29,SPY,stock,208.35,209.27,208.21,208.89,90525498,2015-10-29,2015-10-29,68.3188,171.9754,170.7679,170.2496
2015-10-28,SPY,stock,207,208.98,206.21,208.94,135906725,2015-10-28,2015-10-28,68.4891,171.4614,170.7067,169.9798
2015-10-27,SPY,stock,206.2,207,205.79,206.57,77905770,2015-10-27,2015-10-27,64.6075,170.8888,170.6444,169.6973
2015-10-26,SPY,stock,207.3,207.37,206.56,206.99,69032965,2015-10-26,2015-10-26,65.9442,170.4671,170.6017,169.4852
2015-10-23,SPY,stock,207.25,207.95,206.3,207.52,144442340,2015-10-23,2015-10-23,67.5827,169.9637,170.5550,169.2499
2015-10-22,SPY,stock,202.98,205.51,201.85,205.21,174911723,2015-10-22,2015-10-22,63.9585,169.3600,170.5033,168.9867
2015-10-21,SPY,stock,203.61,203.79,201.65,201.85,102038033,2015-10-21,2015-10-21,57.5485,168.8986,170.4707,168.7925
2015-10-20,SPY,stock,202.85,203.84,202.55,203.11,78448484,2015-10-20,2015-10-20,61.3478,168.6881,170.4664,168.7066
2015-10-19,SPY,stock,202.5,203.37,202.13,203.37,76523897,2015-10-19,2015-10-19,62.1338,168.3432,170.4514,168.5736
2015-10-16,SPY,stock,202.83,203.29,201.92,203.27,114580052,2015-10-16,2015-10-16,61.9597,167.9388,170.4339,168.4262
2015-10-15,SPY,stock,200.08,202.36,199.64,202.35,134142195,2015-10-15,2015-10-15,60.4048,167.5007,170.4172,168.2762
2015-10-14,SPY,stock,200.18,200.87,198.94,199.29,99106161,2015-10-14,2015-10-14,54.6841,167.0985,170.4081,168.1519
2015-10-13,SPY,stock,200.65,202.16,200.05,200.25,88038718,2015-10-13,2015-10-13,57.0868,166.9267,170.4250,168.1283
2015-10-12,SPY,stock,201.42,201.76,200.91,201.52,56395585,2015-10-12,2015-10-12,60.3440,166.6512,170.4338,168.0705
2015-10-09,SPY,stock,201.38,201.9,200.58,201.33,107069240,2015-10-09,2015-10-09,60.0271,166.2336,170.4320,167.9665
2015-10-08,SPY,stock,198.95,201.55,198.59,201.21,153055231,2015-10-08,2015-10-08,59.8390,165.7889,170.4317,167.8648
2015-10-07,SPY,stock,198.9,199.83,197.48,199.41,124307295,2015-10-07,2015-10-07,57.0208,165.3081,170.4325,167.7631
2015-10-06,SPY,stock,198.31,198.98,197,197.79,110274530,2015-10-06,2015-10-06,54.3433,164.9371,170.4485,167.7195
2015-10-05,SPY,stock,196.46,198.74,196.33,198.47,126320842,2015-10-05,2015-10-05,55.6957,164.6715,170.4786,167.7300
2015-10-02,SPY,stock,189.77,195.03,189.12,195,211003342,2015-10-02,2015-10-02,49.7730,164.3173,170.5031,167.7175
2015-10-01,SPY,stock,192.08,192.49,189.82,192.13,131078964,2015-10-01,2015-10-01,44.0261,164.2350,170.5574,167.8244
2015-09-30,SPY,stock,190.37,191.83,189.44,191.59,163452044,2015-09-30,2015-09-30,42.8844,164.3999,170.6367,168.0348
2015-09-29,SPY,stock,188.27,189.74,186.93,188.08,159045572,2015-09-29,2015-09-29,34.8652,164.6303,170.7214,168.2725
2015-09-28,SPY,stock,191.78,191.91,187.64,187.91,178515871,2015-09-28,2015-09-28,34.4513,165.1977,170.8368,168.6412
2015-09-25,SPY,stock,194.64,195,191.81,192.87,155054777,2015-09-25,2015-09-25,41.6159,165.8400,170.9548,169.0308
2015-09-24,SPY,stock,192.15,193.45,190.56,192.93,159378840,2015-09-24,2015-09-24,41.7133,166.1079,171.0318,169.2649
2015-09-23,SPY,stock,194.11,194.67,192.91,193.6,92790620,2015-09-23,2015-09-23,42.7512,166.3986,171.1090,169.5065
2015-09-22,SPY,stock,193.88,194.46,192.56,193.9,153890876,2015-09-22,2015-09-22,43.1982,166.6602,171.1813,169.7348
2015-09-21,SPY,stock,196.44,197.68,195.21,196.44,105726209,2015-09-21,2015-09-21,47.0664,166.9227,171.2518,169.9621
2015-09-18,SPY,stock,195.71,198.68,194.96,195.36,223657456,2015-09-18,2015-09-18,45.1263,166.9863,171.3014,170.1108
2015-09-17,SPY,stock,200.02,202.89,199.28,199.7,276046618,2015-09-17,2015-09-17,50.3445,167.1530,171.3607,170.3030
2015-09-16,SPY,stock,198.82,200.41,198.41,200.14,99581557,2015-09-16,2015-09-16,51.0743,167.0440,171.3926,170.3893
2015-09-15,SPY,stock,196.61,198.99,195.96,198.45,113806176,2015-09-15,2015-09-15,48.4070,166.8845,171.4211,170.4640
2015-09-14,SPY,stock,196.95,197.01,195.43,195.98,79451983,2015-09-14,2015-09-14,44.2848,166.8581,171.4641,170.5998
2015-09-11,SPY,stock,195.38,196.82,194.53,196.74,119691212,2015-09-11,2015-09-11,45.3193,167.0479,171.5285,170.8262
2015-09-10,SPY,stock,194.56,197.22,194.25,195.85,158611063,2015-09-10,2015-09-10,43.8940,167.1903,171.5872,171.0356
2015-09-09,SPY,stock,199.32,199.47,194.35,194.76,149347735,2015-09-09,2015-09-09,42.1801,167.4266,171.6539,171.2841
2015-09-08,SPY,stock,195.94,197.61,195.17,197.46,116025739,2015-09-08,2015-09-08,45.3679,167.7843,171.7306,171.5803
2015-09-04,SPY,stock,192.85,193.86,191.61,192.59,207080961,2015-09-04,2015-09-04,37.4504,167.9404,171.7851,171.7958
2015-09-03,SPY,stock,196.26,198.05,194.96,195.65,152087836,2015-09-03,2015-09-03,40.9096,168.5447,171.8815,172.1874
2015-09-02,SPY,stock,194.62,195.46,192.42,195.41,160269331,2015-09-02,2015-09-02,40.5094,168.9412,171.9529,172.4899
2015-09-01,SPY,stock,193.12,194.77,190.73,191.77,256000392,2015-09-01,2015-09-01,34.2369,169.4008,172.0270,172.8130
2015-08-31,SPY,stock,198.11,199.13,197.01,197.54,163298816,2015-08-31,2015-08-31,40.5264,170.2315,172.1327,173.2743
2015-08-28,SPY,stock,198.5,199.84,197.92,199.24,160414352,2015-08-28,2015-08-28,42.6710,170.6380,172.1906,173.5562
2015-08-27,SPY,stock,197.02,199.42,195.21,199.16,274143906,2015-08-27,2015-08-27,42.5382,170.9367,172.2347,173.7911
2015-08-26,SPY,stock,192.08,194.79,188.37,194.68,339256986,2015-08-26,2015-08-26,34.6635,171.2739,172.2800,174.0383
2015-08-25,SPY,stock,195.43,195.45,186.92,187.23,369833071,2015-08-25,2015-08-25,17.1262,172.0438,172.3636,174.4497
2015-08-24,SPY,stock,187.49,197.48,182.4,189.5,507244300,2015-08-24,2015-08-24,18.5337,173.5551,172.5111,175.1339
2015-08-21,SPY,stock,201.73,203.94,197.52,197.63,346588469,2015-08-21,2015-08-21,25.5047,175.0243,172.6409,175.7680
2015-08-20,SPY,stock,206.51,208.29,203.9,204.01,194327884,2015-08-20,2015-08-20,35.1343,175.9274,172.7032,176.1486
2015-08-19,SPY,stock,209.09,210.01,207.35,208.28,172864412,2015-08-19,2015-08-19,45.9058,176.3600,172.7121,176.3253
2015-08-18,SPY,stock,210.26,210.68,209.7,209.93,71692678,2015-08-18,2015-08-18,51.5799,176.4595,172.6849,176.3625
2015-08-17,SPY,stock,208.71,210.59,208.16,210.56,79072643,2015-08-17,2015-08-17,53.9439,176.4232,172.6435,176.3445
2015-08-14,SPY,stock,208.43,209.51,208.26,209.36,72786528,2015-08-14,2015-08-14,49.8811,176.3273,172.5964,176.3041
2015-08-13,SPY,stock,208.73,209.55,208.01,208.7,89383253,2015-08-13,2015-08-13,47.5167,176.3277,172.5589,176.3033
2015-08-12,SPY,stock,207.11,209.14,205.36,208.92,172123672,2015-08-12,2015-08-12,48.2208,176.3866,172.5267,176.3251
2015-08-11,SPY,stock,208.97,209.47,207.76,208.66,126081377,2015-08-11,2015-08-11,47.3648,176.4322,172.4922,176.3403
2015-08-10,SPY,stock,209.28,210.67,209.28,210.63,80270676,2015-08-10,2015-08-10,53.5988,176.5057,172.4596,176.3651
2015-08-07,SPY,stock,208.16,208.34,206.87,207.92,117857956,2015-08-07,2015-08-07,44.2211,176.4122,172.4100,176.3231
2015-08-06,SPY,stock,210.29,210.42,207.65,208.35,116030803,2015-08-06,2015-08-06,45.5783,176.5492,172.3829,176.3725
2015-08-05,SPY,stock,210.45,211.31,209.73,210.1,85786817,2015-08-05,2015-08-05,51.5582,176.6624,172.3518,176.4093
2015-08-04,SPY,stock,209.7,210.25,208.8,209.32,81820823,2015-08-04,2015-08-04,48.7767,176.6325,172.3057,176.3873
2015-08-03,SPY,stock,210.46,210.53,208.65,209.73,113965728,2015-08-03,2015-08-03,50.1831,176.6685,172.2656,176.3913
2015-07-31,SPY,stock,211.42,211.45,210.16,210.45,103266857,2015-07-31,2015-07-31,52.6591,176.6720,172.2217,176.3813
2015-07-30,SPY,stock,210.16,211.02,209.42,210.82,91304374,2015-07-30,2015-07-30,53.9287,176.6120,172.1712,176.3462
2015-07-29,SPY,stock,209.48,211.04,209.31,210.77,105791255,2015-07-29,2015-07-29,53.7889,176.5129,172.1171,176.2969
2015-07-28,SPY,stock,207.79,209.5,206.8,209.31,123544845,2015-07-28,2015-07-28,49.6456,176.4077,172.0629,176.2473
2015-07-27,SPY,stock,208,208,206.26,206.74,132361082,2015-07-27,2015-07-27,40.9987,176.4210,172.0205,176.2459
2015-07-24,SPY,stock,210.3,210.37,207.6,207.94,117754979,2015-07-24,2015-07-24,44.2967,176.6635,171.9995,176.3328
2015-07-23,SPY,stock,211.53,211.65,209.75,210.14,90509128,2015-07-23,2015-07-23,51.3255,176.8251,171.9680,176.3820
2015-07-22,SPY,stock,210.93,211.77,210.89,211.29,88667920,2015-07-22,2015-07-22,55.6084,176.8088,171.9176,176.3575
2015-07-21,SPY,stock,212.43,212.74,211.39,211.76,77965048,2015-07-21,2015-07-21,57.4270,176.6887,171.8570,176.2926
2015-07-20,SPY,stock,212.75,213.18,212.21,212.62,70446821,2015-07-20,2015-07-20,60.8057,176.5143,171.7918,176.2088
2015-07-17,SPY,stock,212.29,212.55,211.8,212.47,89029973,2015-07-17,2015-07-17,60.4286,176.2454,171.7187,176.0920
2015-07-16,SPY,stock,211.87,212.3,211.58,212.27,106683266,2015-07-16,2015-07-16,59.9516,175.9614,171.6461,175.9756
2015-07-15,SPY,stock,210.73,211.28,210.04,210.63,97914141,2015-07-15,2015-07-15,55.9041,175.6652,171.5744,175.8614
2015-07-14,SPY,stock,209.72,211.05,209.65,210.72,81709575,2015-07-14,2015-07-14,56.1935,175.4833,171.5159,175.7989
2015-07-13,SPY,stock,208.99,209.9,208.94,209.76,106069400,2015-07-13,2015-07-13,53.8259,175.2743,171.4561,175.7307
2015-07-10,SPY,stock,207.29,207.98,204.95,207.48,129456890,2015-07-10,2015-07-10,47.5776,175.1283,171.4038,175.6927
2015-07-09,SPY,stock,207.04,207.35,204.77,204.8,144113107,2015-07-09,2015-07-09,38.4930,175.1691,171.3702,175.7316
2015-07-08,SPY,stock,206.42,206.76,204.25,204.53,164020059,2015-07-08,2015-07-08,37.4794,175.4519,171.3591,175.8642
2015-07-07,SPY,stock,206.96,208.17,204.11,208.01,173820249,2015-07-07,2015-07-07,46.6873,175.7883,171.3500,176.0114
2015-07-06,SPY,stock,205.77,207.65,205.53,206.67,117975369,2015-07-06,2015-07-06,41.5532,175.8516,171.3115,176.0451
2015-07-02,SPY,stock,208.07,208.27,206.81,207.32,104373652,2015-07-02,2015-07-02,43.4373,176.0403,171.2839,176.1262
2015-07-01,SPY,stock,207.73,208.03,206.56,207.57,135979873,2015-07-01,2015-07-01,44.1524,176.1913,171.2505,176.1882
2015-06-30,SPY,stock,207.26,207.32,205.28,205.89,182925106,2015-06-30,2015-06-30,37.7592,176.3360,171.2147,176.2442
2015-06-29,SPY,stock,208.05,209.83,205.33,205.47,202621332,2015-06-29,2015-06-29,36.0601,176.6450,171.1927,176.3602
2015-06-26,SPY,stock,210.29,210.58,209.16,209.9,104174840,2015-06-26,2015-06-26,49.2208,177.0236,171.1740,176.4955
2015-06-25,SPY,stock,211.1,211.25,209.77,209.83,97107361,2015-06-25,2015-06-25,48.9474,177.0494,171.1177,176.4839
2015-06-24,SPY,stock,211.72,212.17,210.47,210.51,92307318,2015-06-24,2015-06-24,51.4458,177.0841,171.0614,176.4743
2015-06-23,SPY,stock,212.14,212.44,211.57,212.05,68476797,2015-06-23,2015-06-23,57.6321,177.0622,170.9988,176.4409
2015-06-22,SPY,stock,211.91,212.59,211.64,211.89,70696027,2015-06-22,2015-06-22,57.1349,176.9014,170.9225,176.3532
2015-06-19,SPY,stock,211.46,211.55,210.36,210.81,130478689,2015-06-19,2015-06-19,53.7310,176.7379,170.8468,176.2674
2015-06-18,SPY,stock,211.31,213.34,210.63,212.71,165867949,2015-06-18,2015-06-18,57.1063,176.6529,170.7795,176.2153
2015-06-17,SPY,stock,210.59,211.32,209.36,210.59,126708635,2015-06-17,2015-06-17,49.9984,176.4823,170.7041,176.1312
2015-06-16,SPY,stock,208.93,210.35,208.72,210.25,85308227,2015-06-16,2015-06-16,48.7333,176.4807,170.6459,176.1163
2015-06-15,SPY,stock,208.64,209.45,207.79,209.1,124384184,2015-06-15,2015-06-15,44.3076,176.5089,170.5900,176.1123
2015-06-12,SPY,stock,210.64,211.48,209.68,209.93,135382369,2015-06-12,2015-06-12,47.0284,176.6416,170.5432,176.1476
2015-06-11,SPY,stock,211.48,212.09,211.2,211.65,73876447,2015-06-11,2015-06-11,53.3303,176.7150,170.4889,176.1559
2015-06-10,SPY,stock,209.37,211.41,209.3,210.96,134551285,2015-06-10,2015-06-10,50.8783,176.6444,170.4196,176.1057
2015-06-09,SPY,stock,208.45,209.1,207.69,208.45,105034690,2015-06-09,2015-06-09,40.2799,176.6272,170.3554,176.0771
2015-06-08,SPY,stock,209.64,209.82,208.39,208.42,89063330,2015-06-08,2015-06-08,40.1365,176.8297,170.3117,176.1331
2015-06-05,SPY,stock,209.95,210.58,208.98,209.77,121704676,2015-06-05,2015-06-05,44.6110,177.0561,170.2678,176.1925
2015-06-04,SPY,stock,211.07,211.86,209.75,210.13,151882820,2015-06-04,2015-06-04,45.8774,177.1873,170.2121,176.2081
2015-06-03,SPY,stock,212,212.67,211.33,211.92,87820909,2015-06-03,2015-06-03,52.7977,177.3005,170.1528,176.2120
2015-06-02,SPY,stock,211.02,212.19,210.27,211.36,91531012,2015-06-02,2015-06-02,50.6345,177.2677,170.0778,176.1549
2015-06-01,SPY,stock,211.94,212.34,210.62,211.57,93338750,2015-06-01,2015-06-01,51.4557,177.2808,170.0068,176.1145
2015-05-29,SPY,stock,212.38,212.43,210.82,211.14,124919611,2015-05-29,2015-05-29,49.9112,177.2768,169.9333,176.0654
2015-05-28,SPY,stock,212.33,212.59,211.63,212.46,74974560,2015-05-28,2015-05-28,54.8891,177.3104,169.8627,176.0289
2015-05-27,SPY,stock,211.25,212.98,210.76,212.7,93213981,2015-05-27,2015-05-27,55.8291,177.2310,169.7803,175.9458
2015-05-26,SPY,stock,212.4,212.91,210.2,210.7,124308584,2015-05-26,2015-05-26,49.0809,177.1220,169.6950,175.8512
2015-05-22,SPY,stock,213.04,213.54,212.91,212.99,57433495,2015-05-22,2015-05-22,58.5994,177.1781,169.6257,175.8210
2015-05-21,SPY,stock,212.71,213.75,212.51,213.5,64764585,2015-05-21,2015-05-21,61.0477,177.0380,169.5364,175.7113
2015-05-20,SPY,stock,213.15,213.78,212.5,212.88,76857530,2015-05-20,2015-05-20,59.1196,176.8382,169.4420,175.5797
2015-05-19,SPY,stock,213.24,213.57,212.69,213.03,72114610,2015-05-19,2015-05-19,59.7844,176.6720,169.3518,175.4639
2015-05-18,SPY,stock,212.24,213.4,212.16,213.1,74549685,2015-05-18,2015-05-18,60.0772,176.4752,169.2594,175.3382
2015-05-15,SPY,stock,212.44,212.61,211.86,212.44,76510099,2015-05-15,2015-05-15,58.2889,176.2514,169.1655,175.2051
2015-05-14,SPY,stock,211.24,212.32,210.91,212.21,95934006,2015-05-14,2015-05-14,57.6754,176.0623,169.0762,175.0890
2015-05-13,SPY,stock,210.47,211.22,209.74,210.02,94667943,2015-05-13,2015-05-13,51.3489,175.8736,168.9880,174.9761
2015-05-12,SPY,stock,209.61,210.63,208.62,209.98,119727592,2015-05-12,2015-05-12,51.2252,175.8582,168.9173,174.9335
2015-05-11,SPY,stock,211.57,211.89,210.52,210.61,75708065,2015-05-11,2015-05-11,53.2028,175.8447,168.8463,174.8906
2015-05-08,SPY,stock,210.88,211.86,210.78,211.62,155877260,2015-05-08,2015-05-08,56.4469,175.7742,168.7692,174.8243
2015-05-07,SPY,stock,207.92,209.38,207.52,208.87,88244940,2015-05-07,2015-05-07,48.5088,175.6072,168.6829,174.7208
2015-05-06,SPY,stock,209.56,209.93,206.76,208.04,135060151,2015-05-06,2015-05-06,45.7370,175.6653,168.6188,174.7071
2015-05-05,SPY,stock,211.03,211.46,208.73,208.9,113326156,2015-05-05,2015-05-05,48.2352,175.8027,168.5611,174.7212
2015-05-04,SPY,stock,211.23,212.02,211.1,211.32,70927235,2015-05-04,2015-05-04,56.2656,175.8786,168.4956,174.7066
2015-05-01,SPY,stock,209.4,210.77,209.28,210.72,103399711,2015-05-01,2015-05-01,54.5225,175.7491,168.4090,174.6085
2015-04-30,SPY,stock,209.88,210.35,207.62,208.46,161304890,2015-04-30,2015-04-30,47.1560,175.6589,168.3266,174.5270
2015-04-29,SPY,stock,211.44,211.44,209.6,210.57,125684903,2015-04-29,2015-04-29,54.8599,175.7585,168.2625,174.5194
2015-04-28,SPY,stock,210.74,211.5,209.33,211.44,86863531,2015-04-28,2015-04-28,58.5204,175.6825,168.1799,174.4393
2015-04-27,SPY,stock,212.33,212.48,210.54,210.77,79358126,2015-04-27,2015-04-27,56.4420,175.5217,168.0891,174.3263
2015-04-24,SPY,stock,211.66,211.97,211.11,211.65,61327387,2015-04-24,2015-04-24,60.1157,175.4032,168.0031,174.2315
2015-04-23,SPY,stock,210.15,211.94,210.01,211.16,102585942,2015-04-23,2015-04-23,58.7267,175.1945,167.9088,174.1027
2015-04-22,SPY,stock,210.01,210.85,208.9,210.63,78264616,2015-04-22,2015-04-22,57.2308,175.0070,167.8177,173.9855
2015-04-21,SPY,stock,210.67,210.86,209.24,209.6,72559831,2015-04-21,2015-04-21,54.2376,174.8466,167.7301,173.8816
2015-04-20,SPY,stock,209.06,210.25,208.96,209.85,92189481,2015-04-20,2015-04-20,55.1068,174.7602,167.6503,173.8087
2015-04-17,SPY,stock,208.94,209.23,207.01,207.95,191113230,2015-04-17,2015-04-17,49.3820,174.6426,167.5677,173.7243
2015-04-16,SPY,stock,210.03,210.98,209.79,210.37,68934864,2015-04-16,2015-04-16,58.1525,174.6803,167.5002,173.7014
2015-04-15,SPY,stock,210.05,211.04,209.95,210.43,99529320,2015-04-15,2015-04-15,58.3912,174.5084,167.4116,173.5948
2015-04-14,SPY,stock,208.85,209.71,208.1,209.49,75099866,2015-04-14,2015-04-14,55.7482,174.3131,167.3216,173.4818
2015-04-13,SPY,stock,209.87,210.63,209.03,209.09,74436594,2015-04-13,2015-04-13,54.6089,174.1803,167.2387,173.3963
2015-04-10,SPY,stock,209.2,210.09,208.96,210.04,72722915,2015-04-10,2015-04-10,57.8962,174.0687,167.1582,173.3211
2015-04-09,SPY,stock,207.78,209.18,207.19,208.9,85548854,2015-04-09,2015-04-09,54.8689,173.8616,167.0690,173.2103
2015-04-08,SPY,stock,207.55,208.51,207.08,207.98,89351939,2015-04-08,2015-04-08,52.2988,173.7332,166.9885,173.1339
2015-04-07,SPY,stock,207.86,208.76,207.24,207.28,81236337,2015-04-07,2015-04-07,50.2991,173.6725,166.9149,173.0859
2015-04-06,SPY,stock,206.44,208.45,205.21,207.83,114368155,2015-04-06,2015-04-06,51.8861,173.6672,166.8465,173.0599
2015-04-02,SPY,stock,205.62,206.98,205.4,206.44,86900906,2015-04-02,2015-04-02,48.0388,173.6127,166.7727,173.0140
2015-04-01,SPY,stock,206.43,206.43,204.51,205.7,137303584,2015-04-01,2015-04-01,45.9003,173.6752,166.7100,173.0138
2015-03-31,SPY,stock,207.26,208.1,206.36,206.43,126768703,2015-03-31,2015-03-31,47.6985,173.8095,166.6528,173.0389
2015-03-30,SPY,stock,206.98,208.61,206.96,208.25,96180400,2015-03-30,2015-03-30,52.4561,173.8936,166.5889,173.0400
2015-03-27,SPY,stock,205.13,205.95,204.9,205.74,118938966,2015-03-27,2015-03-27,45.4939,173.8260,166.5090,172.9789
2015-03-26,SPY,stock,204.96,206.37,204.12,205.27,153067241,2015-03-26,2015-03-26,44.0699,173.9727,166.4495,173.0013
2015-03-25,SPY,stock,209.07,209.35,205.71,205.76,159521708,2015-03-25,2015-03-25,45.2134,174.1762,166.3933,173.0405
2015-03-24,SPY,stock,209.85,210.4,208.74,208.82,77805321,2015-03-24,2015-03-24,53.2222,174.3580,166.3324,173.0647
2015-03-23,SPY,stock,210.42,211.11,210,210,71784536,2015-03-23,2015-03-23,56.8265,174.2890,166.2452,172.9851
2015-03-20,SPY,stock,209.71,211.02,209.49,210.41,177715081,2015-03-20,2015-03-20,58.0958,174.1086,166.1471,172.8619
2015-03-19,SPY,stock,209.96,210.47,209.03,209.5,117917302,2015-03-19,2015-03-19,53.8135,173.8730,166.0446,172.7197
2015-03-18,SPY,stock,207.39,211.27,206.62,210.46,228808524,2015-03-18,2015-03-18,56.6153,173.7743,165.9565,172.6344
2015-03-17,SPY,stock,207.69,208.42,206.98,207.96,94510422,2015-03-17,2015-03-17,50.3664,173.5809,165.8595,172.5128
2015-03-16,SPY,stock,206.71,208.69,205.86,208.58,136099192,2015-03-16,2015-03-16,52.0943,173.5867,165.7824,172.4715
2015-03-13,SPY,stock,206.77,207.93,204.58,205.83,162410893,2015-03-13,2015-03-13,44.2115,173.5387,165.6994,172.4074
2015-03-12,SPY,stock,205.26,207.18,205.2,207.1,93993523,2015-03-12,2015-03-12,47.5681,173.7272,165.6386,172.4343
2015-03-11,SPY,stock,205.29,205.5,204.4,204.5,110145718,2015-03-11,2015-03-11,38.7244,173.8240,165.5666,172.4190
2015-03-10,SPY,stock,206.71,206.81,204.93,204.98,157121263,2015-03-10,2015-03-10,39.8775,174.1593,165.5156,172.4917
2015-03-09,SPY,stock,207.74,208.79,207.55,208.36,89818893,2015-03-09,2015-03-09,49.5185,174.4877,165.4601,172.5510
2015-03-06,SPY,stock,210.46,210.46,207.1,207.5,188127982,2015-03-06,2015-03-06,46.4602,174.5539,165.3757,172.4976
2015-03-05,SPY,stock,210.62,210.8,209.85,210.46,76873000,2015-03-05,2015-03-05,57.6157,174.7025,165.2976,172.4713
2015-03-04,SPY,stock,210.4,210.49,209.06,210.23,114497192,2015-03-04,2015-03-04,56.8684,174.6069,165.1940,172.3431
2015-03-03,SPY,stock,211.47,212.05,210.08,211.12,110325809,2015-03-03,2015-03-03,60.7145,174.5213,165.0912,172.2176
2015-03-02,SPY,stock,210.78,212.06,210.72,211.99,87491428,2015-03-02,2015-03-02,64.6854,174.3486,164.9799,172.0566
2015-02-27,SPY,stock,211.26,211.58,210.6,210.66,108075972,2015-02-27,2015-02-27,61.0711,174.0812,164.8602,171.8594
2015-02-26,SPY,stock,211.52,211.71,210.65,211.38,72697868,2015-02-26,2015-02-26,64.3835,173.9026,164.7505,171.6994
2015-02-25,SPY,stock,211.66,212.24,211.22,211.63,73061687,2015-02-25,2015-02-25,65.5294,173.6419,164.6336,171.5084
2015-02-24,SPY,stock,211.12,212.05,210.76,211.81,72472263,2015-02-24,2015-02-24,66.3186,173.3318,164.5135,171.3011
2015-02-23,SPY,stock,210.94,211.21,210.48,211.21,74411054,2015-02-23,2015-02-23,65.0145,172.9732,164.3906,171.0791
2015-02-20,SPY,stock,209.48,211.33,208.73,211.24,140896392,2015-02-20,2015-02-20,65.1316,172.6296,164.2716,170.8686
2015-02-19,SPY,stock,209.41,210.42,209.24,209.98,91462491,2015-02-19,2015-02-19,62.4976,172.2472,164.1511,170.6484
2015-02-18,SPY,stock,209.66,210.22,209.34,210.13,80652941,2015-02-18,2015-02-18,63.0238,171.9353,164.0399,170.4622
2015-02-17,SPY,stock,209.4,210.32,209.1,210.11,76968199,2015-02-17,2015-02-17,62.9853,171.5773,163.9264,170.2633
2015-02-13,SPY,stock,209.07,209.84,208.76,209.78,93670430,2015-02-13,2015-02-13,62.3837,171.1833,163.8119,170.0569
2015-02-12,SPY,stock,207.89,208.99,206.97,208.92,97545949,2015-02-12,2015-02-12,60.8439,170.7769,163.6990,169.8533
2015-02-11,SPY,stock,206.61,207.45,205.83,206.93,91087785,2015-02-11,2015-02-11,57.0678,170.4033,163.5922,169.6708
2015-02-10,SPY,stock,205.88,207.12,204.68,206.81,96164183,2015-02-10,2015-02-10,56.8347,170.1651,163.5010,169.5485
2015-02-09,SPY,stock,204.77,205.64,204.14,204.63,87219016,2015-02-09,2015-02-09,52.4828,169.9124,163.4099,169.4253
2015-02-06,SPY,stock,206.56,207.24,204.92,205.55,125672026,2015-02-06,2015-02-06,54.6416,169.8245,163.3361,169.3714
2015-02-05,SPY,stock,204.86,206.3,204.77,206.12,97953181,2015-02-05,2015-02-05,55.9660,169.6466,163.2539,169.2839
2015-02-04,SPY,stock,203.92,205.38,203.51,204.06,134306728,2015-02-04,2015-02-04,52.0671,169.3999,163.1661,169.1735
2015-02-03,SPY,stock,203,204.85,202.55,204.84,124212881,2015-02-03,2015-02-03,53.7401,169.3082,163.0947,169.1286
2015-02-02,SPY,stock,200.05,202.03,197.86,201.92,163106969,2015-02-02,2015-02-02,47.9233,169.1383,163.0161,169.0554
2015-01-30,SPY,stock,200.57,202.17,199.13,199.45,197729724,2015-01-30,2015-01-30,42.2162,169.2070,162.9611,169.0787
2015-01-29,SPY,stock,200.38,202.3,198.68,201.99,173585424,2015-01-29,2015-01-29,47.1503,169.4999,162.9263,169.1870
2015-01-28,SPY,stock,204.17,204.29,199.91,200.14,168514312,2015-01-28,2015-01-28,42.6142,169.6005,162.8698,169.2133
2015-01-27,SPY,stock,202.97,204.12,201.74,202.74,134044598,2015-01-27,2015-01-27,47.9896,169.8743,162.8283,169.3036
2015-01-26,SPY,stock,204.71,205.56,203.85,205.45,92009711,2015-01-26,2015-01-26,54.6631,169.9484,162.7646,169.3091
2015-01-23,SPY,stock,205.79,206.1,204.81,204.97,117516753,2015-01-23,2015-01-23,53.6019,169.7923,162.6775,169.2224
2015-01-22,SPY,stock,203.99,206.26,202.33,206.1,174356029,2015-01-22,2015-01-22,56.4926,169.6620,162.5935,169.1486
2015-01-21,SPY,stock,201.5,203.66,200.94,203.08,122942707,2015-01-21,2015-01-21,49.7703,169.4187,162.4993,169.0333
2015-01-20,SPY,stock,202.4,202.72,200.17,202.06,130991069,2015-01-20,2015-01-20,47.2124,169.4150,162.4294,169.0162
2015-01-16,SPY,stock,198.77,201.82,198.55,201.63,211879605,2015-01-16,2015-01-16,46.1386,169.5005,162.3673,169.0331
2015-01-15,SPY,stock,201.63,202.01,198.88,199.02,176613906,2015-01-15,2015-01-15,39.1642,169.6328,162.3083,169.0653
2015-01-14,SPY,stock,199.65,201.1,198.57,200.86,192991092,2015-01-14,2015-01-14,42.7915,170.0083,162.2705,169.1877
2015-01-13,SPY,stock,204.12,205.48,200.51,202.08,214553306,2015-01-13,2015-01-13,45.3791,170.2617,162.2169,169.2525
2015-01-12,SPY,stock,204.41,204.6,201.92,202.65,144396067,2015-01-12,2015-01-12,46.6017,170.4346,162.1526,169.2783
2015-01-09,SPY,stock,206.4,206.42,203.51,204.25,158567288,2015-01-09,2015-01-09,50.1214,170.5756,162.0828,169.2858
2015-01-08,SPY,stock,204.01,206.16,203.99,205.9,147217784,2015-01-08,2015-01-08,54.0290,170.5909,161.9989,169.2391
2015-01-07,SPY,stock,201.42,202.72,200.88,202.31,125346709,2015-01-07,2015-01-07,45.4343,170.4630,161.9004,169.1343
2015-01-06,SPY,stock,202.09,202.72,198.86,199.82,209151408,2015-01-06,2015-01-06,37.9644,170.6369,161.8309,169.1475
2015-01-05,SPY,stock,204.17,204.37,201.35,201.72,169632646,2015-01-05,2015-01-05,42.0425,171.0477,161.7816,169.2461
2015-01-02,SPY,stock,206.38,206.88,204.18,205.43,121465865,2015-01-02,2015-01-02,52.2113,171.3350,161.7159,169.2839
2014-12-31,SPY,stock,207.99,208.19,205.39,205.54,130333829,2014-12-31,2014-12-31,52.5613,171.3267,161.6185,169.1970
2014-12-30,SPY,stock,208.21,208.37,207.51,207.6,73540761,2014-12-30,2014-12-30,59.4973,171.3077,161.5191,169.1027
2014-12-29,SPY,stock,208.22,208.97,208.14,208.72,79643948,2014-12-29,2014-12-29,63.7439,171.1059,161.4014,168.9344
2014-12-26,SPY,stock,208.31,208.85,208.25,208.44,57326703,2014-12-26,2014-12-26,63.1331,170.7845,161.2732,168.7212
2014-12-24,SPY,stock,208.02,208.34,207.72,207.77,42963399,2014-12-24,2014-12-24,61.6992,170.4538,161.1460,168.5087
2014-12-23,SPY,stock,208.17,208.23,207.4,207.75,122167931,2014-12-23,2014-12-23,61.6579,170.1471,161.0232,168.3104
2014-12-22,SPY,stock,206.75,207.47,206.46,207.47,148318934,2014-12-22,2014-12-22,61.1123,169.8100,160.8993,168.1047
2014-12-19,SPY,stock,206.43,207.33,205.61,206.52,245084590,2014-12-19,2014-12-19,59.2872,169.4619,160.7765,167.9001
2014-12-18,SPY,stock,204.74,212.97,203.92,206.78,257633900,2014-12-18,2014-12-18,57.5945,169.1606,160.6605,167.7196
2014-12-17,SPY,stock,198.44,202.34,198.29,201.79,253910092,2014-12-17,2014-12-17,45.6206,168.9041,160.5506,167.5613
2014-12-16,SPY,stock,198.58,202.4,197.86,197.91,259543848,2014-12-16,2014-12-16,31.6952,169.0564,160.4812,167.5655
2014-12-15,SPY,stock,201.98,202.53,198.78,199.51,189965750,2014-12-15,2014-12-15,35.1410,169.5637,160.4434,167.7014
2014-12-12,SPY,stock,202.64,203.82,200.85,200.89,202330191,2014-12-12,2014-12-12,38.4926,169.9846,160.3919,167.7886
2014-12-11,SPY,stock,203.88,206.19,203.71,204.19,159012805,2014-12-11,2014-12-11,48.8349,170.3293,160.3284,167.8326
2014-12-10,SPY,stock,205.91,205.98,202.93,203.16,159856394,2014-12-10,2014-12-10,44.5141,170.4220,160.2368,167.7667
2014-12-09,SPY,stock,204.37,206.6,203.91,206.47,125180054,2014-12-09,2014-12-09,59.5105,170.6144,160.1528,167.7329
2014-12-08,SPY,stock,207.52,208.12,205.93,206.61,108588152,2014-12-08,2014-12-08,60.3085,170.5380,160.0403,167.5857
2014-12-05,SPY,stock,207.87,208.47,207.55,208,91025470,2014-12-05,2014-12-05,68.8155,170.4413,159.9256,167.4277
2014-12-04,SPY,stock,207.54,208.27,206.7,207.66,91316591,2014-12-04,2014-12-04,67.7833,170.2130,159.7981,167.2161
2014-12-03,SPY,stock,207.3,208.15,207.1,207.89,68951968,2014-12-03,2014-12-03,69.2225,169.9903,159.6722,167.0075
2014-12-02,SPY,stock,205.81,207.34,205.78,207.09,74507192,2014-12-02,2014-12-02,66.9564,169.7241,159.5431,166.7825
2014-12-01,SPY,stock,206.4,206.54,205.38,205.76,103968354,2014-12-01,2014-12-01,62.7190,169.4998,159.4193,166.5755
2014-11-28,SPY,stock,207.49,207.87,206.91,207.2,57890088,2014-11-28,2014-11-28,72.0020,169.3681,159.3054,166.4050
2014-11-26,SPY,stock,207.29,207.76,207.03,207.64,62167832,2014-11-26,2014-11-26,75.1582,169.0967,159.1784,166.1788
2014-11-25,SPY,stock,207.54,207.79,206.8,207.11,79108301,2014-11-25,2014-11-25,73.8775,168.7583,159.0464,165.9285
2014-11-24,SPY,stock,207.17,207.39,206.91,207.26,65880759,2014-11-24,2014-11-24,74.8922,168.4305,158.9175,165.6859
2014-11-21,SPY,stock,207.64,207.84,205.98,206.68,142327285,2014-11-21,2014-11-21,73.5897,168.0552,158.7861,165.4284
2014-11-20,SPY,stock,204.26,205.71,204.18,205.58,72840326,2014-11-20,2014-11-20,70.9343,167.6910,158.6581,165.1799
2014-11-19,SPY,stock,205.31,205.55,204.3,205.22,82373009,2014-11-19,2014-11-19,70.0182,167.3846,158.5381,164.9586
2014-11-18,SPY,stock,204.44,205.92,204.44,205.55,76068107,2014-11-18,2014-11-18,71.9484,167.0773,158.4199,164.7405
2014-11-17,SPY,stock,203.85,204.58,203.65,204.37,80440954,2014-11-17,2014-11-17,69.1221,166.7089,158.2977,164.5022
2014-11-14,SPY,stock,204.1,204.49,203.72,204.24,80417514,2014-11-14,2014-11-14,68.8005,166.4048,158.1841,164.2942
2014-11-13,SPY,stock,204.16,204.83,203.21,204.19,85357918,2014-11-13,2014-11-13,68.6840,166.0801,158.0705,164.0822
2014-11-12,SPY,stock,203.35,204.24,203.31,203.96,90120295,2014-11-12,2014-11-12,68.1765,165.7255,157.9561,163.8631
2014-11-11,SPY,stock,204.06,204.31,203.65,204.18,54499375,2014-11-11,2014-11-11,69.1721,165.3537,157.8425,163.6430
2014-11-10,SPY,stock,203.38,204.04,203.13,203.98,66318964,2014-11-10,2014-11-10,68.7874,164.9235,157.7260,163.4063
2014-11-07,SPY,stock,203.17,203.6,202.61,203.34,89539712,2014-11-07,2014-11-07,67.5851,164.4655,157.6099,163.1668
2014-11-06,SPY,stock,202.39,203.26,201.64,203.15,107089076,2014-11-06,2014-11-06,67.2372,164.0152,157.4980,162.9392
2014-11-05,SPY,stock,202.54,202.59,201.45,202.34,91708574,2014-11-05,2014-11-05,65.7836,163.5341,157.3866,162.7088
2014-11-04,SPY,stock,201.23,201.6,200.06,201.07,93342777,2014-11-04,2014-11-04,63.4206,163.0732,157.2808,162.4963
2014-11-03,SPY,stock,201.92,202.45,201.31,201.77,93734143,2014-11-03,2014-11-03,65.7444,162.6746,157.1845,162.3182
2014-10-31,SPY,stock,201.78,201.82,200.77,201.66,146902554,2014-10-31,2014-10-31,65.5602,162.1730,157.0815,162.1092
2014-10-30,SPY,stock,197.58,199.95,197.4,199.38,113329976,2014-10-30,2014-10-30,61.5861,161.6281,156.9783,161.8953
2014-10-29,SPY,stock,198.55,199.12,196.8,198.11,142557417,2014-10-29,2014-10-29,59.1478,161.2251,156.8931,161.7499
2014-10-28,SPY,stock,196.82,198.42,196.73,198.41,106735936,2014-10-28,2014-10-28,59.9829,160.8906,156.8176,161.6416
2014-10-27,SPY,stock,195.73,196.45,195.03,196.16,82953689,2014-10-27,2014-10-27,55.6189,160.4946,156.7388,161.5188
2014-10-24,SPY,stock,195.25,196.49,194.49,196.43,117927286,2014-10-24,2014-10-24,56.3031,160.2536,156.6781,161.4671
2014-10-23,SPY,stock,194.62,196.2,194.26,194.93,154944169,2014-10-23,2014-10-23,53.3422,159.9635,156.6144,161.4042
2014-10-22,SPY,stock,194.41,194.91,192.61,192.69,151822409,2014-10-22,2014-10-22,48.5036,159.7740,156.5627,161.3895
2014-10-21,SPY,stock,191.68,194.2,191.48,194.07,154948579,2014-10-21,2014-10-21,51.5626,159.7602,156.5291,161.4500
2014-10-20,SPY,stock,188.13,190.45,188.07,190.3,130010813,2014-10-20,2014-10-20,42.3375,159.6244,156.4837,161.4664
2014-10-17,SPY,stock,188.42,189.75,187.62,188.47,214624921,2014-10-17,2014-10-17,36.9226,159.8036,156.4692,161.6110
2014-10-16,SPY,stock,183.06,187.58,182.89,186.27,270391488,2014-10-16,2014-10-16,29.5360,160.1615,156.4699,161.8236
2014-10-15,SPY,stock,185.16,187.69,181.92,186.43,380714598,2014-10-15,2014-10-15,29.7714,160.7493,156.4889,162.1194
2014-10-14,SPY,stock,188.42,189.82,187.04,187.7,215846527,2014-10-14,2014-10-14,31.6298,161.3850,156.5068,162.4218
2014-10-13,SPY,stock,190.46,191.15,187.3,187.41,230938833,2014-10-13,2014-10-13,30.7127,161.9766,156.5142,162.6935
2014-10-10,SPY,stock,192.69,193.65,190.49,190.54,221908954,2014-10-10,2014-10-10,35.4826,162.6559,156.5242,162.9862
2014-10-09,SPY,stock,196.33,196.6,192.58,192.74,210704601,2014-10-09,2014-10-09,39.4849,163.1333,156.5081,163.1847
2014-10-08,SPY,stock,193.37,196.92,192.36,196.64,186461453,2014-10-08,2014-10-08,48.4879,163.4687,156.4736,163.3169
2014-10-07,SPY,stock,195.28,195.72,193.22,193.26,147913498,2014-10-07,2014-10-07,36.9115,163.4987,156.4061,163.3224
2014-10-06,SPY,stock,197.34,197.6,195.58,196.29,104778335,2014-10-06,2014-10-06,45.4055,163.8272,156.3662,163.4425
2014-10-03,SPY,stock,195.68,196.94,195.08,196.52,121568769,2014-10-03,2014-10-03,46.1541,163.9256,156.3006,163.4650
2014-10-02,SPY,stock,194.18,195.06,192.35,194.38,157285182,2014-10-02,2014-10-02,37.2098,164.0142,156.2325,163.4805
2014-10-01,SPY,stock,196.7,196.77,193.91,194.35,177797862,2014-10-01,2014-10-01,37.0737,164.2991,156.1814,163.5692
2014-09-30,SPY,stock,197.69,198.3,196.61,197.02,131302082,2014-09-30,2014-09-30,45.1615,164.6166,156.1302,163.6625
2014-09-29,SPY,stock,196.2,197.89,196.05,197.54,95111605,2014-09-29,2014-09-29,47.0165,164.7343,156.0561,163.6692
2014-09-26,SPY,stock,196.7,198.39,196.42,197.9,103546740,2014-09-26,2014-09-26,48.2916,164.8190,155.9770,163.6586
2014-09-25,SPY,stock,199.04,199.05,196.27,196.34,150300028,2014-09-25,2014-09-25,41.9576,164.8811,155.8941,163.6353
2014-09-24,SPY,stock,198.04,199.69,197.52,199.56,107275635,2014-09-24,2014-09-24,54.8307,165.0860,155.8233,163.6639
2014-09-23,SPY,stock,198.43,199.26,197.95,198.01,111393319,2014-09-23,2014-09-23,47.6517,165.0313,155.7250,163.5847
2014-09-22,SPY,stock,200.35,200.38,198.73,199.15,125552758,2014-09-22,2014-09-22,53.4538,165.1061,155.6386,163.5546
2014-09-19,SPY,stock,201.52,201.9,200.29,200.7,121649147,2014-09-19,2014-09-19,63.1639,165.0893,155.5418,163.4848
2014-09-18,SPY,stock,201.36,201.85,201.1,201.82,94990300,2014-09-18,2014-09-18,64.4257,164.9353,155.4312,163.3596
2014-09-17,SPY,stock,200.77,201.68,199.75,200.75,151265896,2014-09-17,2014-09-17,60.0391,164.7494,155.3179,163.2232
2014-09-16,SPY,stock,198.61,200.84,198.5,200.48,116200722,2014-09-16,2014-09-16,58.8502,164.6369,155.2124,163.1173
2014-09-15,SPY,stock,199.16,199.32,198.38,198.98,76401421,2014-09-15,2014-09-15,51.3893,164.5360,155.1080,163.0161
2014-09-12,SPY,stock,200.1,200.12,198.56,199.13,117478516,2014-09-12,2014-09-12,52.2693,164.5550,155.0151,162.9614
2014-09-11,SPY,stock,199.27,200.33,199.12,200.3,66823558,2014-09-11,2014-09-11,59.6701,164.5629,154.9200,162.8995
2014-09-10,SPY,stock,199.43,200.2,198.77,200.07,67251103,2014-09-10,2014-09-10,58.6001,164.4700,154.8142,162.7955
2014-09-09,SPY,stock,200.41,200.55,198.91,199.32,88590876,2014-09-09,2014-09-09,54.9837,164.3872,154.7092,162.6951
2014-09-08,SPY,stock,200.92,201.21,200,200.59,64145745,2014-09-08,2014-09-08,63.7384,164.3609,154.6095,162.6158
2014-09-05,SPY,stock,200.17,201.19,199.41,201.11,102176784,2014-09-05,2014-09-05,67.8455,164.2215,154.4981,162.4905
2014-09-04,SPY,stock,200.84,201.58,199.66,200.21,85236442,2014-09-04,2014-09-04,64.1309,164.0221,154.3814,162.3426
2014-09-03,SPY,stock,201.38,201.41,200.22,200.5,57461742,2014-09-03,2014-09-03,66.4270,163.8800,154.2709,162.2189
2014-09-02,SPY,stock,200.97,201,199.86,200.61,72425793,2014-09-02,2014-09-02,67.2754,163.6978,154.1570,162.0805
2014-08-29,SPY,stock,200.45,200.73,199.82,200.71,65906598,2014-08-29,2014-08-29,68.0086,163.4868,154.0409,161.9326
2014-08-28,SPY,stock,199.59,200.27,199.39,200.14,58330373,2014-08-28,2014-08-28,66.0502,163.2449,153.9229,161.7754
2014-08-27,SPY,stock,200.43,200.57,199.94,200.25,47873708,2014-08-27,2014-08-27,66.7828,163.0271,153.8084,161.6310
2014-08-26,SPY,stock,200.33,200.82,200.28,200.33,47298324,2014-08-26,2014-08-26,67.2868,162.7768,153.6919,161.4769
2014-08-25,SPY,stock,200.14,200.59,199.15,200.2,63855022,2014-08-25,2014-08-25,66.9099,162.4932,153.5735,161.3139
2014-08-22,SPY,stock,199.34,199.69,198.74,199.19,76107359,2014-08-22,2014-08-22,63.9109,162.1910,153.4550,161.1486
2014-08-21,SPY,stock,199.09,199.76,198.93,199.5,67790690,2014-08-21,2014-08-21,65.6056,161.9449,153.3437,161.0106
2014-08-20,SPY,stock,198.12,199.16,198.08,198.92,72762541,2014-08-20,2014-08-20,63.9446,161.6459,153.2287,160.8566
2014-08-19,SPY,stock,197.84,198.54,197.44,198.39,59134709,2014-08-19,2014-08-19,62.4041,161.3658,153.1174,160.7158
2014-08-18,SPY,stock,196.8,197.45,196.69,197.36,75424360,2014-08-18,2014-08-18,59.2631,161.1024,153.0093,160.5871
2014-08-15,SPY,stock,196.47,196.65,194.31,195.72,139950669,2014-08-15,2014-08-15,53.5219,160.9008,152.9087,160.4879
2014-08-14,SPY,stock,195.16,195.76,194.98,195.76,57370793,2014-08-14,2014-08-14,53.6933,160.8205,152.8207,160.4399
2014-08-13,SPY,stock,194.29,195.06,193.96,194.84,68926041,2014-08-13,2014-08-13,50.2941,160.7284,152.7315,160.3886
2014-08-12,SPY,stock,193.61,194.15,192.94,193.53,73631640,2014-08-12,2014-08-12,44.9511,160.7065,152.6491,160.3663
2014-08-11,SPY,stock,193.97,194.66,193.71,193.8,74543691,2014-08-11,2014-08-11,45.8953,160.7962,152.5767,160.3872
2014-08-08,SPY,stock,191.46,193.37,190.95,193.24,117014384,2014-08-08,2014-08-08,43.6143,160.8718,152.5013,160.3998
2014-08-07,SPY,stock,192.94,193.13,190.55,191.03,135733421,2014-08-07,2014-08-07,33.3116,161.0042,152.4298,160.4318
2014-08-06,SPY,stock,191.11,192.89,191.08,192.07,94818317,2014-08-06,2014-08-06,36.2021,161.3426,152.3759,160.5397
2014-08-05,SPY,stock,193.1,193.6,191.31,192.01,152690379,2014-08-05,2014-08-05,35.9041,161.6262,152.3129,160.6169
2014-08-04,SPY,stock,192.87,194.3,192.05,193.89,91340487,2014-08-04,2014-08-04,41.5500,161.9449,152.2497,160.6993
2014-08-01,SPY,stock,192.56,193.76,191.57,192.5,189260864,2014-08-01,2014-08-01,34.4761,162.1336,152.1703,160.7216
2014-07-31,SPY,stock,195.61,195.78,192.97,193.09,183479441,2014-07-31,2014-07-31,36.2030,162.4631,152.1016,160.7918
2014-07-30,SPY,stock,197.65,197.91,196.16,196.98,104222452,2014-07-30,2014-07-30,52.2158,162.7760,152.0274,160.8449
2014-07-29,SPY,stock,198.17,198.45,196.92,196.95,80466351,2014-07-29,2014-07-29,52.0639,162.7836,151.9200,160.7690
2014-07-28,SPY,stock,197.76,198.09,196.62,197.8,69258785,2014-07-28,2014-07-28,56.8135,162.7946,151.8119,160.6910
2014-07-25,SPY,stock,198.09,198.26,197.33,197.72,76837257,2014-07-25,2014-07-25,56.4664,162.7329,151.6956,160.5812
2014-07-24,SPY,stock,198.83,199.06,198.45,198.65,56888093,2014-07-24,2014-07-24,61.8304,162.6716,151.5789,160.4696
2014-07-23,SPY,stock,198.5,198.85,198.1,198.64,65611830,2014-07-23,2014-07-23,61.7941,162.5230,151.4532,160.3221
2014-07-22,SPY,stock,198.01,198.56,197.87,198.2,67677602,2014-07-22,2014-07-22,60.2524,162.3596,151.3263,160.1690
2014-07-21,SPY,stock,197.09,197.5,196.43,197.34,67591618,2014-07-21,2014-07-21,57.1112,162.2173,151.2019,160.0244
2014-07-18,SPY,stock,196.35,197.91,196.24,197.71,124330419,2014-07-18,2014-07-18,58.9731,162.1347,151.0833,159.9028
2014-07-17,SPY,stock,197.35,198.1,195.43,195.71,145398459,2014-07-17,2014-07-17,50.9461,162.0113,150.9604,159.7639
2014-07-16,SPY,stock,198.11,198.26,197.42,197.96,80073242,2014-07-16,2014-07-16,64.0337,162.0489,150.8529,159.6867
2014-07-15,SPY,stock,197.72,198.1,196.36,197.23,111346230,2014-07-15,2014-07-15,61.0166,161.8947,150.7257,159.5305
2014-07-14,SPY,stock,197.61,197.86,197.44,197.6,58657919,2014-07-14,2014-07-14,63.5246,161.7878,150.6032,159.3926
2014-07-11,SPY,stock,196.22,196.75,195.78,196.61,64243410,2014-07-11,2014-07-11,59.3759,161.6374,150.4765,159.2365
2014-07-10,SPY,stock,195.22,196.86,195.06,196.34,99040407,2014-07-10,2014-07-10,58.1711,161.5574,150.3567,159.1075
2014-07-09,SPY,stock,196.73,197.3,196.31,197.12,72992322,2014-07-09,2014-07-09,63.1992,161.4923,150.2379,158.9823
2014-07-08,SPY,stock,197.15,197.22,195.76,196.24,108142552,2014-07-08,2014-07-08,59.5349,161.3526,150.1114,158.8256
2014-07-07,SPY,stock,197.82,197.98,197.22,197.51,61696447,2014-07-07,2014-07-07,68.7019,161.2747,149.9910,158.6923
2014-07-03,SPY,stock,197.79,198.29,197.64,198.2,52938832,2014-07-03,2014-07-03,74.4883,161.0782,149.8589,158.5107
2014-07-02,SPY,stock,197.05,197.48,196.96,197.23,52474832,2014-07-02,2014-07-02,71.3369,160.8010,149.7196,158.2984
2014-07-01,SPY,stock,196.2,197.63,196.13,197.03,90470121,2014-07-01,2014-07-01,70.6426,160.5789,149.5871,158.1101
2014-06-30,SPY,stock,195.7,196.17,195.53,195.72,70504228,2014-06-30,2014-06-30,65.5702,160.3509,149.4548,157.9210
2014-06-27,SPY,stock,194.98,195.88,194.89,195.82,71453616,2014-06-27,2014-06-27,66.3833,160.2128,149.3321,157.7682
2014-06-26,SPY,stock,195.61,195.63,194.13,195.44,84311822,2014-06-26,2014-06-26,64.8452,160.0514,149.2074,157.6059
2014-06-25,SPY,stock,194.29,195.78,194.25,195.58,82781912,2014-06-25,2014-06-25,65.8763,159.9061,149.0845,157.4497
2014-06-24,SPY,stock,195.53,196.5,194.48,194.7,96236917,2014-06-24,2014-06-24,62.3852,159.7333,148.9592,157.2824
2014-06-23,SPY,stock,195.99,196.05,195.52,195.88,70611486,2014-06-23,2014-06-23,71.4923,159.6188,148.8400,157.1380
2014-06-20,SPY,stock,196.03,196.1,195.7,195.94,100587108,2014-06-20,2014-06-20,71.9885,159.3897,148.7098,156.9479
2014-06-19,SPY,stock,196.43,196.6,195.8,196.48,85928920,2014-06-19,2014-06-19,70.7480,159.1313,148.5778,156.7481
2014-06-18,SPY,stock,194.83,196.37,194.4,196.26,105266767,2014-06-18,2014-06-18,70.0653,158.8800,148.4478,156.5533
2014-06-17,SPY,stock,194.02,194.97,193.81,194.83,84833876,2014-06-17,2014-06-17,65.1575,158.6212,148.3182,156.3580
2014-06-16,SPY,stock,193.89,194.7,193.66,194.29,87424332,2014-06-16,2014-06-16,63.0322,158.4590,148.1992,156.2028
2014-06-13,SPY,stock,193.92,194.32,193.3,194.13,82017278,2014-06-13,2014-06-13,62.4012,158.3264,148.0834,156.0593
2014-06-12,SPY,stock,194.69,194.8,193.11,193.54,106350200,2014-06-12,2014-06-12,60.0674,158.1938,147.9678,155.9153
2014-06-11,SPY,stock,194.9,195.12,194.48,194.92,68772479,2014-06-11,2014-06-11,69.4273,158.0982,147.8559,155.7852
2014-06-10,SPY,stock,195.34,195.64,194.92,195.6,57129440,2014-06-10,2014-06-10,74.7573,157.8731,147.7315,155.6035
2014-06-09,SPY,stock,195.35,196.05,195.17,195.58,65118828,2014-06-09,2014-06-09,74.7043,157.5655,147.6002,155.3916
2014-06-06,SPY,stock,194.87,195.43,194.78,195.38,78696219,2014-06-06,2014-06-06,74.2009,157.2272,147.4677,155.1717
2014-06-05,SPY,stock,193.41,194.65,192.7,194.45,92102592,2014-06-05,2014-06-05,71.7759,156.8707,147.3356,154.9496
2014-06-04,SPY,stock,192.47,193.3,192.27,193.19,55529372,2014-06-04,2014-06-04,67.9908,156.5570,147.2098,154.7496
2014-06-03,SPY,stock,192.43,192.9,192.25,192.8,65047193,2014-06-03,2014-06-03,66.7075,156.3194,147.0932,154.5837
2014-06-02,SPY,stock,192.95,192.99,191.97,192.9,64655648,2014-06-02,2014-06-02,67.3504,156.0906,146.9786,154.4241
2014-05-30,SPY,stock,192.19,192.8,192.03,192.68,76315640,2014-05-30,2014-05-30,66.6947,155.8290,146.8621,154.2546
2014-05-29,SPY,stock,191.82,192.4,191.33,192.37,64376573,2014-05-29,2014-05-29,65.7959,155.5589,146.7461,154.0856
2014-05-28,SPY,stock,191.52,191.82,191.06,191.38,66722865,2014-05-28,2014-05-28,62.8205,155.2872,146.6316,153.9201
2014-05-27,SPY,stock,191.06,191.58,190.95,191.52,72010355,2014-05-27,2014-05-27,63.5464,155.0725,146.5242,153.7811
2014-05-23,SPY,stock,189.76,190.48,189.59,190.35,60156088,2014-05-23,2014-05-23,59.9557,154.8232,146.4144,153.6317
2014-05-22,SPY,stock,189.18,189.98,188.86,189.59,61549345,2014-05-22,2014-05-22,57.4263,154.6488,146.3133,153.5155
2014-05-21,SPY,stock,188.09,189.22,188.06,189.13,89093285,2014-05-21,2014-05-21,55.8592,154.5219,146.2174,153.4200
2014-05-20,SPY,stock,188.65,188.67,187.07,187.55,111644478,2014-05-20,2014-05-20,49.9880,154.4214,146.1243,153.3360
2014-05-19,SPY,stock,187.69,188.89,187.52,188.74,63839398,2014-05-19,2014-05-19,55.1150,154.4471,146.0434,153.3017
2014-05-16,SPY,stock,187.51,188.13,186.72,188.05,97457678,2014-05-16,2014-05-16,52.4915,154.3724,145.9518,153.2260
2014-05-15,SPY,stock,188.68,188.72,186.48,187.4,154956399,2014-05-15,2014-05-15,49.9315,154.3497,145.8650,153.1704
2014-05-14,SPY,stock,189.79,189.88,188.79,189.06,72366848,2014-05-14,2014-05-14,57.2466,154.3807,145.7827,153.1343
2014-05-13,SPY,stock,190.04,190.42,189.77,189.96,66453965,2014-05-13,2014-05-13,61.8050,154.2714,145.6858,153.0410
2014-05-12,SPY,stock,188.8,189.88,188,189.79,86940045,2014-05-12,2014-05-12,61.2640,154.0728,145.5806,152.9138
2014-05-09,SPY,stock,187.71,188.04,186.83,187.96,83678568,2014-05-09,2014-05-09,54.8750,153.8679,145.4757,152.7870
2014-05-08,SPY,stock,187.71,189.05,187.08,187.68,93617513,2014-05-08,2014-05-08,53.7922,153.7998,145.3848,152.7165
2014-05-07,SPY,stock,187.41,187.97,186.01,187.88,106500480,2014-05-07,2014-05-07,54.6622,153.7487,145.2954,152.6525
2014-05-06,SPY,stock,188,188.13,186.74,186.78,85454226,2014-05-06,2014-05-06,50.5802,153.6750,145.2034,152.5792
2014-05-05,SPY,stock,187.14,188.55,186.62,188.42,75882739,2014-05-05,2014-05-05,57.7826,153.6887,145.1196,152.5398
2014-05-02,SPY,stock,188.31,189.14,187.78,188.06,98121662,2014-05-02,2014-05-02,56.5206,153.5620,145.0213,152.4437
2014-05-01,SPY,stock,188.22,188.84,187.73,188.33,93019095,2014-05-01,2014-05-01,57.7222,153.4530,144.9251,152.3558
2014-04-30,SPY,stock,187.44,188.5,187.18,188.31,101507717,2014-04-30,2014-04-30,57.6603,153.3092,144.8257,152.2553
2014-04-29,SPY,stock,187.48,188.04,187.08,187.75,84097551,2014-04-29,2014-04-29,55.9843,153.1520,144.7254,152.1513
2014-04-28,SPY,stock,187.05,187.69,184.96,186.88,135121094,2014-04-28,2014-04-28,53.3186,153.0268,144.6287,152.0619
2014-04-25,SPY,stock,187.22,187.33,185.87,186.29,100380205,2014-04-25,2014-04-25,51.4677,152.9636,144.5383,151.9980
2014-04-24,SPY,stock,188.37,188.39,186.93,187.83,88169916,2014-04-24,2014-04-24,56.9396,152.9448,144.4518,151.9513
2014-04-23,SPY,stock,187.82,187.92,187.3,187.45,73869384,2014-04-23,2014-04-23,55.8645,152.7908,144.3518,151.8510
2014-04-22,SPY,stock,187.23,188.4,187.13,187.89,85790307,2014-04-22,2014-04-22,57.4056,152.6534,144.2538,151.7594
2014-04-21,SPY,stock,186.44,187.1,186.21,187.04,68329343,2014-04-21,2014-04-21,55.1881,152.4636,144.1513,151.6493
2014-04-17,SPY,stock,185.88,186.91,185.56,186.39,105254649,2014-04-17,2014-04-17,53.4678,152.3273,144.0547,151.5632
2014-04-16,SPY,stock,185.47,186.14,184.65,186.13,105196633,2014-04-16,2014-04-16,52.7948,152.2328,143.9626,151.4954
2014-04-15,SPY,stock,183.32,184.33,181.51,184.2,157092533,2014-04-15,2014-04-15,47.5672,152.1510,143.8716,151.4336
2014-04-14,SPY,stock,182.93,183.37,181.44,182.94,132381601,2014-04-14,2014-04-14,43.7939,152.2275,143.7957,151.4340
2014-04-11,SPY,stock,182.14,183.42,181.31,181.51,167250792,2014-04-11,2014-04-11,39.1814,152.4212,143.7295,151.4767
2014-04-10,SPY,stock,187.08,187.17,182.93,183.16,172959331,2014-04-10,2014-04-10,42.9586,152.7589,143.6744,151.5691
2014-04-09,SPY,stock,185.6,187.15,185.06,187.09,100253612,2014-04-09,2014-04-09,54.5999,152.9894,143.6051,151.6099
2014-04-08,SPY,stock,184.26,185.4,183.59,185.1,112659755,2014-04-08,2014-04-08,47.9704,152.9042,143.5026,151.5205
2014-04-07,SPY,stock,185.95,186.26,183.96,184.34,140802699,2014-04-07,2014-04-07,45.1290,152.9821,143.4156,151.4943
2014-04-04,SPY,stock,189.66,189.7,186.1,186.4,169380705,2014-04-04,2014-04-04,52.3207,153.1340,143.3340,151.4925
2014-04-03,SPY,stock,189.17,189.22,188.05,188.63,77435320,2014-04-03,2014-04-03,62.3004,153.1236,143.2345,151.4215
2014-04-02,SPY,stock,188.49,189.13,188.14,188.88,78680761,2014-04-02,2014-04-02,63.5625,152.9192,143.1156,151.2727
2014-04-01,SPY,stock,187.62,188.36,187,188.25,89193125,2014-04-01,2014-04-01,61.7493,152.6717,142.9934,151.1095
2014-03-31,SPY,stock,186.67,187.3,185.52,187.01,99744911,2014-03-31,2014-03-31,57.9222,152.4526,142.8752,150.9608
2014-03-28,SPY,stock,185.11,186.42,185,185.49,101641547,2014-03-28,2014-03-28,52.5144,152.3177,142.7661,150.8476
2014-03-27,SPY,stock,184.75,185.34,183.9,184.58,142382757,2014-03-27,2014-03-27,48.8607,152.3001,142.6684,150.7808
2014-03-26,SPY,stock,187.04,187.34,184.92,184.97,119842897,2014-03-26,2014-03-26,50.4041,152.3595,142.5773,150.7418
2014-03-25,SPY,stock,186.37,186.94,185.27,186.31,103851737,2014-03-25,2014-03-25,56.0531,152.3914,142.4820,150.6881
2014-03-24,SPY,stock,186.84,187.07,184.62,185.43,121411145,2014-03-24,2014-03-24,52.8293,152.3106,142.3747,150.5873
2014-03-21,SPY,stock,187.71,189.02,186.03,186.2,163127905,2014-03-21,2014-03-21,56.1777,152.2975,142.2736,150.5119
2014-03-20,SPY,stock,186.25,187.89,185.92,187.75,117240972,2014-03-20,2014-03-20,59.4598,152.2164,142.1651,150.4076
2014-03-19,SPY,stock,187.68,187.94,185.47,186.66,176267253,2014-03-19,2014-03-19,55.8616,152.0643,142.0496,150.2747
2014-03-18,SPY,stock,186.71,187.91,186.51,187.66,101804519,2014-03-18,2014-03-18,60.4309,151.9901,141.9418,150.1729
2014-03-17,SPY,stock,185.59,186.77,185.51,186.33,98359454,2014-03-17,2014-03-17,55.9846,151.8219,141.8248,150.0335
2014-03-14,SPY,stock,184.85,185.8,184.44,184.66,153919598,2014-03-14,2014-03-14,49.3483,151.7505,141.7175,149.9329
2014-03-13,SPY,stock,187.84,187.99,184.66,185.18,155014237,2014-03-13,2014-03-13,51.5976,151.8156,141.6229,149.8839
2014-03-12,SPY,stock,186.32,187.35,185.9,187.28,104824323,2014-03-12,2014-03-12,62.2352,151.8427,141.5230,149.8155
2014-03-11,SPY,stock,188.44,188.71,186.8,187.23,99009013,2014-03-11,2014-03-11,62.0623,151.6917,141.4049,149.6743
2014-03-10,SPY,stock,187.97,188.23,187.08,188.16,74939176,2014-03-10,2014-03-10,67.3920,151.5291,141.2860,149.5289
2014-03-07,SPY,stock,188.96,188.96,187.43,188.26,114513432,2014-03-07,2014-03-07,67.9749,151.2693,141.1582,149.3465
2014-03-06,SPY,stock,188.21,188.61,187.78,188.18,82516500,2014-03-06,2014-03-06,67.7678,150.9735,141.0284,149.1533
2014-03-05,SPY,stock,187.74,188.07,187.45,187.75,88376859,2014-03-05,2014-03-05,66.6928,150.6535,140.8979,148.9550
2014-03-04,SPY,stock,186.79,187.98,186.75,187.58,167545852,2014-03-04,2014-03-04,66.2800,150.3369,140.7696,148.7629
2014-03-03,SPY,stock,184.65,185.45,183.75,184.98,167448668,2014-03-03,2014-03-03,59.0764,150.0016,140.6414,148.5686
2014-02-28,SPY,stock,185.79,187.15,185.05,186.29,150842000,2014-02-28,2014-02-28,65.6367,149.8549,140.5333,148.4532
2014-02-27,SPY,stock,184.58,185.87,184.37,185.82,93880780,2014-02-27,2014-02-27,64.3166,149.5800,140.4134,148.2894
2014-02-26,SPY,stock,185.11,185.6,184.33,184.85,98677144,2014-02-26,2014-02-26,61.4806,149.3166,140.2961,148.1346
2014-02-25,SPY,stock,185.06,185.59,184.23,184.84,117084901,2014-02-25,2014-02-25,61.4513,149.1091,140.1857,148.0059
2014-02-24,SPY,stock,184.28,186.15,184.2,184.91,114063868,2014-02-24,2014-02-24,61.7569,148.8806,140.0742,147.8723
2014-02-21,SPY,stock,184.45,184.89,183.8,183.89,118116359,2014-02-21,2014-02-21,58.9977,148.6220,139.9610,147.7308
2014-02-20,SPY,stock,183.27,184.52,182.6,184.1,104998099,2014-02-20,2014-02-20,59.8228,148.4240,139.8550,147.6177
2014-02-19,SPY,stock,183.76,184.95,182.87,183.02,126524261,2014-02-19,2014-02-19,56.9472,148.1871,139.7463,147.4929
2014-02-18,SPY,stock,184.18,184.49,183.65,184.24,80460878,2014-02-18,2014-02-18,61.5696,148.0184,139.6453,147.3992
2014-02-14,SPY,stock,182.84,184.36,182.67,184.02,96498305,2014-02-14,2014-02-14,61.0401,147.7267,139.5333,147.2608
2014-02-13,SPY,stock,180.84,183.2,180.83,183.01,100542155,2014-02-13,2014-02-13,58.6088,147.4233,139.4220,147.1241
2014-02-12,SPY,stock,182.25,182.83,181.71,182.07,94717638,2014-02-12,2014-02-12,56.2493,147.1750,139.3179,147.0156
2014-02-11,SPY,stock,180.16,182.44,180.04,181.98,117814009,2014-02-11,2014-02-11,56.0264,146.9816,139.2205,146.9341
2014-02-10,SPY,stock,179.7,180.07,179.21,180.01,92218729,2014-02-10,2014-02-10,50.9477,146.7755,139.1228,146.8523
2014-02-07,SPY,stock,178.31,179.87,177.73,179.68,170787197,2014-02-07,2014-02-07,50.0504,146.7174,139.0403,146.8329
2014-02-06,SPY,stock,175.58,177.48,175.22,177.48,132877526,2014-02-06,2014-02-06,43.6714,146.6817,138.9598,146.8238
2014-02-05,SPY,stock,174.78,175.56,173.71,175.17,164230470,2014-02-05,2014-02-05,35.6600,146.8317,138.8965,146.8877
2014-02-04,SPY,stock,174.95,175.84,174.11,175.39,165012351,2014-02-04,2014-02-04,36.1143,147.1966,138.8516,147.0315
2014-02-03,SPY,stock,177.97,178.37,173.83,174.17,254837004,2014-02-03,2014-02-03,31.6297,147.5809,138.8044,147.1738
2014-01-31,SPY,stock,177.01,179.29,176.92,178.18,194677861,2014-01-31,2014-01-31,40.2540,148.1107,138.7668,147.3626
2014-01-30,SPY,stock,178.83,179.81,178.26,179.23,118938051,2014-01-30,2014-01-30,43.1122,148.3509,138.6958,147.4252
2014-01-29,SPY,stock,177.58,178.55,176.88,177.35,216597269,2014-01-29,2014-01-29,35.4977,148.5259,138.6155,147.4553
2014-01-28,SPY,stock,178.14,179.3,178.12,179.07,110463152,2014-01-28,2014-01-28,40.0521,148.8812,138.5498,147.5494
2014-01-27,SPY,stock,179.06,179.52,177.12,178.01,180843004,2014-01-27,2014-01-27,35.3019,149.1258,138.4693,147.5898
2014-01-24,SPY,stock,181.6,181.66,178.83,178.89,208677093,2014-01-24,2014-01-24,37.5986,149.4875,138.3967,147.6674
2014-01-23,SPY,stock,183.37,183.4,181.82,182.79,132496880,2014-01-23,2014-01-23,51.3456,149.8114,138.3162,147.7187
2014-01-22,SPY,stock,184.49,184.57,183.91,184.3,61270816,2014-01-22,2014-01-22,59.1164,149.8334,138.2028,147.6418
2014-01-21,SPY,stock,184.7,184.77,183.05,184.18,88621138,2014-01-21,2014-01-21,58.6547,149.7277,138.0758,147.5114
2014-01-17,SPY,stock,184.1,184.45,183.32,183.64,107848616,2014-01-17,2014-01-17,56.6068,149.6211,137.9485,147.3796
2014-01-16,SPY,stock,184.28,184.66,183.83,184.42,72290520,2014-01-16,2014-01-16,60.6351,149.5499,137.8244,147.2605
2014-01-15,SPY,stock,184.1,184.94,183.71,184.66,98525721,2014-01-15,2014-01-15,61.8936,149.4040,137.6926,147.1104
2014-01-14,SPY,stock,182.29,183.77,181.95,183.67,105016055,2014-01-14,2014-01-14,58.6026,149.2220,137.5575,146.9463
2014-01-13,SPY,stock,183.67,184.18,181.34,181.69,149891938,2014-01-13,2014-01-13,50.6946,149.1062,137.4293,146.8085
2014-01-10,SPY,stock,183.95,184.22,183.01,184.14,102026318,2014-01-10,2014-01-10,64.9504,149.1487,137.3160,146.7312
2014-01-09,SPY,stock,184.11,184.13,182.8,183.64,90683302,2014-01-09,2014-01-09,62.9775,148.9847,137.1814,146.5689
2014-01-08,SPY,stock,183.45,183.83,182.89,183.52,96582234,2014-01-08,2014-01-08,62.5071,148.8464,137.0495,146.4167
2014-01-07,SPY,stock,183.09,183.79,182.95,183.48,86144169,2014-01-07,2014-01-07,62.3591,148.7040,136.9174,146.2623
2014-01-06,SPY,stock,183.49,183.56,182.08,182.36,108028139,2014-01-06,2014-01-06,58.0537,148.5500,136.7842,146.1029
2014-01-03,SPY,stock,183.23,183.6,182.63,182.89,81390502,2014-01-03,2014-01-03,61.1259,148.4763,136.6589,145.9744
2014-01-02,SPY,stock,183.98,184.07,182.48,182.92,119636836,2014-01-02,2014-01-02,61.2964,148.3492,136.5280,145.8230
2013-12-31,SPY,stock,184.07,184.69,183.93,184.69,86247638,2013-12-31,2013-12-31,72.3530,148.2061,136.3956,145.6644
2013-12-30,SPY,stock,183.87,184.02,183.58,183.82,56857458,2013-12-30,2013-12-30,69.8727,147.8954,136.2472,145.4402
2013-12-27,SPY,stock,184.1,184.18,183.66,183.85,61813841,2013-12-27,2013-12-27,70.0740,147.6270,136.1045,145.2359
2013-12-26,SPY,stock,183.34,183.96,183.32,183.86,63365227,2013-12-26,2013-12-26,70.1365,147.3278,135.9601,145.0223
2013-12-24,SPY,stock,182.54,183.01,182.53,182.93,45368841,2013-12-24,2013-12-24,67.6426,146.9962,135.8142,144.7996
2013-12-23,SPY,stock,182.45,182.64,182.07,182.53,85597541,2013-12-23,2013-12-23,66.5262,146.7098,135.6745,144.5989
2013-12-20,SPY,stock,180.69,181.99,180.57,181.56,197086908,2013-12-20,2013-12-20,63.7064,146.4277,135.5367,144.4034
2013-12-19,SPY,stock,181.18,181.7,180.71,181.49,136298872,2013-12-19,2013-12-19,60.3678,146.1995,135.4054,144.2323
2013-12-18,SPY,stock,178.92,181.73,177.32,181.7,234906482,2013-12-18,2013-12-18,61.4168,146.0373,135.2815,144.0891
2013-12-17,SPY,stock,179.38,179.41,178.25,178.65,89886224,2013-12-17,2013-12-17,49.6078,145.8400,135.1545,143.9331
2013-12-16,SPY,stock,178.95,179.81,178.9,179.22,96194790,2013-12-16,2013-12-16,52.3905,145.8833,135.0513,143.8721
2013-12-13,SPY,stock,178.5,178.66,177.77,178.11,107807610,2013-12-13,2013-12-13,47.0163,145.8823,134.9423,143.7896
2013-12-12,SPY,stock,178.64,178.86,177.76,178.13,115564840,2013-12-12,2013-12-12,47.1053,145.9764,134.8413,143.7406
2013-12-11,SPY,stock,180.82,180.85,178.5,178.72,130590810,2013-12-11,2013-12-11,49.6803,146.0786,134.7392,143.6890
2013-12-10,SPY,stock,180.98,181.36,180.64,180.75,80976207,2013-12-10,2013-12-10,60.1931,146.1410,134.6312,143.6157
2013-12-09,SPY,stock,181.47,181.67,181.16,181.4,70123608,2013-12-09,2013-12-09,64.2345,146.0360,134.5055,143.4719
2013-12-06,SPY,stock,180.67,181.11,180.15,180.94,127727518,2013-12-06,2013-12-06,62.5836,145.8643,134.3732,143.3006
2013-12-05,SPY,stock,179.41,179.74,178.77,178.94,106934067,2013-12-05,2013-12-05,54.0141,145.7139,134.2433,143.1377
2013-12-04,SPY,stock,179.1,180.48,178.35,179.73,123032637,2013-12-04,2013-12-04,58.9677,145.7191,134.1286,143.0345
2013-12-03,SPY,stock,179.94,180.39,179.17,179.75,116563302,2013-12-03,2013-12-03,59.0951,145.6571,134.0062,142.9009
2013-12-02,SPY,stock,181.09,181.43,180.25,180.53,99725781,2013-12-02,2013-12-02,64.1114,145.5869,133.8824,142.7612
2013-11-29,SPY,stock,181.32,181.75,180.8,181,55870903,2013-11-29,2013-11-29,67.3083,145.4424,133.7509,142.5899
2013-11-27,SPY,stock,180.87,181.24,180.65,181.12,58800056,2013-11-27,2013-11-27,68.1135,145.2425,133.6143,142.3959
2013-11-26,SPY,stock,180.72,181.22,180.41,180.68,86993560,2013-11-26,2013-11-26,66.7596,145.0113,133.4754,142.1901
2013-11-25,SPY,stock,181.13,181.17,180.37,180.63,79485709,2013-11-25,2013-11-25,66.6100,144.7934,133.3386,141.9904
2013-11-22,SPY,stock,179.98,180.83,179.77,180.81,81295887,2013-11-22,2013-11-22,67.6274,144.5568,133.2009,141.7843
2013-11-21,SPY,stock,178.97,180.05,178.86,179.91,92841271,2013-11-21,2013-11-21,65.1563,144.2800,133.0604,141.5638
2013-11-20,SPY,stock,179.39,179.93,177.98,178.47,124908601,2013-11-20,2013-11-20,60.6993,144.0511,132.9258,141.3642
2013-11-19,SPY,stock,179.33,179.87,178.72,179.03,93891416,2013-11-19,2013-11-19,63.6389,143.9215,132.8016,141.2042
2013-11-18,SPY,stock,180.35,180.5,179.02,179.42,104796009,2013-11-18,2013-11-18,65.6964,143.7303,132.6716,141.0192
2013-11-15,SPY,stock,179.56,180.12,179.33,180.05,102818190,2013-11-15,2013-11-15,69.0448,143.4855,132.5371,140.8136
2013-11-14,SPY,stock,178.54,179.42,178.25,179.27,103190954,2013-11-14,2013-11-14,67.1180,143.1610,132.3960,140.5787
2013-11-13,SPY,stock,176.09,178.43,176.09,178.38,103057956,2013-11-13,2013-11-13,64.7964,142.8692,132.2600,140.3602
2013-11-12,SPY,stock,176.94,177.36,176.37,176.96,83808745,2013-11-12,2013-11-12,60.6838,142.6229,132.1298,140.1623
2013-11-11,SPY,stock,177.12,177.53,176.91,177.32,66300304,2013-11-11,2013-11-11,62.3999,142.4724,132.0100,140.0035
2013-11-08,SPY,stock,174.87,177.31,174.85,177.29,136681130,2013-11-08,2013-11-08,62.3175,142.2751,131.8860,139.8262
2013-11-07,SPY,stock,177.5,177.64,174.76,174.93,156202030,2013-11-07,2013-11-07,55.1292,142.0597,131.7610,139.6427
2013-11-06,SPY,stock,177.03,177.5,176.54,177.17,87129195,2013-11-06,2013-11-06,66.2711,142.0239,131.6541,139.5302
2013-11-05,SPY,stock,176.14,176.75,175.57,176.27,85601525,2013-11-05,2013-11-05,63.5205,141.7923,131.5278,139.3386
2013-11-04,SPY,stock,176.69,176.9,175.98,176.83,85486867,2013-11-04,2013-11-04,66.6615,141.6134,131.4076,139.1691
2013-11-01,SPY,stock,176.02,176.61,175.22,176.21,142775416,2013-11-01,2013-11-01,64.8759,141.3678,131.2815,138.9741
2013-10-31,SPY,stock,176.15,176.89,175.53,175.79,133367094,2013-10-31,2013-10-31,63.6513,141.1494,131.1593,138.7917
2013-10-30,SPY,stock,177.38,177.51,175.66,176.29,139662588,2013-10-30,2013-10-30,66.2028,140.9440,131.0393,138.6158
2013-10-29,SPY,stock,176.63,177.24,176.38,177.17,87248072,2013-10-29,2013-10-29,70.8440,140.6741,130.9140,138.4162
2013-10-28,SPY,stock,175.89,176.47,175.7,176.23,84672528,2013-10-28,2013-10-28,68.6651,140.3005,130.7802,138.1791
2013-10-25,SPY,stock,175.51,176,175.17,175.95,93571048,2013-10-25,2013-10-25,68.0037,139.9680,130.6528,137.9636
2013-10-24,SPY,stock,174.92,175.37,174.51,175.15,70144619,2013-10-24,2013-10-24,66.1057,139.6246,130.5264,137.7486
2013-10-23,SPY,stock,174.81,174.89,173.96,174.57,105370556,2013-10-23,2013-10-23,64.6958,139.3135,130.4052,137.5514
2013-10-22,SPY,stock,174.91,175.93,174.43,175.41,126536379,2013-10-22,2013-10-22,68.5293,139.0194,130.2876,137.3655
2013-10-21,SPY,stock,174.45,174.75,174.01,174.4,104054017,2013-10-21,2013-10-21,66.2998,138.6224,130.1620,137.1440
2013-10-18,SPY,stock,173.86,174.51,173.51,174.39,138269996,2013-10-18,2013-10-18,66.2778,138.2701,130.0433,136.9471
2013-10-17,SPY,stock,171.37,173.32,171.34,173.22,129004482,2013-10-17,2013-10-17,63.7081,137.8816,129.9235,136.7424
2013-10-16,SPY,stock,170.72,172.16,170.64,172.07,161058684,2013-10-16,2013-10-16,60.9952,137.5525,129.8121,136.5683
2013-10-15,SPY,stock,170.51,171.15,169.47,169.7,153958055,2013-10-15,2013-10-15,54.4843,137.2873,129.7090,136.4253
2013-10-14,SPY,stock,169.21,171.08,169.08,170.94,111901876,2013-10-14,2013-10-14,59.2929,137.1972,129.6242,136.3552
2013-10-11,SPY,stock,168.91,170.32,168.77,170.26,104967037,2013-10-11,2013-10-11,57.3773,136.9914,129.5285,136.2410
2013-10-10,SPY,stock,167.29,169.26,167.23,169.17,194021164,2013-10-10,2013-10-10,54.1672,136.8222,129.4373,136.1448
2013-10-09,SPY,stock,165.8,166.2,164.53,165.6,168271554,2013-10-09,2013-10-09,40.5498,136.7285,129.3542,136.0808
2013-10-08,SPY,stock,167.4,167.62,165.36,165.48,178558678,2013-10-08,2013-10-08,39.9933,136.9310,129.2994,136.1329
2013-10-07,SPY,stock,167.42,168.45,167.25,167.43,96070316,2013-10-07,2013-10-07,46.5711,137.1650,129.2450,136.1910
2013-10-04,SPY,stock,167.75,169.06,167.53,168.89,96853649,2013-10-04,2013-10-04,52.5839,137.2566,129.1742,136.1868
2013-10-03,SPY,stock,168.79,168.94,166.84,167.62,176563533,2013-10-03,2013-10-03,47.0633,137.2326,129.0907,136.1339
2013-10-02,SPY,stock,168.35,169.34,167.83,169.18,112859880,2013-10-02,2013-10-02,54.2703,137.3151,129.0167,136.1210
2013-10-01,SPY,stock,168.14,169.5,167.97,169.34,126997489,2013-10-01,2013-10-01,55.0735,137.2725,128.9292,136.0557
2013-09-30,SPY,stock,167.48,168.54,167.15,168.01,143620138,2013-09-30,2013-09-30,49.2793,137.2117,128.8396,135.9825
2013-09-27,SPY,stock,168.84,169.14,168.47,168.91,98644882,2013-09-27,2013-09-27,53.6251,137.2584,128.7599,135.9504
2013-09-26,SPY,stock,169.32,170.17,169.05,169.69,77036992,2013-09-26,2013-09-26,57.7215,137.2330,128.6721,135.8872
2013-09-25,SPY,stock,169.64,169.98,168.89,169.04,117195118,2013-09-25,2013-09-25,55.0654,137.1381,128.5770,135.7955
2013-09-24,SPY,stock,169.9,170.53,169.21,169.53,101097962,2013-09-24,2013-09-24,57.5984,137.0889,128.4862,135.7216
2013-09-23,SPY,stock,170.49,170.65,169.39,169.93,104534720,2013-09-23,2013-09-23,59.6794,136.9925,128.3906,135.6284
2013-09-20,SPY,stock,172.33,172.33,170.58,170.72,132555427,2013-09-20,2013-09-20,63.9143,136.8516,128.2907,135.5181
2013-09-19,SPY,stock,173.52,173.6,172.59,172.76,146510429,2013-09-19,2013-09-19,70.9978,136.6283,128.1833,135.3771
2013-09-18,SPY,stock,171.01,173.52,170.58,173.05,203079713,2013-09-18,2013-09-18,72.8054,136.2790,128.0651,135.1905
2013-09-17,SPY,stock,170.46,171.11,170.46,171.07,82269719,2013-09-17,2013-09-17,67.5709,135.8681,127.9433,134.9868
2013-09-16,SPY,stock,171.16,171.24,170.04,170.31,126115232,2013-09-16,2013-09-16,65.1822,135.5829,127.8364,134.8402
2013-09-13,SPY,stock,169.13,169.46,168.74,169.33,72700859,2013-09-13,2013-09-13,61.8144,135.3324,127.7346,134.7128
2013-09-12,SPY,stock,169.34,169.56,168.72,168.95,83134871,2013-09-12,2013-09-12,60.4365,135.1391,127.6398,134.6125
2013-09-11,SPY,stock,168.64,169.4,168.35,169.4,94296092,2013-09-11,2013-09-11,62.9337,134.9579,127.5471,134.5208
2013-09-10,SPY,stock,168.64,168.9,168.26,168.87,105300853,2013-09-10,2013-09-10,61.1794,134.7192,127.4499,134.4104
2013-09-09,SPY,stock,166.45,167.73,166.45,167.63,87408601,2013-09-09,2013-09-09,56.7306,134.5006,127.3559,134.3130
2013-09-06,SPY,stock,166.51,166.98,164.48,166.04,159700226,2013-09-06,2013-09-06,49.8934,134.3647,127.2712,134.2527
2013-09-05,SPY,stock,165.85,166.4,165.73,165.96,63023864,2013-09-05,2013-09-05,49.5208,134.3501,127.1985,134.2424
2013-09-04,SPY,stock,164.43,166.03,164.13,165.75,97219175,2013-09-04,2013-09-04,48.5888,134.3408,127.1257,134.2344
2013-09-03,SPY,stock,165.23,165.58,163.7,164.39,142331733,2013-09-03,2013-09-03,42.1676,134.3484,127.0539,134.2331
2013-08-30,SPY,stock,164.51,164.53,163.17,163.65,134740736,2013-08-30,2013-08-30,38.2723,134.4728,126.9925,134.2766
2013-08-29,SPY,stock,163.55,165.04,163.4,164.17,119032950,2013-08-29,2013-08-29,40.0317,134.6733,126.9365,134.3463
2013-08-28,SPY,stock,163.26,164.49,163.05,163.91,107750295,2013-08-28,2013-08-28,38.7238,134.8507,126.8756,134.4017
2013-08-27,SPY,stock,164.36,166,163.21,163.33,158359408,2013-08-27,2013-08-27,35.8247,135.0688,126.8163,134.4680
2013-08-26,SPY,stock,166.79,167.3,165.89,166,89492894,2013-08-26,2013-08-26,44.9069,135.3594,126.7611,134.5562
2013-08-23,SPY,stock,166.55,166.83,165.77,166.62,90872824,2013-08-23,2013-08-23,47.5037,135.4529,126.6836,134.5597
2013-08-22,SPY,stock,164.9,166.3,164.89,166.06,101381277,2013-08-22,2013-08-22,44.8279,135.5034,126.6003,134.5428
2013-08-21,SPY,stock,165.12,166.03,164.19,164.56,159343176,2013-08-21,2013-08-21,36.8178,135.6070,126.5207,134.5437
2013-08-20,SPY,stock,165.04,166.2,164.86,165.58,89235551,2013-08-20,2013-08-20,40.5336,135.8494,126.4526,134.5943
2013-08-19,SPY,stock,165.64,166.21,164.76,164.77,96330805,2013-08-19,2013-08-19,35.7522,136.0303,126.3754,134.6132
2013-08-16,SPY,stock,166.06,166.63,165.5,165.83,130636116,2013-08-16,2013-08-16,39.6237,136.2993,126.3040,134.6597
2013-08-15,SPY,stock,167.41,167.43,166.09,166.38,152647543,2013-08-15,2013-08-15,41.8048,136.5062,126.2233,134.6730
2013-08-14,SPY,stock,169.53,169.8,168.7,168.74,79609123,2013-08-14,2013-08-14,53.5493,136.6880,126.1374,134.6687
2013-08-13,SPY,stock,169.41,169.9,168.41,169.61,80689816,2013-08-13,2013-08-13,59.2470,136.6878,126.0313,134.5862
2013-08-12,SPY,stock,168.46,169.31,168.38,169.11,68477641,2013-08-12,2013-08-12,56.7936,136.6133,125.9171,134.4715
2013-08-09,SPY,stock,169.58,170.1,168.72,169.31,91824151,2013-08-09,2013-08-09,58.0926,136.5736,125.8058,134.3687
2013-08-08,SPY,stock,169.98,170.18,168.93,169.8,101940958,2013-08-08,2013-08-08,61.2812,136.5127,125.6918,134.2551
2013-08-07,SPY,stock,169.19,169.43,168.55,169.18,84663314,2013-08-07,2013-08-07,58.6121,136.4035,125.5726,134.1206
2013-08-06,SPY,stock,170.37,170.74,169.35,169.73,87403388,2013-08-06,2013-08-06,62.1408,136.3358,125.4573,134.0012
2013-08-05,SPY,stock,170.57,170.96,170.35,170.7,53868607,2013-08-05,2013-08-05,68.9375,136.2140,125.3363,133.8587
2013-08-02,SPY,stock,170.28,170.97,170.05,170.95,91009697,2013-08-02,2013-08-02,70.7905,135.9967,125.2062,133.6783
2013-08-01,SPY,stock,169.99,170.81,169.9,170.66,110213653,2013-08-01,2013-08-01,69.9196,135.7352,125.0728,133.4822
2013-07-31,SPY,stock,168.94,169.85,168.49,168.71,142329200,2013-07-31,2013-07-31,63.0384,135.4710,124.9404,133.2878
2013-07-30,SPY,stock,169.1,169.28,168.19,168.59,85124833,2013-07-30,2013-07-30,62.5489,135.3451,124.8226,133.1499
2013-07-29,SPY,stock,168.68,169.06,168.11,168.59,79712464,2013-07-29,2013-07-29,62.5489,135.2163,124.7045,133.0103
2013-07-26,SPY,stock,168.22,169.16,167.52,169.11,107750433,2013-07-26,2013-07-26,65.8055,135.0739,124.5853,132.8651
2013-07-25,SPY,stock,168.22,169.08,167.94,168.93,111066858,2013-07-25,2013-07-25,65.2235,134.8722,124.4606,132.6967
2013-07-24,SPY,stock,169.79,169.86,168.18,168.52,112811714,2013-07-24,2013-07-24,63.9248,134.6645,124.3361,132.5274
2013-07-23,SPY,stock,169.8,169.83,169.05,169.14,80765520,2013-07-23,2013-07-23,67.4624,134.4700,124.2138,132.3648
2013-07-22,SPY,stock,169.41,169.74,169.01,169.5,79307249,2013-07-22,2013-07-22,69.5372,134.2022,124.0851,132.1750
2013-07-19,SPY,stock,168.52,169.23,168.31,169.17,103709128,2013-07-19,2013-07-19,68.7183,133.8754,123.9522,131.9655
2013-07-18,SPY,stock,168.31,169.27,168.2,168.87,103461245,2013-07-18,2013-07-18,67.9919,133.5424,123.8207,131.7584
2013-07-17,SPY,stock,168.16,168.48,167.73,167.95,91766311,2013-07-17,2013-07-17,65.7257,133.2000,123.6903,131.5528
2013-07-16,SPY,stock,168.26,168.36,167.07,167.52,88590595,2013-07-16,2013-07-16,64.6391,132.8999,123.5661,131.3692
2013-07-15,SPY,stock,167.97,168.39,167.68,168.15,69387788,2013-07-15,2013-07-15,67.5527,132.6049,123.4441,131.1924
2013-07-12,SPY,stock,167.39,167.93,167.13,167.51,102638074,2013-07-12,2013-07-12,66.1118,132.2251,123.3158,130.9875
2013-07-11,SPY,stock,167.11,167.61,165.18,167.44,135466463,2013-07-11,2013-07-11,65.9583,131.8599,123.1914,130.7954
2013-07-10,SPY,stock,164.97,165.75,164.63,165.19,120332699,2013-07-10,2013-07-10,60.6353,131.4623,123.0663,130.5977
2013-07-09,SPY,stock,164.98,165.33,164.27,165.13,119211370,2013-07-09,2013-07-09,60.4823,131.2147,122.9583,130.4664
2013-07-08,SPY,stock,163.86,164.39,163.08,163.95,106842928,2013-07-08,2013-07-08,57.4629,130.9461,122.8496,130.3317
2013-07-05,SPY,stock,162.47,163.08,161.3,163.02,122350267,2013-07-05,2013-07-05,54.9434,130.7498,122.7495,130.2306
2013-07-03,SPY,stock,160.48,161.77,160.22,161.28,75216341,2013-07-03,2013-07-03,49.7752,130.6122,122.6560,130.1560
2013-07-02,SPY,stock,161.12,162.3,160.5,161.21,144734577,2013-07-02,2013-07-02,49.5590,130.6085,122.5757,130.1359
2013-07-01,SPY,stock,161.26,162.48,161.08,161.36,131657906,2013-07-01,2013-07-01,49.9871,130.6104,122.4951,130.1174
2013-06-28,SPY,stock,160.63,161.4,159.86,160.42,160158020,2013-06-28,2013-06-28,47.3405,130.5996,122.4125,130.0931
2013-06-27,SPY,stock,161.1,161.82,160.95,161.08,129359801,2013-06-27,2013-06-27,49.0322,130.6679,122.3368,130.0989
2013-06-26,SPY,stock,159.87,160.5,159.25,160.14,134713304,2013-06-26,2013-06-26,46.5040,130.6871,122.2549,130.0831
2013-06-25,SPY,stock,158.48,160.1,157.42,158.57,161987972,2013-06-25,2013-06-25,42.0457,130.7885,122.1798,130.0978
2013-06-24,SPY,stock,157.41,158.43,155.73,157.06,221849792,2013-06-24,2013-06-24,37.3852,131.0344,122.1168,130.1649
2013-06-21,SPY,stock,159.64,159.76,157.47,159.07,271424782,2013-06-21,2013-06-21,41.5113,131.4350,122.0654,130.2848
2013-06-20,SPY,stock,161.86,163.47,158.98,159.4,320785551,2013-06-20,2013-06-20,39.9610,131.7063,121.9971,130.3430
2013-06-19,SPY,stock,165.6,165.89,163.38,163.45,205916944,2013-06-19,2013-06-19,49.6902,132.0494,121.9323,130.4204
2013-06-18,SPY,stock,164.53,165.99,164.52,165.74,114592356,2013-06-18,2013-06-18,56.9732,132.0851,121.8340,130.3678
2013-06-17,SPY,stock,164.29,165.22,163.22,164.44,136114269,2013-06-17,2013-06-17,53.3705,131.9303,121.7162,130.2376
2013-06-14,SPY,stock,164.03,164.67,162.91,163.18,141018099,2013-06-14,2013-06-14,49.5703,131.8694,121.6078,130.1450
2013-06-13,SPY,stock,161.66,164.5,161.3,164.21,163201480,2013-06-13,2013-06-13,52.8391,131.9090,121.5084,130.0899
2013-06-12,SPY,stock,164.22,164.39,161.6,161.75,176962186,2013-06-12,2013-06-12,44.7607,131.8655,121.3997,129.9988
2013-06-11,SPY,stock,163.3,164.54,162.74,163.1,159379607,2013-06-11,2013-06-11,49.0414,132.0260,121.3099,129.9848
2013-06-10,SPY,stock,165.31,165.4,164.37,164.8,102542965,2013-06-10,2013-06-10,55.2162,132.0889,121.2082,129.9259
2013-06-07,SPY,stock,163.85,164.95,163.14,164.8,185761019,2013-06-07,2013-06-07,55.2162,132.0142,121.0917,129.8087
2013-06-06,SPY,stock,161.2,162.74,160.25,162.73,200064681,2013-06-06,2013-06-06,48.3942,131.9316,120.9740,129.6866
2013-06-05,SPY,stock,163.09,163.42,161.13,161.27,211235847,2013-06-05,2013-06-05,42.6751,132.0160,120.8720,129.6277
2013-06-04,SPY,stock,164.44,165.1,162.73,163.56,157537197,2013-06-04,2013-06-04,50.8891,132.2330,120.7807,129.6144
2013-06-03,SPY,stock,163.83,164.46,162.66,164.35,167962719,2013-06-03,2013-06-03,54.2330,132.2787,120.6699,129.5252
2013-05-31,SPY,stock,165.37,166.31,163.13,163.45,176380148,2013-05-31,2013-05-31,50.8140,132.2621,120.5517,129.4064
2013-05-30,SPY,stock,165.35,166.59,165.22,165.83,106551037,2013-05-30,2013-05-30,62.2294,132.3202,120.4395,129.3124
2013-05-29,SPY,stock,165.42,165.8,164.34,165.22,160214092,2013-05-29,2013-05-29,60.0959,132.1825,120.3070,129.1362
2013-05-28,SPY,stock,167.04,167.78,165.81,166.3,143410276,2013-05-28,2013-05-28,66.2480,132.0820,120.1781,128.9729
2013-05-24,SPY,stock,164.47,165.38,163.98,165.31,151527477,2013-05-24,2013-05-24,63.0262,131.8794,120.0391,128.7674
2013-05-23,SPY,stock,164.16,165.91,163.94,165.45,210803037,2013-05-23,2013-05-23,63.8262,131.7394,119.9067,128.5861
2013-05-22,SPY,stock,167.34,169.07,165.17,165.93,243639217,2013-05-22,2013-05-22,66.5142,131.5728,119.7719,128.3928
2013-05-21,SPY,stock,167.08,167.8,166.5,167.17,95701008,2013-05-21,2013-05-21,73.9888,131.3479,119.6318,128.1758
2013-05-20,SPY,stock,166.78,167.58,166.61,166.93,85006385,2013-05-20,2013-05-20,73.4527,130.9942,119.4803,127.9092
2013-05-17,SPY,stock,165.95,167.04,165.73,166.94,129718215,2013-05-17,2013-05-17,73.5113,130.6236,119.3292,127.6396
2013-05-16,SPY,stock,165.78,166.36,165.09,165.34,109779806,2013-05-16,2013-05-16,69.9475,130.2132,119.1765,127.3586
2013-05-15,SPY,stock,164.96,166.45,164.91,166.12,120608462,2013-05-15,2013-05-15,74.4838,129.8952,119.0352,127.1188
2013-05-14,SPY,stock,163.67,165.35,163.67,165.23,118798711,2013-05-14,2013-05-14,72.6011,129.4777,118.8862,126.8436
2013-05-13,SPY,stock,163.2,163.81,162.82,163.54,81688029,2013-05-13,2013-05-13,68.5036,129.0916,118.7429,126.5864
2013-05-10,SPY,stock,162.99,163.55,162.51,163.41,103075824,2013-05-10,2013-05-10,68.1635,128.8083,118.6118,126.3743
2013-05-09,SPY,stock,163.27,163.7,162.47,162.88,106566417,2013-05-09,2013-05-09,66.8067,128.5062,118.4805,126.1578
2013-05-08,SPY,stock,162.42,163.39,162.33,163.34,97023107,2013-05-08,2013-05-08,69.1829,128.2173,118.3522,125.9499
2013-05-07,SPY,stock,162.13,162.65,161.67,162.6,89948203,2013-05-07,2013-05-07,67.4536,127.8589,118.2188,125.7184
2013-05-06,SPY,stock,161.49,162.01,161.42,161.78,66750706,2013-05-06,2013-05-06,65.4593,127.5255,118.0901,125.5018
2013-05-03,SPY,stock,161.14,161.88,159.78,161.37,143979238,2013-05-03,2013-05-03,64.4478,127.2266,117.9667,125.3033
2013-05-02,SPY,stock,158.68,159.89,158.53,159.75,96336318,2013-05-02,2013-05-02,60.1682,126.9311,117.8454,125.1102
2013-05-01,SPY,stock,159.33,159.41,158.1,158.28,138772621,2013-05-01,2013-05-01,55.6721,126.7418,117.7360,124.9624
2013-04-30,SPY,stock,159.27,159.72,158.61,159.68,115868414,2013-04-30,2013-04-30,61.8457,126.6573,117.6375,124.8571
2013-04-29,SPY,stock,158.67,159.65,158.42,159.3,88476104,2013-04-29,2013-04-29,60.7486,126.4452,117.5266,124.7013
2013-04-26,SPY,stock,158.33,158.6,157.73,158.24,95891293,2013-04-26,2013-04-26,57.5901,126.2430,117.4176,124.5517
2013-04-25,SPY,stock,158.34,159.27,158.1,158.52,130849307,2013-04-25,2013-04-25,58.7497,126.1093,117.3162,124.4309
2013-04-24,SPY,stock,157.83,158.3,157.54,157.88,96580174,2013-04-24,2013-04-24,56.9081,125.9379,117.2114,124.2959
2013-04-23,SPY,stock,156.95,157.93,156.17,157.78,165858583,2013-04-23,2013-04-23,56.6272,125.8027,117.1108,124.1765
2013-04-22,SPY,stock,155.78,156.54,154.75,156.17,106460508,2013-04-22,2013-04-22,51.9432,125.6618,117.0100,124.0554
2013-04-19,SPY,stock,154.5,155.55,154.12,155.48,149577337,2013-04-19,2013-04-19,49.7851,125.6426,116.9212,123.9824
2013-04-18,SPY,stock,155.37,155.41,153.55,154.14,167415764,2013-04-18,2013-04-18,45.3603,125.6799,116.8371,123.9291
2013-04-17,SPY,stock,156.29,156.32,154.28,155.11,226580070,2013-04-17,2013-04-17,48.2162,125.8348,116.7630,123.9177
2013-04-16,SPY,stock,156.29,157.49,155.91,157.41,147215890,2013-04-16,2013-04-16,55.9756,125.9237,116.6804,123.8740
2013-04-15,SPY,stock,158,158.13,155.1,155.12,216210295,2013-04-15,2013-04-15,48.2805,125.8269,116.5782,123.7527
2013-04-12,SPY,stock,158.68,159.04,157.92,158.8,116234137,2013-04-12,2013-04-12,65.3167,125.9141,116.4936,123.7019
2013-04-11,SPY,stock,158.7,159.71,158.54,159.19,110026835,2013-04-11,2013-04-11,67.6664,125.6984,116.3783,123.5280
2013-04-10,SPY,stock,157.17,158.87,157.13,158.67,135064585,2013-04-10,2013-04-10,66.1592,125.4269,116.2587,123.3341
2013-04-09,SPY,stock,156.5,157.32,155.98,156.75,100762236,2013-04-09,2013-04-09,59.7218,125.1709,116.1421,123.1494
2013-04-08,SPY,stock,155.27,156.22,154.75,156.21,86406390,2013-04-08,2013-04-08,57.6162,125.0508,116.0399,123.0204
2013-04-05,SPY,stock,153.95,155.35,153.77,155.16,159608146,2013-04-05,2013-04-05,53.1988,124.9639,115.9411,122.9038
2013-04-04,SPY,stock,155.43,156.17,155.09,155.86,131800661,2013-04-04,2013-04-04,56.8679,124.9569,115.8497,122.8170
2013-04-03,SPY,stock,156.91,157.03,154.82,155.23,153863537,2013-04-03,2013-04-03,54.2298,124.8898,115.7518,122.7036
2013-04-02,SPY,stock,156.61,157.21,156.37,156.82,101379648,2013-04-02,2013-04-02,63.3039,124.8691,115.6580,122.6063
2013-04-01,SPY,stock,156.59,156.91,155.67,156.05,99146793,2013-04-01,2013-04-01,60.3180,124.7113,115.5503,122.4528
2013-03-28,SPY,stock,156.09,156.85,155.75,156.67,102819515,2013-03-28,2013-03-28,64.2252,124.6022,115.4478,122.3183
2013-03-27,SPY,stock,155.26,156.24,155,156.19,99859772,2013-03-27,2013-03-27,62.4779,124.4291,115.3393,122.1580
2013-03-26,SPY,stock,155.59,156.23,155.42,156.19,86222901,2013-03-26,2013-03-26,62.4779,124.2784,115.2336,122.0068
2013-03-25,SPY,stock,156.01,156.27,154.35,154.95,151141333,2013-03-25,2013-03-25,57.8974,124.1119,115.1268,121.8496
2013-03-22,SPY,stock,154.85,155.6,154.73,155.6,111082225,2013-03-22,2013-03-22,61.5550,124.0330,115.0289,121.7266
2013-03-21,SPY,stock,154.76,155.64,154.1,154.36,128441488,2013-03-21,2013-03-21,56.7105,123.8907,114.9249,121.5773
2013-03-20,SPY,stock,155.52,155.95,155.26,155.69,113632993,2013-03-20,2013-03-20,64.8493,123.8386,114.8298,121.4627
2013-03-19,SPY,stock,155.3,155.51,153.59,154.61,167206228,2013-03-19,2013-03-19,60.5839,123.6682,114.7230,121.2996
2013-03-18,SPY,stock,154.34,155.64,154.2,154.97,126602593,2013-03-18,2013-03-18,62.9482,123.5715,114.6238,121.1655
2013-03-15,SPY,stock,155.85,156.04,155.31,155.83,138507153,2013-03-15,2013-03-15,68.9139,123.4341,114.5208,121.0140
2013-03-14,SPY,stock,156.31,156.8,155.91,156.73,127154879,2013-03-14,2013-03-14,70.3932,123.2092,114.4097,120.8280
2013-03-13,SPY,stock,155.76,156.12,155.23,155.9,92399074,2013-03-13,2013-03-13,67.8116,122.9432,114.2959,120.6277
2013-03-12,SPY,stock,155.92,156.1,155.21,155.68,105663831,2013-03-12,2013-03-12,67.1057,122.7194,114.1876,120.4464
2013-03-11,SPY,stock,155.32,156.04,155.13,156.03,83315530,2013-03-11,2013-03-11,69.3526,122.4905,114.0800,120.2648
2013-03-08,SPY,stock,155.46,155.65,154.66,155.44,123471509,2013-03-08,2013-03-08,67.6575,122.2080,113.9685,120.0645
2013-03-07,SPY,stock,154.7,154.98,154.52,154.78,85702532,2013-03-07,2013-03-07,65.6860,121.9456,113.8607,119.8752
2013-03-06,SPY,stock,154.84,154.92,154.16,154.5,94355975,2013-03-06,2013-03-06,64.8417,121.7114,113.7570,119.6999
2013-03-05,SPY,stock,153.66,154.7,153.64,154.29,121384504,2013-03-05,2013-03-05,64.2288,121.4760,113.6546,119.5265
2013-03-04,SPY,stock,151.76,152.92,151.52,152.92,97382957,2013-03-04,2013-03-04,60.0049,121.2337,113.5529,119.3530
2013-03-01,SPY,stock,151.09,152.34,150.41,152.11,170605782,2013-03-01,2013-03-01,57.2324,121.0816,113.4612,119.2172
2013-02-28,SPY,stock,151.9,152.87,151.41,151.61,126627248,2013-02-28,2013-02-28,55.4627,120.9818,113.3750,119.1024
2013-02-27,SPY,stock,149.89,152.33,149.76,151.91,147089201,2013-02-27,2013-02-27,56.7715,120.9137,113.2921,118.9993
2013-02-26,SPY,stock,149.72,150.2,148.73,150.02,186316695,2013-02-26,2013-02-26,49.8482,120.8132,113.2059,118.8822
2013-02-25,SPY,stock,152.63,152.86,149,149,237325697,2013-02-25,2013-02-25,45.4718,120.8617,113.1341,118.8222
2013-02-22,SPY,stock,151.15,151.89,150.49,151.89,106239444,2013-02-22,2013-02-22,59.0225,121.0014,113.0697,118.7931
2013-02-21,SPY,stock,150.96,151.42,149.94,150.42,181438601,2013-02-21,2013-02-21,52.3101,120.9117,112.9815,118.6682
2013-02-20,SPY,stock,153.14,153.19,151.26,151.34,160357559,2013-02-20,2013-02-20,57.8138,120.9368,112.9042,118.5864
2013-02-19,SPY,stock,152.37,153.28,152.16,153.25,95043470,2013-02-19,2013-02-19,72.5237,120.8868,112.8187,118.4711
2013-02-15,SPY,stock,152.43,152.59,151.55,152.11,215103754,2013-02-15,2013-02-15,68.0130,120.6703,112.7169,118.2885
2013-02-14,SPY,stock,151.69,152.47,151.52,152.29,80765157,2013-02-14,2013-02-14,69.6904,120.5272,112.6233,118.1358
2013-02-13,SPY,stock,152.33,152.61,151.72,152.15,82228386,2013-02-13,2013-02-13,69.1408,120.3539,112.5273,117.9710
2013-02-12,SPY,stock,151.78,152.3,151.61,152.02,65311038,2013-02-12,2013-02-12,68.6506,120.1742,112.4315,117.8040
2013-02-11,SPY,stock,151.74,151.9,151.39,151.77,73707733,2013-02-11,2013-02-11,67.7353,119.9865,112.3358,117.6345
2013-02-08,SPY,stock,151.22,151.89,151.22,151.8,103104819,2013-02-08,2013-02-08,67.9564,119.8001,112.2411,117.4663
2013-02-07,SPY,stock,151.21,151.35,149.86,150.96,162376010,2013-02-07,2013-02-07,64.9851,119.5917,112.1452,117.2902
2013-02-06,SPY,stock,150.52,151.26,150.41,151.16,138641354,2013-02-06,2013-02-06,66.3452,119.4322,112.0551,117.1344
2013-02-05,SPY,stock,150.35,151.48,150.29,151.05,113835751,2013-02-05,2013-02-05,65.9816,119.2390,111.9626,116.9657
2013-02-04,SPY,stock,150.32,151.27,149.43,149.54,158901804,2013-02-04,2013-02-04,60.5482,119.0348,111.8699,116.7937
2013-02-01,SPY,stock,150.65,151.42,150.39,151.24,131103910,2013-02-01,2013-02-01,72.6846,118.9366,111.7886,116.6642
2013-01-31,SPY,stock,149.89,150.38,149.6,149.7,108490791,2013-01-31,2013-01-31,67.1450,118.6845,111.6926,116.4737
2013-01-30,SPY,stock,150.64,150.94,149.93,150.07,137305441,2013-01-30,2013-01-30,70.3269,118.5360,111.6082,116.3258
2013-01-29,SPY,stock,149.77,150.85,149.67,150.66,105606462,2013-01-29,2013-01-29,75.6341,118.3405,111.5199,116.1599
2013-01-28,SPY,stock,150.29,150.33,149.51,150.07,113251578,2013-01-28,2013-01-28,73.7980,118.0746,111.4260,115.9678
2013-01-25,SPY,stock,149.88,150.25,149.37,150.25,147142564,2013-01-25,2013-01-25,75.4077,117.8306,111.3359,115.7871
2013-01-24,SPY,stock,149.15,150.14,149.01,149.41,146167943,2013-01-24,2013-01-24,72.8406,117.5457,111.2434,115.5933
2013-01-23,SPY,stock,149.13,149.5,148.86,149.37,104286611,2013-01-23,2013-01-23,72.7146,117.3018,111.1567,115.4190
2013-01-22,SPY,stock,148.33,149.13,147.98,149.13,111615740,2013-01-22,2013-01-22,71.9910,117.0355,111.0696,115.2389
2013-01-18,SPY,stock,147.97,148.49,147.43,148.33,169850738,2013-01-18,2013-01-18,69.4861,116.7615,110.9834,115.0593
2013-01-17,SPY,stock,147.7,148.42,147.15,148,133581775,2013-01-17,2013-01-17,68.4038,116.5262,110.9029,114.8986
2013-01-16,SPY,stock,146.77,147.28,146.61,147.05,104747927,2013-01-16,2013-01-16,65.0941,116.2940,110.8242,114.7421
2013-01-15,SPY,stock,146.29,147.21,146.2,147.07,93129495,2013-01-15,2013-01-15,65.2276,116.1176,110.7524,114.6104
2013-01-14,SPY,stock,146.89,147.07,146.43,146.97,89495130,2013-01-14,2013-01-14,64.8932,115.9209,110.6797,114.4726
2013-01-11,SPY,stock,147.04,147.15,146.61,147.07,113891272,2013-01-11,2013-01-11,65.4780,115.7119,110.6071,114.3324
2013-01-10,SPY,stock,146.73,147.09,145.97,147.08,130545424,2013-01-10,2013-01-10,65.5328,115.4725,110.5329,114.1833
2013-01-09,SPY,stock,145.87,146.32,145.64,145.92,90616572,2013-01-09,2013-01-09,62.1151,115.2071,110.4579,114.0278
2013-01-08,SPY,stock,145.71,145.91,144.98,145.55,121133837,2013-01-08,2013-01-08,60.9688,115.0117,110.3915,113.9039
2013-01-07,SPY,stock,145.85,146.11,145.43,145.97,109872420,2013-01-07,2013-01-07,62.9773,114.8270,110.3275,113.7870
2013-01-04,SPY,stock,145.97,146.61,145.67,146.37,116753387,2013-01-04,2013-01-04,64.8672,114.5873,110.2594,113.6516
2013-01-03,SPY,stock,145.99,146.37,145.34,145.73,144670984,2013-01-03,2013-01-03,63.2277,114.2887,110.1874,113.4977
2013-01-02,SPY,stock,145.11,146.15,144.73,146.06,191699844,2013-01-02,2013-01-02,64.6727,114.0126,110.1198,113.3583
2012-12-31,SPY,stock,139.66,142.56,139.54,142.41,243370696,2012-12-31,2012-12-31,53.8375,113.6797,110.0489,113.2025
2012-12-28,SPY,stock,140.64,141.42,139.87,140.03,148156789,2012-12-28,2012-12-28,43.3099,113.6199,110.0067,113.1599
2012-12-27,SPY,stock,141.79,142.08,139.92,141.56,167731111,2012-12-27,2012-12-27,50.1351,113.7548,109.9832,113.1934
2012-12-26,SPY,stock,142.64,142.71,141.35,141.75,105880761,2012-12-26,2012-12-26,51.0630,113.7747,109.9472,113.1782
2012-12-24,SPY,stock,142.48,142.56,142.19,142.35,53874548,2012-12-24,2012-12-24,53.9933,113.7807,109.9093,113.1562
2012-12-21,SPY,stock,142.17,144.09,141.94,142.79,245707986,2012-12-21,2012-12-21,56.1891,113.7366,109.8662,113.1136
2012-12-20,SPY,stock,144.38,145.14,143.98,145.12,167906484,2012-12-20,2012-12-20,63.2386,113.6507,109.8191,113.0548
2012-12-19,SPY,stock,145.53,145.58,144.24,144.29,150656553,2012-12-19,2012-12-19,60.3045,113.4461,109.7611,112.9512
2012-12-18,SPY,stock,144,145.5,143.79,145.37,177579280,2012-12-18,2012-12-18,66.7408,113.2896,109.7091,112.8703
2012-12-17,SPY,stock,142.47,143.85,142.43,143.77,143176435,2012-12-17,2012-12-17,61.0171,113.0260,109.6479,112.7510
2012-12-14,SPY,stock,142.32,142.58,141.88,142.1,137650387,2012-12-14,2012-12-14,53.2136,112.8688,109.5990,112.6788
2012-12-13,SPY,stock,143.42,143.83,142.27,142.63,135280737,2012-12-13,2012-12-13,56.5496,112.8351,109.5629,112.6580
2012-12-12,SPY,stock,144,144.55,143.31,143.51,146740002,2012-12-12,2012-12-12,62.6001,112.7534,109.5222,112.6191
2012-12-11,SPY,stock,143.06,144.11,142.99,143.44,152344305,2012-12-11,2012-12-11,62.3022,112.5893,109.4741,112.5500
2012-12-10,SPY,stock,142.21,142.81,142.15,142.47,98424357,2012-12-10,2012-12-10,57.9968,112.4139,109.4260,112.4803
2012-12-07,SPY,stock,142.53,142.69,141.67,142.41,108661551,2012-12-07,2012-12-07,57.7195,112.3013,109.3852,112.4394
2012-12-06,SPY,stock,141.37,142.04,141.16,141.98,103086256,2012-12-06,2012-12-06,55.7762,112.1818,109.3445,112.3987
2012-12-05,SPY,stock,141.37,142.16,140.37,141.5,147129404,2012-12-05,2012-12-05,53.5639,112.0859,109.3068,112.3703
2012-12-04,SPY,stock,141.44,141.87,140.87,141.25,126623508,2012-12-04,2012-12-04,52.4126,112.0201,109.2726,112.3564
2012-12-03,SPY,stock,142.8,142.92,141.34,141.45,124385047,2012-12-03,2012-12-03,53.3960,111.9683,109.2401,112.3501
2012-11-30,SPY,stock,142.14,142.42,141.66,142.15,136298627,2012-11-30,2012-11-30,56.8636,111.8944,109.2056,112.3370
2012-11-29,SPY,stock,141.99,142.51,141.37,142.12,150798733,2012-11-29,2012-11-29,56.7519,111.7539,109.1652,112.3006
2012-11-28,SPY,stock,139.76,141.54,139,141.46,176637479,2012-11-28,2012-11-28,54.3347,111.6012,109.1246,112.2637
2012-11-27,SPY,stock,140.91,141.39,140.24,140.33,127850321,2012-11-27,2012-11-27,49.8812,111.4877,109.0888,112.2467
2012-11-26,SPY,stock,140.65,141.36,140.19,141.05,99649879,2012-11-26,2012-11-26,52.9356,111.4570,109.0618,112.2658
2012-11-23,SPY,stock,140.13,141.4,140.04,141.35,65409145,2012-11-23,2012-11-23,54.2202,111.3628,109.0287,112.2623
2012-11-21,SPY,stock,139.31,139.57,139.03,139.45,81542659,2012-11-21,2012-11-21,46.5994,111.2334,108.9929,112.2488
2012-11-20,SPY,stock,138.91,139.42,138.08,139.19,119410788,2012-11-20,2012-11-20,45.4455,111.2498,108.9720,112.2966
2012-11-19,SPY,stock,137.9,139.15,136.41,139.13,151289828,2012-11-19,2012-11-19,45.1917,111.2897,108.9529,112.3548
2012-11-16,SPY,stock,135.9,136.64,134.7,136.37,239316080,2012-11-16,2012-11-16,31.5996,111.3388,108.9341,112.4173
2012-11-15,SPY,stock,135.98,136.49,135.18,135.7,177963481,2012-11-15,2012-11-15,27.5496,111.6245,108.9372,112.5721
2012-11-14,SPY,stock,138.21,138.43,135.62,135.93,191349976,2012-11-14,2012-11-14,28.0795,111.9964,108.9457,112.7550
2012-11-13,SPY,stock,137.54,139.25,137.36,137.79,122818991,2012-11-13,2012-11-13,32.8208,112.3882,108.9524,112.9379
2012-11-12,SPY,stock,138.59,138.81,137.96,138.27,97301953,2012-11-12,2012-11-12,34.2048,112.6653,108.9444,113.0678
2012-11-09,SPY,stock,137.62,139.44,137.55,138.16,200950904,2012-11-09,2012-11-09,33.6091,112.9313,108.9324,113.1874
2012-11-08,SPY,stock,139.7,140.41,137.93,138.04,181351566,2012-11-08,2012-11-08,32.9945,113.2345,108.9211,113.3154
2012-11-07,SPY,stock,141.66,141.68,139.06,139.72,263929703,2012-11-07,2012-11-07,37.5083,113.5798,108.9107,113.4526
2012-11-06,SPY,stock,142.28,143.52,142.13,142.96,106563909,2012-11-06,2012-11-06,49.6795,113.8205,108.8868,113.5407
2012-11-05,SPY,stock,141.35,142.17,140.93,141.85,98318459,2012-11-05,2012-11-05,43.8871,113.8148,108.8367,113.5271
2012-11-02,SPY,stock,143.68,143.72,141.41,141.56,137651914,2012-11-02,2012-11-02,42.2750,113.9017,108.7949,113.5491
2012-11-01,SPY,stock,141.65,143.01,141.52,142.83,100929973,2012-11-01,2012-11-01,47.8670,114.0220,108.7551,113.5813
2012-10-31,SPY,stock,141.85,142.03,140.68,141.35,103253290,2012-10-31,2012-10-31,39.1583,114.0485,108.7047,113.5736
2012-10-26,SPY,stock,141.3,141.84,140.39,141.35,146001865,2012-10-26,2012-10-26,39.1583,114.2018,108.6656,113.6137
2012-10-25,SPY,stock,142.02,142.28,140.57,141.43,134167644,2012-10-25,2012-10-25,39.4655,114.3714,108.6262,113.6554
2012-10-24,SPY,stock,141.93,142.1,140.8,141.02,119929435,2012-10-24,2012-10-24,37.1173,114.5520,108.5857,113.6962
2012-10-23,SPY,stock,141.86,142.06,140.83,141.42,191909488,2012-10-23,2012-10-23,38.4692,114.7860,108.5481,113.7520
2012-10-22,SPY,stock,143.15,143.67,142.28,143.41,125401781,2012-10-22,2012-10-22,46.2513,115.0112,108.5069,113.7971
2012-10-19,SPY,stock,145.55,145.56,143.05,143.39,185459471,2012-10-19,2012-10-19,46.1496,115.0931,108.4493,113.7794
2012-10-18,SPY,stock,145.82,146.52,145.33,145.82,147982555,2012-10-18,2012-10-18,58.6693,115.1854,108.3914,113.7615
2012-10-17,SPY,stock,145.64,146.32,145.42,146.2,128757819,2012-10-17,2012-10-17,61.0753,115.0837,108.3134,113.6640
2012-10-16,SPY,stock,144.76,145.64,144.66,145.54,108612021,2012-10-16,2012-10-16,58.3186,114.9394,108.2315,113.5500
2012-10-15,SPY,stock,143.23,144.23,142.77,144.08,107448207,2012-10-15,2012-10-15,51.2226,114.8352,108.1542,113.4529
2012-10-12,SPY,stock,143.46,143.95,142.58,142.89,124063714,2012-10-12,2012-10-12,44.0082,114.8425,108.0877,113.3994
2012-10-11,SPY,stock,144.28,144.49,143.33,143.36,123539819,2012-10-11,2012-10-11,46.5323,114.9503,108.0301,113.3823
2012-10-10,SPY,stock,144.18,144.32,143.09,143.28,123906096,2012-10-10,2012-10-10,46.0432,115.0300,107.9682,113.3492
2012-10-09,SPY,stock,145.53,145.65,144.15,144.2,148520522,2012-10-09,2012-10-09,51.0280,115.1249,107.9063,113.3174
2012-10-08,SPY,stock,145.6,146.12,145.31,145.64,78257959,2012-10-08,2012-10-08,60.5569,115.1526,107.8364,113.2543
2012-10-05,SPY,stock,146.91,147.16,145.7,146.14,124661611,2012-10-05,2012-10-05,64.4366,115.0625,107.7543,113.1419
2012-10-04,SPY,stock,145.64,146.34,145.44,146.13,124255532,2012-10-04,2012-10-04,64.3942,114.9210,107.6673,113.0086
2012-10-03,SPY,stock,144.89,145.43,144.13,145.09,121026475,2012-10-03,2012-10-03,59.7658,114.7654,107.5795,112.8703
2012-10-02,SPY,stock,144.92,145.15,143.83,144.5,113346235,2012-10-02,2012-10-02,56.8081,114.6806,107.4992,112.7600
2012-10-01,SPY,stock,144.52,145.69,144.01,144.35,135858200,2012-10-01,2012-10-01,56.0453,114.6364,107.4228,112.6645
2012-09-28,SPY,stock,144.09,144.56,143.46,143.97,150664142,2012-09-28,2012-09-28,54.1401,114.6001,107.3469,112.5699
2012-09-27,SPY,stock,143.89,144.97,143.51,144.64,111654225,2012-09-27,2012-09-27,58.2757,114.5919,107.2732,112.4839
2012-09-26,SPY,stock,144.07,144.11,142.95,143.29,146283598,2012-09-26,2012-09-26,51.3180,114.5266,107.1934,112.3725
2012-09-25,SPY,stock,145.96,146.24,144.06,144.1,133060270,2012-09-25,2012-09-25,56.5741,114.5676,107.1236,112.3005
2012-09-24,SPY,stock,145.15,145.98,145.04,145.65,95622709,2012-09-24,2012-09-24,69.1606,114.5451,107.0466,112.1992
2012-09-21,SPY,stock,146.64,146.67,145.81,145.87,108585503,2012-09-21,2012-09-21,71.2498,114.3902,106.9565,112.0434
2012-09-20,SPY,stock,146.03,146.79,145.63,146.71,153893195,2012-09-20,2012-09-20,71.8012,114.2005,106.8637,111.8741
2012-09-19,SPY,stock,146.79,147.17,146.41,146.7,128175304,2012-09-19,2012-09-19,71.7677,113.9859,106.7694,111.6959
2012-09-18,SPY,stock,146.49,146.81,146.25,146.62,98293358,2012-09-18,2012-09-18,71.5163,113.7494,106.6743,111.5108
2012-09-17,SPY,stock,146.94,147.19,146.37,146.74,119136952,2012-09-17,2012-09-17,72.4145,113.4948,106.5789,111.3206
2012-09-14,SPY,stock,146.88,148.11,146.76,147.24,169672999,2012-09-14,2012-09-14,76.1130,113.2033,106.4816,111.1189
2012-09-13,SPY,stock,144.37,147.04,143.99,146.59,225243763,2012-09-13,2012-09-13,74.5435,112.8395,106.3793,110.8927
2012-09-12,SPY,stock,144.39,144.55,143.9,144.39,87596498,2012-09-12,2012-09-12,67.9187,112.4916,106.2812,110.6784
2012-09-11,SPY,stock,143.6,144.37,143.56,143.91,88581396,2012-09-11,2012-09-11,66.1332,112.2905,106.1995,110.5264
2012-09-10,SPY,stock,144.19,144.44,143.46,143.51,86274348,2012-09-10,2012-09-10,64.6089,112.1083,106.1209,110.3837
2012-09-07,SPY,stock,144.01,144.39,143.88,144.33,107218047,2012-09-07,2012-09-07,70.6629,111.9403,106.0447,110.2482
2012-09-06,SPY,stock,141.76,143.78,141.75,143.77,157982836,2012-09-06,2012-09-06,68.8095,111.6862,105.9612,110.0806
2012-09-05,SPY,stock,141.09,141.47,140.63,140.91,100482344,2012-09-05,2012-09-05,55.4678,111.4521,105.8813,109.9243
2012-09-04,SPY,stock,141.04,141.46,140.13,141.03,119620349,2012-09-04,2012-09-04,56.4079,111.4318,105.8234,109.8541
2012-08-31,SPY,stock,141.29,141.82,140.36,141.16,151904556,2012-08-31,2012-08-31,57.3863,111.3994,105.7639,109.7771
2012-08-30,SPY,stock,140.9,140.94,140.19,140.49,96477807,2012-08-30,2012-08-30,53.5289,111.3528,105.7028,109.6928
2012-08-29,SPY,stock,141.52,141.89,141.12,141.51,65396086,2012-08-29,2012-08-29,61.3838,111.3571,105.6465,109.6267
2012-08-28,SPY,stock,141.18,141.84,140.97,141.4,75623274,2012-08-28,2012-08-28,60.8078,111.2768,105.5814,109.5250
2012-08-27,SPY,stock,141.89,142.08,141.34,141.54,68716759,2012-08-27,2012-08-27,61.8988,111.1973,105.5166,109.4226
2012-08-24,SPY,stock,140.31,141.83,140.22,141.51,99416396,2012-08-24,2012-08-24,61.7623,111.0976,105.4500,109.3116
2012-08-23,SPY,stock,141.47,141.48,140.44,140.66,111378827,2012-08-23,2012-08-23,57.7829,110.9900,105.3829,109.1969
2012-08-22,SPY,stock,141.4,142.05,141.07,141.82,132950820,2012-08-22,2012-08-22,66.5611,110.9420,105.3220,109.1051
2012-08-21,SPY,stock,142.54,143.09,141.45,141.76,105399601,2012-08-21,2012-08-21,66.3153,110.7922,105.2512,108.9720
2012-08-20,SPY,stock,141.98,142.22,141.59,142.19,78199468,2012-08-20,2012-08-20,69.7259,110.6316,105.1802,108.8355
2012-08-17,SPY,stock,142.23,142.3,141.86,142.18,90784837,2012-08-17,2012-08-17,69.6922,110.4182,105.1050,108.6794
2012-08-16,SPY,stock,141.15,142.16,140.8,141.99,111977601,2012-08-16,2012-08-16,69.0858,110.1832,105.0292,108.5173
2012-08-15,SPY,stock,140.64,141.19,140.55,140.95,71012147,2012-08-15,2012-08-15,65.5860,109.9393,104.9541,108.3548
2012-08-14,SPY,stock,141.29,141.38,140.37,140.79,102210603,2012-08-14,2012-08-14,65.0203,109.7565,104.8865,108.2192
2012-08-13,SPY,stock,140.6,140.84,140.04,140.77,79352310,2012-08-13,2012-08-13,64.9534,109.5678,104.8196,108.0833
2012-08-10,SPY,stock,140.04,140.89,139.81,140.84,99737237,2012-08-10,2012-08-10,65.3595,109.3608,104.7521,107.9425
2012-08-09,SPY,stock,140.29,140.89,140.15,140.61,90094828,2012-08-09,2012-08-09,64.6859,109.1263,104.6834,107.7936
2012-08-08,SPY,stock,139.85,140.65,139.81,140.49,89648652,2012-08-08,2012-08-08,64.3500,108.8862,104.6158,107.6461
2012-08-07,SPY,stock,140.18,140.92,140.03,140.32,109434310,2012-08-07,2012-08-07,63.8984,108.6309,104.5485,107.4965
2012-08-06,SPY,stock,139.72,140.17,139.56,139.62,85244038,2012-08-06,2012-08-06,62.0605,108.3629,104.4819,107.3463
2012-08-03,SPY,stock,138.56,139.64,136.68,139.35,157710313,2012-08-03,2012-08-03,61.3559,108.1251,104.4202,107.2126
2012-08-02,SPY,stock,136.55,137.57,135.58,136.64,199418419,2012-08-02,2012-08-02,53.2668,107.8847,104.3600,107.0822
2012-08-01,SPY,stock,138.7,138.73,137.4,137.59,138192791,2012-08-01,2012-08-01,57.1617,107.8451,104.3208,107.0340
2012-07-31,SPY,stock,138.49,138.87,137.71,137.71,120507272,2012-07-31,2012-07-31,57.6562,107.7220,104.2736,106.9532
2012-07-30,SPY,stock,138.52,139.34,138.27,138.68,106715402,2012-07-30,2012-07-30,61.6598,107.5760,104.2250,106.8652
2012-07-27,SPY,stock,136.89,139.07,136.14,138.68,236689679,2012-07-27,2012-07-27,61.6598,107.3338,104.1682,106.7423
2012-07-26,SPY,stock,135.89,136.46,135.26,136.17,156221922,2012-07-26,2012-07-26,54.6306,107.0660,104.1108,106.6143
2012-07-25,SPY,stock,134.21,134.56,133.25,133.96,129041882,2012-07-25,2012-07-25,46.6309,106.9794,104.0729,106.5623
2012-07-24,SPY,stock,135.19,135.25,133.03,133.93,173030103,2012-07-24,2012-07-24,46.5120,107.0680,104.0521,106.5796
2012-07-23,SPY,stock,134.47,136.38,133.84,135.09,144901109,2012-07-23,2012-07-23,50.5554,107.1684,104.0314,106.5986
2012-07-20,SPY,stock,136.95,137.16,136.32,136.47,142813020,2012-07-20,2012-07-20,55.9260,107.1826,104.0012,106.5808
2012-07-19,SPY,stock,137.65,138.18,137.21,137.73,129742249,2012-07-19,2012-07-19,61.4618,107.0832,103.9598,106.5177
2012-07-18,SPY,stock,136.04,137.64,135.96,137.37,113247909,2012-07-18,2012-07-18,60.4224,106.8683,103.9079,106.4113
2012-07-17,SPY,stock,135.97,136.64,134.55,136.36,138576451,2012-07-17,2012-07-17,57.4316,106.6608,103.8583,106.3122
2012-07-16,SPY,stock,135.44,135.83,134.9,135.43,97413111,2012-07-16,2012-07-16,54.4912,106.5157,103.8163,106.2417
2012-07-13,SPY,stock,133.86,135.89,133.84,135.75,129613009,2012-07-13,2012-07-13,55.7210,106.4328,103.7812,106.1984
2012-07-12,SPY,stock,133.38,134.23,132.6,133.51,143428183,2012-07-12,2012-07-12,48.1090,106.3146,103.7433,106.1430
2012-07-11,SPY,stock,134.21,134.6,133.38,134.16,142460464,2012-07-11,2012-07-11,50.4457,106.3707,103.7228,106.1578
2012-07-10,SPY,stock,136.01,136.23,133.68,134.14,162748754,2012-07-10,2012-07-10,50.3768,106.3786,103.6969,106.1521
2012-07-09,SPY,stock,135.38,135.57,134.7,135.32,103703827,2012-07-09,2012-07-09,54.5283,106.3889,103.6710,106.1469
2012-07-06,SPY,stock,135.47,135.77,134.85,135.49,151120499,2012-07-06,2012-07-06,55.1362,106.3019,103.6353,106.1032
2012-07-05,SPY,stock,136.9,137.8,136.29,136.79,126024304,2012-07-05,2012-07-05,59.8757,106.1915,103.5980,106.0524
2012-07-03,SPY,stock,136.48,137.51,136.34,137.41,80450171,2012-07-03,2012-07-03,62.2452,105.9611,103.5500,105.9573
2012-07-02,SPY,stock,136.48,136.65,135.52,136.51,129049181,2012-07-02,2012-07-02,60.1178,105.6548,103.4965,105.8384
2012-06-29,SPY,stock,135.2,136.27,134.85,136.1,212056876,2012-06-29,2012-06-29,59.1439,105.3913,103.4496,105.7437
2012-06-28,SPY,stock,132.29,132.99,131.28,132.79,168941315,2012-06-28,2012-06-28,49.9892,105.1342,103.4056,105.6584
2012-06-27,SPY,stock,132.42,133.43,131.97,133.17,107982307,2012-06-27,2012-06-27,51.2125,105.1261,103.3874,105.6767
2012-06-26,SPY,stock,131.7,132.38,130.93,131.98,141386194,2012-06-26,2012-06-26,47.4747,105.0855,103.3661,105.6834
2012-06-25,SPY,stock,132.05,132.1,130.85,131.32,146248554,2012-06-25,2012-06-25,45.3172,105.1399,103.3540,105.7289
2012-06-22,SPY,stock,133.13,133.71,132.62,133.46,129848438,2012-06-22,2012-06-22,51.7127,105.2550,103.3470,105.7976
2012-06-21,SPY,stock,135.64,135.78,132.33,132.44,205129421,2012-06-21,2012-06-21,48.4956,105.2038,103.3229,105.7998
2012-06-20,SPY,stock,135.71,136.1,134.27,135.48,206299494,2012-06-20,2012-06-20,59.4586,105.2322,103.3068,105.8352
2012-06-19,SPY,stock,135.08,136.25,134.37,135.7,137213470,2012-06-19,2012-06-19,60.3758,105.0101,103.2662,105.7737
2012-06-18,SPY,stock,133.58,134.73,133.28,134.4,131154924,2012-06-18,2012-06-18,56.7119,104.7463,103.2235,105.7026
2012-06-15,SPY,stock,133.38,134.26,133.1,134.14,169104512,2012-06-15,2012-06-15,55.9556,104.5631,103.1907,105.6706
2012-06-14,SPY,stock,132.34,134,131.98,133.47,230470410,2012-06-14,2012-06-14,51.8995,104.3823,103.1596,105.6457
2012-06-13,SPY,stock,132.53,133.36,131.62,132.07,171953597,2012-06-13,2012-06-13,47.2502,104.2952,103.1390,105.6634
2012-06-12,SPY,stock,131.79,133.01,131.16,132.92,181773014,2012-06-12,2012-06-12,49.9734,104.3151,103.1293,105.7270
2012-06-11,SPY,stock,134.17,134.25,131.28,131.41,169457174,2012-06-11,2012-06-11,44.7176,104.2665,103.1128,105.7658
2012-06-08,SPY,stock,131.71,133.13,131.29,133.1,143634224,2012-06-08,2012-06-08,50.1986,104.3382,103.1080,105.8548
2012-06-07,SPY,stock,133.47,133.53,131.78,132.05,184597574,2012-06-07,2012-06-07,46.4090,104.2771,103.0898,105.8930
2012-06-06,SPY,stock,129.97,132.03,129.93,131.97,183846801,2012-06-06,2012-06-06,46.1189,104.2967,103.0798,105.9666
2012-06-05,SPY,stock,127.85,129.26,127.78,129.07,163687095,2012-06-05,2012-06-05,34.1150,104.3251,103.0702,106.0457
2012-06-04,SPY,stock,128.39,128.74,127.14,128.1,202317540,2012-06-04,2012-06-04,29.2172,104.5970,103.0836,106.2214
2012-06-01,SPY,stock,129.41,131.5,128.16,128.16,253063555,2012-06-01,2012-06-01,29.3425,104.9781,103.1048,106.4355
2012-05-31,SPY,stock,131.71,132.45,130.34,131.47,195826754,2012-05-31,2012-05-31,37.6025,105.3943,103.1257,106.6563
2012-05-30,SPY,stock,132.56,133.69,131.49,131.76,162154670,2012-05-30,2012-05-30,38.4838,105.5797,103.1206,106.7797
2012-05-29,SPY,stock,133.16,133.93,131.17,133.7,152437330,2012-05-29,2012-05-29,45.0416,105.7605,103.1131,106.8988
2012-05-25,SPY,stock,132.48,132.85,131.78,132.1,135393214,2012-05-25,2012-05-25,36.7930,105.7994,103.0902,106.9604
2012-05-24,SPY,stock,132.63,132.84,131.42,132.53,167017765,2012-05-24,2012-05-24,38.2247,105.9751,103.0798,107.0759
2012-05-23,SPY,stock,131.25,132.46,129.99,132.27,204667764,2012-05-23,2012-05-23,36.8449,106.1337,103.0658,107.1823
2012-05-22,SPY,stock,132.31,133.23,131.34,132.2,197272169,2012-05-22,2012-05-22,36.4903,106.3305,103.0538,107.3014
2012-05-21,SPY,stock,130.16,132.02,129.95,131.97,177733753,2012-05-21,2012-05-21,35.3832,106.5538,103.0422,107.4277
2012-05-18,SPY,stock,131.37,131.6,129.55,129.74,319503709,2012-05-18,2012-05-18,23.3550,106.8198,103.0323,107.5664
2012-05-17,SPY,stock,132.86,133.02,130.79,130.86,247684669,2012-05-17,2012-05-17,25.5753,107.2987,103.0399,107.7826
2012-05-16,SPY,stock,133.94,134.55,132.8,132.83,206973192,2012-05-16,2012-05-16,30.2763,107.7352,103.0388,107.9716
2012-05-15,SPY,stock,134.02,134.81,133.13,133.34,207288863,2012-05-15,2012-05-15,31.6759,108.0541,103.0220,108.1049
2012-05-14,SPY,stock,134.31,135.61,133.91,134.11,163196962,2012-05-14,2012-05-14,33.8712,108.3643,103.0011,108.2273
2012-05-11,SPY,stock,135.17,136.87,135.11,135.61,152988103,2012-05-11,2012-05-11,38.7260,108.6432,102.9738,108.3299
2012-05-10,SPY,stock,136.68,136.85,135.71,136.02,150085682,2012-05-10,2012-05-10,40.1880,108.8271,102.9344,108.3883
2012-05-09,SPY,stock,135.1,136.61,134.49,135.74,220525746,2012-05-09,2012-05-09,38.7209,108.9963,102.8913,108.4360
2012-05-08,SPY,stock,136.28,136.77,134.92,136.55,213125597,2012-05-08,2012-05-08,41.4521,109.2065,102.8500,108.4947
2012-05-07,SPY,stock,136.51,137.56,136.46,137.1,127664189,2012-05-07,2012-05-07,43.3814,109.3716,102.8019,108.5297
2012-05-04,SPY,stock,138.52,139.3,136.92,137,193496350,2012-05-04,2012-05-04,42.9329,109.5085,102.7490,108.5484
2012-05-03,SPY,stock,140.34,140.45,138.99,139.25,143518530,2012-05-03,2012-05-03,51.4458,109.6681,102.6963,108.5711
2012-05-02,SPY,stock,139.92,140.46,139.46,140.32,120982449,2012-05-02,2012-05-02,56.3826,109.6578,102.6252,108.5223
2012-05-01,SPY,stock,139.79,141.66,139.63,140.74,138747253,2012-05-01,2012-05-01,58.4262,109.5576,102.5450,108.4371
2012-04-30,SPY,stock,140.11,140.21,139.49,139.87,115006285,2012-04-30,2012-04-30,55.3107,109.4120,102.4606,108.3349
2012-04-27,SPY,stock,140.58,140.79,139.8,140.39,123902644,2012-04-27,2012-04-27,57.7110,109.3233,102.3823,108.2566
2012-04-26,SPY,stock,138.89,140.32,138.81,140.16,135453146,2012-04-26,2012-04-26,56.9435,109.1821,102.2990,108.1583
2012-04-25,SPY,stock,138.65,139.25,138.53,139.19,150143367,2012-04-25,2012-04-25,53.6496,109.0451,102.2168,108.0634
2012-04-24,SPY,stock,136.91,137.66,136.8,137.31,137239318,2012-04-24,2012-04-24,46.2489,108.9742,102.1414,107.9958
2012-04-23,SPY,stock,136.54,136.91,135.94,136.79,171710414,2012-04-23,2012-04-23,43.9503,109.0518,102.0801,107.9860
2012-04-20,SPY,stock,138.33,138.83,137.87,137.95,142867082,2012-04-20,2012-04-20,48.2218,109.1808,102.0223,107.9925
2012-04-19,SPY,stock,138.63,139.15,137.07,137.72,198512320,2012-04-19,2012-04-19,47.2784,109.2270,101.9548,107.9619
2012-04-18,SPY,stock,138.46,139.08,138.38,138.61,122743959,2012-04-18,2012-04-18,50.5904,109.2973,101.8884,107.9375
2012-04-17,SPY,stock,137.84,139.36,137.7,139.08,147627266,2012-04-17,2012-04-17,52.3901,109.3010,101.8143,107.8834
2012-04-16,SPY,stock,137.84,138.04,136.58,137.05,147707377,2012-04-16,2012-04-16,44.4670,109.2662,101.7358,107.8121
2012-04-13,SPY,stock,138.47,138.82,137.01,137.14,169047929,2012-04-13,2012-04-13,44.7738,109.3961,101.6725,107.8031
2012-04-12,SPY,stock,137.13,138.9,137.03,138.79,153603844,2012-04-12,2012-04-12,50.7315,109.5322,101.6079,107.7909
2012-04-11,SPY,stock,137.29,137.54,136.75,137,153297439,2012-04-11,2012-04-11,43.1052,109.5458,101.5295,107.7251
2012-04-10,SPY,stock,137.95,138.34,135.76,135.9,235129361,2012-04-10,2012-04-10,37.5930,109.7093,101.4646,107.7141
2012-04-09,SPY,stock,138.03,139.84,137.84,138.22,127440839,2012-04-09,2012-04-09,46.3964,109.9813,101.4077,107.7382
2012-04-05,SPY,stock,139.38,140.2,139.26,139.79,137161910,2012-04-05,2012-04-05,54.4019,110.0894,101.3318,107.6885
2012-04-04,SPY,stock,140.22,140.34,139.34,139.86,146781144,2012-04-04,2012-04-04,54.7933,110.0787,101.2428,107.5864
2012-04-03,SPY,stock,141.64,141.88,140.43,141.26,155717384,2012-04-03,2012-04-03,63.2440,110.0610,101.1523,107.4778
2012-04-02,SPY,stock,140.64,142.21,140.36,141.84,151598615,2012-04-02,2012-04-02,67.2330,109.9252,101.0498,107.3197
2012-03-30,SPY,stock,140.92,141.05,140.05,140.81,135353643,2012-03-30,2012-03-30,63.4294,109.7271,100.9417,107.1365
2012-03-29,SPY,stock,139.64,140.49,139.09,140.23,164884702,2012-03-29,2012-03-29,61.0662,109.5935,100.8406,106.9790
2012-03-28,SPY,stock,141.1,141.32,139.64,140.47,148434044,2012-03-28,2012-03-28,62.6210,109.4941,100.7432,106.8337
2012-03-27,SPY,stock,141.74,141.83,141.08,141.17,119584541,2012-03-27,2012-03-27,67.2591,109.3642,100.6428,106.6748
2012-03-26,SPY,stock,140.65,141.61,140.6,141.61,119477129,2012-03-26,2012-03-26,70.2981,109.1626,100.5359,106.4868
2012-03-23,SPY,stock,139.32,139.81,138.55,139.65,120400107,2012-03-23,2012-03-23,63.4710,108.9033,100.4244,106.2771
2012-03-22,SPY,stock,139.18,139.55,138.74,139.2,135040700,2012-03-22,2012-03-22,61.5887,108.7793,100.3274,106.1218
2012-03-21,SPY,stock,140.52,140.65,139.92,140.21,122251226,2012-03-21,2012-03-21,68.9986,108.6795,100.2329,105.9747
2012-03-20,SPY,stock,140.05,140.61,139.64,140.44,121629293,2012-03-20,2012-03-20,70.7998,108.4855,100.1295,105.7890
2012-03-19,SPY,stock,140.21,141.28,140.11,140.85,125211330,2012-03-19,2012-03-19,73.9973,108.2520,100.0232,105.5884
2012-03-16,SPY,stock,140.36,140.48,140,140.3,151779966,2012-03-16,2012-03-16,72.4472,107.9599,99.9126,105.3664
2012-03-15,SPY,stock,140.12,140.78,139.76,140.72,164882424,2012-03-15,2012-03-15,71.9013,107.6826,99.8053,105.1531
2012-03-14,SPY,stock,140.1,140.45,139.48,139.91,145034209,2012-03-14,2012-03-14,69.5619,107.3922,99.6984,104.9372
2012-03-13,SPY,stock,138.32,140.13,138.09,140.06,183032814,2012-03-13,2012-03-13,70.5723,107.1381,99.5968,104.7385
2012-03-12,SPY,stock,137.55,137.76,137.09,137.58,103873080,2012-03-12,2012-03-12,62.1269,106.8449,99.4930,104.5268
2012-03-09,SPY,stock,137.3,137.93,137.13,137.57,122808966,2012-03-09,2012-03-09,62.0862,106.7258,99.4078,104.3860
2012-03-08,SPY,stock,136.52,137.32,136.24,137.04,116712098,2012-03-08,2012-03-08,59.9668,106.5949,99.3217,104.2398
2012-03-07,SPY,stock,135.06,135.91,134.93,135.69,143600783,2012-03-07,2012-03-07,53.8674,106.4940,99.2390,104.1045
2012-03-06,SPY,stock,135.35,135.43,134.36,134.75,201787583,2012-03-06,2012-03-06,48.8264,106.4940,99.1661,104.0070
2012-03-05,SPY,stock,137.1,137.2,136.28,136.75,140544479,2012-03-05,2012-03-05,62.2697,106.5717,99.0998,103.9356
2012-03-02,SPY,stock,137.64,137.82,137,137.31,120536666,2012-03-02,2012-03-02,67.0711,106.4923,99.0172,103.7972
2012-03-01,SPY,stock,137.31,137.99,136.93,137.73,144742785,2012-03-01,2012-03-01,70.8771,106.3583,98.9293,103.6353
2012-02-29,SPY,stock,137.76,138.19,136.54,137.02,185615627,2012-02-29,2012-02-29,68.0293,106.1755,98.8371,103.4532
2012-02-28,SPY,stock,137.2,137.72,136.93,137.56,129145619,2012-02-28,2012-02-28,73.0759,106.0321,98.7497,103.2865
2012-02-27,SPY,stock,136.02,137.53,135.8,137.16,145563368,2012-02-27,2012-02-27,71.6282,105.8290,98.6571,103.0957
2012-02-24,SPY,stock,136.93,137.2,136.63,136.93,105474533,2012-02-24,2012-02-24,70.7896,105.6376,98.5668,102.9099
2012-02-23,SPY,stock,135.96,136.73,135.5,136.63,137488236,2012-02-23,2012-02-23,69.7051,105.4450,98.4773,102.7239
2012-02-22,SPY,stock,136.26,136.55,135.79,136.03,123997265,2012-02-22,2012-02-22,67.4615,105.2569,98.3893,102.5399
2012-02-21,SPY,stock,136.73,137.05,136.05,136.47,133899477,2012-02-21,2012-02-21,71.0443,105.0987,98.3052,102.3677
2012-02-17,SPY,stock,136.52,136.63,135.96,136.41,129075063,2012-02-17,2012-02-17,70.8483,104.8874,98.2167,102.1743
2012-02-16,SPY,stock,134.57,136.17,134.33,136.05,186193854,2012-02-16,2012-02-16,69.7055,104.6588,98.1279,101.9749
2012-02-15,SPY,stock,135.63,135.83,134.29,134.56,194497951,2012-02-15,2012-02-15,64.3320,104.4359,98.0410,101.7789
2012-02-14,SPY,stock,135,135.27,134.25,135.19,165300175,2012-02-14,2012-02-14,69.1475,104.3126,97.9649,101.6227
2012-02-13,SPY,stock,135.32,135.52,134.74,135.36,115201853,2012-02-13,2012-02-13,70.4692,104.1243,97.8831,101.4399
2012-02-10,SPY,stock,134.16,134.47,133.84,134.36,167753903,2012-02-10,2012-02-10,67.0266,103.9021,97.7992,101.2441
2012-02-09,SPY,stock,135.41,135.59,134.56,135.36,148313299,2012-02-09,2012-02-09,75.1630,103.7392,97.7223,101.0725
2012-02-08,SPY,stock,134.86,135.22,134.31,135.19,138506870,2012-02-08,2012-02-08,74.6778,103.4765,97.6368,100.8618
2012-02-07,SPY,stock,134.17,135.02,133.64,134.79,135265501,2012-02-07,2012-02-07,73.5487,103.2002,97.5517,100.6479
2012-02-06,SPY,stock,133.98,134.51,133.83,134.45,107517511,2012-02-06,2012-02-06,72.5838,102.9278,97.4689,100.4381
2012-02-03,SPY,stock,134,134.62,133.77,134.54,160517202,2012-02-03,2012-02-03,73.2405,102.6549,97.3880,100.2307
2012-02-02,SPY,stock,132.73,133.02,132.21,132.68,112910085,2012-02-02,2012-02-02,67.6185,102.3458,97.3055,100.0119
2012-02-01,SPY,stock,132.29,133.14,132.13,132.47,165757550,2012-02-01,2012-02-01,66.8892,102.1579,97.2369,99.8437
2012-01-31,SPY,stock,132.02,132.18,130.68,131.32,157082268,2012-01-31,2012-01-31,62.6067,101.9675,97.1693,99.6754
2012-01-30,SPY,stock,130.51,131.44,130.06,131.37,146747212,2012-01-30,2012-01-30,62.9353,101.8520,97.1101,99.5371
2012-01-27,SPY,stock,131.24,132.05,131.15,131.82,135185159,2012-01-27,2012-01-27,65.8228,101.7203,97.0498,99.3916
2012-01-26,SPY,stock,133.15,133.4,131.36,131.88,184542356,2012-01-26,2012-01-26,66.1989,101.5375,96.9854,99.2257
2012-01-25,SPY,stock,131.26,132.87,130.75,132.56,198222535,2012-01-25,2012-01-25,70.4334,101.3306,96.9199,99.0510
2012-01-24,SPY,stock,130.8,131.5,130.6,131.46,102701099,2012-01-24,2012-01-24,67.2905,101.0457,96.8484,98.8475
2012-01-23,SPY,stock,131.51,132.25,130.98,131.61,129162435,2012-01-23,2012-01-23,68.2086,100.8216,96.7848,98.6709
2012-01-20,SPY,stock,131.24,131.95,130.92,131.95,138079453,2012-01-20,2012-01-20,70.2252,100.5616,96.7194,98.4823
2012-01-19,SPY,stock,131.22,131.57,130.8,131.46,125972329,2012-01-19,2012-01-19,68.9986,100.2462,96.6507,98.2751
2012-01-18,SPY,stock,129.31,130.84,129.08,130.77,162901737,2012-01-18,2012-01-18,67.2336,99.9380,96.5851,98.0752
2012-01-17,SPY,stock,130.08,130.32,128.9,129.34,131927181,2012-01-17,2012-01-17,63.2019,99.6543,96.5244,97.8892
2012-01-13,SPY,stock,128.64,129.05,127.72,128.84,179613047,2012-01-13,2012-01-13,61.6706,99.4590,96.4743,97.7414
2012-01-12,SPY,stock,129.57,129.7,128.54,129.51,119120347,2012-01-12,2012-01-12,65.0382,99.2844,96.4276,97.6036
2012-01-11,SPY,stock,128.73,129.37,128.52,129.2,111221979,2012-01-11,2012-01-11,64.1982,99.0361,96.3752,97.4387
2012-01-10,SPY,stock,129.39,129.65,128.95,129.13,114679719,2012-01-10,2012-01-10,64.0170,98.7872,96.3247,97.2770
2012-01-09,SPY,stock,128,128.18,127.41,128.02,99225199,2012-01-09,2012-01-09,61.1185,98.5179,96.2742,97.1109
2012-01-06,SPY,stock,128.2,128.22,127.29,127.71,147337290,2012-01-06,2012-01-06,60.2890,98.3120,96.2320,96.9736
2012-01-05,SPY,stock,127.01,128.23,126.43,128.04,173388995,2012-01-05,2012-01-05,61.5878,98.1100,96.1918,96.8407
2012-01-04,SPY,stock,127.2,127.81,126.71,127.7,126705865,2012-01-04,2012-01-04,60.7794,97.8595,96.1486,96.6917
2012-01-03,SPY,stock,127.76,128.38,127.43,127.5,193309527,2012-01-03,2012-01-03,60.3233,97.6107,96.1077,96.5476
2011-12-30,SPY,stock,126.02,126.33,125.5,125.5,95272998,2011-12-30,2011-12-30,55.5204,97.3522,96.0679,96.4040
2011-12-29,SPY,stock,125.24,126.25,124.86,126.12,123033349,2011-12-29,2011-12-29,57.5249,97.2318,96.0435,96.3186
2011-12-28,SPY,stock,126.51,126.53,124.73,124.83,118365897,2011-12-28,2011-12-28,54.3399,97.0475,96.0139,96.2098
2011-12-27,SPY,stock,126.17,126.82,126.06,126.49,85494893,2011-12-27,2011-12-27,59.6879,96.9503,95.9943,96.1380
2011-12-23,SPY,stock,125.67,126.43,125.41,126.39,91800080,2011-12-23,2011-12-23,59.4647,96.7058,95.9613,96.0100
2011-12-22,SPY,stock,124.63,125.4,124.23,125.27,119059500,2011-12-22,2011-12-22,56.9885,96.4437,95.9288,95.8800
2011-12-21,SPY,stock,123.93,124.36,122.75,124.17,193887149,2011-12-21,2011-12-21,54.4509,96.2467,95.9048,95.7806
2011-12-20,SPY,stock,122.18,124.14,120.37,123.93,224583759,2011-12-20,2011-12-20,53.8998,96.1197,95.8893,95.7123
2011-12-19,SPY,stock,122.06,122.32,120.03,120.29,182949189,2011-12-19,2011-12-19,44.4325,95.9993,95.8754,95.6490
2011-12-16,SPY,stock,122.23,122.95,121.3,121.59,219592687,2011-12-16,2011-12-16,47.6797,96.1668,95.8902,95.6997
2011-12-15,SPY,stock,123.03,123.2,121.99,122.18,198553939,2011-12-15,2011-12-15,47.1862,96.2446,95.8948,95.7108
2011-12-14,SPY,stock,122.56,123.03,121.47,121.74,237725027,2011-12-14,2011-12-14,46.0316,96.3454,95.9009,95.7281
2011-12-13,SPY,stock,124.86,125.57,122.45,123.05,244217330,2011-12-13,2011-12-13,48.9927,96.4929,95.9106,95.7601
2011-12-12,SPY,stock,124.95,124.97,123.16,124.21,214953180,2011-12-12,2011-12-12,51.7288,96.5484,95.9100,95.7517
2011-12-09,SPY,stock,124.51,126.37,124.4,126.05,208829481,2011-12-09,2011-12-09,56.3652,96.5145,95.9004,95.7060
2011-12-08,SPY,stock,125.9,126.18,123.65,123.95,240131025,2011-12-08,2011-12-08,51.7854,96.3260,95.8762,95.5999
2011-12-07,SPY,stock,125.84,127.26,124.97,126.73,236861816,2011-12-07,2011-12-07,59.4564,96.2901,95.8682,95.5563
2011-12-06,SPY,stock,126.21,127.11,125.76,126.26,178219945,2011-12-06,2011-12-06,58.4911,96.0221,95.8384,95.4225
2011-12-05,SPY,stock,126.84,127.18,125.44,126.22,224770475,2011-12-05,2011-12-05,58.4129,95.7645,95.8120,95.2981
2011-12-02,SPY,stock,126.12,126.5,124.78,124.86,220768750,2011-12-02,2011-12-02,55.7812,95.4831,95.7856,95.1700
2011-12-01,SPY,stock,124.85,125.64,124.43,124.97,176496621,2011-12-01,2011-12-01,56.0476,95.2837,95.7696,95.0799
2011-11-30,SPY,stock,123.49,125.22,120,124.99,322365596,2011-11-30,2011-11-30,56.0928,95.0543,95.7526,94.9826
2011-11-29,SPY,stock,120.05,121,119.61,120.05,198727310,2011-11-29,2011-11-29,46.1220,94.7991,95.7352,94.8807
2011-11-28,SPY,stock,119.54,120.18,118.82,119.71,209775055,2011-11-28,2011-11-28,45.3285,94.9225,95.7564,94.9319
2011-11-25,SPY,stock,116.38,117.7,116.2,116.34,99556980,2011-11-25,2011-11-25,36.7562,95.0869,95.7805,94.9960
2011-11-23,SPY,stock,118.07,119.19,116.56,116.56,223964369,2011-11-23,2011-11-23,37.1089,95.5453,95.8312,95.1701
2011-11-22,SPY,stock,119.4,120.1,118.52,119.19,215981643,2011-11-22,2011-11-22,41.5331,96.0338,95.8807,95.3442
2011-11-21,SPY,stock,120.2,120.35,118.65,119.66,228483956,2011-11-21,2011-11-21,42.3714,96.3579,95.9101,95.4417
2011-11-18,SPY,stock,122.5,122.75,121.47,121.98,215045815,2011-11-18,2011-11-18,46.6909,96.6774,95.9361,95.5282
2011-11-17,SPY,stock,123.85,124.16,121.23,122.11,330058092,2011-11-17,2011-11-17,46.9399,96.8402,95.9442,95.5444
2011-11-16,SPY,stock,124.81,126.34,123.9,124.08,234773689,2011-11-16,2011-11-16,50.7478,97.0094,95.9514,95.5571
2011-11-15,SPY,stock,125.17,126.75,124.72,126.08,184179838,2011-11-15,2011-11-15,54.9502,97.0347,95.9432,95.5077
2011-11-14,SPY,stock,126.19,127.45,124.92,125.46,158964273,2011-11-14,2011-11-14,53.8501,96.8985,95.9192,95.3925
2011-11-11,SPY,stock,125.83,126.99,125.79,126.66,189673478,2011-11-11,2011-11-11,56.3220,96.7988,95.8998,95.2924
2011-11-10,SPY,stock,124.79,124.94,123.02,124.32,231317470,2011-11-10,2011-11-10,52.3626,96.5902,95.8709,95.1500
2011-11-09,SPY,stock,124.89,125.8,122.86,123.16,336963772,2011-11-09,2011-11-09,50.2882,96.5516,95.8600,95.0763
2011-11-08,SPY,stock,126.92,128.02,125.71,127.88,224083163,2011-11-08,2011-11-08,60.1913,96.6043,95.8580,95.0365
2011-11-07,SPY,stock,125.39,126.39,124.2,126.26,196176091,2011-11-07,2011-11-07,57.5255,96.2750,95.8191,94.8448
2011-11-04,SPY,stock,125.23,125.7,124.01,125.48,248867478,2011-11-04,2011-11-04,56.2146,96.0440,95.7925,94.6969
2011-11-03,SPY,stock,125.27,126.5,123.6,126.25,286049726,2011-11-03,2011-11-03,57.8513,95.8528,95.7717,94.5677
2011-11-02,SPY,stock,123.83,124.4,122.79,123.99,244533108,2011-11-02,2011-11-02,54.2186,95.5782,95.7446,94.4088
2011-11-01,SPY,stock,122.03,123.51,121.52,122,414920750,2011-11-01,2011-11-01,50.7477,95.4602,95.7351,94.3153
2011-10-31,SPY,stock,127.16,128.62,125.32,125.5,227488415,2011-10-31,2011-10-31,57.9190,95.4932,95.7410,94.2814
2011-10-28,SPY,stock,128,128.85,127.8,128.6,225439234,2011-10-28,2011-10-28,65.5358,95.2424,95.7195,94.1346
2011-10-27,SPY,stock,127.63,129.42,126.61,128.63,393288897,2011-10-27,2011-10-27,65.6133,94.7106,95.6735,93.8832
2011-10-26,SPY,stock,124.35,124.77,122.21,124.3,288582522,2011-10-26,2011-10-26,59.1331,94.1204,95.6269,93.6206
2011-10-25,SPY,stock,124.89,124.95,122.78,123.05,263858308,2011-10-25,2011-10-25,56.9588,93.8235,95.6137,93.4851
2011-10-24,SPY,stock,124.17,125.8,124.06,125.49,202222735,2011-10-24,2011-10-24,63.0380,93.5980,95.6101,93.3839
2011-10-21,SPY,stock,123.09,124.12,122.72,123.97,278550463,2011-10-21,2011-10-21,60.6059,93.1485,95.5874,93.2008
2011-10-20,SPY,stock,121.43,122.1,119.82,121.66,261835661,2011-10-20,2011-10-20,56.5734,92.7764,95.5764,93.0587
2011-10-19,SPY,stock,122.38,123.08,120.71,121.13,226406028,2011-10-19,2011-10-19,55.6052,92.5548,95.5834,92.9843
2011-10-18,SPY,stock,120.14,123.5,119.2,122.58,318129364,2011-10-18,2011-10-18,58.9436,92.3534,95.5946,92.9237
2011-10-17,SPY,stock,121.99,122.55,119.93,120.23,201641246,2011-10-17,2011-10-17,54.8656,92.0117,95.5945,92.8145
2011-10-14,SPY,stock,121.91,122.6,121.23,122.57,211138668,2011-10-14,2011-10-14,60.4140,91.8270,95.6129,92.7756
2011-10-13,SPY,stock,120.04,120.87,119.12,120.51,211963751,2011-10-13,2011-10-13,56.8466,91.4308,95.6131,92.6607
2011-10-12,SPY,stock,120.6,122.14,120.33,120.75,281302289,2011-10-12,2011-10-12,57.4063,91.1619,95.6295,92.6067
2011-10-11,SPY,stock,118.87,120.04,118.75,119.7,208801747,2011-10-11,2011-10-11,55.6317,90.8451,95.6442,92.5428
2011-10-10,SPY,stock,117.68,119.63,117.67,119.58,230112993,2011-10-10,2011-10-10,55.4347,90.5811,95.6672,92.5097
2011-10-07,SPY,stock,117.17,117.25,115.06,115.71,312140434,2011-10-07,2011-10-07,48.5988,90.2991,95.6914,92.4791
2011-10-06,SPY,stock,114.36,116.66,113.51,116.49,257354587,2011-10-06,2011-10-06,50.0352,90.3052,95.7462,92.5704
2011-10-05,SPY,stock,112.62,114.72,111.58,114.42,283515241,2011-10-05,2011-10-05,46.1101,90.2479,95.7954,92.6407
2011-10-04,SPY,stock,108.35,112.58,107.43,112.34,458235197,2011-10-04,2011-10-04,41.8476,90.3545,95.8613,92.7797
2011-10-03,SPY,stock,112.49,113.95,109.81,109.93,364341597,2011-10-03,2011-10-03,36.4387,90.6431,95.9442,92.9905
2011-09-30,SPY,stock,114.45,115.45,113.07,113.15,288287488,2011-09-30,2011-09-30,41.1922,91.1598,96.0468,93.2867
2011-09-29,SPY,stock,117.05,117.63,113.93,116.05,297687450,2011-09-29,2011-09-29,46.2364,91.4667,96.1252,93.4925
2011-09-28,SPY,stock,117.78,118.49,114.97,115.14,286147551,2011-09-28,2011-09-28,44.2471,91.5678,96.1817,93.6144
2011-09-27,SPY,stock,118.53,119.56,116.84,117.54,311231680,2011-09-27,2011-09-27,48.6561,91.7542,96.2459,93.7702
2011-09-26,SPY,stock,114.61,116.4,112.98,116.24,260314367,2011-09-26,2011-09-26,45.9470,91.7632,96.2919,93.8560
2011-09-23,SPY,stock,112.11,114.16,112.02,113.54,306183274,2011-09-23,2011-09-23,39.8236,91.8799,96.3485,93.9867
2011-09-22,SPY,stock,113.25,114.21,111.3,112.86,512946022,2011-09-22,2011-09-22,38.1859,92.2305,96.4269,94.2086
2011-09-21,SPY,stock,120.23,120.6,116.44,116.63,315614847,2011-09-21,2011-09-21,44.4075,92.6739,96.5114,94.4613
2011-09-20,SPY,stock,120.82,121.99,120.01,120.17,218316019,2011-09-20,2011-09-20,51.7607,92.8544,96.5672,94.6042
2011-09-19,SPY,stock,119.53,120.93,118.72,120.31,239823961,2011-09-19,2011-09-19,52.0773,92.7633,96.5958,94.6403
2011-09-16,SPY,stock,121.29,121.97,120.32,121.52,283874681,2011-09-16,2011-09-16,54.7664,92.6512,96.6236,94.6735
2011-09-15,SPY,stock,120.65,121.47,119.4,121.43,326067873,2011-09-15,2011-09-15,53.4544,92.4279,96.6423,94.6694
2011-09-14,SPY,stock,118.34,120.8,116.72,119.37,317698271,2011-09-14,2011-09-14,49.5388,92.2395,96.6666,94.6879
2011-09-13,SPY,stock,117.05,118.18,116.22,117.74,272091085,2011-09-13,2011-09-13,46.2143,92.1995,96.7073,94.7723
2011-09-12,SPY,stock,114.47,116.76,114.05,116.67,304103460,2011-09-12,2011-09-12,43.9639,92.2884,96.7611,94.9118
2011-09-09,SPY,stock,117.68,119.06,115.28,115.92,379839727,2011-09-09,2011-09-09,42.3953,92.4741,96.8238,95.0909
2011-09-08,SPY,stock,119.57,120.94,118.77,119.04,249532924,2011-09-08,2011-09-08,47.5356,92.7406,96.8929,95.3010
2011-09-07,SPY,stock,118.76,120.34,118.36,120.29,209475736,2011-09-07,2011-09-07,49.7811,92.7803,96.9384,95.4209
2011-09-06,SPY,stock,114.39,117.16,114.38,116.99,284897438,2011-09-06,2011-09-06,43.2041,92.7220,96.9747,95.5061
2011-09-02,SPY,stock,118.42,120.87,117.43,117.85,255119283,2011-09-02,2011-09-02,44.6182,92.9272,97.0370,95.6993
2011-09-01,SPY,stock,122.29,123.4,120.78,120.94,254226774,2011-09-01,2011-09-01,50.0878,93.0838,97.0933,95.8732
2011-08-31,SPY,stock,122.46,123.51,121.3,122.22,301480767,2011-08-31,2011-08-31,52.5665,93.0044,97.1260,95.9562
2011-08-30,SPY,stock,120.83,122.43,119.26,121.68,240892012,2011-08-30,2011-08-30,51.6287,92.8122,97.1491,96.0022
2011-08-29,SPY,stock,119.56,121.43,118.06,121.36,190438148,2011-08-29,2011-08-29,51.0968,92.6438,97.1766,96.0671
2011-08-26,SPY,stock,115.69,118.51,113.85,117.97,314269489,2011-08-26,2011-08-26,45.1642,92.4839,97.2068,96.1448
2011-08-25,SPY,stock,118.73,119.4,115.87,116.28,311782517,2011-08-25,2011-08-25,41.9016,92.5840,97.2639,96.3330
2011-08-24,SPY,stock,116.19,118.24,115.92,118.08,244763498,2011-08-24,2011-08-24,44.5215,92.8326,97.3346,96.5825
2011-08-23,SPY,stock,113.15,116.57,112.58,116.44,328960993,2011-08-23,2011-08-23,41.4229,92.9604,97.3921,96.7851
2011-08-22,SPY,stock,115.17,115.23,112.41,112.73,274705984,2011-08-22,2011-08-22,33.6371,93.2356,97.4629,97.0479
2011-08-19,SPY,stock,112.96,115.88,112.5,112.64,430047209,2011-08-19,2011-08-19,33.4378,93.8428,97.5634,97.4389
2011-08-18,SPY,stock,116.5,119.71,113.39,114.51,512113802,2011-08-18,2011-08-18,35.4944,94.5212,97.6655,97.8488
2011-08-17,SPY,stock,120.25,121.2,118.72,119.67,237781164,2011-08-17,2011-08-17,42.1342,95.1183,97.7541,98.2162
2011-08-16,SPY,stock,119.47,120.69,118.31,119.59,293453756,2011-08-16,2011-08-16,41.9779,95.3569,97.8034,98.4351
2011-08-15,SPY,stock,119.19,120.74,119,120.62,258305402,2011-08-15,2011-08-15,43.3783,95.6271,97.8538,98.6655
2011-08-12,SPY,stock,118.4,119.21,117.28,118.12,313614670,2011-08-12,2011-08-12,38.7748,95.8416,97.8967,98.8727
2011-08-11,SPY,stock,113.26,118.92,112.32,117.33,487137245,2011-08-11,2011-08-11,37.2785,96.2828,97.9594,99.1675
2011-08-10,SPY,stock,115.26,116.28,111.95,112.29,659583629,2011-08-10,2011-08-10,26.6604,96.8351,98.0290,99.4994
2011-08-09,SPY,stock,114.07,117.64,110.27,117.48,709504454,2011-08-09,2011-08-09,31.8096,97.8571,98.1386,100.0044
2011-08-08,SPY,stock,116.91,120.12,112.02,112.26,699984484,2011-08-08,2011-08-08,16.8022,98.5628,98.2088,100.3657
2011-08-05,SPY,stock,121.76,122.07,116.86,120.08,654932879,2011-08-05,2011-08-05,24.2159,99.7691,98.3204,100.9071
2011-08-04,SPY,stock,124.42,124.62,120.06,120.26,519400868,2011-08-04,2011-08-04,24.4465,100.4637,98.3722,101.2228
2011-08-03,SPY,stock,125.66,126.31,123.53,126.17,370546778,2011-08-03,2011-08-03,34.4446,101.2167,98.4231,101.5458
2011-08-02,SPY,stock,127.81,128.5,125.49,125.49,345325261,2011-08-02,2011-08-02,31.4492,101.5664,98.4284,101.6948
2011-08-01,SPY,stock,130.84,130.96,127.53,128.78,324694811,2011-08-01,2011-08-01,39.5726,102.0083,98.4390,101.8714
2011-07-29,SPY,stock,128.91,130.55,127.97,129.33,306535688,2011-07-29,2011-07-29,41.2256,102.2280,98.4241,101.9510
2011-07-28,SPY,stock,130.6,131.77,130.01,130.22,207393093,2011-07-28,2011-07-28,43.9865,102.4260,98.4048,102.0165
2011-07-27,SPY,stock,132.59,132.63,130.43,130.6,247869769,2011-07-27,2011-07-27,45.1863,102.5721,98.3783,102.0564
2011-07-26,SPY,stock,133.74,133.96,133.03,133.33,130989724,2011-07-26,2011-07-26,55.2371,102.7026,98.3486,102.0860
2011-07-25,SPY,stock,133.3,134.49,133.16,133.83,136138062,2011-07-25,2011-07-25,57.4088,102.6238,98.2974,102.0303
2011-07-22,SPY,stock,134.52,134.72,133.76,134.58,125209573,2011-07-22,2011-07-22,60.7346,102.4959,98.2417,101.9564
2011-07-21,SPY,stock,133.4,134.82,132.67,134.49,248433811,2011-07-21,2011-07-21,60.4795,102.2933,98.1796,101.8559
2011-07-20,SPY,stock,133.07,133.15,132.42,132.65,135775669,2011-07-20,2011-07-20,54.9189,102.0767,98.1175,101.7540
2011-07-19,SPY,stock,131.34,132.89,131.31,132.73,165885446,2011-07-19,2011-07-19,55.2327,101.9875,98.0692,101.7063
2011-07-18,SPY,stock,131.08,131.28,129.63,130.61,196456431,2011-07-18,2011-07-18,47.9098,101.8825,98.0198,101.6541
2011-07-15,SPY,stock,131.66,131.87,130.77,131.69,218322032,2011-07-15,2011-07-15,51.9279,101.9395,97.9865,101.6669
2011-07-14,SPY,stock,132.17,132.78,130.68,130.93,225402428,2011-07-14,2011-07-14,49.1407,101.9144,97.9443,101.6460
2011-07-13,SPY,stock,132.09,133.22,131.52,131.84,201984740,2011-07-13,2011-07-13,52.5268,101.9487,97.9077,101.6483
2011-07-12,SPY,stock,131.69,132.78,131.36,131.4,213911524,2011-07-12,2011-07-12,51.0112,101.9122,97.8636,101.6219
2011-07-11,SPY,stock,132.75,133.18,131.66,131.97,195046000,2011-07-11,2011-07-11,53.0485,101.9079,97.8225,101.6084
2011-07-08,SPY,stock,133.83,135.36,133.39,134.4,193857426,2011-07-08,2011-07-08,63.0104,101.8565,97.7765,101.5763
2011-07-07,SPY,stock,135.16,135.7,134.88,135.36,169953719,2011-07-07,2011-07-07,67.6723,101.6013,97.7112,101.4658
2011-07-06,SPY,stock,133.49,134.14,133.11,133.97,143126404,2011-07-06,2011-07-06,64.1013,101.2408,97.6377,101.3205
2011-07-05,SPY,stock,133.78,134.08,133.39,133.81,165927160,2011-07-05,2011-07-05,63.6724,100.9558,97.5742,101.2133
2011-07-01,SPY,stock,132.09,134.1,131.78,133.92,201950626,2011-07-01,2011-07-01,64.1618,100.6540,97.5114,101.1068
2011-06-30,SPY,stock,131.14,132.18,130.71,131.97,222967799,2011-06-30,2011-06-30,58.9708,100.3114,97.4471,100.9924
2011-06-29,SPY,stock,130.2,130.93,129.63,130.72,243880784,2011-06-29,2011-06-29,55.0996,100.0920,97.3974,100.9351
2011-06-28,SPY,stock,128.45,129.63,128.27,129.61,165190188,2011-06-28,2011-06-28,51.3116,99.9516,97.3569,100.9151
2011-06-27,SPY,stock,126.89,128.43,126.64,127.94,166315651,2011-06-27,2011-06-27,44.8064,99.8870,97.3247,100.9294
2011-06-24,SPY,stock,128.27,128.37,126.62,126.81,225810845,2011-06-24,2011-06-24,39.7484,99.9521,97.3051,100.9972
2011-06-23,SPY,stock,127.16,128.64,126.19,128.3,333657698,2011-06-23,2011-06-23,44.7721,100.1163,97.2942,101.1035
2011-06-22,SPY,stock,129.05,129.81,128.59,128.67,176121450,2011-06-22,2011-06-22,46.1160,100.1761,97.2716,101.1670
2011-06-21,SPY,stock,128.36,129.7,127.75,129.45,191713605,2011-06-21,2011-06-21,48.9950,100.2120,97.2458,101.2213
2011-06-20,SPY,stock,126.62,127.97,126.58,127.7,159305551,2011-06-20,2011-06-20,41.3696,100.1879,97.2137,101.2532
2011-06-17,SPY,stock,127.93,127.94,126.62,127.05,233230974,2011-06-17,2011-06-17,38.1820,100.3043,97.1949,101.3418
2011-06-16,SPY,stock,127.06,127.97,126.32,127.3,307721462,2011-06-16,2011-06-16,36.3237,100.4860,97.1810,101.4546
2011-06-15,SPY,stock,128.24,129.3,126.68,127.02,300377189,2011-06-15,2011-06-15,34.9778,100.7175,97.1699,101.5839
2011-06-14,SPY,stock,128.87,129.77,128.82,129.32,160125927,2011-06-14,2011-06-14,41.7005,100.9961,97.1608,101.7273
2011-06-13,SPY,stock,127.89,128.24,127.05,127.7,184488103,2011-06-13,2011-06-13,33.3183,101.1171,97.1338,101.8041
2011-06-10,SPY,stock,128.85,128.93,127.26,127.6,238411677,2011-06-10,2011-06-10,32.7642,101.3825,97.1191,101.9350
2011-06-09,SPY,stock,128.77,129.93,128.46,129.4,160674400,2011-06-09,2011-06-09,38.0488,101.6840,97.1051,102.0745
2011-06-08,SPY,stock,128.76,129.19,128.18,128.42,197987250,2011-06-08,2011-06-08,32.5487,101.8709,97.0769,102.1629
2011-06-07,SPY,stock,129.7,130.07,128.85,128.96,161485789,2011-06-07,2011-06-07,34.0976,102.1572,97.0561,102.2858
2011-06-06,SPY,stock,130.09,130.36,128.87,129.04,179258735,2011-06-06,2011-06-06,34.3223,102.4297,97.0308,102.3967
2011-06-03,SPY,stock,130.15,131.42,130.08,130.42,234455975,2011-06-03,2011-06-03,38.3726,102.7244,97.0047,102.5097
2011-06-02,SPY,stock,131.96,132.24,130.96,131.73,200320487,2011-06-02,2011-06-02,42.8276,102.9379,96.9676,102.5837
2011-06-01,SPY,stock,134.51,134.92,131.76,131.87,232456164,2011-06-01,2011-06-01,43.3267,103.0675,96.9200,102.6195
2011-05-31,SPY,stock,134.77,134.92,133.84,134.9,164348891,2011-05-31,2011-05-31,56.5799,103.1993,96.8708,102.6523
2011-05-27,SPY,stock,133.37,133.87,132.96,133.51,120803429,2011-05-27,2011-05-27,50.0745,103.0987,96.7976,102.5910
2011-05-26,SPY,stock,132.03,133.24,131.78,133,164894518,2011-05-26,2011-05-26,47.3890,103.1006,96.7344,102.5710
2011-05-25,SPY,stock,131.42,132.94,131.38,132.39,150896607,2011-05-25,2011-05-25,44.0462,103.1440,96.6746,102.5662
2011-05-24,SPY,stock,132.44,132.73,131.7,131.95,147060899,2011-05-24,2011-05-24,41.5591,103.2416,96.6189,102.5805
2011-05-23,SPY,stock,131.98,132.72,131.59,132.06,168356335,2011-05-23,2011-05-23,41.9924,103.3853,96.5660,102.6092
2011-05-20,SPY,stock,134.33,134.68,133.36,133.61,182444085,2011-05-20,2011-05-20,48.6259,103.5351,96.5118,102.6356
2011-05-19,SPY,stock,134.8,135.03,133.94,134.68,118664220,2011-05-19,2011-05-19,54.1045,103.5747,96.4450,102.6143
2011-05-18,SPY,stock,133.24,134.5,132.95,134.36,135025396,2011-05-18,2011-05-18,52.6221,103.5316,96.3692,102.5583
2011-05-17,SPY,stock,132.69,133.35,132.12,133.17,192833580,2011-05-17,2011-05-17,46.6746,103.5099,96.2952,102.5102
2011-05-16,SPY,stock,133.56,134.61,132.97,133.19,141591409,2011-05-16,2011-05-16,46.7662,103.5826,96.2296,102.4976
2011-05-13,SPY,stock,135.15,135.34,133.56,134.04,157390444,2011-05-13,2011-05-13,50.6932,103.6614,96.1632,102.4838
2011-05-12,SPY,stock,134.08,135.36,133.39,135.08,171028329,2011-05-12,2011-05-12,56.0396,103.6793,96.0896,102.4427
2011-05-11,SPY,stock,135.67,135.69,133.82,134.44,193519181,2011-05-11,2011-05-11,53.2204,103.6147,96.0071,102.3672
2011-05-10,SPY,stock,135.17,136.11,135,135.87,114747161,2011-05-10,2011-05-10,61.3886,103.5952,95.9288,102.3087
2011-05-09,SPY,stock,134.19,135.11,133.98,134.72,113906571,2011-05-09,2011-05-09,56.3905,103.4575,95.8386,102.2028
2011-05-06,SPY,stock,134.94,135.63,133.68,134.2,222802766,2011-05-06,2011-05-06,53.8840,103.3988,95.7564,102.1288
2011-05-05,SPY,stock,134.08,134.95,133.02,133.61,226749811,2011-05-05,2011-05-05,50.9115,103.3761,95.6775,102.0682
2011-05-04,SPY,stock,135.67,135.73,134.23,134.83,182561092,2011-05-04,2011-05-04,58.1025,103.3990,95.6023,102.0237
2011-05-03,SPY,stock,135.96,136.19,135.04,135.73,138157240,2011-05-03,2011-05-03,64.3264,103.3251,95.5169,101.9389
2011-05-02,SPY,stock,137.07,137.18,135.95,136.22,126171453,2011-05-02,2011-05-02,68.0094,103.1703,95.4236,101.8223
2011-04-29,SPY,stock,136.16,136.57,135.98,136.43,114976790,2011-04-29,2011-04-29,69.5952,102.9594,95.3256,101.6855
2011-04-28,SPY,stock,135.43,136.29,135.41,136.11,124737256,2011-04-28,2011-04-28,68.5578,102.7093,95.2250,101.5365
2011-04-27,SPY,stock,135.05,135.87,134.5,135.67,143070032,2011-04-27,2011-04-27,67.1258,102.4588,95.1259,101.3915
2011-04-26,SPY,stock,134.05,135.06,133.91,134.79,146642787,2011-04-26,2011-04-26,64.0882,102.2177,95.0292,101.2545
2011-04-25,SPY,stock,133.68,133.86,133.2,133.64,65448313,2011-04-25,2011-04-25,59.5532,102.0228,94.9383,101.1396
2011-04-21,SPY,stock,133.79,133.84,133.1,133.78,136137430,2011-04-21,2011-04-21,60.4156,101.9008,94.8554,101.0562
2011-04-20,SPY,stock,132.88,133.39,132.79,133.1,155698544,2011-04-20,2011-04-20,57.6494,101.7545,94.7707,100.9651
2011-04-19,SPY,stock,130.76,131.35,130.44,131.31,124172780,2011-04-19,2011-04-19,48.9250,101.6482,94.6903,100.8916
2011-04-18,SPY,stock,130.59,132.03,129.51,130.56,210528629,2011-04-18,2011-04-18,44.4746,101.6761,94.6231,100.8715
2011-04-15,SPY,stock,131.8,132.37,131.41,132.04,170005215,2011-04-15,2011-04-15,52.9246,101.7680,94.5610,100.8743
2011-04-14,SPY,stock,130.7,131.76,130.27,131.56,161111305,2011-04-14,2011-04-14,50.0676,101.7492,94.4867,100.8306
2011-04-13,SPY,stock,132.08,132.18,130.96,131.46,161934295,2011-04-13,2011-04-13,49.4743,101.7674,94.4155,100.8001
2011-04-12,SPY,stock,131.72,131.98,130.99,131.47,161227043,2011-04-12,2011-04-12,49.5290,101.7957,94.3443,100.7716
2011-04-11,SPY,stock,133,133.45,132.14,132.46,121335593,2011-04-11,2011-04-11,55.1257,101.8262,94.2723,100.7416
2011-04-08,SPY,stock,133.91,133.99,132.31,132.86,147820026,2011-04-08,2011-04-08,57.5662,101.7794,94.1919,100.6792
2011-04-07,SPY,stock,133.42,133.98,132.66,133.32,170837414,2011-04-07,2011-04-07,60.4227,101.6951,94.1076,100.6017
2011-04-06,SPY,stock,133.88,134,133.12,133.66,120226603,2011-04-06,2011-04-06,62.5531,101.5646,94.0189,100.5064
2011-04-05,SPY,stock,133,133.83,132.94,133.24,120779754,2011-04-05,2011-04-05,60.9748,101.3928,93.9267,100.3966
2011-04-04,SPY,stock,133.43,133.67,132.88,133.26,100648849,2011-04-04,2011-04-04,61.0886,101.2370,93.8368,100.2955
2011-04-01,SPY,stock,133.41,133.77,132.83,133.15,153904534,2011-04-01,2011-04-01,60.7140,101.0631,93.7458,100.1897
2011-03-31,SPY,stock,132.6,132.96,132.45,132.59,132554158,2011-03-31,2011-03-31,58.8408,100.8799,93.6548,100.0830
2011-03-30,SPY,stock,132.55,133.16,132.36,132.77,135649246,2011-03-30,2011-03-30,59.6903,100.7230,93.5672,99.9896
2011-03-29,SPY,stock,130.87,131.9,130.44,131.86,129251966,2011-03-29,2011-03-29,56.7597,100.5349,93.4773,99.8867
2011-03-28,SPY,stock,131.58,131.92,130.94,130.98,108870796,2011-03-28,2011-03-28,53.7397,100.4009,93.3936,99.8083
2011-03-25,SPY,stock,131.24,131.87,130.89,131.3,155632745,2011-03-25,2011-03-25,55.0376,100.3244,93.3158,99.7545
2011-03-24,SPY,stock,130.4,131.09,129.67,130.9,158313879,2011-03-24,2011-03-24,53.7408,100.2138,93.2348,99.6883
2011-03-23,SPY,stock,128.93,130,128.32,129.66,148209381,2011-03-23,2011-03-23,49.5522,100.1240,93.1561,99.6321
2011-03-22,SPY,stock,129.72,129.89,129.17,129.29,129568159,2011-03-22,2011-03-22,48.2541,100.1256,93.0862,99.6126
2011-03-21,SPY,stock,129.35,130.01,129.2,129.74,153783793,2011-03-21,2011-03-21,49.6984,100.1574,93.0185,99.6040
2011-03-18,SPY,stock,128.84,128.88,127.51,127.76,229674841,2011-03-18,2011-03-18,42.6898,100.1560,92.9466,99.5809
2011-03-17,SPY,stock,128,128.39,127.1,127.85,253963153,2011-03-17,2011-03-17,40.9086,100.3154,92.8894,99.6192
2011-03-16,SPY,stock,128.15,128.57,125.28,126.18,465885431,2011-03-16,2011-03-16,34.0479,100.5291,92.8352,99.6736
2011-03-15,SPY,stock,126.59,129.33,126.5,128.56,357936092,2011-03-15,2011-03-15,40.2289,100.9004,92.7933,99.7827
2011-03-14,SPY,stock,129.99,130.48,129.06,130.05,234935586,2011-03-14,2011-03-14,44.9753,101.1181,92.7326,99.8215
2011-03-11,SPY,stock,129.52,131.31,129.49,130.84,225387232,2011-03-11,2011-03-11,47.7490,101.2382,92.6598,99.8152
2011-03-10,SPY,stock,131,131.18,129.81,129.94,301173723,2011-03-10,2011-03-10,44.1023,101.3071,92.5802,99.7838
2011-03-09,SPY,stock,132.32,132.8,131.6,132.39,153739992,2011-03-09,2011-03-09,53.5495,101.4560,92.5067,99.7793
2011-03-08,SPY,stock,131.64,133,131.07,132.58,174429069,2011-03-08,2011-03-08,54.3884,101.4223,92.4135,99.6979
2011-03-07,SPY,stock,132.86,133.16,130.74,131.43,216563517,2011-03-07,2011-03-07,49.9843,101.3697,92.3179,99.6071
2011-03-04,SPY,stock,133.37,133.63,131.6,132.47,276985954,2011-03-04,2011-03-04,54.3949,101.4046,92.2303,99.5487
2011-03-03,SPY,stock,132.4,133.62,132.39,133.47,175901528,2011-03-03,2011-03-03,59.0469,101.3591,92.1338,99.4553
2011-03-02,SPY,stock,130.75,131.82,130.35,131.21,200065225,2011-03-02,2011-03-02,50.0891,101.2278,92.0285,99.3266
2011-03-01,SPY,stock,133.57,133.69,130.89,130.93,257661260,2011-03-01,2011-03-01,48.8007,101.2656,91.9397,99.2637
2011-02-28,SPY,stock,132.82,133.32,132.38,133.15,141371239,2011-02-28,2011-02-28,60.2512,101.3300,91.8521,99.2070
2011-02-25,SPY,stock,131.48,132.41,131.4,132.33,141487875,2011-02-25,2011-02-25,56.7723,101.2216,91.7465,99.0783
2011-02-24,SPY,stock,130.88,131.44,129.7,130.93,260113340,2011-02-24,2011-02-24,49.8080,101.1681,91.6461,98.9700
2011-02-23,SPY,stock,131.75,132.07,130.21,131.02,227027906,2011-02-23,2011-02-23,50.2917,101.2223,91.5556,98.9013
2011-02-22,SPY,stock,133.12,134.56,131.47,131.83,232802702,2011-02-22,2011-02-22,54.7334,101.2749,91.4635,98.8270
2011-02-18,SPY,stock,134.37,134.69,134.06,134.53,129820539,2011-02-18,2011-02-18,75.3249,101.2675,91.3642,98.7242
2011-02-17,SPY,stock,133.46,134.43,133.34,134.25,109756912,2011-02-17,2011-02-17,74.3974,101.0408,91.2430,98.5325
2011-02-16,SPY,stock,133.46,134.01,133.19,133.85,130028894,2011-02-16,2011-02-16,73.0537,100.8129,91.1228,98.3417
2011-02-15,SPY,stock,133.02,133.22,132.32,133.01,119454089,2011-02-15,2011-02-15,69.9817,100.5933,91.0044,98.1558
2011-02-14,SPY,stock,133.03,133.54,132.88,133.43,101523079,2011-02-14,2011-02-14,73.8930,100.4187,90.8914,97.9885
2011-02-11,SPY,stock,131.8,133.28,131.77,133.11,137665186,2011-02-11,2011-02-11,72.8182,100.1917,90.7739,97.8013
2011-02-10,SPY,stock,131.6,132.47,131.3,132.32,162504516,2011-02-10,2011-02-10,69.9856,99.9666,90.6578,97.6165
2011-02-09,SPY,stock,132.21,132.63,131.61,132.27,146290644,2011-02-09,2011-02-09,69.8006,99.7819,90.5466,97.4489
2011-02-08,SPY,stock,132.09,132.64,131.73,132.57,98856742,2011-02-08,2011-02-08,72.2822,99.5817,90.4347,97.2761
2011-02-07,SPY,stock,131.44,132.4,131.43,131.97,112329113,2011-02-07,2011-02-07,70.3227,99.3361,90.3193,97.0868
2011-02-04,SPY,stock,130.83,131.2,130.23,131.15,134578637,2011-02-04,2011-02-04,67.3978,99.1133,90.2074,96.9086
2011-02-03,SPY,stock,130.26,130.98,129.57,130.78,145711629,2011-02-03,2011-02-03,65.9936,98.9334,90.1007,96.7488
2011-02-02,SPY,stock,130.4,130.84,130.33,130.49,117643828,2011-02-02,2011-02-02,64.8930,98.7644,89.9958,96.5941
2011-02-01,SPY,stock,129.46,130.97,129.38,130.74,166897171,2011-02-01,2011-02-01,66.6189,98.6012,89.8921,96.4422
2011-01-31,SPY,stock,128.07,128.78,127.75,128.68,149095725,2011-01-31,2011-01-31,58.0907,98.4005,89.7854,96.2763
2011-01-28,SPY,stock,130.14,130.35,127.51,127.72,295509227,2011-01-28,2011-01-28,52.8816,98.3454,89.6936,96.1683
2011-01-27,SPY,stock,129.7,130.21,129.47,129.99,123202443,2011-01-27,2011-01-27,72.7307,98.3622,89.6082,96.0859
2011-01-26,SPY,stock,129.49,130.05,129.23,129.67,141125437,2011-01-26,2011-01-26,71.3217,98.1971,89.5045,95.9290
2011-01-25,SPY,stock,128.76,129.28,128.11,129.17,167374610,2011-01-25,2011-01-25,68.9974,98.0405,89.4022,95.7757
2011-01-24,SPY,stock,128.29,129.25,128.26,129.1,113638998,2011-01-24,2011-01-24,68.6672,97.9079,89.3027,95.6318
2011-01-21,SPY,stock,128.88,129.17,128.23,128.37,151372443,2011-01-21,2011-01-21,65.0649,97.7670,89.2027,95.4842
2011-01-20,SPY,stock,127.96,128.4,127.13,128.08,175498439,2011-01-20,2011-01-20,63.5177,97.6703,89.1074,95.3536
2011-01-19,SPY,stock,129.41,129.54,127.91,128.25,151612850,2011-01-19,2011-01-19,65.0868,97.5869,89.0134,95.2267
2011-01-18,SPY,stock,129.18,129.64,129.03,129.52,114227671,2011-01-18,2011-01-18,78.5473,97.4809,88.9171,95.0893
2011-01-14,SPY,stock,128.19,129.33,128.1,129.3,117607384,2011-01-14,2011-01-14,77.8091,97.2611,88.8101,94.9064
2011-01-13,SPY,stock,128.63,128.69,128.05,128.37,128975422,2011-01-13,2011-01-13,74.3436,97.0359,88.7036,94.7230
2011-01-12,SPY,stock,128.21,128.72,127.46,128.58,107344690,2011-01-12,2011-01-12,76.8604,96.8623,88.6033,94.5612
2011-01-11,SPY,stock,127.44,127.74,126.95,127.43,110183265,2011-01-11,2011-01-11,72.0486,96.6533,88.5004,94.3863
2011-01-10,SPY,stock,126.58,127.16,126.2,126.98,122198298,2011-01-10,2011-01-10,69.7641,96.5155,88.4053,94.2403
2011-01-07,SPY,stock,127.56,127.77,126.15,127.14,155960478,2011-01-07,2011-01-07,71.6989,96.3996,88.3127,94.1025
2011-01-06,SPY,stock,127.69,127.83,127.01,127.39,122398841,2011-01-06,2011-01-06,74.7048,96.2585,88.2179,93.9541
2011-01-05,SPY,stock,126.58,127.72,126.46,127.64,133860404,2011-01-05,2011-01-05,77.7309,96.0823,88.1203,93.7917
2011-01-04,SPY,stock,127.33,127.37,126.19,126.98,137310521,2011-01-04,2011-01-04,75.2758,95.8673,88.0198,93.6148
2011-01-03,SPY,stock,126.71,127.6,125.7,127.05,138503753,2011-01-03,2011-01-03,76.1021,95.6832,87.9233,93.4515
2010-12-31,SPY,stock,125.53,125.87,125.33,125.75,91206861,2010-12-31,2010-12-31,70.5221,95.4740,87.8254,93.2793
2010-12-30,SPY,stock,125.8,126.13,125.53,125.72,76592513,2010-12-30,2010-12-30,70.3738,95.3479,87.7365,93.1408
2010-12-29,SPY,stock,125.98,126.2,125.9,125.92,57970747,2010-12-29,2010-12-29,72.6349,95.2110,87.6469,92.9977
2010-12-28,SPY,stock,125.9,125.95,125.5,125.83,55258057,2010-12-28,2010-12-28,72.2625,95.0436,87.5549,92.8424
2010-12-27,SPY,stock,125.13,125.77,125.04,125.65,58062305,2010-12-27,2010-12-27,71.5433,94.8657,87.4626,92.6836
2010-12-23,SPY,stock,125.64,125.78,125.29,125.6,70052157,2010-12-23,2010-12-23,71.3517,94.6838,87.3709,92.5240
2010-12-22,SPY,stock,125.48,125.82,125.41,125.78,78820816,2010-12-22,2010-12-22,72.9946,94.4867,87.2785,92.3594
2010-12-21,SPY,stock,124.99,125.47,124.87,125.39,94848761,2010-12-21,2010-12-21,71.6828,94.2543,87.1839,92.1824
2010-12-20,SPY,stock,124.64,124.9,123.98,124.6,118947468,2010-12-20,2010-12-20,68.8355,94.0290,87.0913,92.0105
2010-12-17,SPY,stock,124.08,124.46,123.82,124.3,140935518,2010-12-17,2010-12-17,67.6899,93.8439,87.0039,91.8564
2010-12-16,SPY,stock,124.18,124.91,123.75,124.82,185035200,2010-12-16,2010-12-16,67.1970,93.6636,86.9180,91.7053
2010-12-15,SPY,stock,124.44,124.93,123.89,124.1,160353340,2010-12-15,2010-12-15,64.4670,93.4750,86.8322,91.5523
2010-12-14,SPY,stock,124.75,125.23,124.29,124.67,147004202,2010-12-14,2010-12-14,68.6680,93.3246,86.7511,91.4155
2010-12-13,SPY,stock,125.05,125.2,124.52,124.56,133626673,2010-12-13,2010-12-13,68.2978,93.1124,86.6647,91.2552
2010-12-10,SPY,stock,124.14,124.6,123.73,124.48,117451490,2010-12-10,2010-12-10,68.0428,92.8867,86.5784,91.0919
2010-12-09,SPY,stock,123.97,124.02,123.15,123.76,123129634,2010-12-09,2010-12-09,65.7399,92.6437,86.4918,90.9245
2010-12-08,SPY,stock,122.98,123.38,122.41,123.28,137753048,2010-12-08,2010-12-08,64.1401,92.4331,86.4099,90.7726
2010-12-07,SPY,stock,123.94,124.01,122.76,122.83,206338935,2010-12-07,2010-12-07,62.6207,92.2389,86.3308,90.6296
2010-12-06,SPY,stock,122.63,123.04,122.5,122.76,102219003,2010-12-06,2010-12-06,62.3905,92.0606,86.2544,90.4947
2010-12-03,SPY,stock,122.14,123.03,122.11,122.89,151218294,2010-12-03,2010-12-03,63.0602,91.8691,86.1777,90.3566
2010-12-02,SPY,stock,121.2,122.65,121.13,122.56,191000993,2010-12-02,2010-12-02,62.1014,91.6470,86.0993,90.2087
2010-12-01,SPY,stock,120.2,121.24,120.19,121.01,220813253,2010-12-01,2010-12-01,57.2631,91.4280,86.0227,90.0651
2010-11-30,SPY,stock,117.98,119.17,117.81,118.49,233594243,2010-11-30,2010-11-30,47.0602,91.3108,85.9572,89.9640
2010-11-29,SPY,stock,118.5,119.48,117.74,119.16,223441824,2010-11-29,2010-11-29,50.0076,91.3842,85.9104,89.9375
2010-11-26,SPY,stock,119.16,119.81,118.8,118.8,76007704,2010-11-26,2010-11-26,48.3950,91.4113,85.8579,89.8889
2010-11-24,SPY,stock,119.2,120.23,119.18,120.2,140040883,2010-11-24,2010-11-24,54.7755,91.4702,85.8077,89.8497
2010-11-23,SPY,stock,118.77,119.02,117.99,118.45,221848973,2010-11-23,2010-11-23,46.6043,91.4226,85.7463,89.7651
2010-11-22,SPY,stock,119.69,120.24,118.77,120.19,181349749,2010-11-22,2010-11-22,55.9353,91.5110,85.6977,89.7317
2010-11-19,SPY,stock,119.9,120.34,119.25,120.29,156802316,2010-11-19,2010-11-19,56.5394,91.4685,85.6352,89.6426
2010-11-18,SPY,stock,119.36,120.39,119.35,119.96,197429267,2010-11-18,2010-11-18,55.0518,91.4135,85.5713,89.5467
2010-11-17,SPY,stock,118.21,118.71,117.86,118.22,172013797,2010-11-17,2010-11-17,46.0029,91.3793,85.5093,89.4573
2010-11-16,SPY,stock,119.29,119.49,117.59,118.16,299705738,2010-11-16,2010-11-16,45.6526,91.4816,85.4601,89.4185
2010-11-15,SPY,stock,120.58,121.05,119.98,120.03,163635229,2010-11-15,2010-11-15,56.2062,91.5994,85.4108,89.3800
2010-11-12,SPY,stock,120.82,121.35,119.65,120.2,238930528,2010-11-12,2010-11-12,57.3248,91.5791,85.3467,89.2815
2010-11-11,SPY,stock,121.05,121.82,120.68,121.64,157659616,2010-11-11,2010-11-11,67.9645,91.5431,85.2806,89.1737
2010-11-10,SPY,stock,121.58,122.16,120.66,122.1,220587229,2010-11-10,2010-11-10,71.9242,91.3872,85.2028,89.0166
2010-11-09,SPY,stock,122.82,122.95,121.12,121.61,186006607,2010-11-09,2010-11-09,70.2073,91.1780,85.1207,88.8387
2010-11-08,SPY,stock,122.34,122.69,121.94,122.49,155551735,2010-11-08,2010-11-08,78.1803,90.9862,85.0415,88.6689
2010-11-05,SPY,stock,122.34,122.92,122.18,122.72,180591242,2010-11-05,2010-11-05,80.3961,90.7033,84.9547,88.4646
2010-11-04,SPY,stock,121.28,122.32,119.97,122.26,214571865,2010-11-04,2010-11-04,79.3069,90.3722,84.8653,88.2448
2010-11-03,SPY,stock,119.68,120.02,118.45,119.95,226512548,2010-11-03,2010-11-03,72.0711,90.0432,84.7786,88.0304
2010-11-02,SPY,stock,119.42,119.75,119.1,119.47,157916916,2010-11-02,2010-11-02,70.0504,89.8656,84.7087,87.8794
2010-11-01,SPY,stock,119.07,119.75,117.85,118.53,173851149,2010-11-01,2010-11-01,65.5131,89.7079,84.6418,87.7372
2010-10-29,SPY,stock,118.28,118.72,118.07,118.49,144175222,2010-10-29,2010-10-29,65.3054,89.6092,84.5815,87.6185
2010-10-28,SPY,stock,119.06,119.11,117.83,118.4,168414804,2010-10-28,2010-10-28,64.8633,89.5034,84.5209,87.4962
2010-10-27,SPY,stock,117.89,118.51,117.26,118.38,189872039,2010-10-27,2010-10-27,64.7707,89.3938,84.4603,87.3718
2010-10-26,SPY,stock,118.1,118.84,117.87,118.72,158887883,2010-10-26,2010-10-26,67.5833,89.2741,84.3993,87.2428
2010-10-25,SPY,stock,119.14,119.76,118.61,118.7,150911529,2010-10-25,2010-10-25,67.5062,89.1145,84.3351,87.0980
2010-10-22,SPY,stock,118.31,118.53,118,118.35,108136870,2010-10-22,2010-10-22,66.2004,88.9398,84.2704,86.9480
2010-10-21,SPY,stock,118.4,119.09,117.21,118.13,221423812,2010-10-21,2010-10-21,65.3885,88.7748,84.2077,86.8027
2010-10-20,SPY,stock,116.94,118.44,116.87,117.87,199776327,2010-10-20,2010-10-20,64.4514,88.6101,84.1461,86.6584
2010-10-19,SPY,stock,117.19,117.85,116.02,116.73,280331815,2010-10-19,2010-10-19,60.0476,88.4491,84.0858,86.5162
2010-10-18,SPY,stock,117.74,118.67,117.31,118.28,141416390,2010-10-18,2010-10-18,71.1806,88.3628,84.0337,86.4039
2010-10-15,SPY,stock,118.28,118.35,116.76,117.7,243526366,2010-10-15,2010-10-15,69.1962,88.1427,83.9692,86.2386
2010-10-14,SPY,stock,117.81,118.01,116.72,117.46,217324777,2010-10-14,2010-10-14,68.3591,87.9462,83.9085,86.0847
2010-10-13,SPY,stock,117.66,118.55,117.38,117.92,193888150,2010-10-13,2010-10-13,71.8334,87.7482,83.8490,85.9319
2010-10-12,SPY,stock,116.27,117.35,115.65,117.01,181748883,2010-10-12,2010-10-12,68.9329,87.4924,83.7854,85.7586
2010-10-11,SPY,stock,116.72,116.97,116.25,116.65,102920611,2010-10-11,2010-10-11,67.7114,87.2829,83.7281,85.6066
2010-10-08,SPY,stock,116.05,116.86,115.61,116.54,177626639,2010-10-08,2010-10-08,67.3472,87.0804,83.6731,85.4597
2010-10-07,SPY,stock,116.5,116.53,115.19,115.89,164724633,2010-10-07,2010-10-07,65.1926,86.8653,83.6183,85.3101
2010-10-06,SPY,stock,116.02,116.33,115.56,116.03,148514950,2010-10-06,2010-10-06,66.0645,86.6800,83.5680,85.1748
2010-10-05,SPY,stock,114.8,116.32,114.67,116.04,229309351,2010-10-05,2010-10-05,66.1231,86.4639,83.5161,85.0295
2010-10-04,SPY,stock,114.37,114.85,113.18,113.75,165979593,2010-10-04,2010-10-04,58.2395,86.2242,83.4636,84.8781
2010-10-01,SPY,stock,114.99,115.12,113.93,114.61,174556419,2010-10-01,2010-10-01,63.3832,86.1437,83.4281,84.7919
2010-09-30,SPY,stock,115.05,115.79,113.59,114.13,286947461,2010-09-30,2010-09-30,61.6267,85.9854,83.3857,84.6754
2010-09-29,SPY,stock,114.38,114.91,114.02,114.47,179576563,2010-09-29,2010-09-29,63.6344,85.8492,83.3466,84.5690
2010-09-28,SPY,stock,114.42,115.04,113.18,114.67,209089087,2010-09-28,2010-09-28,64.7874,85.6712,83.3044,84.4478
2010-09-27,SPY,stock,114.86,114.99,114.16,114.27,128567256,2010-09-27,2010-09-27,63.5613,85.4584,83.2603,84.3153
2010-09-24,SPY,stock,113.75,114.9,113.65,114.82,209597808,2010-09-24,2010-09-24,66.5184,85.2553,83.2189,84.1899
2010-09-23,SPY,stock,112.49,113.67,112.18,112.5,202119199,2010-09-23,2010-09-23,59.0574,84.9867,83.1727,84.0423
2010-09-22,SPY,stock,113.8,114.44,113.1,113.42,191154384,2010-09-22,2010-09-22,64.3366,84.8765,83.1440,83.9610
2010-09-21,SPY,stock,114.3,114.84,113.51,113.98,268363571,2010-09-21,2010-09-21,67.7602,84.6806,83.1079,83.8477
2010-09-20,SPY,stock,112.88,114.46,112.52,114.21,214541807,2010-09-20,2010-09-20,69.1638,84.4191,83.0671,83.7123
2010-09-17,SPY,stock,113.04,113.15,112.18,112.49,195746043,2010-09-17,2010-09-17,63.9829,84.1115,83.0241,83.5642
2010-09-16,SPY,stock,112.73,113.12,112.35,113.05,199774257,2010-09-16,2010-09-16,63.8455,83.9099,82.9940,83.4637
2010-09-15,SPY,stock,112.32,113.21,111.98,113.08,168413600,2010-09-15,2010-09-15,64.0070,83.6906,82.9638,83.3604
2010-09-14,SPY,stock,112.5,113.29,112.08,112.65,209339106,2010-09-14,2010-09-14,62.7531,83.4457,82.9331,83.2520
2010-09-13,SPY,stock,112.58,112.95,112.13,112.72,177874202,2010-09-13,2010-09-13,63.0853,83.2096,82.9054,83.1525
2010-09-10,SPY,stock,111.12,111.61,110.87,111.48,127752166,2010-09-10,2010-09-10,59.5642,82.9429,82.8769,83.0468
2010-09-09,SPY,stock,111.65,111.68,110.62,110.92,146442924,2010-09-09,2010-09-09,57.8794,82.7475,82.8576,82.9752
2010-09-08,SPY,stock,109.86,110.85,109.81,110.41,149907549,2010-09-08,2010-09-08,56.3410,82.5763,82.8424,82.9182
2010-09-07,SPY,stock,110.37,110.51,109.55,109.64,141821257,2010-09-07,2010-09-07,53.9848,82.4279,82.8309,82.8746
2010-09-03,SPY,stock,110.54,110.99,109.95,110.89,212125752,2010-09-03,2010-09-03,58.7655,82.3256,82.8252,82.8532
2010-09-02,SPY,stock,108.72,109.49,108.49,109.47,155921532,2010-09-02,2010-09-02,54.5167,82.1125,82.8098,82.7920
2010-09-01,SPY,stock,106.73,108.61,106.66,108.46,267563260,2010-09-01,2010-09-01,51.1954,81.9905,82.8052,82.7725
2010-08-31,SPY,stock,104.92,105.98,104.49,105.31,273616262,2010-08-31,2010-08-31,38.1064,81.9367,82.8082,82.7835
2010-08-30,SPY,stock,106.58,106.91,105.3,105.31,166871252,2010-08-30,2010-08-30,38.1064,82.1294,82.8354,82.8928
2010-08-27,SPY,stock,105.89,106.97,104.31,106.86,272308220,2010-08-27,2010-08-27,42.9992,82.3423,82.8628,83.0065
2010-08-26,SPY,stock,106.44,106.58,104.88,105.23,224219048,2010-08-26,2010-08-26,34.8279,82.4536,82.8787,83.0768
2010-08-25,SPY,stock,104.95,106.34,104.29,105.94,272169169,2010-08-25,2010-08-25,36.9716,82.7071,82.9072,83.2005
2010-08-24,SPY,stock,105.95,106.39,104.97,105.53,280534115,2010-08-24,2010-08-24,34.8203,82.9304,82.9305,83.3073
2010-08-23,SPY,stock,108.04,108.57,107.07,107.12,163097648,2010-08-23,2010-08-23,39.6998,83.2101,82.9572,83.4311
2010-08-20,SPY,stock,107.56,107.94,106.75,107.53,209556423,2010-08-20,2010-08-20,41.0782,83.3919,82.9720,83.5106
2010-08-19,SPY,stock,109.22,109.49,107.43,107.88,265766788,2010-08-19,2010-08-19,42.2407,83.5600,82.9838,83.5806
2010-08-18,SPY,stock,109.54,110.38,108.91,109.79,182533533,2010-08-18,2010-08-18,49.3123,83.7178,82.9931,83.6426
2010-08-17,SPY,stock,109.19,110.39,108.88,109.59,172118257,2010-08-17,2010-08-17,48.4736,83.7392,82.9879,83.6479
2010-08-16,SPY,stock,107.57,108.61,107.18,108.26,147556208,2010-08-16,2010-08-16,42.6094,83.7789,82.9841,83.6596
2010-08-13,SPY,stock,108.29,108.96,108.18,108.31,158383281,2010-08-13,2010-08-13,42.7794,83.9293,82.9905,83.7130
2010-08-12,SPY,stock,107.65,109.02,107.6,108.63,239364581,2010-08-12,2010-08-12,43.8181,84.0915,82.9965,83.7671
2010-08-11,SPY,stock,110.65,110.69,109.12,109.3,272943363,2010-08-11,2010-08-11,45.9890,84.2452,83.0002,83.8134
2010-08-10,SPY,stock,112.03,112.98,111.37,112.38,242692534,2010-08-10,2010-08-10,58.3238,84.3614,82.9988,83.8409
2010-08-09,SPY,stock,112.92,113.18,112.32,112.99,120724863,2010-08-09,2010-08-09,61.3499,84.2432,82.9738,83.7738
2010-08-06,SPY,stock,111.74,112.57,110.92,112.39,239618389,2010-08-06,2010-08-06,59.4272,84.0637,82.9439,83.6850
2010-08-05,SPY,stock,112.25,112.91,112.08,112.85,140358072,2010-08-05,2010-08-05,61.6091,83.9134,82.9183,83.6113
2010-08-04,SPY,stock,112.53,113.11,112.16,112.97,157998963,2010-08-04,2010-08-04,62.1619,83.7105,82.8889,83.5203
2010-08-03,SPY,stock,112.48,112.77,111.85,112.22,146470014,2010-08-03,2010-08-03,60.0831,83.4765,82.8583,83.4218
2010-08-02,SPY,stock,111.99,112.94,111.54,112.76,188055426,2010-08-02,2010-08-02,62.3742,83.2780,82.8332,83.3426
2010-07-30,SPY,stock,109.17,110.86,108.98,110.27,219883424,2010-07-30,2010-07-30,55.0323,83.0153,82.8036,83.2434
2010-07-29,SPY,stock,111.52,111.82,109.41,110.29,220040677,2010-07-29,2010-07-29,55.1125,82.9244,82.7928,83.2174
2010-07-28,SPY,stock,111.32,111.66,110.46,110.83,162881260,2010-07-28,2010-07-28,57.2028,82.8223,82.7817,83.1898
2010-07-27,SPY,stock,112.17,112.29,111.11,111.55,204764961,2010-07-27,2010-07-27,60.0212,82.6662,82.7664,83.1443
2010-07-26,SPY,stock,110.6,111.67,110.29,111.56,181974164,2010-07-26,2010-07-26,60.0593,82.4360,82.7455,83.0745
2010-07-23,SPY,stock,109.24,110.57,108.93,110.41,221913150,2010-07-23,2010-07-23,57.1499,82.1808,82.7242,83.0016
2010-07-22,SPY,stock,108.34,109.94,108.33,109.46,274503131,2010-07-22,2010-07-22,54.6138,81.9909,82.7115,82.9615
2010-07-21,SPY,stock,109.04,109.07,106.63,107.07,264349757,2010-07-21,2010-07-21,47.3319,81.8570,82.7060,82.9492
2010-07-20,SPY,stock,105.87,108.56,105.82,108.48,257880059,2010-07-20,2010-07-20,51.8930,81.9003,82.7187,83.0106
2010-07-19,SPY,stock,107.05,107.63,106.22,107.29,186394545,2010-07-19,2010-07-19,47.9632,81.8354,82.7207,83.0307
2010-07-16,SPY,stock,109.09,109.21,106.45,106.66,282607148,2010-07-16,2010-07-16,45.7862,81.8588,82.7318,83.0886
2010-07-15,SPY,stock,109.61,110.06,108.17,109.68,231681837,2010-07-15,2010-07-15,56.2642,81.9352,82.7479,83.1684
2010-07-14,SPY,stock,109.31,110.08,108.86,109.65,184330050,2010-07-14,2010-07-14,56.1717,81.7778,82.7410,83.1577
2010-07-13,SPY,stock,109.15,110.09,108.93,109.66,212543601,2010-07-13,2010-07-13,56.2085,81.6063,82.7343,83.1475
2010-07-12,SPY,stock,107.6,108.24,107.15,108.03,130961733,2010-07-12,2010-07-12,51.3877,81.4159,82.7275,83.1366
2010-07-09,SPY,stock,107.13,107.97,106.93,107.96,144930550,2010-07-09,2010-07-09,51.1733,81.3360,82.7330,83.1758
2010-07-08,SPY,stock,107,107.28,105.91,107.16,210678561,2010-07-08,2010-07-08,48.7764,81.2532,82.7392,83.2188
2010-07-07,SPY,stock,103.13,106.24,103.02,106.11,253429307,2010-07-07,2010-07-07,45.5169,81.2258,82.7515,83.2884
2010-07-06,SPY,stock,103.64,104.37,101.88,102.87,255782116,2010-07-06,2010-07-06,33.3676,81.2796,82.7720,83.3935
2010-07-02,SPY,stock,103.11,103.42,101.62,102.2,233291686,2010-07-02,2010-07-02,30.3869,81.5985,82.8174,83.6034
2010-07-01,SPY,stock,103.15,103.49,101.13,102.76,382651225,2010-07-01,2010-07-01,31.4798,82.0046,82.8684,83.8427
2010-06-30,SPY,stock,103.92,104.88,102.88,103.22,283318911,2010-06-30,2010-06-30,32.3678,82.4086,82.9157,84.0744
2010-06-29,SPY,stock,106.02,107.51,103.55,104.21,373318268,2010-06-29,2010-06-29,34.3015,82.8183,82.9599,84.3012
2010-06-28,SPY,stock,108.03,108.32,107.14,107.53,168908508,2010-06-28,2010-06-28,42.1411,83.1919,82.9970,84.5066
2010-06-25,SPY,stock,107.74,108.42,106.77,107.87,237712217,2010-06-25,2010-06-25,43.0774,83.3389,83.0091,84.6173
2010-06-24,SPY,stock,108.69,108.83,107.14,107.42,268265029,2010-06-24,2010-06-24,41.4795,83.4742,83.0187,84.7219
2010-06-23,SPY,stock,109.64,110.03,108.48,109.23,254527875,2010-06-23,2010-06-23,46.3376,83.6598,83.0318,84.8448
2010-06-22,SPY,stock,111.41,111.9,109.41,109.57,239055412,2010-06-22,2010-06-22,47.3040,83.7200,83.0313,84.9165
2010-06-21,SPY,stock,113.12,113.2,110.79,111.41,212852834,2010-06-21,2010-06-21,52.8420,83.7593,83.0281,84.9806
2010-06-18,SPY,stock,111.83,112.13,111.37,111.73,173821764,2010-06-18,2010-06-18,53.8603,83.6554,83.0108,84.9902
2010-06-17,SPY,stock,112.28,112.33,111.05,112.14,263055167,2010-06-17,2010-06-17,53.5467,83.5150,82.9909,84.9902
2010-06-16,SPY,stock,111.42,112.42,111.2,111.96,216095034,2010-06-16,2010-06-16,53.1076,83.3694,82.9718,84.9940
2010-06-15,SPY,stock,110.28,112.1,110.09,112,237669665,2010-06-15,2010-06-15,53.2114,83.2228,82.9538,85.0034
2010-06-14,SPY,stock,110.52,111.12,109.4,109.51,206968051,2010-06-14,2010-06-14,47.2517,83.0577,82.9353,85.0121
2010-06-11,SPY,stock,108.19,109.75,108.12,109.68,214061156,2010-06-11,2010-06-11,47.6363,83.0736,82.9356,85.0980
2010-06-10,SPY,stock,107.86,109.28,106.04,109.15,317694394,2010-06-10,2010-06-10,46.3725,83.0776,82.9346,85.1822
2010-06-09,SPY,stock,107.24,108.28,105.6,106.05,267756304,2010-06-09,2010-06-09,38.2819,83.1242,82.9376,85.2862
2010-06-08,SPY,stock,105.57,106.83,104.65,106.62,357532564,2010-06-08,2010-06-08,39.2940,83.4228,82.9642,85.4902
2010-06-07,SPY,stock,107.2,107.61,105.41,105.49,264299273,2010-06-07,2010-06-07,36.1882,83.7075,82.9868,85.6850
2010-06-04,SPY,stock,108.61,109.33,106.46,106.82,395563854,2010-06-04,2010-06-04,38.3315,84.1121,83.0182,85.9226
2010-06-03,SPY,stock,110.65,111.06,109.58,110.71,226453184,2010-06-03,2010-06-03,45.6793,84.4533,83.0398,86.1288
2010-06-02,SPY,stock,108.08,110.34,107.51,110.33,240010348,2010-06-02,2010-06-02,44.7181,84.5205,83.0320,86.2232
2010-06-01,SPY,stock,108.35,109.95,107.37,107.53,277410545,2010-06-01,2010-06-01,37.1027,84.6250,83.0270,86.3333
2010-05-28,SPY,stock,110.64,110.72,108.85,109.37,297534031,2010-05-28,2010-05-28,40.5078,84.9637,83.0433,86.5343
2010-05-27,SPY,stock,109.19,110.8,108.78,110.76,300394583,2010-05-27,2010-05-27,43.2949,85.1913,83.0457,86.6867
2010-05-26,SPY,stock,108.48,109.47,106.85,107.17,348931025,2010-05-26,2010-05-26,32.0887,85.3322,83.0376,86.8023
2010-05-25,SPY,stock,105.11,107.87,104.38,107.82,395832912,2010-05-25,2010-05-25,33.1915,85.7740,83.0567,87.0336
2010-05-24,SPY,stock,108.52,109.39,107.61,107.71,269079858,2010-05-24,2010-05-24,32.8287,86.2105,83.0711,87.2543
2010-05-21,SPY,stock,105.91,109.38,105.36,109.11,500625583,2010-05-21,2010-05-21,35.0798,86.7017,83.0864,87.4874
2010-05-20,SPY,stock,109.38,109.89,107.47,107.54,529155816,2010-05-20,2010-05-20,30.0877,87.1330,83.0913,87.6867
2010-05-19,SPY,stock,111.77,112.77,110.36,111.76,394353890,2010-05-19,2010-05-19,37.2339,87.7349,83.1081,87.9427
2010-05-18,SPY,stock,114.88,115.22,112.03,112.4,360122928,2010-05-18,2010-05-18,38.5224,88.0638,83.0930,88.0787
2010-05-17,SPY,stock,114.2,114.52,111.77,113.95,325702142,2010-05-17,2010-05-17,41.7733,88.3763,83.0729,88.2005
2010-05-14,SPY,stock,115.12,115.33,112.87,113.89,345536506,2010-05-14,2010-05-14,41.5962,88.5982,83.0408,88.2794
2010-05-13,SPY,stock,117.13,117.68,115.89,115.99,234328751,2010-05-13,2010-05-13,46.1608,88.8483,83.0088,88.3633
2010-05-12,SPY,stock,116.29,117.62,116.09,117.45,235346103,2010-05-12,2010-05-12,49.6804,88.9573,82.9605,88.3858
2010-05-11,SPY,stock,115.07,117.36,114.91,115.83,314227758,2010-05-11,2010-05-11,45.3903,88.9614,82.9007,88.3641
2010-05-10,SPY,stock,115.81,116.65,114.91,116.16,395942202,2010-05-10,2010-05-10,46.1343,89.0951,82.8525,88.3915
2010-05-07,SPY,stock,112.64,113.77,109.41,111.26,636806832,2010-05-07,2010-05-07,30.4066,89.2166,82.8014,88.4099
2010-05-06,SPY,stock,116.26,117,105,112.94,647356600,2010-05-06,2010-05-06,33.5228,89.7413,82.7870,88.5804
2010-05-05,SPY,stock,116.56,117.8,115.97,116.82,328745969,2010-05-05,2010-05-05,42.9659,90.1874,82.7597,88.7060
2010-05-04,SPY,stock,119.01,119.03,116.92,117.52,360072452,2010-05-04,2010-05-04,45.0939,90.3712,82.7026,88.7168
2010-05-03,SPY,stock,119.38,120.68,119.2,120.35,182672396,2010-05-03,2010-05-03,55.3934,90.5186,82.6396,88.7064
2010-04-30,SPY,stock,120.88,121.01,118.78,118.81,269859816,2010-04-30,2010-04-30,49.5737,90.4560,82.5544,88.6082
2010-04-29,SPY,stock,120.1,121.11,120.07,120.86,193598705,2010-04-29,2010-04-29,59.1056,90.5095,82.4801,88.5535
2010-04-28,SPY,stock,119.05,119.68,118.27,119.38,300539227,2010-04-28,2010-04-28,53.0543,90.4053,82.3895,88.4333
2010-04-27,SPY,stock,120.65,121.34,118.25,118.48,355560974,2010-04-27,2010-04-27,48.7740,90.4080,82.3092,88.3539
2010-04-26,SPY,stock,121.85,122.12,121.23,121.35,143347665,2010-04-26,2010-04-26,66.8118,90.4828,82.2349,88.2990
2010-04-23,SPY,stock,120.94,121.86,120.63,121.81,177262089,2010-04-23,2010-04-23,70.7034,90.3367,82.1381,88.1532
2010-04-22,SPY,stock,119.81,121.17,119.12,121.02,239108192,2010-04-22,2010-04-22,67.7035,90.1386,82.0368,87.9873
2010-04-21,SPY,stock,120.95,121.23,119.99,120.66,192782906,2010-04-21,2010-04-21,66.2407,89.9826,81.9405,87.8390
2010-04-20,SPY,stock,120.56,120.98,119.87,120.88,157457380,2010-04-20,2010-04-20,67.9881,89.8388,81.8459,87.6958
2010-04-19,SPY,stock,119.01,119.93,118.47,119.81,217625461,2010-04-19,2010-04-19,63.6585,89.6624,81.7487,87.5399
2010-04-16,SPY,stock,120.86,121.29,118.75,119.36,366379413,2010-04-16,2010-04-16,61.6319,89.5527,81.6587,87.4107
2010-04-15,SPY,stock,120.99,121.57,120.95,121.29,144514805,2010-04-15,2010-04-15,79.2265,89.4673,81.5712,87.2902
2010-04-14,SPY,stock,120.27,121.19,120.08,121.19,161608989,2010-04-14,2010-04-14,78.9372,89.2192,81.4682,87.1051
2010-04-13,SPY,stock,119.62,120.04,119,119.83,121901060,2010-04-13,2010-04-13,74.4424,88.9528,81.3648,86.9155
2010-04-12,SPY,stock,119.7,120.05,119.56,119.74,110200946,2010-04-12,2010-04-12,74.1028,88.7668,81.2708,86.7602
2010-04-09,SPY,stock,119.02,119.6,118.8,119.55,132701705,2010-04-09,2010-04-09,73.4102,88.5684,81.1765,86.6014
2010-04-08,SPY,stock,117.95,118.97,117.6,118.77,158495871,2010-04-08,2010-04-08,70.3916,88.3643,81.0828,86.4420
2010-04-07,SPY,stock,118.8,119.36,117.81,118.36,184432309,2010-04-07,2010-04-07,68.6547,88.2008,80.9940,86.3001
2010-04-06,SPY,stock,118.42,119.25,118.29,119.04,110194919,2010-04-06,2010-04-06,75.4731,88.0528,80.9074,86.1651
2010-04-05,SPY,stock,118.25,118.84,117.92,118.76,105621743,2010-04-05,2010-04-05,74.5050,87.8350,80.8148,86.0036
2010-04-01,SPY,stock,117.8,118.25,117.1,117.8,161083608,2010-04-01,2010-04-01,70.8406,87.6166,80.7234,85.8442
2010-03-31,SPY,stock,116.95,117.52,116.61,117,160932206,2010-03-31,2010-03-31,67.1917,87.4517,80.6384,85.7079
2010-03-30,SPY,stock,117.46,117.83,116.91,117.4,145681592,2010-03-30,2010-03-30,71.3363,87.3333,80.5586,85.5908
2010-03-29,SPY,stock,117.17,117.53,116.69,117.32,134431758,2010-03-29,2010-03-29,71.0042,87.1705,80.4750,85.4566
2010-03-26,SPY,stock,116.87,117.42,116.12,116.58,205625701,2010-03-26,2010-03-26,67.7991,86.9969,80.3911,85.3193
2010-03-25,SPY,stock,117.63,118.17,116.51,116.65,223197727,2010-03-25,2010-03-25,68.4638,86.8640,80.3120,85.1993
2010-03-24,SPY,stock,116.97,117.43,115.58,116.84,196061714,2010-03-24,2010-03-24,70.1985,86.7115,80.2316,85.0722
2010-03-23,SPY,stock,116.76,117.51,116.38,117.41,182625254,2010-03-23,2010-03-23,75.5295,86.5279,80.1490,84.9341
2010-03-22,SPY,stock,115.31,116.8,115.24,116.59,184083906,2010-03-22,2010-03-22,72.7668,86.2795,80.0611,84.7728
2010-03-19,SPY,stock,115.97,117.29,115.52,115.97,226519190,2010-03-19,2010-03-19,70.4223,86.0703,79.9787,84.6301
2010-03-18,SPY,stock,117.11,117.27,116.57,117.04,170817,2010-03-18,2010-03-18,76.1907,85.8885,79.9001,84.5009
2010-03-17,SPY,stock,116.76,117.48,116.42,117.1,177203017,2010-03-17,2010-03-17,76.7850,85.6407,79.8162,84.3482
2010-03-16,SPY,stock,115.81,116.52,115.49,116.41,168561421,2010-03-16,2010-03-16,74.6756,85.3621,79.7311,84.1874
2010-03-15,SPY,stock,115.26,115.57,114.6,115.49,146532076,2010-03-15,2010-03-15,71.4654,85.1090,79.6503,84.0413
2010-03-12,SPY,stock,115.95,115.97,115.14,115.46,161925254,2010-03-12,2010-03-12,71.3555,84.9022,79.5757,83.9175
2010-03-11,SPY,stock,114.7,115.48,114.35,115.45,160381449,2010-03-11,2010-03-11,71.3213,84.6760,79.5006,83.7896
2010-03-10,SPY,stock,114.51,115.28,114.41,114.97,185854165,2010-03-10,2010-03-10,69.7092,84.4269,79.4248,83.6568
2010-03-09,SPY,stock,113.93,114.99,113.87,114.46,154378793,2010-03-09,2010-03-09,67.9307,84.1896,79.3519,83.5334
2010-03-08,SPY,stock,114.26,114.52,114.07,114.27,114525089,2010-03-08,2010-03-08,67.2658,83.9677,79.2821,83.4206
2010-03-05,SPY,stock,113.37,114.34,113.1,114.25,176047042,2010-03-05,2010-03-05,67.1993,83.7376,79.2130,83.3090
2010-03-04,SPY,stock,112.45,112.8,112.03,112.64,135526954,2010-03-04,2010-03-04,61.3295,83.4849,79.1434,83.1935
2010-03-03,SPY,stock,112.49,112.97,112.02,112.3,150552463,2010-03-03,2010-03-03,59.9232,83.3334,79.0853,83.1229
2010-03-02,SPY,stock,112.37,112.74,112,112.2,160920705,2010-03-02,2010-03-02,59.5211,83.1928,79.0292,83.0598
2010-03-01,SPY,stock,111.2,112,111.17,111.89,147507319,2010-03-01,2010-03-01,58.3174,83.0455,78.9733,82.9972
2010-02-26,SPY,stock,110.77,111.12,110.11,110.74,173425228,2010-02-26,2010-02-26,53.5603,82.9072,78.9192,82.9416
2010-02-25,SPY,stock,109.24,110.75,108.94,110.67,259023227,2010-02-25,2010-02-25,53.2588,82.8456,78.8732,82.9192
2010-02-24,SPY,stock,110.14,111,109.86,110.82,176170766,2010-02-24,2010-02-24,53.9558,82.7831,78.8273,82.8979
2010-02-23,SPY,stock,110.86,111.2,109.52,109.81,206922860,2010-02-23,2010-02-23,49.8523,82.7021,78.7798,82.8712
2010-02-22,SPY,stock,111.55,111.58,110.83,111.16,132148949,2010-02-22,2010-02-22,56.0525,82.6928,78.7395,82.8745
2010-02-19,SPY,stock,110.62,111.57,110.36,111.14,215567204,2010-02-19,2010-02-19,55.9772,82.5753,78.6885,82.8363
2010-02-18,SPY,stock,110.08,111.14,110.04,110.91,192806015,2010-02-18,2010-02-18,55.1565,82.4470,78.6372,82.7973
2010-02-17,SPY,stock,110.27,110.41,109.74,110.26,168609976,2010-02-17,2010-02-17,52.8497,82.3235,78.5872,82.7637
2010-02-16,SPY,stock,108.86,109.85,107.82,109.74,159025359,2010-02-16,2010-02-16,50.9764,82.2386,78.5415,82.7487
2010-02-12,SPY,stock,106.99,108.1,106.51,108.04,304335521,2010-02-12,2010-02-12,44.2527,82.1860,78.4993,82.7491
2010-02-11,SPY,stock,106.87,108.25,106.25,108.13,223348428,2010-02-11,2010-02-11,44.5530,82.2628,78.4696,82.8019
2010-02-10,SPY,stock,107.05,107.6,106.11,107.01,240337447,2010-02-10,2010-02-10,39.8335,82.3405,78.4389,82.8541
2010-02-09,SPY,stock,107.13,108.15,106.27,107.22,337698759,2010-02-09,2010-02-09,40.4327,82.5153,78.4164,82.9428
2010-02-08,SPY,stock,106.74,107.33,105.81,105.89,223943088,2010-02-08,2010-02-08,34.6517,82.6918,78.3920,83.0287
2010-02-05,SPY,stock,106.56,106.88,104.58,106.66,493483874,2010-02-05,2010-02-05,36.5591,82.9925,78.3775,83.1590
2010-02-04,SPY,stock,108.98,109.03,106.42,106.44,356204273,2010-02-04,2010-02-04,35.6189,83.2637,78.3570,83.2710
2010-02-03,SPY,stock,109.88,110.48,109.51,109.83,172541928,2010-02-03,2010-02-03,45.2049,83.5809,78.3380,83.3943
2010-02-02,SPY,stock,109.26,110.59,108.88,110.38,216202000,2010-02-02,2010-02-02,47.1152,83.6625,78.2931,83.4183
2010-02-01,SPY,stock,108.15,109.07,107.5,109.06,187376305,2010-02-01,2010-02-01,41.6169,83.7090,78.2436,83.4263
2010-01-29,SPY,stock,109.04,109.8,107.22,107.39,310523229,2010-01-29,2010-01-29,33.4940,83.8652,78.2036,83.4754
2010-01-28,SPY,stock,110.19,110.25,107.91,108.57,315523641,2010-01-28,2010-01-28,36.8587,84.1703,78.1758,83.5778
2010-01-27,SPY,stock,109.17,110.08,108.33,109.83,271482263,2010-01-27,2010-01-27,40.9361,84.4139,78.1388,83.6480
2010-01-26,SPY,stock,109.34,110.47,109.04,109.31,210788669,2010-01-26,2010-01-26,38.3214,84.5831,78.0919,83.6824
2010-01-25,SPY,stock,110.21,110.41,109.41,109.77,186751367,2010-01-25,2010-01-25,39.7675,84.8115,78.0485,83.7342
2010-01-22,SPY,stock,111.2,111.74,109.09,109.21,345627282,2010-01-22,2010-01-22,37.0835,85.0273,78.0011,83.7739
2010-01-21,SPY,stock,113.92,114.27,111.56,111.7,344747028,2010-01-21,2010-01-21,45.4445,85.3103,77.9575,83.8325
2010-01-20,SPY,stock,114.28,114.45,112.98,113.89,216330645,2010-01-20,2010-01-20,55.7009,85.4255,77.8946,83.8168
2010-01-19,SPY,stock,113.62,115.13,113.59,115.06,138671890,2010-01-19,2010-01-19,62.7236,85.3791,77.8145,83.7332
2010-01-15,SPY,stock,114.73,114.84,113.2,113.64,212252769,2010-01-15,2010-01-15,56.5498,85.2348,77.7247,83.6101
2010-01-14,SPY,stock,114.49,115.14,114.42,114.93,115646960,2010-01-14,2010-01-14,65.7336,85.1881,77.6448,83.5256
2010-01-13,SPY,stock,113.95,114.94,113.37,114.62,161730350,2010-01-13,2010-01-13,64.4451,85.0341,77.5542,83.3980
2010-01-12,SPY,stock,113.97,114.21,113.22,113.66,166498092,2010-01-12,2010-01-12,60.1346,84.8885,77.4652,83.2748
2010-01-11,SPY,stock,115.08,115.13,114.24,114.73,105905179,2010-01-11,2010-01-11,68.7626,84.8037,77.3825,83.1761
2010-01-08,SPY,stock,113.89,114.62,113.66,114.57,126357911,2010-01-08,2010-01-08,68.1276,84.6251,77.2908,83.0404
2010-01-07,SPY,stock,113.5,114.33,113.18,114.19,130502017,2010-01-07,2010-01-07,66.6317,84.4404,77.1995,82.9041
2010-01-06,SPY,stock,113.52,113.99,113.43,113.71,116017127,2010-01-06,2010-01-06,64.6879,84.2665,77.1101,82.7739
2010-01-05,SPY,stock,113.26,113.68,112.85,113.63,111519230,2010-01-05,2010-01-05,64.3666,84.1123,77.0234,82.6532
2010-01-04,SPY,stock,112.37,113.39,111.51,113.33,118857369,2010-01-04,2010-01-04,63.2008,83.9482,76.9365,82.5300
2009-12-31,SPY,stock,112.77,112.8,111.39,111.44,90153924,2009-12-31,2009-12-31,54.4908,83.7906,76.8510,82.4110
2009-12-30,SPY,stock,112.23,112.65,112.17,112.52,72969976,2009-12-30,2009-12-30,62.3173,83.7665,76.7790,82.3454
2009-12-29,SPY,stock,113.01,113.03,112.55,112.56,80506177,2009-12-29,2009-12-29,62.6266,83.6541,76.6980,82.2438
2009-12-28,SPY,stock,112.9,112.99,112.32,112.72,87374107,2009-12-28,2009-12-28,63.8030,83.5267,76.6159,82.1368
2009-12-24,SPY,stock,112.19,112.6,112,112.48,39677470,2009-12-24,2009-12-24,62.8305,83.3732,76.5318,82.0206
2009-12-23,SPY,stock,112,112.11,111.5,111.95,111740397,2009-12-23,2009-12-23,60.6633,83.2226,76.4487,81.9070
2009-12-22,SPY,stock,111.57,111.97,111.43,111.73,91672192,2009-12-22,2009-12-22,59.7590,83.0982,76.3687,81.8050
2009-12-21,SPY,stock,110.76,111.7,110.76,111.33,117939912,2009-12-21,2009-12-21,58.1339,82.9781,76.2896,81.7057
2009-12-18,SPY,stock,110.2,110.3,109.28,110.21,172641677,2009-12-18,2009-12-18,53.2226,82.8772,76.2128,81.6146
2009-12-17,SPY,stock,110.72,110.93,110.08,110.18,183277623,2009-12-17,2009-12-17,50.2369,82.8545,76.1436,81.5543
2009-12-16,SPY,stock,111.8,112.13,111.27,111.52,155069441,2009-12-16,2009-12-16,57.6150,82.8784,76.0785,81.5105
2009-12-15,SPY,stock,111.46,111.92,111,111.35,120349844,2009-12-15,2009-12-15,56.8687,82.7991,76.0026,81.4239
2009-12-14,SPY,stock,111.87,112,111.13,111.87,106654631,2009-12-14,2009-12-14,59.8623,82.7248,75.9272,81.3390
2009-12-11,SPY,stock,111.11,111.36,110.61,111.11,124798122,2009-12-11,2009-12-11,56.7743,82.6016,75.8471,81.2346
2009-12-10,SPY,stock,110.7,111.12,110.45,110.64,137957786,2009-12-10,2009-12-10,54.7763,82.5255,75.7719,81.1493
2009-12-09,SPY,stock,109.58,110.18,109.02,110.02,154961652,2009-12-09,2009-12-09,52.0621,82.4784,75.6996,81.0749
2009-12-08,SPY,stock,110.04,110.77,109.27,109.61,169715623,2009-12-08,2009-12-08,50.2279,82.4754,75.6311,81.0164
2009-12-07,SPY,stock,110.91,111.53,110.49,110.84,127766350,2009-12-07,2009-12-07,56.2204,82.5044,75.5651,80.9681
2009-12-04,SPY,stock,111.84,112.38,110.04,111.01,274875662,2009-12-04,2009-12-04,57.0947,82.4393,75.4892,80.8802
2009-12-03,SPY,stock,111.55,112.18,110.29,110.38,167038303,2009-12-03,2009-12-03,54.6690,82.3540,75.4112,80.7835
2009-12-02,SPY,stock,111.28,112.01,110.92,111.25,131843464,2009-12-02,2009-12-02,58.9421,82.3094,75.3371,80.7021
2009-12-01,SPY,stock,110.92,111.66,110.73,111.3,159532424,2009-12-01,2009-12-01,59.1890,82.1915,75.2558,80.5908
2009-11-30,SPY,stock,109.48,110.2,108.12,109.94,160662425,2009-11-30,2009-11-30,54.3605,82.0571,75.1733,80.4733
2009-11-27,SPY,stock,108.4,110.32,108.29,109.57,126001795,2009-11-27,2009-11-27,52.9544,82.0161,75.1002,80.3928
2009-11-25,SPY,stock,111.17,111.5,110.82,111.38,109564770,2009-11-25,2009-11-25,61.5714,81.9999,75.0291,80.3202
2009-11-24,SPY,stock,111,111.2,110.01,110.99,138293830,2009-11-24,2009-11-24,60.2782,81.8391,74.9437,80.1893
2009-11-23,SPY,stock,110.72,111.74,110.6,110.82,147903660,2009-11-23,2009-11-23,59.7296,81.6921,74.8604,80.0650
2009-11-20,SPY,stock,109.25,109.76,109.01,109.43,134167825,2009-11-20,2009-11-20,55.0127,81.5432,74.7775,79.9408
2009-11-19,SPY,stock,110.51,111.31,109.13,109.82,208639978,2009-11-19,2009-11-19,56.7443,81.4882,74.7043,79.8541
2009-11-18,SPY,stock,111.26,111.43,110.57,111.27,156306393,2009-11-18,2009-11-18,63.6627,81.3967,74.6273,79.7520
2009-11-17,SPY,stock,110.92,111.39,110.5,111.34,146909664,2009-11-17,2009-11-17,64.0125,81.1811,74.5387,79.6012
2009-11-16,SPY,stock,110.38,111.69,110.32,111.21,210844976,2009-11-16,2009-11-16,63.6682,80.9373,74.4487,79.4422
2009-11-13,SPY,stock,109.31,110.09,108.75,109.62,150936223,2009-11-13,2009-11-13,59.2391,80.6781,74.3587,79.2807
2009-11-12,SPY,stock,110,110.57,108.75,109.03,157056118,2009-11-12,2009-11-12,57.4519,80.5171,74.2798,79.1612
2009-11-11,SPY,stock,110.31,110.82,109.62,110.15,169316202,2009-11-11,2009-11-11,62.2642,80.3857,74.2046,79.0549
2009-11-10,SPY,stock,109.31,109.93,108.97,109.59,171641411,2009-11-10,2009-11-10,60.7373,80.1521,74.1202,78.9100
2009-11-09,SPY,stock,107.95,109.63,107.87,109.57,159329968,2009-11-09,2009-11-09,60.6846,79.9381,74.0391,78.7763
2009-11-06,SPY,stock,106.26,107.4,106.05,107.13,170909597,2009-11-06,2009-11-06,53.6254,79.7032,73.9574,78.6378
2009-11-05,SPY,stock,105.66,106.88,105.44,106.85,179810733,2009-11-05,2009-11-05,52.7208,79.6361,73.8933,78.5683
2009-11-04,SPY,stock,105.51,106.33,104.65,104.92,247439191,2009-11-04,2009-11-04,45.9761,79.5841,73.8306,78.5046
2009-11-03,SPY,stock,103.74,104.8,103.54,104.65,228290890,2009-11-03,2009-11-03,44.9560,79.6790,73.7818,78.4973
2009-11-02,SPY,stock,104.13,105.41,103.08,104.32,254151475,2009-11-02,2009-11-02,43.7506,79.8052,73.7346,78.4980
2009-10-30,SPY,stock,106.3,106.62,103.44,103.56,325534258,2009-10-30,2009-10-30,40.9870,79.9707,73.6894,78.5088
2009-10-29,SPY,stock,105.19,106.86,104.94,106.65,198013284,2009-10-29,2009-10-29,50.3210,80.2136,73.6494,78.5434
2009-10-28,SPY,stock,106.15,106.48,104.35,104.41,248531297,2009-10-28,2009-10-28,41.3268,80.2382,73.5858,78.4847
2009-10-27,SPY,stock,107.03,107.39,106.16,106.42,252540139,2009-10-27,2009-10-27,48.6686,80.4422,73.5384,78.4922
2009-10-26,SPY,stock,108.2,109.31,106.61,106.91,241662450,2009-10-26,2009-10-26,50.7079,80.5090,73.4754,78.4385
2009-10-23,SPY,stock,109.69,109.76,107.63,108.08,239925670,2009-10-23,2009-10-23,55.9011,80.5441,73.4081,78.3677
2009-10-22,SPY,stock,108.19,109.68,107.5,109.33,238188816,2009-10-22,2009-10-22,62.2232,80.4906,73.3313,78.2581
2009-10-21,SPY,stock,109.04,110.31,108.15,108.23,225309382,2009-10-21,2009-10-21,58.3766,80.3327,73.2442,78.1057
2009-10-20,SPY,stock,109.95,109.99,108.68,109.21,180823274,2009-10-20,2009-10-20,63.7464,80.2451,73.1646,77.9809
2009-10-19,SPY,stock,109.07,110.13,108.73,109.79,159347056,2009-10-19,2009-10-19,67.1404,80.0709,73.0768,77.8209
2009-10-16,SPY,stock,108.8,109.27,108.23,108.89,192006233,2009-10-16,2009-10-16,64.4100,79.8326,72.9838,77.6367
2009-10-15,SPY,stock,108.78,109.71,108.73,109.71,173793776,2009-10-15,2009-10-15,69.2803,79.6402,72.8966,77.4724
2009-10-14,SPY,stock,108.72,109.42,107.42,109.31,191341839,2009-10-14,2009-10-14,68.1908,79.3629,72.8023,77.2764
2009-10-13,SPY,stock,107.39,107.71,106.76,107.46,157418511,2009-10-13,2009-10-13,62.4756,79.0879,72.7102,77.0846
2009-10-12,SPY,stock,107.76,108.09,107.28,107.68,117910827,2009-10-12,2009-10-12,63.7402,78.9301,72.6310,76.9416
2009-10-09,SPY,stock,106.64,107.26,106.36,107.26,134971477,2009-10-09,2009-10-09,62.3907,78.7382,72.5494,76.7861
2009-10-08,SPY,stock,106.55,107.17,105.85,106.61,183181713,2009-10-08,2009-10-08,60.2654,78.5593,72.4701,76.6371
2009-10-07,SPY,stock,105.27,105.91,105.07,105.8,158928504,2009-10-07,2009-10-07,57.4854,78.4129,72.3949,76.5018
2009-10-06,SPY,stock,104.77,106.11,104.71,105.51,202430282,2009-10-06,2009-10-06,56.4730,78.3150,72.3251,76.3859
2009-10-05,SPY,stock,102.9,104.32,102.6,104.02,149790746,2009-10-05,2009-10-05,50.8940,78.2298,72.2567,76.2741
2009-10-02,SPY,stock,102.02,103.1,101.99,102.49,224706451,2009-10-02,2009-10-02,44.0570,78.2531,72.1989,76.2033
2009-10-01,SPY,stock,103,105.73,102.95,102.97,281762734,2009-10-01,2009-10-01,45.9195,78.3997,72.1521,76.1765
2009-09-30,SPY,stock,106.36,106.46,104.62,105.59,254033114,2009-09-30,2009-09-30,58.4415,78.5238,72.1011,76.1338
2009-09-29,SPY,stock,106.51,107.02,105.78,106,133557970,2009-09-29,2009-09-29,60.8529,78.4542,72.0299,76.0093
2009-09-28,SPY,stock,104.85,106.55,104.83,106.32,118163102,2009-09-28,2009-09-28,62.7287,78.3449,71.9549,75.8671
2009-09-25,SPY,stock,104.78,105.36,104.09,104.45,204011044,2009-09-25,2009-09-25,55.2422,78.1988,71.8768,75.7093
2009-09-24,SPY,stock,106.41,106.64,104.55,105.01,228505460,2009-09-24,2009-09-24,58.5103,78.1849,71.8119,75.6024
2009-09-23,SPY,stock,107.32,108.03,105.99,106.18,225779284,2009-09-23,2009-09-23,66.0963,78.1254,71.7422,75.4739
2009-09-22,SPY,stock,107.08,107.37,106.6,107.07,142758309,2009-09-22,2009-09-22,72.7597,77.9673,71.6629,75.3043
2009-09-21,SPY,stock,105.89,107,105.66,106.45,151779803,2009-09-21,2009-09-21,70.8594,77.7223,71.5762,75.1006
2009-09-18,SPY,stock,107.15,107.16,106.36,106.72,153772521,2009-09-18,2009-09-18,72.9164,77.5004,71.4932,74.9076
2009-09-17,SPY,stock,107.17,108.06,106.57,107.16,229170848,2009-09-17,2009-09-17,72.7312,77.2338,71.4074,74.6984
2009-09-16,SPY,stock,106.1,107.34,105.73,107.32,206052265,2009-09-16,2009-09-16,73.8286,76.9445,71.3212,74.4827
2009-09-15,SPY,stock,105.45,106.11,104.76,105.72,196641230,2009-09-15,2009-09-15,69.5646,76.6123,71.2330,74.2534
2009-09-14,SPY,stock,103.88,105.46,103.15,105.28,149475433,2009-09-14,2009-09-14,68.2434,76.3707,71.1559,74.0635
2009-09-11,SPY,stock,104.99,105.3,104.28,104.77,152271892,2009-09-11,2009-09-11,66.6869,76.1383,71.0813,73.8792
2009-09-10,SPY,stock,103.8,104.86,103.22,104.79,162734139,2009-09-10,2009-09-10,66.8061,75.9215,71.0097,73.7029
2009-09-09,SPY,stock,103.12,104.08,102.8,103.73,154517727,2009-09-09,2009-09-09,63.6035,75.6804,70.9373,73.5188
2009-09-08,SPY,stock,103,103.05,102.39,102.94,132787933,2009-09-08,2009-09-08,60.9994,75.4971,70.8722,73.3595
2009-09-04,SPY,stock,100.85,102.09,100.55,102.06,142610925,2009-09-04,2009-09-04,57.8824,75.3566,70.8123,73.2178
2009-09-03,SPY,stock,100.4,100.77,99.59,100.65,143353943,2009-09-03,2009-09-03,52.1984,75.2704,70.7584,73.0971
2009-09-02,SPY,stock,99.78,100.44,99.57,99.82,171595734,2009-09-02,2009-09-02,48.3914,75.2859,70.7145,73.0144
2009-09-01,SPY,stock,101.95,103.24,99.99,100.2,321139674,2009-09-01,2009-09-01,50.0873,75.3683,70.6764,72.9536
2009-08-31,SPY,stock,102.37,102.58,101.79,102.46,175920166,2009-08-31,2009-08-31,62.1074,75.4295,70.6351,72.8788
2009-08-28,SPY,stock,104.23,104.35,102.67,103.38,146968559,2009-08-28,2009-08-28,68.3035,75.3196,70.5764,72.7321
2009-08-27,SPY,stock,103.11,103.72,101.94,103.4,195919237,2009-08-27,2009-08-27,68.4413,75.1258,70.5103,72.5513
2009-08-26,SPY,stock,102.84,103.64,102.49,103.17,194362184,2009-08-26,2009-08-26,67.7463,74.9101,70.4433,72.3626
2009-08-25,SPY,stock,103.37,104.26,102.94,103.16,214741611,2009-08-25,2009-08-25,67.7176,74.6897,70.3774,72.1732
2009-08-24,SPY,stock,103.39,103.95,102.59,102.96,191086298,2009-08-24,2009-08-24,67.1751,74.4469,70.3108,71.9763
2009-08-21,SPY,stock,101.82,103.13,101.62,102.97,224481712,2009-08-21,2009-08-21,67.2275,74.1943,70.2451,71.7775
2009-08-20,SPY,stock,100.09,101.22,99.87,100.99,174019754,2009-08-20,2009-08-20,61.7339,73.9142,70.1787,71.5703
2009-08-19,SPY,stock,98.31,100.3,98.21,99.96,192322758,2009-08-19,2009-08-19,58.3624,73.7603,70.1265,71.4149
2009-08-18,SPY,stock,98.53,99.44,98.35,99.09,173394808,2009-08-18,2009-08-18,55.2715,73.6711,70.0814,71.2846
2009-08-17,SPY,stock,98.85,98.95,98.11,98.31,237606971,2009-08-17,2009-08-17,52.3252,73.6409,70.0425,71.1755
2009-08-14,SPY,stock,101.52,101.6,99.7,100.79,199609230,2009-08-14,2009-08-14,64.9581,73.6687,70.0090,71.0857
2009-08-13,SPY,stock,101.26,101.61,100.26,101.57,176348696,2009-08-13,2009-08-13,69.8858,73.5047,69.9565,70.9166
2009-08-12,SPY,stock,99.56,101.56,99.51,100.8,218768068,2009-08-12,2009-08-12,67.6353,73.2620,69.8977,70.7169
2009-08-11,SPY,stock,100.54,100.61,99.46,99.73,157253326,2009-08-11,2009-08-11,64.1811,73.0544,69.8441,70.5325
2009-08-10,SPY,stock,100.74,101.22,100.27,100.99,130710051,2009-08-10,2009-08-10,72.6606,72.9089,69.7979,70.3732
2009-08-07,SPY,stock,100.94,102.03,100.39,101.2,220633441,2009-08-07,2009-08-07,74.1773,72.6492,69.7418,70.1690
2009-08-06,SPY,stock,100.87,101.02,99.42,99.89,193088720,2009-08-06,2009-08-06,70.6256,72.3456,69.6836,69.9500
2009-08-05,SPY,stock,100.77,100.86,99.58,100.41,184659827,2009-08-05,2009-08-05,74.3974,72.1130,69.6347,69.7620
2009-08-04,SPY,stock,99.99,100.84,99.78,100.7,176580411,2009-08-04,2009-08-04,76.5134,71.8150,69.5813,69.5505
2009-08-03,SPY,stock,99.85,100.53,99.31,100.44,175643135,2009-08-03,2009-08-03,75.9438,71.4629,69.5253,69.3216
2009-07-31,SPY,stock,98.65,99.47,98.38,98.81,207358000,2009-07-31,2009-07-31,71.9890,71.0942,69.4706,69.0912
2009-07-30,SPY,stock,98.83,99.83,98.6,98.67,225575400,2009-07-30,2009-07-30,71.6168,70.8146,69.4276,68.9010
2009-07-29,SPY,stock,97.44,98.09,96.98,97.65,194399300,2009-07-29,2009-07-29,68.8138,70.5167,69.3852,68.7074
2009-07-28,SPY,stock,97.66,98.37,97.06,97.89,186685200,2009-07-28,2009-07-28,70.3313,70.2676,69.3500,68.5369
2009-07-27,SPY,stock,97.88,98.4,97.34,98.35,159259400,2009-07-27,2009-07-27,73.2046,69.9733,69.3127,68.3522
2009-07-24,SPY,stock,97.2,98.14,96.69,98.06,154003100,2009-07-24,2009-07-24,72.5480,69.6120,69.2716,68.1459
2009-07-23,SPY,stock,95.61,98.08,95.53,97.66,258795500,2009-07-23,2009-07-23,71.6587,69.2354,69.2322,67.9401
2009-07-22,SPY,stock,94.96,96.13,94.89,95.55,196068100,2009-07-22,2009-07-22,66.3127,68.8506,69.1954,67.7380
2009-07-21,SPY,stock,95.87,95.9,94.42,95.57,217718300,2009-07-21,2009-07-21,66.4230,68.5910,69.1741,67.5919
2009-07-20,SPY,stock,94.68,95.29,94.19,95.13,164179400,2009-07-20,2009-07-20,65.2422,68.3026,69.1524,67.4393
2009-07-17,SPY,stock,94.06,94.32,93.54,94.13,138561700,2009-07-17,2009-07-17,62.4558,68.0183,69.1338,67.2939
2009-07-16,SPY,stock,93,94.51,92.82,93.11,231174500,2009-07-16,2009-07-16,59.3709,67.7828,69.1225,67.1729
2009-07-15,SPY,stock,91.81,93.51,90.68,93.26,220877900,2009-07-15,2009-07-15,60.0447,67.6025,69.1188,67.0782
2009-07-14,SPY,stock,90.38,90.69,89.73,90.61,181487400,2009-07-14,2009-07-14,50.9055,67.3915,69.1139,66.9749
2009-07-13,SPY,stock,88.31,90.17,87.59,90.1,217413500,2009-07-13,2009-07-13,48.8132,67.3665,69.1288,66.9482
2009-07-10,SPY,stock,87.7,88.49,87.35,87.96,173520300,2009-07-10,2009-07-10,38.6208,67.3789,69.1477,66.9360
2009-07-09,SPY,stock,88.61,88.9,87.91,88.17,163777600,2009-07-09,2009-07-09,39.3345,67.5608,69.1828,66.9884
2009-07-08,SPY,stock,88.59,88.8,87,88,248050500,2009-07-08,2009-07-08,38.4799,67.7453,69.2168,67.0366
2009-07-07,SPY,stock,89.71,89.82,88,88.06,197088900,2009-07-07,2009-07-07,38.6584,67.9625,69.2523,67.0919
2009-07-06,SPY,stock,88.94,89.93,88.66,89.8,174499600,2009-07-06,2009-07-06,44.1758,68.1980,69.2877,67.1477
2009-07-02,SPY,stock,91.13,92.36,89.76,89.81,212309900,2009-07-02,2009-07-02,44.2095,68.3215,69.3105,67.1527
2009-07-01,SPY,stock,92.34,93.23,92.21,92.33,173041100,2009-07-01,2009-07-01,53.8066,68.4572,69.3334,67.1576
2009-06-30,SPY,stock,92.72,93.06,91.27,91.95,228888200,2009-06-30,2009-06-30,52.3584,68.4092,69.3376,67.0860
2009-06-29,SPY,stock,92.11,92.82,91.6,92.7,168481300,2009-06-29,2009-06-29,55.5500,68.3861,69.3447,67.0230
2009-06-26,SPY,stock,91.77,92.24,91.27,91.84,167579000,2009-06-26,2009-06-26,52.4648,68.3015,69.3463,66.9346
2009-06-25,SPY,stock,89.67,92.17,89.57,92.08,279411000,2009-06-25,2009-06-25,53.4258,68.2757,69.3543,66.8688
2009-06-24,SPY,stock,90.16,91.08,89.6,90.12,211577700,2009-06-24,2009-06-24,45.9134,68.2283,69.3606,66.7929
2009-06-23,SPY,stock,89.47,89.88,88.85,89.35,188309800,2009-06-23,2009-06-23,42.5318,68.3298,69.3817,66.7737
2009-06-22,SPY,stock,91.14,91.19,89.25,89.28,251913600,2009-06-22,2009-06-22,42.2269,68.5026,69.4088,66.7772
2009-06-19,SPY,stock,92.58,92.7,91.52,92.04,215655600,2009-06-19,2009-06-19,52.4072,68.6990,69.4366,66.7829
2009-06-18,SPY,stock,91.69,92.67,91.25,92.22,211725100,2009-06-18,2009-06-18,51.0726,68.6992,69.4441,66.7048
2009-06-17,SPY,stock,91.6,92.33,90.83,91.55,223445200,2009-06-17,2009-06-17,48.4113,68.7260,69.4541,66.6338
2009-06-16,SPY,stock,93.23,93.29,91.58,91.64,227319000,2009-06-16,2009-06-16,48.7420,68.8078,69.4692,66.5801
2009-06-15,SPY,stock,93.96,94.02,92.4,92.9,224190500,2009-06-15,2009-06-15,53.4922,68.8913,69.4839,66.5216
2009-06-12,SPY,stock,94.4,95.14,94,95.08,184361800,2009-06-12,2009-06-12,63.4223,68.8851,69.4892,66.4224
2009-06-11,SPY,stock,94.58,96.11,94.56,94.82,275414200,2009-06-11,2009-06-11,62.6545,68.7079,69.4784,66.2532
2009-06-10,SPY,stock,95.48,95.49,93.19,94.4,296100400,2009-06-10,2009-06-10,61.4405,68.5324,69.4694,66.0850
2009-06-09,SPY,stock,94.69,95.14,94.02,94.64,225125500,2009-06-09,2009-06-09,62.5189,68.3712,69.4634,65.9226
2009-06-08,SPY,stock,93.84,95.1,93.04,94.16,238565100,2009-06-08,2009-06-08,61.2560,68.1744,69.4556,65.7463
2009-06-05,SPY,stock,95.49,95.67,93.8,94.55,284257900,2009-06-05,2009-06-05,62.8538,67.9943,69.4513,65.5774
2009-06-04,SPY,stock,94,94.67,93.3,94.53,210102300,2009-06-04,2009-06-04,62.8076,67.7647,69.4440,65.3897
2009-06-03,SPY,stock,94.04,94.13,92.76,93.65,235310500,2009-06-03,2009-06-03,60.8166,67.5126,69.4368,65.1950
2009-06-02,SPY,stock,94.4,95.37,94.23,94.85,230874500,2009-06-02,2009-06-02,65.2389,67.3027,69.4361,65.0190
2009-06-01,SPY,stock,93.67,95.17,93.43,94.77,276246800,2009-06-01,2009-06-01,65.0817,66.9769,69.4264,64.7995
2009-05-29,SPY,stock,91.42,93.7,90.68,92.53,258641500,2009-05-29,2009-05-29,60.4295,66.6231,69.4173,64.5734
2009-05-28,SPY,stock,90.46,91.34,89.1,90.92,289095000,2009-05-28,2009-05-28,56.5675,66.4070,69.4247,64.4060
2009-05-27,SPY,stock,91.44,91.75,89.53,89.67,246015800,2009-05-27,2009-05-27,53.2801,66.2940,69.4443,64.2805
2009-05-26,SPY,stock,88.36,91.56,88.32,91.3,236318500,2009-05-26,2009-05-26,58.6558,66.2668,69.4733,64.1878
2009-05-22,SPY,stock,89.46,90,88.68,89.02,166811900,2009-05-22,2009-05-22,52.4206,66.1093,69.4905,64.0418
2009-05-21,SPY,stock,89.46,89.8,88.26,89.21,258988400,2009-05-21,2009-05-21,53.0396,66.1134,69.5249,63.9590
2009-05-20,SPY,stock,91.95,92.8,90.41,90.51,285722200,2009-05-20,2009-05-20,57.3413,66.1031,69.5582,63.8671
2009-05-19,SPY,stock,91.18,91.97,90.81,91.12,206102200,2009-05-19,2009-05-19,59.4419,65.9901,69.5821,63.7320
2009-05-18,SPY,stock,89.55,91.34,88.57,91.23,241447400,2009-05-18,2009-05-18,59.8087,65.8176,69.6017,63.5730
2009-05-15,SPY,stock,89.37,90,88.15,88.71,271502700,2009-05-15,2009-05-15,53.7344,65.6183,69.6208,63.4041
2009-05-14,SPY,stock,88.72,90.12,88.5,89.44,260098700,2009-05-14,2009-05-14,56.0115,65.5950,69.6587,63.3046
2009-05-13,SPY,stock,89.74,90.01,88.5,88.68,269619100,2009-05-13,2009-05-13,54.1324,65.5121,69.6917,63.1790
2009-05-12,SPY,stock,91.63,91.83,89.85,90.97,282431300,2009-05-12,2009-05-12,61.4806,65.4799,69.7306,63.0713
2009-05-11,SPY,stock,91.7,92.11,91.04,91.24,247923600,2009-05-11,2009-05-11,62.4080,65.2654,69.7528,62.8898
2009-05-08,SPY,stock,92.03,93.22,91.44,92.98,299081700,2009-05-08,2009-05-08,68.6010,65.0072,69.7733,62.6927
2009-05-07,SPY,stock,93.01,93.15,90.28,90.86,317728000,2009-05-07,2009-05-07,64.6301,64.5859,69.7810,62.4349
2009-05-06,SPY,stock,91.68,92.2,90.61,92.14,291941000,2009-05-06,2009-05-06,69.5623,64.2859,69.8045,62.2308
2009-05-05,SPY,stock,90.57,90.93,89.84,90.57,243036300,2009-05-05,2009-05-05,66.6648,63.8543,69.8188,61.9796
2009-05-04,SPY,stock,88.55,90.94,88.38,90.88,287120000,2009-05-04,2009-05-04,67.8490,63.4999,69.8449,61.7656
2009-05-01,SPY,stock,87.44,88.21,86.72,87.89,236110300,2009-05-01,2009-05-01,61.7663,63.0840,69.8690,61.5336
2009-04-30,SPY,stock,88.55,89.02,86.92,87.42,301419800,2009-04-30,2009-04-30,60.6805,62.8579,69.9156,61.3826
2009-04-29,SPY,stock,86.52,88.36,86.3,87.39,311505700,2009-04-29,2009-04-29,60.6142,62.6447,69.9661,61.2398
2009-04-28,SPY,stock,84.97,86.59,84.76,85.57,247926300,2009-04-28,2009-04-28,56.4806,62.4115,70.0175,61.0920
2009-04-27,SPY,stock,85.68,87.01,85.54,85.84,289581600,2009-04-27,2009-04-27,57.3091,62.2959,70.0829,60.9933
2009-04-24,SPY,stock,86.03,87.31,85.69,86.66,287703000,2009-04-24,2009-04-24,59.7824,62.1470,70.1469,60.8824
2009-04-23,SPY,stock,84.71,85.42,83.63,85.37,324903700,2009-04-23,2009-04-23,57.0764,61.9184,70.2055,60.7421
2009-04-22,SPY,stock,84.29,86.34,84.07,84.54,340395200,2009-04-22,2009-04-22,55.2787,61.7665,70.2743,60.6352
2009-04-21,SPY,stock,82.82,85.13,82.75,85.06,114090900,2009-04-21,2009-04-21,56.6592,61.6634,70.3499,60.5491
2009-04-20,SPY,stock,85.54,87.05,83.34,83.43,293690100,2009-04-20,2009-04-20,53.2617,61.5089,70.4225,60.4437
2009-04-17,SPY,stock,86.83,87.65,86.14,87.08,262649000,2009-04-17,2009-04-17,63.6337,61.4654,70.5079,60.3833
2009-04-16,SPY,stock,85.93,87.15,84.77,86.5,335202900,2009-04-16,2009-04-16,62.5578,61.1323,70.5670,60.2100
2009-04-15,SPY,stock,83.84,85.42,83.61,85.25,250726100,2009-04-15,2009-04-15,60.2016,60.8093,70.6310,60.0471
2009-04-14,SPY,stock,85.03,85.76,84.08,84.35,276598800,2009-04-14,2009-04-14,58.4536,60.5501,70.7049,59.9155
2009-04-13,SPY,stock,84.92,86.54,84.58,85.83,224847500,2009-04-13,2009-04-13,62.6558,60.3338,70.7863,59.8057
2009-04-09,SPY,stock,84.67,85.82,84.33,85.81,269653500,2009-04-09,2009-04-09,62.6220,59.9792,70.8575,59.6467
2009-04-08,SPY,stock,82.06,82.94,81.54,82.53,230402800,2009-04-08,2009-04-08,56.6633,59.5888,70.9296,59.4817
2009-04-07,SPY,stock,82.25,82.65,81.51,81.65,258947800,2009-04-07,2009-04-07,54.8710,59.4136,71.0268,59.4094
2009-04-06,SPY,stock,83.34,84.28,82.29,83.6,264866600,2009-04-06,2009-04-06,59.9748,59.2886,71.1316,59.3608
2009-04-03,SPY,stock,83.49,84.28,82.67,84.26,284646300,2009-04-03,2009-04-03,61.7809,58.9982,71.2229,59.2511
2009-04-02,SPY,stock,83.08,84.61,81.13,83.43,476230700,2009-04-02,2009-04-02,60.3879,58.6256,71.3102,59.1170
2009-04-01,SPY,stock,78.53,81.42,78.33,81.06,377018300,2009-04-01,2009-04-01,56.1505,58.2787,71.4046,59.0025
2009-03-31,SPY,stock,79.56,81.08,79.05,79.52,364238300,2009-03-31,2009-03-31,53.1249,58.0804,71.5176,58.9551
2009-03-30,SPY,stock,79.8,79.87,77.96,78.79,324108500,2009-03-30,2009-03-30,51.6566,57.9815,71.6432,58.9525
2009-03-27,SPY,stock,82.05,82.53,81.31,81.61,322332300,2009-03-27,2009-03-27,58.1952,57.9293,71.7755,58.9719
2009-03-26,SPY,stock,82.25,83.3,81.32,83.11,422025200,2009-03-26,2009-03-26,62.0763,57.6512,71.8881,58.9066
2009-03-25,SPY,stock,81.23,82.7,79.06,81.45,441775100,2009-03-25,2009-03-25,59.2861,57.2267,71.9906,58.7933
2009-03-24,SPY,stock,81.24,82.36,80.51,80.6,330271000,2009-03-24,2009-03-24,57.8102,56.8872,72.1066,58.7255
2009-03-23,SPY,stock,78.74,82.29,78.31,82.22,419933300,2009-03-23,2009-03-23,61.7732,56.5784,72.2301,58.6808
2009-03-20,SPY,stock,78.76,78.91,76.53,76.71,371078200,2009-03-20,2009-03-20,51.2098,56.1105,72.3427,58.5852
2009-03-19,SPY,stock,80.93,81,78.69,78.94,428520400,2009-03-19,2009-03-19,55.4903,56.0238,72.4976,58.6526
2009-03-18,SPY,stock,77.81,80.9,77.07,79.93,473273200,2009-03-18,2009-03-18,58.1691,55.7985,72.6416,58.6726
2009-03-17,SPY,stock,76.07,78.36,75.45,78.18,356814300,2009-03-17,2009-03-17,54.5692,55.4728,72.7798,58.6636
2009-03-16,SPY,stock,76.96,77.97,75.81,75.86,360644900,2009-03-16,2009-03-16,49.1859,55.2485,72.9323,58.7069
2009-03-13,SPY,stock,76.01,76.98,74.73,76.09,337474700,2009-03-13,2009-03-13,49.7284,55.1806,73.1036,58.8217
2009-03-12,SPY,stock,72.62,75.75,71.97,75.5,409702700,2009-03-12,2009-03-12,48.3721,55.0877,73.2748,58.9342
2009-03-11,SPY,stock,73,73.75,71.83,72.64,356648300,2009-03-11,2009-03-11,41.2362,55.0307,73.4522,59.0692
2009-03-10,SPY,stock,69.51,72.37,69.37,72.17,406227900,2009-03-10,2009-03-10,39.9701,55.1896,73.6525,59.2956
2009-03-09,SPY,stock,67.95,70,67.73,68.11,379905300,2009-03-09,2009-03-09,27.4275,55.4016,73.8583,59.5454
2009-03-06,SPY,stock,69.4,70.45,67.1,68.92,490470000,2009-03-06,2009-03-06,28.5319,55.9508,74.0962,59.9275
2009-03-05,SPY,stock,70.1,71.73,68.17,68.8,485549400,2009-03-05,2009-03-05,28.1338,56.4951,74.3305,60.3009
2009-03-04,SPY,stock,71.23,72.87,70.07,71.73,462753100,2009-03-04,2009-03-04,32.2003,57.1059,74.5681,60.6930
2009-03-03,SPY,stock,71.61,71.7,69.64,70.07,443761000,2009-03-03,2009-03-03,26.6204,57.5538,74.7864,61.0131
2009-03-02,SPY,stock,72.52,73.92,70.37,70.6,426452600,2009-03-02,2009-03-02,27.2862,58.1775,75.0191,61.3962
2009-02-27,SPY,stock,74.01,75.69,73.81,73.93,470510900,2009-02-27,2009-02-27,31.9478,58.8259,75.2503,61.7790
2009-02-26,SPY,stock,77.82,79.67,75.53,75.62,363353900,2009-02-26,2009-02-26,34.7451,59.2842,75.4591,62.0772
2009-02-25,SPY,stock,77.14,78.42,75.63,76.87,461985800,2009-02-25,2009-02-25,36.9683,59.6596,75.6575,62.3368
2009-02-24,SPY,stock,75.29,77.95,74.7,77.48,426260900,2009-02-24,2009-02-24,38.0721,59.9777,75.8487,62.5694
2009-02-23,SPY,stock,78.27,78.27,74.59,74.65,379641400,2009-02-23,2009-02-23,28.9300,60.2819,76.0372,62.7931
2009-02-20,SPY,stock,76.73,78.34,75.77,77.42,477176600,2009-02-20,2009-02-20,33.4132,60.8376,76.2486,63.1111
2009-02-19,SPY,stock,79.84,80.15,78.02,78.18,316867500,2009-02-19,2009-02-19,34.7866,61.2370,76.4417,63.3588
2009-02-18,SPY,stock,79.79,79.94,78.28,79.03,362964800,2009-02-18,2009-02-18,36.3378,61.6195,76.6310,63.5937
2009-02-17,SPY,stock,80.16,82.96,79.17,79.22,478910100,2009-02-17,2009-02-17,36.6773,61.9763,76.8159,63.8126
2009-02-13,SPY,stock,83.55,84.24,82.74,82.76,293998400,2009-02-13,2009-02-13,43.7479,62.3559,77.0013,64.0348
2009-02-12,SPY,stock,82.17,83.82,81.05,83.66,469302200,2009-02-12,2009-02-12,45.8339,62.5009,77.1623,64.1595
2009-02-11,SPY,stock,83.45,84.05,82.4,83.6,324442500,2009-02-11,2009-02-11,45.6735,62.5915,77.3183,64.2623
2009-02-10,SPY,stock,86.27,87.03,82.45,83.11,536212800,2009-02-10,2009-02-10,44.4259,62.6961,77.4763,64.3711
2009-02-09,SPY,stock,86.96,87.74,86.32,87.1,240075200,2009-02-09,2009-02-09,53.7614,62.8499,77.6396,64.4991
2009-02-06,SPY,stock,84.86,87.34,84.68,86.98,366101700,2009-02-06,2009-02-06,53.4885,62.7103,77.7749,64.5123
2009-02-05,SPY,stock,82.7,85.29,77.73,84.57,417679400,2009-02-05,2009-02-05,47.7348,62.5653,77.9124,64.5296
2009-02-04,SPY,stock,84.3,85.37,83.04,83.33,322989300,2009-02-04,2009-02-04,44.4518,62.5920,78.0692,64.6202
2009-02-03,SPY,stock,83.1,84.36,82.22,83.74,278385800,2009-02-03,2009-02-03,45.3259,62.7177,78.2368,64.7517
2009-02-02,SPY,stock,81.57,83.18,81.31,82.58,288233300,2009-02-02,2009-02-02,42.3473,62.8249,78.4030,64.8762
2009-01-30,SPY,stock,84.98,85.4,82.21,82.83,383383600,2009-01-30,2009-01-30,42.8141,63.0332,78.5794,65.0408
2009-01-29,SPY,stock,86.11,87.49,84.47,84.55,294392500,2009-01-29,2009-01-29,46.0574,63.2441,78.7558,65.2045
2009-01-28,SPY,stock,86.4,87.95,86.07,87.39,330007000,2009-01-28,2009-01-28,52.1098,63.3438,78.9212,65.3232
2009-01-27,SPY,stock,84.13,85.15,83.3,84.53,273789700,2009-01-27,2009-01-27,45.4005,63.2338,79.0673,65.3613
2009-01-26,SPY,stock,83.59,85.36,82.81,83.68,317978800,2009-01-26,2009-01-26,43.2046,63.3340,79.2360,65.4870
2009-01-23,SPY,stock,80.9,83.99,80.57,83.11,386800600,2009-01-23,2009-01-23,41.7457,63.5106,79.4127,65.6433
2009-01-22,SPY,stock,82.42,84.04,81.17,82.75,427940300,2009-01-22,2009-01-22,40.8547,63.7500,79.5953,65.8232
2009-01-21,SPY,stock,81.94,84.24,80.47,84.05,364360700,2009-01-21,2009-01-21,43.0633,64.0426,79.7825,66.0213
2009-01-20,SPY,stock,84.23,85.06,80.05,80.57,419855200,2009-01-20,2009-01-20,34.2248,64.2651,79.9620,66.1883
2009-01-16,SPY,stock,85.86,85.99,83.05,85.06,399237200,2009-01-16,2009-01-16,42.0442,64.7810,80.1690,66.4669
2009-01-15,SPY,stock,84.12,85.25,81.72,84.4,532647300,2009-01-15,2009-01-15,40.1787,65.0029,80.3448,66.6217
2009-01-14,SPY,stock,85.54,85.75,83.16,84.37,435491600,2009-01-14,2009-01-14,40.0973,65.2994,80.5273,66.8028
2009-01-13,SPY,stock,86.73,87.88,86.2,87.11,356432300,2009-01-13,2009-01-13,45.3271,65.6294,80.7119,66.9921
2009-01-12,SPY,stock,88.84,88.91,86.41,86.95,277858500,2009-01-12,2009-01-12,44.9377,65.7817,80.8780,67.1068
2009-01-09,SPY,stock,91.16,91.32,85.36,89.09,330953600,2009-01-09,2009-01-09,49.2987,65.9624,81.0470,67.2309
2009-01-08,SPY,stock,90.16,91.09,89.67,91.04,263834400,2009-01-08,2009-01-08,53.7089,65.9961,81.2018,67.2958
2009-01-07,SPY,stock,92,92.26,90.2,90.67,280899200,2009-01-07,2009-01-07,52.9676,65.8821,81.3437,67.3046
2009-01-06,SPY,stock,93.64,94.45,92.68,93.47,328260900,2009-01-06,2009-01-06,59.6840,65.7849,81.4898,67.3250
2009-01-05,SPY,stock,92.63,93.66,91.89,92.85,240349700,2009-01-05,2009-01-05,58.6047,65.4602,81.6167,67.2619
2009-01-02,SPY,stock,90.44,93.44,89.85,92.96,227566300,2009-01-02,2009-01-02,58.8643,65.1495,81.7494,67.2150
2008-12-31,SPY,stock,89.08,90.97,88.87,90.24,193987200,2008-12-31,2008-12-31,54.2066,64.7975,81.8826,67.1628
2008-12-30,SPY,stock,87.51,89.05,86.88,88.97,168256300,2008-12-30,2008-12-30,51.8424,64.6194,82.0373,67.1903
2008-12-29,SPY,stock,87.24,87.33,85.6,86.91,127795900,2008-12-29,2008-12-29,47.7820,64.5210,82.2030,67.2571
2008-12-26,SPY,stock,87.24,87.3,86.5,87.16,74767700,2008-12-26,2008-12-26,48.2404,64.5721,82.3856,67.3886
2008-12-24,SPY,stock,86.45,86.87,86,86.66,62061600,2008-12-24,2008-12-24,47.3016,64.6092,82.5681,67.5179
2008-12-23,SPY,stock,87.53,87.93,85.8,86.16,221625200,2008-12-23,2008-12-23,46.3988,64.6889,82.7562,67.6675
2008-12-22,SPY,stock,88.58,88.67,85.49,87.06,243759500,2008-12-22,2008-12-22,47.7665,64.8159,82.9499,67.8383
2008-12-19,SPY,stock,89.1,90.62,88.09,88.19,301451300,2008-12-19,2008-12-19,49.4665,64.8863,83.1389,67.9890
2008-12-18,SPY,stock,91.4,91.67,88.21,89.29,374673300,2008-12-18,2008-12-18,50.0189,64.8766,83.3214,68.1119
2008-12-17,SPY,stock,90.84,92.43,90.06,90.99,281819800,2008-12-17,2008-12-17,52.4474,64.8366,83.5030,68.2284
2008-12-16,SPY,stock,91.88,92.02,88.18,91.88,377699500,2008-12-16,2008-12-16,53.7152,64.6615,83.6739,68.2990
2008-12-15,SPY,stock,89.02,89.15,86.29,87.75,256694200,2008-12-15,2008-12-15,48.3335,64.3996,83.8399,68.3459
2008-12-12,SPY,stock,85.55,89.07,85.2,88.99,415060400,2008-12-12,2008-12-12,49.9528,64.4278,84.0380,68.5179
2008-12-11,SPY,stock,89.54,91,87.37,87.94,365061000,2008-12-11,2008-12-11,48.5987,64.3636,84.2290,68.6599
2008-12-10,SPY,stock,90.32,91.36,89,90.11,396187400,2008-12-10,2008-12-10,51.2602,64.3734,84.4296,68.8391
2008-12-09,SPY,stock,90.37,92.13,88.98,89.5,370790000,2008-12-09,2008-12-09,50.5534,64.2173,84.6162,68.9609
2008-12-08,SPY,stock,90.34,92.38,88.08,91,412859300,2008-12-08,2008-12-08,52.2848,64.0917,84.8092,69.1058
2008-12-05,SPY,stock,83.65,88.42,82.24,87.93,471905300,2008-12-05,2008-12-05,48.9628,63.8374,84.9932,69.2119
2008-12-04,SPY,stock,86.06,88.05,83.74,85.3,444173800,2008-12-04,2008-12-04,45.9705,63.7926,85.2015,69.4138
2008-12-03,SPY,stock,83.4,87.83,83.14,87.32,519863500,2008-12-03,2008-12-03,47.9766,63.9454,85.4313,69.7025
2008-12-02,SPY,stock,83.47,85.49,82.04,85.27,469508400,2008-12-02,2008-12-02,45.7455,63.9589,85.6485,69.9427
2008-12-01,SPY,stock,87.51,87.55,81.86,82.11,369927100,2008-12-01,2008-12-01,42.1971,64.1315,85.8830,70.2539
2008-11-28,SPY,stock,88.63,90.13,88.48,90.09,118308100,2008-11-28,2008-11-28,49.8409,64.5654,86.1430,70.6720
2008-11-26,SPY,stock,84.3,89.19,84.24,88.97,370134200,2008-11-26,2008-11-26,48.6282,64.4311,86.3470,70.8692
2008-11-25,SPY,stock,87.3,87.51,83.82,85.66,454112400,2008-11-25,2008-11-25,44.9772,64.3687,86.5614,71.1078
2008-11-24,SPY,stock,81.92,86.99,80.36,85.03,523305300,2008-11-24,2008-11-24,44.2773,64.5545,86.8021,71.4549
2008-11-21,SPY,stock,77.46,80.9,74.34,79.52,718536500,2008-11-21,2008-11-21,37.8577,64.8083,87.0500,71.8350
2008-11-20,SPY,stock,80.13,82.51,75.05,75.45,814180400,2008-11-20,2008-11-20,32.5260,65.5126,87.3407,72.3949
2008-11-19,SPY,stock,85.91,86.87,80.92,81.5,558327600,2008-11-19,2008-11-19,36.8955,66.6043,87.6643,73.0991
2008-11-18,SPY,stock,85.15,87.22,82.91,87.08,523811800,2008-11-18,2008-11-18,41.6923,67.3454,87.9468,73.6515
2008-11-17,SPY,stock,86.38,88.56,85.16,85.47,415254900,2008-11-17,2008-11-17,39.5880,67.7352,88.1910,74.0601
2008-11-14,SPY,stock,89.41,92.06,86.52,86.62,540352300,2008-11-14,2008-11-14,40.5589,68.2899,88.4496,74.5334
2008-11-13,SPY,stock,86.13,91.73,82.09,91.17,753141900,2008-11-13,2008-11-13,44.5750,68.8146,88.7023,74.9916
2008-11-12,SPY,stock,88.23,88.95,85.12,85.82,454330600,2008-11-12,2008-11-12,37.8564,69.0444,88.9241,75.3329
2008-11-11,SPY,stock,90.76,92.14,88.65,89.77,418498200,2008-11-11,2008-11-11,41.2877,69.7101,89.1875,75.8476
2008-11-10,SPY,stock,95.21,95.53,90.92,92.63,301773000,2008-11-10,2008-11-10,43.9670,70.1419,89.4244,76.2656
2008-11-07,SPY,stock,91.65,94,90.5,93.86,380391000,2008-11-07,2008-11-07,45.1368,70.3991,89.6428,76.6153
2008-11-06,SPY,stock,94.46,95.44,90.06,90.86,477721900,2008-11-06,2008-11-06,41.6190,70.5888,89.8543,76.9426
2008-11-05,SPY,stock,99.2,100.71,95,96.19,387844100,2008-11-05,2008-11-05,46.5423,71.0293,90.0900,77.3727
2008-11-04,SPY,stock,99.06,100.86,96.71,100.41,346793400,2008-11-04,2008-11-04,50.9756,71.1060,90.2889,77.6614
2008-11-03,SPY,stock,96.78,97.69,95.95,97.11,205419400,2008-11-03,2008-11-03,47.3328,70.8663,90.4588,77.8360
2008-10-31,SPY,stock,95.08,98.57,94.48,96.83,411394000,2008-10-31,2008-10-31,47.0226,70.8551,90.6546,78.1161
2008-10-30,SPY,stock,95.78,96.54,92.9,96.3,414582100,2008-10-30,2008-10-30,46.4685,70.8643,90.8545,78.4160
2008-10-29,SPY,stock,93.77,97.17,92.1,93.08,531270100,2008-10-29,2008-10-29,43.1119,70.9153,91.0603,78.7440
2008-10-28,SPY,stock,87.34,94.24,84.53,93.76,639939500,2008-10-28,2008-10-28,43.6486,71.2193,91.2918,79.1815
2008-10-27,SPY,stock,85.97,89.51,83.7,83.95,397288600,2008-10-27,2008-10-27,32.3702,71.5030,91.5206,79.6165
2008-10-24,SPY,stock,84.06,89.92,84,87.04,545812600,2008-10-24,2008-10-24,34.3829,72.5713,91.8238,80.3619
2008-10-23,SPY,stock,90.29,92.45,85.81,91.69,634666400,2008-10-23,2008-10-23,37.6546,73.5143,92.1073,81.0455
2008-10-22,SPY,stock,93.2,95.86,87.53,90.64,516168000,2008-10-22,2008-10-22,36.3854,74.1989,92.3595,81.6183
2008-10-21,SPY,stock,96.97,98.64,95.22,95.86,356502000,2008-10-21,2008-10-21,40.1596,75.0362,92.6220,82.2459
2008-10-20,SPY,stock,95.35,99.1,94.09,98.81,321294200,2008-10-20,2008-10-20,42.4714,75.5602,92.8487,82.7433
2008-10-17,SPY,stock,91.99,98.59,91.65,93.21,476649000,2008-10-17,2008-10-17,35.9746,75.9123,93.0561,83.1730
2008-10-16,SPY,stock,91.29,94.77,86.54,93.77,708811200,2008-10-16,2008-10-16,36.3558,76.7324,93.3067,83.7874
2008-10-15,SPY,stock,97.46,97.8,89.71,90.02,484627500,2008-10-15,2008-10-15,31.8659,77.5957,93.5557,84.4101
2008-10-14,SPY,stock,104.7,105.53,97.11,99.85,546268300,2008-10-14,2008-10-14,38.4723,78.8383,93.8348,85.1701
2008-10-13,SPY,stock,93.87,101.35,89.95,101.35,455584000,2008-10-13,2008-10-13,39.6367,79.4555,94.0444,85.6678
2008-10-10,SPY,stock,86.76,93.94,83.58,88.5,871026300,2008-10-10,2008-10-10,20.4960,80.0223,94.2451,86.1412
2008-10-09,SPY,stock,99.66,100.62,90.25,90.7,534485200,2008-10-09,2008-10-09,21.5841,81.6373,94.5423,87.0171
2008-10-08,SPY,stock,97.52,102.18,96.81,97.51,725414800,2008-10-08,2008-10-08,25.4706,83.2531,94.8263,87.8632
2008-10-07,SPY,stock,106.84,107.33,99.65,100.03,540012100,2008-10-07,2008-10-07,27.1505,84.5150,95.0631,88.5407
2008-10-06,SPY,stock,107.15,107.62,100.64,104.72,610637500,2008-10-06,2008-10-06,30.6431,85.7159,95.2837,89.1707
2008-10-03,SPY,stock,112.86,115.45,109.68,110.34,461798000,2008-10-03,2008-10-03,35.7620,86.6825,95.4722,89.6865
2008-10-02,SPY,stock,114.95,115.11,111.06,111.85,365337800,2008-10-02,2008-10-02,37.3173,87.3184,95.6212,90.0557
2008-10-01,SPY,stock,115.27,116.69,113.95,116.06,332783000,2008-10-01,2008-10-01,42.0521,87.9051,95.7607,90.3949
2008-09-30,SPY,stock,113.51,116.8,110.53,115.99,328154400,2008-09-30,2008-09-30,41.9383,88.2296,95.8706,90.6224
2008-09-29,SPY,stock,119.14,119.34,110.97,111.38,459562300,2008-09-29,2008-09-29,34.0186,88.5937,95.9822,90.8612
2008-09-26,SPY,stock,118.83,121.5,118.51,120.85,285917400,2008-09-26,2008-09-26,45.9827,89.3508,96.1287,91.2473
2008-09-25,SPY,stock,119.4,121.91,118.44,120.79,328253000,2008-09-25,2008-09-25,45.8707,89.4591,96.2072,91.3667
2008-09-24,SPY,stock,119.35,120,117.79,118.93,311818400,2008-09-24,2008-09-24,42.4350,89.5833,96.2869,91.4928
2008-09-23,SPY,stock,120.85,122.02,118.28,118.55,327470400,2008-09-23,2008-09-23,41.7334,89.8637,96.3810,91.6794
2008-09-22,SPY,stock,124.45,124.75,120.36,121.31,249966500,2008-09-22,2008-09-22,45.4711,90.2029,96.4789,91.8851
2008-09-19,SPY,stock,126.7,128,123.33,124.12,501087800,2008-09-19,2008-09-19,49.6773,90.3655,96.5575,92.0168
2008-09-18,SPY,stock,118.05,121.79,113.8,120.07,776114700,2008-09-18,2008-09-18,41.2038,90.3290,96.6162,92.0700
2008-09-17,SPY,stock,119.64,121.85,116,116.61,624095600,2008-09-17,2008-09-17,33.6302,90.6513,96.7102,92.2661
2008-09-16,SPY,stock,117.2,122.32,117,122.1,581744300,2008-09-16,2008-09-16,41.5077,91.2723,96.8304,92.5728
2008-09-15,SPY,stock,121.63,125.65,119.89,120.09,483607000,2008-09-15,2008-09-15,36.4467,91.5386,96.9117,92.7291
2008-09-12,SPY,stock,124.29,126.21,123.83,126.09,297851200,2008-09-12,2008-09-12,47.9458,91.9868,97.0085,92.9515
2008-09-11,SPY,stock,122.12,125.74,121.6,125.51,375369400,2008-09-11,2008-09-11,46.4286,92.0231,97.0624,93.0049
2008-09-10,SPY,stock,123.89,124.9,122.55,123.72,298916600,2008-09-10,2008-09-10,41.5463,92.1076,97.1211,93.0778
2008-09-09,SPY,stock,127.1,127.36,122.8,123.22,377326800,2008-09-09,2008-09-09,40.1311,92.3379,97.1935,93.2067
2008-09-08,SPY,stock,128.04,128.24,124.42,126.99,364075300,2008-09-08,2008-09-08,48.3223,92.6307,97.2702,93.3557
2008-09-05,SPY,stock,123.29,124.95,122,124.42,289503400,2008-09-05,2008-09-05,40.6547,92.6659,97.3202,93.3989
2008-09-04,SPY,stock,126.97,127.23,123.96,124.03,340042500,2008-09-04,2008-09-04,39.3874,92.9015,97.3895,93.5202
2008-09-03,SPY,stock,127.88,128.5,126.93,127.88,251947000,2008-09-03,2008-09-03,48.9739,93.1916,97.4623,93.6579
2008-09-02,SPY,stock,130.03,130.71,127.52,127.99,252364900,2008-09-02,2008-09-02,49.2922,93.2178,97.5077,93.6871
2008-08-29,SPY,stock,129.73,130.14,128.51,128.79,189195800,2008-08-29,2008-08-29,51.5549,93.2383,97.5528,93.7142
2008-08-28,SPY,stock,129.28,130.34,129.11,130.19,167537100,2008-08-28,2008-08-28,55.7108,93.1998,97.5925,93.7187
2008-08-27,SPY,stock,127.55,128.83,127.3,128.63,171032800,2008-08-27,2008-08-27,51.6807,93.0501,97.6223,93.6819
2008-08-26,SPY,stock,127.02,127.87,126.58,127.39,159117200,2008-08-26,2008-08-26,48.2017,93.0040,97.6639,93.6898
2008-08-25,SPY,stock,128.8,129.65,126.75,127.02,171936900,2008-08-25,2008-08-25,47.1473,93.0479,97.7149,93.7348
2008-08-22,SPY,stock,128.67,129.65,127.8,129.65,167715300,2008-08-22,2008-08-22,54.4648,93.1248,97.7692,93.7926
2008-08-21,SPY,stock,126.75,128.44,126.6,127.8,180609800,2008-08-21,2008-08-21,49.3278,93.0085,97.8047,93.7748
2008-08-20,SPY,stock,127.39,127.95,126.34,127.58,225498200,2008-08-20,2008-08-20,48.6886,93.0215,97.8542,93.8111
2008-08-19,SPY,stock,127.42,127.69,126.53,126.99,194673700,2008-08-19,2008-08-19,47.0245,93.0527,97.9057,93.8555
2008-08-18,SPY,stock,130.43,130.48,127.66,128.39,172275100,2008-08-18,2008-08-18,50.6435,93.1324,97.9621,93.9191
2008-08-15,SPY,stock,129.93,130.5,129.3,130.17,181000800,2008-08-15,2008-08-15,55.7049,93.1133,98.0088,93.9438
2008-08-14,SPY,stock,127.84,130.28,127.75,129.54,239555300,2008-08-14,2008-08-14,54.2005,92.9561,98.0430,93.9167
2008-08-13,SPY,stock,128.79,129.65,127.67,128.57,256393200,2008-08-13,2008-08-13,51.8633,92.8304,98.0821,93.9072
2008-08-12,SPY,stock,130.28,130.7,128.73,129.35,213200800,2008-08-12,2008-08-12,53.9179,92.7658,98.1288,93.9261
2008-08-11,SPY,stock,129.47,131.51,129.23,130.71,249425800,2008-08-11,2008-08-11,57.6131,92.6347,98.1701,93.9227
2008-08-08,SPY,stock,126.58,129.93,126.38,129.37,260811700,2008-08-08,2008-08-08,54.7775,92.3857,98.2020,93.8787
2008-08-07,SPY,stock,127.96,128.44,126.54,127.01,246312500,2008-08-07,2008-08-07,49.2222,92.2131,98.2440,93.8727
2008-08-06,SPY,stock,128.02,129.3,127.48,128.93,209555400,2008-08-06,2008-08-06,54.2574,92.2028,98.3036,93.9364
2008-08-05,SPY,stock,126.02,128.56,124.97,128.36,251577600,2008-08-05,2008-08-05,52.9300,92.0446,98.3498,93.9458
2008-08-04,SPY,stock,126.04,126.14,124.76,124.99,188239600,2008-08-04,2008-08-04,44.0104,91.9133,98.4006,93.9725
2008-08-01,SPY,stock,127.12,127.28,125.46,126.16,248690900,2008-08-01,2008-08-01,46.8740,92.0260,98.4766,94.1003
2008-07-31,SPY,stock,127.4,128.57,126.63,126.83,277402100,2008-07-31,2008-07-31,48.5538,92.0611,98.5448,94.1986
2008-07-30,SPY,stock,127.11,128.6,126.28,128.53,354710000,2008-07-30,2008-07-30,53.0317,92.0486,98.6087,94.2809
2008-07-29,SPY,stock,123.98,126.38,123.64,126.28,261505600,2008-07-29,2008-07-29,47.0276,91.9047,98.6609,94.3163
2008-07-28,SPY,stock,125.51,126.06,123.42,123.64,205201300,2008-07-28,2008-07-28,38.4560,91.9178,98.7301,94.4198
2008-07-25,SPY,stock,125.89,126.49,125.17,125.48,219131000,2008-07-25,2008-07-25,42.9544,92.1343,98.8192,94.6059
2008-07-24,SPY,stock,128.34,128.41,125.16,125.51,248634500,2008-07-24,2008-07-24,43.0306,92.2328,98.8958,94.7449
2008-07-23,SPY,stock,127.89,129.15,127.55,128.17,311698400,2008-07-23,2008-07-23,50.3909,92.3393,98.9730,94.8888
2008-07-22,SPY,stock,125.15,127.8,124.85,127.48,296904200,2008-07-22,2008-07-22,48.2592,92.2536,99.0314,94.9596
2008-07-21,SPY,stock,126.51,126.8,125.19,126.05,222863000,2008-07-21,2008-07-21,43.5947,92.2116,99.0956,95.0538
2008-07-18,SPY,stock,126.17,126.42,125.15,125.98,267030100,2008-07-18,2008-07-18,43.3626,92.2747,99.1708,95.1942
2008-07-17,SPY,stock,125.14,126.26,124.09,125.2,375490600,2008-07-17,2008-07-17,40.8441,92.3497,99.2472,95.3425
2008-07-16,SPY,stock,121.45,124.57,121.1,123.96,371642900,2008-07-16,2008-07-16,36.6883,92.4922,99.3302,95.5199
2008-07-15,SPY,stock,121.8,123.49,120.02,120.99,502502500,2008-07-15,2008-07-15,24.9641,92.7447,99.4230,95.7414
2008-07-14,SPY,stock,125.26,125.5,122.4,122.72,322720800,2008-07-14,2008-07-14,27.7429,93.2510,99.5384,96.0600
2008-07-11,SPY,stock,123.97,125.9,122.49,123.84,481124600,2008-07-11,2008-07-11,29.7325,93.6781,99.6424,96.3403
2008-07-10,SPY,stock,124.43,125.79,123.58,125.3,436475700,2008-07-10,2008-07-10,32.5588,94.0646,99.7393,96.5988
2008-07-09,SPY,stock,127.5,127.74,124.39,124.79,336729400,2008-07-09,2008-07-09,30.4132,94.3801,99.8264,96.8246
2008-07-08,SPY,stock,124.99,127.39,124.2,127.24,375973700,2008-07-08,2008-07-08,35.4432,94.7677,99.9182,97.0747
2008-07-07,SPY,stock,126.79,127.34,123.92,125.02,372427300,2008-07-07,2008-07-07,25.0073,95.0088,99.9929,97.2623
2008-07-03,SPY,stock,127.11,127.11,124.99,126.31,239352500,2008-07-03,2008-07-03,27.3970,95.4450,100.0847,97.5234
2008-07-02,SPY,stock,128.79,129.16,125.95,126.18,288064600,2008-07-02,2008-07-02,26.7419,95.8285,100.1679,97.7570
2008-07-01,SPY,stock,126.52,128.47,125.93,128.38,388622000,2008-07-01,2008-07-01,31.1601,96.2623,100.2530,98.0039
2008-06-30,SPY,stock,127.89,128.91,127.3,127.98,258842600,2008-06-30,2008-06-30,29.1848,96.5735,100.3228,98.1956
2008-06-27,SPY,stock,128.28,128.86,127.04,127.53,303423400,2008-06-27,2008-06-27,26.9965,96.9480,100.3962,98.4071
2008-06-26,SPY,stock,130.57,131.42,128.08,128.23,297775000,2008-06-26,2008-06-26,28.2578,97.3964,100.4737,98.6405
2008-06-25,SPY,stock,131.72,133.4,131.24,131.81,287853900,2008-06-25,2008-06-25,36.3151,97.8384,100.5468,98.8626
2008-06-24,SPY,stock,131.05,132.44,130.19,131.19,267300600,2008-06-24,2008-06-24,33.2546,98.0530,100.5945,98.9877
2008-06-23,SPY,stock,132.09,132.23,131.32,131.45,165096400,2008-06-23,2008-06-23,33.8887,98.3377,100.6472,99.1362
2008-06-20,SPY,stock,132.84,133.09,131.22,131.58,289275700,2008-06-20,2008-06-20,34.1915,98.6324,100.6986,99.2831
2008-06-19,SPY,stock,134.15,135.24,133.5,134.42,304204900,2008-06-19,2008-06-19,39.6568,98.9482,100.7495,99.4321
2008-06-18,SPY,stock,134.69,135.52,133.71,134.25,265893000,2008-06-18,2008-06-18,38.9471,99.1321,100.7852,99.5231
2008-06-17,SPY,stock,137.07,137.12,135.37,135.57,191707700,2008-06-17,2008-06-17,42.5556,99.3482,100.8224,99.6229
2008-06-16,SPY,stock,135.55,136.93,135.46,136.23,185832500,2008-06-16,2008-06-16,44.4684,99.4866,100.8504,99.6878
2008-06-13,SPY,stock,135.17,136.52,134.42,136.15,244726900,2008-06-13,2008-06-13,44.1860,99.5893,100.8740,99.7358
2008-06-12,SPY,stock,134.6,135.87,133.52,134.45,252791800,2008-06-12,2008-06-12,37.9612,99.7089,100.8983,99.7882
2008-06-11,SPY,stock,135.97,136.26,133.93,133.94,283890100,2008-06-11,2008-06-11,35.9720,99.9706,100.9352,99.8929
2008-06-10,SPY,stock,135.67,137.1,135.35,135.94,260234900,2008-06-10,2008-06-10,40.7274,100.2985,100.9762,100.0169
2008-06-09,SPY,stock,136.86,137.5,135.41,136.62,228263900,2008-06-09,2008-06-09,42.5012,100.5088,101.0031,100.0869
2008-06-06,SPY,stock,139.55,139.8,136.22,136.29,384276300,2008-06-06,2008-06-06,41.3501,100.6894,101.0253,100.1397
2008-06-05,SPY,stock,138.58,140.89,138.32,140.78,237867100,2008-06-05,2008-06-05,55.3500,100.9142,101.0502,100.2044
2008-06-04,SPY,stock,137.7,139.16,137.46,138.02,246637700,2008-06-04,2008-06-04,44.6543,100.8209,101.0426,100.1393
2008-06-03,SPY,stock,139.3,139.62,137.23,138.09,271965700,2008-06-03,2008-06-03,44.9076,100.9278,101.0551,100.1529
2008-06-02,SPY,stock,139.83,139.86,138,138.9,181069900,2008-06-02,2008-06-02,47.8230,101.0407,101.0671,100.1650
2008-05-30,SPY,stock,140.47,140.74,139.94,140.35,117362000,2008-05-30,2008-05-30,53.6079,101.1038,101.0734,100.1538
2008-05-29,SPY,stock,139.13,140.93,139.08,140,173927200,2008-05-29,2008-05-29,52.3150,101.0631,101.0692,100.0992
2008-05-28,SPY,stock,139.17,140,138,139.3,181288100,2008-05-28,2008-05-28,49.7124,101.0448,101.0675,100.0528
2008-05-27,SPY,stock,137.8,139,137.53,138.66,168322900,2008-05-27,2008-05-27,47.2689,101.0779,101.0709,100.0251
2008-05-23,SPY,stock,139.05,139.66,137.52,137.64,181376400,2008-05-23,2008-05-23,43.1833,101.1631,101.0790,100.0152
2008-05-22,SPY,stock,139.43,140.17,139,139.51,170820400,2008-05-22,2008-05-22,49.7446,101.3350,101.0946,100.0350
2008-05-21,SPY,stock,141.81,142.12,139,139.49,252724800,2008-05-21,2008-05-21,49.6687,101.3826,101.0967,100.0004
2008-05-20,SPY,stock,142.27,142.34,141,141.89,178552100,2008-05-20,2008-05-20,59.7262,101.4368,101.0990,99.9650
2008-05-19,SPY,stock,142.81,144.3,142.3,143.05,165664400,2008-05-19,2008-05-19,65.6968,101.3140,101.0839,99.8573
2008-05-16,SPY,stock,142.86,142.87,141.61,142.66,204236800,2008-05-16,2008-05-16,64.5917,101.0900,101.0602,99.7110
2008-05-15,SPY,stock,141.04,142.63,140.83,142.53,166927000,2008-05-15,2008-05-15,64.2351,100.8720,101.0391,99.5702
2008-05-14,SPY,stock,141.07,142.2,140.46,140.77,181910800,2008-05-14,2008-05-14,59.0504,100.6410,101.0187,99.4275
2008-05-13,SPY,stock,140.8,140.89,139.73,140.48,159132200,2008-05-13,2008-05-13,58.1215,100.5197,101.0109,99.3309
2008-05-12,SPY,stock,139.25,140.56,138.73,140.46,147865900,2008-05-12,2008-05-12,58.0607,100.4077,101.0051,99.2389
2008-05-09,SPY,stock,138.6,139.39,138.45,138.9,152588200,2008-05-09,2008-05-09,53.1213,100.2854,100.9995,99.1438
2008-05-08,SPY,stock,139.74,140.32,138.98,139.16,178321200,2008-05-08,2008-05-08,54.1075,100.2690,101.0051,99.0909
2008-05-07,SPY,stock,141.89,142.04,139.13,139.52,199267300,2008-05-07,2008-05-07,55.4306,100.2310,101.0088,99.0281
2008-05-06,SPY,stock,140.02,142.2,139.69,142.05,179339800,2008-05-06,2008-05-06,65.9557,100.1617,101.0100,98.9521
2008-05-05,SPY,stock,141.05,141.61,140.41,140.83,118504500,2008-05-05,2008-05-05,62.7922,99.8924,100.9929,98.7983
2008-05-02,SPY,stock,142.34,142.37,140.56,141.51,181585500,2008-05-02,2008-05-02,65.9646,99.6877,100.9844,98.6743
2008-05-01,SPY,stock,138.38,141.12,138.27,141.12,187279500,2008-05-01,2008-05-01,65.0235,99.4097,100.9709,98.5251
2008-04-30,SPY,stock,139.29,140.59,138.26,138.26,208395900,2008-04-30,2008-04-30,56.9103,99.1322,100.9601,98.3814
2008-04-29,SPY,stock,139.39,139.73,138.61,139.08,125514100,2008-04-29,2008-04-29,60.6562,99.0431,100.9699,98.3162
2008-04-28,SPY,stock,139.88,140.25,139.38,139.63,105610200,2008-04-28,2008-04-28,63.2491,98.8822,100.9739,98.2241
2008-04-25,SPY,stock,139.4,139.89,137.91,139.6,190788100,2008-04-25,2008-04-25,63.1694,98.6625,100.9740,98.1121
2008-04-24,SPY,stock,138.08,139.74,137.04,138.32,229381300,2008-04-24,2008-04-24,59.7054,98.4219,100.9742,97.9963
2008-04-23,SPY,stock,138.09,138.78,137.12,137.72,193309000,2008-04-23,2008-04-23,57.9854,98.2535,100.9838,97.9137
2008-04-22,SPY,stock,138.19,138.31,136.9,137.94,162166000,2008-04-22,2008-04-22,58.8405,98.1130,100.9978,97.8453
2008-04-21,SPY,stock,138.23,138.98,137.85,138.55,118587400,2008-04-21,2008-04-21,61.1629,97.9410,101.0104,97.7677
2008-04-18,SPY,stock,138.94,139.56,138.26,138.48,218530600,2008-04-18,2008-04-18,60.9989,97.7044,101.0187,97.6689
2008-04-17,SPY,stock,136.02,137.25,135.66,137.05,179665700,2008-04-17,2008-04-17,57.6021,97.4483,101.0275,97.5681
2008-04-16,SPY,stock,134.54,136.91,134.52,136.85,189268900,2008-04-16,2008-04-16,57.1171,97.2740,101.0469,97.5054
2008-04-15,SPY,stock,133.58,133.69,132.33,133.24,172389200,2008-04-15,2008-04-15,46.9435,97.0967,101.0678,97.4461
2008-04-14,SPY,stock,133.19,133.54,132.55,132.93,160522000,2008-04-14,2008-04-14,45.9204,97.1754,101.1153,97.4909
2008-04-11,SPY,stock,134.49,135.12,133.01,133.38,222973300,2008-04-11,2008-04-11,47.1458,97.2860,101.1654,97.5467
2008-04-10,SPY,stock,135.42,136.67,134.9,136.02,192967800,2008-04-10,2008-04-10,55.1649,97.3741,101.2128,97.5914
2008-04-09,SPY,stock,136.61,136.8,134.89,135.83,195610600,2008-04-09,2008-04-09,54.6494,97.2704,101.2415,97.5601
2008-04-08,SPY,stock,136.19,136.92,135.95,136.82,148937300,2008-04-08,2008-04-08,57.8687,97.1703,101.2719,97.5331
2008-04-07,SPY,stock,137.87,138.57,136.74,136.96,154245500,2008-04-07,2008-04-07,58.3198,96.9843,101.2953,97.4758
2008-04-04,SPY,stock,137.12,137.96,136.12,136.89,204446800,2008-04-04,2008-04-04,58.1684,96.7681,101.3180,97.4120
2008-04-03,SPY,stock,135.96,137.44,135.71,137.04,175884800,2008-04-03,2008-04-03,58.5918,96.5344,101.3414,97.3477
2008-04-02,SPY,stock,137.05,137.67,135.98,136.7,210910800,2008-04-02,2008-04-02,57.9474,96.2647,101.3640,97.2763
2008-04-01,SPY,stock,133.61,136.84,133.51,136.61,254547300,2008-04-01,2008-04-01,57.7860,95.9925,101.3892,97.2121
2008-03-31,SPY,stock,131.29,132.73,131.09,131.97,166692100,2008-03-31,2008-03-31,48.2781,95.6985,101.4154,97.1479
2008-03-28,SPY,stock,132.99,133.36,131.06,131.51,180896100,2008-03-28,2008-03-28,47.1829,95.7267,101.4756,97.2180
2008-03-27,SPY,stock,134.2,134.44,132.36,132.78,225153200,2008-03-27,2008-03-27,49.8911,95.7930,101.5397,97.3045
2008-03-26,SPY,stock,134.46,135.09,133.11,133.2,196934300,2008-03-26,2008-03-26,50.7862,95.7695,101.5952,97.3571
2008-03-25,SPY,stock,134.86,135.55,133.77,134.85,192947200,2008-03-25,2008-03-25,54.3430,95.7116,101.6482,97.3995
2008-03-24,SPY,stock,133.31,135.81,133.24,134.72,208977300,2008-03-24,2008-03-24,54.1079,95.5220,101.6898,97.3948
2008-03-20,SPY,stock,130.05,132.91,129.26,132.08,245320700,2008-03-20,2008-03-20,49.1715,95.3223,101.7327,97.3939
2008-03-19,SPY,stock,134.14,134.65,130.04,130.32,345971600,2008-03-19,2008-03-19,44.1179,95.3026,101.7952,97.4708
2008-03-18,SPY,stock,130.62,133.69,129.98,133.63,334416600,2008-03-18,2008-03-18,50.5491,95.4627,101.8758,97.6213
2008-03-17,SPY,stock,126.57,129.26,126.07,128.3,405311100,2008-03-17,2008-03-17,36.7662,95.3890,101.9332,97.6809
2008-03-14,SPY,stock,132.77,132.81,127.78,129.61,484687800,2008-03-14,2008-03-14,39.2637,95.7113,102.0297,97.8994
2008-03-13,SPY,stock,129.61,132.64,128.6,131.65,351504200,2008-03-13,2008-03-13,43.5407,95.9682,102.1177,98.0883
2008-03-12,SPY,stock,132.74,133.77,131.16,131.36,229161100,2008-03-12,2008-03-12,42.7171,96.0977,102.1919,98.2250
2008-03-11,SPY,stock,130.72,132.72,128.95,132.6,341440600,2008-03-11,2008-03-11,45.3436,96.2627,102.2689,98.3759
2008-03-10,SPY,stock,129.84,129.93,127.59,128,235683600,2008-03-10,2008-03-10,30.6567,96.3512,102.3377,98.4964
2008-03-07,SPY,stock,129.77,131.74,128.58,129.71,326434600,2008-03-07,2008-03-07,33.7910,96.7975,102.4405,98.7570
2008-03-06,SPY,stock,132.98,133.22,130.55,131.06,247911700,2008-03-06,2008-03-06,36.5288,97.1612,102.5319,98.9780
2008-03-05,SPY,stock,133.42,134.77,132.34,133.83,270681400,2008-03-05,2008-03-05,43.1972,97.4609,102.6145,99.1684
2008-03-04,SPY,stock,132.23,133.4,130.99,132.99,282513100,2008-03-04,2008-03-04,40.1191,97.5824,102.6779,99.2852
2008-03-03,SPY,stock,133.14,133.81,132.24,133.5,189483500,2008-03-03,2008-03-03,41.3834,97.7802,102.7480,99.4314
2008-02-29,SPY,stock,135.6,135.68,132.78,133.82,252715200,2008-02-29,2008-02-29,42.1575,97.9603,102.8152,99.5687
2008-02-28,SPY,stock,137.24,137.96,136.55,136.87,170831100,2008-02-28,2008-02-28,50.5208,98.1351,102.8806,99.7021
2008-02-27,SPY,stock,137.56,139.14,137.41,138.22,168395800,2008-02-27,2008-02-27,55.0059,98.0972,102.9247,99.7513
2008-02-26,SPY,stock,136.75,138.95,136.5,138.36,212420700,2008-02-26,2008-02-26,55.4801,97.9531,102.9595,99.7630
2008-02-25,SPY,stock,135.54,137.65,134.78,137.33,190107000,2008-02-25,2008-02-25,52.6935,97.7832,102.9936,99.7710
2008-02-22,SPY,stock,134.97,135.85,132.86,135.62,205491000,2008-02-22,2008-02-22,47.6412,97.6735,103.0355,99.8096
2008-02-21,SPY,stock,136.66,137.01,134.07,134.79,201051200,2008-02-21,2008-02-21,44.9934,97.6817,103.0901,99.8999
2008-02-20,SPY,stock,133.99,136.55,133.76,135.92,220085700,2008-02-20,2008-02-20,48.0663,97.7537,103.1514,100.0184
2008-02-19,SPY,stock,136.72,136.89,134.61,135.52,145190000,2008-02-19,2008-02-19,46.8737,97.7476,103.2050,100.1085
2008-02-15,SPY,stock,134.5,135.22,133.91,135.14,154110300,2008-02-15,2008-02-15,45.7752,97.7712,103.2621,100.2140
2008-02-14,SPY,stock,136.95,137,134.79,135.17,215207200,2008-02-14,2008-02-14,45.8447,97.8261,103.3226,100.3350
2008-02-13,SPY,stock,136.01,137.06,135.14,136.37,181967800,2008-02-13,2008-02-13,48.5842,97.8845,103.3834,100.4600
2008-02-12,SPY,stock,134.91,136.31,133.98,134.99,256654400,2008-02-12,2008-02-12,45.0798,97.8581,103.4361,100.5549
2008-02-11,SPY,stock,133.1,134.23,132.04,133.75,188576300,2008-02-11,2008-02-11,41.7681,97.9335,103.4994,100.6942
2008-02-08,SPY,stock,133.09,134.22,132.1,133.07,221643500,2008-02-08,2008-02-08,39.9235,98.1108,103.5722,100.8756
2008-02-07,SPY,stock,131.8,134.79,131.73,133.93,297368100,2008-02-07,2008-02-07,41.4660,98.3582,103.6508,101.0844
2008-02-06,SPY,stock,134.58,135.25,132.41,133.05,250792900,2008-02-06,2008-02-06,39.2352,98.5665,103.7238,101.2765
2008-02-05,SPY,stock,135.94,136.25,133.67,134.13,286882500,2008-02-05,2008-02-05,41.0167,98.8634,103.8040,101.5022
2008-02-04,SPY,stock,139.21,139.3,137.64,137.82,124694300,2008-02-04,2008-02-04,47.9198,99.1098,103.8772,101.7055
2008-02-01,SPY,stock,137.94,139.61,137.52,139.58,206843600,2008-02-01,2008-02-01,51.7793,99.1026,103.9244,101.8086
2008-01-31,SPY,stock,133.4,138.54,133.2,137.37,343680800,2008-01-31,2008-01-31,46.7815,98.9613,103.9594,101.8643
2008-01-30,SPY,stock,135.58,138.54,134.6,134.91,334939200,2008-01-30,2008-01-30,40.3962,98.9725,104.0107,101.9871
2008-01-29,SPY,stock,136.1,136.45,134.88,135.91,168968300,2008-01-29,2008-01-29,42.3125,99.1713,104.0803,102.1872
2008-01-28,SPY,stock,133.26,135.52,132.06,135.24,217934600,2008-01-28,2008-01-28,40.5582,99.3152,104.1434,102.3661
2008-01-25,SPY,stock,136.51,136.76,132.6,133.04,269603900,2008-01-25,2008-01-25,34.4831,99.5250,104.2119,102.5720
2008-01-24,SPY,stock,134.48,135.46,133.31,134.99,259949300,2008-01-24,2008-01-24,37.6502,99.9236,104.2971,102.8510
2008-01-23,SPY,stock,127.09,134.19,126.84,133.86,511913000,2008-01-23,2008-01-23,34.4086,100.2164,104.3690,103.0840
2008-01-22,SPY,stock,127.21,132.43,126,130.72,435923700,2008-01-22,2008-01-22,24.2466,100.6256,104.4498,103.3597
2008-01-18,SPY,stock,134.74,135.02,131.1,132.06,348561500,2008-01-18,2008-01-18,25.8326,101.3158,104.5541,103.7389
2008-01-17,SPY,stock,137.81,137.88,132.93,133.43,397892600,2008-01-17,2008-01-17,27.5429,101.9771,104.6498,104.0942
2008-01-16,SPY,stock,137.36,139.12,136.28,136.98,378802600,2008-01-16,2008-01-16,32.7622,102.6042,104.7366,104.4238
2008-01-15,SPY,stock,139.79,141.49,137.9,138.17,239940100,2008-01-15,2008-01-15,34.8157,103.0285,104.7985,104.6626
2008-01-14,SPY,stock,141.16,141.86,140.4,141.28,170365500,2008-01-14,2008-01-14,41.0617,103.4073,104.8525,104.8762
2008-01-11,SPY,stock,140.78,141.9,139,140.15,267076600,2008-01-11,2008-01-11,37.2644,103.5903,104.8845,105.0071
2008-01-10,SPY,stock,139.68,142.8,139.37,141.29,335701200,2008-01-10,2008-01-10,39.6580,103.8782,104.9250,105.1766
2008-01-09,SPY,stock,139.09,140.79,137.7,140.37,301824900,2008-01-09,2008-01-09,36.6066,104.1101,104.9576,105.3195
2008-01-08,SPY,stock,142.08,142.9,138.44,138.91,326365700,2008-01-08,2008-01-08,31.5024,104.4360,104.9973,105.4952
2008-01-07,SPY,stock,141.81,142.23,140.1,141.19,234991000,2008-01-07,2008-01-07,35.6668,104.9069,105.0479,105.7210
2008-01-04,SPY,stock,143.34,143.44,140.91,141.31,232330900,2008-01-04,2008-01-04,35.8987,105.2546,105.0825,105.8891
2008-01-03,SPY,stock,144.91,145.49,144.07,144.86,125133300,2008-01-03,2008-01-03,43.7057,105.6299,105.1166,106.0605
2008-01-02,SPY,stock,146.53,146.99,143.88,144.93,204935600,2008-01-02,2008-01-02,43.8804,105.7757,105.1253,106.1346
2007-12-31,SPY,stock,147.1,147.61,146.06,146.21,108126800,2007-12-31,2007-12-31,47.0760,105.9315,105.1337,106.2097
2007-12-28,SPY,stock,148.54,148.61,146.9,147.3,116398100,2007-12-28,2007-12-28,49.9525,106.0069,105.1328,106.2503
2007-12-27,SPY,stock,149.02,149.03,147.32,147.67,122981700,2007-12-27,2007-12-27,50.9335,106.0075,105.1241,106.2604
2007-12-26,SPY,stock,148.65,149.68,148.5,149.55,67093100,2007-12-26,2007-12-26,56.1348,105.9802,105.1126,106.2602
2007-12-24,SPY,stock,148.82,149.48,148.48,149.23,45601400,2007-12-24,2007-12-24,55.4152,105.8077,105.0874,106.2047
2007-12-21,SPY,stock,147.37,148.42,147.09,148.13,146084400,2007-12-21,2007-12-21,52.9515,105.6412,105.0643,106.1564
2007-12-20,SPY,stock,146.84,146.86,145.18,146.8,214813800,2007-12-20,2007-12-20,47.8572,105.5405,105.0489,106.1383
2007-12-19,SPY,stock,145.94,146.89,144.94,145.88,198917200,2007-12-19,2007-12-19,45.4611,105.5879,105.0485,106.1811
2007-12-18,SPY,stock,146.1,146.48,143.96,145.88,245569300,2007-12-18,2007-12-18,45.4611,105.7096,105.0547,106.2525
2007-12-17,SPY,stock,146.61,146.87,144.86,145.07,177269400,2007-12-17,2007-12-17,43.4897,105.8440,105.0609,106.3268
2007-12-14,SPY,stock,147.93,149.1,147.1,147.17,159152900,2007-12-14,2007-12-14,47.6348,106.0537,105.0731,106.4278
2007-12-13,SPY,stock,148.32,149.39,147.3,149.06,237551300,2007-12-13,2007-12-13,51.7576,106.1272,105.0703,106.4716
2007-12-12,SPY,stock,151.06,151.77,147.2,149.37,322435600,2007-12-12,2007-12-12,52.4489,106.0661,105.0538,106.4619
2007-12-11,SPY,stock,152.14,152.89,147.83,147.91,250346400,2007-12-11,2007-12-11,49.4988,105.9751,105.0349,106.4428
2007-12-10,SPY,stock,151.28,152.25,150.86,152.08,123914300,2007-12-10,2007-12-10,59.2476,105.9845,105.0264,106.4656
2007-12-07,SPY,stock,151.42,151.5,150.55,150.91,148980100,2007-12-07,2007-12-07,57.0434,105.6808,104.9878,106.3674
2007-12-06,SPY,stock,148.63,151.21,148.57,150.94,154457400,2007-12-06,2007-12-06,57.1170,105.4332,104.9571,106.2994
2007-12-05,SPY,stock,147.93,149.2,147.83,148.81,171130000,2007-12-05,2007-12-05,53.1326,105.1573,104.9260,106.2278
2007-12-04,SPY,stock,146.66,147.54,146.31,146.36,136533900,2007-12-04,2007-12-04,47.9693,105.0129,104.9099,106.2155
2007-12-03,SPY,stock,148.19,148.45,147.29,147.68,146430400,2007-12-03,2007-12-03,50.7674,105.0378,104.9113,106.2743
2007-11-30,SPY,stock,149.04,149.87,147.33,148.66,222908000,2007-11-30,2007-11-30,52.8945,104.9660,104.9031,106.2969
2007-11-29,SPY,stock,146.62,147.72,146.1,147.18,199409900,2007-11-29,2007-11-29,49.9540,104.8127,104.8879,106.2918
2007-11-28,SPY,stock,144.19,147.47,144.14,147.13,258596900,2007-11-28,2007-11-28,49.8558,104.7548,104.8831,106.3297
2007-11-27,SPY,stock,141.74,143.23,140.95,142.57,293897900,2007-11-27,2007-11-27,39.8634,104.6946,104.8786,106.3706
2007-11-26,SPY,stock,144.43,144.88,140.66,140.95,214232000,2007-11-26,2007-11-26,35.6319,104.9717,104.9069,106.5465
2007-11-23,SPY,stock,143.07,144.34,142.7,144.13,77688400,2007-11-23,2007-11-23,40.8743,105.4001,104.9472,106.7769
2007-11-21,SPY,stock,143.08,143.91,141.67,141.68,259012400,2007-11-21,2007-11-21,33.9189,105.6338,104.9649,106.9237
2007-11-20,SPY,stock,144.02,145.53,142.11,144.64,414767500,2007-11-20,2007-11-20,39.0759,106.0768,105.0005,107.1481
2007-11-19,SPY,stock,145.28,145.36,143.19,143.76,267746000,2007-11-19,2007-11-19,36.4068,106.3434,105.0152,107.2952
2007-11-16,SPY,stock,146.31,146.47,144.57,145.79,308770600,2007-11-16,2007-11-16,40.1771,106.7044,105.0363,107.4740
2007-11-15,SPY,stock,146.57,147.49,144.52,145.54,263111100,2007-11-15,2007-11-15,39.4602,106.9504,105.0430,107.6008
2007-11-14,SPY,stock,149.22,149.4,146.78,147.67,230558800,2007-11-14,2007-11-14,43.5936,107.2411,105.0516,107.7401
2007-11-13,SPY,stock,145.37,148.31,145.22,148.08,191117400,2007-11-13,2007-11-13,44.4254,107.4019,105.0449,107.8228
2007-11-12,SPY,stock,145.21,146.61,143.7,143.7,243087800,2007-11-12,2007-11-12,31.4509,107.5488,105.0353,107.8970
2007-11-09,SPY,stock,145.69,147.54,144.89,145.14,277745100,2007-11-09,2007-11-09,33.8645,108.0412,105.0570,108.1021
2007-11-08,SPY,stock,147.99,148.4,145.07,147.16,374509900,2007-11-08,2007-11-08,37.6256,108.4768,105.0686,108.2735
2007-11-07,SPY,stock,150.44,151.13,147.55,147.91,306639700,2007-11-07,2007-11-07,39.1237,108.8062,105.0658,108.3929
2007-11-06,SPY,stock,150.86,152.11,149.9,152.07,177800500,2007-11-06,2007-11-06,49.2166,109.1136,105.0576,108.4953
2007-11-05,SPY,stock,149.64,151.16,148.97,150.05,226841000,2007-11-05,2007-11-05,42.5320,109.1400,105.0193,108.4803
2007-11-02,SPY,stock,151.53,152,149.21,151.2,331228200,2007-11-02,2007-11-02,45.7129,109.3214,104.9952,108.5237
2007-11-01,SPY,stock,153.29,153.41,150.59,151.03,333040800,2007-11-01,2007-11-01,45.1498,109.4351,104.9626,108.5352
2007-10-31,SPY,stock,153.98,155.27,152.84,154.65,220954400,2007-10-31,2007-10-31,56.7991,109.5737,104.9309,108.5522
2007-10-30,SPY,stock,153.45,153.75,152.87,153.06,132981600,2007-10-30,2007-10-30,51.7184,109.4541,104.8728,108.4641
2007-10-29,SPY,stock,153.93,154.44,153.55,154.13,106841000,2007-10-29,2007-10-29,55.8208,109.4417,104.8256,108.4189
2007-10-26,SPY,stock,153.06,153.62,151.9,153.62,176484000,2007-10-26,2007-10-26,54.2133,109.3474,104.7702,108.3406
2007-10-25,SPY,stock,151.65,152.29,149.88,151.84,237374500,2007-10-25,2007-10-25,48.0925,109.2815,104.7179,108.2740
2007-10-24,SPY,stock,151.21,151.74,148.84,151.48,326694200,2007-10-24,2007-10-24,46.7558,109.3429,104.6779,108.2567
2007-10-23,SPY,stock,151.46,151.95,150.25,151.76,180085100,2007-10-23,2007-10-23,47.6419,109.4379,104.6401,108.2491
2007-10-22,SPY,stock,148.86,150.76,148.66,150.54,261989800,2007-10-22,2007-10-22,43.2939,109.5217,104.5999,108.2331
2007-10-19,SPY,stock,153.09,156.48,149.66,149.67,297169900,2007-10-19,2007-10-19,39.9943,109.7063,104.5680,108.2521
2007-10-18,SPY,stock,153.45,154.19,153.08,153.69,148367500,2007-10-18,2007-10-18,53.3019,109.9759,104.5421,108.2973
2007-10-17,SPY,stock,154.98,155.09,152.47,154.25,216687300,2007-10-17,2007-10-17,55.6993,109.9710,104.4870,108.2269
2007-10-16,SPY,stock,154.41,154.52,153.47,153.78,166525700,2007-10-16,2007-10-16,54.0900,109.9233,104.4274,108.1372
2007-10-15,SPY,stock,156.27,156.36,153.94,155.01,161151900,2007-10-15,2007-10-15,59.3270,109.9060,104.3705,108.0576
2007-10-12,SPY,stock,155.46,156.35,155.27,156.33,124546700,2007-10-12,2007-10-12,65.6623,109.7943,104.3042,107.9388
2007-10-11,SPY,stock,156.93,157.52,154.54,155.47,233529100,2007-10-11,2007-10-11,63.2907,109.5713,104.2277,107.7766
2007-10-10,SPY,stock,156.04,156.44,155.41,156.22,101711100,2007-10-10,2007-10-10,67.0402,109.3896,104.1567,107.6329
2007-10-09,SPY,stock,155.6,156.5,155.03,156.48,94054300,2007-10-09,2007-10-09,68.3435,109.1323,104.0795,107.4615
2007-10-08,SPY,stock,155.39,155.49,154.77,155.02,71280400,2007-10-08,2007-10-08,64.7725,108.8283,103.9997,107.2754
2007-10-05,SPY,stock,155.03,156.1,154.63,155.85,134579700,2007-10-05,2007-10-05,68.8738,108.6023,103.9296,107.1244
2007-10-04,SPY,stock,154.11,154.26,153.59,154.02,76864400,2007-10-04,2007-10-04,64.2378,108.2900,103.8528,106.9430
2007-10-03,SPY,stock,153.81,154.41,153.01,153.78,119055900,2007-10-03,2007-10-03,63.5771,108.0828,103.7884,106.8076
2007-10-02,SPY,stock,154.61,154.65,153.81,154.09,112978800,2007-10-02,2007-10-02,65.0177,107.8717,103.7251,106.6737
2007-10-01,SPY,stock,152.6,154.75,152.5,154.3,148162300,2007-10-01,2007-10-01,65.9578,107.6152,103.6590,106.5254
2007-09-28,SPY,stock,152.85,153.19,151.98,152.58,133372100,2007-09-28,2007-09-28,61.7516,107.3158,103.5906,106.3648
2007-09-27,SPY,stock,152.91,153.1,152.19,153.09,102713300,2007-09-27,2007-09-27,63.9264,107.1144,103.5339,106.2479
2007-09-26,SPY,stock,152.25,152.77,151.39,152.19,135547000,2007-09-26,2007-09-26,61.7171,106.8535,103.4730,106.1113
2007-09-25,SPY,stock,150.81,151.66,150.47,151.39,142289900,2007-09-25,2007-09-25,59.6788,106.6329,103.4180,105.9955
2007-09-24,SPY,stock,152.42,152.82,151.36,151.69,139450200,2007-09-24,2007-09-24,60.8062,106.4494,103.3682,105.8983
2007-09-21,SPY,stock,152.71,153.12,151.74,151.97,141457500,2007-09-21,2007-09-21,61.8182,106.2239,103.3157,105.7884
2007-09-20,SPY,stock,153.34,153.43,152.11,152.28,175186800,2007-09-20,2007-09-20,60.9412,105.9537,103.2606,105.6659
2007-09-19,SPY,stock,153.41,154.39,152.71,153.36,193779900,2007-09-19,2007-09-19,64.5809,105.6856,103.2080,105.5502
2007-09-18,SPY,stock,148.83,152.5,148.13,152.46,263759500,2007-09-18,2007-09-18,62.8647,105.3083,103.1471,105.3983
2007-09-17,SPY,stock,148.31,148.65,147.63,148.1,109870800,2007-09-17,2007-09-17,52.5142,104.9588,103.0920,105.2665
2007-09-14,SPY,stock,147.96,149.09,147.74,148.9,121911000,2007-09-14,2007-09-14,55.1323,104.8995,103.0675,105.2560
2007-09-13,SPY,stock,148.55,149.45,148.2,148.91,154079000,2007-09-13,2007-09-13,55.1643,104.7739,103.0372,105.2219
2007-09-12,SPY,stock,147.29,148.44,146.98,147.87,149554600,2007-09-12,2007-09-12,52.5087,104.6344,103.0064,105.1861
2007-09-11,SPY,stock,146.24,147.7,146.13,147.49,162081900,2007-09-11,2007-09-11,51.5348,104.5582,102.9827,105.1791
2007-09-10,SPY,stock,146.52,146.72,144.33,145.79,192305900,2007-09-10,2007-09-10,47.0214,104.5025,102.9616,105.1828
2007-09-07,SPY,stock,146.48,146.89,145.26,146.07,235447600,2007-09-07,2007-09-07,47.7008,104.5685,102.9524,105.2362
2007-09-06,SPY,stock,147.95,148.61,147.12,148.13,127878400,2007-09-06,2007-09-06,52.9249,104.6203,102.9411,105.2835
2007-09-05,SPY,stock,148.2,148.36,147,147.79,166261800,2007-09-05,2007-09-05,52.1212,104.5231,102.9150,105.2729
2007-09-04,SPY,stock,147.45,149.98,147.4,149.08,120062000,2007-09-04,2007-09-04,55.4566,104.4412,102.8910,105.2718
2007-08-31,SPY,stock,147.65,148.5,146.83,147.59,185477500,2007-08-31,2007-08-31,52.1741,104.2540,102.8575,105.2330
2007-08-30,SPY,stock,145.45,147.19,145.31,146.15,191817300,2007-08-30,2007-08-30,48.7873,104.1587,102.8344,105.2361
2007-08-29,SPY,stock,144.37,146.74,143.96,146.54,207654200,2007-08-29,2007-08-29,49.6719,104.1615,102.8213,105.2811
2007-08-28,SPY,stock,146.16,146.25,143.46,143.72,219790700,2007-08-28,2007-08-28,42.6955,104.1352,102.8054,105.3166
2007-08-27,SPY,stock,147.85,148.33,146.73,146.95,113024300,2007-08-27,2007-08-27,50.0787,104.3178,102.8094,105.4356
2007-08-24,SPY,stock,146.48,148.33,146.28,148.33,128901900,2007-08-24,2007-08-24,53.7674,104.2772,102.7904,105.4655
2007-08-23,SPY,stock,147.34,147.65,145.61,146.52,203915300,2007-08-23,2007-08-23,49.2112,104.1289,102.7613,105.4566
2007-08-22,SPY,stock,146.01,146.8,145.33,146.65,173156700,2007-08-22,2007-08-22,49.5368,104.1008,102.7449,105.4998
2007-08-21,SPY,stock,144.6,145.97,144.14,144.93,157066400,2007-08-21,2007-08-21,45.0721,104.0599,102.7273,105.5411
2007-08-20,SPY,stock,145.17,145.47,143.29,144.64,187320400,2007-08-20,2007-08-20,44.3006,104.1438,102.7219,105.6340
2007-08-17,SPY,stock,145.5,145.81,141.39,144.71,388218100,2007-08-17,2007-08-17,44.4405,104.2582,102.7186,105.7392
2007-08-16,SPY,stock,139.79,142.94,137,142.1,546743700,2007-08-16,2007-08-16,37.6195,104.3794,102.7147,105.8467
2007-08-15,SPY,stock,142.72,144.46,140.62,141.04,323834000,2007-08-15,2007-08-15,34.5911,104.7091,102.7294,106.0344
2007-08-14,SPY,stock,145.7,146.06,142.72,143.01,264134500,2007-08-14,2007-08-14,37.7541,105.1531,102.7519,106.2607
2007-08-13,SPY,stock,146.5,146.89,145.02,145.23,181917200,2007-08-13,2007-08-13,41.7488,105.4960,102.7605,106.4388
2007-08-10,SPY,stock,144.39,146.5,143.12,144.71,411018400,2007-08-10,2007-08-10,40.3767,105.7085,102.7533,106.5597
2007-08-09,SPY,stock,147.43,148.95,145.29,145.39,357622100,2007-08-09,2007-08-09,41.5656,105.9823,102.7498,106.7007
2007-08-08,SPY,stock,148.41,150.59,147.34,149.83,274930600,2007-08-08,2007-08-08,50.5989,106.2340,102.7413,106.8276
2007-08-07,SPY,stock,145.94,149,145.23,147.77,232568700,2007-08-07,2007-08-07,45.4957,106.1792,102.7010,106.8305
2007-08-06,SPY,stock,144.21,146.83,142.53,146.21,324980000,2007-08-06,2007-08-06,41.2263,106.2731,102.6750,106.8935
2007-08-03,SPY,stock,147.28,147.58,143.2,143.8,359398200,2007-08-03,2007-08-03,33.7860,106.4939,102.6599,107.0045
2007-08-02,SPY,stock,146.76,147.76,145.26,147.6,294758400,2007-08-02,2007-08-02,41.4730,106.9187,102.6619,107.1900
2007-08-01,SPY,stock,145.18,147.01,143.95,146.43,467670000,2007-08-01,2007-08-01,37.4010,107.1032,102.6368,107.2727
2007-07-31,SPY,stock,148.33,149.46,145.04,145.72,316976700,2007-07-31,2007-07-31,34.8468,107.3949,102.6197,107.3927
2007-07-30,SPY,stock,145.93,147.81,145.29,147.38,283017500,2007-07-30,2007-07-30,38.2337,107.7706,102.6076,107.5382
2007-07-27,SPY,stock,148.21,148.87,145.05,145.11,422987600,2007-07-27,2007-07-27,29.5373,108.0613,102.5835,107.6415
2007-07-26,SPY,stock,150.19,150.8,146.39,148.02,467592500,2007-07-26,2007-07-26,35.4845,108.5528,102.5753,107.8149
2007-07-25,SPY,stock,152.02,152.39,150.25,151.61,265214500,2007-07-25,2007-07-25,46.1228,108.8778,102.5463,107.9108
2007-07-24,SPY,stock,153.12,154.28,150.76,151.3,256732400,2007-07-24,2007-07-24,44.7958,108.9678,102.4912,107.9063
2007-07-23,SPY,stock,154.18,154.72,153.3,153.97,121183900,2007-07-23,2007-07-23,55.7850,109.0905,102.4379,107.9105
2007-07-20,SPY,stock,154.89,154.99,152.83,153.5,245502500,2007-07-20,2007-07-20,53.9380,109.0258,102.3648,107.8373
2007-07-19,SPY,stock,155.2,155.53,154.75,155.07,145212700,2007-07-19,2007-07-19,61.9675,108.9897,102.2944,107.7748
2007-07-18,SPY,stock,154.23,154.8,153.3,154.47,237887400,2007-07-18,2007-07-18,59.8463,108.8319,102.2121,107.6640
2007-07-17,SPY,stock,154.93,155.48,154.68,154.75,126201300,2007-07-17,2007-07-17,61.3285,108.7026,102.1332,107.5662
2007-07-16,SPY,stock,154.99,155.53,154.58,154.83,98378700,2007-07-16,2007-07-16,61.7342,108.5386,102.0515,107.4562
2007-07-13,SPY,stock,154.57,155.46,154.39,154.85,111794300,2007-07-13,2007-07-13,61.8291,108.3514,101.9685,107.3394
2007-07-12,SPY,stock,152.37,154.75,152.34,154.39,133882500,2007-07-12,2007-07-12,60.5328,108.1429,101.8844,107.2173
2007-07-11,SPY,stock,150.75,152.05,150.52,151.99,175607600,2007-07-11,2007-07-11,52.7609,107.9470,101.8028,107.1036
2007-07-10,SPY,stock,152.29,152.61,150.77,150.92,180362600,2007-07-10,2007-07-10,48.5680,107.9105,101.7376,107.0550
2007-07-09,SPY,stock,153.16,153.36,152.62,153.1,72348100,2007-07-09,2007-07-09,58.3694,107.9504,101.6793,107.0355
2007-07-06,SPY,stock,152.38,153.17,151.93,152.98,81109000,2007-07-06,2007-07-06,57.9354,107.8311,101.6049,106.9519
2007-07-05,SPY,stock,152.4,152.56,151.63,152.18,89279000,2007-07-05,2007-07-05,55.0342,107.7081,101.5306,106.8683
2007-07-03,SPY,stock,152.18,152.5,151.99,152.34,54048400,2007-07-03,2007-07-03,55.7483,107.6322,101.4613,106.8046
2007-07-02,SPY,stock,150.87,151.92,150.77,151.79,103357000,2007-07-02,2007-07-02,53.8363,107.5363,101.3901,106.7337
2007-06-29,SPY,stock,150.9,151.65,149.15,150.43,199701800,2007-06-29,2007-06-29,48.7523,107.4716,101.3221,106.6758
2007-06-28,SPY,stock,150.38,151.41,149.67,150.38,157705000,2007-06-28,2007-06-28,48.5589,107.5020,101.2633,106.6552
2007-06-27,SPY,stock,148.13,150.57,148.06,150.4,213638000,2007-06-27,2007-06-27,48.6270,107.5395,101.2041,106.6351
2007-06-26,SPY,stock,150.21,150.46,148.28,148.29,198445700,2007-06-26,2007-06-26,40.4362,107.5793,101.1443,106.6136
2007-06-25,SPY,stock,150.24,151.25,149.02,149.83,232014400,2007-06-25,2007-06-25,45.3349,107.7816,101.0989,106.6527
2007-06-22,SPY,stock,151.52,151.77,149.85,150.55,204964700,2007-06-22,2007-06-22,47.8516,107.8897,101.0421,106.6485
2007-06-21,SPY,stock,151.08,152.11,150.25,151.98,205262000,2007-06-21,2007-06-21,53.3094,107.9552,100.9795,106.6232
2007-06-20,SPY,stock,153.58,153.58,150.96,151.14,177119700,2007-06-20,2007-06-20,50.2120,107.9203,100.9060,106.5553
2007-06-19,SPY,stock,152.55,153.38,152.36,153.27,110851700,2007-06-19,2007-06-19,59.5073,107.9447,100.8379,106.5091
2007-06-18,SPY,stock,153.38,153.39,152.66,152.89,88537500,2007-06-18,2007-06-18,58.2262,107.8120,100.7538,106.3990
2007-06-15,SPY,stock,153.14,153.66,152.93,153.07,154030800,2007-06-15,2007-06-15,59.0479,107.6938,100.6716,106.2955
2007-06-14,SPY,stock,152.06,153.12,152.03,152.86,146396500,2007-06-14,2007-06-14,56.3062,107.5496,100.5872,106.1825
2007-06-13,SPY,stock,150.5,152.07,149.72,151.89,193208200,2007-06-13,2007-06-13,53.0344,107.4549,100.5082,106.0900
2007-06-12,SPY,stock,150.67,151.54,149.55,149.65,233898000,2007-06-12,2007-06-12,44.0506,107.4227,100.4353,106.0218
2007-06-11,SPY,stock,150.93,151.95,150.7,151.3,102015600,2007-06-11,2007-06-11,50.6816,107.5544,100.3777,106.0157
2007-06-08,SPY,stock,149.58,151.19,149.09,151.04,175886000,2007-06-08,2007-06-08,49.5709,107.5767,100.3077,105.9616
2007-06-07,SPY,stock,151.56,152.5,149.06,149.1,232414600,2007-06-07,2007-06-07,40.2467,107.6208,100.2388,105.9127
2007-06-06,SPY,stock,152.86,152.95,151.75,151.84,164096800,2007-06-06,2007-06-06,53.1302,107.8144,100.1831,105.9181
2007-06-05,SPY,stock,153.74,153.9,152.86,153.49,126917900,2007-06-05,2007-06-05,64.7142,107.8237,100.1073,105.8443
2007-06-04,SPY,stock,153.54,154.39,153.48,154.1,78008800,2007-06-04,2007-06-04,69.9497,107.7109,100.0190,105.7197
2007-06-01,SPY,stock,153.88,154.4,153.51,154.08,107771700,2007-06-01,2007-06-01,69.8755,107.5405,99.9254,105.5724
2007-05-31,SPY,stock,153.67,153.89,153.12,153.32,114866700,2007-05-31,2007-05-31,67.0004,107.3538,99.8310,105.4197
2007-05-30,SPY,stock,151.46,153.54,151.34,153.48,129013600,2007-05-30,2007-05-30,68.2741,107.2041,99.7412,105.2827
2007-05-29,SPY,stock,151.94,152.5,151.45,152.24,82020000,2007-05-29,2007-05-29,63.2454,107.0268,99.6492,105.1355
2007-05-25,SPY,stock,151.5,152.02,151.18,151.69,83309200,2007-05-25,2007-05-25,60.6783,106.9233,99.5652,105.0182
2007-05-24,SPY,stock,152.53,153.21,150.74,151.06,187593000,2007-05-24,2007-05-24,57.5227,106.8501,99.4843,104.9121
2007-05-23,SPY,stock,152.95,153.5,152.36,152.44,133786600,2007-05-23,2007-05-23,68.7437,106.8162,99.4070,104.8198
2007-05-22,SPY,stock,152.7,153.16,152.38,152.42,82148800,2007-05-22,2007-05-22,68.6614,106.6757,99.3191,104.6838
2007-05-21,SPY,stock,152.58,153.23,152.5,152.54,174664600,2007-05-21,2007-05-21,69.6832,106.5219,99.2305,104.5429
2007-05-18,SPY,stock,152.01,152.62,151.81,152.62,99182000,2007-05-18,2007-05-18,70.3312,106.3429,99.1401,104.3927
2007-05-17,SPY,stock,151.38,151.96,151.11,151.3,101132800,2007-05-17,2007-05-17,65.4021,106.1391,99.0483,104.2341
2007-05-16,SPY,stock,150.8,151.63,150.38,151.6,114166500,2007-05-16,2007-05-16,67.7785,106.0125,98.9649,104.1072
2007-05-15,SPY,stock,150.7,151.66,150.19,150.57,180673300,2007-05-15,2007-05-15,63.5569,105.8501,98.8786,103.9665
2007-05-14,SPY,stock,150.86,151.3,149.79,150.53,108027500,2007-05-14,2007-05-14,63.3838,105.7475,98.7987,103.8498
2007-05-11,SPY,stock,149.75,150.93,149.72,150.86,113408900,2007-05-11,2007-05-11,65.7759,105.6371,98.7183,103.7296
2007-05-10,SPY,stock,150.73,151.02,149.27,149.58,153617800,2007-05-10,2007-05-10,60.3922,105.4905,98.6348,103.5949
2007-05-09,SPY,stock,150.64,152.82,150.37,151.16,102070100,2007-05-09,2007-05-09,73.6767,105.4240,98.5596,103.4917
2007-05-08,SPY,stock,150.58,150.92,150.13,150.75,80584000,2007-05-08,2007-05-08,72.2033,105.2325,98.4723,103.3386
2007-05-07,SPY,stock,150.88,151.2,150.81,150.95,63461400,2007-05-07,2007-05-07,74.0815,105.0515,98.3871,103.1911
2007-05-04,SPY,stock,150.75,151.12,150.22,150.92,96409000,2007-05-04,2007-05-04,73.9872,104.8365,98.2996,103.0318
2007-05-03,SPY,stock,149.97,150.4,149.73,150.35,86569700,2007-05-03,2007-05-03,72.2040,104.6011,98.2114,102.8669
2007-05-02,SPY,stock,148.9,149.95,148.75,149.54,87129800,2007-05-02,2007-05-02,69.4395,104.3835,98.1264,102.7117
2007-05-01,SPY,stock,148.42,149.47,147.67,148.67,134342700,2007-05-01,2007-05-01,66.0745,104.2034,98.0463,102.5737
2007-04-30,SPY,stock,149.64,149.74,148.21,148.29,100874100,2007-04-30,2007-04-30,64.4885,104.0694,97.9716,102.4552
2007-04-27,SPY,stock,149.09,149.74,148.84,149.53,108191100,2007-04-27,2007-04-27,75.1308,103.9497,97.8989,102.3429
2007-04-26,SPY,stock,149.49,149.8,149.1,149.65,88741600,2007-04-26,2007-04-26,76.2616,103.7248,97.8166,102.1901
2007-04-25,SPY,stock,148.73,149.66,148.02,149.48,108418800,2007-04-25,2007-04-25,75.7821,103.4672,97.7327,102.0276
2007-04-24,SPY,stock,148.23,148.4,147.32,148.12,114471000,2007-04-24,2007-04-24,71.5061,103.1952,97.6491,101.8633
2007-04-23,SPY,stock,148.37,148.73,147.97,148.06,77270800,2007-04-23,2007-04-23,71.2985,102.9961,97.5743,101.7318
2007-04-20,SPY,stock,148.22,148.62,147.04,148.62,124114100,2007-04-20,2007-04-20,76.1040,102.7806,97.4992,101.5966
2007-04-19,SPY,stock,146.55,147.4,146.36,147.23,102947700,2007-04-19,2007-04-19,71.7091,102.5005,97.4194,101.4397
2007-04-18,SPY,stock,146.6,147.7,146.57,147.27,88345300,2007-04-18,2007-04-18,72.0633,102.2948,97.3487,101.3166
2007-04-17,SPY,stock,146.97,147.4,146.65,147.09,108424100,2007-04-17,2007-04-17,71.4746,102.0645,97.2770,101.1874
2007-04-16,SPY,stock,145.83,146.86,145.82,146.7,83064600,2007-04-16,2007-04-16,70.2117,101.8233,97.2059,101.0581
2007-04-13,SPY,stock,144.9,145.32,144.36,145.32,84287000,2007-04-13,2007-04-13,65.1409,101.5859,97.1368,100.9348
2007-04-12,SPY,stock,143.74,144.92,143.34,144.66,115534400,2007-04-12,2007-04-12,62.2901,101.4265,97.0769,100.8464
2007-04-11,SPY,stock,144.82,144.86,143.54,144.02,106365700,2007-04-11,2007-04-11,59.2924,101.2997,97.0210,100.7735
2007-04-10,SPY,stock,144.33,144.85,144.27,144.61,56620000,2007-04-10,2007-04-10,63.6217,101.2073,96.9692,100.7162
2007-04-09,SPY,stock,144.65,144.8,144.15,144.44,50967400,2007-04-09,2007-04-09,62.8969,101.0611,96.9127,100.6395
2007-04-05,SPY,stock,143.67,144.44,143.61,144.24,46822800,2007-04-05,2007-04-05,62.0713,100.9122,96.8568,100.5646
2007-04-04,SPY,stock,143.69,143.95,143.16,143.85,63995200,2007-04-04,2007-04-04,60.4790,100.7626,96.8017,100.4924
2007-04-03,SPY,stock,142.97,143.98,142.91,143.69,82417800,2007-04-03,2007-04-03,59.8366,100.6264,96.7489,100.4285
2007-04-02,SPY,stock,142.16,142.46,141.48,142.16,79416400,2007-04-02,2007-04-02,53.0627,100.4878,96.6967,100.3667
2007-03-30,SPY,stock,142.24,142.84,140.56,142,128194100,2007-03-30,2007-03-30,52.2811,100.4488,96.6549,100.3466
2007-03-29,SPY,stock,142.54,142.61,141.19,141.97,139432700,2007-03-29,2007-03-29,52.1424,100.4177,96.6138,100.3304
2007-03-28,SPY,stock,142.14,142.47,141.26,141.82,152907900,2007-03-28,2007-03-28,51.4876,100.3855,96.5725,100.3144
2007-03-27,SPY,stock,143.12,143.16,142.39,142.86,99864600,2007-03-27,2007-03-27,56.4615,100.3612,96.5318,100.3020
2007-03-26,SPY,stock,143.5,143.65,142.09,143.2,113787500,2007-03-26,2007-03-26,58.1673,100.2567,96.4834,100.2591
2007-03-23,SPY,stock,143.28,143.81,143.15,143.39,74416800,2007-03-23,2007-03-23,59.0938,100.1157,96.4320,100.2045
2007-03-22,SPY,stock,143.48,143.68,142.79,143.18,118942200,2007-03-22,2007-03-22,58.4140,99.9457,96.3787,100.1422
2007-03-21,SPY,stock,141.1,143.65,140.82,143.29,152368700,2007-03-21,2007-03-21,58.8900,99.7736,96.3264,100.0835
2007-03-20,SPY,stock,140.08,141.05,139.96,140.97,82147400,2007-03-20,2007-03-20,51.0835,99.5750,96.2728,100.0191
2007-03-19,SPY,stock,139.26,140.33,139.15,140.2,96161200,2007-03-19,2007-03-19,48.0428,99.5289,96.2353,100.0194
2007-03-16,SPY,stock,139.31,139.63,138.12,138.53,121531600,2007-03-16,2007-03-16,40.6076,99.5354,96.2028,100.0419
2007-03-15,SPY,stock,138.97,139.99,138.8,139.47,132435900,2007-03-15,2007-03-15,41.8985,99.6672,96.1819,100.1137
2007-03-14,SPY,stock,138.43,139.36,136.75,139.28,231853800,2007-03-14,2007-03-14,41.0479,99.7841,96.1580,100.1772
2007-03-13,SPY,stock,140.18,140.77,138.04,138.25,190605200,2007-03-13,2007-03-13,36.3584,99.9274,96.1352,100.2489
2007-03-12,SPY,stock,140.42,141.34,140.16,140.99,80366900,2007-03-12,2007-03-12,45.2500,100.1623,96.1196,100.3531
2007-03-09,SPY,stock,141.31,141.42,140.08,140.78,107765100,2007-03-09,2007-03-09,44.2802,100.2182,96.0843,100.3826
2007-03-08,SPY,stock,140.54,141.16,140.07,140.74,117891600,2007-03-08,2007-03-08,44.1051,100.2956,96.0501,100.4193
2007-03-07,SPY,stock,139.59,140.46,139.4,139.56,115144900,2007-03-07,2007-03-07,38.8400,100.3842,96.0159,100.4586
2007-03-06,SPY,stock,138.78,140.12,137.72,139.7,143333300,2007-03-06,2007-03-06,39.2473,100.5698,95.9897,100.5337
2007-03-05,SPY,stock,137.93,139.58,137.33,137.35,143750400,2007-03-05,2007-03-05,27.3774,100.7645,95.9623,100.6077
2007-03-02,SPY,stock,140.05,140.66,138.66,138.67,162574000,2007-03-02,2007-03-02,30.4839,101.1546,95.9512,100.7525
2007-03-01,SPY,stock,139.34,141.25,138.05,140.51,212828600,2007-03-01,2007-03-01,35.7319,101.4875,95.9307,100.8652
2007-02-28,SPY,stock,140.39,141.98,139.8,140.93,177536300,2007-02-28,2007-02-28,37.0852,101.7186,95.8970,100.9294
2007-02-27,SPY,stock,143.88,144.2,139,139.5,274466500,2007-02-27,2007-02-27,28.5275,101.9428,95.8599,100.9841
2007-02-26,SPY,stock,145.83,145.95,144.75,145.17,69192800,2007-02-26,2007-02-26,57.1471,102.2969,95.8325,101.0823
2007-02-23,SPY,stock,145.74,145.79,145.03,145.3,71966200,2007-02-23,2007-02-23,58.3944,102.2666,95.7647,101.0210
2007-02-22,SPY,stock,146.05,146.42,145.17,145.87,79067400,2007-02-22,2007-02-22,64.0892,102.2234,95.6952,100.9534
2007-02-21,SPY,stock,145.61,146.07,145.35,145.98,63971600,2007-02-21,2007-02-21,65.2291,102.1333,95.6210,100.8666
2007-02-20,SPY,stock,145.56,146.2,145,146.04,56911800,2007-02-20,2007-02-20,65.8221,102.0254,95.5452,100.7731
2007-02-16,SPY,stock,145.44,145.76,145.23,145.73,39841800,2007-02-16,2007-02-16,64.2635,101.9018,95.4683,100.6741
2007-02-15,SPY,stock,145.67,145.95,145.43,145.8,38715200,2007-02-15,2007-02-15,64.8840,101.7882,95.3928,100.5799
2007-02-14,SPY,stock,144.8,145.9,144.78,145.61,66039400,2007-02-14,2007-02-14,64.0082,101.6575,95.3160,100.4799
2007-02-13,SPY,stock,143.77,144.9,143.76,144.66,64081800,2007-02-13,2007-02-13,59.2948,101.5271,95.2399,100.3813
2007-02-12,SPY,stock,143.94,144.04,143.19,143.45,65657000,2007-02-12,2007-02-12,51.8348,101.4537,95.1697,100.3060
2007-02-09,SPY,stock,145.06,145.33,143.39,143.94,79084400,2007-02-09,2007-02-09,55.6714,101.4625,95.1073,100.2626
2007-02-08,SPY,stock,144.78,145.12,144.27,145.02,70641000,2007-02-08,2007-02-08,65.6104,101.4359,95.0409,100.2033
2007-02-07,SPY,stock,145.12,145.36,144.57,145.21,55669700,2007-02-07,2007-02-07,67.5814,101.3260,94.9662,100.1104
2007-02-06,SPY,stock,144.97,145.03,144.33,144.89,57081300,2007-02-06,2007-02-06,65.9832,101.1905,94.8893,100.0083
2007-02-05,SPY,stock,144.7,144.94,144.34,144.85,45705300,2007-02-05,2007-02-05,65.7875,101.0646,94.8140,99.9112
2007-02-02,SPY,stock,144.73,144.95,144.38,144.81,49607000,2007-02-02,2007-02-02,65.6036,100.9283,94.7381,99.8112
2007-02-01,SPY,stock,144.15,144.66,143.91,144.61,69312400,2007-02-01,2007-02-01,64.7237,100.7807,94.6618,99.7084
2007-01-31,SPY,stock,142.63,144.13,142.4,143.75,91868600,2007-01-31,2007-01-31,60.7105,100.6324,94.5862,99.6071
2007-01-30,SPY,stock,142.35,142.86,142.06,142.79,70407600,2007-01-30,2007-01-30,55.4580,100.5325,94.5159,99.5265
2007-01-29,SPY,stock,142.19,142.8,141.74,142.05,66114600,2007-01-29,2007-01-29,50.7448,100.4935,94.4517,99.4704
2007-01-26,SPY,stock,142.57,142.65,141.58,142.13,67255600,2007-01-26,2007-01-26,51.2896,100.5054,94.3921,99.4332
2007-01-25,SPY,stock,143.86,143.92,142.01,142.26,73583800,2007-01-25,2007-01-25,52.1341,100.5126,94.3313,99.3922
2007-01-24,SPY,stock,142.97,143.98,142.91,143.95,55834700,2007-01-24,2007-01-24,65.0688,100.5109,94.2690,99.3459
2007-01-23,SPY,stock,142.26,143.08,142.06,142.8,54064400,2007-01-23,2007-01-23,58.5747,100.3833,94.1941,99.2488
2007-01-22,SPY,stock,143.07,143.1,141.93,142.38,60253600,2007-01-22,2007-01-22,55.7871,100.3278,94.1266,99.1810
2007-01-19,SPY,stock,142.54,143.1,142.46,142.82,56973000,2007-01-19,2007-01-19,59.6948,100.2977,94.0614,99.1225
2007-01-18,SPY,stock,143.17,143.26,142.31,142.54,68177300,2007-01-18,2007-01-18,57.9544,100.2317,93.9925,99.0490
2007-01-17,SPY,stock,142.85,143.46,142.73,143.02,50241400,2007-01-17,2007-01-17,62.2318,100.1797,93.9248,98.9805
2007-01-16,SPY,stock,143.07,143.44,142.73,142.96,44871300,2007-01-16,2007-01-16,61.9055,100.0864,93.8530,98.8954
2007-01-12,SPY,stock,142.15,143.24,142.11,143.24,55370600,2007-01-12,2007-01-12,64.3136,99.9877,93.7809,98.8086
2007-01-11,SPY,stock,141.58,142.62,141.5,142.16,54476800,2007-01-11,2007-01-11,58.5367,99.8579,93.7062,98.7101
2007-01-10,SPY,stock,140.58,141.57,140.3,141.54,72428000,2007-01-10,2007-01-10,54.6208,99.7947,93.6383,98.6387
2007-01-09,SPY,stock,141.31,141.6,140.4,141.07,75680100,2007-01-09,2007-01-09,51.3893,99.7710,93.5742,98.5823
2007-01-08,SPY,stock,140.82,141.41,140.25,141.19,71655000,2007-01-08,2007-01-08,52.2718,99.7798,93.5127,98.5372
2007-01-05,SPY,stock,141.33,141.4,140.38,140.54,76645300,2007-01-05,2007-01-05,47.7594,99.7805,93.4498,98.4868
2007-01-04,SPY,stock,141.23,142.05,140.61,141.67,69620600,2007-01-04,2007-01-04,56.3613,99.8297,93.3909,98.4531
2007-01-03,SPY,stock,142.25,142.86,140.57,141.37,94807600,2007-01-03,2007-01-03,54.3336,99.8000,93.3233,98.3854
2006-12-29,SPY,stock,142.06,142.54,141.43,141.62,45461200,2006-12-29,2006-12-29,56.3600,99.7895,93.2572,98.3235
2006-12-28,SPY,stock,142.41,142.7,141.99,142.21,37288800,2006-12-28,2006-12-28,61.3764,99.7593,93.1887,98.2520
2006-12-27,SPY,stock,141.87,142.6,141.83,142.51,39727100,2006-12-27,2006-12-27,64.0687,99.6820,93.1153,98.1605
2006-12-26,SPY,stock,140.81,141.61,140.78,141.58,32696900,2006-12-26,2006-12-26,58.8758,99.5743,93.0390,98.0566
2006-12-22,SPY,stock,141.64,141.65,140.67,140.75,62069100,2006-12-22,2006-12-22,53.2801,99.5244,92.9686,97.9754
2006-12-21,SPY,stock,142.27,142.43,141.32,141.62,48698400,2006-12-21,2006-12-21,61.4136,99.5310,92.9033,97.9147
2006-12-20,SPY,stock,142.28,142.66,142.01,142.14,41469600,2006-12-20,2006-12-20,67.0985,99.4735,92.8312,97.8264
2006-12-19,SPY,stock,141.55,142.56,141.19,142.22,65023600,2006-12-19,2006-12-19,67.9978,99.3714,92.7547,97.7196
2006-12-18,SPY,stock,142.54,142.88,141.75,141.95,48954600,2006-12-18,2006-12-18,66.5948,99.2526,92.6769,97.6061
2006-12-15,SPY,stock,142.64,142.89,142.24,142.34,70857400,2006-12-15,2006-12-15,70.7553,99.1413,92.6002,97.4958
2006-12-14,SPY,stock,141.86,143.24,141.84,143.12,64755200,2006-12-14,2006-12-14,70.7004,98.9893,92.5199,97.3697
2006-12-13,SPY,stock,142.23,142.34,141.56,141.87,55520200,2006-12-13,2006-12-13,64.6131,98.8222,92.4389,97.2388
2006-12-12,SPY,stock,141.69,141.87,140.89,141.72,77451600,2006-12-12,2006-12-12,63.7745,98.7300,92.3660,97.1384
2006-12-11,SPY,stock,141.42,142.09,141.34,141.83,39779400,2006-12-11,2006-12-11,64.8206,98.6392,92.2933,97.0382
2006-12-08,SPY,stock,141.13,141.9,140.78,141.42,79625500,2006-12-08,2006-12-08,62.7033,98.5307,92.2192,96.9308
2006-12-07,SPY,stock,142.03,142.3,141.11,141.16,62857400,2006-12-07,2006-12-07,61.3329,98.4412,92.1472,96.8308
2006-12-06,SPY,stock,141.87,142.07,141.5,141.78,53253200,2006-12-06,2006-12-06,66.7648,98.3614,92.0764,96.7341
2006-12-05,SPY,stock,141.56,141.96,141.26,141.9,73374400,2006-12-05,2006-12-05,67.8447,98.2274,92.0004,96.6157
2006-12-04,SPY,stock,140.25,141.55,140.23,141.29,87813200,2006-12-04,2006-12-04,65.1867,98.0703,91.9228,96.4890
2006-12-01,SPY,stock,140.53,140.66,138.97,140.22,126080000,2006-12-01,2006-12-01,59.7704,97.9419,91.8488,96.3747
2006-11-30,SPY,stock,140.44,141.05,139.76,140.53,83994300,2006-11-30,2006-11-30,62.3814,97.8791,91.7815,96.2864
2006-11-29,SPY,stock,139.47,140.53,139.08,140.47,90034900,2006-11-29,2006-11-29,62.0837,97.7868,91.7114,96.1856
2006-11-28,SPY,stock,138.24,139.16,138.11,139.02,106652900,2006-11-28,2006-11-28,53.8968,97.6892,91.6411,96.0824
2006-11-27,SPY,stock,140.28,140.35,138.38,138.42,84545100,2006-11-27,2006-11-27,49.7258,97.6885,91.5802,96.0165
2006-11-24,SPY,stock,140.24,140.84,140.2,140.35,30998000,2006-11-24,2006-11-24,68.1388,97.7322,91.5230,95.9652
2006-11-22,SPY,stock,140.75,141.16,140.5,140.92,45505300,2006-11-22,2006-11-22,75.8402,97.6378,91.4516,95.8565
2006-11-21,SPY,stock,140.49,140.67,140.29,140.64,51367900,2006-11-21,2006-11-21,74.5269,97.4912,91.3754,95.7269
2006-11-20,SPY,stock,140.3,140.74,139.94,140.5,69174200,2006-11-20,2006-11-20,73.8674,97.3499,91.3004,95.6001
2006-11-17,SPY,stock,139.93,140.43,139.73,140.42,56353800,2006-11-17,2006-11-17,73.5034,97.2040,91.2257,95.4722
2006-11-16,SPY,stock,140.44,140.68,139.49,140.38,76728800,2006-11-16,2006-11-16,73.3309,97.0488,91.1508,95.3413
2006-11-15,SPY,stock,139.57,140.45,139.53,140.02,76509600,2006-11-15,2006-11-15,71.7967,96.8801,91.0754,95.2062
2006-11-14,SPY,stock,138.97,139.74,138.12,139.62,96704000,2006-11-14,2006-11-14,70.0169,96.7204,91.0018,95.0759
2006-11-13,SPY,stock,138.18,139.04,138.07,138.58,59398200,2006-11-13,2006-11-13,64.6283,96.5734,90.9303,94.9518
2006-11-10,SPY,stock,138.14,138.34,137.72,138.24,48991500,2006-11-10,2006-11-10,62.5871,96.4878,90.8655,94.8525
2006-11-09,SPY,stock,139.01,139.14,137.9,138.18,95916300,2006-11-09,2006-11-09,62.2299,96.4185,90.8023,94.7588
2006-11-08,SPY,stock,138,139.05,136.86,138.91,87517800,2006-11-08,2006-11-08,69.7531,96.3462,90.7390,94.6630
2006-11-07,SPY,stock,138.2,138.98,138,138.61,63318900,2006-11-07,2006-11-07,68.2902,96.2124,90.6699,94.5424
2006-11-06,SPY,stock,136.96,138.28,136.95,138.08,63303300,2006-11-06,2006-11-06,65.5575,96.0866,90.6021,94.4255
2006-11-03,SPY,stock,137.27,137.39,135.62,136.54,71346400,2006-11-03,2006-11-03,55.1227,95.9868,90.5375,94.3190
2006-11-02,SPY,stock,136.51,137.01,136.36,136.78,60693100,2006-11-02,2006-11-02,57.6503,95.9904,90.4831,94.2524
2006-11-01,SPY,stock,138.22,138.31,136.72,136.86,83005600,2006-11-01,2006-11-01,58.4803,95.9767,90.4264,94.1761
2006-10-31,SPY,stock,138.07,138.26,137.25,137.79,71274100,2006-10-31,2006-10-31,69.2409,95.9556,90.3686,94.0944
2006-10-30,SPY,stock,137.66,138.2,137.4,137.81,49717800,2006-10-30,2006-10-30,69.4963,95.8635,90.3037,93.9827
2006-10-27,SPY,stock,138.61,138.75,137.63,137.91,80238000,2006-10-27,2006-10-27,70.7071,95.7602,90.2379,93.8659
2006-10-26,SPY,stock,138.66,139,137.98,138.78,66843700,2006-10-26,2006-10-26,82.2880,95.6386,90.1708,93.7414
2006-10-25,SPY,stock,137.74,138.41,137.51,138.35,78105400,2006-10-25,2006-10-25,80.8484,95.4399,90.0969,93.5870
2006-10-24,SPY,stock,137.28,137.93,137.22,137.88,53234900,2006-10-24,2006-10-24,79.1264,95.2520,90.0253,93.4385
2006-10-23,SPY,stock,136.56,137.8,136.39,137.47,66219900,2006-10-23,2006-10-23,77.4867,95.0792,89.9562,93.2974
2006-10-20,SPY,stock,136.84,136.95,136.33,136.84,48094500,2006-10-20,2006-10-20,74.6448,94.9185,89.8894,93.1624
2006-10-19,SPY,stock,136.39,136.88,136.23,136.81,64063200,2006-10-19,2006-10-19,74.5025,94.7875,89.8263,93.0399
2006-10-18,SPY,stock,137.04,137.37,136.1,136.59,86848600,2006-10-18,2006-10-18,73.4892,94.6449,89.7629,92.9133
2006-10-17,SPY,stock,136.47,136.7,135.67,136.41,90500600,2006-10-17,2006-10-17,72.6639,94.5035,89.7003,92.7878
2006-10-16,SPY,stock,136.52,137.05,136.42,136.84,42273000,2006-10-16,2006-10-16,78.0542,94.3606,89.6384,92.6624
2006-10-13,SPY,stock,136.16,136.71,136.04,136.63,53944000,2006-10-13,2006-10-13,77.2903,94.1709,89.5728,92.5195
2006-10-12,SPY,stock,135.45,136.39,135.4,136.28,59158600,2006-10-12,2006-10-12,75.9971,93.9767,89.5081,92.3768
2006-10-11,SPY,stock,134.84,135.43,134.3,135.11,104071800,2006-10-11,2006-10-11,70.8434,93.7880,89.4451,92.2383
2006-10-10,SPY,stock,135.1,135.45,134.84,135.27,56403700,2006-10-10,2006-10-10,72.8291,93.6660,89.3898,92.1278
2006-10-09,SPY,stock,134.85,135.3,134.64,135.09,41176800,2006-10-09,2006-10-09,72.0095,93.5192,89.3329,92.0081
2006-10-06,SPY,stock,134.95,135.1,134.4,135.01,64983600,2006-10-06,2006-10-06,71.6567,93.3704,89.2766,91.8887
2006-10-05,SPY,stock,134.92,135.41,134.75,135.18,60505900,2006-10-05,2006-10-05,73.4844,93.2118,89.2203,91.7667
2006-10-04,SPY,stock,133.23,135,133.08,134.92,80890500,2006-10-04,2006-10-04,72.4878,93.0239,89.1622,91.6349
2006-10-03,SPY,stock,132.89,133.87,132.65,133.36,73108100,2006-10-03,2006-10-03,65.2004,92.8355,89.1054,91.5051
2006-10-02,SPY,stock,133.54,133.83,132.95,133.08,51687400,2006-10-02,2006-10-02,63.5932,92.7426,89.0591,91.4148
2006-09-29,SPY,stock,133.8,133.94,133.48,133.58,47966600,2006-09-29,2006-09-29,68.8672,92.6607,89.0142,91.3288
2006-09-28,SPY,stock,133.74,133.99,133.28,133.69,58597500,2006-09-28,2006-09-28,70.0541,92.5332,88.9654,91.2250
2006-09-27,SPY,stock,133.49,133.97,133.27,133.74,82432200,2006-09-27,2006-09-27,70.5675,92.3841,88.9153,91.1138
2006-09-26,SPY,stock,132.5,133.6,132.4,133.58,73962700,2006-09-26,2006-09-26,69.9124,92.2156,88.8644,90.9966
2006-09-25,SPY,stock,131.73,132.85,131.05,132.48,92299100,2006-09-25,2006-09-25,64.9290,92.0412,88.8140,90.8793
2006-09-22,SPY,stock,131.67,131.68,131,131.47,65966800,2006-09-22,2006-09-22,59.1622,91.9298,88.7710,90.7887
2006-09-21,SPY,stock,132.61,132.75,131.42,131.87,88932500,2006-09-21,2006-09-21,62.9699,91.8814,88.7346,90.7233
2006-09-20,SPY,stock,132.25,132.77,132.06,132.51,75204100,2006-09-20,2006-09-20,69.6281,91.7984,88.6950,90.6439
2006-09-19,SPY,stock,132.12,132.13,131.07,131.81,92089100,2006-09-19,2006-09-19,65.9742,91.6592,88.6506,90.5428
2006-09-18,SPY,stock,131.79,132.39,131.65,132.14,64154100,2006-09-18,2006-09-18,69.6419,91.5572,88.6106,90.4576
2006-09-15,SPY,stock,132.31,132.39,131.68,131.96,76703100,2006-09-15,2006-09-15,68.7623,91.4200,88.5679,90.3596
2006-09-14,SPY,stock,131.96,132.24,131.75,132.23,57805400,2006-09-14,2006-09-14,67.2549,91.2818,88.5260,90.2627
2006-09-13,SPY,stock,131.64,132.45,131.52,132.22,62898400,2006-09-13,2006-09-13,67.2074,91.1517,88.4859,90.1706
2006-09-12,SPY,stock,130.56,131.84,130.37,131.69,69875600,2006-09-12,2006-09-12,64.6864,91.0087,88.4455,90.0751
2006-09-11,SPY,stock,129.86,130.69,129.48,130.41,68496600,2006-09-11,2006-09-11,57.3297,90.8896,88.4083,89.9909
2006-09-08,SPY,stock,130.08,130.46,129.83,130.28,45096300,2006-09-08,2006-09-08,56.4746,90.8523,88.3798,89.9397
2006-09-07,SPY,stock,130.06,130.57,129.35,129.91,86269400,2006-09-07,2006-09-07,54.0404,90.8207,88.3520,89.8902
2006-09-06,SPY,stock,131.11,131.16,130.33,130.51,53795600,2006-09-06,2006-09-06,59.0097,90.8130,88.3264,89.8492
2006-09-05,SPY,stock,131.51,131.85,131.2,131.67,52348300,2006-09-05,2006-09-05,70.6774,90.7602,88.2964,89.7895
2006-09-01,SPY,stock,131.14,131.58,130.84,131.42,48794500,2006-09-01,2006-09-01,69.4693,90.6165,88.2579,89.6941
2006-08-31,SPY,stock,130.85,130.99,130.58,130.64,37510300,2006-08-31,2006-08-31,65.3312,90.4761,88.2208,89.6020
2006-08-30,SPY,stock,130.87,131.04,130.55,130.66,50052200,2006-08-30,2006-08-30,65.5428,90.3783,88.1888,89.5284
2006-08-29,SPY,stock,130.49,130.83,129.81,130.58,61817800,2006-08-29,2006-08-29,65.1234,90.2688,88.1563,89.4513
2006-08-28,SPY,stock,129.65,130.82,129.64,130.43,52681500,2006-08-28,2006-08-28,64.3682,90.1536,88.1241,89.3732
2006-08-25,SPY,stock,129.64,130.25,129.55,129.81,41756000,2006-08-25,2006-08-25,61.1391,90.0374,88.0926,89.2963
2006-08-24,SPY,stock,129.99,130.1,129.4,129.65,57983000,2006-08-24,2006-08-24,60.2764,89.9546,88.0651,89.2339
2006-08-23,SPY,stock,130.18,130.44,129.19,129.76,66592100,2006-08-23,2006-08-23,61.1429,89.8748,88.0385,89.1736
2006-08-22,SPY,stock,129.99,130.52,129.68,130.12,60839900,2006-08-22,2006-08-22,63.9360,89.7785,88.0109,89.1077
2006-08-21,SPY,stock,130.18,130.28,129.8,130.13,42133600,2006-08-21,2006-08-21,64.0115,89.6457,87.9804,89.0288
2006-08-18,SPY,stock,130.19,130.69,129.59,130.69,58288400,2006-08-18,2006-08-18,68.1949,89.4980,87.9496,88.9463
2006-08-17,SPY,stock,129.58,130.37,129.49,130.03,70992800,2006-08-17,2006-08-17,65.7449,89.2936,87.9145,88.8446
2006-08-16,SPY,stock,129.32,129.89,129.04,129.7,71737600,2006-08-16,2006-08-16,64.4743,89.1163,87.8837,88.7575
2006-08-15,SPY,stock,128.25,128.87,127.9,128.63,68143000,2006-08-15,2006-08-15,60.0082,88.9446,87.8550,88.6763
2006-08-14,SPY,stock,127.63,128.16,126.92,127.11,57839000,2006-08-14,2006-08-14,52.0580,88.8337,87.8334,88.6223
2006-08-11,SPY,stock,127.17,127.2,126.39,127.01,47482200,2006-08-11,2006-08-11,51.4686,88.8230,87.8224,88.6095
2006-08-10,SPY,stock,126.58,127.5,126.28,127.37,69322300,2006-08-10,2006-08-10,53.6744,88.8186,87.8119,88.5991
2006-08-09,SPY,stock,128.18,128.6,126.61,126.98,78910600,2006-08-09,2006-08-09,51.5872,88.7872,87.7988,88.5780
2006-08-08,SPY,stock,128.09,128.46,126.95,127.41,90901300,2006-08-08,2006-08-08,54.0819,88.7812,87.7882,88.5671
2006-08-07,SPY,stock,127.9,128.08,127.4,127.9,45377300,2006-08-07,2006-08-07,56.9986,88.7429,87.7746,88.5435
2006-08-04,SPY,stock,129.08,129.43,127.48,128.2,96294200,2006-08-04,2006-08-04,58.8014,88.6645,87.7574,88.5050
2006-08-03,SPY,stock,127.34,128.55,127.15,128.42,63693800,2006-08-03,2006-08-03,60.0957,88.5558,87.7379,88.4563
2006-08-02,SPY,stock,127.58,128.46,127.55,128.08,64770900,2006-08-02,2006-08-02,58.7941,88.4194,87.7167,88.3993
2006-08-01,SPY,stock,127.34,127.38,126.6,127.22,65225600,2006-08-01,2006-08-01,55.3751,88.2937,87.6976,88.3498
2006-07-31,SPY,stock,127.66,127.96,127.45,127.85,49593100,2006-07-31,2006-07-31,58.6875,88.2180,87.6844,88.3227
2006-07-28,SPY,stock,127.04,128.14,126.86,127.98,82137000,2006-07-28,2006-07-28,59.3679,88.0881,87.6666,88.2766
2006-07-27,SPY,stock,127.38,127.69,126.2,126.71,87257100,2006-07-27,2006-07-27,54.5921,87.9348,87.6477,88.2249
2006-07-26,SPY,stock,126.59,127.45,126.18,126.83,84525800,2006-07-26,2006-07-26,55.1609,87.8590,87.6376,88.2073
2006-07-25,SPY,stock,125.98,127.3,125.72,126.66,95480700,2006-07-25,2006-07-25,54.5378,87.7664,87.6265,88.1856
2006-07-24,SPY,stock,124.44,126.32,124.44,126.21,92884000,2006-07-24,2006-07-24,52.9298,87.6765,87.6166,88.1679
2006-07-21,SPY,stock,125.15,125.19,123.82,123.95,101560000,2006-07-21,2006-07-21,43.6322,87.6103,87.6096,88.1623
2006-07-20,SPY,stock,126.12,126.3,124.66,124.83,112259800,2006-07-20,2006-07-20,46.9880,87.7036,87.6185,88.2210
2006-07-19,SPY,stock,124.18,126.26,123.72,125.69,133565300,2006-07-19,2006-07-19,50.5136,87.7419,87.6213,88.2569
2006-07-18,SPY,stock,123.71,124.05,122.39,123.97,122771000,2006-07-18,2006-07-18,42.5015,87.7208,87.6181,88.2698
2006-07-17,SPY,stock,123.52,124.1,123.15,123.34,81159000,2006-07-17,2006-07-17,39.1507,87.8243,87.6270,88.3323
2006-07-14,SPY,stock,124.13,124.26,122.83,123.52,103242500,2006-07-14,2006-07-14,39.7655,87.9850,87.6403,88.4154
2006-07-13,SPY,stock,125.45,125.68,124,124,102405700,2006-07-13,2006-07-13,41.3744,88.1494,87.6526,88.4967
2006-07-12,SPY,stock,127.15,127.4,125.72,126.05,82561300,2006-07-12,2006-07-12,49.2816,88.2958,87.6615,88.5676
2006-07-11,SPY,stock,126.61,127.41,125.94,127.41,73640800,2006-07-11,2006-07-11,55.8579,88.3066,87.6562,88.5829
2006-07-10,SPY,stock,126.94,127.43,126.41,126.85,60964100,2006-07-10,2006-07-10,53.4846,88.2183,87.6412,88.5600
2006-07-07,SPY,stock,127.19,127.56,126.29,126.61,81626500,2006-07-07,2006-07-07,52.4676,88.1620,87.6301,88.5521
2006-07-06,SPY,stock,127.2,127.85,127.08,127.44,50100300,2006-07-06,2006-07-06,56.4297,88.1175,87.6205,88.5507
2006-07-05,SPY,stock,127.29,127.45,126.52,127.07,69653400,2006-07-05,2006-07-05,55.0238,88.0071,87.6049,88.5256
2006-07-03,SPY,stock,127.43,128.01,127.31,127.8,23914000,2006-07-03,2006-07-03,58.4809,87.9124,87.5918,88.5100
2006-06-30,SPY,stock,127.54,127.66,126.96,127.28,54227800,2006-06-30,2006-06-30,56.6806,87.7539,87.5735,88.4730
2006-06-29,SPY,stock,125.2,127.35,125.17,127.27,110634800,2006-06-29,2006-06-29,56.6470,87.6171,87.5586,88.4493
2006-06-28,SPY,stock,124.19,124.77,123.65,124.75,62368100,2006-06-28,2006-06-28,47.0449,87.4665,87.5436,88.4249
2006-06-27,SPY,stock,125.01,125.29,123.77,123.91,69780200,2006-06-27,2006-06-27,43.1473,87.4858,87.5463,88.4715
2006-06-26,SPY,stock,124.54,125.06,124.25,124.99,37899600,2006-06-26,2006-06-26,47.3040,87.5689,87.5548,88.5439
2006-06-23,SPY,stock,124.33,125.3,124.03,124.44,54107000,2006-06-23,2006-06-23,44.7888,87.5812,87.5558,88.5885
2006-06-22,SPY,stock,124.95,125.06,124.04,124.46,74566100,2006-06-22,2006-06-22,44.8611,87.6354,87.5608,88.6506
2006-06-21,SPY,stock,124,125.7,123.96,125.01,75008200,2006-06-21,2006-06-21,46.7898,87.6937,87.5656,88.7147
2006-06-20,SPY,stock,124.01,124.81,123.72,124.09,65494700,2006-06-20,2006-06-20,42.9821,87.7177,87.5666,88.7656
2006-06-19,SPY,stock,125.4,125.48,123.55,123.67,95804400,2006-06-19,2006-06-19,41.1984,87.8120,87.5741,88.8450
2006-06-16,SPY,stock,125.29,125.56,124.46,124.65,94253500,2006-06-16,2006-06-16,44.1940,87.9472,87.5846,88.9395
2006-06-15,SPY,stock,123.95,126.36,123.86,126.12,134057000,2006-06-15,2006-06-15,47.1516,88.0244,87.5883,89.0100
2006-06-14,SPY,stock,122.84,123.63,122.34,123.5,163566400,2006-06-14,2006-06-14,35.7049,88.0426,87.5857,89.0573
2006-06-13,SPY,stock,123.74,124.84,122.55,122.55,185688800,2006-06-13,2006-06-13,30.6473,88.2549,87.6013,89.1810
2006-06-12,SPY,stock,125.88,125.93,123.82,123.99,95815900,2006-06-12,2006-06-12,34.4630,88.5592,87.6238,89.3368
2006-06-09,SPY,stock,126.36,126.96,125.29,125.35,94972200,2006-06-09,2006-06-09,38.6872,88.7899,87.6364,89.4580
2006-06-08,SPY,stock,125.58,126.5,123.87,125.75,204957200,2006-06-08,2006-06-08,40.0272,88.9452,87.6397,89.5455
2006-06-07,SPY,stock,126.91,127.65,125.79,125.86,108599400,2006-06-07,2006-06-07,40.3844,89.0875,87.6401,89.6252
2006-06-06,SPY,stock,127.21,127.38,125.76,126.81,130498600,2006-06-06,2006-06-06,43.4970,89.2368,87.6399,89.7050
2006-06-05,SPY,stock,128.85,128.86,126.77,127.12,86105100,2006-06-05,2006-06-05,44.5371,89.3321,87.6329,89.7611
2006-06-02,SPY,stock,129.25,129.43,128.32,129,91702600,2006-06-02,2006-06-02,51.4678,89.4147,87.6237,89.8106
2006-06-01,SPY,stock,127.38,128.94,127.27,128.73,73721700,2006-06-01,2006-06-01,50.4393,89.3681,87.6013,89.8087
2006-05-31,SPY,stock,126.62,127.51,126.2,127.51,86926200,2006-05-31,2006-05-31,45.6023,89.3364,87.5805,89.8144
2006-05-30,SPY,stock,127.97,128,126.05,126.1,72419900,2006-05-30,2006-05-30,39.2381,89.3909,87.5680,89.8550
2006-05-26,SPY,stock,128.01,128.38,127.51,128.38,62989700,2006-05-26,2006-05-26,47.5999,89.5545,87.5653,89.9374
2006-05-25,SPY,stock,126.92,127.73,126.43,127.73,78977900,2006-05-25,2006-05-25,44.4671,89.5681,87.5466,89.9583
2006-05-24,SPY,stock,125.68,126.89,124.76,126.17,168405000,2006-05-24,2006-05-24,35.9304,89.6308,87.5323,89.9986
2006-05-23,SPY,stock,127.18,127.63,125.17,125.17,92006500,2006-05-23,2006-05-23,29.4776,89.8145,87.5288,90.0848
2006-05-22,SPY,stock,126.28,127.17,125.5,126.13,110852800,2006-05-22,2006-05-22,32.3852,90.0908,87.5322,90.2030
2006-05-19,SPY,stock,126.87,127.49,125.8,127.1,124309400,2006-05-19,2006-05-19,35.6880,90.3259,87.5289,90.2987
2006-05-18,SPY,stock,127.35,127.75,126.11,126.21,87906300,2006-05-18,2006-05-18,29.5682,90.5146,87.5188,90.3707
2006-05-17,SPY,stock,128.67,129.1,126.77,126.85,144789500,2006-05-17,2006-05-17,31.5744,90.7883,87.5148,90.4710
2006-05-16,SPY,stock,129.76,130,129.01,129.31,62137600,2006-05-16,2006-05-16,41.6645,91.0440,87.5063,90.5572
2006-05-15,SPY,stock,128.79,129.74,128.61,129.5,84029300,2006-05-15,2006-05-15,42.6419,91.1462,87.4806,90.5770
2006-05-12,SPY,stock,130.36,130.72,129.19,129.24,91726500,2006-05-12,2006-05-12,40.8798,91.2453,87.4532,90.5922
2006-05-11,SPY,stock,132.51,132.55,130.52,130.95,80626900,2006-05-11,2006-05-11,50.3209,91.3738,87.4273,90.6154
2006-05-10,SPY,stock,132.41,132.75,131.89,132.55,64378200,2006-05-10,2006-05-10,62.9530,91.3905,87.3893,90.5909
2006-05-09,SPY,stock,132.42,132.77,132.31,132.62,29864000,2006-05-09,2006-05-09,63.6015,91.2916,87.3396,90.5199
2006-05-08,SPY,stock,132.51,132.77,132.36,132.36,30016700,2006-05-08,2006-05-08,62.2605,91.1772,87.2890,90.4440
2006-05-05,SPY,stock,132.05,132.8,131.85,132.52,62588200,2006-05-05,2006-05-05,63.5995,91.0698,87.2396,90.3725
2006-05-04,SPY,stock,131.08,131.62,130.97,131.36,42921400,2006-05-04,2006-05-04,57.4369,90.9394,87.1887,90.2934
2006-05-03,SPY,stock,131.15,131.32,130.45,130.89,60821300,2006-05-03,2006-05-03,54.5414,90.8803,87.1453,90.2441
2006-05-02,SPY,stock,131.01,131.46,130.74,131.38,49063500,2006-05-02,2006-05-02,58.3866,90.8494,87.1049,90.2062
2006-05-01,SPY,stock,131.47,131.8,130.32,130.4,64990300,2006-05-01,2006-05-01,52.1173,90.7794,87.0605,90.1528
2006-04-28,SPY,stock,130.79,131.75,130.71,131.47,55854400,2006-04-28,2006-04-28,61.5130,90.7738,87.0226,90.1251
2006-04-27,SPY,stock,129.9,131.63,129.59,131.03,124478600,2006-04-27,2006-04-27,58.6677,90.6893,86.9769,90.0658
2006-04-26,SPY,stock,130.5,131.14,130.3,130.4,67262400,2006-04-26,2006-04-26,54.1623,90.6280,86.9337,90.0166
2006-04-25,SPY,stock,131.04,131.12,129.92,130.37,84359800,2006-04-25,2006-04-25,53.9403,90.6065,86.8945,89.9833
2006-04-24,SPY,stock,130.89,131.07,130.38,130.91,52546400,2006-04-24,2006-04-24,58.6916,90.5850,86.8552,89.9495
2006-04-21,SPY,stock,131.69,131.79,130.62,131.15,72342600,2006-04-21,2006-04-21,60.9054,90.5215,86.8116,89.8990
2006-04-20,SPY,stock,131,131.86,130.6,131.13,86005500,2006-04-20,2006-04-20,60.7911,90.4339,86.7660,89.8395
2006-04-19,SPY,stock,130.75,131.07,130.24,130.95,87269000,2006-04-19,2006-04-19,59.8077,90.3384,86.7200,89.7783
2006-04-18,SPY,stock,128.93,130.94,128.93,130.7,92531800,2006-04-18,2006-04-18,58.4642,90.2461,86.6748,89.7196
2006-04-17,SPY,stock,128.83,129.31,128.02,128.66,64167700,2006-04-17,2006-04-17,44.3765,90.1624,86.6309,89.6657
2006-04-13,SPY,stock,128.59,129.25,128.31,128.71,51051800,2006-04-13,2006-04-13,44.7217,90.2195,86.6009,89.6675
2006-04-12,SPY,stock,128.77,129.13,128.61,128.88,43033700,2006-04-12,2006-04-12,45.8478,90.2789,86.5702,89.6681
2006-04-11,SPY,stock,129.85,130.06,128.25,128.64,72799400,2006-04-11,2006-04-11,43.9993,90.3321,86.5380,89.6638
2006-04-10,SPY,stock,129.74,130.08,129.26,129.74,41496500,2006-04-10,2006-04-10,51.4777,90.4085,86.5071,89.6661
2006-04-07,SPY,stock,131.06,131.4,129.35,129.54,80180900,2006-04-07,2006-04-07,50.0441,90.4123,86.4683,89.6373
2006-04-06,SPY,stock,130.85,131.21,130.19,130.87,57906200,2006-04-06,2006-04-06,61.2107,90.4312,86.4305,89.6129
2006-04-05,SPY,stock,130.61,131.28,130.38,131.01,50607200,2006-04-05,2006-04-05,62.5755,90.3545,86.3829,89.5498
2006-04-04,SPY,stock,129.73,130.73,129.36,130.56,54809300,2006-04-04,2006-04-04,59.9074,90.2595,86.3339,89.4801
2006-04-03,SPY,stock,130.07,130.87,129.49,129.73,61624700,2006-04-03,2006-04-03,54.3311,90.1875,86.2876,89.4204
2006-03-31,SPY,stock,130.02,130.24,129.37,129.83,62925600,2006-03-31,2006-03-31,55.1899,90.1687,86.2466,89.3818
2006-03-30,SPY,stock,130.11,130.98,129.55,129.8,70571700,2006-03-30,2006-03-30,54.9917,90.1407,86.2045,89.3388
2006-03-29,SPY,stock,129.41,130.5,129.29,130.03,61505700,2006-03-29,2006-03-29,56.7794,90.1119,86.1622,89.2949
2006-03-28,SPY,stock,129.93,130.53,129.05,129.22,82079900,2006-03-28,2006-03-28,51.6381,90.0632,86.1179,89.2427
2006-03-27,SPY,stock,130.03,130.28,129.74,130.02,32523000,2006-03-27,2006-03-27,57.9614,90.0688,86.0788,89.2114
2006-03-24,SPY,stock,129.99,130.57,129.74,130.21,43209200,2006-03-24,2006-03-24,59.5702,90.0163,86.0337,89.1560
2006-03-23,SPY,stock,130.26,130.39,129.66,130.11,46704200,2006-03-23,2006-03-23,59.0142,89.9443,85.9868,89.0930
2006-03-22,SPY,stock,129.51,130.51,129.45,130.38,51605700,2006-03-22,2006-03-22,61.1215,89.8722,85.9401,89.0303
2006-03-21,SPY,stock,130.37,130.99,129.45,129.59,87102700,2006-03-21,2006-03-21,56.9444,89.7726,85.8911,88.9573
2006-03-20,SPY,stock,130.64,130.9,130.21,130.41,45538500,2006-03-20,2006-03-20,63.5223,89.7204,85.8471,88.9038
2006-03-17,SPY,stock,130.68,130.9,130.38,130.62,47286800,2006-03-17,2006-03-17,65.3164,89.6027,85.7969,88.8248
2006-03-16,SPY,stock,131.01,131.47,130.84,131.03,65526400,2006-03-16,2006-03-16,64.8376,89.4571,85.7448,88.7366
2006-03-15,SPY,stock,130.15,130.86,129.85,130.76,53398900,2006-03-15,2006-03-15,63.6894,89.3042,85.6928,88.6479
2006-03-14,SPY,stock,128.71,130.23,128.61,130.18,69877300,2006-03-14,2006-03-14,61.1598,89.1550,85.6423,88.5633
2006-03-13,SPY,stock,128.84,129.16,128.53,128.83,45479100,2006-03-13,2006-03-13,54.2747,89.0323,85.5953,88.4916
2006-03-10,SPY,stock,127.71,128.84,127.44,128.59,60490800,2006-03-10,2006-03-10,52.8963,88.9954,85.5572,88.4552
2006-03-09,SPY,stock,128.28,128.68,127.38,127.38,56313600,2006-03-09,2006-03-09,45.1564,88.9721,85.5204,88.4241
2006-03-08,SPY,stock,127.7,128.44,127.18,128.24,66692400,2006-03-08,2006-03-08,50.6490,89.0348,85.4917,88.4260
2006-03-07,SPY,stock,127.86,128.06,127.4,127.97,61780800,2006-03-07,2006-03-07,48.8347,89.0412,85.4567,88.4037
2006-03-06,SPY,stock,129.14,129.18,127.85,128.17,57478400,2006-03-06,2006-03-06,50.1016,89.0680,85.4233,88.3880
2006-03-03,SPY,stock,128.67,130.07,128.65,128.76,73402500,2006-03-03,2006-03-03,53.9345,89.0831,85.3881,88.3661
2006-03-02,SPY,stock,128.9,129.42,128.61,129.36,60642300,2006-03-02,2006-03-02,58.1343,89.0566,85.3484,88.3266
2006-03-01,SPY,stock,128.6,129.49,128.5,129.37,48641600,2006-03-01,2006-03-01,58.2044,88.9835,85.3042,88.2685
2006-02-28,SPY,stock,129.2,129.91,128.13,128.23,74394800,2006-02-28,2006-02-28,52.0846,88.9020,85.2594,88.2077
2006-02-27,SPY,stock,129.4,130.04,129.28,129.46,35858600,2006-02-27,2006-02-27,61.0390,88.8952,85.2222,88.1767
2006-02-24,SPY,stock,129.11,129.48,128.76,129.41,36777400,2006-02-24,2006-02-24,60.7845,88.7978,85.1759,88.1096
2006-02-23,SPY,stock,129.27,129.64,128.28,129.08,43423200,2006-02-23,2006-02-23,59.1492,88.6938,85.1296,88.0412
2006-02-22,SPY,stock,128.77,129.65,128.65,129.27,42326700,2006-02-22,2006-02-22,60.4980,88.6030,85.0851,87.9794
2006-02-21,SPY,stock,129.11,129.4,128.29,128.49,46456300,2006-02-21,2006-02-21,56.7374,88.4888,85.0389,87.9096
2006-02-17,SPY,stock,129.05,129.16,128.58,128.81,40342600,2006-02-17,2006-02-17,58.8725,88.4195,84.9976,87.8591
2006-02-16,SPY,stock,128.34,129.21,128.18,129.16,61017900,2006-02-16,2006-02-16,61.2120,88.3195,84.9536,87.7974
2006-02-15,SPY,stock,127.68,128.32,127.24,128.2,85471300,2006-02-15,2006-02-15,56.8441,88.1834,84.9068,87.7234
2006-02-14,SPY,stock,126.46,128.03,126.21,127.75,90964400,2006-02-14,2006-02-14,54.6199,88.1032,84.8662,87.6735
2006-02-13,SPY,stock,126.6,126.79,125.95,126.41,52308700,2006-02-13,2006-02-13,47.0778,88.0473,84.8284,87.6343
2006-02-10,SPY,stock,126.43,127.13,125.45,126.64,64508700,2006-02-10,2006-02-10,48.3588,88.0834,84.7995,87.6314
2006-02-09,SPY,stock,126.92,127.6,126.37,126.41,62023300,2006-02-09,2006-02-09,47.0202,88.1065,84.7687,87.6219
2006-02-08,SPY,stock,125.85,128.1,125.6,126.62,59422200,2006-02-08,2006-02-08,48.0768,88.1489,84.7392,87.6186
2006-02-07,SPY,stock,126.38,126.66,125.4,125.48,71208100,2006-02-07,2006-02-07,41.4442,88.1804,84.7079,87.6092
2006-02-06,SPY,stock,126.44,126.8,126.17,126.6,45511900,2006-02-06,2006-02-06,46.9108,88.2985,84.6843,87.6316
2006-02-03,SPY,stock,126.58,128.39,126.14,126.27,86040400,2006-02-03,2006-02-03,44.9232,88.3471,84.6526,87.6233
2006-02-02,SPY,stock,128.1,128.14,126.8,126.9,83626900,2006-02-02,2006-02-02,48.1167,88.4251,84.6229,87.6239
2006-02-01,SPY,stock,127.82,128.43,127.72,128.39,63561000,2006-02-01,2006-02-01,57.0184,88.4652,84.5885,87.6068
2006-01-31,SPY,stock,128.32,128.54,127.49,127.5,72937000,2006-01-31,2006-01-31,52.1037,88.4007,84.5434,87.5468
2006-01-30,SPY,stock,128.44,128.81,128.35,128.44,33709600,2006-01-30,2006-01-30,58.6848,88.3944,84.5040,87.5095
2006-01-27,SPY,stock,127.66,128.66,127.45,128.54,65771200,2006-01-27,2006-01-27,59.4262,88.3188,84.4577,87.4440
2006-01-26,SPY,stock,127.25,127.67,126.76,127.36,71294000,2006-01-26,2006-01-26,52.9066,88.2279,84.4102,87.3731
2006-01-25,SPY,stock,127.04,127.18,125.84,126.66,87747700,2006-01-25,2006-01-25,48.3334,88.2137,84.3705,87.3327
2006-01-24,SPY,stock,126.63,127.15,126.42,126.55,53008800,2006-01-24,2006-01-24,47.5908,88.2491,84.3353,87.3104
2006-01-23,SPY,stock,126.21,126.82,126.13,126.42,67017400,2006-01-23,2006-01-23,46.7508,88.2962,84.3004,87.2904
2006-01-20,SPY,stock,128.28,128.31,125.97,125.97,114957800,2006-01-20,2006-01-20,43.8588,88.3578,84.2661,87.2732
2006-01-19,SPY,stock,128.13,128.77,127.81,128.31,81530400,2006-01-19,2006-01-19,59.4491,88.4588,84.2347,87.2681
2006-01-18,SPY,stock,127.58,128.9,127.16,127.82,75067600,2006-01-18,2006-01-18,56.4382,88.3994,84.1865,87.1965
2006-01-17,SPY,stock,128.2,128.42,127.81,128.33,52066600,2006-01-17,2006-01-17,60.8014,88.3697,84.1414,87.1359
2006-01-13,SPY,stock,128.57,128.9,128.2,128.68,44856700,2006-01-13,2006-01-13,63.9519,88.2995,84.0922,87.0583
2006-01-12,SPY,stock,129.08,129.28,128.44,128.8,40509200,2006-01-12,2006-01-12,65.0247,88.1964,84.0400,86.9677
2006-01-11,SPY,stock,129.02,129.44,128.73,129.31,49598900,2006-01-11,2006-01-11,69.6343,88.0737,83.9865,86.8699
2006-01-10,SPY,stock,128.39,128.98,128.26,128.9,44960800,2006-01-10,2006-01-10,67.9375,87.9008,83.9290,86.7538
2006-01-09,SPY,stock,128.42,129.06,128.38,128.77,43527400,2006-01-09,2006-01-09,67.4013,87.7396,83.8737,86.6445
2006-01-06,SPY,stock,128.02,128.58,127.36,128.44,62885900,2006-01-06,2006-01-06,66.0633,87.5710,83.8187,86.5344
2006-01-05,SPY,stock,127.15,127.59,126.88,127.38,47307500,2006-01-05,2006-01-05,61.3290,87.4088,83.7655,86.4291
2006-01-04,SPY,stock,126.86,127.49,126.7,127.3,51899600,2006-01-04,2006-01-04,60.9472,87.3068,83.7192,86.3496
2006-01-03,SPY,stock,125.19,127,124.39,126.7,73256700,2006-01-03,2006-01-03,58.0637,87.2000,83.6729,86.2691
2005-12-30,SPY,stock,124.8,125.06,124.36,124.51,44645600,2005-12-30,2005-12-30,44.0664,87.1258,83.6304,86.2024
2005-12-29,SPY,stock,125.72,125.96,125.06,125.19,32788900,2005-12-29,2005-12-29,48.7587,87.2037,83.6027,86.1949
2005-12-28,SPY,stock,125.74,125.99,125.5,125.75,30764300,2005-12-28,2005-12-28,53.0810,87.2401,83.5700,86.1678
2005-12-27,SPY,stock,126.96,127.05,125.38,125.47,44499500,2005-12-27,2005-12-27,51.0670,87.2394,83.5330,86.1238
2005-12-23,SPY,stock,126.78,126.86,126.42,126.76,27977300,2005-12-23,2005-12-23,62.5538,87.2592,83.4976,86.0859
2005-12-22,SPY,stock,126.31,126.69,126.08,126.69,32247900,2005-12-22,2005-12-22,62.1246,87.1868,83.4529,86.0100
2005-12-21,SPY,stock,126.22,126.76,125.8,126.03,51806900,2005-12-21,2005-12-21,57.8990,87.1119,83.4082,85.9329
2005-12-20,SPY,stock,125.86,126.59,125.48,125.83,46603200,2005-12-20,2005-12-20,56.5345,87.0773,83.3677,85.8713
2005-12-19,SPY,stock,126.73,126.87,125.69,125.71,48733000,2005-12-19,2005-12-19,55.7352,87.0537,83.3282,85.8130
2005-12-16,SPY,stock,127.28,127.36,126.36,126.36,46238300,2005-12-16,2005-12-16,61.4157,87.0363,83.2891,85.7556
2005-12-15,SPY,stock,127.84,128,127.18,127.44,55900300,2005-12-15,2005-12-15,65.2761,86.9697,83.2451,85.6775
2005-12-14,SPY,stock,127.19,128.09,127.14,127.81,64375000,2005-12-14,2005-12-14,68.9211,86.8664,83.1978,85.5847
2005-12-13,SPY,stock,126.42,127.7,126.29,127.31,88630900,2005-12-13,2005-12-13,66.5793,86.7253,83.1474,85.4777
2005-12-12,SPY,stock,126.71,126.86,125.96,126.45,48389900,2005-12-12,2005-12-12,62.0070,86.6057,83.1000,85.3804
2005-12-09,SPY,stock,126.16,126.78,125.82,126.33,50744500,2005-12-09,2005-12-09,61.3214,86.5360,83.0582,85.3033
2005-12-08,SPY,stock,126.22,126.82,125.48,126,62608600,2005-12-08,2005-12-08,59.4530,86.4676,83.0167,85.2265
2005-12-07,SPY,stock,126.77,126.87,125.68,126.08,66816500,2005-12-07,2005-12-07,60.1066,86.4161,82.9771,85.1559
2005-12-06,SPY,stock,127.05,127.74,126.63,126.82,57935200,2005-12-06,2005-12-06,66.3744,86.3533,82.9365,85.0801
2005-12-05,SPY,stock,126.7,126.73,126.18,126.58,59273400,2005-12-05,2005-12-05,65.2842,86.2301,82.8904,84.9804
2005-12-02,SPY,stock,126.77,127.08,126.5,126.85,46699400,2005-12-02,2005-12-02,67.5728,86.1114,82.8455,84.8833
2005-12-01,SPY,stock,126.02,127.03,125.98,126.69,65468200,2005-12-01,2005-12-01,66.9350,85.9606,82.7983,84.7747
2005-11-30,SPY,stock,126.16,126.52,125.29,125.41,56007200,2005-11-30,2005-11-30,61.2767,85.8056,82.7517,84.6662
2005-11-29,SPY,stock,126.65,126.98,126.09,126.09,51738900,2005-11-29,2005-11-29,66.9264,85.7272,82.7135,84.5893
2005-11-28,SPY,stock,127.25,127.27,126.04,126.23,54498500,2005-11-28,2005-11-28,68.1273,85.5911,82.6703,84.4901
2005-11-25,SPY,stock,126.98,127.22,126.81,127.13,15270000,2005-11-25,2005-11-25,76.2995,85.4306,82.6256,84.3829
2005-11-23,SPY,stock,126.25,127.41,126.21,127.03,50854700,2005-11-23,2005-11-23,76.0025,85.1878,82.5742,84.2460
2005-11-22,SPY,stock,125.56,126.52,125.42,126.3,66438800,2005-11-22,2005-11-22,73.7748,84.9267,82.5230,84.1063
2005-11-21,SPY,stock,125.15,125.91,124.98,125.76,50021200,2005-11-21,2005-11-21,71.9886,84.6912,82.4764,83.9815
2005-11-18,SPY,stock,125.06,125.28,124.33,125.13,72437200,2005-11-18,2005-11-18,69.7572,84.4700,82.4330,83.8668
2005-11-17,SPY,stock,123.68,124.65,123.14,124.64,55717500,2005-11-17,2005-11-17,67.9110,84.2714,82.3936,83.7651
2005-11-16,SPY,stock,123.37,123.55,122.98,123.49,51133000,2005-11-16,2005-11-16,62.9870,84.0875,82.3571,83.6732
2005-11-15,SPY,stock,123.55,124.09,122.86,123.24,69592500,2005-11-15,2005-11-15,61.8039,83.9677,82.3283,83.6098
2005-11-14,SPY,stock,123.79,124.02,123.38,123.69,45092200,2005-11-14,2005-11-14,65.2924,83.8535,82.3009,83.5509
2005-11-11,SPY,stock,123.35,123.84,122.43,123.76,34867000,2005-11-11,2005-11-11,65.8291,83.6946,82.2701,83.4770
2005-11-10,SPY,stock,122.34,123.52,121.75,123.34,79048100,2005-11-10,2005-11-10,64.1890,83.5139,82.2386,83.3980
2005-11-09,SPY,stock,122.08,122.95,121.86,122.39,57666800,2005-11-09,2005-11-09,60.1743,83.3446,82.2096,83.3276
2005-11-08,SPY,stock,121.93,122.42,121.79,122.23,42152800,2005-11-08,2005-11-08,59.4636,83.2266,82.1869,83.2812
2005-11-07,SPY,stock,122.37,122.62,121.85,122.23,46765400,2005-11-07,2005-11-07,59.4636,83.1078,82.1651,83.2373
2005-11-04,SPY,stock,122.4,122.46,121.55,122.11,59156000,2005-11-04,2005-11-04,58.9903,82.9764,82.1431,83.1917
2005-11-03,SPY,stock,122.15,122.66,121.75,122.27,84897600,2005-11-03,2005-11-03,59.8555,82.8399,82.1217,83.1475
2005-11-02,SPY,stock,120.17,121.75,120.13,121.75,74012300,2005-11-02,2005-11-02,57.9963,82.6775,82.0990,83.0971
2005-11-01,SPY,stock,120.58,120.9,120.22,120.49,66365100,2005-11-01,2005-11-01,53.1101,82.5357,82.0796,83.0593
2005-10-31,SPY,stock,120.29,121.3,120.13,120.13,77698900,2005-10-31,2005-10-31,51.6169,82.4706,82.0688,83.0554
2005-10-28,SPY,stock,118.43,119.95,118.1,119.8,72322000,2005-10-28,2005-10-28,50.2689,82.4247,82.0604,83.0615
2005-10-27,SPY,stock,119.2,119.37,117.93,118.1,66623100,2005-10-27,2005-10-27,42.6217,82.3980,82.0542,83.0771
2005-10-26,SPY,stock,119.51,120.54,119.19,119.37,80855800,2005-10-26,2005-10-26,47.7111,82.4919,82.0597,83.1412
2005-10-25,SPY,stock,119.72,120.24,118.94,119.72,76594500,2005-10-25,2005-10-25,49.2149,82.5035,82.0565,83.1722
2005-10-24,SPY,stock,118.44,120.09,118.41,119.96,71308400,2005-10-24,2005-10-24,50.2229,82.4909,82.0508,83.1946
2005-10-21,SPY,stock,118.29,118.78,117.51,118.13,96579500,2005-10-21,2005-10-21,41.7803,82.4595,82.0433,83.2112
2005-10-20,SPY,stock,119.49,119.81,117.3,117.67,131966700,2005-10-20,2005-10-20,39.3804,82.5578,82.0485,83.2800
2005-10-19,SPY,stock,117.5,119.8,117.12,119.78,116563800,2005-10-19,2005-10-19,47.7669,82.6998,82.0570,83.3645
2005-10-18,SPY,stock,118.94,118.96,117.8,117.82,74996900,2005-10-18,2005-10-18,36.0131,82.7035,82.0509,83.3931
2005-10-17,SPY,stock,118.8,119.27,118.45,119.11,68109300,2005-10-17,2005-10-17,41.7556,82.8500,82.0583,83.4780
2005-10-14,SPY,stock,118.12,118.81,117.56,118.67,88651000,2005-10-14,2005-10-14,38.6576,82.9182,82.0569,83.5301
2005-10-13,SPY,stock,117.46,118.08,116.88,117.43,99052900,2005-10-13,2005-10-13,28.7389,83.0255,82.0584,83.5967
2005-10-12,SPY,stock,118.39,119.13,117.41,117.5,100510400,2005-10-12,2005-10-12,28.9845,83.2342,82.0687,83.7009
2005-10-11,SPY,stock,118.99,119.39,118.32,118.43,75629800,2005-10-11,2005-10-11,32.4016,83.4598,82.0785,83.8074
2005-10-10,SPY,stock,119.68,119.71,118.3,118.6,52677000,2005-10-10,2005-10-10,33.0632,83.6415,82.0820,83.8921
2005-10-07,SPY,stock,119.7,120.05,119.13,119.61,75661400,2005-10-07,2005-10-07,37.2606,83.8300,82.0843,83.9754
2005-10-06,SPY,stock,119.78,120.26,118.17,119.2,140941800,2005-10-06,2005-10-06,34.1074,83.9651,82.0796,84.0337
2005-10-05,SPY,stock,121.25,121.31,119.57,119.63,106052100,2005-10-05,2005-10-05,35.8627,84.1441,82.0778,84.1059
2005-10-04,SPY,stock,122.79,123.03,121.16,121.22,60776300,2005-10-04,2005-10-04,43.5600,84.3107,82.0729,84.1690
2005-10-03,SPY,stock,122.96,123.34,122.45,122.6,50994800,2005-10-03,2005-10-03,52.6709,84.3793,82.0570,84.1898
2005-09-30,SPY,stock,122.62,123.04,121.74,123.04,47824200,2005-09-30,2005-09-30,56.1479,84.3550,82.0313,84.1726
2005-09-29,SPY,stock,121.55,122.86,121.08,122.66,66607700,2005-09-29,2005-09-29,53.6967,84.2960,82.0023,84.1424
2005-09-28,SPY,stock,121.93,122.12,121.2,121.67,58620500,2005-09-28,2005-09-28,46.4561,84.2585,81.9757,84.1215
2005-09-27,SPY,stock,121.52,121.99,121.02,121.55,66150800,2005-09-27,2005-09-27,45.4968,84.2890,81.9557,84.1278
2005-09-26,SPY,stock,122.02,122.24,121.08,121.58,70415400,2005-09-26,2005-09-26,45.6868,84.3314,81.9363,84.1376
2005-09-23,SPY,stock,121.24,121.89,120.9,121.44,59368100,2005-09-23,2005-09-23,44.6858,84.3761,81.9164,84.1470
2005-09-22,SPY,stock,120.95,121.66,120.44,121.34,84597200,2005-09-22,2005-09-22,44.0012,84.4356,81.8974,84.1608
2005-09-21,SPY,stock,121.79,121.87,120.78,120.91,94469100,2005-09-21,2005-09-21,41.0902,84.5087,81.8789,84.1779
2005-09-20,SPY,stock,123.2,123.61,121.87,122.05,84480300,2005-09-20,2005-09-20,47.1204,84.6207,81.8631,84.2078
2005-09-19,SPY,stock,123.47,123.55,122.64,123.09,53355300,2005-09-19,2005-09-19,53.8100,84.6617,81.8393,84.2069
2005-09-16,SPY,stock,123.3,123.74,122.87,123.5,75424100,2005-09-16,2005-09-16,56.7598,84.6314,81.8081,84.1766
2005-09-15,SPY,stock,123.59,123.65,122.9,123.15,73156900,2005-09-15,2005-09-15,51.5370,84.5682,81.7737,84.1335
2005-09-14,SPY,stock,123.74,123.92,123.02,123.21,57694600,2005-09-14,2005-09-14,51.9379,84.5614,81.7449,84.1131
2005-09-13,SPY,stock,124.13,124.42,123.52,123.66,58427500,2005-09-13,2005-09-13,54.9134,84.5495,81.7155,84.0902
2005-09-12,SPY,stock,124.45,124.67,124.27,124.35,33017600,2005-09-12,2005-09-12,59.7902,84.5038,81.6827,84.0537
2005-09-09,SPY,stock,123.83,124.74,123.8,124.6,43093900,2005-09-09,2005-09-09,61.6318,84.4034,81.6447,83.9964
2005-09-08,SPY,stock,123.66,124,123.31,123.5,39068700,2005-09-08,2005-09-08,56.1085,84.2743,81.6047,83.9298
2005-09-07,SPY,stock,123.63,124.13,123.46,123.91,41749700,2005-09-07,2005-09-07,59.0506,84.2113,81.5718,83.8912
2005-09-06,SPY,stock,122.66,123.8,122.65,123.7,57251300,2005-09-06,2005-09-06,58.0032,84.1119,81.5358,83.8396
2005-09-02,SPY,stock,122.85,122.88,122.04,122.27,47653400,2005-09-02,2005-09-02,49.9010,84.0172,81.5009,83.7918
2005-09-01,SPY,stock,122.52,123.15,121.14,122.49,74578700,2005-09-01,2005-09-01,51.3153,84.0161,81.4755,83.7822
2005-08-31,SPY,stock,121.19,122.66,120.74,122.58,102945200,2005-08-31,2005-08-31,51.8738,83.9989,81.4483,83.7660
2005-08-30,SPY,stock,121.25,121.3,120.39,121.05,74160200,2005-08-30,2005-08-30,41.8903,83.9734,81.4202,83.7466
2005-08-29,SPY,stock,120.41,121.78,120.38,121.69,56179200,2005-08-29,2005-08-29,45.5615,84.0558,81.4024,83.7693
2005-08-26,SPY,stock,121.48,121.49,120.68,120.76,61956800,2005-08-26,2005-08-26,38.2607,84.1007,81.3801,83.7750
2005-08-25,SPY,stock,121.35,121.67,121.21,121.59,35631100,2005-08-25,2005-08-25,43.0447,84.2176,81.3639,83.8070
2005-08-24,SPY,stock,121.94,122.73,121.09,121.15,79104600,2005-08-24,2005-08-24,39.3092,84.2867,81.3418,83.8170
2005-08-23,SPY,stock,122.5,122.61,121.15,122.24,55168600,2005-08-23,2005-08-23,46.2935,84.3949,81.3225,83.8398
2005-08-22,SPY,stock,122.58,123.23,121.88,122.47,69912000,2005-08-22,2005-08-22,47.9633,84.4357,81.2955,83.8330
2005-08-19,SPY,stock,122.63,122.82,122.2,122.47,39842100,2005-08-19,2005-08-19,47.9633,84.4641,81.2667,83.8194
2005-08-18,SPY,stock,122.05,122.56,121.84,122.19,53388600,2005-08-18,2005-08-18,45.9156,84.4955,81.2376,83.8053
2005-08-17,SPY,stock,122.19,122.87,122.03,122.2,62275100,2005-08-17,2005-08-17,45.9756,84.5505,81.2101,83.7984
2005-08-16,SPY,stock,123.44,123.52,122.09,122.21,71942100,2005-08-16,2005-08-16,46.0314,84.6105,81.1822,83.7910
2005-08-15,SPY,stock,123.22,123.87,122.83,123.82,36208500,2005-08-15,2005-08-15,56.2471,84.6762,81.1540,83.7830
2005-08-12,SPY,stock,123.57,123.69,122.75,123.06,54776900,2005-08-12,2005-08-12,51.5323,84.6322,81.1144,83.7295
2005-08-11,SPY,stock,123.27,124.03,123.01,123.82,58570200,2005-08-11,2005-08-11,57.2621,84.6387,81.0797,83.6952
2005-08-10,SPY,stock,123.82,124.5,122.82,123.33,72863700,2005-08-10,2005-08-10,54.2143,84.5908,81.0394,83.6381
2005-08-09,SPY,stock,123.06,123.59,122.87,123.39,47170000,2005-08-09,2005-08-09,54.6575,84.5733,81.0020,83.5924
2005-08-08,SPY,stock,123.15,123.41,122.38,122.65,47616000,2005-08-08,2005-08-08,49.9739,84.5497,80.9639,83.5432
2005-08-05,SPY,stock,123.45,123.98,122.67,122.88,53595500,2005-08-05,2005-08-05,51.5095,84.5771,80.9304,83.5128
2005-08-04,SPY,stock,124.23,124.31,123.57,123.72,50855600,2005-08-04,2005-08-04,57.5015,84.5907,80.8951,83.4746
2005-08-03,SPY,stock,124.25,124.74,124.12,124.72,36837200,2005-08-03,2005-08-03,65.9871,84.5450,80.8536,83.4114
2005-08-02,SPY,stock,123.87,124.6,123.74,124.39,45147400,2005-08-02,2005-08-02,64.3762,84.4222,80.8048,83.3175
2005-08-01,SPY,stock,123.83,124.04,123.45,123.65,40418200,2005-08-01,2005-08-01,60.4786,84.3103,80.7577,83.2290
2005-07-29,SPY,stock,124.41,124.63,123.5,123.74,62358100,2005-07-29,2005-07-29,61.2352,84.2402,80.7153,83.1576
2005-07-28,SPY,stock,123.96,124.64,123.64,124.57,47880700,2005-07-28,2005-07-28,68.5828,84.1561,80.6719,83.0809
2005-07-27,SPY,stock,123.5,123.89,123.05,123.79,43181600,2005-07-27,2005-07-27,64.9085,84.0032,80.6222,82.9777
2005-07-26,SPY,stock,123.23,123.53,122.95,123.34,42758800,2005-07-26,2005-07-26,62.5629,83.8906,80.5775,82.8922
2005-07-25,SPY,stock,123.41,123.95,122.85,123.19,57301600,2005-07-25,2005-07-25,61.7720,83.7987,80.5354,82.8158
2005-07-22,SPY,stock,122.88,123.56,122.63,123.54,52607100,2005-07-22,2005-07-22,64.7352,83.7080,80.4940,82.7405
2005-07-21,SPY,stock,123.55,123.61,122.47,122.72,101110900,2005-07-21,2005-07-21,60.6263,83.5824,80.4497,82.6523
2005-07-20,SPY,stock,122.59,123.73,122.3,123.44,69477000,2005-07-20,2005-07-20,66.9902,83.5030,80.4106,82.5835
2005-07-19,SPY,stock,122.71,123.11,122.41,123.02,59165700,2005-07-19,2005-07-19,65.0002,83.3630,80.3662,82.4917
2005-07-18,SPY,stock,122.5,122.63,122.05,122.35,56598400,2005-07-18,2005-07-18,61.5681,83.2387,80.3242,82.4080
2005-07-15,SPY,stock,122.79,123.04,122.36,122.84,56075900,2005-07-15,2005-07-15,65.9606,83.1499,80.2864,82.3396
2005-07-14,SPY,stock,122.98,123.44,122.49,122.91,63638800,2005-07-14,2005-07-14,66.5909,83.0162,80.2449,82.2547
2005-07-13,SPY,stock,122.27,122.52,121.99,122.43,41182300,2005-07-13,2005-07-13,64.4267,82.8633,80.2024,82.1644
2005-07-12,SPY,stock,121.99,122.63,121.64,122.26,51871100,2005-07-12,2005-07-12,63.6524,82.7291,80.1629,82.0838
2005-07-11,SPY,stock,121.33,122.1,121.31,121.94,49688300,2005-07-11,2005-07-11,62.2148,82.5931,80.1241,82.0047
2005-07-08,SPY,stock,119.97,121.32,119.72,121.32,64491200,2005-07-08,2005-07-08,59.3202,82.4659,80.0871,81.9314
2005-07-07,SPY,stock,118.29,119.95,118.26,119.95,103268800,2005-07-07,2005-07-07,51.7333,82.3702,80.0541,81.8724
2005-07-06,SPY,stock,120.39,120.65,119.41,119.48,52363600,2005-07-06,2005-07-06,48.6846,82.3635,80.0302,81.8495
2005-07-05,SPY,stock,119.25,120.65,119.19,120.49,51549000,2005-07-05,2005-07-05,55.7058,82.3901,80.0093,81.8389
2005-07-01,SPY,stock,119.45,119.8,119.21,119.53,49737500,2005-07-01,2005-07-01,49.2453,82.3464,79.9812,81.7994
2005-06-30,SPY,stock,120.22,120.32,118.95,119.18,62288800,2005-06-30,2005-06-30,46.6090,82.3676,79.9594,81.7853
2005-06-29,SPY,stock,120.37,120.4,119.76,119.83,42316500,2005-06-29,2005-06-29,51.1947,82.4163,79.9399,81.7804
2005-06-28,SPY,stock,119.4,120.24,119.37,120.15,41174200,2005-06-28,2005-06-28,53.6058,82.4231,79.9156,81.7571
2005-06-27,SPY,stock,118.97,119.41,118.75,119.15,48183800,2005-06-27,2005-06-27,46.2619,82.4075,79.8889,81.7239
2005-06-24,SPY,stock,119.88,120.01,118.84,118.98,58572500,2005-06-24,2005-06-24,44.8847,82.4626,79.8689,81.7174
2005-06-23,SPY,stock,121.32,121.6,119.83,119.86,62185600,2005-06-23,2005-06-23,51.1907,82.5358,79.8498,81.7153
2005-06-22,SPY,stock,121.68,121.94,121.07,121.57,46310100,2005-06-22,2005-06-22,68.5747,82.5530,79.8245,81.6885
2005-06-21,SPY,stock,121.5,121.65,121.03,121.47,39879800,2005-06-21,2005-06-21,67.9844,82.4484,79.7870,81.6127
2005-06-20,SPY,stock,121.08,121.84,120.94,121.4,41019400,2005-06-20,2005-06-20,67.5886,82.3400,79.7499,81.5365
2005-06-17,SPY,stock,121.54,121.9,121.22,121.36,51529400,2005-06-17,2005-06-17,67.3745,82.2252,79.7130,81.4592
2005-06-16,SPY,stock,121.06,121.64,120.92,121.4,46564500,2005-06-16,2005-06-16,64.9814,82.1012,79.6759,81.3799
2005-06-15,SPY,stock,121.16,121.24,120.23,121.09,53195600,2005-06-15,2005-06-15,63.2477,81.9965,79.6415,81.3098
2005-06-14,SPY,stock,120.45,121.2,120.38,120.86,33857100,2005-06-14,2005-06-14,61.9499,81.9030,79.6089,81.2456
2005-06-13,SPY,stock,119.94,121.08,119.81,120.58,49383200,2005-06-13,2005-06-13,60.3679,81.8163,79.5776,81.1851
2005-06-10,SPY,stock,120.56,120.65,119.6,120.2,36465300,2005-06-10,2005-06-10,58.1765,81.7406,79.5478,81.1300
2005-06-09,SPY,stock,119.74,120.58,119.44,120.48,56653300,2005-06-09,2005-06-09,60.4641,81.6843,79.5204,81.0832
2005-06-08,SPY,stock,120.43,120.59,119.67,119.91,46881200,2005-06-08,2005-06-08,57.2896,81.6020,79.4908,81.0268
2005-06-07,SPY,stock,120.39,121.25,120.01,120.13,66501300,2005-06-07,2005-06-07,58.9870,81.5520,79.4648,80.9839
2005-06-06,SPY,stock,119.95,120.2,119.55,120.04,36046400,2005-06-06,2005-06-06,58.5201,81.4810,79.4371,80.9332
2005-06-03,SPY,stock,120.55,120.89,119.73,120.15,60999400,2005-06-03,2005-06-03,59.2861,81.4089,79.4096,80.8829
2005-06-02,SPY,stock,120.23,120.84,120.1,120.76,39704500,2005-06-02,2005-06-02,63.5706,81.3213,79.3812,80.8275
2005-06-01,SPY,stock,119.52,120.92,119.45,120.5,69611000,2005-06-01,2005-06-01,62.4979,81.1806,79.3483,80.7527
2005-05-31,SPY,stock,120.08,120.17,119.4,119.48,43377200,2005-05-31,2005-05-31,57.9920,81.0438,79.3168,80.6822
2005-05-27,SPY,stock,120.06,120.25,119.8,120.25,24596100,2005-05-27,2005-05-27,63.3255,80.9660,79.2920,80.6373
2005-05-26,SPY,stock,119.79,120.21,119.62,120.05,43256200,2005-05-26,2005-05-26,62.4935,80.8246,79.2617,80.5691
2005-05-25,SPY,stock,119.35,119.87,118.83,119.41,47608800,2005-05-25,2005-05-25,59.7826,80.6827,79.2324,80.5036
2005-05-24,SPY,stock,119.44,119.83,119.2,119.5,50654100,2005-05-24,2005-05-24,60.3522,80.5720,79.2073,80.4534
2005-05-23,SPY,stock,119.21,120.04,119.19,119.78,51047900,2005-05-23,2005-05-23,62.0604,80.4432,79.1813,80.3986
2005-05-20,SPY,stock,119.34,119.39,118.74,119.12,46345500,2005-05-20,2005-05-20,59.5547,80.2806,79.1531,80.3337
2005-05-19,SPY,stock,119.02,119.41,118.7,119.29,61768100,2005-05-19,2005-05-19,60.5106,80.1485,79.1291,80.2847
2005-05-18,SPY,stock,118.09,119.08,118.01,118.79,77944900,2005-05-18,2005-05-18,58.7003,79.9902,79.1037,80.2288
2005-05-17,SPY,stock,116.41,117.7,116.16,117.58,61071800,2005-05-17,2005-05-17,53.9571,79.8513,79.0816,80.1847
2005-05-16,SPY,stock,115.7,116.84,115.66,116.8,49207000,2005-05-16,2005-05-16,50.5582,79.7850,79.0675,80.1726
2005-05-13,SPY,stock,116.3,116.62,114.8,115.72,85267000,2005-05-13,2005-05-13,45.3734,79.7678,79.0587,80.1818
2005-05-12,SPY,stock,117.32,117.59,115.95,115.95,95086800,2005-05-12,2005-05-12,46.3342,79.8267,79.0571,80.2215
2005-05-11,SPY,stock,116.93,117.4,115.85,117.24,91647400,2005-05-11,2005-05-11,52.0778,79.8752,79.0540,80.2564
2005-05-10,SPY,stock,117.36,117.5,116.39,116.6,74613500,2005-05-10,2005-05-10,49.1754,79.8358,79.0420,80.2567
2005-05-09,SPY,stock,117.21,118.08,117.05,117.82,43750500,2005-05-09,2005-05-09,55.0804,79.8384,79.0343,80.2749
2005-05-06,SPY,stock,117.93,117.99,117.06,117.09,67415400,2005-05-06,2005-05-06,51.8691,79.7534,79.0181,80.2597
2005-05-05,SPY,stock,117.67,118,116.74,117.46,96906700,2005-05-05,2005-05-05,53.6751,79.7121,79.0068,80.2644
2005-05-04,SPY,stock,116.65,117.75,116.28,117.5,81055700,2005-05-04,2005-05-04,53.8633,79.6397,78.9928,80.2588
2005-05-03,SPY,stock,116.07,116.85,115.69,116.6,86000300,2005-05-03,2005-05-03,50.2151,79.5568,78.9784,80.2520
2005-05-02,SPY,stock,116.07,116.41,115.52,116.4,56026400,2005-05-02,2005-05-02,49.3893,79.5301,78.9700,80.2700
2005-04-29,SPY,stock,115.07,115.87,113.97,115.75,103993800,2005-04-29,2005-04-29,46.7223,79.5149,78.9629,80.2943
2005-04-28,SPY,stock,115.27,115.68,114.2,114.2,72481500,2005-04-28,2005-04-28,39.6843,79.5450,78.9602,80.3378
2005-04-27,SPY,stock,114.86,116.07,114.44,115.65,84131900,2005-04-27,2005-04-27,44.8284,79.6899,78.9682,80.4263
2005-04-26,SPY,stock,115.96,116.77,115.15,115.2,72626000,2005-04-26,2005-04-26,42.6874,79.7457,78.9663,80.4780
2005-04-25,SPY,stock,115.86,116.5,115.72,116.33,52284100,2005-04-25,2005-04-25,46.9342,79.8397,78.9674,80.5443
2005-04-22,SPY,stock,115.74,116.5,114.27,115.57,88845800,2005-04-22,2005-04-22,43.4187,79.8621,78.9608,80.5818
2005-04-21,SPY,stock,114.79,116.21,114.38,116.01,86952200,2005-04-21,2005-04-21,45.0221,79.9417,78.9593,80.6421
2005-04-20,SPY,stock,115.38,115.63,113.55,113.8,107735900,2005-04-20,2005-04-20,33.5828,79.9980,78.9548,80.6925
2005-04-19,SPY,stock,115.1,115.53,114.83,115.41,64930100,2005-04-19,2005-04-19,39.0841,80.2194,78.9655,80.8067
2005-04-18,SPY,stock,114.12,114.96,113.96,114.5,100035200,2005-04-18,2005-04-18,33.3541,80.3482,78.9652,80.8806
2005-04-15,SPY,stock,115.74,116.2,114.1,114.15,128677300,2005-04-15,2005-04-15,31.0374,80.5560,78.9711,80.9829
2005-04-14,SPY,stock,117.4,117.5,115.77,115.77,96119800,2005-04-14,2005-04-14,36.4890,80.8110,78.9795,81.0992
2005-04-13,SPY,stock,118.56,118.8,117.13,117.3,65949000,2005-04-13,2005-04-13,43.1332,80.9761,78.9769,81.1749
2005-04-12,SPY,stock,117.89,119.06,117.07,118.7,86144800,2005-04-12,2005-04-12,51.0279,81.0483,78.9637,81.2111
2005-04-11,SPY,stock,118.29,118.42,117.83,118.09,44945000,2005-04-11,2005-04-11,47.1114,81.0272,78.9407,81.2095
2005-04-08,SPY,stock,119.17,119.21,118,118,63772900,2005-04-08,2005-04-08,46.5255,81.0479,78.9217,81.2250
2005-04-07,SPY,stock,118.41,119.26,118.32,119.24,46734600,2005-04-07,2005-04-07,54.2085,81.0772,78.9032,81.2436
2005-04-06,SPY,stock,118.45,118.95,118.18,118.6,53268200,2005-04-06,2005-04-06,50.2729,81.0203,78.8759,81.2283
2005-04-05,SPY,stock,117.78,118.38,117.67,118.19,46853900,2005-04-05,2005-04-05,47.5936,81.0035,78.8527,81.2303
2005-04-04,SPY,stock,117.36,117.86,116.74,117.63,71581200,2005-04-04,2005-04-04,43.7496,81.0145,78.8322,81.2438
2005-04-01,SPY,stock,118.63,118.99,116.91,117.43,95255300,2005-04-01,2005-04-01,42.3472,81.0670,78.8152,81.2735
2005-03-31,SPY,stock,118.19,118.46,117.87,117.96,64575400,2005-03-31,2005-03-31,45.1150,81.1394,78.7995,81.3100
2005-03-30,SPY,stock,116.78,118.2,116.77,118.18,62002100,2005-03-30,2005-03-30,46.2809,81.1812,78.7800,81.3332
2005-03-29,SPY,stock,117.14,117.9,116.25,116.53,71160300,2005-03-29,2005-03-29,34.4905,81.2116,78.7588,81.3512
2005-03-28,SPY,stock,117.42,117.94,117.31,117.31,46765500,2005-03-28,2005-03-28,38.1677,81.3641,78.7487,81.4160
2005-03-24,SPY,stock,117.46,117.99,117.06,117.14,51932500,2005-03-24,2005-03-24,36.8042,81.4764,78.7331,81.4617
2005-03-23,SPY,stock,116.95,117.72,116.75,117,70817300,2005-03-23,2005-03-23,35.7202,81.6128,78.7186,81.5140
2005-03-22,SPY,stock,118.37,118.93,116.9,116.9,92472400,2005-03-22,2005-03-22,34.9804,81.7737,78.7048,81.5723
2005-03-21,SPY,stock,118.71,118.78,117.76,118.1,61244300,2005-03-21,2005-03-21,40.1259,81.9587,78.6916,81.6358
2005-03-18,SPY,stock,119.11,119.53,118.15,118.54,60232000,2005-03-18,2005-03-18,42.2414,82.0767,78.6701,81.6684
2005-03-17,SPY,stock,119.31,119.74,118.98,119.36,62584200,2005-03-17,2005-03-17,43.9609,82.1754,78.6453,81.6900
2005-03-16,SPY,stock,119.7,120.16,118.9,119.12,74874200,2005-03-16,2005-03-16,42.4824,82.2592,78.6178,81.7027
2005-03-15,SPY,stock,121.42,121.46,120.08,120.14,62438500,2005-03-15,2005-03-15,47.4196,82.3690,78.5917,81.7226
2005-03-14,SPY,stock,120.61,121.16,120.28,121.14,36336400,2005-03-14,2005-03-14,53.0302,82.4172,78.5583,81.7149
2005-03-11,SPY,stock,121.31,121.72,120.16,120.39,57976500,2005-03-11,2005-03-11,48.8123,82.3987,78.5178,81.6790
2005-03-10,SPY,stock,121.2,121.5,120.4,121.24,65149000,2005-03-10,2005-03-10,53.9067,82.4320,78.4819,81.6626
2005-03-09,SPY,stock,121.97,122.29,120.96,120.97,73263600,2005-03-09,2005-03-09,52.4427,82.4079,78.4399,81.6218
2005-03-08,SPY,stock,122.67,123,122.11,122.33,44362000,2005-03-08,2005-03-08,61.5927,82.4006,78.3994,81.5869
2005-03-07,SPY,stock,122.66,123.25,122.4,122.79,43442400,2005-03-07,2005-03-07,65.1636,82.2950,78.3491,81.5127
2005-03-04,SPY,stock,122.05,122.83,121.79,122.73,56168500,2005-03-04,2005-03-04,64.9173,82.1452,78.2951,81.4227
2005-03-03,SPY,stock,121.66,121.9,120.7,121.22,61230800,2005-03-03,2005-03-03,57.9719,81.9839,78.2410,81.3307
2005-03-02,SPY,stock,120.76,121.93,120.65,121.17,64226500,2005-03-02,2005-03-02,57.7145,81.9140,78.1967,81.2770
2005-03-01,SPY,stock,120.82,121.52,120.78,121.23,47294400,2005-03-01,2005-03-01,58.1111,81.8404,78.1523,81.2224
2005-02-28,SPY,stock,121.15,121.3,120.04,120.63,69381300,2005-02-28,2005-02-28,55.2562,81.7547,78.1071,81.1640
2005-02-25,SPY,stock,120.27,121.67,120.18,121.43,60899900,2005-02-25,2005-02-25,60.3484,81.7031,78.0655,81.1198
2005-02-24,SPY,stock,119.24,120.32,118.98,120.24,68563600,2005-02-24,2005-02-24,54.5650,81.5886,78.0180,81.0516
2005-02-23,SPY,stock,118.93,119.57,118.62,119.45,68292600,2005-02-23,2005-02-23,50.0762,81.5474,77.9782,81.0138
2005-02-22,SPY,stock,119.9,120.47,118.58,118.6,80697600,2005-02-22,2005-02-22,44.6088,81.5587,77.9434,80.9963
2005-02-18,SPY,stock,120.24,120.48,119.9,120.39,47723300,2005-02-18,2005-02-18,56.7653,81.6321,77.9141,81.0018
2005-02-17,SPY,stock,121.23,121.33,120.22,120.23,58124000,2005-02-17,2005-02-17,55.7648,81.5847,77.8722,80.9578
2005-02-16,SPY,stock,120.93,121.46,120.67,121.21,55523000,2005-02-16,2005-02-16,64.2170,81.5439,77.8310,80.9163
2005-02-15,SPY,stock,120.8,121.43,120.68,121.13,43852700,2005-02-15,2005-02-15,63.8011,81.4284,77.7826,80.8460
2005-02-14,SPY,stock,120.69,120.86,120.48,120.68,32432100,2005-02-14,2005-02-14,61.4615,81.3066,77.7344,80.7749
2005-02-11,SPY,stock,119.7,121.04,119.46,120.77,53133000,2005-02-11,2005-02-11,62.2082,81.2042,77.6887,80.7135
2005-02-10,SPY,stock,119.66,120.02,119.26,119.74,45858600,2005-02-10,2005-02-10,56.6057,81.0845,77.6419,80.6471
2005-02-09,SPY,stock,120.42,120.49,119.25,119.31,55279400,2005-02-09,2005-02-09,53.9598,81.0262,77.6018,80.6066
2005-02-08,SPY,stock,120.17,120.65,120.07,120.21,39263500,2005-02-08,2005-02-08,61.2138,80.9926,77.5641,80.5765
2005-02-07,SPY,stock,120.25,120.52,119.96,120.07,45412000,2005-02-07,2005-02-07,60.4457,80.8909,77.5200,80.5201
2005-02-04,SPY,stock,119,120.43,118.98,120.23,50024600,2005-02-04,2005-02-04,61.7433,80.7885,77.4763,80.4652
2005-02-03,SPY,stock,119.06,119.16,118.57,118.96,48837100,2005-02-03,2005-02-03,54.5527,80.6638,77.4311,80.4037
2005-02-02,SPY,stock,119.06,119.59,118.9,119.27,52468900,2005-02-02,2005-02-02,56.9802,80.6172,77.3942,80.3750
2005-02-01,SPY,stock,118.25,119.08,118.1,118.91,49841200,2005-02-01,2005-02-01,54.8119,80.5434,77.3547,80.3365
2005-01-31,SPY,stock,117.95,118.25,117.71,118.16,52532700,2005-01-31,2005-01-31,49.9300,80.4877,77.3174,80.3065
2005-01-28,SPY,stock,117.49,117.55,116.61,117.43,60738900,2005-01-28,2005-01-28,44.5118,80.4800,77.2848,80.2960
2005-01-27,SPY,stock,117.19,117.75,116.98,117.43,55878800,2005-01-27,2005-01-27,44.5118,80.5238,77.2569,80.3055
2005-01-26,SPY,stock,117.32,117.6,117.04,117.23,57195100,2005-01-26,2005-01-26,43.0562,80.5723,77.2286,80.3154
2005-01-25,SPY,stock,116.91,117.47,116.72,116.88,68245000,2005-01-25,2005-01-25,40.5206,80.6402,77.2015,80.3313
2005-01-24,SPY,stock,117.09,117.34,116.37,116.55,58441900,2005-01-24,2005-01-24,38.1078,80.7403,77.1765,80.3575
2005-01-21,SPY,stock,117.79,118,116.65,116.78,63160400,2005-01-21,2005-01-21,39.1353,80.8747,77.1535,80.3940
2005-01-20,SPY,stock,117.89,118.2,117.29,117.5,72049300,2005-01-20,2005-01-20,42.4632,81.0068,77.1287,80.4255
2005-01-19,SPY,stock,119.43,119.52,118.21,118.22,54378900,2005-01-19,2005-01-19,46.1036,81.1010,77.0988,80.4384
2005-01-18,SPY,stock,118.05,119.62,117.95,119.47,57391700,2005-01-18,2005-01-18,53.4975,81.1535,77.0636,80.4317
2005-01-14,SPY,stock,117.97,118.53,117.76,118.24,42032500,2005-01-14,2005-01-14,45.5132,81.1219,77.0194,80.3899
2005-01-13,SPY,stock,118.64,118.73,117.5,117.62,55537500,2005-01-13,2005-01-13,40.7518,81.1751,76.9833,80.3807
2005-01-12,SPY,stock,118.4,118.84,117.52,118.57,72720500,2005-01-12,2005-01-12,46.5381,81.2785,76.9510,80.3884
2005-01-11,SPY,stock,118.64,118.74,117.99,118.18,63099700,2005-01-11,2005-01-11,43.4788,81.3246,76.9119,80.3699
2005-01-10,SPY,stock,118.34,119.46,118.34,119,56563300,2005-01-10,2005-01-10,48.9473,81.4035,76.8751,80.3615
2005-01-07,SPY,stock,118.97,119.23,118.13,118.44,55847700,2005-01-07,2005-01-07,44.5224,81.4319,76.8323,80.3300
2005-01-06,SPY,stock,118.44,119.15,118.26,118.61,47814700,2005-01-06,2005-01-06,45.6374,81.5034,76.7929,80.3128
2005-01-05,SPY,stock,118.74,119.25,118,118.01,65667300,2005-01-05,2005-01-05,40.7766,81.5703,76.7520,80.2901
2005-01-04,SPY,stock,120.46,120.54,118.44,118.83,69167600,2005-01-04,2005-01-04,45.9959,81.6872,76.7147,80.2832
2005-01-03,SPY,stock,121.56,121.76,119.9,120.3,55748000,2005-01-03,2005-01-03,58.4495,81.7577,76.6715,80.2532
2004-12-31,SPY,stock,121.3,121.66,120.8,120.87,28648800,2004-12-31,2004-12-31,64.7631,81.7300,76.6177,80.1811
2004-12-30,SPY,stock,121.4,121.57,121.04,121.13,21076900,2004-12-30,2004-12-30,67.8681,81.6586,76.5595,80.0902
2004-12-29,SPY,stock,121.08,121.4,120.95,121.36,22650600,2004-12-29,2004-12-29,70.6507,81.5609,76.4989,79.9883
2004-12-28,SPY,stock,120.64,121.33,120.6,121.18,23422900,2004-12-28,2004-12-28,69.7494,81.4365,76.4362,79.8758
2004-12-27,SPY,stock,121.2,121.36,120.39,120.52,29944100,2004-12-27,2004-12-27,66.2172,81.3118,76.3740,79.7638
2004-12-23,SPY,stock,120.87,121.28,120.66,120.77,25646100,2004-12-23,2004-12-23,69.0532,81.2215,76.3158,79.6656
2004-12-22,SPY,stock,120.38,121.08,120.3,120.68,31500700,2004-12-22,2004-12-22,68.6037,81.1037,76.2552,79.5564
2004-12-21,SPY,stock,119.6,120.48,119.46,120.39,33094200,2004-12-21,2004-12-21,67.1772,80.9799,76.1947,79.4453
2004-12-20,SPY,stock,119.75,120.29,119.17,119.47,47187400,2004-12-20,2004-12-20,62.1053,80.8639,76.1355,79.3376
2004-12-17,SPY,stock,119.46,119.97,119.16,119.44,70761900,2004-12-17,2004-12-17,61.9272,80.8017,76.0820,79.2512
2004-12-16,SPY,stock,120.72,121.24,120.04,120.81,51641800,2004-12-16,2004-12-16,70.0658,80.7352,76.0283,79.1622
2004-12-15,SPY,stock,120.7,121.11,120.31,120.88,46699200,2004-12-15,2004-12-15,70.8200,80.6043,75.9685,79.0472
2004-12-14,SPY,stock,120.18,120.96,120.18,120.79,41500700,2004-12-14,2004-12-14,70.4402,80.4547,75.9076,78.9256
2004-12-13,SPY,stock,119.76,120.4,119.35,120.37,38541000,2004-12-13,2004-12-13,68.6728,80.2958,75.8467,78.8016
2004-12-10,SPY,stock,118.92,119.56,118.85,119.33,47828600,2004-12-10,2004-12-10,63.6797,80.1501,75.7881,78.6841
2004-12-09,SPY,stock,118.14,119.46,117.73,119.21,60922800,2004-12-09,2004-12-09,63.0487,80.0634,75.7360,78.5907
2004-12-08,SPY,stock,118.21,118.82,118.01,118.79,43895100,2004-12-08,2004-12-08,60.8374,79.9761,75.6841,78.4967
2004-12-07,SPY,stock,119.49,119.62,118.04,118.1,52047200,2004-12-07,2004-12-07,56.9030,79.9096,75.6347,78.4105
2004-12-06,SPY,stock,119.21,119.64,118.84,119.21,33030500,2004-12-06,2004-12-06,66.9503,79.8854,75.5894,78.3400
2004-12-03,SPY,stock,119.31,120.14,119.09,119.25,49067900,2004-12-03,2004-12-03,67.3482,79.7794,75.5361,78.2358
2004-12-02,SPY,stock,119.1,119.87,119.01,119.33,60163500,2004-12-02,2004-12-02,68.0999,79.6594,75.4820,78.1262
2004-12-01,SPY,stock,118.16,119.5,118.1,119.23,49898300,2004-12-01,2004-12-01,67.6813,79.5210,75.4268,78.0100
2004-11-30,SPY,stock,118,118.24,117.64,117.89,53685200,2004-11-30,2004-11-30,61.3731,79.3752,75.3717,77.8918
2004-11-29,SPY,stock,118.79,119.01,117.48,117.81,61460800,2004-11-29,2004-11-29,60.9505,79.3097,75.3252,77.8059
2004-11-26,SPY,stock,118.51,118.98,118.3,118.35,15487700,2004-11-26,2004-11-26,65.4371,79.2431,75.2788,77.7187
2004-11-24,SPY,stock,118.27,118.59,118.05,118.44,29724800,2004-11-24,2004-11-24,66.1912,79.1309,75.2283,77.6129
2004-11-23,SPY,stock,117.93,118.26,117.37,118.16,41968800,2004-11-23,2004-11-23,65.0270,79.0005,75.1766,77.5004
2004-11-22,SPY,stock,117.17,118.12,117.03,117.98,37560200,2004-11-22,2004-11-22,64.2930,78.8763,75.1263,77.3910
2004-11-19,SPY,stock,118.7,118.72,117.14,117.42,54276500,2004-11-19,2004-11-19,61.9882,78.7519,75.0767,77.2822
2004-11-18,SPY,stock,118.53,118.8,118.23,118.74,31854300,2004-11-18,2004-11-18,72.1863,78.6544,75.0305,77.1844
2004-11-17,SPY,stock,118.37,119.14,118.07,118.58,54494000,2004-11-17,2004-11-17,71.6616,78.4524,74.9748,77.0460
2004-11-16,SPY,stock,118.36,118.41,117.73,117.88,40028700,2004-11-16,2004-11-16,69.3093,78.2406,74.9196,76.9065
2004-11-15,SPY,stock,118.5,118.77,118.23,118.73,35297900,2004-11-15,2004-11-15,76.4661,78.0564,74.8686,76.7806
2004-11-12,SPY,stock,117.97,119,117.68,118.79,55583700,2004-11-12,2004-11-12,75.6697,77.7921,74.8114,76.6261
2004-11-11,SPY,stock,117.18,118.12,117.1,117.86,37863200,2004-11-11,2004-11-11,72.9540,77.5208,74.7555,76.4733
2004-11-10,SPY,stock,117.06,117.55,116.76,116.97,45265400,2004-11-10,2004-11-10,69.9759,77.2871,74.7054,76.3399
2004-11-09,SPY,stock,117.08,117.5,116.76,116.88,44658100,2004-11-09,2004-11-09,69.6622,77.0922,74.6609,76.2257
2004-11-08,SPY,stock,116.98,117.23,116.72,117.11,33863800,2004-11-08,2004-11-08,71.4332,76.8832,74.6165,76.1093
2004-11-05,SPY,stock,117.05,117.64,116.49,117.28,63287200,2004-11-05,2004-11-05,72.7017,76.6358,74.5701,75.9818
2004-11-04,SPY,stock,114.78,116.67,114.68,116.55,55350300,2004-11-04,2004-11-04,70.6214,76.3503,74.5220,75.8443
2004-11-03,SPY,stock,115.03,115.36,114.24,114.98,76960200,2004-11-03,2004-11-03,65.3478,76.0867,74.4785,75.7215
2004-11-02,SPY,stock,113.67,114.57,113.22,113.55,56210000,2004-11-02,2004-11-02,59.1452,75.9072,74.4452,75.6370
2004-11-01,SPY,stock,113.56,113.84,113.2,113.51,36720900,2004-11-01,2004-11-01,58.9543,75.8106,74.4213,75.5885
2004-10-29,SPY,stock,113.12,113.64,112.9,113.2,48820200,2004-10-29,2004-10-29,57.5266,75.7067,74.3974,75.5391
2004-10-28,SPY,stock,112.78,113.56,112.49,113.22,54413300,2004-10-28,2004-10-28,57.6467,75.6139,74.3754,75.4963
2004-10-27,SPY,stock,111.38,113.1,111.12,112.88,73896000,2004-10-27,2004-10-27,56.2030,75.5100,74.3530,75.4512
2004-10-26,SPY,stock,110.13,111.6,109.88,111.54,54337400,2004-10-26,2004-10-26,49.9609,75.4193,74.3327,75.4136
2004-10-25,SPY,stock,109.75,110.12,109.35,109.86,43990900,2004-10-25,2004-10-25,40.0064,75.4145,74.3213,75.4116
2004-10-22,SPY,stock,111.19,111.25,109.86,109.99,48752400,2004-10-22,2004-10-22,40.5866,75.5289,74.3213,75.4558
2004-10-21,SPY,stock,110.79,111.32,110.21,111.24,53218300,2004-10-21,2004-10-21,46.6232,75.6460,74.3203,75.4982
2004-10-20,SPY,stock,110.38,110.82,109.75,110.52,57118500,2004-10-20,2004-10-20,42.0100,75.6864,74.3109,75.5079
2004-10-19,SPY,stock,112.02,112.23,110.59,110.74,55851900,2004-10-19,2004-10-19,43.0661,75.7824,74.3062,75.5378
2004-10-18,SPY,stock,110.89,111.9,110.7,111.68,43535100,2004-10-18,2004-10-18,47.8372,75.8728,74.3000,75.5629
2004-10-15,SPY,stock,111.02,111.74,110.57,111.26,63482200,2004-10-15,2004-10-15,45.3241,75.9058,74.2873,75.5630
2004-10-14,SPY,stock,111.68,111.93,110.58,110.64,64082200,2004-10-14,2004-10-14,41.4578,75.9721,74.2774,75.5747
2004-10-13,SPY,stock,113,113.07,111.32,111.54,54212600,2004-10-13,2004-10-13,45.8257,76.0896,74.2716,75.6041
2004-10-12,SPY,stock,112.2,112.83,111.94,112.53,41754700,2004-10-12,2004-10-12,51.3518,76.1554,74.2596,75.6098
2004-10-11,SPY,stock,112.78,113.02,112.64,112.97,20229100,2004-10-11,2004-10-11,54.0413,76.1576,74.2408,75.5883
2004-10-08,SPY,stock,113.15,113.77,112.35,112.51,51872600,2004-10-08,2004-10-08,51.5794,76.1287,74.2187,75.5539
2004-10-07,SPY,stock,114.38,114.4,113.36,113.45,39388800,2004-10-07,2004-10-07,57.4154,76.1295,74.1996,75.5307
2004-10-06,SPY,stock,113.77,114.68,113.68,114.68,42297800,2004-10-06,2004-10-06,66.5668,76.0634,74.1739,75.4807
2004-10-05,SPY,stock,113.85,114.16,113.54,113.9,36910600,2004-10-05,2004-10-05,63.1039,75.9028,74.1396,75.3946
2004-10-04,SPY,stock,114.1,114.44,113.8,113.84,33082400,2004-10-04,2004-10-04,62.8289,75.7808,74.1102,75.3266
2004-10-01,SPY,stock,112.26,113.65,112.21,113.65,62824300,2004-10-01,2004-10-01,61.9959,75.6503,74.0810,75.2574
2004-09-30,SPY,stock,111.55,111.98,111.26,111.76,43536700,2004-09-30,2004-09-30,52.0768,75.5195,74.0527,75.1907
2004-09-29,SPY,stock,111.21,111.85,111,111.84,33325700,2004-09-29,2004-09-29,52.6165,75.5096,74.0370,75.1734
2004-09-28,SPY,stock,110.91,111.51,110.41,111.28,41662900,2004-09-28,2004-09-28,49.1936,75.4929,74.0206,75.1532
2004-09-27,SPY,stock,111.1,111.2,110.58,110.75,39355100,2004-09-27,2004-09-27,45.7495,75.5144,74.0079,75.1477
2004-09-24,SPY,stock,111.17,111.73,111.13,111.46,34981100,2004-09-24,2004-09-24,49.9626,75.5759,73.9986,75.1566
2004-09-23,SPY,stock,111.6,111.7,110.95,110.95,44068700,2004-09-23,2004-09-23,46.6879,75.5933,73.9844,75.1462
2004-09-22,SPY,stock,112.5,112.52,111.47,111.55,49042100,2004-09-22,2004-09-22,50.2828,75.6488,73.9735,75.1495
2004-09-21,SPY,stock,112.75,113.47,112.54,112.96,40920800,2004-09-21,2004-09-21,60.4378,75.6675,73.9585,75.1363
2004-09-20,SPY,stock,112.67,112.99,112.28,112.47,37149400,2004-09-20,2004-09-20,57.6798,75.5877,73.9337,75.0837
2004-09-17,SPY,stock,112.95,113.36,112.69,113.15,33683000,2004-09-17,2004-09-17,63.3729,75.5344,73.9120,75.0425
2004-09-16,SPY,stock,112.85,113.37,112.8,113.14,23911700,2004-09-16,2004-09-16,60.8574,75.4271,73.8854,74.9808
2004-09-15,SPY,stock,113.3,113.36,112.68,112.8,38295000,2004-09-15,2004-09-15,59.0006,75.3424,73.8619,74.9297
2004-09-14,SPY,stock,113.3,113.69,113.19,113.66,28048900,2004-09-14,2004-09-14,66.3984,75.2729,73.8403,74.8859
2004-09-13,SPY,stock,113.31,113.74,113.01,113.43,44398100,2004-09-13,2004-09-13,65.3185,75.1351,73.8128,74.8167
2004-09-10,SPY,stock,112.52,113.27,112.08,113.06,27900600,2004-09-10,2004-09-10,63.5695,74.9991,73.7865,74.7510
2004-09-09,SPY,stock,112.57,112.88,112.03,112.48,34314800,2004-09-09,2004-09-09,60.6835,74.8751,73.7625,74.6928
2004-09-08,SPY,stock,112.62,113.06,112.31,112.58,32963100,2004-09-08,2004-09-08,61.4630,74.7791,73.7421,74.6481
2004-09-07,SPY,stock,112.54,113.13,112.32,112.86,37338800,2004-09-07,2004-09-07,63.5868,74.6660,73.7209,74.5989
2004-09-03,SPY,stock,112.33,112.82,112.01,112.12,30480500,2004-09-03,2004-09-03,60.2130,74.5210,73.6976,74.5400
2004-09-02,SPY,stock,111.24,112.7,111.24,112.58,42736600,2004-09-02,2004-09-02,63.6152,74.4133,73.6790,74.4990
2004-09-01,SPY,stock,110.95,111.64,110.48,111.32,52778300,2004-09-01,2004-09-01,57.5086,74.2616,73.6572,74.4437
2004-08-31,SPY,stock,110.66,111.16,110.1,111.11,44125300,2004-08-31,2004-08-31,56.3755,74.1834,73.6436,74.4207
2004-08-30,SPY,stock,111.22,111.34,110.45,110.53,26726500,2004-08-30,2004-08-30,53.1729,74.1118,73.6313,74.4027
2004-08-27,SPY,stock,111.2,111.63,111.05,111.45,24902900,2004-08-27,2004-08-27,59.6194,74.0737,73.6229,74.3998
2004-08-26,SPY,stock,110.96,111.31,110.85,111.1,26629500,2004-08-26,2004-08-26,57.8126,73.9665,73.6081,74.3715
2004-08-25,SPY,stock,110.33,111.27,109.9,111.1,38551400,2004-08-25,2004-08-25,57.8126,73.8727,73.5956,74.3517
2004-08-24,SPY,stock,110.64,110.73,109.85,110.35,30453100,2004-08-24,2004-08-24,54.0105,73.7691,73.5829,74.3311
2004-08-23,SPY,stock,110.55,110.77,110.05,110.2,33745100,2004-08-23,2004-08-23,53.2276,73.7078,73.5752,74.3302
2004-08-20,SPY,stock,109.61,110.63,109.51,110.48,44870900,2004-08-20,2004-08-20,54.8459,73.6507,73.5684,74.3335
2004-08-19,SPY,stock,109.81,110.02,109.18,109.71,39881600,2004-08-19,2004-08-19,51.0453,73.5676,73.5596,74.3291
2004-08-18,SPY,stock,108.52,110.17,108.49,110.03,43165400,2004-08-18,2004-08-18,52.7590,73.5305,73.5560,74.3458
2004-08-17,SPY,stock,108.75,109.28,108.53,108.91,40701600,2004-08-17,2004-08-17,46.9734,73.4668,73.5502,74.3544
2004-08-16,SPY,stock,107.14,108.64,107.1,108.3,45731900,2004-08-16,2004-08-16,43.4722,73.4758,73.5519,74.3941
2004-08-13,SPY,stock,107.1,107.35,106.59,107.19,41634700,2004-08-13,2004-08-13,36.3736,73.5289,73.5577,74.4522
2004-08-12,SPY,stock,107.68,107.95,106.63,106.98,50015900,2004-08-12,2004-08-12,34.9383,73.6665,73.5711,74.5432
2004-08-11,SPY,stock,107.68,108.33,107.1,108.16,52933200,2004-08-11,2004-08-11,39.5993,73.8334,73.5861,74.6437
2004-08-10,SPY,stock,107.31,108.41,107.26,108.38,55870600,2004-08-10,2004-08-10,40.5354,73.9341,73.5932,74.7159
2004-08-09,SPY,stock,107.02,107.48,106.87,107,37476300,2004-08-09,2004-08-09,31.0393,74.0299,73.5990,74.7849
2004-08-06,SPY,stock,107.63,107.96,106.62,106.85,74729000,2004-08-06,2004-08-06,29.9095,74.2336,73.6141,74.8947
2004-08-05,SPY,stock,110.29,110.38,108.27,108.4,50772000,2004-08-05,2004-08-05,35.4880,74.4694,73.6304,75.0131
2004-08-04,SPY,stock,109.89,110.75,109.64,110.2,40763200,2004-08-04,2004-08-04,44.4221,74.6201,73.6363,75.0938
2004-08-03,SPY,stock,110.93,111.06,110.16,110.21,40948800,2004-08-03,2004-08-03,44.4799,74.6590,73.6301,75.1282
2004-08-02,SPY,stock,110.19,111.36,110.05,111.07,38263100,2004-08-02,2004-08-02,49.6343,74.7013,73.6238,75.1637
2004-07-30,SPY,stock,110.32,110.9,110.1,110.84,41581700,2004-07-30,2004-07-30,48.1419,74.6870,73.6116,75.1771
2004-07-29,SPY,stock,110.54,110.87,110,110.57,52200500,2004-07-29,2004-07-29,46.4111,74.6876,73.6009,75.1973
2004-07-28,SPY,stock,109.55,110.37,108.59,110.1,65862300,2004-07-28,2004-07-28,43.3550,74.7074,73.5919,75.2258
2004-07-27,SPY,stock,109.05,110.11,108.97,109.77,51295100,2004-07-27,2004-07-27,41.1676,74.7625,73.5859,75.2683
2004-07-26,SPY,stock,109.19,109.43,108.21,108.75,49679100,2004-07-26,2004-07-26,33.8342,74.8469,73.5821,75.3217
2004-07-23,SPY,stock,109.62,109.71,108.69,108.96,49610500,2004-07-23,2004-07-23,34.6601,75.0125,73.5852,75.4053
2004-07-22,SPY,stock,109.36,110.39,108.77,109.88,72477100,2004-07-22,2004-07-22,38.4816,75.1807,73.5870,75.4865
2004-07-21,SPY,stock,111.82,112.06,109.45,109.58,56241100,2004-07-21,2004-07-21,36.3569,75.3013,73.5825,75.5457
2004-07-20,SPY,stock,110.53,111.9,110.25,111.64,46679800,2004-07-20,2004-07-20,46.6248,75.4558,73.5799,75.6157
2004-07-19,SPY,stock,110.75,110.96,109.99,110.24,39592800,2004-07-19,2004-07-19,35.0488,75.4806,73.5634,75.6318
2004-07-16,SPY,stock,111.57,111.67,110.44,110.71,40871200,2004-07-16,2004-07-16,37.5903,75.6072,73.5563,75.6870
2004-07-15,SPY,stock,111.74,111.91,110.7,110.8,38403500,2004-07-15,2004-07-15,38.0813,75.7139,73.5458,75.7316
2004-07-14,SPY,stock,111.26,112.39,111.12,111.52,54089400,2004-07-14,2004-07-14,42.1733,75.8253,73.5347,75.7756
2004-07-13,SPY,stock,111.92,112.02,111.6,111.86,26752000,2004-07-13,2004-07-13,44.2588,75.8975,73.5186,75.8015
2004-07-12,SPY,stock,111.52,112.04,111,111.78,35691300,2004-07-12,2004-07-12,43.6499,75.9531,73.5000,75.8192
2004-07-09,SPY,stock,111.72,111.94,111.38,111.73,27412900,2004-07-09,2004-07-09,43.2905,76.0202,73.4817,75.8398
2004-07-08,SPY,stock,111.81,112.32,111.2,111.44,45291100,2004-07-08,2004-07-08,41.2729,76.0980,73.4636,75.8626
2004-07-07,SPY,stock,111.81,112.57,111.75,112.22,29839800,2004-07-07,2004-07-07,45.2980,76.2045,73.4473,75.8942
2004-07-06,SPY,stock,112.37,112.45,111.63,111.89,38698200,2004-07-06,2004-07-06,43.1187,76.2669,73.4256,75.9058
2004-07-02,SPY,stock,113.16,113.29,112.6,112.88,34615100,2004-07-02,2004-07-02,48.5014,76.3593,73.4058,75.9269
2004-07-01,SPY,stock,114.25,114.4,112.58,112.94,57734700,2004-07-01,2004-07-01,48.8445,76.3912,73.3792,75.9216
2004-06-30,SPY,stock,114.07,114.79,113.65,114.53,52230600,2004-06-30,2004-06-30,59.1407,76.4222,73.3519,75.9144
2004-06-29,SPY,stock,113.53,114.17,113.42,113.92,28418100,2004-06-29,2004-06-29,55.8232,76.3437,73.3135,75.8633
2004-06-28,SPY,stock,114.52,114.61,113.41,113.45,40824500,2004-06-28,2004-06-28,53.0988,76.3002,73.2789,75.8268
2004-06-25,SPY,stock,114.41,114.94,113.68,113.84,32837900,2004-06-25,2004-06-25,55.7479,76.2854,73.2471,75.8017
2004-06-24,SPY,stock,114.56,114.93,114.26,114.39,35272100,2004-06-24,2004-06-24,59.6445,76.2414,73.2124,75.7649
2004-06-23,SPY,stock,113.61,114.84,113.42,114.75,35580000,2004-06-23,2004-06-23,62.2909,76.1538,73.1736,75.7115
2004-06-22,SPY,stock,113.13,113.88,112.67,113.77,37334000,2004-06-22,2004-06-22,57.5274,76.0315,73.1320,75.6460
2004-06-21,SPY,stock,113.75,114.14,113.13,113.2,25284000,2004-06-21,2004-06-21,54.4176,75.9657,73.0966,75.6048
2004-06-18,SPY,stock,113.27,114.22,113.18,113.63,31799800,2004-06-18,2004-06-18,57.3596,75.9335,73.0646,75.5776
2004-06-17,SPY,stock,113.85,114.07,113.33,113.83,28402400,2004-06-17,2004-06-17,56.2723,75.8674,73.0295,75.5374
2004-06-16,SPY,stock,114,114.2,113.7,114,26633400,2004-06-16,2004-06-16,57.3523,75.8094,72.9954,75.5014
2004-06-15,SPY,stock,113.9,114.45,113.51,114.02,37445000,2004-06-15,2004-06-15,57.4728,75.7333,72.9599,75.4594
2004-06-14,SPY,stock,113.82,113.85,112.87,113.22,34633000,2004-06-14,2004-06-14,53.8731,75.6478,72.9239,75.4150
2004-06-10,SPY,stock,114.04,114.35,113.93,114.35,21711000,2004-06-10,2004-06-10,60.6010,75.6098,72.8929,75.3908
2004-06-09,SPY,stock,114.51,114.7,113.72,113.79,36737600,2004-06-09,2004-06-09,58.1988,75.4880,72.8539,75.3346
2004-06-08,SPY,stock,114.37,114.92,114.17,114.86,32846500,2004-06-08,2004-06-08,65.2585,75.3929,72.8184,75.2915
2004-06-07,SPY,stock,113.43,114.81,113.42,114.7,31643800,2004-06-07,2004-06-07,64.6633,75.2122,72.7752,75.2173
2004-06-04,SPY,stock,112.98,113.58,112.71,112.98,32739500,2004-06-04,2004-06-04,57.3737,75.0237,72.7327,75.1444
2004-06-03,SPY,stock,112.81,113.19,112.07,112.09,38688300,2004-06-03,2004-06-03,52.6837,74.9370,72.7014,75.1157
2004-06-02,SPY,stock,113.03,113.48,112.46,113.13,39774200,2004-06-02,2004-06-02,59.8260,74.9041,72.6758,75.1103
2004-06-01,SPY,stock,112.46,112.86,111.87,112.71,41044700,2004-06-01,2004-06-01,57.6743,74.7942,72.6429,75.0760
2004-05-28,SPY,stock,112.73,112.88,112.36,112.86,23367200,2004-05-28,2004-05-28,58.7172,74.7024,72.6126,75.0520
2004-05-27,SPY,stock,112.54,113.03,112.06,112.87,45306900,2004-05-27,2004-05-27,58.7831,74.5903,72.5809,75.0228
2004-05-26,SPY,stock,111.66,112.29,111.51,112.24,35977000,2004-05-26,2004-05-26,55.8911,74.4657,72.5488,74.9921
2004-05-25,SPY,stock,109.9,111.98,109.6,111.85,48668000,2004-05-25,2004-05-25,54.0374,74.3726,72.5206,74.9775
2004-05-24,SPY,stock,110.53,110.76,109.68,110.27,40961500,2004-05-24,2004-05-24,45.4060,74.2972,72.4948,74.9729
2004-05-21,SPY,stock,109.97,110.55,109.47,109.81,47480400,2004-05-21,2004-05-21,42.4862,74.3255,72.4794,75.0115
2004-05-20,SPY,stock,109.45,109.87,109.04,109.62,38082900,2004-05-20,2004-05-20,41.2817,74.3893,72.4669,75.0642
2004-05-19,SPY,stock,110.5,111.18,109.15,109.27,54804100,2004-05-19,2004-05-19,39.1001,74.4732,72.4556,75.1243
2004-05-18,SPY,stock,109.49,109.94,109.33,109.65,30193100,2004-05-18,2004-05-18,40.6217,74.5907,72.4466,75.1965
2004-05-17,SPY,stock,108.89,109.5,108.41,109.1,55020400,2004-05-17,2004-05-17,37.3448,74.6937,72.4348,75.2612
2004-05-14,SPY,stock,109.95,110.74,109.27,110.04,54123100,2004-05-14,2004-05-14,40.9295,74.8465,72.4267,75.3435
2004-05-13,SPY,stock,109.76,110.81,109.63,109.99,57393700,2004-05-13,2004-05-13,40.6481,74.9489,72.4122,75.4035
2004-05-12,SPY,stock,109.57,110.54,108.06,110.45,90830500,2004-05-12,2004-05-12,42.3724,75.0656,72.3978,75.4673
2004-05-11,SPY,stock,109.46,110.05,109.33,109.75,48300600,2004-05-11,2004-05-11,38.6977,75.1620,72.3802,75.5211
2004-05-10,SPY,stock,109.44,109.75,108.36,108.83,75279400,2004-05-10,2004-05-10,33.5245,75.3181,72.3672,75.5963
2004-05-07,SPY,stock,111.22,112.23,109.96,109.96,60950000,2004-05-07,2004-05-07,37.0948,75.5557,72.3602,75.6998
2004-05-06,SPY,stock,112.02,112.59,111,111.81,54997000,2004-05-06,2004-05-06,44.2606,75.7384,72.3455,75.7765
2004-05-05,SPY,stock,112.41,112.96,112.16,112.78,34405000,2004-05-05,2004-05-05,48.8556,75.8096,72.3182,75.8057
2004-05-04,SPY,stock,112.25,113.26,111.66,112.06,51185100,2004-05-04,2004-05-04,44.9139,75.8197,72.2841,75.8095
2004-05-03,SPY,stock,111.37,112.29,111.35,112.15,33758000,2004-05-03,2004-05-03,45.3193,75.8818,72.2545,75.8331
2004-04-30,SPY,stock,112.17,112.38,110.9,110.96,48681400,2004-04-30,2004-04-30,38.5041,75.9441,72.2240,75.8553
2004-04-29,SPY,stock,112.72,113.32,111.16,111.83,69687600,2004-04-29,2004-04-29,42.0632,76.0970,72.2012,75.9109
2004-04-28,SPY,stock,113.89,114.01,112.5,112.82,50165800,2004-04-28,2004-04-28,46.6162,76.2045,72.1723,75.9450
2004-04-27,SPY,stock,114.23,115.12,113.96,114.3,43485500,2004-04-27,2004-04-27,54.8592,76.2534,72.1365,75.9534
2004-04-26,SPY,stock,114.5,114.94,113.6,114.2,35515200,2004-04-26,2004-04-26,54.3527,76.2028,72.0902,75.9215
2004-04-23,SPY,stock,114.42,114.57,113.79,114.36,29395700,2004-04-23,2004-04-23,55.2741,76.1540,72.0443,75.8911
2004-04-22,SPY,stock,112.48,114.67,112.44,114.25,62071500,2004-04-22,2004-04-22,54.7848,76.0888,71.9967,75.8551
2004-04-21,SPY,stock,112.2,112.95,111.87,112.67,50177300,2004-04-21,2004-04-21,47.0605,76.0244,71.9495,75.8206
2004-04-20,SPY,stock,114.08,114.32,111.78,111.92,53299400,2004-04-20,2004-04-20,42.7496,76.0649,71.9124,75.8280
2004-04-19,SPY,stock,113.55,113.99,113.27,113.83,28277600,2004-04-19,2004-04-19,52.9450,76.1627,71.8800,75.8563
2004-04-16,SPY,stock,113.38,114.05,112.98,113.83,47059200,2004-04-16,2004-04-16,52.9450,76.1358,71.8344,75.8333
2004-04-15,SPY,stock,113.45,113.78,112.36,112.96,61602500,2004-04-15,2004-04-15,48.0819,76.1061,71.7883,75.8095
2004-04-14,SPY,stock,112.61,113.64,112.55,113.39,62322300,2004-04-14,2004-04-14,50.4761,76.1348,71.7476,75.8084
2004-04-13,SPY,stock,115.26,115.3,113.02,113.21,56210300,2004-04-13,2004-04-13,49.4986,76.1360,71.7037,75.7956
2004-04-12,SPY,stock,114.58,115.08,114.57,114.82,23085200,2004-04-12,2004-04-12,59.2035,76.1501,71.6605,75.7872
2004-04-08,SPY,stock,115.41,115.41,113.74,114.37,46929700,2004-04-08,2004-04-08,57.0163,76.0520,71.6060,75.7343
2004-04-07,SPY,stock,114.95,114.98,114.11,114.63,45890500,2004-04-07,2004-04-07,58.7049,75.9753,71.5540,75.6916
2004-04-06,SPY,stock,114.83,115.18,114.62,114.9,28420900,2004-04-06,2004-04-06,60.4307,75.8721,71.4997,75.6400
2004-04-05,SPY,stock,114.46,115.38,114.44,115.27,30251800,2004-04-05,2004-04-05,62.7792,75.7390,71.4430,75.5790
2004-04-02,SPY,stock,114.81,114.84,113.9,114.64,50987700,2004-04-02,2004-04-02,60.3424,75.5658,71.3833,75.5052
2004-04-01,SPY,stock,113.07,113.87,113.05,113.78,45103800,2004-04-01,2004-04-01,56.7536,75.4188,71.3272,75.4458
2004-03-31,SPY,stock,112.99,113.4,112.38,113.1,48517600,2004-03-31,2004-03-31,53.6757,75.3171,71.2764,75.4075
2004-03-30,SPY,stock,112.3,113.07,112.22,112.97,39059900,2004-03-30,2004-03-30,53.0829,75.2528,71.2297,75.3862
2004-03-29,SPY,stock,111.63,112.74,111.58,112.59,44113600,2004-03-29,2004-03-29,51.3947,75.1909,71.1833,75.3677
2004-03-26,SPY,stock,110.96,111.79,110.8,111.03,37409500,2004-03-26,2004-03-26,43.6679,75.1494,71.1391,75.3588
2004-03-25,SPY,stock,110.08,111.3,109.79,111,49873600,2004-03-25,2004-03-25,43.5075,75.2137,71.1049,75.3922
2004-03-24,SPY,stock,109.58,110.14,108.85,109.55,51584300,2004-03-24,2004-03-24,35.2322,75.2869,71.0706,75.4279
2004-03-23,SPY,stock,110.25,110.4,109.36,109.46,54080200,2004-03-23,2004-03-23,34.6807,75.4703,71.0457,75.5048
2004-03-22,SPY,stock,110.54,110.57,109.1,109.65,62752100,2004-03-22,2004-03-22,35.2694,75.6793,71.0212,75.5872
2004-03-19,SPY,stock,112.41,112.57,111.04,111.06,48636200,2004-03-19,2004-03-19,39.9415,75.8969,70.9952,75.6679
2004-03-18,SPY,stock,112.7,113.27,111.93,113.07,60014300,2004-03-18,2004-03-18,46.4658,76.0378,70.9594,75.7131
2004-03-17,SPY,stock,112.18,113.26,112.1,113.04,41607300,2004-03-17,2004-03-17,46.3146,76.0798,70.9123,75.7162
2004-03-16,SPY,stock,111.78,112.06,110.84,111.79,59832600,2004-03-16,2004-03-16,39.7264,76.1283,70.8650,75.7201
2004-03-15,SPY,stock,112.27,112.35,110.9,111.2,57677200,2004-03-15,2004-03-15,36.3002,76.2699,70.8257,75.7584
2004-03-12,SPY,stock,111.73,112.71,111.58,112.58,54012200,2004-03-12,2004-03-12,41.4130,76.4680,70.7899,75.8143
2004-03-11,SPY,stock,112.4,113.27,111.1,111.12,89134800,2004-03-11,2004-03-11,32.0045,76.5897,70.7444,75.8349
2004-03-10,SPY,stock,114.72,114.77,112.56,112.58,67671800,2004-03-10,2004-03-10,37.6134,76.8271,70.7083,75.8961
2004-03-09,SPY,stock,115.1,115.21,114.24,114.5,39746100,2004-03-09,2004-03-09,47.8546,76.9867,70.6621,75.9200
2004-03-08,SPY,stock,116.34,116.62,114.91,114.96,39281600,2004-03-08,2004-03-08,50.9402,77.0278,70.6024,75.8924
2004-03-05,SPY,stock,115.42,116.95,115.28,116.38,55905600,2004-03-05,2004-03-05,62.4900,77.0409,70.5391,75.8511
2004-03-04,SPY,stock,115.72,116.1,115.52,115.99,21060000,2004-03-04,2004-03-04,60.1879,76.9554,70.4656,75.7694
2004-03-03,SPY,stock,115.25,115.87,114.92,115.69,31346200,2004-03-03,2004-03-03,58.3627,76.8884,70.3940,75.6950
2004-03-02,SPY,stock,115.94,116.97,115.23,115.48,38556400,2004-03-02,2004-03-02,57.0837,76.8354,70.3237,75.6257
2004-03-01,SPY,stock,115.43,116.34,115.25,116.16,33130800,2004-03-01,2004-03-01,62.8923,76.7916,70.2540,75.5594
2004-02-27,SPY,stock,115.19,115.74,114.63,115.02,39312000,2004-02-27,2004-02-27,55.9079,76.6953,70.1791,75.4717
2004-02-26,SPY,stock,114.61,115.29,114.34,114.94,29683000,2004-02-26,2004-02-26,55.3604,76.6692,70.1111,75.4117
2004-02-25,SPY,stock,114.46,115.06,114.32,114.87,31213600,2004-02-25,2004-02-25,54.9055,76.6459,70.0430,75.3513
2004-02-24,SPY,stock,114.27,114.99,113.03,114.39,43953000,2004-02-24,2004-02-24,51.7760,76.6252,69.9747,75.2904
2004-02-23,SPY,stock,115.22,115.26,114.17,114.59,36357000,2004-02-23,2004-02-23,53.2045,76.6360,69.9089,75.2402
2004-02-20,SPY,stock,115.48,115.56,114.32,114.88,46728800,2004-02-20,2004-02-20,55.2573,76.6339,69.8411,75.1824
2004-02-19,SPY,stock,116.33,116.39,115.06,115.23,51146200,2004-02-19,2004-02-19,57.7546,76.6112,69.7706,75.1143
2004-02-18,SPY,stock,116.2,116.6,115.35,115.66,28618000,2004-02-18,2004-02-18,60.8942,76.5614,69.6971,75.0339
2004-02-17,SPY,stock,115.85,116.43,115.77,116.17,23984300,2004-02-17,2004-02-17,64.7720,76.4761,69.6200,74.9385
2004-02-13,SPY,stock,115.82,116.2,114.75,115.13,44739900,2004-02-13,2004-02-13,59.9416,76.3460,69.5387,74.8253
2004-02-12,SPY,stock,115.97,116.27,115.58,115.65,27814700,2004-02-12,2004-02-12,64.0171,76.2753,69.4635,74.7358
2004-02-11,SPY,stock,114.85,116.39,114.17,116.07,42965700,2004-02-11,2004-02-11,67.4569,76.1606,69.3841,74.6285
2004-02-10,SPY,stock,114.28,115.14,114.26,114.85,27908100,2004-02-10,2004-02-10,61.9409,76.0043,69.3010,74.5053
2004-02-09,SPY,stock,114.67,114.87,114.29,114.48,24851300,2004-02-09,2004-02-09,60.0331,75.9174,69.2254,74.4104
2004-02-06,SPY,stock,113.42,114.7,113.2,114.45,37216000,2004-02-06,2004-02-06,59.8817,75.8474,69.1514,74.3218
2004-02-05,SPY,stock,113.17,113.54,112.78,113.18,37226800,2004-02-05,2004-02-05,52.8622,75.7721,69.0770,74.2303
2004-02-04,SPY,stock,113.19,113.73,112.79,112.85,39332600,2004-02-04,2004-02-04,50.7844,75.7784,69.0103,74.1698
2004-02-03,SPY,stock,113.74,114.14,113.44,113.78,25093500,2004-02-03,2004-02-03,57.4061,75.8085,68.9451,74.1159
2004-02-02,SPY,stock,113.7,114.68,113.12,113.97,38832400,2004-02-02,2004-02-02,58.8621,75.7764,68.8731,74.0343
2004-01-30,SPY,stock,113.52,113.72,113.09,113.48,30984400,2004-01-30,2004-01-30,56.2019,75.7274,68.7990,73.9442
2004-01-29,SPY,stock,113.56,113.85,112.56,113.48,60117100,2004-01-29,2004-01-29,56.2019,75.7079,68.7275,73.8639
2004-01-28,SPY,stock,114.98,115.28,112.94,113.37,52621300,2004-01-28,2004-01-28,55.6467,75.6862,68.6553,73.7802
2004-01-27,SPY,stock,115.75,116.5,114.65,114.68,35322800,2004-01-27,2004-01-27,64.7185,75.6701,68.5831,73.6962
2004-01-26,SPY,stock,114.39,115.93,114.38,115.87,30460600,2004-01-26,2004-01-26,75.0371,75.5600,68.5014,73.5729
2004-01-23,SPY,stock,115,115.37,113.95,114.43,44245300,2004-01-23,2004-01-23,69.5889,75.3545,68.4108,73.4121
2004-01-22,SPY,stock,115.14,115.38,114.58,114.8,29888500,2004-01-22,2004-01-22,73.4117,75.2287,68.3290,73.2841
2004-01-21,SPY,stock,114.13,115.3,113.72,115.1,30725000,2004-01-21,2004-01-21,76.5789,75.0637,68.2439,73.1407
2004-01-20,SPY,stock,114.53,114.65,113.82,114.2,29863000,2004-01-20,2004-01-20,73.3795,74.8602,68.1559,72.9833
2004-01-16,SPY,stock,114.04,114.31,113.63,114.23,31922700,2004-01-16,2004-01-16,73.6911,74.6987,68.0731,72.8441
2004-01-15,SPY,stock,113.57,114.06,112.58,113.78,38408700,2004-01-15,2004-01-15,72.0373,74.5180,67.9893,72.6983
2004-01-14,SPY,stock,112.76,113.66,112.67,113.5,30112800,2004-01-14,2004-01-14,70.9834,74.3500,67.9076,72.5589
2004-01-13,SPY,stock,113.09,113.23,111.76,112.56,54239700,2004-01-13,2004-01-13,67.1204,74.1840,67.8270,72.4214
2004-01-12,SPY,stock,112.55,113.25,112.36,113.22,31564100,2004-01-12,2004-01-12,73.5001,74.0668,67.7520,72.3040
2004-01-09,SPY,stock,112.83,113.5,112.27,112.39,54084300,2004-01-09,2004-01-09,70.1916,73.8907,67.6717,72.1638
2004-01-08,SPY,stock,113.25,113.41,112.77,113.38,36438400,2004-01-08,2004-01-08,81.4551,73.7545,67.5962,72.0405
2004-01-07,SPY,stock,112.39,113.06,111.89,112.93,30170400,2004-01-07,2004-01-07,80.1078,73.5343,67.5133,71.8852
2004-01-06,SPY,stock,112.16,112.73,112,112.55,20472800,2004-01-06,2004-01-06,78.9061,73.3226,67.4325,71.7358
2004-01-05,SPY,stock,111.69,112.52,111.59,112.44,27959800,2004-01-05,2004-01-05,78.5579,73.1154,67.3536,71.5907
2004-01-02,SPY,stock,111.74,112.19,110.73,111.23,38072300,2004-01-02,2004-01-02,74.2099,72.8941,67.2745,71.4426
2003-12-31,SPY,stock,111.22,111.52,110.84,111.28,31501800,2003-12-31,2003-12-31,74.7918,72.7348,67.2028,71.3216
2003-12-30,SPY,stock,111.09,111.27,110.85,111.18,19559500,2003-12-30,2003-12-30,74.4193,72.5551,67.1301,71.1942
2003-12-29,SPY,stock,110.1,111.27,109.78,111.16,22483700,2003-12-29,2003-12-29,74.3489,72.3635,67.0573,71.0644
2003-12-26,SPY,stock,109.71,110.08,109.63,109.7,8308400,2003-12-26,2003-12-26,68.4659,72.1532,66.9839,70.9298
2003-12-24,SPY,stock,109.52,109.88,109.43,109.62,8055800,2003-12-24,2003-12-24,68.0936,72.0236,66.9195,70.8296
2003-12-23,SPY,stock,109.48,109.95,109.38,109.73,24741200,2003-12-23,2003-12-23,69.1358,71.8860,66.8551,70.7275
2003-12-22,SPY,stock,108.79,109.66,108.78,109.66,27611300,2003-12-22,2003-12-22,68.8541,71.7261,66.7893,70.6183
2003-12-19,SPY,stock,109.3,109.37,108.58,108.9,41465100,2003-12-19,2003-12-19,65.6979,71.5543,66.7232,70.5064
2003-12-18,SPY,stock,108.55,109.73,108.39,109.72,29353100,2003-12-18,2003-12-18,68.2585,71.4180,66.6617,70.4108
2003-12-17,SPY,stock,108.06,108.5,107.8,108.5,23198800,2003-12-17,2003-12-17,62.8735,71.2460,66.5975,70.3030
2003-12-16,SPY,stock,107.68,108.5,107.52,108.16,32894200,2003-12-16,2003-12-16,61.1687,71.1413,66.5407,70.2239
2003-12-15,SPY,stock,109.17,109.23,107.48,107.6,38693400,2003-12-15,2003-12-15,58.2356,71.0495,66.4857,70.1509
2003-12-12,SPY,stock,107.97,108.2,107.39,108.14,34142200,2003-12-12,2003-12-12,62.4600,70.9873,66.4339,70.0901
2003-12-11,SPY,stock,106.68,108.1,106.67,107.93,45304000,2003-12-11,2003-12-11,61.4502,70.8807,66.3780,70.0121
2003-12-10,SPY,stock,106.77,106.98,105.96,106.73,36915400,2003-12-10,2003-12-10,55.0319,70.7775,66.3229,69.9367
2003-12-09,SPY,stock,107.9,107.93,106.54,106.74,43596100,2003-12-09,2003-12-09,55.1028,70.7477,66.2753,69.8908
2003-12-08,SPY,stock,106.74,107.64,106.68,107.57,32482900,2003-12-08,2003-12-08,61.1861,70.7139,66.2271,69.8427
2003-12-05,SPY,stock,107.12,107.8,106.62,106.85,28824400,2003-12-05,2003-12-05,57.3976,70.6185,66.1729,69.7701
2003-12-04,SPY,stock,107.17,107.72,106.94,107.6,36089500,2003-12-04,2003-12-04,63.3816,70.5634,66.1230,69.7142
2003-12-03,SPY,stock,107.65,108.08,107.07,107.16,39078600,2003-12-03,2003-12-03,61.1767,70.4500,66.0675,69.6355
2003-12-02,SPY,stock,107.38,107.77,107.07,107.33,35352000,2003-12-02,2003-12-02,62.5274,70.3555,66.0144,69.5656
2003-12-01,SPY,stock,106.85,107.68,106.8,107.6,38699000,2003-12-01,2003-12-01,64.6320,70.2392,65.9597,69.4883
2003-11-28,SPY,stock,106.28,106.66,106.2,106.45,10507500,2003-11-28,2003-11-28,59.2007,70.0917,65.9026,69.4004
2003-11-26,SPY,stock,106.42,106.45,105.39,106.37,33053600,2003-11-26,2003-11-26,58.7920,70.0092,65.8526,69.3402
2003-11-25,SPY,stock,105.73,106.42,105.45,105.99,37580000,2003-11-25,2003-11-25,56.8867,69.9237,65.8027,69.2798
2003-11-24,SPY,stock,104.69,105.78,104.68,105.59,28906400,2003-11-24,2003-11-24,54.8461,69.8558,65.7548,69.2272
2003-11-21,SPY,stock,104.24,104.33,103.62,104.21,30016000,2003-11-21,2003-11-21,46.7760,69.8088,65.7091,69.1833
2003-11-20,SPY,stock,104,105.24,103.75,103.78,53578700,2003-11-20,2003-11-20,43.8736,69.8535,65.6721,69.1751
2003-11-19,SPY,stock,104.03,105.01,103.92,104.72,29827000,2003-11-19,2003-11-19,49.3347,69.9331,65.6377,69.1783
2003-11-18,SPY,stock,105.24,105.45,103.7,103.84,41155000,2003-11-18,2003-11-18,43.1872,69.9552,65.5967,69.1560
2003-11-17,SPY,stock,104.91,105.14,104.04,104.93,44382100,2003-11-17,2003-11-17,50.1917,70.0413,65.5611,69.1568
2003-11-14,SPY,stock,106.4,106.95,105.29,105.46,49158500,2003-11-14,2003-11-14,54.1576,70.0601,65.5178,69.1280
2003-11-13,SPY,stock,106.01,106.54,105.78,106.36,29714800,2003-11-13,2003-11-13,61.8656,70.0437,65.4706,69.0836
2003-11-12,SPY,stock,105.23,106.47,105.16,106.33,28000000,2003-11-12,2003-11-12,61.6968,69.9625,65.4169,69.0129
2003-11-11,SPY,stock,105.09,105.33,104.8,105.15,26558600,2003-11-11,2003-11-11,54.3134,69.8748,65.3629,68.9401
2003-11-10,SPY,stock,105.74,105.84,105.01,105.18,25530800,2003-11-10,2003-11-10,54.5617,69.8607,65.3162,68.8965
2003-11-07,SPY,stock,106.64,106.72,105.57,105.61,31723200,2003-11-07,2003-11-07,58.0965,69.8429,65.2688,68.8502
2003-11-06,SPY,stock,105.6,106.44,105.1,106.4,28392300,2003-11-06,2003-11-06,65.3155,69.7931,65.2181,68.7904
2003-11-05,SPY,stock,105.49,105.97,104.9,105.84,33558800,2003-11-05,2003-11-05,62.2259,69.6827,65.1616,68.7067
2003-11-04,SPY,stock,105.99,106.27,105.58,105.76,31421600,2003-11-04,2003-11-04,61.7743,69.6000,65.1082,68.6348
2003-11-03,SPY,stock,105.75,106.61,105.71,105.99,37589300,2003-11-03,2003-11-03,63.8112,69.5141,65.0549,68.5621
2003-10-31,SPY,stock,105.4,105.74,105.22,105.3,25761600,2003-10-31,2003-10-31,60.1508,69.4031,64.9995,68.4802
2003-10-30,SPY,stock,105.79,105.97,104.8,105.4,39123100,2003-10-30,2003-10-30,60.9809,69.3288,64.9481,68.4137
2003-10-29,SPY,stock,104.77,105.43,103.87,105.18,30955400,2003-10-29,2003-10-29,59.8489,69.2396,64.8956,68.3418
2003-10-28,SPY,stock,103.98,105.15,103.82,105.04,34956200,2003-10-28,2003-10-28,59.1487,69.1565,64.8440,68.2729
2003-10-27,SPY,stock,103.74,104.18,103.27,103.63,32460200,2003-10-27,2003-10-27,51.1869,69.0744,64.7928,68.2050
2003-10-24,SPY,stock,102.83,103.58,102.18,103.58,51723600,2003-10-24,2003-10-24,50.8716,69.0825,64.7505,68.1726
2003-10-23,SPY,stock,102.89,103.95,102.84,103.35,45830500,2003-10-23,2003-10-23,49.4777,69.0949,64.7082,68.1403
2003-10-22,SPY,stock,104.03,104.19,103.19,103.54,33914500,2003-10-22,2003-10-22,50.5785,69.1248,64.6669,68.1130
2003-10-21,SPY,stock,104.82,105.28,104.32,104.86,26729100,2003-10-21,2003-10-21,59.0542,69.1445,64.6240,68.0793
2003-10-20,SPY,stock,104.45,105.04,103.94,105.04,27657000,2003-10-20,2003-10-20,60.3344,69.0738,64.5718,68.0084
2003-10-17,SPY,stock,105.47,105.63,103.98,104.26,32790300,2003-10-17,2003-10-17,56.5436,68.9830,64.5179,67.9297
2003-10-16,SPY,stock,104.68,105.73,104.65,105.41,32772200,2003-10-16,2003-10-16,65.0553,68.9373,64.4687,67.8690
2003-10-15,SPY,stock,105.86,105.89,104.64,104.99,39021700,2003-10-15,2003-10-15,63.1754,68.8063,64.4113,67.7746
2003-10-14,SPY,stock,104.8,105.43,104.36,105.27,38484400,2003-10-14,2003-10-14,65.3517,68.6908,64.3561,67.6877
2003-10-13,SPY,stock,104.71,105.29,104.51,104.9,23825600,2003-10-13,2003-10-13,63.8225,68.5436,64.2984,67.5897
2003-10-10,SPY,stock,104.27,104.6,103.91,104.57,22682800,2003-10-10,2003-10-10,62.4499,68.4068,64.2427,67.4977
2003-10-09,SPY,stock,104.88,105.22,103.83,104.28,40066500,2003-10-09,2003-10-09,61.2502,68.2788,64.1886,67.4109
2003-10-08,SPY,stock,104.33,104.39,103.41,104,30920800,2003-10-08,2003-10-08,60.1075,68.1576,64.1360,67.3285
2003-10-07,SPY,stock,103.26,104.31,102.91,104.26,42602900,2003-10-07,2003-10-07,61.6757,68.0432,64.0846,67.2503
2003-10-06,SPY,stock,103.48,103.99,103.2,103.86,20226500,2003-10-06,2003-10-06,60.1920,67.8986,64.0310,67.1619
2003-10-03,SPY,stock,103.67,104.28,103.08,103.39,48806900,2003-10-03,2003-10-03,58.4363,67.7669,63.9796,67.0807
2003-10-02,SPY,stock,101.93,102.56,101.63,102.45,44591500,2003-10-02,2003-10-02,54.7283,67.6542,63.9308,67.0090
2003-10-01,SPY,stock,100.24,102.18,100.2,102.08,65797600,2003-10-01,2003-10-01,53.2024,67.5955,63.8877,66.9599
2003-09-30,SPY,stock,100.48,100.76,99.25,99.95,70764500,2003-09-30,2003-09-30,42.9171,67.5565,63.8468,66.9189
2003-09-29,SPY,stock,100.3,100.99,99.79,100.93,36771600,2003-09-29,2003-09-29,47.3645,67.6627,63.8196,66.9341
2003-09-26,SPY,stock,100.44,100.66,99.85,99.95,42914700,2003-09-26,2003-09-26,41.7604,67.7115,63.7856,66.9232
2003-09-25,SPY,stock,101.41,101.88,100.2,100.28,52673100,2003-09-25,2003-09-25,43.1985,67.8340,63.7579,66.9386
2003-09-24,SPY,stock,103.12,103.22,101.07,101.11,41694700,2003-09-24,2003-09-24,46.9769,67.9463,63.7276,66.9456
2003-09-23,SPY,stock,102.59,103.29,102.36,102.94,32489200,2003-09-23,2003-09-23,57.2239,68.0123,63.6915,66.9303
2003-09-22,SPY,stock,102.85,102.96,102.03,102.55,36677400,2003-09-22,2003-09-22,55.2941,67.9570,63.6428,66.8647
2003-09-19,SPY,stock,104.27,104.6,103.4,103.67,34331600,2003-09-19,2003-09-19,62.8558,67.9231,63.5962,66.8070
2003-09-18,SPY,stock,103.4,104.7,103.17,104.6,30243600,2003-09-18,2003-09-18,66.8575,67.8072,63.5417,66.7165
2003-09-17,SPY,stock,103.48,103.79,103.05,103.38,31885800,2003-09-17,2003-09-17,61.6363,67.6422,63.4831,66.6080
2003-09-16,SPY,stock,102.23,103.64,102.17,103.58,37892600,2003-09-16,2003-09-16,63.1508,67.5449,63.4320,66.5280
2003-09-15,SPY,stock,102.52,102.63,101.95,102.09,21312800,2003-09-15,2003-09-15,55.6048,67.4234,63.3790,66.4394
2003-09-12,SPY,stock,101.91,102.64,101.35,102.45,42524800,2003-09-12,2003-09-12,58.2825,67.3931,63.3355,66.3875
2003-09-11,SPY,stock,102.1,102.76,101.84,102.26,38396300,2003-09-11,2003-09-11,57.2742,67.3345,63.2891,66.3238
2003-09-10,SPY,stock,102.53,102.8,101.55,101.96,45904900,2003-09-10,2003-09-10,55.7044,67.2831,63.2436,66.2625
2003-09-09,SPY,stock,103.37,103.46,102.68,103,35053200,2003-09-09,2003-09-09,63.1760,67.2471,63.1995,66.2069
2003-09-08,SPY,stock,103.04,103.88,102.93,103.68,32632800,2003-09-08,2003-09-08,68.7769,67.1348,63.1481,66.1209
2003-09-05,SPY,stock,102.94,103.55,102.4,102.83,31637300,2003-09-05,2003-09-05,65.1954,66.9631,63.0917,66.0130
2003-09-04,SPY,stock,103.1,103.55,102.76,103.41,28381000,2003-09-04,2003-09-04,70.3052,66.8328,63.0403,65.9237
2003-09-03,SPY,stock,103.03,103.7,102.78,103.36,44912400,2003-09-03,2003-09-03,70.1177,66.6482,62.9846,65.8150
2003-09-02,SPY,stock,101.64,102.88,101.05,102.8,49419100,2003-09-02,2003-09-02,68.0177,66.4477,62.9286,65.7032
2003-08-29,SPY,stock,100.61,101.48,100.48,101.44,28706600,2003-08-29,2003-08-29,61.9947,66.2651,62.8758,65.6021
2003-08-28,SPY,stock,100.4,101,99.66,100.76,27402400,2003-08-28,2003-08-28,58.3532,66.1583,62.8316,65.5336
2003-08-27,SPY,stock,100.05,100.36,99.57,100.14,18919500,2003-08-27,2003-08-27,54.6766,66.0878,62.7914,65.4807
2003-08-26,SPY,stock,99.5,100.39,98.83,100.11,45065800,2003-08-26,2003-08-26,54.4961,66.0531,62.7549,65.4425
2003-08-25,SPY,stock,99.71,100.83,99.28,99.93,23473000,2003-08-25,2003-08-25,53.4635,66.0168,62.7183,65.4035
2003-08-22,SPY,stock,101.75,101.82,99.73,99.77,52040300,2003-08-22,2003-08-22,52.5753,65.9893,62.6826,65.3678
2003-08-21,SPY,stock,101.05,101.52,100.4,100.77,46494200,2003-08-21,2003-08-21,59.1245,65.9700,62.6475,65.3350
2003-08-20,SPY,stock,100.29,100.89,100.16,100.45,21295300,2003-08-20,2003-08-20,57.5534,65.8789,62.6054,65.2737
2003-08-19,SPY,stock,100.69,100.94,100,100.86,37437700,2003-08-19,2003-08-19,60.3115,65.8006,62.5650,65.2187
2003-08-18,SPY,stock,99.93,100.6,99.74,100.48,22873800,2003-08-18,2003-08-18,58.6042,65.6854,62.5215,65.1502
2003-08-15,SPY,stock,99.36,99.79,99.12,99.62,12567000,2003-08-15,2003-08-15,54.4901,65.5846,62.4801,65.0893
2003-08-14,SPY,stock,99.1,99.75,98.45,99.31,35525100,2003-08-14,2003-08-14,52.9241,65.5333,62.4440,65.0492
2003-08-13,SPY,stock,99.82,99.85,98.53,99.04,36152000,2003-08-13,2003-08-13,51.5765,65.4981,62.4096,65.0158
2003-08-12,SPY,stock,98.71,99.59,98.42,99.55,43285600,2003-08-12,2003-08-12,54.3030,65.4781,62.3766,64.9884
2003-08-11,SPY,stock,98.26,99.04,97.84,98.65,34631400,2003-08-11,2003-08-11,49.9691,65.4205,62.3399,64.9460
2003-08-08,SPY,stock,98.32,98.55,97.76,98.28,27357300,2003-08-08,2003-08-08,48.0896,65.4195,62.3089,64.9263
2003-08-07,SPY,stock,97.17,98.07,96.76,98,43427400,2003-08-07,2003-08-07,46.6822,65.4443,62.2800,64.9158
2003-08-06,SPY,stock,96.69,98.06,96.42,96.98,50096900,2003-08-06,2003-08-06,41.2985,65.4913,62.2527,64.9124
2003-08-05,SPY,stock,98.41,98.76,96.34,96.42,61415600,2003-08-05,2003-08-05,38.1127,65.6144,62.2319,64.9365
2003-08-04,SPY,stock,98.31,99,97,98.51,55214100,2003-08-04,2003-08-04,46.9414,65.7896,62.2146,64.9768
2003-08-01,SPY,stock,99.19,99.53,98.24,98.51,49321000,2003-08-01,2003-08-01,46.9414,65.8373,62.1832,64.9621
2003-07-31,SPY,stock,99.98,100.91,99.17,99.39,54937200,2003-07-31,2003-07-31,51.2516,65.8901,62.1516,64.9468
2003-07-30,SPY,stock,99.6,99.75,98.93,99.16,28363300,2003-07-30,2003-07-30,50.1405,65.8869,62.1137,64.9071
2003-07-29,SPY,stock,100.14,100.26,98.68,99.4,53472100,2003-07-29,2003-07-29,51.2728,65.8995,62.0770,64.8720
2003-07-28,SPY,stock,100.37,100.98,99.67,99.86,34382800,2003-07-28,2003-07-28,53.4199,65.8966,62.0383,64.8289
2003-07-25,SPY,stock,98.66,100.29,98.04,100.23,43241100,2003-07-25,2003-07-25,55.1447,65.8613,61.9961,64.7717
2003-07-24,SPY,stock,99.99,100.34,98.37,98.49,40896200,2003-07-24,2003-07-24,47.7825,65.7965,61.9511,64.7020
2003-07-23,SPY,stock,99.21,99.45,98.28,99.24,37275400,2003-07-23,2003-07-23,51.1422,65.8463,61.9172,64.6767
2003-07-22,SPY,stock,98.69,99.41,97.92,99.17,49968300,2003-07-22,2003-07-22,50.8427,65.8490,61.8780,64.6300
2003-07-21,SPY,stock,99.45,99.49,97.85,98.28,34786000,2003-07-21,2003-07-21,47.0068,65.8569,61.8388,64.5833
2003-07-18,SPY,stock,99.02,99.8,98.46,99.51,35698100,2003-07-18,2003-07-18,52.2379,65.9278,61.8052,64.5588
2003-07-17,SPY,stock,99.15,99.88,98.16,98.5,52253500,2003-07-17,2003-07-17,47.8094,65.9202,61.7630,64.5000
2003-07-16,SPY,stock,100.81,100.87,99.23,99.92,39894200,2003-07-16,2003-07-16,54.3936,65.9823,61.7272,64.4661
2003-07-15,SPY,stock,101.38,101.46,99.95,100.51,42573600,2003-07-15,2003-07-15,57.4459,65.9519,61.6815,64.3924
2003-07-14,SPY,stock,101.2,101.9,100.45,100.73,42114900,2003-07-14,2003-07-14,58.5842,65.8771,61.6315,64.2997
2003-07-11,SPY,stock,99.39,100.45,99.39,100.24,39976300,2003-07-11,2003-07-11,56.8144,65.7790,61.5794,64.1973
2003-07-10,SPY,stock,99.84,100.04,98.63,99.3,49777700,2003-07-10,2003-07-10,53.2563,65.7048,61.5301,64.1040
2003-07-09,SPY,stock,100.92,101.4,100.03,100.58,36528500,2003-07-09,2003-07-09,59.4496,65.6884,61.4866,64.0323
2003-07-08,SPY,stock,100.5,101.29,100.17,101.15,30952500,2003-07-08,2003-07-08,62.4529,65.5809,61.4341,63.9231
2003-07-07,SPY,stock,99.65,100.9,99.65,100.7,31391100,2003-07-07,2003-07-07,61.0089,65.4224,61.3773,63.7939
2003-07-03,SPY,stock,99.07,99.85,97.9,98.74,30792800,2003-07-03,2003-07-03,53.8272,65.2785,61.3229,63.6717
2003-07-02,SPY,stock,98.77,99.79,98.57,99.77,34662100,2003-07-02,2003-07-02,59.1429,65.2564,61.2810,63.5975
2003-07-01,SPY,stock,97.25,98.85,96.43,98.53,51322800,2003-07-01,2003-07-01,54.0727,65.1600,61.2319,63.4924
2003-06-30,SPY,stock,98.22,98.67,97.47,97.63,33349000,2003-06-30,2003-06-30,49.8809,65.1400,61.1905,63.4166
2003-06-27,SPY,stock,98.75,99.19,97.58,97.66,54208800,2003-06-27,2003-06-27,50.0222,65.1808,61.1547,63.3621
2003-06-26,SPY,stock,97.78,98.98,96.96,98.8,33477300,2003-06-26,2003-06-26,55.5781,65.2238,61.1183,63.3045
2003-06-25,SPY,stock,98.53,99.44,97.53,97.53,47743400,2003-06-25,2003-06-25,49.8117,65.1917,61.0740,63.2137
2003-06-24,SPY,stock,98.22,99.09,98.02,98.52,36213600,2003-06-24,2003-06-24,54.9775,65.2448,61.0377,63.1536
2003-06-23,SPY,stock,99.45,99.66,97.92,98.42,34237500,2003-06-23,2003-06-23,54.5353,65.2345,60.9944,63.0642
2003-06-20,SPY,stock,100.39,100.5,99.42,99.44,41545000,2003-06-20,2003-06-20,60.1295,65.2301,60.9514,62.9739
2003-06-19,SPY,stock,101.64,101.73,99.84,100.02,43551700,2003-06-19,2003-06-19,61.3846,65.1539,60.9011,62.8523
2003-06-18,SPY,stock,101.29,102.14,101,101.57,35521000,2003-06-18,2003-06-18,71.1061,65.0545,60.8489,62.7198
2003-06-17,SPY,stock,102.07,102.18,101.23,101.66,36801800,2003-06-17,2003-06-17,71.7186,64.8368,60.7858,62.5401
2003-06-16,SPY,stock,99.96,101.7,99.8,101.66,36326300,2003-06-16,2003-06-16,71.7186,64.5899,60.7216,62.3506
2003-06-13,SPY,stock,100.61,100.75,98.95,99.56,48628300,2003-06-13,2003-06-13,65.7910,64.3170,60.6566,62.1534
2003-06-12,SPY,stock,100.75,100.9,99.62,100.61,36442000,2003-06-12,2003-06-12,72.8833,64.1615,60.6050,62.0048
2003-06-11,SPY,stock,99.16,100.39,98.71,100.3,37610200,2003-06-11,2003-06-11,72.0575,63.9166,60.5459,61.8218
2003-06-10,SPY,stock,98.46,99.26,98.19,99.25,29965900,2003-06-10,2003-06-10,69.0977,63.6675,60.4882,61.6397
2003-06-09,SPY,stock,98.77,99.1,97.77,98.25,37808500,2003-06-09,2003-06-09,65.9037,63.4651,60.4369,61.4785
2003-06-06,SPY,stock,100.4,101.4,99.13,99.26,60356800,2003-06-06,2003-06-06,72.9778,63.3111,60.3918,61.3376
2003-06-05,SPY,stock,98.58,99.65,98.27,99.65,46262400,2003-06-05,2003-06-05,75.8989,63.0705,60.3395,61.1638
2003-06-04,SPY,stock,97.66,99.35,97.57,99.16,49360700,2003-06-04,2003-06-04,74.7183,62.7775,60.2841,60.9724
2003-06-03,SPY,stock,97.15,97.84,96.85,97.75,38254500,2003-06-03,2003-06-03,70.9107,62.4878,60.2313,60.7864
2003-06-02,SPY,stock,97.53,98.45,96.67,97.35,50305500,2003-06-02,2003-06-02,69.7089,62.2656,60.1874,60.6308
2003-05-30,SPY,stock,95.9,97.09,95.56,96.95,52529500,2003-05-30,2003-05-30,68.5005,62.0479,60.1458,60.4796
2003-05-29,SPY,stock,95.88,96.82,95.08,95.42,50844200,2003-05-29,2003-05-29,63.3007,61.8351,60.1063,60.3331
2003-05-28,SPY,stock,95.85,96.47,95.43,95.67,37727100,2003-05-28,2003-05-28,64.9269,61.7063,60.0767,60.2219
2003-05-27,SPY,stock,93.3,95.84,93.07,95.4,43719200,2003-05-27,2003-05-27,63.9994,61.5466,60.0450,60.0993
2003-05-23,SPY,stock,93.53,93.98,93.14,93.76,26155900,2003-05-23,2003-05-23,57.6884,61.3889,60.0149,59.9791
2003-05-22,SPY,stock,92.95,94.05,92.68,93.57,38421800,2003-05-22,2003-05-22,56.8751,61.3286,59.9953,59.8982
2003-05-21,SPY,stock,92.11,92.88,91.91,92.65,49333800,2003-05-21,2003-05-21,52.7955,61.2752,59.9768,59.8191
2003-05-20,SPY,stock,92.82,93.03,91.59,92.46,55404600,2003-05-20,2003-05-20,51.9233,61.2801,59.9642,59.7616
2003-05-19,SPY,stock,94.15,94.42,92.33,92.65,41606000,2003-05-19,2003-05-19,52.8297,61.2989,59.9528,59.7068
2003-05-16,SPY,stock,94.89,95.45,94.26,94.87,38905000,2003-05-16,2003-05-16,65.1731,61.3063,59.9400,59.6448
2003-05-15,SPY,stock,94.89,95.33,94.25,95.11,43879200,2003-05-15,2003-05-15,66.7384,61.1601,59.9123,59.5203
2003-05-14,SPY,stock,95.09,95.24,93.91,94.51,32195100,2003-05-14,2003-05-14,64.7744,60.9819,59.8827,59.3842
2003-05-13,SPY,stock,94.53,95.18,94.26,94.71,39253600,2003-05-13,2003-05-13,65.9803,60.8266,59.8569,59.2588
2003-05-12,SPY,stock,93.5,95.12,93.28,94.88,35662300,2003-05-12,2003-05-12,66.9643,60.6410,59.8294,59.1228
2003-05-09,SPY,stock,92.83,93.8,92.61,93.73,33608100,2003-05-09,2003-05-09,63.5497,60.4241,59.8005,58.9768
2003-05-08,SPY,stock,92.52,93.33,92.28,92.45,40570700,2003-05-08,2003-05-08,59.1900,60.2644,59.7790,58.8557
2003-05-07,SPY,stock,93.42,94.14,92.97,93.39,41413100,2003-05-07,2003-05-07,64.4463,60.1769,59.7658,58.7643
2003-05-06,SPY,stock,93.04,94.38,93,93.91,44401000,2003-05-06,2003-05-06,67.5267,60.0148,59.7462,58.6438
2003-05-05,SPY,stock,93.47,93.78,92.5,93.03,35437800,2003-05-05,2003-05-05,64.8895,59.7994,59.7229,58.5043
2003-05-02,SPY,stock,91.56,93.47,91.49,93.21,50201500,2003-05-02,2003-05-02,65.9061,59.6226,59.7053,58.3829
2003-05-01,SPY,stock,91.92,92.73,90.5,91.9,50240400,2003-05-01,2003-05-01,61.8692,59.4146,59.6862,58.2517
2003-04-30,SPY,stock,91.91,92.57,91.41,91.91,48709100,2003-04-30,2003-04-30,61.9212,59.2759,59.6757,58.1504
2003-04-29,SPY,stock,92.14,92.8,91.4,92.11,52017100,2003-04-29,2003-04-29,62.9024,59.1220,59.6650,58.0448
2003-04-28,SPY,stock,90.44,92.19,90.3,91.79,46432900,2003-04-28,2003-04-28,62.0079,58.9378,59.6529,57.9294
2003-04-25,SPY,stock,91.3,91.47,90.02,90.23,43917200,2003-04-25,2003-04-25,57.3529,58.7566,59.6428,57.8180
2003-04-24,SPY,stock,91.53,92.08,90.96,91.36,49692400,2003-04-24,2003-04-24,62.5041,58.6648,59.6429,57.7441
2003-04-23,SPY,stock,91.62,92.35,91.24,92.18,44227100,2003-04-23,2003-04-23,66.5305,58.4847,59.6356,57.6367
2003-04-22,SPY,stock,89.1,91.56,88.89,91.34,59763600,2003-04-22,2003-04-22,64.3457,58.2287,59.6227,57.5028
2003-04-21,SPY,stock,89.86,90.16,89.06,89.65,32052700,2003-04-21,2003-04-21,59.3939,58.0041,59.6153,57.3861
2003-04-17,SPY,stock,88.3,89.72,88.19,89.56,37403100,2003-04-17,2003-04-17,59.1130,57.8734,59.6190,57.3102
2003-04-16,SPY,stock,89.91,90.06,88.03,88.25,51788000,2003-04-16,2003-04-16,54.8973,57.7352,59.6233,57.2336
2003-04-15,SPY,stock,88.84,89.78,88.42,89.78,49709800,2003-04-15,2003-04-15,61.8088,57.6737,59.6364,57.1893
2003-04-14,SPY,stock,87.47,89,87,88.95,36711700,2003-04-14,2003-04-14,59.2227,57.4992,59.6395,57.1018
2003-04-11,SPY,stock,88.16,88.7,86.86,87.15,47730100,2003-04-11,2003-04-11,52.7844,57.3641,59.6481,57.0332
2003-04-10,SPY,stock,87.09,87.63,85.71,87.51,41812400,2003-04-10,2003-04-10,54.3790,57.3399,59.6688,57.0104
2003-04-09,SPY,stock,88.36,89.1,86.77,87.03,55647300,2003-04-09,2003-04-09,52.6064,57.2882,59.6872,56.9769
2003-04-08,SPY,stock,88.3,88.65,87.71,88.19,39712700,2003-04-08,2003-04-08,57.6313,57.2645,59.7091,56.9549
2003-04-07,SPY,stock,90.34,90.85,87.97,88.05,69776200,2003-04-07,2003-04-07,57.1728,57.1575,59.7234,56.9008
2003-04-04,SPY,stock,88.43,88.59,87.62,88.22,36250100,2003-04-04,2003-04-04,57.8790,57.0490,59.7389,56.8483
2003-04-03,SPY,stock,88.87,88.99,87.65,87.7,48755500,2003-04-03,2003-04-03,56.3475,56.9173,59.7533,56.7890
2003-04-02,SPY,stock,87.54,88.77,87.5,88.12,50431200,2003-04-02,2003-04-02,57.9271,56.8079,59.7714,56.7414
2003-04-01,SPY,stock,85.25,86.39,84.91,86.04,53574000,2003-04-01,2003-04-01,51.7009,56.6577,59.7868,56.6804
2003-03-31,SPY,stock,85.35,86.59,84.4,84.74,61119500,2003-03-31,2003-03-31,47.1629,56.6365,59.8162,56.6731
2003-03-28,SPY,stock,86.47,87.28,86.25,86.71,32583000,2003-03-28,2003-03-28,54.3482,56.7034,59.8546,56.7006
2003-03-27,SPY,stock,86.4,87.66,85.99,87.15,53120200,2003-03-27,2003-03-27,56.1214,56.6403,59.8802,56.6760
2003-03-26,SPY,stock,87.56,87.85,86.8,87.08,45740800,2003-03-26,2003-03-26,55.9089,56.5400,59.9032,56.6386
2003-03-25,SPY,stock,86.74,88.26,86.44,87.52,61040100,2003-03-25,2003-03-25,57.5354,56.4340,59.9269,56.6015
2003-03-24,SPY,stock,88.02,88.14,86.35,86.69,65398900,2003-03-24,2003-03-24,55.2553,56.2863,59.9479,56.5510
2003-03-21,SPY,stock,88.8,89.88,87.93,89.67,71165300,2003-03-21,2003-03-21,67.3033,56.1807,59.9746,56.5209
2003-03-20,SPY,stock,87.33,88.59,86.35,88.15,67321600,2003-03-20,2003-03-20,62.5533,55.8567,59.9818,56.4091
2003-03-19,SPY,stock,87.28,88.16,86.68,87.96,49630800,2003-03-19,2003-03-19,62.0341,55.6285,60.0015,56.3432
2003-03-18,SPY,stock,87.15,87.35,86.28,87.29,50792300,2003-03-18,2003-03-18,60.2286,55.3894,60.0226,56.2797
2003-03-17,SPY,stock,83.46,86.95,83.22,86.78,88217500,2003-03-17,2003-03-17,58.8453,55.1716,60.0484,56.2315
2003-03-14,SPY,stock,84.2,84.77,83.35,84.13,63951800,2003-03-14,2003-03-14,50.5457,54.9662,60.0778,56.1952
2003-03-13,SPY,stock,82.18,83.91,81.53,83.86,72117800,2003-03-13,2003-03-13,49.5838,54.9228,60.1250,56.2285
2003-03-12,SPY,stock,80.38,81.1,79.38,81.06,62459800,2003-03-12,2003-03-12,37.9644,54.8935,60.1745,56.2704
2003-03-11,SPY,stock,81.48,82,80.48,80.52,48102700,2003-03-11,2003-03-11,35.2937,55.0551,60.2430,56.3893
2003-03-10,SPY,stock,82.6,82.86,81.1,81.32,41014100,2003-03-10,2003-03-10,37.5155,55.2712,60.3158,56.5275
2003-03-07,SPY,stock,81.61,83.99,81.43,83.32,63538000,2003-03-07,2003-03-07,43.9360,55.4546,60.3840,56.6499
2003-03-06,SPY,stock,82.87,83.52,82.47,82.75,41217700,2003-03-06,2003-03-06,41.2763,55.5187,60.4396,56.7236
2003-03-05,SPY,stock,82.61,83.54,82.36,83.45,43974700,2003-03-05,2003-03-05,43.6370,55.6291,60.4996,56.8156
2003-03-04,SPY,stock,83.95,84.01,82.65,82.75,31440500,2003-03-04,2003-03-04,40.4758,55.7026,60.5556,56.8925
2003-03-03,SPY,stock,85.26,85.78,83.72,84.09,42923100,2003-03-03,2003-03-03,44.9580,55.8323,60.6168,56.9914
2003-02-28,SPY,stock,84.47,85.23,84.16,84.9,43666800,2003-02-28,2003-02-28,47.9376,55.8828,60.6697,57.0583
2003-02-27,SPY,stock,83.7,84.75,83.16,84.34,51126000,2003-02-27,2003-02-27,45.6240,55.8825,60.7178,57.1061
2003-02-26,SPY,stock,84.02,84.53,83.08,83.24,37787200,2003-02-26,2003-02-26,40.8279,55.9210,60.7700,57.1710
2003-02-25,SPY,stock,82.95,84.49,82.22,84.47,56770600,2003-02-25,2003-02-25,44.9440,56.0398,60.8301,57.2681
2003-02-24,SPY,stock,84.93,85,83.59,83.8,30628600,2003-02-24,2003-02-24,41.9856,56.0858,60.8826,57.3360
2003-02-21,SPY,stock,84.38,85.74,83.46,85.18,60955800,2003-02-21,2003-02-21,46.7947,56.1831,60.9401,57.4248
2003-02-20,SPY,stock,85.21,85.42,84.05,84.33,29280100,2003-02-20,2003-02-20,43.0648,56.1951,60.9891,57.4801
2003-02-19,SPY,stock,85.32,85.47,84.28,85.18,31432000,2003-02-19,2003-02-19,46.0634,56.2672,61.0442,57.5605
2003-02-18,SPY,stock,84.53,85.8,84.39,85.63,39492700,2003-02-18,2003-02-18,47.6960,56.2879,61.0941,57.6214
2003-02-14,SPY,stock,82.37,84.2,81.82,84.15,59580900,2003-02-14,2003-02-14,41.3474,56.2797,61.1417,57.6726
2003-02-13,SPY,stock,82.15,82.66,81,82.35,57934100,2003-02-13,2003-02-13,32.0302,56.3732,61.1995,57.7657
2003-02-12,SPY,stock,83.16,83.62,82.09,82.1,35873600,2003-02-12,2003-02-12,30.6085,56.6012,61.2697,57.9109
2003-02-11,SPY,stock,84.37,84.88,82.83,83.43,46861000,2003-02-11,2003-02-11,34.1355,56.8705,61.3424,58.0688
2003-02-10,SPY,stock,83.46,84.13,82.65,84.01,45455900,2003-02-10,2003-02-10,35.8063,57.0761,61.4069,58.1975
2003-02-07,SPY,stock,84.91,84.99,82.97,83.42,43165000,2003-02-07,2003-02-07,32.6946,57.2631,61.4683,58.3157
2003-02-06,SPY,stock,84.37,84.89,83.65,84.45,53638000,2003-02-06,2003-02-06,35.4828,57.5106,61.5342,58.4547
2003-02-05,SPY,stock,85.75,86.54,84.48,84.85,55270600,2003-02-05,2003-02-05,36.6086,57.7129,61.5940,58.5716
2003-02-04,SPY,stock,85.31,85.75,84.3,85.38,43633400,2003-02-04,2003-02-04,38.0957,57.9087,61.6517,58.6826
2003-02-03,SPY,stock,86.14,86.81,85.92,86.23,39696000,2003-02-03,2003-02-03,40.5488,58.0884,61.7064,58.7839
2003-01-31,SPY,stock,84.15,86.21,84.15,86.06,55317000,2003-01-31,2003-01-31,39.8293,58.2282,61.7561,58.8665
2003-01-30,SPY,stock,86.79,86.88,84.4,84.43,49845900,2003-01-30,2003-01-30,32.5621,58.3944,61.8075,58.9570
2003-01-29,SPY,stock,85.42,87.18,84.77,86.48,53712200,2003-01-29,2003-01-29,37.9090,58.6910,61.8701,59.0950
2003-01-28,SPY,stock,85.63,86.4,85.13,85.83,46929100,2003-01-28,2003-01-28,34.7547,58.8769,61.9198,59.1835
2003-01-27,SPY,stock,85.73,86.8,84.5,85.2,57884400,2003-01-27,2003-01-27,31.6285,59.1273,61.9743,59.2931
2003-01-24,SPY,stock,88.59,88.68,86.17,86.38,68633900,2003-01-24,2003-01-24,34.5038,59.4478,62.0335,59.4242
2003-01-23,SPY,stock,88.75,89.38,87.95,88.71,55919800,2003-01-23,2003-01-23,41.4053,59.7202,62.0855,59.5288
2003-01-22,SPY,stock,88.77,89.8,88,88.17,42286500,2003-01-22,2003-01-22,38.7696,59.8599,62.1226,59.5752
2003-01-21,SPY,stock,90.87,90.92,88.95,89.25,36826200,2003-01-21,2003-01-21,42.3035,60.0517,62.1637,59.6379
2003-01-17,SPY,stock,90.99,92.3,90.15,90.66,35618300,2003-01-17,2003-01-17,47.5591,60.1888,62.1980,59.6742
2003-01-16,SPY,stock,92.5,92.93,91.45,92.02,44812100,2003-01-16,2003-01-16,53.5134,60.2427,62.2233,59.6741
2003-01-15,SPY,stock,93.54,93.57,91.91,92.4,33511800,2003-01-15,2003-01-15,55.3101,60.2080,62.2399,59.6374
2003-01-14,SPY,stock,92.69,93.83,92.41,93.33,30733000,2003-01-14,2003-01-14,59.8788,60.1433,62.2541,59.5891
2003-01-13,SPY,stock,93.54,93.86,92.44,93.03,31649900,2003-01-13,2003-01-13,58.8609,60.0074,62.2624,59.5138
2003-01-10,SPY,stock,91.95,93.64,91.8,93.06,37768900,2003-01-10,2003-01-10,58.9999,59.8779,62.2727,59.4434
2003-01-09,SPY,stock,91.82,93.18,91.41,92.81,34804900,2003-01-09,2003-01-09,58.2368,59.7328,62.2829,59.3694
2003-01-08,SPY,stock,92.2,92.4,91.05,91.39,38702200,2003-01-08,2003-01-08,53.6907,59.5897,62.2949,59.2991
2003-01-07,SPY,stock,92.9,93.37,92.2,92.73,38640400,2003-01-07,2003-01-07,59.3519,59.5299,62.3163,59.2640
2003-01-06,SPY,stock,91.24,93.49,91.17,92.96,40984500,2003-01-06,2003-01-06,60.3664,59.3710,62.3292,59.1916
2003-01-03,SPY,stock,90.91,91.38,90.5,91.35,32222600,2003-01-03,2003-01-03,55.4126,59.1794,62.3406,59.1100
2003-01-02,SPY,stock,88.85,91.3,88.54,91.07,44516300,2003-01-02,2003-01-02,54.4941,59.0793,62.3628,59.0683
2002-12-31,SPY,stock,87.99,88.43,87.11,88.23,34036600,2002-12-31,2002-12-31,43.5397,58.9879,62.3871,59.0324
2002-12-30,SPY,stock,87.79,88.47,87.22,88.11,29968000,2002-12-30,2002-12-30,43.0013,59.0838,62.4304,59.0714
2002-12-27,SPY,stock,88.96,89.29,87.38,87.38,22205700,2002-12-27,2002-12-27,39.7565,59.1980,62.4750,59.1152
2002-12-26,SPY,stock,89.7,90.61,88.84,89.39,17485600,2002-12-26,2002-12-26,46.5288,59.3749,62.5248,59.1804
2002-12-24,SPY,stock,89.59,89.86,89.25,89.35,10937000,2002-12-24,2002-12-24,46.3599,59.4310,62.5618,59.1942
2002-12-23,SPY,stock,89.59,90.47,89.31,90.02,22599300,2002-12-23,2002-12-23,48.7544,59.4959,62.5995,59.2097
2002-12-20,SPY,stock,89.2,90.02,89.1,89.99,31176900,2002-12-20,2002-12-20,48.6442,59.5212,62.6331,59.2079
2002-12-19,SPY,stock,89.35,90.7,88.6,89.16,39264200,2002-12-19,2002-12-19,43.9398,59.5512,62.6672,59.2067
2002-12-18,SPY,stock,90.32,90.4,89.33,89.8,35612600,2002-12-18,2002-12-18,45.9144,59.6717,62.7100,59.2394
2002-12-17,SPY,stock,91.37,91.74,90.74,90.85,32353900,2002-12-17,2002-12-17,49.2887,59.7607,62.7491,59.2562
2002-12-16,SPY,stock,89.82,91.79,89.66,91.65,37098400,2002-12-16,2002-12-16,51.9921,59.7867,62.7816,59.2457
2002-12-13,SPY,stock,89.91,90.48,89.27,89.34,36862200,2002-12-13,2002-12-13,43.7149,59.7603,62.8092,59.2134
2002-12-12,SPY,stock,91.2,91.49,90.2,90.77,34465600,2002-12-12,2002-12-12,48.5240,59.8903,62.8522,59.2415
2002-12-11,SPY,stock,90.42,91.62,90.16,90.78,39201000,2002-12-11,2002-12-11,48.5587,59.9355,62.8863,59.2325
2002-12-10,SPY,stock,90.02,91.1,89.76,90.7,33319900,2002-12-10,2002-12-10,48.2841,59.9847,62.9206,59.2229
2002-12-09,SPY,stock,91.07,91.46,89.48,89.5,36789600,2002-12-09,2002-12-09,44.1295,60.0446,62.9559,59.2150
2002-12-06,SPY,stock,90.12,92.17,89.98,92.03,49824100,2002-12-06,2002-12-06,52.3652,60.1935,62.9994,59.2389
2002-12-05,SPY,stock,92.73,92.8,91.1,91.43,36724900,2002-12-05,2002-12-05,50.3236,60.1837,63.0266,59.1962
2002-12-04,SPY,stock,91.77,93.14,91.43,92.45,64040800,2002-12-04,2002-12-04,53.9754,60.2142,63.0581,59.1677
2002-12-03,SPY,stock,93.25,93.4,92.35,92.87,34407700,2002-12-03,2002-12-03,55.5158,60.1776,63.0832,59.1108
2002-12-02,SPY,stock,95.47,96.05,93.22,94.13,49911900,2002-12-02,2002-12-02,60.3103,60.1082,63.1058,59.0403
2002-11-29,SPY,stock,94.8,94.95,93.77,93.98,19385700,2002-11-29,2002-11-29,59.9277,59.9446,63.1203,58.9333
2002-11-27,SPY,stock,92.52,94.65,92.43,94.28,37764000,2002-11-27,2002-11-27,61.0200,59.7741,63.1359,58.8259
2002-11-26,SPY,stock,93.07,93.45,91.62,91.7,42284700,2002-11-26,2002-11-26,54.3796,59.5650,63.1497,58.7061
2002-11-25,SPY,stock,93.43,94.26,92.77,93.48,33846400,2002-11-25,2002-11-25,61.0415,59.5118,63.1807,58.6504
2002-11-22,SPY,stock,93.48,94.27,93.27,93.42,32513800,2002-11-22,2002-11-22,60.8915,59.3302,63.2002,58.5449
2002-11-21,SPY,stock,92.6,94.19,92.43,94.09,55128200,2002-11-21,2002-11-21,63.4229,59.1337,63.2203,58.4366
2002-11-20,SPY,stock,89.98,92.42,89.95,92.37,36688400,2002-11-20,2002-11-20,59.3994,58.8702,63.2363,58.3060
2002-11-19,SPY,stock,90.02,91.1,89.76,90.36,32806600,2002-11-19,2002-11-19,53.8962,58.6977,63.2637,58.2160
2002-11-18,SPY,stock,92.15,92.15,90.35,90.48,28934800,2002-11-18,2002-11-18,54.3043,58.6456,63.3046,58.1762
2002-11-15,SPY,stock,90,91.55,89.95,91.4,39152100,2002-11-15,2002-11-15,57.3980,58.5797,63.3451,58.1315
2002-11-14,SPY,stock,90.07,91,89.75,90.73,31896800,2002-11-14,2002-11-14,55.6910,58.4434,63.3800,58.0603
2002-11-13,SPY,stock,88.32,89.74,87.45,89.05,63891500,2002-11-13,2002-11-13,51.1318,58.3390,63.4196,58.0042
2002-11-12,SPY,stock,88.66,89.93,88.37,88.96,37724500,2002-11-12,2002-11-12,50.8804,58.3395,63.4707,57.9907
2002-11-11,SPY,stock,89.51,89.56,87.8,88.26,33505100,2002-11-11,2002-11-11,48.9848,58.3462,63.5230,57.9791
2002-11-08,SPY,stock,90.53,91.57,89.52,89.65,37905400,2002-11-08,2002-11-08,52.7374,58.4019,63.5803,57.9857
2002-11-07,SPY,stock,92.02,92.22,90.22,90.76,51572000,2002-11-07,2002-11-07,55.9137,58.3676,63.6291,57.9554
2002-11-06,SPY,stock,92.48,93.07,90.79,93.04,65013100,2002-11-06,2002-11-06,63.1704,58.2531,63.6710,57.8942
2002-11-05,SPY,stock,90.84,92.07,90.84,91.85,37270800,2002-11-05,2002-11-05,60.6983,57.9694,63.6984,57.7696
2002-11-04,SPY,stock,91.8,92.94,90.9,91.13,49080600,2002-11-04,2002-11-04,59.1581,57.7379,63.7339,57.6716
2002-11-01,SPY,stock,88.35,90.82,88.05,90.27,51878900,2002-11-01,2002-11-01,57.3023,57.5316,63.7744,57.5889
2002-10-31,SPY,stock,89.66,90.3,88.19,88.52,41620600,2002-10-31,2002-10-31,53.2920,57.3630,63.8211,57.5259
2002-10-30,SPY,stock,88.68,89.96,88.23,89.43,41688600,2002-10-30,2002-10-30,55.8237,57.2972,63.8797,57.5070
2002-10-29,SPY,stock,89.08,89.49,87,88.57,59508200,2002-10-29,2002-10-29,53.9019,57.1618,63.9329,57.4631
2002-10-28,SPY,stock,91.15,91.29,88.85,89.61,39416100,2002-10-28,2002-10-28,56.6702,57.0714,63.9923,57.4404
2002-10-25,SPY,stock,88.21,90.39,87.94,90.2,43672100,2002-10-25,2002-10-25,58.2461,56.8998,64.0455,57.3889
2002-10-24,SPY,stock,90.75,90.9,88.1,88.36,54987400,2002-10-24,2002-10-24,54.5893,56.6695,64.0953,57.3195
2002-10-23,SPY,stock,88.77,90.27,87.68,90.2,54905800,2002-10-23,2002-10-23,59.4217,56.5418,64.1578,57.2965
2002-10-22,SPY,stock,89.05,90.01,88.52,89.52,40966800,2002-10-22,2002-10-22,58.1504,56.2738,64.2087,57.2234
2002-10-21,SPY,stock,88.12,90.5,87.57,90.17,45859100,2002-10-21,2002-10-21,59.8138,56.0244,64.2647,57.1655
2002-10-18,SPY,stock,87.65,89.11,86.93,88.64,47448700,2002-10-18,2002-10-18,57.1337,55.7040,64.3169,57.0878
2002-10-17,SPY,stock,88.87,89.3,87.85,88.27,68534100,2002-10-17,2002-10-17,56.4820,55.4554,64.3797,57.0479
2002-10-16,SPY,stock,87.41,87.8,85.92,86.55,62977800,2002-10-16,2002-10-16,53.4254,55.2061,64.4456,57.0162
2002-10-15,SPY,stock,86.99,88.72,86.85,88.7,82320300,2002-10-15,2002-10-15,58.1675,55.0491,64.5235,57.0293
2002-10-14,SPY,stock,83.2,84.85,83.04,84.63,40631900,2002-10-14,2002-10-14,50.4339,54.7274,64.5880,56.9853
2002-10-11,SPY,stock,82.1,84.73,81.82,84.16,82308300,2002-10-11,2002-10-11,49.4315,54.6525,64.6799,57.0484
2002-10-10,SPY,stock,77.94,81.07,77.07,80.63,76749000,2002-10-10,2002-10-10,41.1275,54.6021,64.7759,57.1267
2002-10-09,SPY,stock,79.09,79.7,77.78,78.1,79956400,2002-10-09,2002-10-09,33.9040,54.7898,64.8961,57.3025
2002-10-08,SPY,stock,79.81,81.31,78.2,80.37,79531000,2002-10-08,2002-10-08,37.7645,55.1717,65.0341,57.5532
2002-10-07,SPY,stock,80.06,81.2,78.55,79.13,53188000,2002-10-07,2002-10-07,33.9497,55.4373,65.1586,57.7533
2002-10-04,SPY,stock,82.8,82.92,79.58,80.8,68483700,2002-10-04,2002-10-04,36.7682,55.8163,65.2925,57.9949
2002-10-03,SPY,stock,83.14,84.6,81.95,82.31,55547000,2002-10-03,2002-10-03,39.5230,56.1201,65.4167,58.2016
2002-10-02,SPY,stock,84.69,85.53,82.6,83.15,56749100,2002-10-02,2002-10-02,41.1143,56.3518,65.5323,58.3763
2002-10-01,SPY,stock,82.43,85.77,81.47,85.72,67198100,2002-10-01,2002-10-01,46.4245,56.5499,65.6434,58.5358
2002-09-30,SPY,stock,82,82.8,80.9,81.79,73096400,2002-09-30,2002-09-30,34.3923,56.5916,65.7388,58.6330
2002-09-27,SPY,stock,85,85.63,82.75,82.75,64648300,2002-09-27,2002-09-27,36.2383,56.9088,65.8610,58.8393
2002-09-26,SPY,stock,85.02,85.97,84.45,85.73,53638000,2002-09-26,2002-09-26,42.8713,57.1931,65.9782,59.0284
2002-09-25,SPY,stock,83.37,84.77,82.04,84.35,59294400,2002-09-25,2002-09-25,37.9906,57.3018,66.0768,59.1455
2002-09-24,SPY,stock,82.44,83.65,81.85,82.31,69507000,2002-09-24,2002-09-24,29.7528,57.5172,66.1856,59.3042
2002-09-23,SPY,stock,83.65,84.06,82.69,83.66,46893800,2002-09-23,2002-09-23,32.3976,57.8959,66.3089,59.5240
2002-09-20,SPY,stock,84.92,85.2,84.05,84.35,46325600,2002-09-20,2002-09-20,33.8246,58.2214,66.4245,59.7167
2002-09-19,SPY,stock,85.99,86.8,84.7,84.7,48510500,2002-09-19,2002-09-19,33.7146,58.5336,66.5367,59.8988
2002-09-18,SPY,stock,87.01,88.5,86.28,86.95,54719400,2002-09-18,2002-09-18,38.4649,58.8805,66.6503,60.0890
2002-09-17,SPY,stock,90.89,91.19,87.75,87.83,47609700,2002-09-17,2002-09-17,40.5393,59.1095,66.7502,60.2271
2002-09-16,SPY,stock,89.31,89.89,88.46,89.89,28167600,2002-09-16,2002-09-16,45.9227,59.3023,66.8454,60.3475
2002-09-13,SPY,stock,88.69,89.9,88.25,89.67,41131000,2002-09-13,2002-09-13,45.2010,59.3738,66.9281,60.4179
2002-09-12,SPY,stock,90.75,90.84,88.99,89.45,43601700,2002-09-12,2002-09-12,44.5135,59.4681,67.0130,60.4970
2002-09-11,SPY,stock,92.47,93.33,91.1,91.13,27711200,2002-09-11,2002-09-11,48.8605,59.5873,67.1002,60.5853
2002-09-10,SPY,stock,91.14,91.78,90.56,91.7,41416600,2002-09-10,2002-09-10,50.4116,59.6038,67.1773,60.6324
2002-09-09,SPY,stock,89.1,91.35,88.8,90.66,33998400,2002-09-09,2002-09-09,47.5931,59.5829,67.2514,60.6663
2002-09-06,SPY,stock,89.75,90.57,89.34,90,38622200,2002-09-06,2002-09-06,45.7769,59.6311,67.3331,60.7292
2002-09-05,SPY,stock,88.49,89.43,87.5,88.78,67250900,2002-09-05,2002-09-05,42.3476,59.7298,67.4199,60.8123
2002-09-04,SPY,stock,88.61,90.25,88.06,89.54,51099500,2002-09-04,2002-09-04,43.9557,59.9226,67.5156,60.9312
2002-09-03,SPY,stock,90.73,91,88.15,88.28,76586400,2002-09-03,2002-09-03,40.4759,60.0835,67.6073,61.0348
2002-08-30,SPY,stock,91.68,93.39,91.4,91.78,30366700,2002-08-30,2002-08-30,48.1942,60.3478,67.7081,61.1761
2002-08-29,SPY,stock,91.27,93.05,90.81,92.14,42965700,2002-08-29,2002-08-29,49.0883,60.3997,67.7871,61.2300
2002-08-28,SPY,stock,93.28,93.49,91.8,92.1,38970600,2002-08-28,2002-08-28,48.9906,60.4324,67.8644,61.2766
2002-08-27,SPY,stock,95.7,96.25,93.5,94.16,35335700,2002-08-27,2002-08-27,53.9368,60.4712,67.9428,61.3261
2002-08-26,SPY,stock,94.91,95.64,93.5,95.26,33830100,2002-08-26,2002-08-26,56.7792,60.3727,68.0085,61.3228
2002-08-23,SPY,stock,96.01,96.15,94.15,94.6,33716400,2002-08-23,2002-08-23,55.4719,60.1883,68.0677,61.2901
2002-08-22,SPY,stock,95.49,97.15,95.07,96.68,38399800,2002-08-22,2002-08-22,60.8592,60.0298,68.1317,61.2736
2002-08-21,SPY,stock,95.06,95.78,93.57,95.75,39628900,2002-08-21,2002-08-21,59.2147,59.7119,68.1828,61.2011
2002-08-20,SPY,stock,94.82,95.4,93.62,94.39,30508300,2002-08-20,2002-08-20,56.7469,59.4243,68.2405,61.1504
2002-08-19,SPY,stock,93.46,95.75,93.1,95.4,33669900,2002-08-19,2002-08-19,59.2178,59.1999,68.3076,61.1338
2002-08-16,SPY,stock,92.82,94.08,92,93.22,36517300,2002-08-16,2002-08-16,55.3185,58.8824,68.3689,61.0896
2002-08-15,SPY,stock,92.84,93.99,92.2,93.5,45551500,2002-08-15,2002-08-15,55.9566,58.6812,68.4450,61.1017
2002-08-14,SPY,stock,89.02,92.63,88.02,92.22,57423600,2002-08-14,2002-08-14,53.6891,58.4396,68.5201,61.1068
2002-08-13,SPY,stock,90.15,91.66,88.65,88.97,49690500,2002-08-13,2002-08-13,47.2910,58.2604,68.6043,61.1462
2002-08-12,SPY,stock,89.99,91.27,89.55,90.62,25841700,2002-08-12,2002-08-12,50.5857,58.2855,68.7106,61.2737
2002-08-09,SPY,stock,90.1,91.94,89.35,91.29,41879200,2002-08-09,2002-08-09,51.9503,58.2000,68.8072,61.3625
2002-08-08,SPY,stock,88.42,91.1,87.8,90.95,48339800,2002-08-08,2002-08-08,51.3316,58.0594,68.9004,61.4371
2002-08-07,SPY,stock,87.87,88.5,85.77,88.1,43289400,2002-08-07,2002-08-07,45.9108,57.9274,68.9968,61.5238
2002-08-06,SPY,stock,85.23,87.9,85.11,86.59,64730000,2002-08-06,2002-08-06,42.7750,57.9771,69.1128,61.6899
2002-08-05,SPY,stock,86.49,86.93,83.55,83.77,47191300,2002-08-05,2002-08-05,36.3787,58.1358,69.2398,61.9029
2002-08-02,SPY,stock,88.5,88.91,85.62,86.79,51772900,2002-08-02,2002-08-02,40.9279,58.5047,69.3866,62.1997
2002-08-01,SPY,stock,90.88,91.35,88.33,88.78,66571900,2002-08-01,2002-08-01,44.3190,58.7051,69.5151,62.4283
2002-07-31,SPY,stock,90.49,91.55,89.25,91.16,44669900,2002-07-31,2002-07-31,48.8104,58.7901,69.6319,62.6132
2002-07-30,SPY,stock,89.32,91.4,88.72,90.94,47532200,2002-07-30,2002-07-30,48.3612,58.7206,69.7342,62.7423
2002-07-29,SPY,stock,87.5,90.34,87.3,89.77,53492900,2002-07-29,2002-07-29,46.0221,58.6588,69.8390,62.8825
2002-07-26,SPY,stock,84.65,85.93,83.8,85.6,41206800,2002-07-26,2002-07-26,36.5036,58.6709,69.9525,63.0596
2002-07-25,SPY,stock,84.27,85.85,81.6,84,87176600,2002-07-25,2002-07-25,32.2468,58.9706,70.0945,63.3549
2002-07-24,SPY,stock,78.13,85.12,77.68,84.72,107022800,2002-07-24,2002-07-24,33.1762,59.4116,70.2484,63.7048
2002-07-23,SPY,stock,82.55,83.24,79.75,79.95,74484100,2002-07-23,2002-07-23,18.7752,59.8496,70.3992,64.0499
2002-07-22,SPY,stock,84.1,85.91,81.45,82.2,78134000,2002-07-22,2002-07-22,20.7322,60.6611,70.5827,64.5360
2002-07-19,SPY,stock,86.76,87.55,84.3,84.71,77572600,2002-07-19,2002-07-19,23.2416,61.4036,70.7533,64.9821
2002-07-18,SPY,stock,90.7,91.1,87.75,87.8,32656700,2002-07-18,2002-07-18,26.9739,62.0520,70.9092,65.3796
2002-07-17,SPY,stock,92.46,93.3,89.75,90.74,48880600,2002-07-17,2002-07-17,31.4335,62.5565,71.0463,65.7110
2002-07-16,SPY,stock,91.12,92.38,89.87,90.56,53282400,2002-07-16,2002-07-16,30.7829,62.9123,71.1656,65.9777
2002-07-15,SPY,stock,91.64,92.4,87.89,92.34,77317200,2002-07-15,2002-07-15,33.7210,63.3179,71.2873,66.2601
2002-07-12,SPY,stock,93.33,93.89,91.52,91.85,39018600,2002-07-12,2002-07-12,32.0635,63.6440,71.3985,66.5067
2002-07-11,SPY,stock,91.76,93.35,90.32,92.87,59476500,2002-07-11,2002-07-11,33.6922,64.0381,71.5141,66.7763
2002-07-10,SPY,stock,96,96.07,92.04,92.12,50522500,2002-07-10,2002-07-10,31.3100,64.4036,71.6241,67.0298
2002-07-09,SPY,stock,97.73,98.34,95.01,95.6,28620400,2002-07-09,2002-07-09,37.0441,64.8591,71.7402,67.3136
2002-07-08,SPY,stock,98.98,99.7,97.56,98.07,19118600,2002-07-08,2002-07-08,42.1292,65.1236,71.8346,67.5164
2002-07-05,SPY,stock,96.78,99.53,96.66,99.31,19013500,2002-07-05,2002-07-05,45.0094,65.2465,71.9138,67.6617
2002-07-03,SPY,stock,94.62,95.84,93.72,95.51,30565800,2002-07-03,2002-07-03,31.7273,65.2971,71.9856,67.7799
2002-07-02,SPY,stock,96.86,97.2,94.77,94.97,34213900,2002-07-02,2002-07-02,29.4797,65.6139,72.0831,68.0041
2002-07-01,SPY,stock,99.18,99.8,96.89,97.03,20270200,2002-07-01,2002-07-01,33.3714,66.0011,72.1851,68.2518
2002-06-28,SPY,stock,99.24,100.5,98.88,98.96,28184200,2002-06-28,2002-06-28,37.7012,66.2877,72.2746,68.4548
2002-06-27,SPY,stock,98.5,99.49,96.57,99.43,31616400,2002-06-27,2002-06-27,38.8407,66.4720,72.3524,68.6146
2002-06-26,SPY,stock,95.2,98.15,95.19,97.72,37913600,2002-06-26,2002-06-26,31.8851,66.6434,72.4278,68.7686
2002-06-25,SPY,stock,100.3,100.89,97.54,97.56,33355000,2002-06-25,2002-06-25,31.2053,66.9502,72.5153,68.9743
2002-06-24,SPY,stock,98.61,100.69,97.25,99.8,37169700,2002-06-24,2002-06-24,35.8574,67.3003,72.6046,69.1926
2002-06-21,SPY,stock,100.47,100.93,98.68,99.28,31190700,2002-06-21,2002-06-21,33.7276,67.5335,72.6802,69.3603
2002-06-20,SPY,stock,102.26,103.05,100.96,101.21,25691000,2002-06-20,2002-06-20,37.1921,67.8269,72.7599,69.5486
2002-06-19,SPY,stock,103.5,104.43,102.24,102.52,21540700,2002-06-19,2002-06-19,40.3932,68.0434,72.8302,69.7029
2002-06-18,SPY,stock,103.74,105.03,103.63,104.97,21628500,2002-06-18,2002-06-18,47.4921,68.1930,72.8926,69.8286
2002-06-17,SPY,stock,101.92,104.34,101.85,104.12,17647200,2002-06-17,2002-06-17,44.3408,68.1909,72.9396,69.8945
2002-06-14,SPY,stock,100.31,101.56,98.5,101.4,39267500,2002-06-14,2002-06-14,32.2608,68.2466,72.9926,69.9857
2002-06-13,SPY,stock,102.13,103,101.34,101.55,21043900,2002-06-13,2002-06-13,32.6234,68.4942,73.0640,70.1527
2002-06-12,SPY,stock,101.71,102.81,100.78,102.58,31266000,2002-06-12,2002-06-12,35.1417,68.7577,73.1351,70.3225
2002-06-11,SPY,stock,104.13,104.54,101.73,101.96,19990700,2002-06-11,2002-06-11,32.2171,68.9784,73.2001,70.4720
2002-06-10,SPY,stock,103.24,104.46,103.02,103.74,18759900,2002-06-10,2002-06-10,36.6191,69.2648,73.2699,70.6440
2002-06-07,SPY,stock,101.78,103.92,101.72,103.34,24011600,2002-06-07,2002-06-07,34.7590,69.4595,73.3287,70.7758
2002-06-06,SPY,stock,105.54,105.6,103.15,103.46,22998500,2002-06-06,2002-06-06,35.0455,69.7021,73.3908,70.9236
2002-06-05,SPY,stock,104.95,105.67,104.35,105.61,19695900,2002-06-05,2002-06-05,40.6154,69.9621,73.4527,71.0743
2002-06-04,SPY,stock,104.15,105.2,103.55,104.63,25856200,2002-06-04,2002-06-04,36.3325,70.1023,73.5012,71.1740
2002-06-03,SPY,stock,107.09,107.6,104.13,104.37,26056300,2002-06-03,2002-06-03,35.1809,70.3244,73.5565,71.3039
2002-05-31,SPY,stock,107.4,108.56,106.85,107.22,19826300,2002-05-31,2002-05-31,43.1201,70.5876,73.6141,71.4459
2002-05-30,SPY,stock,106.55,107.51,105.9,107,18217900,2002-05-30,2002-05-30,42.1849,70.6835,73.6537,71.5181
2002-05-29,SPY,stock,107.62,108.02,107.13,107.3,14773300,2002-05-29,2002-05-29,43.0818,70.8046,73.6951,71.5992
2002-05-28,SPY,stock,109.05,109.13,107.45,108.1,24236900,2002-05-28,2002-05-28,45.4760,70.9179,73.7350,71.6755
2002-05-24,SPY,stock,109.98,110.2,108.61,108.69,11877000,2002-05-24,2002-05-24,47.2752,70.9885,73.7700,71.7338
2002-05-23,SPY,stock,109.26,110.36,108.48,110.1,13879800,2002-05-23,2002-05-23,51.8254,71.0261,73.8016,71.7788
2002-05-22,SPY,stock,108.22,109.12,108,108.94,15844200,2002-05-22,2002-05-22,48.0022,70.9712,73.8242,71.7883
2002-05-21,SPY,stock,110.11,110.48,108.32,108.7,16877200,2002-05-21,2002-05-21,47.1971,70.9898,73.8547,71.8288
2002-05-20,SPY,stock,110.64,110.69,109.49,109.7,13833800,2002-05-20,2002-05-20,50.2045,71.0269,73.8870,71.8775
2002-05-17,SPY,stock,110.66,111.25,110.1,110.9,27823700,2002-05-17,2002-05-17,54.0417,70.9995,73.9132,71.9015
2002-05-16,SPY,stock,109.7,110.48,109.33,110.36,28092000,2002-05-16,2002-05-16,52.5255,70.8870,73.9317,71.8948
2002-05-15,SPY,stock,109.5,110.91,109.29,109.79,29535300,2002-05-15,2002-05-15,50.9390,70.7997,73.9540,71.9020
2002-05-14,SPY,stock,109.62,110.37,109,110.22,34201200,2002-05-14,2002-05-14,52.1600,70.7422,73.9802,71.9247
2002-05-13,SPY,stock,106.22,107.95,105.79,107.87,14677700,2002-05-13,2002-05-13,45.5349,70.6492,74.0038,71.9369
2002-05-10,SPY,stock,107.97,108.05,105.6,105.72,18958900,2002-05-10,2002-05-10,38.2728,70.7072,74.0431,72.0120
2002-05-09,SPY,stock,108.65,109.1,107.58,107.75,18085600,2002-05-09,2002-05-09,43.3392,70.9184,74.0968,72.1471
2002-05-08,SPY,stock,107.05,109.36,106.79,109.01,27917400,2002-05-08,2002-05-08,46.9189,71.0129,74.1377,72.2339
2002-05-07,SPY,stock,106.1,106.32,104.9,105.1,21910000,2002-05-07,2002-05-07,30.3393,71.0311,74.1709,72.2908
2002-05-06,SPY,stock,107.64,107.99,105.31,105.47,23630400,2002-05-06,2002-05-06,31.1955,71.3188,74.2299,72.4538
2002-05-03,SPY,stock,108.6,108.76,107.2,107.58,18185500,2002-05-03,2002-05-03,36.6763,71.6114,74.2871,72.6136
2002-05-02,SPY,stock,109.1,109.91,107.78,108.76,15666800,2002-05-02,2002-05-02,40.3584,71.7905,74.3311,72.7239
2002-05-01,SPY,stock,107.97,109.25,106.8,109.18,24575600,2002-05-01,2002-05-01,41.7435,71.9078,74.3678,72.8075
2002-04-30,SPY,stock,107.02,108.64,106.64,107.86,19473500,2002-04-30,2002-04-30,35.2591,72.0086,74.4022,72.8833
2002-04-29,SPY,stock,107.93,108.26,106.63,106.86,17724400,2002-04-29,2002-04-29,29.7592,72.2104,74.4455,72.9973
2002-04-26,SPY,stock,109.79,110.01,107.29,107.39,19769800,2002-04-26,2002-04-26,31.0577,72.5018,74.4958,73.1424
2002-04-25,SPY,stock,109.21,109.74,108.72,109.47,25451500,2002-04-25,2002-04-25,36.9298,72.7876,74.5431,73.2793
2002-04-24,SPY,stock,110.56,111.81,109.4,109.41,18902700,2002-04-24,2002-04-24,36.6088,72.9612,74.5773,73.3667
2002-04-23,SPY,stock,111.09,111.48,110.17,110.52,16967000,2002-04-23,2002-04-23,40.1167,73.1572,74.6123,73.4593
2002-04-22,SPY,stock,112.38,112.43,110.84,111,13922900,2002-04-22,2002-04-22,41.7220,73.2979,74.6404,73.5262
2002-04-19,SPY,stock,113.2,113.24,112.56,112.88,10499200,2002-04-19,2002-04-19,48.8283,73.4206,74.6656,73.5831
2002-04-18,SPY,stock,112.9,113.46,111.15,112.47,25204800,2002-04-18,2002-04-18,47.0002,73.4276,74.6787,73.5924
2002-04-17,SPY,stock,113.39,113.67,112.6,112.96,12920100,2002-04-17,2002-04-17,48.9405,73.4634,74.6947,73.6130
2002-04-16,SPY,stock,111.7,113.32,111.67,113.2,15040900,2002-04-16,2002-04-16,49.8769,73.4694,74.7077,73.6214
2002-04-15,SPY,stock,111.62,111.86,110.2,110.57,17394900,2002-04-15,2002-04-15,37.7581,73.4597,74.7192,73.6239
2002-04-12,SPY,stock,111.02,111.65,110.04,111.42,14950600,2002-04-12,2002-04-12,40.7122,73.6288,74.7480,73.6962
2002-04-11,SPY,stock,112.89,113.05,110.5,110.59,25453700,2002-04-11,2002-04-11,36.1851,73.7576,74.7715,73.7488
2002-04-10,SPY,stock,112.1,113.54,112.09,113.41,17199300,2002-04-10,2002-04-10,47.6684,73.9567,74.8007,73.8257
2002-04-09,SPY,stock,113.18,113.18,111.93,112.14,15122700,2002-04-09,2002-04-09,39.6608,73.9839,74.8118,73.8309
2002-04-08,SPY,stock,111.32,113.03,111.23,112.93,16470100,2002-04-08,2002-04-08,43.5060,74.1008,74.8313,73.8700
2002-04-05,SPY,stock,113.19,113.63,112.18,112.69,19404900,2002-04-05,2002-04-05,41.9175,74.1760,74.8458,73.8897
2002-04-04,SPY,stock,112.6,113.4,112.23,112.67,23549000,2002-04-04,2002-04-04,41.7908,74.2755,74.8621,73.9166
2002-04-03,SPY,stock,114.01,114.21,112.16,113.14,25658500,2002-04-03,2002-04-03,43.8788,74.3868,74.8786,73.9451
2002-04-02,SPY,stock,113.98,114.95,113.77,113.94,15669500,2002-04-02,2002-04-02,47.6409,74.4777,74.8922,73.9623
2002-04-01,SPY,stock,114.23,115.1,113.5,114.57,17711000,2002-04-01,2002-04-01,50.8276,74.5235,74.9007,73.9590
2002-03-28,SPY,stock,114.97,115.77,114.5,114.52,17532900,2002-03-28,2002-03-28,50.5840,74.5310,74.9052,73.9389
2002-03-27,SPY,stock,114.03,115.01,113.76,114.57,19020300,2002-03-27,2002-03-27,50.8178,74.5427,74.9101,73.9193
2002-03-26,SPY,stock,113.52,115.02,113.47,114.27,19947600,2002-03-26,2002-03-26,49.5180,74.5522,74.9147,73.8975
2002-03-25,SPY,stock,115.09,115.36,113.3,113.61,17499600,2002-03-25,2002-03-25,46.6370,74.5832,74.9213,73.8828
2002-03-22,SPY,stock,115.5,115.94,114.7,115.04,15235400,2002-03-22,2002-03-22,52.6865,74.6627,74.9323,73.8851
2002-03-21,SPY,stock,115.3,115.9,114.12,115.29,25846800,2002-03-21,2002-03-21,53.8198,74.6527,74.9341,73.8494
2002-03-20,SPY,stock,116.5,116.58,115.19,115.24,17114500,2002-03-20,2002-03-20,53.6345,74.6245,74.9342,73.8057
2002-03-19,SPY,stock,117.3,117.74,116.82,117.45,17912000,2002-03-19,2002-03-19,64.2034,74.5968,74.9347,73.7616
2002-03-18,SPY,stock,117.1,117.56,116.1,116.67,17548900,2002-03-18,2002-03-18,61.7321,74.4150,74.9207,73.6570
2002-03-15,SPY,stock,115.97,116.95,115.9,116.65,21220100,2002-03-15,2002-03-15,61.6691,74.2674,74.9117,73.5688
2002-03-14,SPY,stock,116.04,116.43,115.63,115.88,11168100,2002-03-14,2002-03-14,58.1574,74.1056,74.9027,73.4776
2002-03-13,SPY,stock,116.63,116.75,115.64,116.04,17175300,2002-03-13,2002-03-13,58.8854,74.0019,74.9008,73.4117
2002-03-12,SPY,stock,116.1,117.25,115.94,117.17,17153600,2002-03-12,2002-03-12,64.1517,73.8764,74.8979,73.3390
2002-03-11,SPY,stock,116.89,117.9,116.43,117.24,15621800,2002-03-11,2002-03-11,64.4834,73.6606,74.8876,73.2334
2002-03-08,SPY,stock,117.38,117.9,116.48,116.99,19930100,2002-03-08,2002-03-08,63.8637,73.4174,74.8767,73.1216
2002-03-07,SPY,stock,117.36,117.5,115.57,116.5,19330800,2002-03-07,2002-03-07,62.6786,73.1655,74.8673,73.0119
2002-03-06,SPY,stock,115.1,117.15,115.07,116.75,20143200,2002-03-06,2002-03-06,63.6678,72.9206,74.8610,72.9106
2002-03-05,SPY,stock,115.33,116.4,114.97,115.38,22718900,2002-03-05,2002-03-05,60.4951,72.6328,74.8530,72.7986
2002-03-04,SPY,stock,113.9,115.99,113.65,115.75,27184600,2002-03-04,2002-03-04,61.8496,72.4082,74.8539,72.7183
2002-03-01,SPY,stock,111.72,113.85,111.51,113.74,26273600,2002-03-01,2002-03-01,56.9920,72.1347,74.8524,72.6249
2002-02-28,SPY,stock,111.83,112.75,111.03,111.15,23755400,2002-02-28,2002-02-28,49.2623,71.9695,74.8639,72.5809
2002-02-27,SPY,stock,111.96,112.86,110.65,111.65,28597900,2002-02-27,2002-02-27,50.9022,71.9636,74.8924,72.6035
2002-02-26,SPY,stock,111.6,112.04,110.57,111.22,22346500,2002-02-26,2002-02-26,49.5613,71.9230,74.9180,72.6139
2002-02-25,SPY,stock,109.74,111.81,109.7,111.45,17458700,2002-02-25,2002-02-25,50.2428,71.9074,74.9466,72.6361
2002-02-22,SPY,stock,108.35,109.94,107.87,109.64,26572900,2002-02-22,2002-02-22,44.6843,71.8746,74.9740,72.6530
2002-02-21,SPY,stock,109.93,110.63,108.26,108.3,26288600,2002-02-21,2002-02-21,40.0828,71.9617,75.0135,72.7186
2002-02-20,SPY,stock,109.05,110.59,107.82,110.59,29242800,2002-02-20,2002-02-20,46.1787,72.1493,75.0621,72.8223
2002-02-19,SPY,stock,110.15,110.29,108.61,108.76,15988100,2002-02-19,2002-02-19,39.3322,72.2006,75.0962,72.8696
2002-02-15,SPY,stock,112.15,112.24,110.71,110.89,18366800,2002-02-15,2002-02-15,45.6018,72.3820,75.1427,72.9673
2002-02-14,SPY,stock,112.51,112.97,111.59,112.06,20453800,2002-02-14,2002-02-14,49.6376,72.4373,75.1757,73.0126
2002-02-13,SPY,stock,111.48,112.54,111.35,112.27,16781100,2002-02-13,2002-02-13,50.3807,72.4185,75.2014,73.0288
2002-02-12,SPY,stock,110.96,111.71,110.03,111.09,13942500,2002-02-12,2002-02-12,46.1764,72.3835,75.2260,73.0401
2002-02-11,SPY,stock,110.05,111.64,109.82,111.44,18792400,2002-02-11,2002-02-11,47.2797,72.4253,75.2586,73.0831
2002-02-08,SPY,stock,108.63,110.75,108.3,110.09,19277800,2002-02-08,2002-02-08,42.3455,72.4476,75.2892,73.1186
2002-02-07,SPY,stock,108.72,109.86,108,108.02,23445400,2002-02-07,2002-02-07,33.4814,72.5643,75.3289,73.1913
2002-02-06,SPY,stock,109.65,109.74,108.06,108.7,29486000,2002-02-06,2002-02-06,35.1289,72.8345,75.3825,73.3216
2002-02-05,SPY,stock,109.4,110.49,108.53,109.17,33614000,2002-02-05,2002-02-05,36.2745,73.0868,75.4322,73.4393
2002-02-04,SPY,stock,112.23,112.23,109.44,109.85,24243400,2002-02-04,2002-02-04,37.9365,73.3335,75.4793,73.5494
2002-02-01,SPY,stock,113.09,113.3,112.17,112.65,15838500,2002-02-01,2002-02-01,45.9941,73.5599,75.5225,73.6460
2002-01-31,SPY,stock,112.15,113.3,111.62,113.18,19909200,2002-01-31,2002-01-31,47.7778,73.6191,75.5479,73.6725
2002-01-30,SPY,stock,110.39,113.39,108.4,111.87,34711800,2002-01-30,2002-01-30,42.6756,73.6484,75.5700,73.6860
2002-01-29,SPY,stock,113.85,114.13,110.05,110.28,27720800,2002-01-29,2002-01-29,35.5823,73.7701,75.6010,73.7347
2002-01-28,SPY,stock,113.9,114.19,112.92,113.86,10589200,2002-01-28,2002-01-28,48.0004,74.0131,75.6426,73.8275
2002-01-25,SPY,stock,113.12,114.18,113.04,113.55,12810700,2002-01-25,2002-01-25,46.4990,74.0374,75.6613,73.8294
2002-01-24,SPY,stock,113.64,114.25,113.32,113.58,12142800,2002-01-24,2002-01-24,46.6200,74.0855,75.6822,73.8395
2002-01-23,SPY,stock,112.63,113.55,112.02,113.23,12438900,2002-01-23,2002-01-23,45.0721,74.1366,75.7031,73.8493
2002-01-22,SPY,stock,113.75,113.93,112.02,112.37,11689300,2002-01-22,2002-01-22,41.1806,74.2169,75.7265,73.8687
2002-01-18,SPY,stock,113,113.85,112.67,113.15,17028000,2002-01-18,2002-01-18,43.7937,74.3644,75.7558,73.9117
2002-01-17,SPY,stock,113.76,114.24,113.4,113.67,17283400,2002-01-17,2002-01-17,45.5843,74.4741,75.7802,73.9358
2002-01-16,SPY,stock,114.3,114.4,112.69,112.82,17067000,2002-01-16,2002-01-16,41.9837,74.5600,75.8016,73.9471
2002-01-15,SPY,stock,114.55,115.39,113.9,115.15,20219900,2002-01-15,2002-01-15,50.4867,74.7128,75.8286,73.9813
2002-01-14,SPY,stock,114.65,114.84,113.96,114.22,12301100,2002-01-14,2002-01-14,46.4684,74.7229,75.8408,73.9554
2002-01-11,SPY,stock,116.21,116.28,114.7,114.94,13708400,2002-01-11,2002-01-11,49.3475,74.7974,75.8592,73.9529
2002-01-10,SPY,stock,115.69,116.35,115.3,116.08,12823400,2002-01-10,2002-01-10,54.2931,74.8307,75.8730,73.9314
2002-01-09,SPY,stock,116.68,117.78,115.34,115.57,16610300,2002-01-09,2002-01-09,52.3075,74.7897,75.8796,73.8787
2002-01-08,SPY,stock,116.79,117.06,115.97,116.52,12683700,2002-01-08,2002-01-08,56.5573,74.7791,75.8895,73.8375
2002-01-07,SPY,stock,117.7,117.99,116.56,116.79,13106500,2002-01-07,2002-01-07,57.7965,74.7027,75.8934,73.7694
2002-01-04,SPY,stock,117.17,117.98,116.55,117.62,20140700,2002-01-04,2002-01-04,61.6527,74.5998,75.8955,73.6914
2002-01-03,SPY,stock,115.65,116.95,115.54,116.84,15743000,2002-01-03,2002-01-03,59.2820,74.4294,75.8923,73.5883
2002-01-02,SPY,stock,115.11,115.75,113.81,115.53,18651900,2002-01-02,2002-01-02,54.9375,74.2943,75.8941,73.5016
2001-12-31,SPY,stock,116.15,116.39,114.23,114.3,14619500,2001-12-31,2001-12-31,50.3156,74.2344,75.9044,73.4460
2001-12-28,SPY,stock,116.29,116.75,115.92,116,10593800,2001-12-28,2001-12-28,57.9428,74.2520,75.9229,73.4206
2001-12-27,SPY,stock,115.3,116.08,115.25,116.06,9407300,2001-12-27,2001-12-27,58.2321,74.1556,75.9305,73.3493
2001-12-26,SPY,stock,114.65,116.21,114.65,115.36,10304800,2001-12-26,2001-12-26,55.8438,74.0449,75.9378,73.2735
2001-12-24,SPY,stock,114.83,115.04,114.61,114.73,5728800,2001-12-24,2001-12-24,53.6278,73.9703,75.9497,73.2130
2001-12-21,SPY,stock,115.03,115.07,114.2,114.95,14037700,2001-12-21,2001-12-21,54.5149,73.9308,75.9658,73.1668
2001-12-20,SPY,stock,115.5,115.8,114.55,114.65,14867900,2001-12-20,2001-12-20,52.2112,73.8721,75.9806,73.1129
2001-12-19,SPY,stock,114.09,115.92,114,115.79,20143400,2001-12-19,2001-12-19,56.5908,73.8544,76.0001,73.0750
2001-12-18,SPY,stock,114.63,115.15,114.34,114.98,13663700,2001-12-18,2001-12-18,54.0476,73.7573,76.0124,73.0056
2001-12-17,SPY,stock,112.99,114.36,112.9,114.3,13925900,2001-12-17,2001-12-17,51.8485,73.7051,76.0301,72.9546
2001-12-14,SPY,stock,112.33,113.49,112,113.13,16721900,2001-12-14,2001-12-14,47.8621,73.6935,76.0524,72.9195
2001-12-13,SPY,stock,113.45,113.7,112.04,112.06,19026700,2001-12-13,2001-12-13,43.9194,73.7603,76.0825,72.9138
2001-12-12,SPY,stock,114.55,114.78,113.11,114.28,16171500,2001-12-12,2001-12-12,51.4092,73.9069,76.1198,72.9361
2001-12-11,SPY,stock,114.9,115.72,113.9,114.15,20833300,2001-12-11,2001-12-11,50.9544,73.9180,76.1431,72.9008
2001-12-10,SPY,stock,115.85,116.39,114.35,114.38,13862700,2001-12-10,2001-12-10,51.7501,73.9391,76.1675,72.8675
2001-12-07,SPY,stock,116.9,117.09,115.7,116.56,18857800,2001-12-07,2001-12-07,59.9965,73.9467,76.1906,72.8267
2001-12-06,SPY,stock,117.34,117.94,116.93,117.34,17972900,2001-12-06,2001-12-06,63.3504,73.8070,76.1998,72.7268
2001-12-05,SPY,stock,115.61,118,115.56,117.4,25204000,2001-12-05,2001-12-05,63.6044,73.5996,76.2040,72.6023
2001-12-04,SPY,stock,113.92,115.3,113.35,115.29,17239900,2001-12-04,2001-12-04,58.1220,73.3662,76.2079,72.4711
2001-12-03,SPY,stock,113.65,114.08,113.01,113.37,15220400,2001-12-03,2001-12-03,52.0145,73.2517,76.2256,72.3902
2001-11-30,SPY,stock,114.4,114.91,114.02,114.05,13680300,2001-11-30,2001-11-30,54.6349,73.2557,76.2558,72.3565
2001-11-29,SPY,stock,113.66,114.92,113,114.87,16354700,2001-11-29,2001-11-29,57.9012,73.2139,76.2820,72.3036
2001-11-28,SPY,stock,114.74,115.17,113.25,113.34,20195500,2001-11-28,2001-11-28,53.0367,73.1119,76.3031,72.2269
2001-11-27,SPY,stock,115.62,116.9,114.09,115.43,19261400,2001-11-27,2001-11-27,62.1453,73.1032,76.3343,72.1874
2001-11-26,SPY,stock,115.75,116.34,115.07,115.93,13726000,2001-11-26,2001-11-26,64.6102,72.9515,76.3523,72.0912
2001-11-23,SPY,stock,114.04,115.75,114,115.68,6717100,2001-11-23,2001-11-23,63.9463,72.7498,76.3672,71.9779
2001-11-21,SPY,stock,114.5,114.67,113.51,114.04,11470200,2001-11-21,2001-11-21,59.2943,72.5440,76.3839,71.8666
2001-11-20,SPY,stock,115.37,115.8,114.64,114.8,16209700,2001-11-20,2001-11-20,62.7800,72.4279,76.4115,71.7939
2001-11-19,SPY,stock,114.92,115.85,114.45,115.77,13625400,2001-11-19,2001-11-19,67.4816,72.2479,76.4343,71.6983
2001-11-16,SPY,stock,115.08,115.1,113.4,114.36,18134900,2001-11-16,2001-11-16,63.8248,71.9831,76.4511,71.5731
2001-11-15,SPY,stock,114.37,115.18,113.93,114.87,19470200,2001-11-15,2001-11-15,66.3300,71.7862,76.4772,71.4801
2001-11-14,SPY,stock,115.17,115.4,113.71,114.66,17571300,2001-11-14,2001-11-14,65.8170,71.5340,76.5003,71.3698
2001-11-13,SPY,stock,113.44,114.55,113.18,114.55,15296200,2001-11-13,2001-11-13,65.5618,71.2694,76.5249,71.2605
2001-11-12,SPY,stock,111,112.65,110,112.03,26068800,2001-11-12,2001-11-12,59.0593,70.9845,76.5505,71.1496
2001-11-09,SPY,stock,112.25,112.96,111.44,112.72,15895800,2001-11-09,2001-11-09,62.0376,70.8410,76.5928,71.1007
2001-11-08,SPY,stock,112.87,114.08,111.9,112.6,22563500,2001-11-08,2001-11-08,61.7259,70.6354,76.6310,71.0316
2001-11-07,SPY,stock,111.77,113.12,111.64,112.25,19716000,2001-11-07,2001-11-07,60.8554,70.4163,76.6703,70.9628
2001-11-06,SPY,stock,110.35,112.48,109.85,112.4,23245800,2001-11-06,2001-11-06,61.4112,70.1979,76.7123,70.9004
2001-11-05,SPY,stock,110.12,111.09,109.95,110.68,15929500,2001-11-05,2001-11-05,57.2544,69.9464,76.7538,70.8316
2001-11-02,SPY,stock,108.44,109.38,107.87,109.25,17575900,2001-11-02,2001-11-02,53.3771,69.7853,76.8068,70.8052
2001-11-01,SPY,stock,106.6,109.01,105.7,108.51,29806800,2001-11-01,2001-11-01,51.2524,69.7044,76.8696,70.8155
2001-10-31,SPY,stock,106.9,107.86,105.8,105.8,28124200,2001-10-31,2001-10-31,42.3125,69.6654,76.9379,70.8457
2001-10-30,SPY,stock,107.35,107.7,105.56,106.16,26178600,2001-10-30,2001-10-30,43.2918,69.8065,77.0245,70.9486
2001-10-29,SPY,stock,110.16,110.55,107.45,107.45,18727500,2001-10-29,2001-10-29,46.9041,69.9379,77.1096,71.0462
2001-10-26,SPY,stock,109.95,111.79,109.67,110.32,18623300,2001-10-26,2001-10-26,56.6733,69.9955,77.1871,71.1138
2001-10-25,SPY,stock,107.45,110.6,106.74,110.57,27467900,2001-10-25,2001-10-25,57.6445,69.8640,77.2469,71.1084
2001-10-24,SPY,stock,108.98,109.45,108.22,108.62,16065200,2001-10-24,2001-10-24,51.6428,69.7018,77.3056,71.0963
2001-10-23,SPY,stock,109.96,110.28,108.38,108.91,22062500,2001-10-23,2001-10-23,52.6735,69.6550,77.3775,71.1351
2001-10-22,SPY,stock,107.3,109.57,107.21,109.47,17540600,2001-10-22,2001-10-22,54.6285,69.5835,77.4483,71.1678
2001-10-19,SPY,stock,107,107.91,106.01,107.35,21912500,2001-10-19,2001-10-19,47.8204,69.4665,77.5162,71.1871
2001-10-18,SPY,stock,107.82,108.16,106.75,107.42,16510000,2001-10-18,2001-10-18,48.0415,69.4812,77.5985,71.2630
2001-10-17,SPY,stock,111.07,111.15,107.65,107.65,28542300,2001-10-17,2001-10-17,48.7286,69.4928,77.6812,71.3402
2001-10-16,SPY,stock,109.8,110.61,108.95,109.99,15877100,2001-10-16,2001-10-16,56.3418,69.4899,77.7632,71.4145
2001-10-15,SPY,stock,108.63,109.45,108.06,109.3,16873000,2001-10-15,2001-10-15,54.3907,69.3277,77.8309,71.4302
2001-10-12,SPY,stock,109.15,109.89,107.3,109.5,31360500,2001-10-12,2001-10-12,55.0529,69.1953,77.9037,71.4646
2001-10-11,SPY,stock,108.95,110.3,108.95,110,23006300,2001-10-11,2001-10-11,56.6541,69.0354,77.9759,71.4953
2001-10-10,SPY,stock,105.8,108.55,105.52,108.32,19987400,2001-10-10,2001-10-10,52.3280,68.8246,78.0457,71.5139
2001-10-09,SPY,stock,106.61,106.75,105.6,105.96,15976300,2001-10-09,2001-10-09,45.1929,68.7058,78.1270,71.5777
2001-10-08,SPY,stock,106.27,107.3,105.87,106.53,12970300,2001-10-08,2001-10-08,46.7626,68.7350,78.2245,71.7062
2001-10-05,SPY,stock,107.25,107.62,105.52,107.23,29796100,2001-10-05,2001-10-05,48.6912,68.7285,78.3192,71.8249
2001-10-04,SPY,stock,108.29,108.97,106.75,107.44,32674100,2001-10-04,2001-10-04,49.2571,68.6738,78.4104,71.9301
2001-10-03,SPY,stock,104.6,107.88,104.35,107.35,32045800,2001-10-03,2001-10-03,49.0213,68.5990,78.5011,72.0340
2001-10-02,SPY,stock,104,105.58,103.65,105.58,19833100,2001-10-02,2001-10-02,44.2943,68.5224,78.5933,72.1445
2001-10-01,SPY,stock,103.9,104.32,102.83,104.27,20457400,2001-10-01,2001-10-01,40.5028,68.5581,78.6979,72.3062
2001-09-28,SPY,stock,102.98,109.62,102.5,104.44,21687200,2001-09-28,2001-09-28,40.8377,68.6866,78.8121,72.5090
2001-09-27,SPY,stock,101.25,102.29,100,102.27,20536800,2001-09-27,2001-09-27,34.4086,68.8171,78.9263,72.7156
2001-09-26,SPY,stock,102.35,102.4,100.43,101.39,18587500,2001-09-26,2001-09-26,31.6100,69.1089,79.0558,72.9879
2001-09-25,SPY,stock,100.75,102,99.9,101.75,25466200,2001-09-25,2001-09-25,32.1308,69.4911,79.1923,73.2944
2001-09-24,SPY,stock,99.72,101.16,99.06,100.7,25549600,2001-09-24,2001-09-24,28.9611,69.8892,79.3278,73.6040
2001-09-21,SPY,stock,94.28,98.99,93.8,97.28,49782100,2001-09-21,2001-09-21,17.2761,70.4005,79.4714,73.9539
2001-09-20,SPY,stock,100.4,101.81,98.56,98.71,36210900,2001-09-20,2001-09-20,18.1320,71.1981,79.6388,74.4082
2001-09-19,SPY,stock,104.1,104.5,98.56,101.95,42771800,2001-09-19,2001-09-19,21.0957,72.0078,79.8009,74.8532
2001-09-18,SPY,stock,104.33,105.3,103.36,104.05,22029200,2001-09-18,2001-09-18,23.3974,72.6834,79.9437,75.2313
2001-09-17,SPY,stock,101,106.4,100,104.3,32388700,2001-09-17,2001-09-17,23.6830,73.2878,80.0744,75.5697
2001-09-10,SPY,stock,107.7,110.35,107.7,110.05,23408700,2001-09-10,2001-09-10,32.0359,73.9390,80.2048,75.9153
2001-09-07,SPY,stock,110.02,111.25,108.63,108.72,33133900,2001-09-07,2001-09-07,26.4655,74.2692,80.2993,76.1240
2001-09-06,SPY,stock,112.65,113.3,110.77,110.77,21653000,2001-09-06,2001-09-06,29.9827,74.7243,80.4033,76.3762
2001-09-05,SPY,stock,113.7,114.19,111.95,113.7,21477100,2001-09-05,2001-09-05,36.4035,75.0885,80.4952,76.5849
2001-09-04,SPY,stock,113.85,116.17,113.37,113.42,24473400,2001-09-04,2001-09-04,35.1716,75.2926,80.5690,76.7251
2001-08-31,SPY,stock,113.4,114.77,113.13,114.15,15985400,2001-08-31,2001-08-31,36.9022,75.5372,80.6454,76.8784
2001-08-30,SPY,stock,114.85,115.74,112.04,113.32,17692600,2001-08-30,2001-08-30,33.4448,75.7580,80.7178,77.0187
2001-08-29,SPY,stock,117.13,117.18,115.17,115.54,16180000,2001-08-29,2001-08-29,38.7133,76.0583,80.7963,77.1866
2001-08-28,SPY,stock,118.28,118.49,116.58,116.58,12046600,2001-08-28,2001-08-28,41.5613,76.2399,80.8613,77.3031
2001-08-27,SPY,stock,118.97,119.2,118.26,118.31,7425100,2001-08-27,2001-08-27,46.8896,76.3702,80.9202,77.3970
2001-08-24,SPY,stock,117.21,119.13,116.74,119.02,11687700,2001-08-24,2001-08-24,49.2982,76.3970,80.9685,77.4493
2001-08-23,SPY,stock,116.96,117.52,116.49,116.6,8744100,2001-08-23,2001-08-23,39.4551,76.3785,81.0126,77.4851
2001-08-22,SPY,stock,116.75,117.43,115.78,117.02,11752300,2001-08-22,2001-08-22,40.7294,76.5220,81.0729,77.5859
2001-08-21,SPY,stock,117.8,118.54,115.8,115.82,14480800,2001-08-21,2001-08-21,35.1747,76.6522,81.1311,77.6798
2001-08-20,SPY,stock,116.8,117.9,116.55,117.83,10417400,2001-08-20,2001-08-20,41.1768,76.8773,81.1976,77.8091
2001-08-17,SPY,stock,117.65,117.87,116.01,116.75,11604600,2001-08-17,2001-08-17,35.7028,76.9900,81.2518,77.8908
2001-08-16,SPY,stock,117.8,118.75,117,118.65,10734700,2001-08-16,2001-08-16,42.1033,77.1877,81.3135,78.0042
2001-08-15,SPY,stock,119.23,119.61,118.08,118.24,8520600,2001-08-15,2001-08-15,39.9461,77.2775,81.3635,78.0724
2001-08-14,SPY,stock,120.14,120.35,118.8,119.27,13178100,2001-08-14,2001-08-14,43.7487,77.4046,81.4167,78.1541
2001-08-13,SPY,stock,119.6,119.85,118.81,119.32,7431600,2001-08-13,2001-08-13,43.9372,77.4753,81.4638,78.2121
2001-08-10,SPY,stock,118.8,119.84,117.34,119.29,11173300,2001-08-10,2001-08-10,43.8023,77.5500,81.5110,78.2711
2001-08-09,SPY,stock,118.7,118.97,117.86,118.88,14118500,2001-08-09,2001-08-09,42.0317,77.6347,81.5589,78.3334
2001-08-08,SPY,stock,120.12,121.16,118.43,118.53,15183800,2001-08-08,2001-08-08,40.5470,77.7560,81.6099,78.4090
2001-08-07,SPY,stock,120.27,121.2,119.91,120.77,8865100,2001-08-07,2001-08-07,47.8270,77.9138,81.6637,78.4968
2001-08-06,SPY,stock,121.35,121.51,120.1,120.3,8550100,2001-08-06,2001-08-06,45.9358,77.9365,81.7036,78.5294
2001-08-03,SPY,stock,122.36,122.36,120.9,121.94,10816300,2001-08-03,2001-08-03,52.0492,77.9934,81.7469,78.5757
2001-08-02,SPY,stock,123.23,123.25,121.89,122.61,11070100,2001-08-02,2001-08-02,54.8167,77.9452,81.7800,78.5808
2001-08-01,SPY,stock,121.97,122.7,121.55,122.11,11940800,2001-08-01,2001-08-01,53.0882,77.8466,81.8091,78.5685
2001-07-31,SPY,stock,121,122.68,120.8,121.35,11918100,2001-07-31,2001-07-31,50.4106,77.7715,81.8418,78.5688
2001-07-30,SPY,stock,121.19,121.35,120.3,120.85,8547700,2001-07-30,2001-07-30,48.6191,77.7400,81.8797,78.5891
2001-07-27,SPY,stock,120.83,121.35,119.91,120.81,8478800,2001-07-27,2001-07-27,48.4808,77.7390,81.9212,78.6234
2001-07-26,SPY,stock,119.06,120.85,118.56,120.35,12898200,2001-07-26,2001-07-26,46.9566,77.7406,81.9634,78.6601
2001-07-25,SPY,stock,117.92,119.48,117.46,119.1,12088500,2001-07-25,2001-07-25,42.6772,77.7735,82.0089,78.7104
2001-07-24,SPY,stock,119,119.2,116.75,117.8,12269000,2001-07-24,2001-07-24,37.8337,77.8945,82.0631,78.7955
2001-07-23,SPY,stock,121.8,121.88,118.95,118.95,8065200,2001-07-23,2001-07-23,40.6554,78.1163,82.1261,78.9183
2001-07-20,SPY,stock,121.15,121.94,120.92,121.34,6705800,2001-07-20,2001-07-20,47.4908,78.2836,82.1824,79.0159
2001-07-19,SPY,stock,122.18,122.98,120.76,122.07,10082900,2001-07-19,2001-07-19,49.8688,78.3066,82.2238,79.0547
2001-07-18,SPY,stock,120.56,121.64,120.06,121.01,7709300,2001-07-18,2001-07-18,46.2391,78.2826,82.2609,79.0760
2001-07-17,SPY,stock,120.2,121.95,119.83,121.84,7469800,2001-07-17,2001-07-17,48.8086,78.3279,82.3052,79.1259
2001-07-16,SPY,stock,121.77,122.28,120.29,120.71,6915300,2001-07-16,2001-07-16,44.9407,78.3217,82.3446,79.1561
2001-07-13,SPY,stock,120.84,122.32,120.62,122.24,10433800,2001-07-13,2001-07-13,49.6580,78.3914,82.3916,79.2172
2001-07-12,SPY,stock,119.5,121.47,119.31,121.19,12002800,2001-07-12,2001-07-12,46.0492,78.3648,82.4293,79.2406
2001-07-11,SPY,stock,118.1,118.89,117.09,118.38,15328600,2001-07-11,2001-07-11,34.3548,78.4066,82.4741,79.2925
2001-07-10,SPY,stock,120.29,120.64,118.21,118.26,8630700,2001-07-10,2001-07-10,33.7856,78.6430,82.5376,79.4204
2001-07-09,SPY,stock,119.49,120.54,119.2,119.7,8339300,2001-07-09,2001-07-09,37.3986,78.9124,82.6025,79.5566
2001-07-06,SPY,stock,121.31,121.49,119.05,119.05,11665900,2001-07-06,2001-07-06,34.4610,79.1127,82.6587,79.6605
2001-07-05,SPY,stock,123.07,123.65,121.66,121.68,5517900,2001-07-05,2001-07-05,41.8374,79.3781,82.7197,79.7858
2001-07-03,SPY,stock,123.98,124.1,123.05,124.1,3303100,2001-07-03,2001-07-03,51.2016,79.4933,82.7642,79.8471
2001-07-02,SPY,stock,122.8,124.32,122.62,124.13,8522200,2001-07-02,2001-07-02,51.3339,79.4568,82.7936,79.8474
2001-06-29,SPY,stock,122.8,124.01,122.26,122.6,9824200,2001-06-29,2001-06-29,44.5507,79.4144,82.8231,79.8468
2001-06-28,SPY,stock,122,123.94,121.93,122.15,10269300,2001-06-28,2001-06-28,42.3565,79.4711,82.8628,79.8865
2001-06-27,SPY,stock,121.6,122.24,120.91,121.48,10105100,2001-06-27,2001-06-27,39.0202,79.5643,82.9058,79.9396
2001-06-26,SPY,stock,120.9,122.39,120.57,121.55,8005800,2001-06-26,2001-06-26,39.2405,79.7126,82.9535,80.0124
2001-06-25,SPY,stock,123.28,123.44,121.5,121.72,8406800,2001-06-25,2001-06-25,39.7466,79.8718,83.0013,80.0864
2001-06-22,SPY,stock,123.49,123.59,122.16,122.85,12212000,2001-06-22,2001-06-22,43.1846,80.0363,83.0484,80.1589
2001-06-21,SPY,stock,122.22,124.31,122.15,123.82,12259100,2001-06-21,2001-06-21,46.3825,80.1416,83.0888,80.2048
2001-06-20,SPY,stock,121.19,122.86,121.1,122.43,8787200,2001-06-20,2001-06-20,40.5218,80.1922,83.1232,80.2270
2001-06-19,SPY,stock,122.38,122.89,120.89,121.79,7732300,2001-06-19,2001-06-19,37.6059,80.3424,83.1670,80.2866
2001-06-18,SPY,stock,121.65,122.44,120.91,121.26,11368300,2001-06-18,2001-06-18,35.1616,80.5516,83.2154,80.3655
2001-06-15,SPY,stock,120.91,122.4,120.4,121.85,16821100,2001-06-15,2001-06-15,36.6456,80.8188,83.2677,80.4615
2001-06-14,SPY,stock,124.18,124.3,121.75,122,12603000,2001-06-14,2001-06-14,35.8104,81.0742,83.3167,80.5459
2001-06-13,SPY,stock,126.17,126.58,124.65,124.8,7629400,2001-06-13,2001-06-13,43.3792,81.3697,83.3674,80.6389
2001-06-12,SPY,stock,124.86,126.74,124.04,125.88,9364400,2001-06-12,2001-06-12,46.9319,81.5072,83.4006,80.6624
2001-06-11,SPY,stock,126.71,126.99,125.41,126.1,7012200,2001-06-11,2001-06-11,47.6704,81.5862,83.4272,80.6586
2001-06-08,SPY,stock,127.7,127.87,126.14,127,8170600,2001-06-08,2001-06-08,50.7010,81.6588,83.4526,80.6489
2001-06-07,SPY,stock,127.05,128.35,127,128.19,7355300,2001-06-07,2001-06-07,54.9936,81.6782,83.4725,80.6152
2001-06-06,SPY,stock,128.83,128.83,127.36,127.73,12064900,2001-06-06,2001-06-06,53.5830,81.6192,83.4849,80.5489
2001-06-05,SPY,stock,127.49,129.23,127.27,128.8,9115400,2001-06-05,2001-06-05,57.4738,81.5852,83.5004,80.4920
2001-06-04,SPY,stock,126.8,127.43,126.08,127.34,5623500,2001-06-04,2001-06-04,53.1649,81.4752,83.5092,80.4048
2001-06-01,SPY,stock,126.2,127.1,125.12,126.73,8848300,2001-06-01,2001-06-01,51.2485,81.4523,83.5274,80.3522
2001-05-31,SPY,stock,125.43,126.76,125.26,125.95,9874200,2001-05-31,2001-05-31,48.7589,81.4682,83.5498,80.3135
2001-05-30,SPY,stock,126.59,127.09,125,125.3,10041800,2001-05-30,2001-05-30,46.6509,81.5385,83.5774,80.2936
2001-05-29,SPY,stock,128.22,128.35,126.9,127.08,9003900,2001-05-29,2001-05-29,52.1014,81.6600,83.6095,80.2899
2001-05-25,SPY,stock,129.65,129.7,127.9,128.1,7425000,2001-05-25,2001-05-25,55.5553,81.6741,83.6304,80.2394
2001-05-24,SPY,stock,129.47,130,128.55,129.63,7902800,2001-05-24,2001-05-24,61.2067,81.6208,83.6450,80.1602
2001-05-23,SPY,stock,131.05,131.05,129.25,129.25,12330800,2001-05-23,2001-05-23,60.2747,81.4586,83.6499,80.0377
2001-05-22,SPY,stock,131.83,132.09,131.07,131.48,8342700,2001-05-22,2001-05-22,69.3542,81.3050,83.6572,79.9201
2001-05-21,SPY,stock,129.84,131.84,129.15,131.65,11531500,2001-05-21,2001-05-21,70.1017,80.9846,83.6503,79.7394
2001-05-18,SPY,stock,129.09,129.74,128.1,129.74,6683100,2001-05-18,2001-05-18,66.3139,80.6190,83.6422,79.5468
2001-05-17,SPY,stock,129,130.08,128.56,129.15,11824600,2001-05-17,2001-05-17,65.0436,80.3440,83.6463,79.3964
2001-05-16,SPY,stock,124.84,129.2,124.62,128.95,14909000,2001-05-16,2001-05-16,64.6236,80.0798,83.6543,79.2553
2001-05-15,SPY,stock,125.55,126.5,124.85,125.98,9782200,2001-05-15,2001-05-15,57.6004,79.8012,83.6636,79.1136
2001-05-14,SPY,stock,124.9,125.44,124.46,125.4,7914000,2001-05-14,2001-05-14,56.0170,79.6940,83.6922,79.0439
2001-05-11,SPY,stock,126,126.49,124.4,125.15,7734400,2001-05-11,2001-05-11,55.3496,79.6146,83.7248,78.9866
2001-05-10,SPY,stock,127.26,127.5,125.77,126.02,6872400,2001-05-10,2001-05-10,58.2035,79.5437,83.7593,78.9335
2001-05-09,SPY,stock,125.25,126.55,125.06,125.65,9507400,2001-05-09,2001-05-09,57.3348,79.4067,83.7886,78.8555
2001-05-08,SPY,stock,126.86,127.1,125.56,126.18,6952600,2001-05-08,2001-05-08,58.9650,79.2802,83.8205,78.7839
2001-05-07,SPY,stock,126.86,127.38,126.23,126.24,7185200,2001-05-07,2001-05-07,59.1418,79.1046,83.8494,78.6956
2001-05-04,SPY,stock,123.65,127.35,123.44,127.34,12145300,2001-05-04,2001-05-04,62.3225,78.9064,83.8782,78.6020
2001-05-03,SPY,stock,126.13,126.15,124.22,125.21,9926200,2001-05-03,2001-05-03,58.2890,78.6131,83.9001,78.4759
2001-05-02,SPY,stock,127.41,127.69,126,126.82,9572900,2001-05-02,2001-05-02,63.0245,78.4328,83.9361,78.4004
2001-05-01,SPY,stock,125.07,127.15,124.6,127.05,10578000,2001-05-01,2001-05-01,63.7111,78.1247,83.9620,78.2796
2001-04-30,SPY,stock,126.45,127.27,124.67,126.66,10766900,2001-04-30,2001-04-30,63.0778,77.7687,83.9866,78.1479
2001-04-27,SPY,stock,124.92,125.84,124.2,125.78,7938700,2001-04-27,2001-04-27,61.6763,77.4016,84.0141,78.0210
2001-04-26,SPY,stock,123.73,125.22,123.5,123.72,10590400,2001-04-26,2001-04-26,58.2301,77.0553,84.0475,77.9120
2001-04-25,SPY,stock,121.42,123.67,120.95,123.17,8249000,2001-04-25,2001-04-25,57.2776,76.8116,84.0945,77.8525
2001-04-24,SPY,stock,122.52,123.65,121.1,121.58,10044700,2001-04-24,2001-04-24,54.4920,76.5794,84.1455,77.8049
2001-04-23,SPY,stock,123.65,123.89,121.91,122.24,8451800,2001-04-23,2001-04-23,55.8968,76.4301,84.2073,77.7970
2001-04-20,SPY,stock,124.9,125.4,123.66,124.5,7626700,2001-04-20,2001-04-20,60.8879,76.2205,84.2654,77.7716
2001-04-19,SPY,stock,124.25,125.84,123.58,125.65,13809900,2001-04-19,2001-04-19,63.5699,75.8363,84.3096,77.6859
2001-04-18,SPY,stock,121.06,126,120.69,124,32481600,2001-04-18,2001-04-18,61.2987,75.3340,84.3468,77.5666
2001-04-17,SPY,stock,117.31,119.66,117.02,119.26,10924700,2001-04-17,2001-04-17,53.5785,74.8902,84.3950,77.4857
2001-04-16,SPY,stock,118.29,118.89,116.91,117.6,7350000,2001-04-16,2001-04-16,50.3582,74.7198,84.4743,77.5255
2001-04-12,SPY,stock,116.3,118.94,115.96,118.85,9233200,2001-04-12,2001-04-12,52.9254,74.6435,84.5650,77.6105
2001-04-11,SPY,stock,118.78,118.99,116.14,116.73,12722300,2001-04-11,2001-04-11,48.8162,74.4748,84.6486,77.6662
2001-04-10,SPY,stock,115.45,117.75,115.17,116.65,17873600,2001-04-10,2001-04-10,48.6592,74.4315,84.7467,77.7796
2001-04-09,SPY,stock,114,114.99,112.78,114.56,9034300,2001-04-09,2001-04-09,44.5306,74.3891,84.8464,77.8998
2001-04-06,SPY,stock,113.99,114.4,112.06,113.3,14937800,2001-04-06,2001-04-06,41.9159,74.4833,84.9605,78.0797
2001-04-05,SPY,stock,113.3,115.49,112.5,115.05,21522800,2001-04-05,2001-04-05,44.6290,74.6725,85.0838,78.2998
2001-04-04,SPY,stock,110.57,112.1,109.3,110.85,14884300,2001-04-04,2001-04-04,35.2951,74.7635,85.1971,78.4832
2001-04-03,SPY,stock,113.98,114.15,110.06,110.39,12836000,2001-04-03,2001-04-03,34.1665,75.1477,85.3387,78.7839
2001-04-02,SPY,stock,116.3,117.38,113.8,114.2,10561000,2001-04-02,2001-04-02,39.4602,75.6033,85.4846,79.1091
2001-03-30,SPY,stock,115.55,116.69,114.5,116.69,9183600,2001-03-30,2001-03-30,43.5555,75.8497,85.6074,79.3477
2001-03-29,SPY,stock,114.7,116.5,112.14,115.48,12060300,2001-03-29,2001-03-29,40.7823,75.9538,85.7155,79.5308
2001-03-28,SPY,stock,116.9,116.95,114.9,115.04,10953300,2001-03-28,2001-03-28,39.7833,76.1507,85.8324,79.7531
2001-03-27,SPY,stock,115.62,118.65,115.28,118.31,12880700,2001-03-27,2001-03-27,45.0250,76.3979,85.9533,79.9960
2001-03-26,SPY,stock,115.7,116.27,114.77,115.94,9943800,2001-03-26,2001-03-26,39.6759,76.4503,86.0543,80.1632
2001-03-23,SPY,stock,113.25,114.66,111.5,114.48,12861700,2001-03-23,2001-03-23,36.1205,76.6683,86.1716,80.3993
2001-03-22,SPY,stock,112.02,112.6,108.04,111.12,28624800,2001-03-22,2001-03-22,26.9153,77.0079,86.2996,80.6833
2001-03-21,SPY,stock,114.18,115.26,111.9,112.26,19004600,2001-03-21,2001-03-21,28.1954,77.6101,86.4505,81.0668
2001-03-20,SPY,stock,117.9,118.46,114.11,114.2,15083900,2001-03-20,2001-03-20,30.4865,78.1987,86.5955,81.4361
2001-03-19,SPY,stock,115.76,117.69,114.82,117.35,10067800,2001-03-19,2001-03-19,34.7431,78.7182,86.7295,81.7697
2001-03-16,SPY,stock,117.13,117.4,114.81,115.01,58514600,2001-03-16,2001-03-16,27.7883,79.0798,86.8445,82.0344
2001-03-15,SPY,stock,118.45,118.86,117.36,117.68,10370300,2001-03-15,2001-03-15,30.8520,79.6374,86.9758,82.3713
2001-03-14,SPY,stock,117.05,119.29,115.75,117.65,19883400,2001-03-14,2001-03-14,30.7617,80.0951,87.0933,82.6603
2001-03-13,SPY,stock,119.4,120.44,117.53,120.02,12888000,2001-03-13,2001-03-13,34.0215,80.6030,87.2121,82.9620
2001-03-12,SPY,stock,122.34,122.5,117.75,118.08,13972900,2001-03-12,2001-03-12,28.2416,81.0048,87.3169,83.2141
2001-03-09,SPY,stock,126.1,126.1,123.11,123.36,10020300,2001-03-09,2001-03-09,36.2720,81.5795,87.4352,83.5271
2001-03-08,SPY,stock,126.6,127.24,126.14,127.12,6055000,2001-03-08,2001-03-08,44.6714,81.8592,87.5207,83.7150
2001-03-07,SPY,stock,126.9,127.04,125.76,126.98,6371700,2001-03-07,2001-03-07,44.2248,81.9150,87.5830,83.8124
2001-03-06,SPY,stock,126.35,127.75,125.49,126.08,6917000,2001-03-06,2001-03-06,41.4016,81.9862,87.6467,83.9175
2001-03-05,SPY,stock,124.15,124.78,123.81,124.74,5293200,2001-03-05,2001-03-05,36.9924,82.1255,87.7169,84.0503
2001-03-02,SPY,stock,122.5,125.65,122.3,123.61,12564300,2001-03-02,2001-03-02,33.0475,82.3696,87.7964,84.2236
2001-03-01,SPY,stock,124.05,124.6,121.75,124.6,14672000,2001-03-01,2001-03-01,34.8211,82.7156,87.8840,84.4334
2001-02-28,SPY,stock,126.75,126.84,123.27,123.95,14825800,2001-02-28,2001-02-28,32.6163,83.0314,87.9661,84.6259
2001-02-27,SPY,stock,126.8,127.84,125.51,126.44,11415000,2001-02-27,2001-02-27,37.0777,83.4241,88.0532,84.8433
2001-02-26,SPY,stock,125.8,127.62,124.5,127.62,11503700,2001-02-26,2001-02-26,39.4525,83.6905,88.1251,85.0045
2001-02-23,SPY,stock,125.08,125.54,121.8,124.96,20173000,2001-02-23,2001-02-23,30.0785,83.9054,88.1902,85.1415
2001-02-22,SPY,stock,126.35,126.54,123.02,125.81,21281600,2001-02-22,2001-02-22,31.5268,84.3222,88.2731,85.3535
2001-02-21,SPY,stock,127.9,128.84,125.5,125.62,10910800,2001-02-21,2001-02-21,30.8355,84.7255,88.3513,85.5520
2001-02-20,SPY,stock,131.04,131.14,128.1,128.39,5760000,2001-02-20,2001-02-20,35.7168,85.1841,88.4315,85.7636
2001-02-16,SPY,stock,131,131.29,129.3,130.4,6434900,2001-02-16,2001-02-16,39.9812,85.5044,88.4947,85.9114
2001-02-15,SPY,stock,132.84,133.52,131.99,133.34,5929800,2001-02-15,2001-02-15,47.7198,85.7231,88.5457,86.0129
2001-02-14,SPY,stock,132.65,132.65,130.66,132.06,8400100,2001-02-14,2001-02-14,43.2816,85.7668,88.5782,86.0416
2001-02-13,SPY,stock,133.7,134.17,132,132.26,6587600,2001-02-13,2001-02-13,43.8214,85.9014,88.6193,86.1050
2001-02-12,SPY,stock,131.7,133.5,131.7,133.35,5804400,2001-02-12,2001-02-12,46.7732,86.0366,88.6595,86.1657
2001-02-09,SPY,stock,133.35,133.35,131.26,131.84,9913000,2001-02-09,2001-02-09,41.7235,86.1126,88.6932,86.2005
2001-02-08,SPY,stock,134.8,135.4,133.1,133.12,5943300,2001-02-08,2001-02-08,45.0907,86.2983,88.7368,86.2761
2001-02-07,SPY,stock,134.72,135.4,133.68,134.69,5748700,2001-02-07,2001-02-07,49.6549,86.4174,88.7727,86.3214
2001-02-06,SPY,stock,135.3,136.7,135.22,135.39,7106700,2001-02-06,2001-02-06,51.8268,86.4433,88.7989,86.3275
2001-02-05,SPY,stock,134.8,135.94,134.75,135.79,4352900,2001-02-05,2001-02-05,53.0582,86.4247,88.8208,86.3156
2001-02-02,SPY,stock,137.4,137.99,134.75,134.8,8276600,2001-02-02,2001-02-02,50.3468,86.3773,88.8403,86.2927
2001-02-01,SPY,stock,137.1,137.95,136.25,137.93,8239100,2001-02-01,2001-02-01,60.6276,86.3915,88.8664,86.2948
2001-01-31,SPY,stock,137.4,138.7,136.6,137.02,9706900,2001-01-31,2001-01-31,58.3305,86.1965,88.8727,86.2152
2001-01-30,SPY,stock,136.3,137.92,135.79,137.8,7069100,2001-01-30,2001-01-30,61.1711,86.0422,88.8848,86.1562
2001-01-29,SPY,stock,135.5,136.9,135.37,136.6,6705900,2001-01-29,2001-01-29,58.2679,85.8192,88.8921,86.0743
2001-01-26,SPY,stock,135.1562,136.125,134.4531,135.875,7136800,2001-01-26,2001-01-26,56.4406,85.6534,88.9072,86.0205
2001-01-25,SPY,stock,136.25,137.25,135.6562,136.0312,10818300,2001-01-25,2001-01-25,56.9394,85.5191,88.9270,85.9834
2001-01-24,SPY,stock,136.25,137.3125,135.8437,136.375,6199900,2001-01-24,2001-01-24,57.9867,85.3601,88.9461,85.9406
2001-01-23,SPY,stock,134.4687,136.6562,134.1562,135.9687,8463100,2001-01-23,2001-01-23,57.1212,85.1612,88.9632,85.8872
2001-01-22,SPY,stock,134.25,135.7812,133.5625,134.9062,7050900,2001-01-22,2001-01-22,54.8634,84.9687,88.9830,85.8422
2001-01-19,SPY,stock,136.1875,136.1875,133.875,134.0156,7782500,2001-01-19,2001-01-19,52.9345,84.8275,89.0099,85.8231
2001-01-18,SPY,stock,133.4375,135.7031,132.9375,134.7812,8107000,2001-01-18,2001-01-18,54.8040,84.7315,89.0427,85.8265
2001-01-17,SPY,stock,134.8437,135.0468,132.6406,133.4531,7851400,2001-01-17,2001-01-17,52.0777,84.5738,89.0710,85.8101
2001-01-16,SPY,stock,132,133.1875,131.5156,132.8437,8542200,2001-01-16,2001-01-16,50.8135,84.4889,89.1081,85.8276
2001-01-12,SPY,stock,132.6875,133.7187,131.2812,132,7244000,2001-01-12,2001-01-12,49.0869,84.4361,89.1495,85.8618
2001-01-11,SPY,stock,131.0937,133.4843,131.0937,132.25,7245100,2001-01-11,2001-01-11,49.5656,84.4345,89.1967,85.9194
2001-01-10,SPY,stock,129,132.125,128.8125,132.125,8746100,2001-01-10,2001-01-10,49.3362,84.4160,89.2428,85.9728
2001-01-09,SPY,stock,131.0468,131.5,129.4218,129.8437,5702400,2001-01-09,2001-01-09,45.1044,84.4040,89.2902,86.0317
2001-01-08,SPY,stock,129.875,130.1875,127.6875,130.1875,6625300,2001-01-08,2001-01-08,45.6379,84.5443,89.3527,86.1525
2001-01-05,SPY,stock,133.4687,133.625,129.1875,129.1875,12911400,2001-01-05,2001-01-05,43.8440,84.6762,89.4136,86.2693
2001-01-04,SPY,stock,134.9375,135.4687,133,133.5468,9219000,2001-01-04,2001-01-04,50.6031,84.8894,89.4815,86.4170
2001-01-03,SPY,stock,128.3125,136,127.6562,135,19431600,2001-01-03,2001-01-03,53.1389,84.8314,89.5222,86.4568
2001-01-02,SPY,stock,132,132.1562,127.5625,128.8125,8737500,2001-01-02,2001-01-02,41.5605,84.6694,89.5538,86.4604
2000-12-29,SPY,stock,134.0625,134.2812,131.1875,131.1875,8774600,2000-12-29,2000-12-29,45.5740,84.9071,89.6256,86.6257
2000-12-28,SPY,stock,132.8125,133.875,132.5937,133.7187,8358700,2000-12-28,2000-12-28,50.3896,85.0099,89.6829,86.7357
2000-12-27,SPY,stock,131.75,133.7343,131.25,133.3125,4854100,2000-12-27,2000-12-27,49.5960,84.9530,89.7244,86.7841
2000-12-26,SPY,stock,130.8437,132.3437,130.2812,132.3437,4665300,2000-12-26,2000-12-26,47.7446,84.9175,89.7690,86.8450
2000-12-22,SPY,stock,129,131.1093,128.8437,130.9375,10182900,2000-12-22,2000-12-22,45.0228,84.9435,89.8202,86.9338
2000-12-21,SPY,stock,126,128.8593,125.5312,127.125,14331500,2000-12-21,2000-12-21,36.7259,85.0670,89.8810,87.0629
2000-12-20,SPY,stock,128.625,128.9375,126.0937,126.25,9994300,2000-12-20,2000-12-20,34.6232,85.4602,89.9669,87.2968
2000-12-19,SPY,stock,132.4687,134.9687,130.0156,130.0156,9616600,2000-12-19,2000-12-19,39.9252,85.9537,90.0593,87.5631
2000-12-18,SPY,stock,132.0625,133.4687,131.7656,132.7187,7235400,2000-12-18,2000-12-18,44.4637,86.2456,90.1285,87.7420
2000-12-15,SPY,stock,133.125,133.125,130.5625,130.9687,9065300,2000-12-15,2000-12-15,40.3901,86.3861,90.1809,87.8576
2000-12-14,SPY,stock,135.875,136.5,134.0312,134.4062,7678400,2000-12-14,2000-12-14,45.7632,86.6593,90.2451,88.0236
2000-12-13,SPY,stock,139.25,139.4062,136.0312,136.1406,6070500,2000-12-13,2000-12-13,49.2500,86.7581,90.2906,88.1176
2000-12-12,SPY,stock,138.1875,138.8125,137.375,138.0312,5022900,2000-12-12,2000-12-12,53.3657,86.7508,90.3254,88.1702
2000-12-11,SPY,stock,137.375,139.5625,136.7187,138.625,6405600,2000-12-11,2000-12-11,54.6989,86.6159,90.3484,88.1758
2000-12-08,SPY,stock,137.0625,139.4687,133.875,133.9687,10276300,2000-12-08,2000-12-08,44.6267,86.4269,90.3679,88.1662
2000-12-07,SPY,stock,134.875,135.875,133.6562,133.6562,6529100,2000-12-07,2000-12-07,43.8487,86.5306,90.4174,88.2774
2000-12-06,SPY,stock,137.7812,138.3437,135.0312,135.5156,12888000,2000-12-06,2000-12-06,47.5392,86.6662,90.4694,88.4013
2000-12-05,SPY,stock,134.875,138.25,134.4062,137.7187,8883400,2000-12-05,2000-12-05,52.3905,86.6912,90.5100,88.4818
2000-12-04,SPY,stock,131.875,133.875,131.5,133.3437,6996600,2000-12-04,2000-12-04,41.3548,86.5710,90.5369,88.5083
2000-12-01,SPY,stock,133.1875,134.0625,131,132.2187,7587200,2000-12-01,2000-12-01,37.9188,86.7318,90.5922,88.6497
2000-11-30,SPY,stock,132.5,133.5,129.75,132.2812,11201600,2000-11-30,2000-11-30,38.0337,86.9851,90.6551,88.8262
2000-11-29,SPY,stock,134.375,135.9062,133.2656,133.4375,6914100,2000-11-29,2000-11-29,40.1234,87.2609,90.7184,89.0083
2000-11-28,SPY,stock,135.125,136.5937,133.6406,133.6875,5336100,2000-11-28,2000-11-28,40.5709,87.4880,90.7748,89.1677
2000-11-27,SPY,stock,136.4687,136.6875,135.3125,136.0312,5992000,2000-11-27,2000-11-27,44.9338,87.7223,90.8302,89.3271
2000-11-24,SPY,stock,133.625,134.9687,133.625,134.8437,3411600,2000-11-24,2000-11-24,41.9993,87.8239,90.8711,89.4320
2000-11-22,SPY,stock,134.3437,134.875,132.125,132.1406,5736900,2000-11-22,2000-11-22,34.6367,88.0159,90.9201,89.5721
2000-11-21,SPY,stock,134.875,136.1875,133.5156,135.375,7684300,2000-11-21,2000-11-21,40.3240,88.4096,90.9869,89.7883
2000-11-20,SPY,stock,135.75,136.375,134.3125,134.6875,5458500,2000-11-20,2000-11-20,38.3252,88.6276,91.0336,89.9291
2000-11-17,SPY,stock,137.3125,139,135.75,136.6406,6551100,2000-11-17,2000-11-17,42.0397,88.9147,91.0852,90.0935
2000-11-16,SPY,stock,138.5781,139.875,137.3125,137.375,6684100,2000-11-16,2000-11-16,43.5122,89.1009,91.1248,90.2138
2000-11-15,SPY,stock,139.0625,140.1093,137.75,139.5625,8837700,2000-11-15,2000-11-15,48.1796,89.2574,91.1600,90.3199
2000-11-14,SPY,stock,137.4687,139.625,137,139.125,7668900,2000-11-14,2000-11-14,47.1263,89.2835,91.1817,90.3734
2000-11-13,SPY,stock,135.625,136.9843,133.0156,135.5625,17285300,2000-11-13,2000-11-13,37.5244,89.3417,91.2063,90.4405
2000-11-10,SPY,stock,139,139.4687,136.5312,136.625,8569500,2000-11-10,2000-11-10,39.5116,89.6452,91.2540,90.6030
2000-11-09,SPY,stock,140,141.2187,137.25,140.0312,10635300,2000-11-09,2000-11-09,46.9060,89.9094,91.2954,90.7446
2000-11-08,SPY,stock,144.0625,144.0625,140.5625,140.5625,6123300,2000-11-08,2000-11-08,48.2128,89.9727,91.3154,90.8032
2000-11-07,SPY,stock,143.1406,144,142.5625,143.75,5231300,2000-11-07,2000-11-07,57.0708,90.0069,91.3321,90.8504
2000-11-06,SPY,stock,143.1562,144.2968,143.0312,143.7812,4042500,2000-11-06,2000-11-06,57.1663,89.8308,91.3286,90.8165
2000-11-03,SPY,stock,143.4687,143.75,142.375,142.7812,5187100,2000-11-03,2000-11-03,54.9222,89.6341,91.3249,90.7804
2000-11-02,SPY,stock,143.1562,143.9062,142.5156,142.7031,11395100,2000-11-02,2000-11-02,54.7502,89.4837,91.3276,90.7689
2000-11-01,SPY,stock,142.25,143.25,141.2187,142.4687,6753600,2000-11-01,2000-11-01,54.2641,89.3228,91.3307,90.7590
2000-10-31,SPY,stock,141.0156,143.6875,140.0625,142.9531,7752400,2000-10-31,2000-10-31,55.4064,89.1607,91.3354,90.7548
2000-10-30,SPY,stock,138.4375,141.0937,138.1562,140.5312,10154100,2000-10-30,2000-10-30,50.5763,88.9491,91.3371,90.7378
2000-10-27,SPY,stock,137.875,139.2812,136.625,139.2812,9762900,2000-10-27,2000-10-27,47.8703,88.8777,91.3543,90.7831
2000-10-26,SPY,stock,137.125,137.6562,134.0312,136.6875,9345800,2000-10-26,2000-10-26,41.7224,88.8827,91.3796,90.8628
2000-10-25,SPY,stock,138.75,139.5625,136.125,136.3125,9137600,2000-10-25,2000-10-25,40.7849,89.0624,91.4219,91.0133
2000-10-24,SPY,stock,140.9687,141.9375,139,139.5937,5750700,2000-10-24,2000-10-24,46.9175,89.2862,91.4670,91.1797
2000-10-23,SPY,stock,139.9375,141.0312,138.9375,140.5312,5290000,2000-10-23,2000-10-23,48.8670,89.3132,91.4915,91.2675
2000-10-20,SPY,stock,138.375,141.1875,138.375,139.9062,7373500,2000-10-20,2000-10-20,47.5170,89.2802,91.5102,91.3344
2000-10-19,SPY,stock,136.8437,139.4531,136.4375,139.3125,8767300,2000-10-19,2000-10-19,46.2657,89.2856,91.5331,91.4204
2000-10-18,SPY,stock,132.625,136.125,130.1562,134.25,10897300,2000-10-18,2000-10-18,33.7604,89.3314,91.5601,91.5253
2000-10-17,SPY,stock,138.4375,138.5625,134.4062,134.75,7831700,2000-10-17,2000-10-17,34.4967,89.7220,91.6198,91.7663
2000-10-16,SPY,stock,137.4062,138.2343,136.6875,138.1875,5659000,2000-10-16,2000-10-16,40.0763,90.1201,91.6769,92.0041
2000-10-13,SPY,stock,132.9375,137.6562,132.875,137.5625,11778800,2000-10-13,2000-10-13,38.3940,90.3293,91.7125,92.1621
2000-10-12,SPY,stock,137.2812,137.5937,132.7812,133.125,12336900,2000-10-12,2000-10-12,24.4016,90.6026,91.7525,92.3429
2000-10-11,SPY,stock,137.625,138.625,135.125,136.5312,10346000,2000-10-11,2000-10-11,29.1150,91.2024,91.8213,92.6465
2000-10-10,SPY,stock,140.0937,141.25,137.6875,137.6875,6104700,2000-10-10,2000-10-10,31.0027,91.6368,91.8690,92.8739
2000-10-09,SPY,stock,141.3125,141.3125,139.375,140,4508000,2000-10-09,2000-10-09,35.2465,92.0392,91.9097,93.0804
2000-10-06,SPY,stock,143.875,144.6406,139.75,141.0625,10014900,2000-10-06,2000-10-06,37.4326,92.3288,91.9361,93.2352
2000-10-05,SPY,stock,143.4062,144.8437,143.3125,144.1875,4566900,2000-10-05,2000-10-05,45.0665,92.5775,91.9559,93.3686
2000-10-04,SPY,stock,142.875,144.25,141.75,143.6875,6148900,2000-10-04,2000-10-04,43.3500,92.6426,91.9559,93.4262
2000-10-03,SPY,stock,144.5312,145.75,142.2812,142.5,9347200,2000-10-03,2000-10-03,39.1575,92.7481,91.9590,93.4991
2000-10-02,SPY,stock,144.2812,144.9062,143.1406,143.8437,5517800,2000-10-02,2000-10-02,42.4592,92.9445,91.9699,93.6058
2000-09-29,SPY,stock,145.4687,145.9687,143.625,143.625,9333600,2000-09-29,2000-09-29,41.7164,93.0713,91.9722,93.6820
2000-09-28,SPY,stock,143.1875,146.3281,142.8906,145,7036400,2000-09-28,2000-09-28,45.1162,93.2262,91.9759,93.7670
2000-09-27,SPY,stock,143.5625,143.9687,142.125,143.1562,7186200,2000-09-27,2000-09-27,38.9178,93.3050,91.9709,93.8196
2000-09-26,SPY,stock,144.375,145,142.4062,142.4062,5302400,2000-09-26,2000-09-26,36.1960,93.5159,91.9776,93.9224
2000-09-25,SPY,stock,145.9375,146.0625,143.7187,144.25,9726300,2000-09-25,2000-09-25,40.2948,93.7994,91.9892,94.0489
2000-09-22,SPY,stock,142.625,145.3125,142.4218,145.2812,7791300,2000-09-22,2000-09-22,42.8125,93.9889,91.9891,94.1326
2000-09-21,SPY,stock,144.4687,145.5625,142.625,142.6875,5972300,2000-09-21,2000-09-21,33.0410,94.1291,91.9824,94.1928
2000-09-20,SPY,stock,145.6875,146.0312,143.1562,144.8906,6508100,2000-09-20,2000-09-20,38.1875,94.4583,91.9922,94.3230
2000-09-19,SPY,stock,145.125,146.3125,144.7031,145.9687,6588200,2000-09-19,2000-09-19,41.0962,94.6742,91.9881,94.4012
2000-09-18,SPY,stock,146.375,146.9687,144.2031,144.6562,5109300,2000-09-18,2000-09-18,35.5463,94.8404,91.9769,94.4545
2000-09-15,SPY,stock,148.1875,148.25,146,146,4085700,2000-09-15,2000-09-15,39.0437,95.1122,91.9741,94.5442
2000-09-14,SPY,stock,149.875,149.9375,148.1562,149.6406,3397100,2000-09-14,2000-09-14,50.1476,95.3224,91.9627,94.6025
2000-09-13,SPY,stock,148,149.3437,147.6562,148.8906,7691600,2000-09-13,2000-09-13,46.9284,95.3362,91.9302,94.5785
2000-09-12,SPY,stock,149.75,150.25,148.4375,148.5,4769100,2000-09-12,2000-09-12,45.2177,95.4015,91.9022,94.5729
2000-09-11,SPY,stock,149.75,151.1875,148.6875,149.5937,3937500,2000-09-11,2000-09-11,49.3542,95.4999,91.8764,94.5772
2000-09-08,SPY,stock,150.2812,150.5,149.3281,149.8125,3518200,2000-09-08,2000-09-08,50.2073,95.5355,91.8434,94.5534
2000-09-07,SPY,stock,150.25,151.0781,149.8281,150.8437,4265500,2000-09-07,2000-09-07,54.3167,95.5601,91.8087,94.5228
2000-09-06,SPY,stock,151.1875,151.9531,149.5312,149.5625,4322200,2000-09-06,2000-09-06,49.5532,95.5183,91.7670,94.4643
2000-09-05,SPY,stock,151.875,152.2031,150.8125,151.2812,3470800,2000-09-05,2000-09-05,56.9503,95.5578,91.7330,94.4366
2000-09-01,SPY,stock,153.25,153.5937,152,152.5,3191200,2000-09-01,2000-09-01,63.1586,95.4865,91.6878,94.3631
2000-08-31,SPY,stock,151.0625,153.0937,150.9062,152.3437,4863100,2000-08-31,2000-08-31,62.6741,95.3260,91.6343,94.2551
2000-08-30,SPY,stock,151.3125,151.5,150.3437,150.3437,3964800,2000-08-30,2000-08-30,55.7608,95.1590,91.5812,94.1466
2000-08-29,SPY,stock,151.4375,151.875,150.9062,151.7968,3561900,2000-08-29,2000-08-29,63.7234,95.1085,91.5404,94.0857
2000-08-28,SPY,stock,151.25,152.9062,151.25,151.7656,5518700,2000-08-28,2000-08-28,63.6198,94.9553,91.4900,93.9845
2000-08-25,SPY,stock,151.1562,151.625,150.9375,151.25,2822200,2000-08-25,2000-08-25,61.9528,94.7880,91.4392,93.8801
2000-08-24,SPY,stock,151.1562,151.5,150.5,151.3125,4529000,2000-08-24,2000-08-24,62.2740,94.6377,91.3912,93.7847
2000-08-23,SPY,stock,149.8125,151.2812,149.2812,150.8437,5483200,2000-08-23,2000-08-23,60.8607,94.4674,91.3423,93.6839
2000-08-22,SPY,stock,150.5625,151.3125,150.0937,150.25,3075300,2000-08-22,2000-08-22,59.0570,94.3106,91.2959,93.5911
2000-08-21,SPY,stock,150.0312,150.7187,149.4062,150.5,2380600,2000-08-21,2000-08-21,60.1407,94.1770,91.2528,93.5099
2000-08-18,SPY,stock,150.375,150.375,149.2187,149.6875,4626400,2000-08-18,2000-08-18,57.8039,94.0125,91.2077,93.4189
2000-08-17,SPY,stock,148.6875,150.4375,148.3437,150.1875,5652200,2000-08-17,2000-08-17,59.8075,93.8852,91.1674,93.3453
2000-08-16,SPY,stock,149.3125,149.9375,147.8437,148.625,5191600,2000-08-16,2000-08-16,55.3128,93.7110,91.1235,93.2557
2000-08-15,SPY,stock,149.3437,149.8125,148.5625,149.1562,5564600,2000-08-15,2000-08-15,57.3370,93.6231,91.0891,93.2031
2000-08-14,SPY,stock,147.7812,149.5625,147.0625,149.2812,2966700,2000-08-14,2000-08-14,57.7991,93.4904,,93.1345
2000-08-11,SPY,stock,146.625,148,145.5625,147.4062,5089400,2000-08-11,2000-08-11,52.4620,93.3353,,93.0598
2000-08-10,SPY,stock,147.5312,147.8593,146.2812,146.7187,4193400,2000-08-10,2000-08-10,50.3229,93.2895,,93.0308
2000-08-09,SPY,stock,149.1406,149.2187,147.375,147.4375,5383800,2000-08-09,2000-08-09,52.6217,93.2849,,93.0184
2000-08-08,SPY,stock,147.5,148.8125,147.5,148.6875,3658700,2000-08-08,2000-08-08,56.8126,93.2316,,92.9869
2000-08-07,SPY,stock,146.7187,148.4375,146.375,148.125,4159800,2000-08-07,2000-08-07,55.3259,93.0891,,92.9216
2000-08-04,SPY,stock,146.3125,146.7187,145.4062,146.375,3686600,2000-08-04,2000-08-04,50.3925,92.9692,,92.8683
2000-08-03,SPY,stock,142.875,145.8125,142.625,145.5937,4607100,2000-08-03,2000-08-03,48.0125,92.9539,,92.8583
2000-08-02,SPY,stock,143.875,145.4062,143.625,144.5937,7439800,2000-08-02,2000-08-02,44.8689,92.9893,,92.8681
2000-08-01,SPY,stock,143.625,144.7187,143.125,143.875,3946600,2000-08-01,2000-08-01,42.5505,93.0953,,92.9043
2000-07-31,SPY,stock,142.9375,144.125,142.0625,143,5265500,2000-07-31,2000-07-31,39.6830,93.2607,,92.9606
2000-07-28,SPY,stock,145.7187,145.9062,141.5156,142.0937,6229500,2000-07-28,2000-07-28,36.6415,93.5020,,93.0419
2000-07-27,SPY,stock,145.9375,146.625,144.6875,145.375,7652600,2000-07-27,2000-07-27,44.1214,93.8295,,93.1501
2000-07-26,SPY,stock,146.9687,147.1562,145.6406,145.875,12062500,2000-07-26,2000-07-26,45.4337,93.9717,,93.1775
2000-07-25,SPY,stock,147.75,147.8437,146.7812,147.3125,4757100,2000-07-25,2000-07-25,49.3524,94.0953,,93.1930
2000-07-24,SPY,stock,148.125,148.8593,146.5625,146.8437,5628500,2000-07-24,2000-07-24,47.9941,94.1358,,93.1719
2000-07-21,SPY,stock,149.75,149.75,147.6875,147.6875,5656900,2000-07-21,2000-07-21,50.2464,94.2118,,93.1621
2000-07-20,SPY,stock,149,150.625,148.8125,150.625,4538900,2000-07-20,2000-07-20,59.2322,94.2394,,93.1299
2000-07-19,SPY,stock,149.4687,149.9062,148.25,148.5625,8506800,2000-07-19,2000-07-19,53.8515,94.0732,,93.0202
2000-07-18,SPY,stock,150.625,150.625,149.3437,149.7656,4262100,2000-07-18,2000-07-18,57.9978,94.0276,,92.9595
2000-07-17,SPY,stock,150.9843,151.9843,150.6875,151,4208300,2000-07-17,2000-07-17,62.5890,93.8967,,92.8651
2000-07-14,SPY,stock,150.4375,151.25,149.6718,151.25,5341900,2000-07-14,2000-07-14,63.5349,93.6693,,92.7349
2000-07-13,SPY,stock,149.9843,150.375,149.1875,149.7812,5356000,2000-07-13,2000-07-13,60.2584,93.4012,,92.5928
2000-07-12,SPY,stock,149.2812,150.125,148.6875,149.125,5883000,2000-07-12,2000-07-12,58.7196,93.2033,,92.4830
2000-07-11,SPY,stock,147.4687,149.125,147.1562,148.1562,5431600,2000-07-11,2000-07-11,56.4056,93.0284,,92.3858
2000-07-10,SPY,stock,147.875,148.9062,147.5312,147.8437,2816100,2000-07-10,2000-07-10,55.6611,92.9001,,92.3098
2000-07-07,SPY,stock,146.6875,148.7812,146.25,148.0937,3034800,2000-07-07,2000-07-07,56.3763,92.7791,,92.2388
2000-07-06,SPY,stock,144.9375,146.4687,144.2187,145.75,5963200,2000-07-06,2000-07-06,50.8825,92.6287,,92.1585
2000-07-05,SPY,stock,146.375,146.6562,144.375,144.625,2748200,2000-07-05,2000-07-05,47.9614,92.6194,,92.1357
2000-07-03,SPY,stock,145.4375,147.4375,145.1875,147.2812,1436600,2000-07-03,2000-07-03,55.1525,92.6844,,92.1411
2000-06-30,SPY,stock,143.9375,145.5937,143.8906,145.2812,7420200,2000-06-30,2000-06-30,49.9005,92.5785,,92.0779
2000-06-29,SPY,stock,144.75,145.75,143.5156,144.1875,6345700,2000-06-29,2000-06-29,46.7330,92.5952,,92.0639
2000-06-28,SPY,stock,145.625,146.9843,145.3125,145.5625,5347700,2000-06-28,2000-06-28,50.4572,92.6870,,92.0778
2000-06-27,SPY,stock,145.9843,146.7187,145.0156,145.1562,4159500,2000-06-27,2000-06-27,49.3497,92.6964,,92.0566
2000-06-26,SPY,stock,145.375,146.25,144.875,146.2343,5201300,2000-06-26,2000-06-26,52.2263,92.7340,,92.0451
2000-06-23,SPY,stock,145.8125,146.125,143.875,144.375,4863300,2000-06-23,2000-06-23,47.3075,92.7033,,92.0051
2000-06-22,SPY,stock,147.5625,147.6875,145,145.625,7490500,2000-06-22,2000-06-22,50.5571,92.7939,,92.0117
2000-06-21,SPY,stock,146.9375,148.4375,146.8906,147.875,3115000,2000-06-21,2000-06-21,57.1145,92.8104,,91.9861
2000-06-20,SPY,stock,148.1875,148.875,147,147.9375,6480000,2000-06-20,2000-06-20,57.3062,92.6779,,91.9011
2000-06-19,SPY,stock,146.4687,149.1562,146.25,148.4687,5106900,2000-06-19,2000-06-19,58.8657,92.5272,,91.8110
2000-06-16,SPY,stock,148.3125,148.3125,145.875,146.5937,5567900,2000-06-16,2000-06-16,54.8375,92.3252,,91.7034
2000-06-15,SPY,stock,148.125,148.75,146.8437,148.1562,5881200,2000-06-15,2000-06-15,58.2597,92.2274,,91.6402
2000-06-14,SPY,stock,148.25,148.875,147.1875,147.8437,6420500,2000-06-14,2000-06-14,57.6277,92.0383,,91.5428
2000-06-13,SPY,stock,144.8125,147.75,144.625,147.5937,6558700,2000-06-13,2000-06-13,57.1457,91.8501,,91.4496
2000-06-12,SPY,stock,146.9687,146.9687,144.875,144.875,3678900,2000-06-12,2000-06-12,51.5839,91.6588,,91.3591
2000-06-09,SPY,stock,147.5,147.9687,145.625,146.5937,3085300,2000-06-09,2000-06-09,55.8380,91.6290,,91.3353
2000-06-08,SPY,stock,147.5,147.75,146.0625,146.9062,5723100,2000-06-08,2000-06-08,56.6264,91.4812,,91.2660
2000-06-07,SPY,stock,146.625,148,146,147.4843,4919500,2000-06-07,2000-06-07,58.0341,91.2970,,91.1858
2000-06-06,SPY,stock,146.625,147.7812,145.9062,146.4687,4858900,2000-06-06,2000-06-06,56.2603,91.0548,,91.0874
2000-06-05,SPY,stock,147.4687,148.2187,146.875,147.125,6998100,2000-06-05,2000-06-05,57.7243,90.8549,,91.0112
2000-06-02,SPY,stock,148.9375,149.0937,147.4843,147.8437,8962200,2000-06-02,2000-06-02,59.2933,90.5902,,90.9149
2000-06-01,SPY,stock,143.6875,145.4375,143,145.3125,8961600,2000-06-01,2000-06-01,55.3220,90.2495,,90.7961
2000-05-31,SPY,stock,142.5625,144,142.0937,142.8125,6056500,2000-05-31,2000-05-31,50.9316,90.0421,,90.7380
2000-05-30,SPY,stock,140,142.9375,139.4687,142.5,5362700,2000-05-30,2000-05-30,50.3654,89.9799,,90.7423
2000-05-26,SPY,stock,138.8125,139.6875,137.3281,138,4814000,2000-05-26,2000-05-26,41.3113,89.9321,,90.7548
2000-05-25,SPY,stock,140.6875,141.8125,137.7187,137.8437,8278900,2000-05-25,2000-05-25,40.9640,90.1797,,90.8845
2000-05-24,SPY,stock,138,140.6875,136.5,140.25,11081500,2000-05-24,2000-05-24,44.7500,90.4639,,91.0234
2000-05-23,SPY,stock,140.4375,140.8125,137.5625,138,7979200,2000-05-23,2000-05-23,39.9295,90.6173,,91.1057
2000-05-22,SPY,stock,141.25,141.4687,137,140.0625,10839400,2000-05-22,2000-05-22,43.1328,90.9371,,91.2497
2000-05-19,SPY,stock,142.5625,143.2343,140.4062,141.125,6518400,2000-05-19,2000-05-19,44.8541,91.1529,,91.3461
2000-05-18,SPY,stock,145.625,146.3125,143.375,143.375,4325600,2000-05-18,2000-05-18,48.6736,91.3203,,91.4189
2000-05-17,SPY,stock,145.6875,146.1875,144.4687,145.1562,5907200,2000-05-17,2000-05-17,51.9239,91.3550,,91.4364
2000-05-16,SPY,stock,146.5625,147.7187,145.3125,146.6875,8192200,2000-05-16,2000-05-16,54.8477,91.2745,,91.4085
2000-05-15,SPY,stock,142.75,145.6093,142,145.2812,4441300,2000-05-15,2000-05-15,52.5702,91.0831,,91.3397
2000-05-12,SPY,stock,141.8125,143.4687,141.625,142.8125,5960800,2000-05-12,2000-05-12,48.3210,90.9656,,91.3046
2000-05-11,SPY,stock,140.125,141.5,139.125,141.2812,7091100,2000-05-11,2000-05-11,45.5092,91.0005,,91.3320
2000-05-10,SPY,stock,140.5,140.9687,137.75,138.125,10293900,2000-05-10,2000-05-10,39.1753,91.1415,,91.4002
2000-05-09,SPY,stock,143.0625,143.4062,140.2656,141.3125,5620300,2000-05-09,2000-05-09,43.9681,91.5082,,91.5530
2000-05-08,SPY,stock,142.75,143.375,141.8437,142.4531,5064100,2000-05-08,2000-05-08,45.8311,91.7005,,91.6293
2000-05-05,SPY,stock,141.0625,144,140.9375,143.5312,7862400,2000-05-05,2000-05-05,47.6015,91.8368,,91.6793
2000-05-04,SPY,stock,142,142.3593,140.75,141.8125,5963600,2000-05-04,2000-05-04,44.4236,91.9155,,91.7034
2000-05-03,SPY,stock,144,144,139.7812,140.75,12630700,2000-05-03,2000-05-03,42.4189,92.1173,,91.7730
2000-05-02,SPY,stock,145.5,147.125,144.125,144.125,9411900,2000-05-02,2000-05-02,47.4693,92.4113,,91.8729
2000-05-01,SPY,stock,146.5625,148.4843,145.8437,147.0625,7328300,2000-05-01,2000-05-01,52.5234,92.5108,,91.8895
2000-04-28,SPY,stock,147,147.8593,145.0625,145.0937,8743400,2000-04-28,2000-04-28,49.1542,92.4246,,91.8307
2000-04-27,SPY,stock,143,147.3437,143,146,15595300,2000-04-27,2000-04-27,50.6919,92.4607,,91.8205
2000-04-26,SPY,stock,147.9687,148.75,146,146.4843,7711100,2000-04-26,2000-04-26,51.4912,92.4402,,91.7864
2000-04-25,SPY,stock,144.625,148.1562,144.4375,148.1562,14102000,2000-04-25,2000-04-25,54.2323,92.3851,,91.7384
2000-04-24,SPY,stock,141.5,143.3125,140.5,142.25,12893100,2000-04-24,2000-04-24,44.5492,92.2126,,91.6451
2000-04-20,SPY,stock,143.5625,143.9375,142.375,143.8125,8537600,2000-04-20,2000-04-20,46.9915,92.4164,,91.7010
2000-04-19,SPY,stock,144.5,145.125,142.5312,143.125,6553700,2000-04-19,2000-04-19,45.7770,92.5373,,91.7186
2000-04-18,SPY,stock,140.5625,144.4687,139.7812,144.4687,11069200,2000-04-18,2000-04-18,47.7631,92.7168,,91.7548
2000-04-17,SPY,stock,135.1875,140.75,134.6875,140.75,23918200,2000-04-17,2000-04-17,41.2080,92.8255,,91.7577
2000-04-14,SPY,stock,142.625,142.8125,133.5,136,29604000,2000-04-14,2000-04-14,30.9271,93.1941,,91.8571
2000-04-13,SPY,stock,147.4687,148.1562,143.7812,144.25,12225800,2000-04-13,2000-04-13,43.0754,93.9188,,92.0835
2000-04-12,SPY,stock,150.375,151.1562,146.1562,146.2812,10779200,2000-04-12,2000-04-12,47.3254,94.1686,,92.1054
2000-04-11,SPY,stock,150,151.625,148.375,150.4062,9006400,2000-04-11,2000-04-11,58.1433,94.3090,,92.0757
2000-04-10,SPY,stock,151.75,153.1093,150.3125,150.8437,9624200,2000-04-10,2000-04-10,59.4824,94.1887,,91.9379
2000-04-07,SPY,stock,151.5625,152.125,150.5,151.4375,6023600,2000-04-07,2000-04-07,61.2605,94.0264,,91.7831
2000-04-06,SPY,stock,150.25,151.6875,149,150.4843,6378500,2000-04-06,2000-04-06,59.4538,93.8074,,91.6066
2000-04-05,SPY,stock,147.875,150.8125,147.625,149.1875,8387200,2000-04-05,2000-04-05,56.9154,93.6291,,91.4476
2000-04-04,SPY,stock,151.75,153,141.3906,150.125,19585500,2000-04-04,2000-04-04,59.4123,93.5186,,91.3157
2000-04-03,SPY,stock,150.125,151.25,148.6875,151.25,8508200,2000-04-03,2000-04-03,62.4659,93.3338,,91.1542
2000-03-31,SPY,stock,149.625,152.3125,148.4375,150.375,9249100,2000-03-31,2000-03-31,61.0189,93.0544,,90.9569
2000-03-30,SPY,stock,150.1562,151.9218,147.125,148.6875,9491900,2000-03-30,2000-03-30,58.1282,92.8041,,90.7742
2000-03-29,SPY,stock,151.5625,152.4843,149.6562,151.2187,6747500,2000-03-29,2000-03-29,64.8237,92.6402,,90.6278
2000-03-28,SPY,stock,151.25,152.9843,150.5937,151.0625,6334400,2000-03-28,2000-03-28,64.5900,92.2899,,90.4098
2000-03-27,SPY,stock,153.375,153.7812,151.8125,151.9375,8798600,2000-03-27,2000-03-27,66.9021,91.9131,,90.1870
2000-03-24,SPY,stock,152.875,155.75,151.7187,153.5625,11462900,2000-03-24,2000-03-24,71.3039,91.4383,,89.9324
2000-03-23,SPY,stock,149.1562,153.4687,149.1562,152.6562,11654500,2000-03-23,2000-03-23,70.2916,90.8049,,89.6253
2000-03-22,SPY,stock,149.5625,150.8437,148.6875,150.0937,8260000,2000-03-22,2000-03-22,67.2593,90.1654,,89.3292
2000-03-21,SPY,stock,145.5312,149.75,144.5,149.1875,13612600,2000-03-21,2000-03-21,66.1239,89.6297,,89.0874
2000-03-20,SPY,stock,146.875,147.3437,144.7812,146.1875,12502300,2000-03-20,2000-03-20,62.0815,89.0982,,88.8591
2000-03-17,SPY,stock,145.8125,148,145.4375,146.9375,10272900,2000-03-17,2000-03-17,63.8502,88.7112,,88.6993
2000-03-16,SPY,stock,141.625,146.8437,140.875,146.3437,25601400,2000-03-16,2000-03-16,62.5802,88.2333,,88.5135
2000-03-15,SPY,stock,136.875,140.4375,136.0625,139.8125,10300800,2000-03-15,2000-03-15,51.9713,87.7694,,88.3451
2000-03-14,SPY,stock,139.2812,140.0937,136.1562,136.625,8263900,2000-03-14,2000-03-14,44.8908,87.6919,,88.3385
2000-03-13,SPY,stock,136.6875,140.4687,135.6875,138.5937,10540500,2000-03-13,2000-03-13,49.0368,87.8186,,88.4141
2000-03-10,SPY,stock,140.1875,142,139.5312,140.125,7924600,2000-03-10,2000-03-10,52.5417,87.8275,,88.4418
2000-03-09,SPY,stock,137.25,140.875,136.125,140.875,5500900,2000-03-09,2000-03-09,54.3070,87.7352,,88.4311
2000-03-08,SPY,stock,136.4687,137.8437,135.0312,136.875,11808500,2000-03-08,2000-03-08,45.1865,87.5833,,88.4006
2000-03-07,SPY,stock,140,140.1562,135.2187,137.0468,20062000,2000-03-07,2000-03-07,45.5491,87.6820,,88.4722
2000-03-06,SPY,stock,140.8125,141.3437,138.75,139.75,11967100,2000-03-06,2000-03-06,51.5987,87.7795,,88.5423
2000-03-03,SPY,stock,140.4375,141.7187,139.7187,141.125,12770300,2000-03-03,2000-03-03,55.0522,87.7072,,88.5454
2000-03-02,SPY,stock,138.6875,139.125,137.3437,138.5312,7600200,2000-03-02,2000-03-02,49.0827,87.5357,,88.5131
2000-03-01,SPY,stock,137.625,139,137.2187,138.4375,6868000,2000-03-01,2000-03-01,48.8549,87.5189,,88.5465
2000-02-29,SPY,stock,136.0625,137.4375,135.75,137.4375,8242500,2000-02-29,2000-02-29,46.4815,87.5067,,88.5837
2000-02-28,SPY,stock,133.375,136.6875,132.7187,136.125,13397800,2000-02-28,2000-02-28,43.2732,87.5597,,88.6482
2000-02-25,SPY,stock,135.1875,136.7187,133.125,133.3281,10559900,2000-02-25,2000-02-25,35.6387,87.7059,,88.7493
2000-02-24,SPY,stock,136.6875,137.0312,133.0937,133.8125,17375000,2000-02-24,2000-02-24,36.4272,88.0537,,88.9268
2000-02-23,SPY,stock,135.625,137.4687,134.5,136.5625,12119000,2000-02-23,2000-02-23,41.2362,88.4060,,89.0990
2000-02-22,SPY,stock,135.1875,136.3437,133.5312,134.9687,16415400,2000-02-22,2000-02-22,36.7419,88.6120,,89.2072
2000-02-18,SPY,stock,138.875,138.875,134.625,135.3125,9409200,2000-02-18,2000-02-18,37.3135,88.9459,,89.3609
2000-02-17,SPY,stock,140.4375,140.4375,138.2187,138.2812,7584200,2000-02-17,2000-02-17,42.6316,89.2921,,89.5121
2000-02-16,SPY,stock,140.375,140.9375,138.7968,139,8845400,2000-02-16,2000-02-16,44.0429,89.4769,,89.5927
2000-02-15,SPY,stock,139.25,141.2187,137.7968,141.0781,11078300,2000-02-15,2000-02-15,48.3389,89.6333,,89.6581
2000-02-14,SPY,stock,139.7812,139.7812,138.3125,139.5,8528800,2000-02-14,2000-02-14,44.5231,89.6676,,89.6724
2000-02-11,SPY,stock,141.8437,141.9375,138.0312,138.6875,9849800,2000-02-11,2000-02-11,42.4924,89.8107,,89.7281
2000-02-10,SPY,stock,141.625,142.5625,140.875,141.5625,6690600,2000-02-10,2000-02-10,48.3018,90.0230,,89.8071
2000-02-09,SPY,stock,144.4687,144.4687,141.2656,141.2812,8511500,2000-02-09,2000-02-09,47.6516,90.0661,,89.8150
2000-02-08,SPY,stock,143.9687,144.5625,143.625,144.3125,4936400,2000-02-08,2000-02-08,54.5121,90.1325,,89.8304
2000-02-07,SPY,stock,142.5625,142.7812,141.4375,142.375,5845800,2000-02-07,2000-02-07,50.2620,90.0038,,89.7682
2000-02-04,SPY,stock,143.1875,144,142.125,142.5937,4925400,2000-02-04,2000-02-04,50.7591,89.9907,,89.7535
2000-02-03,SPY,stock,140.875,143.25,140,143.1875,7997500,2000-02-03,2000-02-03,52.0572,89.9617,,89.7326
2000-02-02,SPY,stock,141.2812,142.25,140.375,141.0625,6205900,2000-02-02,2000-02-02,47.6047,89.8901,,89.6955
2000-02-01,SPY,stock,139.75,141.6875,138.5312,140.9375,8419900,2000-02-01,2000-02-01,47.3376,89.9525,,89.7117
2000-01-31,SPY,stock,135.8125,139.6718,135,139.5625,10768700,2000-01-31,2000-01-31,44.4443,90.0298,,89.7319
2000-01-28,SPY,stock,139.4375,140.0625,135.5312,135.875,11916200,2000-01-28,2000-01-28,35.6388,90.2069,,89.7884
2000-01-27,SPY,stock,141.8437,142.2187,138.125,140.25,10922700,2000-01-27,2000-01-27,43.1785,90.6483,,89.9425
2000-01-26,SPY,stock,141,141.5468,140.0937,140.8125,5158100,2000-01-26,2000-01-26,44.2974,90.8446,,89.9898
2000-01-25,SPY,stock,140.5156,141.9375,139,141.9375,9942500,2000-01-25,2000-01-25,46.5368,91.0242,,90.0245
2000-01-24,SPY,stock,145.6562,145.8437,139.4062,140.3437,7896900,2000-01-24,2000-01-24,42.7279,91.1477,,90.0316
2000-01-21,SPY,stock,145.5,145.5,144.0625,144.4375,6244800,2000-01-21,2000-01-21,51.4748,91.3904,,90.0801
2000-01-20,SPY,stock,146.9687,146.9687,143.8125,144.75,5800100,2000-01-20,2000-01-20,52.2327,91.3858,,90.0249
2000-01-19,SPY,stock,145.3125,147,145,147,6157900,2000-01-19,2000-01-19,57.9360,91.3599,,89.9593
2000-01-18,SPY,stock,145.3437,146.625,145.1875,145.8125,6488500,2000-01-18,2000-01-18,55.5578,91.1814,,89.8329
2000-01-14,SPY,stock,146.5312,147.4687,145.9687,146.9687,7437300,2000-01-14,2000-01-14,58.5507,91.0633,,89.7321
2000-01-13,SPY,stock,144.4687,145.75,143.2812,145,5158300,2000-01-13,2000-01-13,54.6917,90.8556,,89.5972
2000-01-12,SPY,stock,144.5937,144.5937,142.875,143.0625,6907700,2000-01-12,2000-01-12,50.4782,90.7573,,89.5077
2000-01-11,SPY,stock,145.8125,146.0937,143.5,144.5,7503700,2000-01-11,2000-01-11,53.9336,90.7777,,89.4646
2000-01-10,SPY,stock,146.25,146.9062,145.0312,146.25,5741700,2000-01-10,2000-01-10,58.4572,90.7045,,
2000-01-07,SPY,stock,140.3125,145.75,140.0625,145.75,8066500,2000-01-07,2000-01-07,57.5117,90.5069,,
2000-01-06,SPY,stock,139.625,141.5,137.75,137.75,6227200,2000-01-06,2000-01-06,35.8066,90.3219,,
2000-01-05,SPY,stock,139.9375,141.5312,137.25,140,12177900,2000-01-05,2000-01-05,41.3191,90.6505,,
2000-01-04,SPY,stock,143.5312,144.0625,139.6406,139.75,8089800,2000-01-04,2000-01-04,40.3720,90.8638,,
2000-01-03,SPY,stock,148.25,148.25,143.875,145.4375,8164300,2000-01-03,2000-01-03,61.2595,91.1161,,
1999-12-31,SPY,stock,146.8437,147.5,146.25,146.875,3172700,1999-12-31,1999-12-31,69.7259,91.0161,,
1999-12-30,SPY,stock,147.125,147.5625,146.1875,146.6406,3641300,1999-12-30,1999-12-30,69.0788,90.8097,,
1999-12-29,SPY,stock,146.3125,146.8125,145.3125,146.8125,3001000,1999-12-29,1999-12-29,70.0992,90.5972,,
1999-12-28,SPY,stock,145.875,146.5,145.4843,146.1875,4084500,1999-12-28,1999-12-28,68.5299,90.3509,,
1999-12-27,SPY,stock,146.5,146.7812,145.0625,146.2812,2691000,1999-12-27,1999-12-27,69.0343,90.1203,,
1999-12-23,SPY,stock,145.0156,146.4843,145,146.4843,5721700,1999-12-23,1999-12-23,70.0723,89.8592,,
1999-12-22,SPY,stock,143.625,144.1875,142.9687,144.1875,5377500,1999-12-22,1999-12-22,64.4608,89.5571,,
1999-12-21,SPY,stock,141.5937,144.0625,141.3437,143.8125,7981300,1999-12-21,1999-12-21,63.4210,89.3762,,
1999-12-20,SPY,stock,142.5625,143.1875,141.0937,141.6562,4608700,1999-12-20,1999-12-20,56.6485,89.2013,,
1999-12-17,SPY,stock,143,143.3125,142.0625,142.6875,4775400,1999-12-17,1999-12-17,61.7238,89.1516,,
1999-12-16,SPY,stock,142.1875,142.6562,141.1562,142.125,5854900,1999-12-16,1999-12-16,58.6992,89.0280,,
1999-12-15,SPY,stock,140.375,142.2031,140.0312,141.5,6879100,1999-12-15,1999-12-15,56.5075,88.9519,,
1999-12-14,SPY,stock,141.625,142.4843,140.625,140.75,5739000,1999-12-14,1999-12-14,53.7740,88.9093,,
1999-12-13,SPY,stock,141.4375,142.7187,141.2812,142.125,4210800,1999-12-13,1999-12-13,60.2167,88.9121,,
1999-12-10,SPY,stock,142.2812,142.8125,140.875,141.875,5127300,1999-12-10,1999-12-10,59.3954,88.8237,,
1999-12-09,SPY,stock,141.8125,142.2187,139.375,141.4062,6474700,1999-12-09,1999-12-09,57.8813,88.7427,,
1999-12-08,SPY,stock,141.3437,142.0625,140.5,140.7187,4611400,1999-12-08,1999-12-08,55.6281,88.6843,,
1999-12-07,SPY,stock,143.2812,143.3125,141.375,141.625,10714200,1999-12-07,1999-12-07,59.5261,88.6655,,
1999-12-06,SPY,stock,143.5312,143.7187,142.25,142.7812,3138900,1999-12-06,1999-12-06,64.9145,88.5845,,
1999-12-03,SPY,stock,143.0312,145.3437,143.0312,143.8437,10045400,1999-12-03,1999-12-03,70.3486,88.4181,,
1999-12-02,SPY,stock,140.625,141.375,140.375,141.25,6698300,1999-12-02,1999-12-02,63.4045,88.1635,,
1999-12-01,SPY,stock,139.3125,140.5,139,140.4062,6980200,1999-12-01,1999-12-01,60.6184,88.0545,,
1999-11-30,SPY,stock,140.75,142.3125,139,139.2812,7682000,1999-11-30,1999-11-30,56.5202,87.9902,,
1999-11-29,SPY,stock,140.875,141.9218,140.4375,140.9375,7348600,1999-11-29,1999-11-29,65.8946,87.9938,,
1999-11-26,SPY,stock,142.4687,142.875,141.25,141.4375,1693900,1999-11-26,1999-11-26,69.1077,,,
1999-11-24,SPY,stock,140.75,142.4375,140,141.9687,4459700,1999-11-24,1999-11-24,72.5999,,,
1999-11-23,SPY,stock,142.8437,142.8437,140.375,141.2187,5918000,1999-11-23,1999-11-23,70.6558,,,
1999-11-22,SPY,stock,142.4375,143,141.5,142.4687,4155400,1999-11-22,1999-11-22,79.3713,,,
1999-11-19,SPY,stock,142.4062,142.9687,142,142.5,4832100,1999-11-19,1999-11-19,79.5996,,,
1999-11-18,SPY,stock,142.4375,143,141.625,142.625,4491000,1999-11-18,,,,,
1999-11-17,SPY,stock,142.25,142.9375,141.3125,141.625,9459000,1999-11-17,,,,,
1999-11-16,SPY,stock,140.5625,143,140.0937,141.25,7544800,1999-11-16,,,,,
1999-11-15,SPY,stock,139.8437,140.25,139.4062,140.0781,2187500,1999-11-15,,,,,
1999-11-12,SPY,stock,139.25,139.9843,137.125,139.75,11802900,1999-11-12,,,,,
1999-11-11,SPY,stock,138.1875,138.5,137.4687,138.5,4794100,1999-11-11,,,,,
1999-11-10,SPY,stock,136.25,138.3906,136.0781,137.7187,6405600,1999-11-10,,,,,
1999-11-09,SPY,stock,138.5,138.6875,136.2812,136.7031,4533700,1999-11-09,,,,,
1999-11-08,SPY,stock,137,138.375,136.75,138,4649200,1999-11-08,,,,,
1999-11-05,SPY,stock,138.625,139.1093,136.7812,137.875,7431500,1999-11-05,,,,,
1999-11-04,SPY,stock,136.75,137.3593,135.7656,136.5312,7907500,1999-11-04,,,,,
1999-11-03,SPY,stock,136,136.375,135.125,135.5,7222300,1999-11-03,,,,,
1999-11-02,SPY,stock,135.9687,137.25,134.5937,134.5937,6516900,1999-11-02,,,,,
1999-11-01,SPY,stock,136.5,137,135.5625,135.5625,4006500,1999-11-01,,,,,