﻿date,asset_ticker,asset_type,open,high,low,close,volume,merge_date,date,RSI_14,EMA_20,EMA_200,EMA_50
2025-07-25,AGG,stock,98.3,98.48,98.25,98.45,5530410,2025-07-25,2025-07-25,56.0568,98.2115,96.7308,97.8938
2025-07-24,AGG,stock,98.11,98.36,98.09,98.29,9644196,2025-07-24,2025-07-24,53.3599,98.1863,96.7135,97.8711
2025-07-23,AGG,stock,98.45,98.48,98.32,98.35,7467087,2025-07-23,2025-07-23,54.5251,98.1754,96.6976,97.8540
2025-07-22,AGG,stock,98.48,98.64,98.43,98.57,6172677,2025-07-22,2025-07-22,58.9047,98.1571,96.6810,97.8338
2025-07-21,AGG,stock,98.46,98.54,98.36,98.38,6865690,2025-07-21,2025-07-21,56.0753,98.1136,96.6620,97.8037
2025-07-18,AGG,stock,98.15,98.17,98.0415,98.11,8443792,2025-07-18,2025-07-18,51.6860,98.0855,96.6448,97.7802
2025-07-17,AGG,stock,97.98,98.0567,97.86,97.93,8355454,2025-07-17,2025-07-17,48.5002,98.0830,96.6301,97.7667
2025-07-16,AGG,stock,97.89,98.02,97.685,97.89,23556799,2025-07-16,2025-07-16,47.7898,98.0991,96.6170,97.7601
2025-07-15,AGG,stock,98.16,98.16,97.7,97.75,9680969,2025-07-15,2025-07-15,45.3392,98.1211,96.6042,97.7548
2025-07-14,AGG,stock,98.01,98.125,97.93,98.04,6231389,2025-07-14,2025-07-14,49.8386,98.1601,96.5927,97.7550
2025-07-11,AGG,stock,98.17,98.2472,98.02,98.05,6106474,2025-07-11,2025-07-11,49.9975,98.1728,96.5781,97.7433
2025-07-10,AGG,stock,98.42,98.48,98.3,98.46,5127152,2025-07-10,2025-07-10,56.9034,98.1857,96.5633,97.7308
2025-07-09,AGG,stock,98.21,98.49,98.13,98.49,11043652,2025-07-09,2025-07-09,57.4424,98.1568,96.5443,97.7011
2025-07-08,AGG,stock,97.95,98.08,97.93,98.08,7804229,2025-07-08,2025-07-08,51.6268,98.1218,96.5247,97.6689
2025-07-07,AGG,stock,98.32,98.33,98.06,98.12,8088095,2025-07-07,2025-07-07,52.2739,98.1262,96.5091,97.6521
2025-07-03,AGG,stock,98.53,98.59,98.4057,98.47,4583196,2025-07-03,2025-07-03,58.2016,98.1268,96.4929,97.6330
2025-07-02,AGG,stock,98.68,98.7,98.54,98.67,8755956,2025-07-02,2025-07-02,61.9277,98.0907,96.4730,97.5988
2025-07-01,AGG,stock,98.87,98.9495,98.665,98.79,18480328,2025-07-01,2025-07-01,64.2183,98.0297,96.4510,97.5551
2025-06-30,AGG,stock,99.05,99.23,98.9444,99.2,14036866,2025-06-30,2025-06-30,65.9211,97.9497,96.4274,97.5047
2025-06-27,AGG,stock,98.87,99.095,98.76,98.8,25931633,2025-06-27,2025-06-27,61.7617,97.8517,96.4028,97.4485
2025-06-26,AGG,stock,98.8,99.1,98.78,99.08,9775172,2025-06-26,2025-06-26,67.0838,97.7854,96.3819,97.4064
2025-06-25,AGG,stock,98.62,98.81,98.52,98.81,8434797,2025-06-25,2025-06-25,64.3316,97.6828,96.3580,97.3511
2025-06-24,AGG,stock,98.36,98.82,98.34,98.82,7907575,2025-06-24,2025-06-24,64.5172,97.5976,96.3366,97.3045
2025-06-23,AGG,stock,98.4,98.65,98.3,98.42,5884591,2025-06-23,2025-06-23,60.2606,97.5025,96.3148,97.2557
2025-06-20,AGG,stock,98,98.305,97.95,98.22,6213004,2025-06-20,2025-06-20,57.9168,97.4393,96.2968,97.2211
2025-06-18,AGG,stock,98.21,98.395,98.03,98.13,5907865,2025-06-18,2025-06-18,56.8534,97.3905,96.2807,97.1933
2025-06-17,AGG,stock,97.95,98.115,97.76,98.06,5312113,2025-06-17,2025-06-17,56.0513,97.3459,96.2653,97.1679
2025-06-16,AGG,stock,97.89,98.07,97.75,97.76,5680895,2025-06-16,2025-06-16,52.5405,97.3040,96.2504,97.1444
2025-06-13,AGG,stock,98.11,98.16,97.76,97.96,8050549,2025-06-13,2025-06-13,55.2740,97.2892,96.2384,97.1322
2025-06-12,AGG,stock,98.24,98.32,98.12,98.31,5726351,2025-06-12,2025-06-12,60.3784,97.2518,96.2243,97.1113
2025-06-11,AGG,stock,97.79,97.98,97.7,97.95,5992536,2025-06-11,2025-06-11,56.5456,97.1738,96.2065,97.0753
2025-06-10,AGG,stock,97.72,97.7399,97.505,97.62,4990864,2025-06-10,2025-06-10,52.6466,97.1253,96.1922,97.0525
2025-06-09,AGG,stock,97.29,97.54,97.27,97.4,7096604,2025-06-09,2025-06-09,49.8617,97.1064,96.1810,97.0421
2025-06-06,AGG,stock,97.46,97.525,97.2505,97.28,6299934,2025-06-06,2025-06-06,48.3223,97.1085,96.1719,97.0404
2025-06-05,AGG,stock,98.03,98.12,97.77,97.78,10456612,2025-06-05,2025-06-05,54.8363,97.1234,96.1639,97.0434
2025-06-04,AGG,stock,97.75,98.09,97.69,98.03,7761493,2025-06-04,2025-06-04,58.4974,97.0875,96.1508,97.0262
2025-06-03,AGG,stock,97.6,97.7518,97.37,97.45,7177836,2025-06-03,2025-06-03,51.5252,97.0216,96.1351,96.9981
2025-06-02,AGG,stock,97.23,97.5955,97.23,97.52,28390079,2025-06-02,2025-06-02,52.5139,97.0095,96.1250,96.9925
2025-05-30,AGG,stock,97.86,98.1,97.8,98.1,15488429,2025-05-30,2025-05-30,56.1771,96.9889,96.1142,96.9838
2025-05-29,AGG,stock,97.74,97.94,97.7,97.86,7724141,2025-05-29,2025-05-29,53.3560,96.9392,96.1006,96.9643
2025-05-28,AGG,stock,97.56,97.6746,97.375,97.5,4909442,2025-05-28,2025-05-28,48.7616,96.9094,96.0894,96.9537
2025-05-27,AGG,stock,97.51,97.74,97.42,97.68,7461471,2025-05-27,2025-05-27,51.0984,96.9140,96.0816,96.9574
2025-05-23,AGG,stock,97.34,97.38,97.08,97.24,5210517,2025-05-23,2025-05-23,45.1298,96.9004,96.0719,96.9538
2025-05-22,AGG,stock,96.77,97.11,96.66,97.1,6084846,2025-05-22,2025-05-22,43.0771,96.9313,96.0665,96.9680
2025-05-21,AGG,stock,97.17,97.28,96.7444,96.82,12393433,2025-05-21,2025-05-21,38.8270,96.9801,96.0625,96.9884
2025-05-20,AGG,stock,97.52,97.54,97.28,97.46,7496635,2025-05-20,2025-05-20,46.1386,97.0634,96.0612,97.0211
2025-05-19,AGG,stock,97.14,97.66,97.1,97.63,7232766,2025-05-19,2025-05-19,48.3860,97.0884,96.0535,97.0290
2025-05-16,AGG,stock,97.91,97.92,97.62,97.66,5262544,2025-05-16,2025-05-16,48.7753,97.0984,96.0441,97.0305
2025-05-15,AGG,stock,97.31,97.6,97.22,97.6,7638874,2025-05-15,2025-05-15,47.9983,97.1062,96.0342,97.0307
2025-05-14,AGG,stock,97.28,97.34,97.01,97.05,7350713,2025-05-14,2025-05-14,40.2882,97.1211,96.0249,97.0335
2025-05-13,AGG,stock,97.5,97.55,97.24,97.33,6305463,2025-05-13,2025-05-13,43.3248,97.1952,96.0210,97.0586
2025-05-12,AGG,stock,97.45,97.6599,97.33,97.43,10768258,2025-05-12,2025-05-12,44.4355,97.2477,96.0142,97.0734
2025-05-09,AGG,stock,97.86,97.97,97.74,97.76,5739278,2025-05-09,2025-05-09,48.2238,97.2953,96.0063,97.0847
2025-05-08,AGG,stock,98.21,98.23,97.65,97.66,7814291,2025-05-08,2025-05-08,46.9512,97.3134,95.9951,97.0832
2025-05-07,AGG,stock,98.16,98.3395,98.0907,98.17,6556985,2025-05-07,2025-05-07,53.1363,97.3439,95.9847,97.0856
2025-05-06,AGG,stock,97.78,98.02,97.65,98.02,11730109,2025-05-06,2025-05-06,51.3873,97.3243,95.9692,97.0674
2025-05-05,AGG,stock,97.9,97.91,97.645,97.78,14273806,2025-05-05,2025-05-05,48.5336,97.3182,95.9550,97.0546
2025-05-02,AGG,stock,98.06,98.3417,97.82,97.95,9879165,2025-05-02,2025-05-02,50.4828,97.3367,95.9431,97.0510
2025-05-01,AGG,stock,98.83,98.873,98.28,98.43,6912635,2025-05-01,2025-05-01,56.4241,97.3393,95.9293,97.0403
2025-04-30,AGG,stock,98.99,99.165,98.8848,99.02,7370375,2025-04-30,2025-04-30,60.0891,97.2919,95.9106,97.0098
2025-04-29,AGG,stock,98.76,99.11,98.75,99.11,6731098,2025-04-29,2025-04-29,61.3278,97.2116,95.8891,96.9671
2025-04-28,AGG,stock,98.52,98.8999,98.5,98.87,4890765,2025-04-28,2025-04-28,59.2477,97.1134,95.8664,96.9191
2025-04-25,AGG,stock,98.47,98.6283,98.3649,98.6,9058952,2025-04-25,2025-04-25,56.8215,97.0300,95.8459,96.8788
2025-04-24,AGG,stock,98.06,98.25,98,98.24,8524534,2025-04-24,2025-04-24,53.3856,96.9658,95.8279,96.8477
2025-04-23,AGG,stock,98.33,98.47,97.65,97.7,13376708,2025-04-23,2025-04-23,47.5751,96.9325,95.8133,96.8300
2025-04-22,AGG,stock,97.61,97.77,97.445,97.46,6521502,2025-04-22,2025-04-22,44.7319,96.9519,95.8039,96.8333
2025-04-21,AGG,stock,97.61,97.83,97.28,97.28,7925680,2025-04-21,2025-04-21,42.5625,96.9984,95.7968,96.8465
2025-04-17,AGG,stock,98.06,98.1135,97.81,97.87,5589431,2025-04-17,2025-04-17,48.3374,97.0686,95.7914,96.8675
2025-04-16,AGG,stock,97.88,98.19,97.72,98.12,10105021,2025-04-16,2025-04-16,51.0634,97.0846,95.7801,96.8655
2025-04-15,AGG,stock,97.6,97.9612,97.51,97.81,10074372,2025-04-15,2025-04-15,47.6650,97.0763,95.7662,96.8534
2025-04-14,AGG,stock,97.44,97.69,97.27,97.61,7940563,2025-04-14,2025-04-14,45.3932,97.0994,95.7552,96.8532
2025-04-11,AGG,stock,96.66,97.17,96.15,97.04,8437429,2025-04-11,2025-04-11,38.3058,97.1457,95.7461,96.8611
2025-04-10,AGG,stock,97.67,97.86,97.11,97.14,9940126,2025-04-10,2025-04-10,39.1332,97.2564,95.7426,96.8924
2025-04-09,AGG,stock,97.07,97.99,96.63,97.91,16244396,2025-04-09,2025-04-09,46.2809,97.3683,95.7381,96.9210
2025-04-08,AGG,stock,98.1,98.69,97.64,97.69,13173372,2025-04-08,2025-04-08,43.5452,97.4117,95.7259,96.9196
2025-04-07,AGG,stock,99.22,99.31,98,98.2,21796534,2025-04-07,2025-04-07,48.9065,97.4827,95.7157,96.9270
2025-04-04,AGG,stock,99.92,100.55,99.44,99.46,14914282,2025-04-04,2025-04-04,68.1579,97.5079,95.7004,96.9141
2025-04-03,AGG,stock,99.47,99.73,99.05,99.37,9905042,2025-04-03,2025-04-03,67.3042,97.4044,95.6723,96.8497
2025-04-02,AGG,stock,99.17,99.21,98.615,98.85,8225068,2025-04-02,2025-04-02,61.8116,97.2995,95.6449,96.7864
2025-04-01,AGG,stock,98.81,99.13,98.6223,98.96,10295171,2025-04-01,2025-04-01,63.9209,97.2376,95.6224,96.7415
2025-03-31,AGG,stock,98.98,99.09,98.7,98.92,13350746,2025-03-31,2025-03-31,59.6946,97.1579,95.5985,96.6903
2025-03-28,AGG,stock,98.54,98.82,98.455,98.73,8534084,2025-03-28,2025-03-28,57.2770,97.1076,95.5780,96.6517
2025-03-27,AGG,stock,98.16,98.2299,98.01,98.16,9513010,2025-03-27,2025-03-27,48.7058,97.0718,95.5592,96.6192
2025-03-26,AGG,stock,98.36,98.4,98.2032,98.21,6744041,2025-03-26,2025-03-26,49.5149,97.0915,95.5459,96.6084
2025-03-25,AGG,stock,98.37,98.56,98.34,98.45,5663057,2025-03-25,2025-03-25,53.4745,97.1080,95.5320,96.5951
2025-03-24,AGG,stock,98.6,98.64,98.32,98.36,4894841,2025-03-24,2025-03-24,52.1418,97.1014,95.5155,96.5715
2025-03-21,AGG,stock,98.96,99.035,98.74,98.74,5028775,2025-03-21,2025-03-21,58.7381,97.1034,95.4997,96.5507
2025-03-20,AGG,stock,99.22,99.2499,98.8,98.86,6556791,2025-03-20,2025-03-20,61.0010,97.0661,95.4801,96.5137
2025-03-19,AGG,stock,98.42,98.8291,98.325,98.8,6764189,2025-03-19,2025-03-19,60.2908,97.0124,95.4590,96.4703
2025-03-18,AGG,stock,98.3,98.62,98.28,98.51,9022067,2025-03-18,2025-03-18,56.7560,96.9593,95.4383,96.4276
2025-03-17,AGG,stock,98.49,98.65,98.345,98.41,10605915,2025-03-17,2025-03-17,55.4873,96.9308,95.4203,96.3948
2025-03-14,AGG,stock,98.34,98.42,98.25,98.28,8949789,2025-03-14,2025-03-14,53.8530,96.9096,95.4031,96.3648
2025-03-13,AGG,stock,98.09,98.5,98.012,98.48,7959567,2025-03-13,2025-03-13,56.8340,96.8998,95.3870,96.3387
2025-03-12,AGG,stock,98.3,98.43,98.16,98.18,8436677,2025-03-12,2025-03-12,53.2278,96.8681,95.3688,96.3035
2025-03-11,AGG,stock,98.77,98.94,98.42,98.47,10187879,2025-03-11,2025-03-11,57.5430,96.8642,95.3534,96.2790
2025-03-10,AGG,stock,98.81,98.99,98.73,98.82,12248223,2025-03-10,2025-03-10,63.2934,96.8298,95.3349,96.2417
2025-03-07,AGG,stock,98.85,98.9752,98.3,98.35,6450705,2025-03-07,2025-03-07,58.0683,96.7554,95.3128,96.1889
2025-03-06,AGG,stock,98.51,98.62,98.23,98.47,9946193,2025-03-06,2025-03-06,60.0964,96.7220,95.2951,96.1528
2025-03-05,AGG,stock,98.97,99.055,98.55,98.57,7302567,2025-03-05,2025-03-05,61.7658,96.6727,95.2760,96.1105
2025-03-04,AGG,stock,99.3,99.4,98.81,98.91,7532407,2025-03-04,2025-03-04,67.7032,96.6077,95.2558,96.0623
2025-03-03,AGG,stock,98.66,99.19,98.6,99.16,7533471,2025-03-03,2025-03-03,72.4590,96.5006,95.2320,95.9985
2025-02-28,AGG,stock,99.08,99.285,98.92,99.25,14453010,2025-02-28,2025-02-28,70.8341,96.3563,95.2054,95.9221
2025-02-27,AGG,stock,98.77,98.9263,98.725,98.81,6263221,2025-02-27,2025-02-27,67.1354,96.2189,95.1808,95.8511
2025-02-26,AGG,stock,98.77,99.02,98.6549,98.96,5036046,2025-02-26,2025-02-26,69.9432,96.1126,95.1602,95.7949
2025-02-25,AGG,stock,98.65,98.81,98.56,98.8,5801251,2025-02-25,2025-02-25,68.6443,95.9797,95.1379,95.7303
2025-02-24,AGG,stock,97.96,98.24,97.935,98.19,7298424,2025-02-24,2025-02-24,62.9807,95.8493,95.1170,95.6696
2025-02-21,AGG,stock,97.75,98.175,97.7,98.02,7070574,2025-02-21,2025-02-21,61.1655,95.7683,95.1019,95.6309
2025-02-20,AGG,stock,97.54,97.6686,97.5,97.6,27958746,2025-02-20,2025-02-20,56.2433,95.6965,95.0883,95.5974
2025-02-19,AGG,stock,97.27,97.4999,97.27,97.45,5604824,2025-02-19,2025-02-19,54.3233,95.6605,95.0788,95.5794
2025-02-18,AGG,stock,97.46,97.58,97.31,97.31,8159401,2025-02-18,2025-02-18,52.5177,95.6364,95.0707,95.5667
2025-02-14,AGG,stock,97.75,97.88,97.67,97.7,6257547,2025-02-14,2025-02-14,58.4996,95.6242,95.0638,95.5592
2025-02-13,AGG,stock,97.16,97.425,96.84,97.34,7041568,2025-02-13,2025-02-13,54.0095,95.5703,95.0530,95.5356
2025-02-12,AGG,stock,96.77,96.88,96.61,96.76,6404974,2025-02-12,2025-02-12,45.1277,95.5480,95.0457,95.5256
2025-02-11,AGG,stock,97.27,97.34,97.2218,97.27,8001204,2025-02-11,2025-02-11,53.5758,95.5835,95.0440,95.5384
2025-02-10,AGG,stock,97.57,97.68,97.41,97.49,6038721,2025-02-10,2025-02-10,57.9189,95.5698,95.0373,95.5313
2025-02-07,AGG,stock,97.52,97.59,97.36,97.46,6422344,2025-02-07,2025-02-07,57.4825,95.5320,95.0283,95.5150
2025-02-06,AGG,stock,97.77,97.8764,97.6318,97.77,6629549,2025-02-06,2025-02-06,63.8350,95.4932,95.0196,95.4993
2025-02-05,AGG,stock,97.7,97.995,97.66,97.87,9716763,2025-02-05,2025-02-05,66.0205,95.4183,95.0077,95.4705
2025-02-04,AGG,stock,97.02,97.38,97.0001,97.35,8483497,2025-02-04,2025-02-04,59.2908,95.3252,94.9947,95.4365
2025-02-03,AGG,stock,97.34,97.5375,97.05,97.17,9977153,2025-02-03,2025-02-03,56.5231,95.2761,94.9866,95.4220
2025-01-31,AGG,stock,97.62,97.73,97.26,97.4,10750147,2025-01-31,2025-01-31,55.0735,95.2404,94.9803,95.4142
2025-01-30,AGG,stock,97.62,97.725,97.5198,97.6,6802911,2025-01-30,2025-01-30,59.0338,95.2106,94.9749,95.4097
2025-01-29,AGG,stock,97.58,97.645,97.22,97.46,5912753,2025-01-29,2025-01-29,57.0251,95.1569,94.9674,95.3970
2025-01-28,AGG,stock,97.34,97.53,97.29,97.52,5730533,2025-01-28,2025-01-28,58.1600,95.1121,94.9612,95.3894
2025-01-27,AGG,stock,97.49,97.56,97.31,97.55,7601955,2025-01-27,2025-01-27,58.7024,95.0563,94.9544,95.3791
2025-01-24,AGG,stock,96.87,97.1099,96.8,97.01,6459421,2025-01-24,2025-01-24,51.0763,94.9916,94.9471,95.3672
2025-01-23,AGG,stock,96.77,96.92,96.72,96.85,7706998,2025-01-23,2025-01-23,48.4576,94.9758,94.9452,95.3764
2025-01-22,AGG,stock,97.21,97.25,96.96,97.01,7283359,2025-01-22,2025-01-22,50.9920,94.9749,94.9448,95.3924
2025-01-21,AGG,stock,97.15,97.28,97.09,97.24,7726045,2025-01-21,2025-01-21,54.8192,94.9573,94.9428,95.4026
2025-01-17,AGG,stock,97.07,97.095,96.87,96.92,5360235,2025-01-17,2025-01-17,49.9679,94.9142,94.9386,95.4041
2025-01-16,AGG,stock,96.63,97.025,96.5,96.92,9810870,2025-01-16,2025-01-16,49.9679,94.8996,94.9374,95.4184
2025-01-15,AGG,stock,96.94,96.94,96.552,96.71,9562977,2025-01-15,2025-01-15,46.7314,94.8834,94.9362,95.4333
2025-01-14,AGG,stock,95.86,95.93,95.7501,95.88,5487559,2025-01-14,2025-01-14,30.1476,94.8872,94.9371,95.4572
2025-01-13,AGG,stock,95.94,95.95,95.735,95.85,10420724,2025-01-13,2025-01-13,29.4101,94.9771,94.9462,95.5153
2025-01-10,AGG,stock,95.85,96.225,95.85,95.94,9822014,2025-01-10,2025-01-10,30.3014,95.0795,94.9557,95.5770
2025-01-08,AGG,stock,96.27,96.52,96.23,96.48,7444537,2025-01-08,2025-01-08,36.4571,95.1834,94.9644,95.6376
2025-01-07,AGG,stock,96.61,96.675,96.24,96.37,9153293,2025-01-07,2025-01-07,33.9178,95.2426,94.9678,95.6791
2025-01-06,AGG,stock,96.72,96.7999,96.58,96.71,9248349,2025-01-06,2025-01-06,38.3121,95.3193,94.9724,95.7267
2025-01-03,AGG,stock,97.03,97.0676,96.79,96.81,5331125,2025-01-03,2025-01-03,39.7175,95.3689,94.9736,95.7625
2025-01-02,AGG,stock,97.07,97.205,96.78,96.91,5547684,2025-01-02,2025-01-02,41.1180,95.4135,94.9739,95.7959
2024-12-31,AGG,stock,97.15,97.2099,96.83,96.9,12276725,2024-12-31,2024-12-31,40.9245,95.4525,94.9732,95.8266
2024-12-30,AGG,stock,97,97.08,96.96,97.02,10154727,2024-12-30,2024-12-30,42.4795,95.4966,94.9726,95.8590
2024-12-27,AGG,stock,96.79,96.89,96.61,96.64,8601525,2024-12-27,2024-12-27,35.2446,95.5329,94.9708,95.8879
2024-12-26,AGG,stock,96.52,96.8799,96.51,96.84,10620327,2024-12-26,2024-12-26,37.5530,95.6123,94.9727,95.9331
2024-12-24,AGG,stock,96.5,96.78,96.47,96.77,4739264,2024-12-24,2024-12-24,36.1948,95.6794,94.9727,95.9722
2024-12-23,AGG,stock,96.95,96.9699,96.6,96.66,10540780,2024-12-23,2024-12-23,34.1035,95.7608,94.9734,96.0157
2024-12-20,AGG,stock,97.05,97.22,96.94,96.96,8657695,2024-12-20,2024-12-20,37.1905,95.8621,94.9751,96.0654
2024-12-19,AGG,stock,96.76,96.82,96.5045,96.7,15490128,2024-12-19,2024-12-19,32.2555,95.9431,94.9740,96.1052
2024-12-18,AGG,stock,97.66,97.8,96.9,96.95,14261483,2024-12-18,2024-12-18,34.6891,96.0595,94.9753,96.1569
2024-12-17,AGG,stock,98,98.13,97.95,98.01,7239282,2024-12-17,2024-12-17,43.7847,96.1623,94.9743,96.2007
2024-12-16,AGG,stock,98.07,98.0998,97.8841,98.01,7124119,2024-12-16,2024-12-16,43.7847,96.1994,94.9659,96.2167
2024-12-13,AGG,stock,98.2,98.23,97.87,97.92,6566351,2024-12-13,2024-12-13,42.2034,96.2404,94.9574,96.2333
2024-12-12,AGG,stock,98.53,98.58,98.25,98.29,12353324,2024-12-12,2024-12-12,47.2804,96.2950,94.9497,96.2542
2024-12-11,AGG,stock,99.08,99.1546,98.66,98.69,8095829,2024-12-11,2024-12-11,53.7742,96.3173,94.9383,96.2612
2024-12-10,AGG,stock,98.87,98.99,98.804,98.92,5984610,2024-12-10,2024-12-10,58.0298,96.3007,94.9229,96.2524
2024-12-09,AGG,stock,99.2,99.22,99.03,99.04,10689040,2024-12-09,2024-12-09,60.3434,96.2588,94.9050,96.2342
2024-12-06,AGG,stock,99.4,99.44,99.1397,99.33,12890676,2024-12-06,2024-12-06,66.2726,96.2001,94.8858,96.2104
2024-12-05,AGG,stock,98.96,99.11,98.85,99.05,8787117,2024-12-05,2024-12-05,63.0144,96.1053,94.8635,96.1741
2024-12-04,AGG,stock,98.52,99.09,98.484,99.03,7448899,2024-12-04,2024-12-04,62.7759,96.0294,94.8438,96.1475
2024-12-03,AGG,stock,98.97,99.06,98.67,98.71,6889766,2024-12-03,2024-12-03,58.8316,95.9476,94.8241,96.1206
2024-12-02,AGG,stock,99.39,99.6,98.58,98.9,18397837,2024-12-02,2024-12-02,62.4818,95.8901,94.8073,96.1053
2024-11-29,AGG,stock,99.15,99.22,99.08,99.2,9623115,2024-11-29,2024-11-29,62.3505,95.8069,94.7885,96.0819
2024-11-27,AGG,stock,98.8,98.9299,98.65,98.81,8749917,2024-11-27,2024-11-27,57.7044,95.7162,94.7696,96.0579
2024-11-26,AGG,stock,98.49,98.54,98.3,98.54,11303243,2024-11-26,2024-11-26,54.0598,95.6560,94.7543,96.0485
2024-11-25,AGG,stock,98.53,98.7,98.43,98.69,9246256,2024-11-25,2024-11-25,56.5747,95.6171,94.7415,96.0495
2024-11-22,AGG,stock,97.87,97.92,97.72,97.81,4989634,2024-11-22,2024-11-22,41.8342,95.5587,94.7272,96.0445
2024-11-21,AGG,stock,97.85,98.01,97.6701,97.74,6348553,2024-11-21,2024-11-21,40.3383,95.5845,94.7213,96.0743
2024-11-20,AGG,stock,97.69,97.93,97.67,97.79,5551154,2024-11-20,2024-11-20,41.0383,95.6202,94.7160,96.1081
2024-11-19,AGG,stock,97.95,98.045,97.87,97.89,4735960,2024-11-19,2024-11-19,42.4050,95.6544,94.7102,96.1413
2024-11-18,AGG,stock,97.55,97.82,97.465,97.75,5260760,2024-11-18,2024-11-18,39.7988,95.6821,94.7033,96.1719
2024-11-15,AGG,stock,97.44,97.88,97.26,97.66,11844293,2024-11-15,2024-11-15,38.1275,95.7270,94.6978,96.2093
2024-11-14,AGG,stock,97.85,97.99,97.57,97.65,7312304,2024-11-14,2024-11-14,37.9498,95.7858,94.6931,96.2519
2024-11-13,AGG,stock,98.17,98.2,97.57,97.69,15834914,2024-11-13,2024-11-13,38.3590,95.8519,94.6884,96.2965
2024-11-12,AGG,stock,97.98,98.14,97.6501,97.71,16775682,2024-11-12,2024-11-12,38.5521,95.9208,94.6833,96.3414
2024-11-11,AGG,stock,98.3,98.33,98.16,98.28,4501340,2024-11-11,2024-11-11,44.4750,95.9950,94.6779,96.3873
2024-11-08,AGG,stock,98.48,98.715,98.3748,98.5,6199838,2024-11-08,2024-11-08,47.0666,96.0185,94.6669,96.4124
2024-11-07,AGG,stock,97.96,98.54,97.9,98.33,17402306,2024-11-07,2024-11-07,44.7568,96.0218,94.6537,96.4298
2024-11-06,AGG,stock,97.43,97.8199,97.355,97.59,9158058,2024-11-06,2024-11-06,32.9267,96.0430,94.6419,96.4546
2024-11-05,AGG,stock,98.09,98.39,97.86,98.36,6663038,2024-11-05,2024-11-05,41.5171,96.1423,94.6373,96.5099
2024-11-04,AGG,stock,98.25,98.375,97.9538,98.13,6630091,2024-11-04,2024-11-04,36.9549,96.1731,94.6251,96.5369
2024-11-01,AGG,stock,98.29,98.38,97.6801,97.72,10387261,2024-11-01,2024-11-01,27.6072,96.2307,94.6151,96.5741
2024-10-31,AGG,stock,98.32,98.5789,98.1501,98.42,12754774,2024-10-31,2024-10-31,31.7493,96.3364,94.6089,96.6291
2024-10-30,AGG,stock,98.75,98.94,98.4,98.44,11188376,2024-10-30,2024-10-30,31.9779,96.4134,94.5989,96.6709
2024-10-29,AGG,stock,98.12,98.56,98.0871,98.54,5421716,2024-10-29,2024-10-29,33.0840,96.4965,94.5886,96.7136
2024-10-28,AGG,stock,98.64,98.65,98.2946,98.43,7363142,2024-10-28,2024-10-28,30.6333,96.5780,94.5772,96.7541
2024-10-25,AGG,stock,98.97,98.99,98.54,98.59,9028548,2024-10-25,2024-10-25,32.2274,96.6795,94.5668,96.8006
2024-10-24,AGG,stock,98.68,98.95,98.6,98.79,7559385,2024-10-24,2024-10-24,34.2992,96.7752,94.5547,96.8427
2024-10-23,AGG,stock,98.57,98.76,98.4815,98.6,19660142,2024-10-23,2024-10-23,30.3493,96.8605,94.5406,96.8785
2024-10-22,AGG,stock,98.93,99.01,98.77,98.85,11401906,2024-10-22,2024-10-22,32.7553,96.9743,94.5281,96.9234
2024-10-21,AGG,stock,99.18,99.205,98.83,98.83,6874029,2024-10-21,2024-10-21,32.3570,97.0745,94.5131,96.9601
2024-10-18,AGG,stock,99.63,99.675,99.5,99.52,4973029,2024-10-18,2024-10-18,39.9361,97.1873,94.4981,96.9992
2024-10-17,AGG,stock,99.6,99.66,99.42,99.45,5306334,2024-10-17,2024-10-17,38.5809,97.2414,94.4763,97.0125
2024-10-16,AGG,stock,99.96,100.04,99.87,99.94,4741263,2024-10-16,2024-10-16,45.2118,97.3083,94.4549,97.0291
2024-10-15,AGG,stock,99.74,99.84,99.68,99.81,7158682,2024-10-15,2024-10-15,42.7894,97.3322,94.4285,97.0270
2024-10-14,AGG,stock,99.2,99.42,99.1701,99.41,3512569,2024-10-14,2024-10-14,34.5174,97.3719,94.4031,97.0299
2024-10-11,AGG,stock,99.41,99.62,99.36,99.5,4878672,2024-10-11,2024-10-11,35.5926,97.4566,94.3813,97.0488
2024-10-10,AGG,stock,99.45,99.55,99.2338,99.47,5757678,2024-10-10,2024-10-10,34.9656,97.5411,94.3585,97.0649
2024-10-09,AGG,stock,99.64,99.67,99.47,99.53,8218472,2024-10-09,2024-10-09,35.6094,97.6376,94.3357,97.0829
2024-10-08,AGG,stock,99.52,99.79,99.49,99.79,7340131,2024-10-08,2024-10-08,38.4588,97.7381,94.3121,97.0992
2024-10-07,AGG,stock,99.64,99.765,99.58,99.62,6382168,2024-10-07,2024-10-07,35.3163,97.8225,94.2857,97.1059
2024-10-04,AGG,stock,100.1,100.14,99.8901,99.96,9641064,2024-10-04,2024-10-04,39.0163,97.9332,94.2608,97.1196
2024-10-03,AGG,stock,100.85,100.8867,100.59,100.61,8751191,2024-10-03,2024-10-03,47.9307,98.0209,94.2322,97.1204
2024-10-02,AGG,stock,100.88,101.1056,100.805,101.02,11700908,2024-10-02,2024-10-02,55.3360,98.0513,94.1970,97.0954
2024-10-01,AGG,stock,101.27,101.445,101.15,101.23,8811488,2024-10-01,2024-10-01,59.7246,98.0429,94.1575,97.0531
2024-09-30,AGG,stock,101.44,101.4794,101.14,101.27,9105421,2024-09-30,2024-09-30,55.5722,98.0122,94.1155,97.0008
2024-09-27,AGG,stock,101.41,101.56,101.325,101.5,5033279,2024-09-27,2024-09-27,60.5604,98.0055,94.0757,96.9570
2024-09-26,AGG,stock,101.32,101.35,101,101.21,8124446,2024-09-26,2024-09-26,55.9288,97.9747,94.0333,96.9022
2024-09-25,AGG,stock,101.42,101.4265,101.19,101.19,9259117,2024-09-25,2024-09-25,55.5949,97.9702,93.9933,96.8567
2024-09-24,AGG,stock,101.27,101.619,101.22,101.58,5803587,2024-09-24,2024-09-24,64.4359,97.9673,93.9530,96.8101
2024-09-23,AGG,stock,101.34,101.59,101.185,101.44,8428058,2024-09-23,2024-09-23,62.4452,97.9243,93.9086,96.7462
2024-09-20,AGG,stock,101.43,101.65,101.315,101.48,8464907,2024-09-20,2024-09-20,63.3865,97.8910,93.8650,96.6852
2024-09-19,AGG,stock,101.41,101.6101,101.3701,101.57,5079896,2024-09-19,2024-09-19,65.4478,97.8502,93.8207,96.6201
2024-09-18,AGG,stock,101.68,102.03,101.53,101.56,6280106,2024-09-18,2024-09-18,65.3315,97.7958,93.7750,96.5489
2024-09-17,AGG,stock,101.99,102.0301,101.825,101.88,9256001,2024-09-17,2024-09-17,72.5931,97.7368,93.7289,96.4751
2024-09-16,AGG,stock,101.83,102.04,101.7482,101.98,8425911,2024-09-16,2024-09-16,75.0125,97.6390,93.6793,96.3857
2024-09-13,AGG,stock,101.76,101.82,101.62,101.74,5330629,2024-09-13,2024-09-13,73.0076,97.5206,93.6282,96.2886
2024-09-12,AGG,stock,101.56,101.65,101.38,101.53,6419517,2024-09-12,2024-09-12,71.1253,97.4143,93.5789,96.1971
2024-09-11,AGG,stock,101.51,101.85,101.46,101.62,4184407,2024-09-11,2024-09-11,73.1555,97.3182,93.5312,96.1102
2024-09-10,AGG,stock,101.34,101.7,101.31,101.65,5979509,2024-09-10,2024-09-10,73.8076,97.2028,93.4821,96.0161
2024-09-09,AGG,stock,101.15,101.429,101.05,101.34,7569256,2024-09-09,2024-09-09,71.3578,97.0722,93.4323,95.9170
2024-09-06,AGG,stock,101.13,101.595,100.97,101.19,8830177,2024-09-06,2024-09-06,70.1013,96.9594,93.3849,95.8261
2024-09-05,AGG,stock,101.02,101.115,100.75,101.06,11921947,2024-09-05,2024-09-05,69.0072,96.8501,93.3386,95.7375
2024-09-04,AGG,stock,100.43,100.85,100.4,100.8,10649923,2024-09-04,2024-09-04,66.7473,96.7425,93.2930,95.6504
2024-09-03,AGG,stock,100.32,100.53,100.23,100.36,6837399,2024-09-03,2024-09-03,62.4439,96.6501,93.2495,95.5699
2024-08-30,AGG,stock,100.51,100.64,100.22,100.25,7213235,2024-08-30,2024-08-30,57.5695,96.5928,93.2099,95.5036
2024-08-29,AGG,stock,100.45,100.55,100.3506,100.49,6912660,2024-08-29,2024-08-29,61.8064,96.5723,93.1739,95.4513
2024-08-28,AGG,stock,100.71,100.77,100.6,100.62,6960499,2024-08-28,2024-08-28,64.1823,96.5254,93.1353,95.3873
2024-08-27,AGG,stock,100.48,100.74,100.43,100.71,7965500,2024-08-27,2024-08-27,65.8086,96.4602,93.0950,95.3156
2024-08-26,AGG,stock,100.92,100.92,100.66,100.68,6653194,2024-08-26,2024-08-26,65.5383,96.3791,93.0534,95.2374
2024-08-23,AGG,stock,100.52,100.81,100.43,100.77,6179548,2024-08-23,2024-08-23,67.0140,96.2924,93.0117,95.1572
2024-08-22,AGG,stock,100.54,100.565,100.23,100.31,7893691,2024-08-22,2024-08-22,63.0672,96.1875,92.9687,95.0702
2024-08-21,AGG,stock,100.61,100.9,100.43,100.72,6366682,2024-08-21,2024-08-21,69.9989,96.1183,92.9298,94.9977
2024-08-20,AGG,stock,100.41,100.56,100.33,100.53,5516765,2024-08-20,2024-08-20,68.5096,96.0002,92.8864,94.9062
2024-08-19,AGG,stock,100.07,100.3374,100.04,100.23,4690310,2024-08-19,2024-08-19,66.0376,95.8889,92.8445,94.8184
2024-08-16,AGG,stock,100.03,100.12,99.85,100.12,6507875,2024-08-16,2024-08-16,65.1050,95.7964,92.8051,94.7388
2024-08-15,AGG,stock,99.7,99.9,99.65,99.88,8628478,2024-08-15,2024-08-15,63.0492,95.7054,92.7663,94.6604
2024-08-14,AGG,stock,100.15,100.4,100.14,100.3,9871619,2024-08-14,2024-08-14,69.7241,95.6291,92.7295,94.5881
2024-08-13,AGG,stock,100.04,100.12,99.93,100.12,3925473,2024-08-13,2024-08-13,68.3925,95.5022,92.6883,94.4964
2024-08-12,AGG,stock,99.47,99.78,99.41,99.72,7300711,2024-08-12,2024-08-12,65.2373,95.3801,92.6483,94.4081
2024-08-09,AGG,stock,99.64,99.7,99.48,99.55,3879241,2024-08-09,2024-08-09,63.8117,95.2859,92.6119,94.3318
2024-08-08,AGG,stock,99.11,99.28,99.07,99.2,5558079,2024-08-08,2024-08-08,60.7332,95.1991,92.5767,94.2592
2024-08-07,AGG,stock,99.51,99.6142,99.24,99.35,8085207,2024-08-07,2024-08-07,62.8613,95.1386,92.5446,94.1974
2024-08-06,AGG,stock,100.14,100.155,99.625,99.65,10945179,2024-08-06,2024-08-06,67.2368,95.0566,92.5107,94.1272
2024-08-05,AGG,stock,100.82,100.89,100.0205,100.25,12066084,2024-08-05,2024-08-05,77.2186,94.9354,92.4735,94.0423
2024-08-02,AGG,stock,99.88,100.37,99.8,100.33,9397607,2024-08-02,2024-08-02,78.6645,94.7405,92.4302,93.9302
2024-08-01,AGG,stock,99.01,99.32,99.005,99.22,9642741,2024-08-01,2024-08-01,71.8808,94.5170,92.3856,93.8105
2024-07-31,AGG,stock,98.81,99.12,98.6493,99.11,11725122,2024-07-31,2024-07-31,68.4156,94.3827,92.3514,93.7296
2024-07-30,AGG,stock,98.52,98.64,98.38,98.58,5845841,2024-07-30,2024-07-30,62.9906,94.2762,92.3208,93.6616
2024-07-29,AGG,stock,98.54,98.54,98.37,98.48,6822624,2024-07-29,2024-07-29,61.8424,94.2122,92.2950,93.6117
2024-07-26,AGG,stock,98.29,98.3574,98.18,98.32,4243795,2024-07-26,2024-07-26,59.9984,94.1516,92.2700,93.5637
2024-07-25,AGG,stock,97.84,98.135,97.82,97.97,12766232,2024-07-25,2024-07-25,55.6446,94.1008,92.2462,93.5201
2024-07-24,AGG,stock,97.82,98.19,97.7,97.7,6578527,2024-07-24,2024-07-24,51.8939,94.0802,92.2256,93.4883
2024-07-23,AGG,stock,98.095,98.18,97.98,98,7225976,2024-07-23,2024-07-23,56.8541,94.0847,92.2074,93.4659
2024-07-22,AGG,stock,98.12,98.2,97.8625,98.01,11657644,2024-07-22,2024-07-22,57.0228,94.0593,92.1861,93.4308
2024-07-19,AGG,stock,98.04,98.0969,97.97,98.05,7735774,2024-07-19,2024-07-19,57.6582,94.0302,92.1645,93.3939
2024-07-18,AGG,stock,98.37,98.56,98.21,98.25,10584197,2024-07-18,2024-07-18,60.8043,93.9940,92.1423,93.3539
2024-07-17,AGG,stock,98.26,98.57,98.23,98.52,5680415,2024-07-17,2024-07-17,65.2687,93.9338,92.1179,93.3044
2024-07-16,AGG,stock,98.18,98.45,98.14,98.45,8936096,2024-07-16,2024-07-16,64.6437,93.8398,92.0907,93.2423
2024-07-15,AGG,stock,98.15,98.28,98.025,98.05,6984734,2024-07-15,2024-07-15,60.9117,93.7431,92.0639,93.1804
2024-07-12,AGG,stock,98.17,98.39,98.1302,98.39,6329054,2024-07-12,2024-07-12,66.4477,93.6766,92.0407,93.1317
2024-07-11,AGG,stock,98.18,98.31,98.09,98.12,3790200,2024-07-11,2024-07-11,64.0375,93.5688,92.0139,93.0676
2024-07-10,AGG,stock,97.61,97.67,97.485,97.62,4586211,2024-07-10,2024-07-10,58.9694,93.4769,91.9895,93.0115
2024-07-09,AGG,stock,97.51,97.605,97.34,97.52,5004874,2024-07-09,2024-07-09,57.8666,93.4260,91.9697,92.9728
2024-07-08,AGG,stock,97.59,97.65,97.45,97.61,4603072,2024-07-08,2024-07-08,59.1962,93.3800,91.9507,92.9364
2024-07-05,AGG,stock,97.45,97.63,97.305,97.58,3490062,2024-07-05,2024-07-05,58.9040,93.3199,91.9306,92.8950
2024-07-03,AGG,stock,96.8,97.165,96.77,97.09,4061079,2024-07-03,2024-07-03,53.8954,93.2566,91.9106,92.8531
2024-07-02,AGG,stock,96.64,96.6702,96.441,96.57,5441965,2024-07-02,2024-07-02,47.6025,93.2362,91.8951,92.8288
2024-07-01,AGG,stock,96.43,96.66,96.22,96.25,12239104,2024-07-01,2024-07-01,43.1701,93.2664,91.8845,92.8239
2024-06-28,AGG,stock,97.77,97.795,97.07,97.07,12781548,2024-06-28,2024-06-28,49.4520,93.3321,91.8769,92.8313
2024-06-27,AGG,stock,97.56,97.67,97.535,97.55,5276457,2024-06-27,2024-06-27,56.5126,93.3524,91.8642,92.8187
2024-06-26,AGG,stock,97.43,97.49,97.37,97.39,4964125,2024-06-26,2024-06-26,54.5019,93.3263,91.8468,92.7868
2024-06-25,AGG,stock,97.78,97.88,97.7118,97.83,5701669,2024-06-25,2024-06-25,61.7983,93.3136,91.8307,92.7599
2024-06-24,AGG,stock,97.82,97.86,97.72,97.84,5017272,2024-06-24,2024-06-24,61.9734,93.2552,91.8102,92.7146
2024-06-21,AGG,stock,97.89,97.98,97.645,97.76,4715500,2024-06-21,2024-06-21,61.1559,93.1896,91.7894,92.6671
2024-06-20,AGG,stock,97.55,97.77,97.515,97.75,5621633,2024-06-20,2024-06-20,61.0587,93.1252,91.7692,92.6208
2024-06-18,AGG,stock,97.7,98.04,97.6754,97.92,7030650,2024-06-18,2024-06-18,63.5691,93.0550,91.7489,92.5730
2024-06-17,AGG,stock,97.57,97.6,97.445,97.57,5265075,2024-06-17,2024-06-17,60.4613,92.9602,91.7267,92.5166
2024-06-14,AGG,stock,97.85,98.045,97.85,97.92,6239526,2024-06-14,2024-06-14,65.6628,92.8908,91.7077,92.4716
2024-06-13,AGG,stock,97.7,97.93,97.58,97.82,7094817,2024-06-13,2024-06-13,64.8607,92.7788,91.6851,92.4110
2024-06-12,AGG,stock,97.6,97.8116,97.31,97.33,7627065,2024-06-12,2024-06-12,60.6822,92.6650,91.6632,92.3519
2024-06-11,AGG,stock,96.64,96.93,96.56,96.87,4650303,2024-06-11,2024-06-11,56.1352,92.5888,91.6459,92.3096
2024-06-10,AGG,stock,96.52,96.5875,96.4301,96.54,8235950,2024-06-10,2024-06-10,52.4738,92.5510,91.6328,92.2835
2024-06-07,AGG,stock,96.82,96.82,96.62,96.62,5364971,2024-06-07,2024-06-07,53.4787,92.5426,91.6228,92.2693
2024-06-06,AGG,stock,97.31,97.5,97.31,97.48,6568939,2024-06-06,2024-06-06,66.1170,92.5252,91.6119,92.2514
2024-06-05,AGG,stock,97.29,97.45,97.04,97.45,4602541,2024-06-05,2024-06-05,65.8556,92.4191,91.5925,92.1991
2024-06-04,AGG,stock,97,97.24,96.94,97.15,3979112,2024-06-04,2024-06-04,63.2211,92.3049,91.5733,92.1459
2024-06-03,AGG,stock,96.4,96.8,96.38,96.8,6095674,2024-06-03,2024-06-03,59.8665,92.2090,91.5568,92.1022
2024-05-31,AGG,stock,96.46,96.5886,96.41,96.52,8762935,2024-05-31,2024-05-31,53.3139,92.1383,91.5435,92.0704
2024-05-30,AGG,stock,96.08,96.23,96.02,96.21,5568856,2024-05-30,2024-05-30,49.2112,92.1187,91.5357,92.0600
2024-05-29,AGG,stock,95.91,95.93,95.6317,95.76,8249084,2024-05-29,2024-05-29,42.3867,92.1283,91.5307,92.0614
2024-05-28,AGG,stock,96.67,96.69,96.12,96.13,6046075,2024-05-28,2024-05-28,47.2323,92.1843,91.5301,92.0803
2024-05-24,AGG,stock,96.43,96.62,96.39,96.58,3072140,2024-05-24,2024-05-24,54.2342,92.2088,91.5258,92.0856
2024-05-23,AGG,stock,96.83,96.83,96.37,96.47,5094928,2024-05-23,2024-05-23,52.6406,92.1906,91.5172,92.0735
2024-05-22,AGG,stock,96.66,96.8899,96.65,96.74,3823632,2024-05-22,2024-05-22,57.1786,92.1816,91.5096,92.0652
2024-05-21,AGG,stock,96.92,96.945,96.83,96.86,5227948,2024-05-21,2024-05-21,59.2879,92.1445,91.4993,92.0461
2024-05-20,AGG,stock,96.71,96.76,96.665,96.68,5262987,2024-05-20,2024-05-20,57.0827,92.0913,91.4877,92.0215
2024-05-17,AGG,stock,96.92,96.9986,96.77,96.77,5267144,2024-05-17,2024-05-17,58.5553,92.0507,91.4778,92.0029
2024-05-16,AGG,stock,97.23,97.27,97.01,97.08,7894451,2024-05-16,2024-05-16,63.8211,91.9968,91.4669,91.9800
2024-05-15,AGG,stock,97.11,97.28,96.9801,97.19,5846511,2024-05-15,2024-05-15,65.7699,91.9060,91.4529,91.9441
2024-05-14,AGG,stock,96.5,96.64,96.42,96.55,5243275,2024-05-14,2024-05-14,59.0072,91.7945,91.4377,91.9024
2024-05-13,AGG,stock,96.44,96.4674,96.28,96.29,5263260,2024-05-13,2024-05-13,55.7061,91.7357,91.4285,91.8841
2024-05-10,AGG,stock,96.26,96.325,96.16,96.24,5326446,2024-05-10,2024-05-10,55.0598,91.6970,91.4217,91.8751
2024-05-09,AGG,stock,96.2,96.53,96.19,96.44,6732586,2024-05-09,2024-05-09,58.2146,91.6592,91.4153,91.8677
2024-05-08,AGG,stock,96.25,96.3453,96.2318,96.26,4587251,2024-05-08,2024-05-08,56.1131,91.5972,91.4070,91.8522
2024-05-07,AGG,stock,96.53,96.67,96.38,96.46,7686999,2024-05-07,2024-05-07,59.1841,91.5469,91.4003,91.8431
2024-05-06,AGG,stock,96.21,96.33,96.15,96.26,10155471,2024-05-06,2024-05-06,56.9988,91.4711,91.3916,91.8258
2024-05-03,AGG,stock,96.32,96.455,95.93,96.19,9146714,2024-05-03,2024-05-03,56.2373,91.4075,91.3847,91.8156
2024-05-02,AGG,stock,95.27,95.73,95.22,95.7,7607332,2024-05-02,2024-05-02,50.5447,91.3443,91.3784,91.8077
2024-05-01,AGG,stock,95.2,95.58,94.99,95.27,11017676,2024-05-01,2024-05-01,44.6810,91.3237,91.3768,91.8187
2024-04-30,AGG,stock,95.32,95.5,95.15,95.23,11228466,2024-04-30,2024-04-30,39.5122,91.3443,91.3793,91.8468
2024-04-29,AGG,stock,95.6,95.67,95.45,95.62,7384591,2024-04-29,2024-04-29,43.9549,91.4006,91.3850,91.8892
2024-04-26,AGG,stock,95.32,95.4698,95.3,95.33,8442514,2024-04-26,2024-04-26,39.2375,91.4237,91.3871,91.9181
2024-04-25,AGG,stock,94.94,95.14,94.85,95.12,6758125,2024-04-25,2024-04-25,35.5922,91.4784,91.3919,91.9595
2024-04-24,AGG,stock,95.38,95.465,95.2001,95.39,7960989,2024-04-24,2024-04-24,38.3382,91.5599,91.3988,92.0107
2024-04-23,AGG,stock,95.38,95.84,95.3,95.64,10837186,2024-04-23,2024-04-23,41.0619,91.6228,91.4032,92.0535
2024-04-22,AGG,stock,95.33,95.525,95.32,95.44,9029044,2024-04-22,2024-04-22,37.7780,91.6673,91.4053,92.0884
2024-04-19,AGG,stock,95.53,95.55,95.33,95.38,9121718,2024-04-19,2024-04-19,36.7971,91.7366,91.4092,92.1324
2024-04-18,AGG,stock,95.55,95.57,95.2201,95.28,7717474,2024-04-18,2024-04-18,35.2164,91.8191,91.4138,92.1806
2024-04-17,AGG,stock,95.4,95.61,95.25,95.55,7567782,2024-04-17,2024-04-17,37.5723,91.9204,91.4194,92.2346
2024-04-16,AGG,stock,95.01,95.175,94.9,95.11,17565923,2024-04-16,2024-04-16,30.5408,92.0053,91.4225,92.2803
2024-04-15,AGG,stock,95.47,95.53,95.205,95.38,11705252,2024-04-15,2024-04-15,32.6353,92.1432,91.4298,92.3450
2024-04-12,AGG,stock,96.08,96.1963,95.96,95.96,17284702,2024-04-12,2024-04-12,37.8073,92.2686,91.4346,92.4019
2024-04-11,AGG,stock,95.98,96.025,95.59,95.78,16217807,2024-04-11,2024-04-11,34.8311,92.3490,91.4339,92.4385
2024-04-10,AGG,stock,96.22,96.27,95.74,95.76,11248929,2024-04-10,2024-04-10,34.5077,92.4559,91.4349,92.4836
2024-04-09,AGG,stock,96.83,96.98,96.83,96.92,5731034,2024-04-09,2024-04-09,47.0924,92.5760,91.4361,92.5313
2024-04-08,AGG,stock,96.56,96.7,96.5,96.59,11201081,2024-04-08,2024-04-08,41.4520,92.5923,91.4262,92.5358
2024-04-05,AGG,stock,96.76,96.995,96.675,96.68,12277742,2024-04-05,2024-04-05,42.6022,92.6435,91.4194,92.5534
2024-04-04,AGG,stock,97.11,97.17,96.92,97.16,9255643,2024-04-04,2024-04-04,49.3891,92.6911,91.4116,92.5681
2024-04-03,AGG,stock,96.58,96.95,96.485,96.93,6918211,2024-04-03,2024-04-03,45.5279,92.6955,91.3992,92.5648
2024-04-02,AGG,stock,96.66,96.89,96.54,96.87,10547678,2024-04-02,2024-04-02,44.5023,92.7234,91.3888,92.5703
2024-04-01,AGG,stock,97.32,97.34,96.89,96.94,8628676,2024-04-01,2024-04-01,45.4290,92.7603,91.3789,92.5783
2024-03-28,AGG,stock,97.93,98.08,97.85,97.94,8863332,2024-03-28,2024-03-28,56.4655,92.7940,91.3683,92.5840
2024-03-27,AGG,stock,97.8,98.075,97.79,98.06,9366825,2024-03-27,2024-03-27,58.7045,92.7603,91.3507,92.5624
2024-03-26,AGG,stock,97.66,97.76,97.52,97.74,8830456,2024-03-26,2024-03-26,54.2084,92.7110,91.3319,92.5352
2024-03-25,AGG,stock,97.76,97.76,97.57,97.64,11037736,2024-03-25,2024-03-25,52.7144,92.6885,91.3158,92.5193
2024-03-22,AGG,stock,97.91,97.91,97.74,97.82,8359208,2024-03-22,2024-03-22,55.7547,92.6737,91.3006,92.5066
2024-03-21,AGG,stock,97.62,97.68,97.41,97.51,10100253,2024-03-21,2024-03-21,51.2591,92.6393,91.2836,92.4865
2024-03-20,AGG,stock,97.29,97.63,97.13,97.44,8681408,2024-03-20,2024-03-20,50.1981,92.6323,91.2693,92.4775
2024-03-19,AGG,stock,97.15,97.3391,97.105,97.24,5076659,2024-03-19,2024-03-19,47.1456,92.6315,91.2555,92.4709
2024-03-18,AGG,stock,97.07,97.12,96.92,97,5227228,2024-03-18,2024-03-18,43.2712,92.6507,91.2435,92.4718
2024-03-15,AGG,stock,97.15,97.195,97.02,97.1,5756900,2024-03-15,2024-03-15,44.5343,92.6960,91.2337,92.4820
2024-03-14,AGG,stock,97.48,97.48,97.1,97.11,10540886,2024-03-14,2024-03-14,44.6553,92.7360,91.2228,92.4888
2024-03-13,AGG,stock,97.82,97.93,97.73,97.73,5846630,2024-03-13,2024-03-13,52.9385,92.7792,91.2117,92.4955
2024-03-12,AGG,stock,98.02,98.04,97.8,97.91,7470976,2024-03-12,2024-03-12,55.7251,92.7649,91.1946,92.4784
2024-03-11,AGG,stock,98.28,98.31,98.09,98.16,11348181,2024-03-11,2024-03-11,59.7836,92.7311,91.1756,92.4536
2024-03-08,AGG,stock,98.34,98.405,98.19,98.27,7168723,2024-03-08,2024-03-08,61.6171,92.6687,91.1540,92.4181
2024-03-07,AGG,stock,98.22,98.24,97.97,98.18,7726663,2024-03-07,2024-03-07,60.7014,92.5888,91.1311,92.3768
2024-03-06,AGG,stock,97.95,98.1601,97.91,97.97,16536204,2024-03-06,2024-03-06,58.5594,92.5094,91.1089,92.3374
2024-03-05,AGG,stock,97.69,97.92,97.6,97.82,6815524,2024-03-05,2024-03-05,57.0050,92.4427,91.0885,92.3045
2024-03-04,AGG,stock,97.26,97.3801,97.23,97.29,7428243,2024-03-04,2024-03-04,50.9715,92.3840,91.0693,92.2761
2024-03-01,AGG,stock,96.99,97.55,96.81,97.53,8994931,2024-03-01,2024-03-01,54.1678,92.3722,91.0549,92.2671
2024-02-29,AGG,stock,97.38,97.555,97.29,97.35,16774092,2024-02-29,2024-02-29,48.3418,92.3351,91.0381,92.2484
2024-02-28,AGG,stock,97.07,97.23,97.0133,97.19,7942456,2024-02-28,2024-02-28,46.1608,92.3406,91.0256,92.2470
2024-02-27,AGG,stock,97.1,97.215,96.94,97,9065486,2024-02-27,2024-02-27,43.5320,92.3626,91.0145,92.2517
2024-02-26,AGG,stock,97.34,97.35,96.97,97.13,9374597,2024-02-26,2024-02-26,44.9257,92.4059,91.0051,92.2640
2024-02-23,AGG,stock,96.99,97.39,96.99,97.34,7738039,2024-02-23,2024-02-23,47.1920,92.4408,90.9943,92.2718
2024-02-22,AGG,stock,96.93,97.09,96.84,96.98,7538284,2024-02-22,2024-02-22,42.5812,92.4585,90.9815,92.2717
2024-02-21,AGG,stock,97.28,97.28,96.8653,96.9,7785144,2024-02-21,2024-02-21,41.5277,92.5139,90.9719,92.2856
2024-02-20,AGG,stock,97.23,97.3575,97.16,97.19,8735680,2024-02-20,2024-02-20,44.2612,92.5831,90.9631,92.3031
2024-02-16,AGG,stock,96.95,97.1,96.895,97.1,7723697,2024-02-16,2024-02-16,43.1834,92.6307,90.9513,92.3101
2024-02-15,AGG,stock,97.49,97.55,97.2301,97.41,7194549,2024-02-15,2024-02-15,46.0301,92.6923,90.9403,92.3209
2024-02-14,AGG,stock,96.84,97.215,96.84,97.18,8776901,2024-02-14,2024-02-14,43.4625,92.7294,90.9262,92.3201
2024-02-13,AGG,stock,97.04,97.095,96.75,96.75,15872616,2024-02-13,2024-02-13,38.3724,92.7933,90.9142,92.3282
2024-02-12,AGG,stock,97.7,97.745,97.52,97.65,5696254,2024-02-12,2024-02-12,46.5106,92.9070,90.9062,92.3533
2024-02-09,AGG,stock,97.54,97.63,97.495,97.63,7120463,2024-02-09,2024-02-09,46.2754,92.9427,90.8895,92.3446
2024-02-08,AGG,stock,97.78,97.84,97.62,97.66,12446860,2024-02-08,2024-02-08,46.5605,92.9842,90.8728,92.3362
2024-02-07,AGG,stock,97.99,98.28,97.94,97.96,8785226,2024-02-07,2024-02-07,49.3854,93.0271,90.8557,92.3264
2024-02-06,AGG,stock,97.79,98.2,97.775,98.16,6608583,2024-02-06,2024-02-06,51.3126,93.0446,90.8356,92.3046
2024-02-05,AGG,stock,97.89,97.91,97.56,97.65,7656888,2024-02-05,2024-02-05,46.3557,93.0440,90.8133,92.2742
2024-02-02,AGG,stock,98.49,98.62,98.2616,98.46,8422612,2024-02-02,2024-02-02,54.5457,93.0942,90.7957,92.2622
2024-02-01,AGG,stock,99.2,99.565,99.02,99.37,11937364,2024-02-01,2024-02-01,66.8709,93.0688,90.7701,92.2184
2024-01-31,AGG,stock,99,99.26,98.81,99.1,10829125,2024-01-31,2024-01-31,61.9426,92.9500,90.7357,92.1376
2024-01-30,AGG,stock,98.64,98.69,98.29,98.65,6740125,2024-01-30,2024-01-30,57.2219,92.8747,90.7063,92.0753
2024-01-29,AGG,stock,98.3,98.53,98.1918,98.46,6423562,2024-01-29,2024-01-29,55.0352,92.8363,90.6808,92.0277
2024-01-26,AGG,stock,98.2,98.2,97.984,98.07,5022843,2024-01-26,2024-01-26,50.1813,92.8127,90.6569,91.9856
2024-01-25,AGG,stock,98.01,98.2,97.96,98.18,16521614,2024-01-25,2024-01-25,51.6413,92.8254,90.6364,91.9568
2024-01-24,AGG,stock,98.29,98.33,97.7,97.74,11243579,2024-01-24,2024-01-24,45.7821,92.8285,90.6147,91.9225
2024-01-23,AGG,stock,97.99,98,97.82,97.96,5642997,2024-01-23,2024-01-23,48.5110,92.8757,90.5970,91.9039
2024-01-22,AGG,stock,98.26,98.3556,98.1,98.2,8712582,2024-01-22,2024-01-22,51.6284,92.9060,90.5770,91.8759
2024-01-19,AGG,stock,97.89,98.02,97.6714,98.02,9126093,2024-01-19,2024-01-19,49.3622,92.9157,90.5545,91.8376
2024-01-18,AGG,stock,98.16,98.195,97.89,98,10575151,2024-01-18,2024-01-18,49.1162,92.9442,90.5335,91.8047
2024-01-17,AGG,stock,98.16,98.2099,97.94,98.09,8977600,2024-01-17,2024-01-17,50.1337,92.9777,90.5125,91.7712
2024-01-16,AGG,stock,98.72,98.85,98.2701,98.36,14489797,2024-01-16,2024-01-16,53.2042,93.0059,90.4904,91.7328
2024-01-12,AGG,stock,99.14,99.36,98.96,99.1,6359407,2024-01-12,2024-01-12,63.0281,93.0101,90.4655,91.6825
2024-01-11,AGG,stock,98.53,98.9599,98.41,98.92,7275940,2024-01-11,2024-01-11,61.4190,92.9411,90.4333,91.6016
2024-01-10,AGG,stock,98.74,98.8,98.36,98.36,7679382,2024-01-10,2024-01-10,55.8708,92.8828,90.4025,91.5243
2024-01-09,AGG,stock,98.39,98.66,98.39,98.55,7157411,2024-01-09,2024-01-09,58.5223,92.8740,90.3768,91.4655
2024-01-08,AGG,stock,98.24,98.71,98.205,98.57,7946495,2024-01-08,2024-01-08,58.7950,92.8455,90.3490,91.3969
2024-01-05,AGG,stock,98.13,98.69,98.0694,98.2,9035370,2024-01-05,2024-01-05,55.2092,92.8119,90.3207,91.3247
2024-01-04,AGG,stock,98.42,98.5499,98.325,98.43,9896688,2024-01-04,2024-01-04,58.1291,92.8116,90.2956,91.2639
2024-01-03,AGG,stock,98.45,98.9367,98.3114,98.83,10002137,2024-01-03,2024-01-03,63.5575,92.7884,90.2681,91.1918
2024-01-02,AGG,stock,98.84,98.97,98.725,98.78,9754476,2024-01-02,2024-01-02,63.1582,92.7230,90.2365,91.1012
2023-12-29,AGG,stock,99.2,99.425,99.13,99.25,7327825,2023-12-29,2023-12-29,69.8381,92.6556,90.2051,91.0089
2023-12-28,AGG,stock,99.54,99.65,99.3127,99.44,7172285,2023-12-28,2023-12-28,72.7255,92.5344,90.1689,90.8947
2023-12-27,AGG,stock,99.4,99.7,99.3127,99.66,6917319,2023-12-27,2023-12-27,76.1086,92.3816,90.1305,90.7685
2023-12-26,AGG,stock,98.93,99.08,98.89,99.03,5418487,2023-12-26,2023-12-26,72.7361,92.1907,90.0897,90.6287
2023-12-22,AGG,stock,99.13,99.135,98.805,98.83,13234679,2023-12-22,2023-12-22,71.5523,92.0425,90.0544,90.5074
2023-12-21,AGG,stock,99.22,99.255,98.83,98.96,9099118,2023-12-21,2023-12-21,73.4779,91.8985,90.0207,90.3889
2023-12-20,AGG,stock,98.87,99.04,98.69,98.97,9994103,2023-12-20,2023-12-20,73.6194,91.7265,89.9854,90.2606
2023-12-19,AGG,stock,98.63,98.777,98.59,98.61,10921048,2023-12-19,2023-12-19,71.8041,91.5353,89.9496,90.1267
2023-12-18,AGG,stock,98.58,98.58,98.42,98.49,11521007,2023-12-18,2023-12-18,71.1904,91.3598,89.9170,90.0011
2023-12-15,AGG,stock,98.8,98.88,98.59,98.69,10079311,2023-12-15,2023-12-15,73.6718,91.1779,89.8851,89.8751
2023-12-14,AGG,stock,98.68,99.04,98.6102,98.92,12651257,2023-12-14,2023-12-14,76.5198,90.9568,89.8510,89.7362
2023-12-13,AGG,stock,97.39,98.45,97.3299,98.41,11194420,2023-12-13,2023-12-13,73.2171,90.6896,89.8144,89.5828
2023-12-12,AGG,stock,96.94,97.19,96.8213,97.19,11711463,2023-12-12,2023-12-12,66.4750,90.4729,89.7849,89.4536
2023-12-11,AGG,stock,96.8,96.95,96.6,96.9,15008723,2023-12-11,2023-12-11,64.5026,90.3544,89.7666,89.3660
2023-12-08,AGG,stock,96.99,97.065,96.7217,96.89,6696783,2023-12-08,2023-12-08,64.4356,90.2522,89.7510,89.2861
2023-12-07,AGG,stock,97.22,97.56,97.22,97.38,7157947,2023-12-07,2023-12-07,70.4889,90.1403,89.7352,89.2032
2023-12-06,AGG,stock,97.24,97.49,97.15,97.35,11111209,2023-12-06,2023-12-06,70.3304,89.9679,89.7147,89.0981
2023-12-05,AGG,stock,96.85,97.145,96.785,97.1,8850641,2023-12-05,2023-12-05,69.0442,89.7804,89.6943,88.9899
2023-12-04,AGG,stock,96.58,96.6678,96.3135,96.46,9440199,2023-12-04,2023-12-04,65.4878,89.5979,89.6760,88.8869
2023-12-01,AGG,stock,96,96.869,95.97,96.83,11774334,2023-12-01,2023-12-01,69.7923,89.4598,89.6636,88.8043
2023-11-30,AGG,stock,96.38,96.41,96.13,96.26,8889239,2023-11-30,2023-11-30,64.9248,89.2703,89.6475,88.7041
2023-11-29,AGG,stock,96.42,96.665,96.3414,96.58,8006828,2023-11-29,2023-11-29,68.8312,89.1444,89.6393,88.6322
2023-11-28,AGG,stock,95.61,96.13,95.565,96.11,9749395,2023-11-28,2023-11-28,66.0448,88.9736,89.6280,88.5450
2023-11-27,AGG,stock,95.36,95.72,95.33,95.69,8854641,2023-11-27,2023-11-27,63.3242,88.8313,89.6210,88.4724
2023-11-24,AGG,stock,95.24,95.3158,95.12,95.15,2944257,2023-11-24,2023-11-24,59.4447,88.7156,89.6179,88.4128
2023-11-22,AGG,stock,95.68,95.75,95.37,95.59,6329863,2023-11-22,2023-11-22,64.6161,88.6411,89.6198,88.3716
2023-11-21,AGG,stock,95.45,95.5699,95.28,95.5,7393840,2023-11-21,2023-11-21,64.0216,88.5153,89.6176,88.3118
2023-11-20,AGG,stock,95.07,95.42,95.07,95.4,10051654,2023-11-20,2023-11-20,63.3870,88.3851,89.6163,88.2530
2023-11-17,AGG,stock,95.21,95.36,95.025,95.25,9244042,2023-11-17,2023-11-17,62.4647,88.2510,89.6159,88.1957
2023-11-16,AGG,stock,94.85,95.1979,94.85,95.06,10145390,2023-11-16,2023-11-16,61.3187,88.1178,89.6168,88.1417
2023-11-15,AGG,stock,94.7,94.715,94.455,94.54,10956776,2023-11-15,2023-11-15,58.0649,87.9892,89.6196,88.0929
2023-11-14,AGG,stock,95.03,95.2,94.93,95.13,12149610,2023-11-14,2023-11-14,63.7113,87.8986,89.6274,88.0620
2023-11-13,AGG,stock,93.64,93.97,93.53,93.95,9679644,2023-11-13,2023-11-13,55.7134,87.7401,89.6296,88.0072
2023-11-10,AGG,stock,94.19,94.215,93.88,93.96,6101956,2023-11-10,2023-11-10,55.8102,87.6817,89.6430,87.9954
2023-11-09,AGG,stock,94.42,94.44,93.73,93.74,9163165,2023-11-09,2023-11-09,54.1840,87.6161,89.6565,87.9828
2023-11-08,AGG,stock,94.27,94.6154,94.25,94.53,6932255,2023-11-08,2023-11-08,61.7623,87.5653,89.6721,87.9781
2023-11-07,AGG,stock,93.94,94.36,93.91,94.21,7306930,2023-11-07,2023-11-07,59.6391,87.4311,89.6805,87.9429
2023-11-06,AGG,stock,93.93,93.99,93.634,93.71,8521632,2023-11-06,2023-11-06,56.1025,87.3144,89.6920,87.9185
2023-11-03,AGG,stock,94.54,94.685,94.14,94.18,11890348,2023-11-03,2023-11-03,60.7488,87.2349,89.7083,87.9123
2023-11-02,AGG,stock,93.68,93.76,93.37,93.61,11166742,2023-11-02,2023-11-02,56.7115,87.1005,89.7203,87.8879
2023-11-01,AGG,stock,92.23,93.05,92.23,93.05,14404642,2023-11-01,2023-11-01,52.2290,87.0083,89.7378,87.8843
2023-10-31,AGG,stock,92.45,92.63,92.31,92.31,12343606,2023-10-31,2023-10-31,42.1635,86.9619,89.7608,87.9020
2023-10-30,AGG,stock,92.29,92.505,92.1523,92.37,8166711,2023-10-30,2023-10-30,42.6561,87.0108,89.7936,87.9593
2023-10-27,AGG,stock,92.56,92.6405,92.37,92.59,7650175,2023-10-27,2023-10-27,44.4231,87.0590,89.8262,88.0167
2023-10-26,AGG,stock,92.12,92.64,92.105,92.62,11574571,2023-10-26,2023-10-26,44.6573,87.0905,89.8570,88.0681
2023-10-25,AGG,stock,92.33,92.35,91.92,92,8904428,2023-10-25,2023-10-25,38.4267,87.1224,89.8879,88.1203
2023-10-24,AGG,stock,92.43,92.69,92.28,92.69,9165301,2023-10-24,2023-10-24,43.4860,87.2188,89.9249,88.1984
2023-10-23,AGG,stock,91.7,92.5,91.5819,92.36,12886000,2023-10-23,2023-10-23,39.9764,87.2573,89.9557,88.2533
2023-10-20,AGG,stock,91.94,92.135,91.9006,92,6630026,2023-10-20,2023-10-20,35.9469,87.3324,89.9900,88.3231
2023-10-19,AGG,stock,91.89,92.165,91.61,91.67,11552719,2023-10-19,2023-10-19,32.0650,87.4509,90.0280,88.4095
2023-10-18,AGG,stock,92.29,92.375,91.94,92.02,9352743,2023-10-18,2023-10-18,34.1003,87.6144,90.0696,88.5120
2023-10-17,AGG,stock,92.51,92.6873,92.35,92.45,8198418,2023-10-17,2023-10-17,36.7624,87.7607,90.1082,88.6054
2023-10-16,AGG,stock,93.32,93.405,93.1,93.12,6332779,2023-10-16,2023-10-16,41.4435,87.8799,90.1432,88.6861
2023-10-13,AGG,stock,93.68,93.79,93.5234,93.64,7516133,2023-10-13,2023-10-13,45.6308,87.9455,90.1722,88.7444
2023-10-12,AGG,stock,93.87,93.91,93.17,93.24,11189794,2023-10-12,2023-10-12,41.4018,87.9668,90.1966,88.7853
2023-10-11,AGG,stock,93.94,94.05,93.76,94.05,15347037,2023-10-11,2023-10-11,48.4946,88.0298,90.2250,88.8431
2023-10-10,AGG,stock,93.39,93.805,93.255,93.62,14553560,2023-10-10,2023-10-10,43.7438,88.0195,90.2461,88.8723
2023-10-09,AGG,stock,93.22,93.72,93.15,93.71,4353218,2023-10-09,2023-10-09,44.5423,88.0506,90.2714,88.9192
2023-10-06,AGG,stock,92.46,92.98,92.3708,92.75,9569518,2023-10-06,2023-10-06,32.3023,88.0760,90.2962,88.9645
2023-10-05,AGG,stock,93.17,93.22,92.99,93.11,7129439,2023-10-05,2023-10-05,34.9915,88.1988,90.3302,89.0484
2023-10-04,AGG,stock,92.77,93.05,92.55,93.05,14097771,2023-10-04,2023-10-04,34.1430,88.2990,90.3612,89.1219
2023-10-03,AGG,stock,92.99,93.086,92.3745,92.4,12058369,2023-10-03,2023-10-03,24.1889,88.4157,90.3931,89.2008
2023-10-02,AGG,stock,93.43,93.51,93.1,93.13,8880050,2023-10-02,2023-10-02,28.7151,88.6088,90.4314,89.3077
2023-09-29,AGG,stock,94.5,94.565,93.97,94.04,13483638,2023-09-29,2023-09-29,33.9794,88.7502,90.4632,89.3910
2023-09-28,AGG,stock,93.7,94.16,93.5299,94.13,13334180,2023-09-28,2023-09-28,34.7962,88.8423,90.4892,89.4529
2023-09-27,AGG,stock,94.47,94.5122,93.6562,93.85,14560455,2023-09-27,2023-09-27,29.9304,88.9352,90.5146,89.5139
2023-09-26,AGG,stock,94.47,94.505,94.15,94.18,15549166,2023-09-26,2023-09-26,32.5922,89.0655,90.5430,89.5880
2023-09-25,AGG,stock,94.49,94.6175,94.285,94.3,7485203,2023-09-25,2023-09-25,33.6012,89.1770,90.5684,89.6526
2023-09-22,AGG,stock,94.78,95.09,94.73,95.05,7294228,2023-09-22,2023-09-22,40.9604,89.2884,90.5931,89.7152
2023-09-21,AGG,stock,94.8,94.8059,94.64,94.65,8028921,2023-09-21,2023-09-21,33.7775,89.3378,90.6109,89.7518
2023-09-20,AGG,stock,95.57,95.6981,95.3,95.3,6282734,2023-09-20,2023-09-20,41.3727,89.4318,90.6327,89.8051
2023-09-19,AGG,stock,95.54,95.59,95.35,95.35,5327873,2023-09-19,2023-09-19,42.0481,89.4717,90.6485,89.8358
2023-09-18,AGG,stock,95.37,95.6399,95.36,95.63,6066168,2023-09-18,2023-09-18,45.9483,89.5109,90.6641,89.8658
2023-09-15,AGG,stock,95.64,95.695,95.48,95.49,5667690,2023-09-15,2023-09-15,43.5158,89.5266,90.6772,89.8864
2023-09-14,AGG,stock,95.96,95.975,95.6801,95.71,5952843,2023-09-14,2023-09-14,46.5743,89.5578,90.6918,89.9132
2023-09-13,AGG,stock,95.61,95.95,95.59,95.84,5953577,2023-09-13,2023-09-13,48.4424,89.5707,90.7044,89.9327
2023-09-12,AGG,stock,95.71,95.73,95.5743,95.7,4583413,2023-09-12,2023-09-12,46.2880,89.5721,90.7159,89.9480
2023-09-11,AGG,stock,95.66,95.73,95.57,95.67,4077173,2023-09-11,2023-09-11,45.8376,89.5874,90.7289,89.9693
2023-09-08,AGG,stock,95.93,96.02,95.76,95.78,4774309,2023-09-08,2023-09-08,47.1846,89.6073,90.7422,89.9926
2023-09-07,AGG,stock,95.59,95.74,95.49,95.73,5077850,2023-09-07,2023-09-07,46.5213,89.6184,90.7547,90.0127
2023-09-06,AGG,stock,95.63,95.64,95.31,95.43,8379217,2023-09-06,2023-09-06,42.4977,89.6357,90.7678,90.0355
2023-09-05,AGG,stock,95.85,95.87,95.52,95.52,6111516,2023-09-05,2023-09-05,43.4075,89.6843,90.7838,90.0706
2023-09-01,AGG,stock,96.54,96.57,95.9825,96.04,8132478,2023-09-01,2023-09-01,49.0399,89.7291,90.7991,90.1038
2023-08-31,AGG,stock,96.78,96.9557,96.715,96.8,7230076,2023-08-31,2023-08-31,55.4397,89.7275,90.8097,90.1184
2023-08-30,AGG,stock,96.78,96.825,96.62,96.66,8752362,2023-08-30,2023-08-30,53.8732,89.6767,90.8158,90.1147
2023-08-29,AGG,stock,95.91,96.71,95.91,96.7,7386310,2023-08-29,2023-08-29,54.3804,89.6344,90.8232,90.1162
2023-08-28,AGG,stock,96.1,96.11,95.925,96.08,6544469,2023-08-28,2023-08-28,47.2299,89.5836,90.8303,90.1161
2023-08-25,AGG,stock,95.82,96.08,95.5957,95.87,7917939,2023-08-25,2023-08-25,44.4935,89.5883,90.8432,90.1397
2023-08-24,AGG,stock,95.99,96.12,95.85,95.93,8247712,2023-08-24,2023-08-24,45.1142,89.6141,90.8583,90.1722
2023-08-23,AGG,stock,95.75,96.15,95.731,96.15,7831606,2023-08-23,2023-08-23,47.3636,89.6368,90.8730,90.2038
2023-08-22,AGG,stock,95.17,95.32,95.06,95.24,6156222,2023-08-22,2023-08-22,34.8951,89.6402,90.8857,90.2283
2023-08-21,AGG,stock,95.255,95.3,95.04,95.14,13362274,2023-08-21,2023-08-21,33.2824,89.7333,90.9071,90.2883
2023-08-18,AGG,stock,95.47,95.7475,95.43,95.62,6154612,2023-08-18,2023-08-18,37.4130,89.8460,90.9297,90.3547
2023-08-17,AGG,stock,95.5,95.5455,95.21,95.41,8162377,2023-08-17,2023-08-17,34.0899,89.9235,90.9480,90.4055
2023-08-16,AGG,stock,95.76,95.93,95.45,95.51,8964587,2023-08-16,2023-08-16,34.9095,90.0297,90.9684,90.4664
2023-08-15,AGG,stock,95.81,96.07,95.74,95.74,6522465,2023-08-15,2023-08-15,36.7990,90.1373,90.9881,90.5259
2023-08-14,AGG,stock,95.98,96.22,95.83,96,7901458,2023-08-14,2023-08-14,39.0157,90.2336,91.0059,90.5791
2023-08-11,AGG,stock,96.12,96.415,96.07,96.07,9016684,2023-08-11,2023-08-11,39.6122,90.3146,91.0214,90.6246
2023-08-10,AGG,stock,97.06,97.22,96.37,96.37,15516098,2023-08-10,2023-08-10,42.1787,90.3972,91.0364,90.6693
2023-08-09,AGG,stock,97.01,97.1199,96.9136,97,5634703,2023-08-09,2023-08-09,48.2781,90.4592,91.0487,90.7044
2023-08-08,AGG,stock,96.94,97.1092,96.835,96.93,6867329,2023-08-08,2023-08-08,47.4947,90.4658,91.0553,90.7170
2023-08-07,AGG,stock,96.64,96.7,96.48,96.7,9732593,2023-08-07,2023-08-07,44.9509,90.4800,91.0625,90.7328
2023-08-04,AGG,stock,96.25,96.75,96.25,96.68,6400359,2023-08-04,2023-08-04,44.7346,90.5182,91.0720,90.7579
2023-08-03,AGG,stock,95.93,96.0181,95.8,95.89,7532793,2023-08-03,2023-08-03,35.4337,90.5625,91.0818,90.7849
2023-08-02,AGG,stock,96.48,96.56,96.23,96.54,8551942,2023-08-02,2023-08-02,40.6621,90.6889,91.0991,90.8430
2023-08-01,AGG,stock,97.01,97.09,96.71,96.77,8810799,2023-08-01,2023-08-01,42.7339,90.7648,91.1105,90.8787
2023-07-31,AGG,stock,97.53,97.8,97.5219,97.68,11079096,2023-07-31,2023-07-31,49.2552,90.8262,91.1198,90.9071
2023-07-28,AGG,stock,97.39,97.59,97.3102,97.56,9233678,2023-07-28,2023-07-28,47.8820,90.8309,91.1232,90.9123
2023-07-27,AGG,stock,97.84,97.93,97.105,97.18,6937871,2023-07-27,2023-07-27,43.3765,90.8478,91.1278,90.9222
2023-07-26,AGG,stock,97.93,98.065,97.68,98.02,5907376,2023-07-26,2023-07-26,52.7341,90.9037,91.1359,90.9469
2023-07-25,AGG,stock,97.58,97.79,97.57,97.7,5794830,2023-07-25,2023-07-25,48.8291,90.8833,91.1363,90.9407
2023-07-24,AGG,stock,98.1,98.155,97.79,97.81,6656685,2023-07-24,2023-07-24,50.1516,90.8920,91.1397,90.9464
2023-07-21,AGG,stock,98.11,98.15,97.94,97.99,7605261,2023-07-21,2023-07-21,52.3043,90.8909,91.1421,90.9482
2023-07-20,AGG,stock,98.06,98.075,97.7344,97.92,12562376,2023-07-20,2023-07-20,51.5533,90.8721,91.1428,90.9433
2023-07-19,AGG,stock,98.35,98.48,98.185,98.43,7467923,2023-07-19,2023-07-19,57.6989,90.8582,91.1442,90.9408
2023-07-18,AGG,stock,98.33,98.41,98.13,98.13,5593380,2023-07-18,2023-07-18,54.7527,90.7928,91.1408,90.9188
2023-07-17,AGG,stock,97.95,98.1,97.85,98.05,4689526,2023-07-17,2023-07-17,53.9586,90.7500,91.1402,90.9073
2023-07-14,AGG,stock,98.23,98.31,97.92,97.94,7208467,2023-07-14,2023-07-14,52.9034,90.7105,91.1404,90.8984
2023-07-13,AGG,stock,98.18,98.44,98.115,98.41,7458509,2023-07-13,2023-07-13,58.1954,90.6776,91.1416,90.8933
2023-07-12,AGG,stock,97.51,97.8499,97.45,97.8,7189081,2023-07-12,2023-07-12,52.4648,90.5952,91.1384,90.8702
2023-07-11,AGG,stock,96.94,97.0999,96.855,97.01,5978640,2023-07-11,2023-07-11,43.0819,90.5638,91.1408,90.8693
2023-07-10,AGG,stock,96.57,96.94,96.55,96.8,8827490,2023-07-10,2023-07-10,40.1667,90.6064,91.1507,90.8983
2023-07-07,AGG,stock,96.4247,96.75,96.4247,96.53,8311015,2023-07-07,2023-07-07,36.2697,90.6741,91.1626,90.9364
2023-07-06,AGG,stock,96.56,96.64,96.28,96.51,9534231,2023-07-06,2023-07-06,35.9829,90.7753,91.1772,90.9864
2023-07-05,AGG,stock,97.51,97.53,97.05,97.14,6046567,2023-07-05,2023-07-05,41.4371,90.8891,91.1921,91.0391
2023-07-03,AGG,stock,97.82,98.04,97.54,97.58,3691597,2023-07-03,2023-07-03,45.9545,90.9532,91.2013,91.0701
2023-06-30,AGG,stock,97.86,98.1,97.74,97.95,13417260,2023-06-30,2023-06-30,47.2030,90.9810,91.2064,91.0857
2023-06-29,AGG,stock,97.8,97.87,97.61,97.72,8877566,2023-06-29,2023-06-29,44.4043,91.0006,91.2105,91.0975
2023-06-28,AGG,stock,98.34,98.535,98.2,98.48,8622853,2023-06-28,2023-06-28,53.0295,91.0446,91.2169,91.1185
2023-06-27,AGG,stock,98.45,98.585,98.1,98.19,7803348,2023-06-27,2023-06-27,49.5578,91.0191,91.2162,91.1117
2023-06-26,AGG,stock,98.5,98.5125,98.31,98.38,10632271,2023-06-26,2023-06-26,51.8912,91.0192,91.2182,91.1155
2023-06-23,AGG,stock,98.49,98.5,98.1,98.26,4792937,2023-06-23,2023-06-23,50.5250,91.0008,91.2184,91.1123
2023-06-22,AGG,stock,98.17,98.325,97.92,97.97,7147656,2023-06-22,2023-06-22,47.1577,90.9922,91.2198,91.1135
2023-06-21,AGG,stock,98.09,98.53,97.975,98.48,5579941,2023-06-21,2023-06-21,53.0544,91.0109,91.2238,91.1257
2023-06-20,AGG,stock,98.28,98.505,98.17,98.32,6694188,2023-06-20,2023-06-20,51.2797,90.9819,91.2232,91.1191
2023-06-16,AGG,stock,98.09,98.275,97.905,98.14,5653727,2023-06-16,2023-06-16,49.2765,90.9654,91.2241,91.1183
2023-06-15,AGG,stock,98.29,98.46,98.1337,98.45,7471994,2023-06-15,2023-06-15,52.7446,90.9647,91.2266,91.1243
2023-06-14,AGG,stock,97.88,97.99,97.4499,97.77,8360159,2023-06-14,2023-06-14,44.8368,90.9338,91.2263,91.1188
2023-06-13,AGG,stock,98.48,98.48,97.6001,97.68,9568345,2023-06-13,2023-06-13,43.6785,90.9659,91.2323,91.1388
2023-06-12,AGG,stock,98.09,98.16,97.73,98.14,5436273,2023-06-12,2023-06-12,48.5132,91.0101,91.2392,91.1630
2023-06-09,AGG,stock,97.91,98.05,97.79,97.97,7140768,2023-06-09,2023-06-09,46.4803,91.0142,91.2419,91.1709
2023-06-08,AGG,stock,97.8,98.21,97.77,98.2,5041870,2023-06-08,2023-06-08,48.9062,91.0353,91.2462,91.1854
2023-06-07,AGG,stock,98.15,98.22,97.59,97.68,5131567,2023-06-07,2023-06-07,42.6188,91.0361,91.2484,91.1919
2023-06-06,AGG,stock,98.12,98.21,97.89,98.2,3815981,2023-06-06,2023-06-06,48.1169,91.0878,91.2554,91.2183
2023-06-05,AGG,stock,97.85,98.32,97.7741,98.08,7246178,2023-06-05,2023-06-05,46.6419,91.0941,91.2577,91.2261
2023-06-02,AGG,stock,98.54,98.58,98.08,98.09,6877188,2023-06-02,2023-06-02,46.7447,91.1129,91.2612,91.2387
2023-06-01,AGG,stock,98.6,98.8,98.484,98.61,9029803,2023-06-01,2023-06-01,52.3141,91.1326,91.2645,91.2515
2023-05-31,AGG,stock,98.22,98.72,98.21,98.57,10559811,2023-05-31,2023-05-31,49.0980,91.1037,91.2631,91.2452
2023-05-30,AGG,stock,97.9,98.24,97.85,98.22,7349896,2023-05-30,2023-05-30,45.0530,91.1008,91.2644,91.2498
2023-05-26,AGG,stock,97.36,97.5898,97.2406,97.57,3889853,2023-05-26,2023-05-26,36.3271,91.1315,91.2690,91.2678
2023-05-25,AGG,stock,97.74,97.8,97.4399,97.49,5941485,2023-05-25,2023-05-25,35.1502,91.2288,91.2797,91.3111
2023-05-24,AGG,stock,98.17,98.19,97.815,97.85,7719174,2023-05-24,2023-05-24,38.0924,91.3441,91.2912,91.3591
2023-05-23,AGG,stock,97.92,98.2058,97.81,98.1,7641202,2023-05-23,2023-05-23,40.2658,91.4365,91.2995,91.3956
2023-05-22,AGG,stock,98.14,98.33,97.97,97.99,8551145,2023-05-22,2023-05-22,38.8400,91.5142,91.3055,91.4241
2023-05-19,AGG,stock,98.13,98.44,98,98.08,10285865,2023-05-19,2023-05-19,39.5573,91.6109,91.3127,91.4579
2023-05-18,AGG,stock,98.49,98.51,98.27,98.3,4811544,2023-05-18,2023-05-18,41.2881,91.7090,91.3190,91.4896
2023-05-17,AGG,stock,98.99,99.025,98.68,98.76,6318677,2023-05-17,2023-05-17,45.1212,91.7960,91.3234,91.5144
2023-05-16,AGG,stock,98.89,98.95,98.74,98.91,6728498,2023-05-16,2023-05-16,46.4263,91.8474,91.3236,91.5229
2023-05-15,AGG,stock,99.21,99.22,99.1,99.14,8532590,2023-05-15,2023-05-15,48.4203,91.8897,91.3223,91.5260
2023-05-12,AGG,stock,99.89,99.95,99.39,99.39,4286034,2023-05-12,2023-05-12,50.6145,91.9139,91.3189,91.5206
2023-05-11,AGG,stock,100.11,100.19,99.88,99.95,7703942,2023-05-11,2023-05-11,55.8817,91.9164,91.3132,91.5055
2023-05-10,AGG,stock,99.43,99.68,99.39,99.65,4803044,2023-05-10,2023-05-10,53.4732,91.8647,91.3022,91.4686
2023-05-09,AGG,stock,99.11,99.19,99.01,99.01,5712210,2023-05-09,2023-05-09,47.8313,91.8367,91.2939,91.4416
2023-05-08,AGG,stock,99.21,99.35,99.0801,99.1,5481302,2023-05-08,2023-05-08,48.6009,91.8681,91.2914,91.4377
2023-05-05,AGG,stock,99.64,99.7199,99.4542,99.65,4003005,2023-05-05,2023-05-05,53.4839,91.8940,91.2881,91.4301
2023-05-04,AGG,stock,99.77,100.415,99.75,99.97,5262191,2023-05-04,2023-05-04,56.5536,91.8691,91.2796,91.4015
2023-05-03,AGG,stock,99.89,100.1336,99.6901,100.09,5637180,2023-05-03,2023-05-03,57.7070,91.8104,91.2681,91.3597
2023-05-02,AGG,stock,98.96,99.67,98.93,99.65,6085943,2023-05-02,2023-05-02,54.5512,91.7339,91.2553,91.3116
2023-05-01,AGG,stock,99.35,99.41,98.595,98.69,10631644,2023-05-01,2023-05-01,46.4570,91.6921,91.2466,91.2782
2023-04-28,AGG,stock,99.99,99.99,99.72,99.96,5469882,2023-04-28,2023-04-28,56.3379,91.7394,91.2466,91.2797
2023-04-27,AGG,stock,99.61,99.63,99.39,99.45,4018321,2023-04-27,2023-04-27,51.5575,91.6926,91.2372,91.2427
2023-04-26,AGG,stock,100.16,100.22,99.72,99.81,3689643,2023-04-26,2023-04-26,55.5435,91.6903,91.2324,91.2235
2023-04-25,AGG,stock,99.97,100.25,99.9636,100.18,5065415,2023-04-25,2023-04-25,59.9681,91.6529,91.2242,91.1899
2023-04-24,AGG,stock,99.42,99.59,99.36,99.56,3256883,2023-04-24,2023-04-24,54.3041,91.5756,91.2125,91.1411
2023-04-21,AGG,stock,99.51,99.56,99.11,99.17,5367257,2023-04-21,2023-04-21,50.1874,91.5503,91.2064,91.1135
2023-04-20,AGG,stock,99.21,99.36,99.19,99.34,5092430,2023-04-20,2023-04-20,52.0867,91.5603,91.2039,91.0996
2023-04-19,AGG,stock,98.89,98.93,98.71,98.89,3592906,2023-04-19,2023-04-19,47.1726,91.5548,91.1998,91.0786
2023-04-18,AGG,stock,98.91,99.16,98.91,99.04,4753036,2023-04-18,2023-04-18,48.7192,91.5924,91.1999,91.0738
2023-04-17,AGG,stock,99.13,99.175,98.88,98.9,4418018,2023-04-17,2023-04-17,47.2195,91.6194,91.1985,91.0631
2023-04-14,AGG,stock,99.56,99.59,99.32,99.4,4794084,2023-04-14,2023-04-14,52.2911,91.6629,91.1984,91.0572
2023-04-13,AGG,stock,100.16,100.2677,99.805,99.89,3964799,2023-04-13,2023-04-13,57.9556,91.6624,91.1937,91.0323
2023-04-12,AGG,stock,100.17,100.2,99.61,99.93,7226075,2023-04-12,2023-04-12,58.4355,91.6142,91.1844,90.9879
2023-04-11,AGG,stock,99.81,99.88,99.59,99.81,4543802,2023-04-11,2023-04-11,57.4542,91.5571,91.1746,90.9402
2023-04-10,AGG,stock,99.89,99.91,99.6,99.75,4477955,2023-04-10,2023-04-10,56.9827,91.5057,91.1659,90.8951
2023-04-06,AGG,stock,100.56,100.685,100.44,100.44,6105185,2023-04-06,2023-04-06,64.6315,91.4546,91.1576,90.8504
2023-04-05,AGG,stock,100.5,100.98,100.41,100.53,9883500,2023-04-05,2023-04-05,65.6996,91.3312,91.1428,90.7779
2023-04-04,AGG,stock,99.55,100.3,99.5,100.19,8925168,2023-04-04,2023-04-04,63.5887,91.1861,91.1271,90.6990
2023-04-03,AGG,stock,99.28,99.855,99.21,99.82,7567059,2023-04-03,2023-04-03,61.1742,91.0587,91.1143,90.6297
2023-03-31,AGG,stock,99.39,99.69,99.16,99.64,8521604,2023-03-31,2023-03-31,58.1767,90.9538,91.1048,90.5715
2023-03-30,AGG,stock,99.03,99.23,98.9535,99.16,4251904,2023-03-30,2023-03-30,54.5546,90.8796,91.0993,90.5272
2023-03-29,AGG,stock,98.74,99.11,98.72,99.05,5111265,2023-03-29,2023-03-29,53.7014,90.8442,91.0981,90.4991
2023-03-28,AGG,stock,98.98,99.05,98.82,98.93,6356361,2023-03-28,2023-03-28,52.8038,90.8157,91.0979,90.4739
2023-03-27,AGG,stock,99.39,99.52,99.07,99.08,6823373,2023-03-27,2023-03-27,54.0194,90.7957,91.0989,90.4522
2023-03-24,AGG,stock,100.28,100.49,99.95,100.16,6217707,2023-03-24,2023-03-24,63.8463,90.7592,91.0984,90.4240
2023-03-23,AGG,stock,99.68,100.05,99.51,99.99,9949714,2023-03-23,2023-03-23,62.8588,90.6142,91.0880,90.3542
2023-03-22,AGG,stock,98.8,99.82,98.64,99.75,7585382,2023-03-22,2023-03-22,61.4794,90.4705,91.0790,90.2878
2023-03-21,AGG,stock,98.88,99.03,98.7,98.8,5499073,2023-03-21,2023-03-21,55.3898,90.3348,91.0722,90.2277
2023-03-20,AGG,stock,99.73,99.73,99.015,99.1,6346444,2023-03-20,2023-03-20,58.0823,90.2769,91.0741,90.2009
2023-03-17,AGG,stock,99.29,99.8,99.21,99.5,8277602,2023-03-17,2023-03-17,61.8017,90.1838,91.0732,90.1617
2023-03-16,AGG,stock,99.53,99.72,98.675,98.88,15219710,2023-03-16,2023-03-16,57.9236,90.0422,91.0686,90.1059
2023-03-15,AGG,stock,99.43,99.7,98.81,99.27,11133655,2023-03-15,2023-03-15,61.5751,89.9457,91.0697,90.0711
2023-03-14,AGG,stock,98.77,98.82,98.085,98.29,8159781,2023-03-14,2023-03-14,54.9484,89.8012,91.0672,90.0202
2023-03-13,AGG,stock,99.05,99.65,98.62,98.87,10344139,2023-03-13,2023-03-13,60.7014,89.7365,91.0738,90.0040
2023-03-10,AGG,stock,97.79,98.32,97.755,98.09,7515785,2023-03-10,2023-03-10,54.7905,89.6088,91.0750,89.9654
2023-03-09,AGG,stock,96.76,97.1501,96.695,96.96,7054402,2023-03-09,2023-03-09,43.3223,89.5432,91.0835,89.9545
2023-03-08,AGG,stock,96.9039,97.08,96.48,96.61,8044025,2023-03-08,2023-03-08,38.8618,89.5801,91.1025,89.9856
2023-03-07,AGG,stock,96.98,97.025,96.57,96.71,6013304,2023-03-07,2023-03-07,39.6906,89.6547,91.1249,90.0311
2023-03-06,AGG,stock,97.27,97.29,96.81,96.84,4188489,2023-03-06,2023-03-06,40.7393,89.7276,91.1466,90.0747
2023-03-03,AGG,stock,96.85,97.08,96.59,97.08,7266999,2023-03-03,2023-03-03,42.6721,89.7955,91.1674,90.1153
2023-03-02,AGG,stock,96.15,96.35,96.11,96.32,9247374,2023-03-02,2023-03-02,33.3778,89.8474,91.1861,90.1484
2023-03-01,AGG,stock,96.83,97.04,96.5,96.52,9125349,2023-03-01,2023-03-01,34.7547,89.9782,91.2121,90.2114
2023-02-28,AGG,stock,96.992,97.37,96.9291,97.31,8575033,2023-02-28,2023-02-28,38.8874,90.1035,91.2364,90.2695
2023-02-27,AGG,stock,97.41,97.49,97.215,97.32,5040022,2023-02-27,2023-02-27,38.9648,90.1883,91.2559,90.3092
2023-02-24,AGG,stock,97.22,97.26,96.9696,97.13,4866858,2023-02-24,2023-02-24,36.7450,90.2810,91.2755,90.3501
2023-02-23,AGG,stock,97.4,97.72,97.37,97.69,8527182,2023-02-23,2023-02-23,40.8067,90.4018,91.2970,90.3997
2023-02-22,AGG,stock,97.4,97.59,97.3,97.34,5862307,2023-02-22,2023-02-22,36.7491,90.4813,91.3136,90.4305
2023-02-21,AGG,stock,97.361,97.46,97.08,97.08,8369587,2023-02-21,2023-02-21,33.6098,90.6029,91.3336,90.4755
2023-02-17,AGG,stock,97.53,98.01,97.53,98,5956279,2023-02-17,2023-02-17,40.1587,90.7624,91.3562,90.5322
2023-02-16,AGG,stock,97.88,98.03,97.69,97.77,5235622,2023-02-16,2023-02-16,37.3236,90.8499,91.3705,90.5567
2023-02-15,AGG,stock,98.24,98.36,98.03,98.18,6489232,2023-02-15,2023-02-15,40.4997,90.9687,91.3871,90.5908
2023-02-14,AGG,stock,98.67,98.7574,98.11,98.37,9559496,2023-02-14,2023-02-14,42.0390,91.0605,91.4000,90.6110
2023-02-13,AGG,stock,98.49,98.72,98.46,98.72,6832726,2023-02-13,2023-02-13,44.9622,91.1436,91.4114,90.6249
2023-02-10,AGG,stock,98.82,98.83,98.4,98.42,5068200,2023-02-10,2023-02-10,41.7377,91.2017,91.4196,90.6262
2023-02-09,AGG,stock,99.54,99.56,98.83,98.85,5594835,2023-02-09,2023-02-09,45.2675,91.2948,91.4307,90.6388
2023-02-08,AGG,stock,99.14,99.43,98.95,99.24,4900645,2023-02-08,2023-02-08,48.7390,91.3562,91.4379,90.6359
2023-02-07,AGG,stock,99.15,99.57,99.055,99.1,6224773,2023-02-07,2023-02-07,47.3943,91.3864,91.4416,90.6182
2023-02-06,AGG,stock,99.31,99.415,99.23,99.27,9198870,2023-02-06,2023-02-06,48.8389,91.4332,91.4467,90.6050
2023-02-03,AGG,stock,99.95,100.13,99.52,99.82,9082975,2023-02-03,2023-02-03,53.7619,91.4686,91.4502,90.5849
2023-02-02,AGG,stock,101.04,101.15,100.735,100.79,9197909,2023-02-02,2023-02-02,64.3915,91.4546,91.4486,90.5434
2023-02-01,AGG,stock,100.19,100.78,99.86,100.68,11593329,2023-02-01,2023-02-01,63.6344,91.3454,91.4382,90.4639
2023-01-31,AGG,stock,100.16,100.34,99.825,100.22,12083590,2023-01-31,2023-01-31,58.3778,91.2354,91.4286,90.3852
2023-01-30,AGG,stock,99.9,100.0904,99.8,99.81,6822012,2023-01-30,2023-01-30,54.8556,91.1817,91.4254,90.3297
2023-01-27,AGG,stock,99.96,100.14,99.91,100.08,5123098,2023-01-27,2023-01-27,57.8492,91.1619,91.4260,90.2873
2023-01-26,AGG,stock,100.33,100.46,100.07,100.23,5399092,2023-01-26,2023-01-26,59.5249,91.1140,91.4240,90.2330
2023-01-25,AGG,stock,100.26,100.47,100.1,100.4,5431036,2023-01-25,2023-01-25,61.3966,91.0466,91.4207,90.1709
2023-01-24,AGG,stock,99.84,100.32,99.68,100.28,6538592,2023-01-24,2023-01-24,60.5842,90.9557,91.4158,90.0999
2023-01-23,AGG,stock,99.8,100.06,99.78,99.84,6573240,2023-01-23,2023-01-23,57.5422,90.8668,91.4119,90.0305
2023-01-20,AGG,stock,100.17,100.26,99.89,100.09,6095775,2023-01-20,2023-01-20,59.9847,90.8110,91.4121,89.9747
2023-01-19,AGG,stock,100.73,100.73,100.33,100.5,8633834,2023-01-19,2023-01-19,64.1302,90.7252,91.4099,89.9073
2023-01-18,AGG,stock,100.76,100.875,100.37,100.73,7779524,2023-01-18,2023-01-18,66.5250,90.5908,91.4040,89.8218
2023-01-17,AGG,stock,99.74,99.96,99.65,99.74,8174659,2023-01-17,2023-01-17,60.6520,90.4201,91.3959,89.7243
2023-01-13,AGG,stock,100.02,100.26,99.8321,99.92,6719042,2023-01-13,2023-01-13,62.5034,90.3269,91.3968,89.6597
2023-01-12,AGG,stock,99.84,100.53,99.49,100.29,8342746,2023-01-12,2023-01-12,66.3704,90.2065,91.3960,89.5858
2023-01-11,AGG,stock,99.28,99.57,99.2592,99.57,6102954,2023-01-11,2023-01-11,62.1376,90.0378,91.3919,89.4950
2023-01-10,AGG,stock,99.02,99.15,98.7401,98.96,7291301,2023-01-10,2023-01-10,57.9766,89.9207,91.3943,89.4275
2023-01-09,AGG,stock,99.06,99.5,99,99.34,7849643,2023-01-09,2023-01-09,61.9125,89.8501,91.4024,89.3799
2023-01-06,AGG,stock,98.13,99.15,98.04,99.09,8503052,2023-01-06,2023-01-06,60.2645,89.7354,91.4070,89.3163
2023-01-05,AGG,stock,97.64,98.06,97.565,98.02,9682089,2023-01-05,2023-01-05,52.0128,89.6327,91.4140,89.2594
2023-01-04,AGG,stock,98.17,98.25,97.89,98.1,10080087,2023-01-04,2023-01-04,52.7737,89.6223,91.4309,89.2401
2023-01-03,AGG,stock,97.97,97.97,97.365,97.56,19930920,2023-01-03,2023-01-03,48.0065,89.6031,91.4473,89.2171
2022-12-30,AGG,stock,97.25,97.36,96.9741,96.99,8469000,2022-12-30,2022-12-30,42.2974,89.6340,91.4688,89.2133
2022-12-29,AGG,stock,97.21,97.47,97.1825,97.45,7763261,2022-12-29,2022-12-29,46.0899,89.7230,91.4957,89.2306
2022-12-28,AGG,stock,97.47,97.5,97.08,97.09,12131152,2022-12-28,2022-12-28,42.3324,89.7770,91.5187,89.2315
2022-12-27,AGG,stock,97.46,97.615,97.2121,97.26,7925770,2022-12-27,2022-12-27,43.6669,89.8715,91.5452,89.2458
2022-12-23,AGG,stock,98.05,98.11,97.895,97.97,4823380,2022-12-23,2022-12-23,49.7495,89.9594,91.5704,89.2544
2022-12-22,AGG,stock,98.32,98.4653,98.215,98.31,8267852,2022-12-22,2022-12-22,53.0345,89.9883,91.5894,89.2368
2022-12-21,AGG,stock,98.49,98.536,98.19,98.34,8489423,2022-12-21,2022-12-21,53.3229,89.9874,91.6054,89.2058
2022-12-20,AGG,stock,98.1,98.26,97.98,98.07,10282174,2022-12-20,2022-12-20,51.1000,89.9835,91.6213,89.1724
2022-12-19,AGG,stock,98.9,98.93,98.6142,98.74,10351012,2022-12-19,2022-12-19,57.3987,90.0053,91.6398,89.1477
2022-12-16,AGG,stock,98.96,99.52,98.94,99.35,7546301,2022-12-16,2022-12-16,64.0757,89.9647,91.6523,89.0970
2022-12-15,AGG,stock,99.57,99.7,99.365,99.61,9424090,2022-12-15,2022-12-15,67.1682,89.8611,91.6594,89.0214
2022-12-14,AGG,stock,99.52,99.79,99.17,99.69,10623950,2022-12-14,2022-12-14,66.3238,89.7216,91.6642,88.9330
2022-12-13,AGG,stock,100.18,100.18,99.4,99.47,9120641,2022-12-13,2022-12-13,65.0649,89.5814,91.6703,88.8465
2022-12-12,AGG,stock,99.19,99.2355,98.63,98.81,10384255,2022-12-12,2022-12-12,61.0039,89.4475,91.6785,88.7646
2022-12-09,AGG,stock,99.12,99.21,98.77,98.79,8994364,2022-12-09,2022-12-09,60.8759,89.3631,91.6929,88.7040
2022-12-08,AGG,stock,99.39,99.5959,99.24,99.38,6307207,2022-12-08,2022-12-08,66.8889,89.2717,91.7076,88.6416
2022-12-07,AGG,stock,99.29,99.725,99.17,99.68,6752854,2022-12-07,2022-12-07,70.1610,89.1139,91.7170,88.5547
2022-12-06,AGG,stock,98.71,98.92,98.59,98.8,7660058,2022-12-06,2022-12-06,65.5739,88.9107,91.7237,88.4531
2022-12-05,AGG,stock,98.82,99.29,98.3,98.51,8072479,2022-12-05,2022-12-05,63.8745,88.7706,91.7386,88.3801
2022-12-02,AGG,stock,98.49,99.295,98.3,99.29,6367993,2022-12-02,2022-12-02,72.8569,88.6438,91.7564,88.3150
2022-12-01,AGG,stock,98.3,98.89,98.17,98.88,12471321,2022-12-01,2022-12-01,70.8565,88.4286,91.7671,88.2181
2022-11-30,AGG,stock,97.48,98.32,97.285,98.29,8963551,2022-11-30,2022-11-30,66.2721,88.2301,91.7817,88.1326
2022-11-29,AGG,stock,97.54,97.7885,97.492,97.53,6643300,2022-11-29,2022-11-29,60.9627,88.0891,91.8039,88.0739
2022-11-28,AGG,stock,98.14,98.19,97.835,97.88,7920752,2022-11-28,2022-11-28,65.3627,88.0061,91.8333,88.0411
2022-11-25,AGG,stock,97.81,98.04,97.81,98.04,2718602,2022-11-25,2022-11-25,67.4286,87.8808,91.8598,87.9939
2022-11-23,AGG,stock,97.58,98.02,97.58,98.02,5885623,2022-11-23,2022-11-23,67.3087,87.7270,91.8851,87.9389
2022-11-22,AGG,stock,97.18,97.5,97.18,97.44,8039011,2022-11-22,2022-11-22,63.7104,87.5589,91.9109,87.8824
2022-11-21,AGG,stock,97.27,97.3355,96.91,96.94,6829111,2022-11-21,2022-11-21,60.2041,87.4287,91.9422,87.8451
2022-11-18,AGG,stock,97.22,97.325,96.91,97,4714973,2022-11-18,2022-11-18,60.8593,87.3328,91.9784,87.8249
2022-11-17,AGG,stock,97.03,97.165,96.85,97.14,6889201,2022-11-17,2022-11-17,62.3291,87.2210,92.0144,87.8017
2022-11-16,AGG,stock,97.25,97.63,97.135,97.55,11075022,2022-11-16,2022-11-16,66.7103,87.0841,92.0495,87.7723
2022-11-15,AGG,stock,96.8,96.95,96.605,96.95,7961974,2022-11-15,2022-11-15,63.1948,86.8934,92.0812,87.7264
2022-11-14,AGG,stock,96.43,96.45,96.175,96.24,7457618,2022-11-14,2022-11-14,58.3633,86.7402,92.1187,87.7010
2022-11-11,AGG,stock,96.23,96.605,96.23,96.51,4953168,2022-11-11,2022-11-11,61.2002,86.6390,92.1631,87.7010
2022-11-10,AGG,stock,95.98,96.58,95.79,96.58,8494808,2022-11-10,2022-11-10,61.9248,86.5012,92.2055,87.6909
2022-11-09,AGG,stock,94.39,94.7001,94.25,94.55,6694180,2022-11-09,2022-11-09,44.1022,86.3422,92.2476,87.6778
2022-11-08,AGG,stock,94.24,94.6099,94.22,94.44,5834912,2022-11-08,2022-11-08,42.7539,86.3611,92.3088,87.7397
2022-11-07,AGG,stock,94.41,94.46,94.03,94.04,7597242,2022-11-07,2022-11-07,37.6780,86.3927,92.3716,87.8082
2022-11-04,AGG,stock,94.43,94.64,94.17,94.34,6918307,2022-11-04,2022-11-04,40.1578,86.4659,92.4387,87.8943
2022-11-03,AGG,stock,93.97,94.505,93.93,94.35,9314775,2022-11-03,2022-11-03,40.2398,86.5181,92.5037,87.9729
2022-11-02,AGG,stock,94.98,95.51,94.53,94.7,8584173,2022-11-02,2022-11-02,43.0991,86.5747,92.5692,88.0542
2022-11-01,AGG,stock,95.25,95.35,94.6501,94.86,8096833,2022-11-01,2022-11-01,44.4395,86.6038,92.6323,88.1259
2022-10-31,AGG,stock,95.01,95.06,94.6,94.9,10946419,2022-10-31,2022-10-31,42.6203,86.6206,92.6944,88.1945
2022-10-28,AGG,stock,95.01,95.46,94.98,95.22,6229253,2022-10-28,2022-10-28,45.1134,86.6560,92.7589,88.2725
2022-10-27,AGG,stock,95.21,95.6204,94.99,95.46,6913500,2022-10-27,2022-10-27,47.0293,86.6645,92.8210,88.3418
2022-10-26,AGG,stock,94.78,95.17,94.76,94.98,7884252,2022-10-26,2022-10-26,42.4938,86.6510,92.8816,88.4050
2022-10-25,AGG,stock,94.39,94.705,94.36,94.56,11710398,2022-10-25,2022-10-25,38.1940,86.6819,92.9472,88.4886
2022-10-24,AGG,stock,93.77,94.03,93.45,93.64,6090397,2022-10-24,2022-10-24,27.1084,86.7563,93.0172,88.5911
2022-10-21,AGG,stock,93.27,93.865,93.2,93.77,8371273,2022-10-21,2022-10-21,27.7617,86.9266,93.0964,88.7321
2022-10-20,AGG,stock,94.06,94.2555,93.5648,93.63,9013040,2022-10-20,2022-10-20,25.9777,87.1023,93.1752,88.8739
2022-10-19,AGG,stock,94.41,94.5584,94.1528,94.2,6316065,2022-10-19,2022-10-19,28.6529,87.3100,93.2561,89.0267
2022-10-18,AGG,stock,95.11,95.18,94.64,95.02,6389064,2022-10-18,2022-10-18,33.2235,87.4850,93.3325,89.1647
2022-10-17,AGG,stock,95.25,95.4,94.83,94.86,5460624,2022-10-17,2022-10-17,31.2361,87.5999,93.4023,89.2778
2022-10-14,AGG,stock,95.63,95.63,94.61,94.66,8580697,2022-10-14,2022-10-14,28.7757,87.7422,93.4742,89.4014
2022-10-13,AGG,stock,94.23,95.44,94.175,95.18,6254435,2022-10-13,2022-10-13,31.4965,87.9186,93.5486,89.5376
2022-10-12,AGG,stock,95.25,95.61,95.23,95.48,5651195,2022-10-12,2022-10-12,33.1771,88.0639,93.6191,89.6600
2022-10-11,AGG,stock,95.63,95.83,95.27,95.4,8892773,2022-10-11,2022-10-11,32.2824,88.1957,93.6875,89.7762
2022-10-10,AGG,stock,95.73,95.75,95.1536,95.34,4074744,2022-10-10,2022-10-10,31.6450,88.3490,93.7573,89.9002
2022-10-07,AGG,stock,95.81,96.01,95.68,95.77,6149631,2022-10-07,2022-10-07,33.7596,88.5243,93.8284,90.0315
2022-10-06,AGG,stock,96.59,96.71,96.21,96.28,5625145,2022-10-06,2022-10-06,36.4414,88.6768,93.8963,90.1521
2022-10-05,AGG,stock,96.69,96.99,96.27,96.66,9512807,2022-10-05,2022-10-05,38.5608,88.7966,93.9602,90.2588
2022-10-04,AGG,stock,97.21,97.55,97.0811,97.17,6964233,2022-10-04,2022-10-04,41.5741,88.8926,94.0213,90.3557
2022-10-03,AGG,stock,96.89,97.48,96.64,96.91,9617946,2022-10-03,2022-10-03,39.3297,88.9499,94.0783,90.4377
2022-09-30,AGG,stock,96.86,97.09,96.19,96.34,14376285,2022-09-30,2022-09-30,32.0709,89.0381,94.1382,90.5326
2022-09-29,AGG,stock,96.48,96.7999,96.29,96.57,8666051,2022-09-29,2022-09-29,33.1562,89.2102,94.2059,90.6603
2022-09-28,AGG,stock,96.47,97.1277,96.27,97.08,10539881,2022-09-28,2022-09-28,35.6396,89.3784,94.2722,90.7847
2022-09-27,AGG,stock,95.9745,96.075,95.375,95.54,11440212,2022-09-27,2022-09-27,18.5298,89.5156,94.3345,90.8953
2022-09-26,AGG,stock,96.87,96.91,95.865,95.95,9010119,2022-09-26,2022-09-26,19.8332,89.8143,94.4114,91.0675
2022-09-23,AGG,stock,97.4,97.45,96.89,97.2,11059537,2022-09-23,2022-09-23,24.7651,90.1053,94.4854,91.2315
2022-09-22,AGG,stock,97.9,97.92,97.4039,97.5,7061214,2022-09-22,2022-09-22,26.2180,90.3076,94.5487,91.3558
2022-09-21,AGG,stock,98.4,98.6001,97.86,98.55,7094443,2022-09-21,2022-09-21,32.3948,90.5025,94.6100,91.4742
2022-09-20,AGG,stock,98.21,98.4,98.08,98.24,11271700,2022-09-20,2022-09-20,27.7269,90.6176,94.6623,91.5585
2022-09-19,AGG,stock,98.53,98.84,98.48,98.68,5982197,2022-09-19,2022-09-19,30.5027,90.7745,94.7179,91.6578
2022-09-16,AGG,stock,98.66,99.01,98.61,98.83,6965431,2022-09-16,2022-09-16,31.5010,90.9059,94.7701,91.7447
2022-09-15,AGG,stock,99.04,99.1057,98.8436,98.9,6016666,2022-09-15,2022-09-15,31.9542,91.0368,94.8214,91.8297
2022-09-14,AGG,stock,99,99.35,98.97,99.2,7557369,2022-09-14,2022-09-14,33.8948,91.1747,94.8726,91.9156
2022-09-13,AGG,stock,98.91,99.19,98.895,99.07,4957421,2022-09-13,2022-09-13,32.2389,91.2986,94.9216,91.9939
2022-09-12,AGG,stock,100,100.09,99.51,99.63,8535467,2022-09-12,2022-09-12,35.8288,91.4479,94.9723,92.0801
2022-09-09,AGG,stock,99.99,100.13,99.73,99.78,7496080,2022-09-09,2022-09-09,36.8493,91.5594,95.0183,92.1492
2022-09-08,AGG,stock,100,100.18,99.785,99.79,5546199,2022-09-08,2022-09-08,36.9144,91.6683,95.0635,92.2155
2022-09-07,AGG,stock,99.73,100.13,99.72,100.11,3607139,2022-09-07,2022-09-07,38.9594,91.7878,95.1090,92.2841
2022-09-06,AGG,stock,99.96,99.97,99.41,99.42,5335194,2022-09-06,2022-09-06,31.3443,91.8892,95.1521,92.3437
2022-09-02,AGG,stock,100.37,100.67,100.13,100.36,5966840,2022-09-02,2022-09-02,37.2178,92.0673,95.2019,92.4313
2022-09-01,AGG,stock,100.07,100.145,99.66,100.07,8961796,2022-09-01,2022-09-01,33.6564,92.1743,95.2436,92.4877
2022-08-31,AGG,stock,101.04,101.23,100.641,100.71,6116453,2022-08-31,2022-08-31,36.5412,92.3203,95.2884,92.5571
2022-08-30,AGG,stock,101.26,101.445,100.93,101.25,6573668,2022-08-30,2022-08-30,40.5420,92.4401,95.3296,92.6132
2022-08-29,AGG,stock,101.27,101.28,101.055,101.12,7508729,2022-08-29,2022-08-29,39.0502,92.5211,95.3664,92.6517
2022-08-26,AGG,stock,101.67,101.85,101.42,101.61,5584793,2022-08-26,2022-08-26,42.8094,92.6229,95.4047,92.6965
2022-08-25,AGG,stock,101.33,101.87,101.2426,101.8,8217318,2022-08-25,2022-08-25,44.3466,92.6889,95.4390,92.7251
2022-08-24,AGG,stock,101.35,101.395,101.15,101.24,6319122,2022-08-24,2022-08-24,38.2815,92.7436,95.4719,92.7478
2022-08-23,AGG,stock,101.54,101.9671,101.4,101.51,7369600,2022-08-23,2022-08-23,40.2451,92.8575,95.5102,92.7921
2022-08-22,AGG,stock,101.82,101.89,101.515,101.55,7133245,2022-08-22,2022-08-22,40.5311,92.9576,95.5464,92.8283
2022-08-19,AGG,stock,102.13,102.13,101.845,101.99,4575547,2022-08-19,2022-08-19,43.7033,93.0645,95.5826,92.8644
2022-08-18,AGG,stock,102.7,102.93,102.64,102.71,4260579,2022-08-18,2022-08-18,49.6023,93.1407,95.6152,92.8858
2022-08-17,AGG,stock,102.64,102.735,102.34,102.49,7222288,2022-08-17,2022-08-17,47.5953,93.1563,95.6415,92.8814
2022-08-16,AGG,stock,103.13,103.13,102.79,103.1,4976060,2022-08-16,2022-08-16,53.0327,93.1944,95.6702,92.8850
2022-08-15,AGG,stock,103.37,103.45,103.24,103.25,3782889,2022-08-15,2022-08-15,54.4532,93.1785,95.6935,92.8662
2022-08-12,AGG,stock,102.97,103.12,102.72,103.12,3643558,2022-08-12,2022-08-12,53.4498,93.1466,95.7158,92.8411
2022-08-11,AGG,stock,103.38,103.63,102.615,102.66,8518254,2022-08-11,2022-08-11,49.8174,93.1237,95.7394,92.8198
2022-08-10,AGG,stock,103.43,103.675,103.1095,103.21,7156420,2022-08-10,2022-08-10,54.5427,93.1423,95.7674,92.8145
2022-08-09,AGG,stock,102.92,103.045,102.84,102.95,3854013,2022-08-09,2022-08-09,52.5678,93.1104,95.7908,92.7888
2022-08-08,AGG,stock,103.1,103.29,103.04,103.18,3424967,2022-08-08,2022-08-08,54.5132,93.0999,95.8167,92.7716
2022-08-05,AGG,stock,102.81,102.83,102.52,102.71,4847064,2022-08-05,2022-08-05,51.0777,93.0664,95.8408,92.7452
2022-08-04,AGG,stock,103.67,103.89,103.57,103.87,5199672,2022-08-04,2022-08-04,61.7697,93.0742,95.8695,92.7351
2022-08-03,AGG,stock,103.03,103.64,102.72,103.62,6261918,2022-08-03,2022-08-03,60.0982,92.9722,95.8878,92.6817
2022-08-02,AGG,stock,104.27,104.345,103.135,103.16,6869385,2022-08-02,2022-08-02,56.8767,92.8833,95.9086,92.6354
2022-08-01,AGG,stock,103.99,104.305,103.91,104.23,7733744,2022-08-01,2022-08-01,68.8899,92.8289,95.9338,92.6042
2022-07-29,AGG,stock,103.94,104.395,103.83,104.07,7674760,2022-07-29,2022-07-29,66.6935,92.6668,95.9496,92.5322
2022-07-28,AGG,stock,104.09,104.205,103.835,104.06,6473834,2022-07-28,2022-07-28,66.6328,92.5220,95.9687,92.4705
2022-07-27,AGG,stock,103.19,103.64,103.18,103.32,5431438,2022-07-27,2022-07-27,61.8574,92.3628,95.9882,92.4067
2022-07-26,AGG,stock,103.44,103.51,102.96,102.96,6312403,2022-07-26,2022-07-26,59.2210,92.2573,96.0145,92.3676
2022-07-25,AGG,stock,102.9,103.09,102.87,102.98,3729487,2022-07-25,2022-07-25,59.4329,92.1749,96.0444,92.3401
2022-07-22,AGG,stock,103.26,103.6,103.115,103.36,7323110,2022-07-22,2022-07-22,63.4380,92.0819,96.0744,92.3108
2022-07-21,AGG,stock,101.96,102.58,101.96,102.56,5919977,2022-07-21,2022-07-21,57.8906,91.9430,96.1013,92.2663
2022-07-20,AGG,stock,102.16,102.17,101.665,101.71,6123970,2022-07-20,2022-07-20,50.4772,91.8655,96.1357,92.2495
2022-07-19,AGG,stock,101.95,101.99,101.6615,101.78,5936232,2022-07-19,2022-07-19,51.1660,91.8608,96.1782,92.2633
2022-07-18,AGG,stock,102,102.03,101.72,101.92,6006406,2022-07-18,2022-07-18,52.4965,91.8489,96.2204,92.2751
2022-07-15,AGG,stock,101.94,102.35,101.9,102.25,8640415,2022-07-15,2022-07-15,55.6645,91.8224,96.2618,92.2822
2022-07-14,AGG,stock,101.51,101.98,101.33,101.85,6233275,2022-07-14,2022-07-14,52.4336,91.7618,96.3007,92.2775
2022-07-13,AGG,stock,101.23,102.24,101.19,102.21,6534738,2022-07-13,2022-07-13,55.8340,91.7328,96.3435,92.2873
2022-07-12,AGG,stock,102.02,102.19,101.82,101.84,6690559,2022-07-12,2022-07-12,52.9201,91.6666,96.3835,92.2842
2022-07-11,AGG,stock,101.67,101.92,101.6029,101.7,5758407,2022-07-11,2022-07-11,51.8029,91.6285,96.4273,92.2947
2022-07-08,AGG,stock,101.35,101.4499,101.16,101.23,5270091,2022-07-08,2022-07-08,47.9527,91.5998,96.4728,92.3108
2022-07-07,AGG,stock,101.94,101.9799,101.52,101.61,8226532,2022-07-07,2022-07-07,51.0121,91.6128,96.5230,92.3448
2022-07-06,AGG,stock,102.78,102.8,101.84,101.84,6647665,2022-07-06,2022-07-06,52.9094,91.5909,96.5703,92.3662
2022-07-05,AGG,stock,102.54,102.7043,102.3465,102.53,6813402,2022-07-05,2022-07-05,59.0247,91.5449,96.6159,92.3800
2022-07-01,AGG,stock,102.21,102.7874,102.09,102.34,7393110,2022-07-01,2022-07-01,57.7768,91.4285,96.6557,92.3689
2022-06-30,AGG,stock,101.6,101.955,101.575,101.68,7521306,2022-06-30,2022-06-30,51.7101,91.3178,96.6977,92.3644
2022-06-29,AGG,stock,100.8,101.235,100.68,101.22,7326495,2022-06-29,2022-06-29,47.9312,91.2758,96.7478,92.3908
2022-06-28,AGG,stock,100.53,100.66,100.395,100.64,6540036,2022-06-28,2022-06-28,42.6794,91.2730,96.8025,92.4353
2022-06-27,AGG,stock,100.67,100.945,100.475,100.6,8319683,2022-06-27,2022-06-27,42.3068,91.3250,96.8630,92.5029
2022-06-24,AGG,stock,101.11,101.47,100.995,101.05,7389583,2022-06-24,2022-06-24,45.3893,91.3863,96.9246,92.5747
2022-06-23,AGG,stock,101.25,101.76,101.125,101.21,7774051,2022-06-23,2022-06-23,46.5081,91.4113,96.9826,92.6329
2022-06-22,AGG,stock,100.67,100.9296,100.665,100.79,9436995,2022-06-22,2022-06-22,43.0888,91.4237,97.0398,92.6876
2022-06-21,AGG,stock,100.02,100.26,99.79,99.94,9022476,2022-06-21,2022-06-21,35.3189,91.4774,97.1013,92.7600
2022-06-17,AGG,stock,100.42,100.57,99.98,100.34,9892239,2022-06-17,2022-06-17,37.5597,91.6173,97.1712,92.8666
2022-06-16,AGG,stock,99.24,100.36,99.1432,100.35,9329899,2022-06-16,2022-06-16,37.6151,91.7341,97.2382,92.9629
2022-06-15,AGG,stock,99.69,100.16,99.18,100.11,10979025,2022-06-15,2022-06-15,35.4947,91.8622,97.3057,93.0627
2022-06-14,AGG,stock,99.84,99.94,98.86,99.01,10943479,2022-06-14,2022-06-14,24.5860,92.0265,97.3761,93.1754
2022-06-13,AGG,stock,100.1,100.35,99.13,99.6,9479214,2022-06-13,2022-06-13,26.8473,92.3126,97.4572,93.3333
2022-06-10,AGG,stock,101.67,101.72,101.03,101.26,7829980,2022-06-10,2022-06-10,35.3389,92.5728,97.5338,93.4758
2022-06-09,AGG,stock,102.07,102.22,101.97,102.05,5423587,2022-06-09,2022-06-09,41.0809,92.7027,97.5960,93.5631
2022-06-08,AGG,stock,102.42,102.555,102.16,102.16,4150910,2022-06-08,2022-06-08,41.9625,92.7714,97.6518,93.6248
2022-06-07,AGG,stock,102.42,102.76,102.4,102.58,5620183,2022-06-07,2022-06-07,45.4180,92.8368,97.7071,93.6850
2022-06-06,AGG,stock,102.67,102.77,102.16,102.19,5144496,2022-06-06,2022-06-06,41.2463,92.8692,97.7591,93.7322
2022-06-03,AGG,stock,102.67,102.905,102.64,102.82,6561091,2022-06-03,2022-06-03,46.5874,92.9421,97.8152,93.7957
2022-06-02,AGG,stock,103.06,103.09,102.73,102.99,7456895,2022-06-02,2022-06-02,48.1496,92.9628,97.8662,93.8385
2022-06-01,AGG,stock,103.39,103.525,102.75,102.86,8056802,2022-06-01,2022-06-01,46.8848,92.9695,97.9161,93.8769
2022-05-31,AGG,stock,103.53,103.64,103.285,103.47,10491722,2022-05-31,2022-05-31,50.6166,92.9893,97.9677,93.9216
2022-05-27,AGG,stock,104.09,104.305,104.0201,104.13,5496283,2022-05-27,2022-05-27,57.1986,92.9710,98.0160,93.9526
2022-05-26,AGG,stock,104.07,104.19,103.8,103.96,5720073,2022-05-26,2022-05-26,55.8247,92.8883,98.0588,93.9605
2022-05-25,AGG,stock,103.93,104.07,103.765,104.04,7718122,2022-05-25,2022-05-25,56.6189,92.8129,98.1035,93.9751
2022-05-24,AGG,stock,103.14,103.74,103.13,103.61,10332288,2022-05-24,2022-05-24,53.3031,92.7220,98.1480,93.9873
2022-05-23,AGG,stock,103.01,103.2,102.73,102.82,8007232,2022-05-23,2022-05-23,46.3011,92.6623,98.1969,94.0158
2022-05-20,AGG,stock,102.95,103.21,102.8801,103.16,6731407,2022-05-20,2022-05-20,49.2525,92.6712,98.2534,94.0745
2022-05-19,AGG,stock,103.2,103.22,102.75,102.85,10504273,2022-05-19,2022-05-19,46.3576,92.6488,98.3073,94.1230
2022-05-18,AGG,stock,102.11,102.639,102.075,102.59,6093818,2022-05-18,2022-05-18,43.8635,92.6534,98.3646,94.1850
2022-05-17,AGG,stock,102.27,102.43,102.14,102.18,6559038,2022-05-17,2022-05-17,39.7626,92.6832,98.4249,94.2591
2022-05-16,AGG,stock,102.71,102.97,102.69,102.74,7239212,2022-05-16,2022-05-16,43.8229,92.7549,98.4894,94.3512
2022-05-13,AGG,stock,102.75,102.78,102.48,102.51,6715579,2022-05-13,2022-05-13,41.5465,92.7812,98.5496,94.4265
2022-05-12,AGG,stock,102.94,103.14,102.865,102.95,9015308,2022-05-12,2022-05-12,44.7691,92.8320,98.6124,94.5134
2022-05-11,AGG,stock,102.07,102.785,101.96,102.76,16461960,2022-05-11,2022-05-11,42.9962,92.8464,98.6719,94.5876
2022-05-10,AGG,stock,102.52,102.72,102.32,102.38,18464962,2022-05-10,2022-05-10,39.3824,92.8804,98.7336,94.6718
2022-05-09,AGG,stock,101.54,102.1,101.475,102.07,8640927,2022-05-09,2022-05-09,36.3245,92.9539,98.7995,94.7735
2022-05-06,AGG,stock,101.66,101.95,101.49,101.57,8314307,2022-05-06,2022-05-06,31.1204,93.0646,98.8688,94.8907
2022-05-05,AGG,stock,102.48,102.52,101.585,102,17474427,2022-05-05,2022-05-05,33.2933,93.2343,98.9433,95.0310
2022-05-04,AGG,stock,102.32,103.05,102.12,103.02,14650186,2022-05-04,2022-05-04,39.3442,93.3811,99.0147,95.1613
2022-05-03,AGG,stock,102.71,102.79,102.29,102.36,12165260,2022-05-03,2022-05-03,31.9087,93.4467,99.0776,95.2594
2022-05-02,AGG,stock,102.32,102.36,102,102.13,12729043,2022-05-02,2022-05-02,29.0960,93.5818,99.1471,95.3857
2022-04-29,AGG,stock,102.92,103.27,102.82,102.87,9924179,2022-04-29,2022-04-29,32.0795,93.7528,99.2194,95.5257
2022-04-28,AGG,stock,103.33,103.51,103.165,103.49,10372227,2022-04-28,2022-04-28,35.8697,93.8891,99.2873,95.6509
2022-04-27,AGG,stock,103.91,104.01,103.53,103.53,11185371,2022-04-27,2022-04-27,36.1254,93.9810,99.3504,95.7584
2022-04-26,AGG,stock,104.13,104.13,103.8,103.95,8487981,2022-04-26,2022-04-26,38.8238,94.0788,99.4137,95.8689
2022-04-25,AGG,stock,103.47,103.93,103.47,103.63,8777519,2022-04-25,2022-04-25,35.4105,94.1471,99.4738,95.9685
2022-04-22,AGG,stock,102.73,103.18,102.67,102.94,9159006,2022-04-22,2022-04-22,27.2876,94.2529,99.5374,96.0838
2022-04-21,AGG,stock,103.44,103.47,102.79,103.04,11396047,2022-04-21,2022-04-21,27.7573,94.4352,99.6079,96.2292
2022-04-20,AGG,stock,103.36,103.7356,103.3,103.61,8455765,2022-04-20,2022-04-20,30.5402,94.6272,99.6783,96.3769
2022-04-19,AGG,stock,103.26,103.4264,102.974,103.02,7847461,2022-04-19,2022-04-19,23.1331,94.7854,99.7441,96.5097
2022-04-18,AGG,stock,103.97,104.015,103.61,103.65,8632981,2022-04-18,2022-04-18,25.8683,95.0161,99.8160,96.6695
2022-04-14,AGG,stock,104.73,104.74,103.93,103.97,8510083,2022-04-14,2022-04-14,27.3961,95.2116,99.8829,96.8128
2022-04-13,AGG,stock,104.77,105.09,104.74,104.82,6801024,2022-04-13,2022-04-13,32.0675,95.3973,99.9476,96.9501
2022-04-12,AGG,stock,104.8001,104.92,104.58,104.61,8498697,2022-04-12,2022-04-12,29.3019,95.5221,100.0052,97.0619
2022-04-11,AGG,stock,104.44,104.505,104.17,104.28,8381780,2022-04-11,2022-04-11,24.8370,95.6799,100.0654,97.1860
2022-04-08,AGG,stock,104.82,105.01,104.615,104.73,6503173,2022-04-08,2022-04-08,26.9958,95.8856,100.1291,97.3272
2022-04-07,AGG,stock,105.38,105.51,105.13,105.26,7922503,2022-04-07,2022-04-07,29.8316,96.0704,100.1894,97.4577
2022-04-06,AGG,stock,105.21,105.805,105.115,105.49,13115969,2022-04-06,2022-04-06,31.1502,96.2244,100.2455,97.5741
2022-04-05,AGG,stock,106.58,106.625,105.74,105.76,11020717,2022-04-05,2022-04-05,32.7271,96.3730,100.3001,97.6867
2022-04-04,AGG,stock,106.84,106.87,106.56,106.84,9956504,2022-04-04,2022-04-04,40.3054,96.5116,100.3528,97.7941
2022-04-01,AGG,stock,106.35,106.95,106.25,106.75,11581631,2022-04-01,2022-04-01,39.2163,96.5626,100.3962,97.8662
2022-03-31,AGG,stock,107.17,107.38,107.06,107.1,13799159,2022-03-31,2022-03-31,40.6699,96.6275,100.4410,97.9446
2022-03-30,AGG,stock,106.6,107.15,106.59,107.15,11544370,2022-03-30,2022-03-30,41.0413,96.6813,100.4844,98.0192
2022-03-29,AGG,stock,106.61,106.89,106.455,106.86,11396565,2022-03-29,2022-03-29,37.9912,96.7360,100.5279,98.0951
2022-03-28,AGG,stock,106.25,106.5252,106.16,106.36,8540492,2022-03-28,2022-03-28,32.3917,96.8238,100.5744,98.1846
2022-03-25,AGG,stock,106.57,106.65,105.975,106.1,10511522,2022-03-25,2022-03-25,29.3094,96.9682,100.6258,98.2961
2022-03-24,AGG,stock,106.72,107.035,106.65,106.95,7480541,2022-03-24,2022-03-24,34.0174,97.1523,100.6802,98.4217
2022-03-23,AGG,stock,106.96,107.21,106.7105,107.19,9060751,2022-03-23,2022-03-23,35.5131,97.2755,100.7274,98.5213
2022-03-22,AGG,stock,106.74,106.88,106.61,106.75,16072053,2022-03-22,2022-03-22,30.2958,97.3890,100.7729,98.6161
2022-03-21,AGG,stock,107.58,107.649,106.9841,107.04,8024774,2022-03-21,2022-03-21,31.8741,97.5560,100.8229,98.7310
2022-03-18,AGG,stock,107.93,108.14,107.9203,108.1,7857897,2022-03-18,2022-03-18,38.7202,97.7131,100.8707,98.8399
2022-03-17,AGG,stock,107.8461,108.06,107.73,107.86,8035416,2022-03-17,2022-03-17,35.8221,97.7867,100.9095,98.9144
2022-03-16,AGG,stock,107.63,107.73,107.0032,107.68,16805399,2022-03-16,2022-03-16,33.6363,97.8907,100.9508,99.0007
2022-03-15,AGG,stock,107.84,107.92,107.43,107.6,14001158,2022-03-15,2022-03-15,32.6902,98.0227,100.9942,99.0972
2022-03-14,AGG,stock,107.79,107.816,107.36,107.36,10961644,2022-03-14,2022-03-14,29.9066,98.1761,101.0387,99.2006
2022-03-11,AGG,stock,108.44,108.55,108.34,108.41,11997840,2022-03-11,2022-03-11,35.9458,98.3683,101.0858,99.3169
2022-03-10,AGG,stock,108.66,108.68,108.25,108.43,16234911,2022-03-10,2022-03-10,36.0746,98.4816,101.1239,99.3996
2022-03-09,AGG,stock,109.1,109.209,108.93,109.04,11192337,2022-03-09,2022-03-09,40.1505,98.6048,101.1622,99.4848
2022-03-08,AGG,stock,109.25,109.3301,109.1201,109.27,9933667,2022-03-08,2022-03-08,41.8042,98.6835,101.1954,99.5512
2022-03-07,AGG,stock,109.87,110.14,109.64,109.66,12740567,2022-03-07,2022-03-07,44.7032,98.7487,101.2269,99.6119
2022-03-04,AGG,stock,110.4,110.55,110.225,110.3,8556616,2022-03-04,2022-03-04,49.9854,98.7839,101.2552,99.6608
2022-03-03,AGG,stock,109.79,110,109.65,109.86,15802644,2022-03-03,2022-03-03,45.9049,98.7624,101.2780,99.6883
2022-03-02,AGG,stock,110.3,110.38,109.46,109.49,9028866,2022-03-02,2022-03-02,42.2242,98.7801,101.3049,99.7330
2022-03-01,AGG,stock,110.6,111.17,110.57,110.82,14355116,2022-03-01,2022-03-01,54.6316,98.8347,101.3355,99.7930
2022-02-28,AGG,stock,110.03,110.43,110.02,110.36,16594641,2022-02-28,2022-02-28,48.0232,98.7694,101.3544,99.8068
2022-02-25,AGG,stock,109.45,109.58,109.33,109.57,10089128,2022-02-25,2022-02-25,37.2134,98.7558,101.3791,99.8439
2022-02-24,AGG,stock,109.67,109.7681,109.17,109.46,12372112,2022-02-24,2022-02-24,35.4784,98.8152,101.4112,99.9113
2022-02-23,AGG,stock,109.52,109.55,109.23,109.26,11732146,2022-02-23,2022-02-23,32.3209,98.8913,101.4445,99.9856
2022-02-22,AGG,stock,109.68,109.78,109.5616,109.75,7596817,2022-02-22,2022-02-22,36.3700,98.9943,101.4800,100.0702
2022-02-18,AGG,stock,109.83,109.88,109.71,109.87,7111143,2022-02-18,2022-02-18,37.4365,99.0619,101.5114,100.1403
2022-02-17,AGG,stock,109.58,109.805,109.5146,109.64,10216991,2022-02-17,2022-02-17,33.9916,99.1252,101.5421,100.2089
2022-02-16,AGG,stock,109.44,109.4849,109.1,109.41,8115969,2022-02-16,2022-02-16,30.4346,99.2170,101.5751,100.2887
2022-02-15,AGG,stock,109.36,109.51,109.24,109.28,5820180,2022-02-15,2022-02-15,28.4100,99.3401,101.6106,100.3801
2022-02-14,AGG,stock,109.66,109.76,109.4,109.46,8843670,2022-02-14,2022-02-14,29.5144,99.4884,101.6476,100.4801
2022-02-11,AGG,stock,109.74,110.155,109.3439,110.1,13868360,2022-02-11,2022-02-11,33.8604,99.6353,101.6833,100.5775
2022-02-10,AGG,stock,109.97,110.06,109.38,109.38,10761160,2022-02-10,2022-02-10,21.8371,99.7373,101.7136,100.6556
2022-02-09,AGG,stock,110.51,110.68,110.39,110.4,9194441,2022-02-09,2022-02-09,28.7004,99.9180,101.7508,100.7631
2022-02-08,AGG,stock,110.44,110.48,110.32,110.33,7986961,2022-02-08,2022-02-08,27.2432,100.0215,101.7791,100.8377
2022-02-07,AGG,stock,110.57,110.71,110.47,110.67,6723367,2022-02-07,2022-02-07,30.0094,100.1425,101.8083,100.9180
2022-02-04,AGG,stock,110.75,110.75,110.4707,110.57,6967250,2022-02-04,2022-02-04,28.0131,100.2442,101.8347,100.9890
2022-02-03,AGG,stock,111.26,111.37,111.13,111.27,10290431,2022-02-03,2022-02-03,34.3886,100.3660,101.8623,101.0667
2022-02-02,AGG,stock,111.7,111.97,111.6744,111.72,7967892,2022-02-02,2022-02-02,39.7949,100.4346,101.8839,101.1218
2022-02-01,AGG,stock,111.66,111.6764,111.38,111.6,10356014,2022-02-01,2022-02-01,37.3563,100.4679,101.9017,101.1628
2022-01-31,AGG,stock,111.64,111.89,111.6,111.8,12837442,2022-01-31,2022-01-31,37.8121,100.5161,101.9207,101.2099
2022-01-28,AGG,stock,111.46,111.86,111.44,111.81,10855688,2022-01-28,2022-01-28,37.9237,100.5657,101.9395,101.2574
2022-01-27,AGG,stock,111.62,111.88,111.62,111.73,6146781,2022-01-27,2022-01-27,36.5326,100.6196,101.9585,101.3066
2022-01-26,AGG,stock,112.06,112.13,111.36,111.36,10729365,2022-01-26,2022-01-26,29.7743,100.6867,101.9783,101.3606
2022-01-25,AGG,stock,112.18,112.3,111.96,111.99,9540988,2022-01-25,2022-01-25,35.8019,100.7958,102.0017,101.4304
2022-01-24,AGG,stock,112.3814,112.42,112.1,112.1,12131424,2022-01-24,2022-01-24,37.0170,100.8569,102.0197,101.4800
2022-01-21,AGG,stock,112.19,112.35,112.11,112.23,8679614,2022-01-21,2022-01-21,38.4489,100.9142,102.0368,101.5277
2022-01-20,AGG,stock,111.84,111.9,111.75,111.79,7186396,2022-01-20,2022-01-20,29.9301,100.9652,102.0530,101.5725
2022-01-19,AGG,stock,111.7,111.89,111.65,111.73,8304107,2022-01-19,2022-01-19,28.6803,101.0630,102.0733,101.6352
2022-01-18,AGG,stock,111.81,111.86,111.47,111.49,7943795,2022-01-18,2022-01-18,23.6198,101.1768,102.0943,101.7027
2022-01-14,AGG,stock,112.53,112.545,112.15,112.17,9113399,2022-01-14,2022-01-14,29.0411,101.3252,102.1177,101.7817
2022-01-13,AGG,stock,112.6,112.8,112.51,112.8,8454265,2022-01-13,2022-01-13,36.1865,101.4251,102.1352,101.8391
2022-01-12,AGG,stock,112.72,112.785,112.58,112.6,6713197,2022-01-12,2022-01-12,31.1962,101.4762,102.1472,101.8758
2022-01-11,AGG,stock,112.33,112.63,112.265,112.6,6728314,2022-01-11,2022-01-11,31.1962,101.5516,102.1611,101.9213
2022-01-10,AGG,stock,112.23,112.42,112.1427,112.39,8074992,2022-01-10,2022-01-10,25.9537,101.6348,102.1752,101.9687
2022-01-07,AGG,stock,112.69,112.705,112.34,112.49,9018905,2022-01-07,2022-01-07,26.8586,101.7466,102.1913,102.0257
2022-01-06,AGG,stock,112.75,112.84,112.66,112.82,8866493,2022-01-06,2022-01-06,30.0714,101.8608,102.2067,102.0813
2022-01-05,AGG,stock,113.34,113.36,112.9,112.94,8530902,2022-01-05,2022-01-05,31.3372,101.9559,102.2193,102.1272
2022-01-04,AGG,stock,113.22,113.3,113.075,113.29,7772171,2022-01-04,2022-01-04,35.3692,102.0497,102.2309,102.1706
2022-01-03,AGG,stock,113.67,113.6753,113.3,113.3,9399276,2022-01-03,2022-01-03,35.4903,102.1204,102.2394,102.2029
2021-12-31,AGG,stock,114.15,114.31,114.06,114.08,7978360,2021-12-31,2021-12-31,47.1999,102.1976,102.2480,102.2362
2021-12-30,AGG,stock,113.99,114.13,113.83,114.12,5455434,2021-12-30,2021-12-30,47.9533,102.2095,102.2496,102.2424
2021-12-29,AGG,stock,113.99,114.05,113.81,113.87,5933775,2021-12-29,2021-12-29,42.6396,102.2188,102.2509,102.2474
2021-12-28,AGG,stock,114.43,114.45,114.17,114.21,5253786,2021-12-28,2021-12-28,48.9509,102.2527,102.2545,102.2617
2021-12-27,AGG,stock,114.15,114.3,114.13,114.26,5436840,2021-12-27,2021-12-27,49.9607,102.2581,102.2550,102.2641
2021-12-23,AGG,stock,114.29,114.31,114.07,114.2,5506661,2021-12-23,2021-12-23,48.7834,102.2594,102.2551,102.2649
2021-12-22,AGG,stock,114.33,114.35,114.17,114.34,6171714,2021-12-22,2021-12-22,51.4038,102.2664,102.2557,102.2678
2021-12-21,AGG,stock,114.07,114.32,113.97,114.24,12970210,2021-12-21,2021-12-21,49.6085,102.2610,102.2551,102.2658
2021-12-20,AGG,stock,114.57,114.61,114.32,114.33,7382619,2021-12-20,2021-12-20,51.1889,102.2645,102.2554,102.2673
2021-12-17,AGG,stock,114.55,114.68,114.47,114.5,7428096,2021-12-17,2021-12-17,54.2185,102.2598,102.2549,102.2656
2021-12-16,AGG,stock,114.26,114.48,114.26,114.36,7566579,2021-12-16,2021-12-16,52.0483,102.2387,102.2528,102.2577
2021-12-15,AGG,stock,114.23,114.445,114.11,114.32,7459084,2021-12-15,2021-12-15,49.5686,102.2285,102.2520,102.2545
2021-12-14,AGG,stock,114.46,114.54,114.26,114.41,7503635,2021-12-14,2021-12-14,50.9759,102.2320,102.2525,102.2569
2021-12-13,AGG,stock,114.51,114.705,114.46,114.63,8659260,2021-12-13,2021-12-13,54.4871,102.2273,102.2523,102.2561
2021-12-10,AGG,stock,114.37,114.51,114.22,114.23,6501338,2021-12-10,2021-12-10,48.4979,102.2015,102.2501,102.2473
2021-12-09,AGG,stock,114.28,114.386,114.12,114.2,8646766,2021-12-09,2021-12-09,48.0215,102.2106,102.2514,102.2527
2021-12-08,AGG,stock,114.37,114.37,114.05,114.19,8050116,2021-12-08,2021-12-08,47.8723,102.2235,102.2531,102.2594
2021-12-07,AGG,stock,114.52,114.71,114.45,114.49,6787061,2021-12-07,2021-12-07,52.0340,102.2387,102.2548,102.2668
2021-12-06,AGG,stock,114.98,115.0391,114.6196,114.67,9416707,2021-12-06,2021-12-06,54.6826,102.2272,102.2539,102.2635
2021-12-03,AGG,stock,114.5,115.24,114.46,115.07,7600888,2021-12-03,2021-12-03,61.1001,102.1976,102.2513,102.2535
2021-12-02,AGG,stock,114.67,114.79,114.4001,114.61,7759699,2021-12-02,2021-12-02,55.5266,102.1272,102.2451,102.2285
2021-12-01,AGG,stock,114.27,114.64,114.21,114.63,12772743,2021-12-01,2021-12-01,55.8496,102.0927,102.2430,102.2192
2021-11-30,AGG,stock,114.87,115.1074,114.5,114.77,13108996,2021-11-30,2021-11-30,55.5887,102.0528,102.2407,102.2089
2021-11-29,AGG,stock,114.15,114.6,114.13,114.58,8982838,2021-11-29,2021-11-29,53.3556,102.0106,102.2386,102.1989
2021-11-26,AGG,stock,114.33,114.5769,114.2,114.52,3258891,2021-11-26,2021-11-26,52.6576,101.9819,102.2381,102.1954
2021-11-24,AGG,stock,113.47,113.725,113.3905,113.71,8472445,2021-11-24,2021-11-24,41.7260,101.9557,102.2382,102.1940
2021-11-23,AGG,stock,113.71,113.77,113.45,113.45,6275143,2021-11-23,2021-11-23,37.4190,102.0030,102.2456,102.2221
2021-11-22,AGG,stock,114.14,114.23,113.82,113.9,6995331,2021-11-22,2021-11-22,42.4629,102.0796,102.2553,102.2607
2021-11-19,AGG,stock,114.49,114.59,114.415,114.45,5688583,2021-11-19,2021-11-19,50.1323,102.1220,102.2611,102.2846
2021-11-18,AGG,stock,114.05,114.28,114.03,114.23,4230789,2021-11-18,2021-11-18,46.5464,102.1172,102.2621,102.2893
2021-11-17,AGG,stock,113.79,114.13,113.77,114.13,7173096,2021-11-17,2021-11-17,44.8732,102.1326,102.2650,102.3023
2021-11-16,AGG,stock,113.92,114.11,113.84,113.86,7484034,2021-11-16,2021-11-16,40.1786,102.1590,102.2689,102.3195
2021-11-15,AGG,stock,114.3,114.31,113.9,113.9,6405000,2021-11-15,2021-11-15,40.6549,102.2135,102.2752,102.3472
2021-11-12,AGG,stock,114.5,114.585,114.26,114.32,4554581,2021-11-12,2021-11-12,45.9677,102.2701,102.2812,102.3746
2021-11-11,AGG,stock,114.51,114.57,114.3,114.34,3937147,2021-11-11,2021-11-11,46.2348,102.2931,102.2835,102.3877
2021-11-10,AGG,stock,115.11,115.14,114.395,114.55,11620260,2021-11-10,2021-11-10,49.0122,102.3166,102.2856,102.4007
2021-11-09,AGG,stock,115.38,115.5,115.29,115.33,8215065,2021-11-09,2021-11-09,61.8203,102.3229,102.2859,102.4066
2021-11-08,AGG,stock,115.14,115.15,114.95,115.01,4922756,2021-11-08,2021-11-08,57.5992,102.2566,102.2792,102.3843
2021-11-05,AGG,stock,114.99,115.3199,114.9001,115.22,7283109,2021-11-05,2021-11-05,61.7601,102.2133,102.2753,102.3727
2021-11-04,AGG,stock,114.51,114.84,114.48,114.77,6618091,2021-11-04,2021-11-04,55.3407,102.1458,102.2695,102.3531
2021-11-03,AGG,stock,114.65,114.69,114.2501,114.39,6421690,2021-11-03,2021-11-03,48.5711,102.1134,102.2677,102.3490
2021-11-02,AGG,stock,114.43,114.69,114.43,114.62,4915631,2021-11-02,2021-11-02,53.0945,102.1133,102.2692,102.3586
2021-11-01,AGG,stock,114.16,114.42,114.14,114.39,5872796,2021-11-01,2021-11-01,48.6542,102.0916,102.2687,102.3602
2021-10-29,AGG,stock,114.35,114.78,114.35,114.64,10047906,2021-10-29,2021-10-29,49.9993,102.0893,102.2702,102.3702
2021-10-28,AGG,stock,114.71,114.825,114.57,114.67,5916055,2021-10-28,2021-10-28,50.5515,102.0801,102.2712,102.3781
2021-10-27,AGG,stock,114.66,114.915,114.425,114.76,8048651,2021-10-27,2021-10-27,52.1562,102.0671,102.2719,102.3852
2021-10-26,AGG,stock,114.25,114.38,114.11,114.38,5429821,2021-10-26,2021-10-26,45.3555,102.0443,102.2717,102.3894
2021-10-25,AGG,stock,114.06,114.27,114.06,114.17,8569649,2021-10-25,2021-10-25,41.0561,102.0547,102.2750,102.4075
2021-10-22,AGG,stock,113.97,114.1399,113.895,114.06,3528834,2021-10-22,2021-10-22,38.7106,102.0859,102.2802,102.4340
2021-10-21,AGG,stock,114.01,114.04,113.84,113.84,5228294,2021-10-21,2021-10-21,33.8199,102.1308,102.2865,102.4656
2021-10-20,AGG,stock,114.17,114.29,114.06,114.08,6183697,2021-10-20,2021-10-20,36.7941,102.2010,102.2947,102.5065
2021-10-19,AGG,stock,114.37,114.37,114.16,114.16,5041044,2021-10-19,2021-10-19,37.8236,102.2561,102.3009,102.5403
2021-10-18,AGG,stock,114.33,114.56,114.25,114.49,5575055,2021-10-18,2021-10-18,42.3643,102.3094,102.3065,102.5726
2021-10-15,AGG,stock,114.61,114.63,114.51,114.57,4644812,2021-10-15,2021-10-15,43.5409,102.3375,102.3091,102.5942
2021-10-14,AGG,stock,114.7,114.85,114.63,114.85,4094516,2021-10-14,2021-10-14,47.8611,102.3609,102.3111,102.6138
2021-10-13,AGG,stock,114.43,114.64,114.415,114.63,5522671,2021-10-13,2021-10-13,43.7921,102.3606,102.3105,102.6240
2021-10-12,AGG,stock,114.17,114.38,114.11,114.37,3688376,2021-10-12,2021-10-12,38.5274,102.3809,102.3120,102.6426
2021-10-11,AGG,stock,114.01,114.065,113.94,113.95,2178356,2021-10-11,2021-10-11,28.4789,102.4277,102.3158,102.6715
2021-10-08,AGG,stock,114.31,114.35,114.07,114.13,4581904,2021-10-08,2021-10-08,30.4604,102.5189,102.3233,102.7168
2021-10-07,AGG,stock,114.46,114.5,114.34,114.38,4456194,2021-10-07,2021-10-07,33.4632,102.6027,102.3294,102.7574
2021-10-06,AGG,stock,114.68,114.73,114.59,114.7,4893390,2021-10-06,2021-10-06,37.9044,102.6719,102.3332,102.7905
2021-10-05,AGG,stock,114.82,114.867,114.61,114.65,7422000,2021-10-05,2021-10-05,36.6852,102.7184,102.3343,102.8134
2021-10-04,AGG,stock,114.92,115.03,114.795,114.92,4180607,2021-10-04,2021-10-04,40.6913,102.7745,102.3358,102.8390
2021-10-01,AGG,stock,114.82,115.06,114.79,115,7064531,2021-10-01,2021-10-01,41.9518,102.8111,102.3349,102.8558
2021-09-30,AGG,stock,114.77,114.86,114.69,114.83,5348804,2021-09-30,2021-09-30,33.6188,102.8441,102.3332,102.8705
2021-09-29,AGG,stock,114.97,115.06,114.715,114.85,6161321,2021-09-29,2021-09-29,33.8770,102.9133,102.3347,102.8984
2021-09-28,AGG,stock,114.9,114.9999,114.695,114.77,7017089,2021-09-28,2021-09-28,31.9348,102.9880,102.3360,102.9267
2021-09-27,AGG,stock,115.21,115.375,115.185,115.25,5630622,2021-09-27,2021-09-27,38.1835,103.0779,102.3380,102.9591
2021-09-24,AGG,stock,115.5,115.5055,115.319,115.41,4461937,2021-09-24,2021-09-24,40.6451,103.1324,102.3358,102.9754
2021-09-23,AGG,stock,115.93,115.94,115.57,115.61,8265009,2021-09-23,2021-09-23,43.9326,103.1777,102.3321,102.9865
2021-09-22,AGG,stock,116.11,116.25,116.005,116.18,7139913,2021-09-22,2021-09-22,55.8974,103.2089,102.3266,102.9908
2021-09-21,AGG,stock,116.13,116.17,116.045,116.14,5225248,2021-09-21,2021-09-21,55.1005,103.1901,102.3159,102.9746
2021-09-20,AGG,stock,116.02,116.17,115.975,116.09,5464713,2021-09-20,2021-09-20,54.1388,103.1730,102.3055,102.9592
2021-09-17,AGG,stock,115.8,115.875,115.7428,115.87,5742502,2021-09-17,2021-09-17,49.7402,103.1589,102.2955,102.9450
2021-09-16,AGG,stock,115.95,116.11,115.905,115.97,4265519,2021-09-16,2021-09-16,51.8387,103.1638,102.2872,102.9382
2021-09-15,AGG,stock,116.29,116.2929,116.09,116.17,3448467,2021-09-15,2021-09-15,56.2457,103.1599,102.2781,102.9274
2021-09-14,AGG,stock,116.07,116.38,116.07,116.28,4183570,2021-09-14,2021-09-14,58.7986,103.1368,102.2670,102.9090
2021-09-13,AGG,stock,116,116.075,115.96,116.02,3954120,2021-09-13,2021-09-13,54.2401,103.1010,102.2548,102.8858
2021-09-10,AGG,stock,115.99,116.01,115.7801,115.87,3957348,2021-09-10,2021-09-10,51.3569,103.0858,102.2449,102.8711
2021-09-09,AGG,stock,115.84,116.147,115.755,116.1,3332649,2021-09-09,2021-09-09,56.4181,103.0830,102.2362,102.8613
2021-09-08,AGG,stock,115.7,115.82,115.62,115.73,3417489,2021-09-08,2021-09-08,48.8948,103.0585,102.2253,102.8427
2021-09-07,AGG,stock,115.64,115.6457,115.4737,115.54,3579852,2021-09-07,2021-09-07,44.3109,103.0659,102.2176,102.8368
2021-09-03,AGG,stock,115.84,115.89,115.7707,115.85,5274341,2021-09-03,2021-09-03,51.2794,103.0920,102.2116,102.8376
2021-09-02,AGG,stock,116.02,116.06,115.92,116.05,5427270,2021-09-02,2021-09-02,56.6131,103.0918,102.2027,102.8271
2021-09-01,AGG,stock,116.02,116.02,115.81,115.93,4153988,2021-09-01,2021-09-01,53.9442,103.0728,102.1920,102.8089
2021-08-31,AGG,stock,116.18,116.285,116.02,116.06,6763941,2021-08-31,2021-08-31,53.1108,103.0630,102.1822,102.7944
2021-08-30,AGG,stock,116.015,116.23,116,116.23,3706042,2021-08-30,2021-08-30,57.5035,103.0557,102.1727,102.7806
2021-08-27,AGG,stock,115.81,116.1,115.7146,116.1,5545551,2021-08-27,2021-08-27,54.8519,103.0318,102.1615,102.7601
2021-08-26,AGG,stock,115.76,115.79,115.6444,115.78,4879211,2021-08-26,2021-08-26,47.3420,103.0175,102.1514,102.7434
2021-08-25,AGG,stock,115.99,116.011,115.681,115.77,5452000,2021-08-25,2021-08-25,47.0866,103.0316,102.1440,102.7377
2021-08-24,AGG,stock,116.08,116.14,115.96,115.99,5875388,2021-08-24,2021-08-24,52.2652,103.0481,102.1367,102.7321
2021-08-23,AGG,stock,116.09,116.18,116.04,116.16,6585417,2021-08-23,2021-08-23,56.7431,103.0458,102.1273,102.7183
2021-08-20,AGG,stock,116.18,116.21,116.08,116.16,2897840,2021-08-20,2021-08-20,56.7431,103.0274,102.1163,102.6978
2021-08-19,AGG,stock,116.12,116.155,116.02,116.15,4581313,2021-08-19,2021-08-19,56.5543,103.0070,102.1052,102.6765
2021-08-18,AGG,stock,115.94,116.03,115.8,115.95,3981911,2021-08-18,2021-08-18,52.7222,102.9854,102.0941,102.6546
2021-08-17,AGG,stock,115.98,116.09,115.93,115.94,5469248,2021-08-17,2021-08-17,52.5278,102.9803,102.0846,102.6391
2021-08-16,AGG,stock,116.14,116.27,116.03,116.03,3693626,2021-08-16,2021-08-16,54.3972,102.9755,102.0752,102.6233
2021-08-13,AGG,stock,115.65,115.97,115.6401,115.97,4599772,2021-08-13,2021-08-13,53.3699,102.9618,102.0648,102.6036
2021-08-12,AGG,stock,115.49,115.5799,115.4,115.55,5017250,2021-08-12,2021-08-12,45.3709,102.9523,102.0549,102.5853
2021-08-11,AGG,stock,115.46,115.7,115.34,115.54,6674630,2021-08-11,2021-08-11,45.1630,102.9811,102.0486,102.5815
2021-08-10,AGG,stock,115.65,115.65,115.43,115.43,7332093,2021-08-10,2021-08-10,42.9443,103.0138,102.0424,102.5779
2021-08-09,AGG,stock,115.89,115.96,115.58,115.58,5298656,2021-08-09,2021-08-09,45.2632,103.0603,102.0371,102.5781
2021-08-06,AGG,stock,115.93,116.02,115.78,115.79,3811953,2021-08-06,2021-08-06,48.6803,103.0976,102.0303,102.5729
2021-08-05,AGG,stock,116.46,116.48,116.28,116.31,3283363,2021-08-05,2021-08-05,58.9057,103.1192,102.0217,102.5599
2021-08-04,AGG,stock,116.77,116.83,116.3,116.57,4654252,2021-08-04,2021-08-04,65.2711,103.0945,102.0083,102.5275
2021-08-03,AGG,stock,116.56,116.69,116.5306,116.58,3715333,2021-08-03,2021-08-03,65.5240,103.0428,101.9924,102.4843
2021-08-02,AGG,stock,116.36,116.68,116.305,116.54,5753765,2021-08-02,2021-08-02,65.0207,102.9847,101.9763,102.4390
2021-07-30,AGG,stock,116.36,116.485,116.3532,116.46,5552109,2021-07-30,2021-07-30,61.8347,102.9243,101.9604,102.3933
2021-07-29,AGG,stock,116.29,116.36,116.225,116.3,5517160,2021-07-29,2021-07-29,59.6193,102.8806,101.9466,102.3546
2021-07-28,AGG,stock,116.24,116.49,116.14,116.49,5463630,2021-07-28,2021-07-28,63.6965,102.8472,101.9340,102.3202
2021-07-27,AGG,stock,116.35,116.4,116.2727,116.38,5423774,2021-07-27,2021-07-27,62.3108,102.7925,101.9196,102.2775
2021-07-26,AGG,stock,116.3,116.33,116.085,116.11,7127420,2021-07-26,2021-07-26,58.7197,102.7424,101.9060,102.2371
2021-07-23,AGG,stock,116.03,116.22,116.03,116.21,4441022,2021-07-23,2021-07-23,60.7091,102.7122,101.8947,102.2047
2021-07-22,AGG,stock,116.03,116.35,116.03,116.29,8176256,2021-07-22,2021-07-22,62.2764,102.6695,101.8825,102.1674
2021-07-21,AGG,stock,116.075,116.15,115.92,116.02,9686429,2021-07-21,2021-07-21,58.9556,102.6148,101.8693,102.1257
2021-07-20,AGG,stock,116.78,116.82,116.32,116.4,8474754,2021-07-20,2021-07-20,66.6199,102.5796,101.8585,102.0921
2021-07-19,AGG,stock,116.39,116.6085,116.35,116.51,6688067,2021-07-19,2021-07-19,69.0322,102.5051,101.8441,102.0434
2021-07-16,AGG,stock,115.77,115.96,115.76,115.9,3869611,2021-07-16,2021-07-16,61.9347,102.4126,101.8286,101.9886
2021-07-15,AGG,stock,115.94,116.02,115.7222,116,4480890,2021-07-15,2021-07-15,64.1736,102.3673,101.8184,101.9538
2021-07-14,AGG,stock,115.59,115.76,115.569,115.75,4977399,2021-07-14,2021-07-14,60.8917,102.3079,101.8073,101.9139
2021-07-13,AGG,stock,115.65,115.76,115.3022,115.36,5145171,2021-07-13,2021-07-13,54.9082,102.2656,101.7982,101.8814
2021-07-12,AGG,stock,115.8,115.805,115.6,115.61,4266616,2021-07-12,2021-07-12,60.4098,102.2553,101.7925,101.8617
2021-07-09,AGG,stock,115.735,115.76,115.68,115.68,4750779,2021-07-09,2021-07-09,62.0256,102.2205,101.7845,101.8321
2021-07-08,AGG,stock,116.04,116.18,115.96,116.06,6538371,2021-07-08,2021-07-08,71.6919,102.1755,101.7759,101.7988
2021-07-07,AGG,stock,115.83,116.015,115.75,115.93,7786358,2021-07-07,2021-07-07,70.2175,102.0903,101.7637,101.7504
2021-07-06,AGG,stock,115.51,115.83,115.51,115.73,7372886,2021-07-06,2021-07-06,67.8233,102.0083,101.7526,101.7047
2021-07-02,AGG,stock,115.23,115.37,115.17,115.36,4312838,2021-07-02,2021-07-02,62.6678,101.9363,101.7431,101.6644
2021-07-01,AGG,stock,115.15,115.19,115.01,115.11,4744859,2021-07-01,2021-07-01,58.4955,101.8913,101.7369,101.6359
2021-06-30,AGG,stock,115.36,115.45,115.3,115.33,6653138,2021-06-30,2021-06-30,60.1023,101.8649,101.7328,101.6153
2021-06-29,AGG,stock,115.06,115.25,115.045,115.25,5097132,2021-06-29,2021-06-29,58.7986,101.8297,101.7282,101.5914
2021-06-28,AGG,stock,115.04,115.23,115.04,115.19,5739041,2021-06-28,2021-06-28,57.8392,101.7983,101.7241,101.5695
2021-06-25,AGG,stock,115.11,115.13,114.7516,114.86,6496582,2021-06-25,2021-06-25,52.1485,101.7692,101.7206,101.5489
2021-06-24,AGG,stock,115.1,115.17,115.045,115.09,8357942,2021-06-24,2021-06-24,57.1400,101.7678,101.7200,101.5393
2021-06-23,AGG,stock,115.06,115.138,114.99,115.05,5070470,2021-06-23,2021-06-23,56.4671,101.7448,101.7173,101.5211
2021-06-22,AGG,stock,114.83,115.14,114.83,115.11,6485071,2021-06-22,2021-06-22,57.7295,101.7231,101.7150,101.5035
2021-06-21,AGG,stock,115.06,115.12,114.921,114.99,6875480,2021-06-21,2021-06-21,55.8984,101.6935,101.7120,101.4831
2021-06-18,AGG,stock,115.05,115.39,114.91,115.29,5690395,2021-06-18,2021-06-18,62.1480,101.6720,101.7102,101.4662
2021-06-17,AGG,stock,114.792,115.25,114.785,114.98,7641819,2021-06-17,2021-06-17,57.5994,101.6202,101.7056,101.4377
2021-06-16,AGG,stock,115.07,115.1285,114.51,114.62,8622205,2021-06-16,2021-06-16,51.2870,101.5920,101.7038,101.4193
2021-06-15,AGG,stock,114.9,115.02,114.87,114.99,8230360,2021-06-15,2021-06-15,59.7807,101.5943,101.7051,101.4132
2021-06-14,AGG,stock,115.18,115.18,114.935,114.94,3270788,2021-06-14,2021-06-14,58.9271,101.5623,101.7032,101.3934
2021-06-11,AGG,stock,115.31,115.32,115.16,115.23,3781860,2021-06-11,2021-06-11,66.5314,101.5317,101.7017,101.3746
2021-06-10,AGG,stock,115.3,115.31,114.8605,115.28,4021902,2021-06-10,2021-06-10,67.9350,101.4707,101.6976,101.3446
2021-06-09,AGG,stock,115.43,115.43,114.97,115.04,3643098,2021-06-09,2021-06-09,64.6071,101.3987,101.6930,101.3115
2021-06-08,AGG,stock,114.84,114.87,114.78,114.81,4395332,2021-06-08,2021-06-08,61.0056,101.3415,101.6905,101.2858
2021-06-07,AGG,stock,113.97,114.64,113.97,114.6,3728371,2021-06-07,2021-06-07,57.3239,101.2998,101.6900,101.2673
2021-06-04,AGG,stock,114.39,114.68,114.22,114.68,4535897,2021-06-04,2021-06-04,59.3047,101.2732,101.6914,101.2557
2021-06-03,AGG,stock,114.31,114.46,114.21,114.21,3464339,2021-06-03,2021-06-03,49.8518,101.2364,101.6921,101.2407
2021-06-02,AGG,stock,114.45,114.51,114.3,114.48,6103871,2021-06-02,2021-06-02,56.9025,101.2395,101.6969,101.2420
2021-06-01,AGG,stock,114.36,114.4,114.164,114.33,6209773,2021-06-01,2021-06-01,53.5105,101.2178,101.6995,101.2337
2021-05-28,AGG,stock,114.55,114.68,114.5,114.55,6768941,2021-05-28,2021-05-28,54.9300,101.2078,101.7034,101.2305
2021-05-27,AGG,stock,114.61,114.62,114.45,114.55,5072323,2021-05-27,2021-05-27,54.9300,101.1918,101.7068,101.2252
2021-05-26,AGG,stock,114.13,114.8,114.13,114.69,3969393,2021-05-26,2021-05-26,58.4540,101.1741,101.7103,101.2197
2021-05-25,AGG,stock,114.58,114.75,114.0285,114.73,6351673,2021-05-25,2021-05-25,59.4661,101.1415,101.7126,101.2089
2021-05-24,AGG,stock,114.5,114.51,114.38,114.45,3867733,2021-05-24,2021-05-24,54.3256,101.1017,101.7145,101.1963
2021-05-21,AGG,stock,114.36,114.4,114.23,114.34,3873173,2021-05-21,2021-05-21,52.1100,101.0838,101.7190,101.1932
2021-05-20,AGG,stock,114.08,114.3,114.08,114.29,6243292,2021-05-20,2021-05-20,51.1090,101.0743,101.7244,101.1940
2021-05-19,AGG,stock,114.62,114.62,113.79,113.9,6892441,2021-05-19,2021-05-19,42.3868,101.0685,101.7304,101.1966
2021-05-18,AGG,stock,114.11,114.11,114.03,114.06,3674624,2021-05-18,2021-05-18,45.4776,101.0984,101.7399,101.2134
2021-05-17,AGG,stock,114.21,114.25,114.15,114.2,4926608,2021-05-17,2021-05-17,48.3416,101.1165,101.7481,101.2251
2021-05-14,AGG,stock,114.22,114.3,114.1219,114.3,3985440,2021-05-14,2021-05-14,50.4488,101.1234,101.7551,101.2323
2021-05-13,AGG,stock,113.9,114.06,113.78,114.04,6772308,2021-05-13,2021-05-13,44.6207,101.1218,101.7613,101.2361
2021-05-12,AGG,stock,113.98,114.01,113.78,113.78,7000777,2021-05-12,2021-05-12,37.8307,101.1443,101.7699,101.2494
2021-05-11,AGG,stock,114.23,114.38,114.13,114.18,6161678,2021-05-11,2021-05-11,45.8640,101.1933,101.7808,101.2727
2021-05-10,AGG,stock,114.61,114.72,114.4,114.43,5576535,2021-05-10,2021-05-10,52.3107,101.2102,101.7884,101.2825
2021-05-07,AGG,stock,114.85,114.97,114.57,114.61,7005205,2021-05-07,2021-05-07,57.7365,101.2056,101.7937,101.2837
2021-05-06,AGG,stock,114.55,114.71,114.53,114.64,4739453,2021-05-06,2021-05-06,58.6784,101.1838,101.7976,101.2784
2021-05-05,AGG,stock,114.45,114.62,114.45,114.62,3329011,2021-05-05,2021-05-05,58.2568,101.1568,101.8012,101.2719
2021-05-04,AGG,stock,114.55,114.7,114.41,114.53,6291480,2021-05-04,2021-05-04,56.3980,101.1289,101.8050,101.2657
2021-05-03,AGG,stock,114.4,114.59,114.33,114.39,5939532,2021-05-03,2021-05-03,53.4008,101.1065,101.8096,101.2626
2021-04-30,AGG,stock,114.41,114.515,114.33,114.49,6469535,2021-04-30,2021-04-30,51.8085,101.0947,101.8156,101.2644
2021-04-29,AGG,stock,114.14,114.37,114.09,114.37,6254127,2021-04-29,2021-04-29,49.1404,101.0884,101.8222,101.2689
2021-04-28,AGG,stock,114.45,114.4685,114.2,114.43,7078559,2021-04-28,2021-04-28,50.4369,101.0927,101.8300,101.2779
2021-04-27,AGG,stock,115.13,115.13,114.37,114.37,3823347,2021-04-27,2021-04-27,49.1921,101.0918,101.8373,101.2851
2021-04-26,AGG,stock,114.74,114.8015,114.65,114.65,3480303,2021-04-26,2021-04-26,55.1995,101.0964,101.8452,101.2948
2021-04-23,AGG,stock,114.81,115.086,114.6415,114.75,3813862,2021-04-23,2021-04-23,57.5294,101.0754,101.8508,101.2948
2021-04-22,AGG,stock,114.74,114.8,114.59,114.77,4571030,2021-04-22,2021-04-22,57.9839,101.0429,101.8555,101.2911
2021-04-21,AGG,stock,114.6,114.74,114.53,114.74,5511435,2021-04-21,2021-04-21,57.5164,101.0051,101.8600,101.2866
2021-04-20,AGG,stock,114.42,114.67,114.39,114.63,4322279,2021-04-20,2021-04-20,55.8435,100.9662,101.8649,101.2830
2021-04-19,AGG,stock,114,114.5,114,114.45,5072766,2021-04-19,2021-04-19,53.0335,100.9334,101.8708,101.2832
2021-04-16,AGG,stock,114.56,114.665,114.5,114.54,3663673,2021-04-16,2021-04-16,54.6481,100.9139,101.8783,101.2899
2021-04-15,AGG,stock,113.78,114.98,113.78,114.84,6753201,2021-04-15,2021-04-15,60.3339,100.8839,101.8852,101.2936
2021-04-14,AGG,stock,114.41,114.44,114.28,114.39,3620530,2021-04-14,2021-04-14,53.6114,100.8229,101.8894,101.2867
2021-04-13,AGG,stock,114.12,114.48,114.11,114.48,4040521,2021-04-13,2021-04-13,55.3536,100.7973,101.8977,101.2957
2021-04-12,AGG,stock,114.172,114.172,114,114.15,3845011,2021-04-12,2021-04-12,49.7991,100.7607,101.9053,101.3019
2021-04-09,AGG,stock,114.11,114.33,114.035,114.18,7467129,2021-04-09,2021-04-09,50.3276,100.7509,101.9158,101.3202
2021-04-08,AGG,stock,114.18,114.31,114.13,114.31,4932133,2021-04-08,2021-04-08,52.5729,100.7372,101.9262,101.3381
2021-04-07,AGG,stock,114.12,114.2968,114.025,114.03,4505626,2021-04-07,2021-04-07,47.9266,100.7101,101.9356,101.3521
2021-04-06,AGG,stock,113.98,114.22,113.95,114.21,4864120,2021-04-06,2021-04-06,50.9035,100.7061,101.9475,101.3768
2021-04-05,AGG,stock,113.78,113.89,113.69,113.81,9230132,2021-04-05,2021-04-05,43.6857,100.6850,101.9580,101.3959
2021-04-01,AGG,stock,113.93,114.05,113.83,114.04,10767223,2021-04-01,2021-04-01,47.4069,100.6988,101.9721,101.4303
2021-03-31,AGG,stock,113.84,113.98,113.71,113.83,6309151,2021-03-31,2021-03-31,39.4620,100.6928,101.9843,101.4578
2021-03-30,AGG,stock,113.64,113.85,113.525,113.81,4996946,2021-03-30,2021-03-30,39.0143,100.7215,102.0000,101.5002
2021-03-29,AGG,stock,113.52,114,113.52,113.72,7630810,2021-03-29,2021-03-29,37.0699,100.7552,102.0161,101.5450
2021-03-26,AGG,stock,113.91,114.075,113.86,113.91,4333939,2021-03-26,2021-03-26,39.5413,100.8007,102.0331,101.5949
2021-03-25,AGG,stock,114.24,114.29,113.99,114.1,5177994,2021-03-25,2021-03-25,42.1507,100.8334,102.0486,101.6400
2021-03-24,AGG,stock,113.9,114.2,113.86,114.16,6352692,2021-03-24,2021-03-24,42.9825,100.8519,102.0626,101.6801
2021-03-23,AGG,stock,113.89,114.04,113.77,114.02,5525062,2021-03-23,2021-03-23,40.4358,100.8668,102.0762,101.7197
2021-03-22,AGG,stock,113.7,113.8,113.6022,113.73,5468656,2021-03-22,2021-03-22,34.8377,100.8962,102.0912,101.7659
2021-03-19,AGG,stock,113.4,113.54,113.33,113.51,4701406,2021-03-19,2021-03-19,30.2176,100.9557,102.1089,101.8245
2021-03-18,AGG,stock,113.32,113.55,113.2,113.42,6222247,2021-03-18,2021-03-18,28.2862,101.0419,102.1287,101.8934
2021-03-17,AGG,stock,113.55,113.9778,113.48,113.86,6229776,2021-03-17,2021-03-17,32.3511,101.1455,102.1495,101.9683
2021-03-16,AGG,stock,113.97,114.032,113.78,113.87,3991008,2021-03-16,2021-03-16,32.4495,101.2191,102.1666,102.0304
2021-03-15,AGG,stock,113.6,114.01,113.6,113.91,5001788,2021-03-15,2021-03-15,32.8204,101.2995,102.1838,102.0947
2021-03-12,AGG,stock,113.88,113.91,113.705,113.79,5066976,2021-03-12,2021-03-12,30.6113,101.3848,102.2008,102.1602
2021-03-11,AGG,stock,114.47,114.54,114.295,114.44,8827827,2021-03-11,2021-03-11,36.6774,101.4901,102.2191,102.2327
2021-03-10,AGG,stock,114.3,114.5,114.275,114.45,6936942,2021-03-10,2021-03-10,36.7815,101.5461,102.2318,102.2848
2021-03-09,AGG,stock,114.2,114.31,114,114.26,5676798,2021-03-09,2021-03-09,33.4481,101.6071,102.2445,102.3386
2021-03-08,AGG,stock,114.2,114.23,113.83,113.83,5639392,2021-03-08,2021-03-08,25.1546,101.6922,102.2590,102.4014
2021-03-05,AGG,stock,114.17,114.3197,114.05,114.28,8675690,2021-03-05,2021-03-05,28.6205,101.8262,102.2775,102.4823
2021-03-04,AGG,stock,114.79,114.8,114.26,114.36,5953553,2021-03-04,2021-03-04,29.2867,101.9325,102.2922,102.5503
2021-03-03,AGG,stock,114.8,114.83,114.6,114.69,10317490,2021-03-03,2021-03-03,32.1531,102.0425,102.3063,102.6182
2021-03-02,AGG,stock,115.04,115.12,114.95,115.11,10111335,2021-03-02,2021-03-02,36.3588,102.1335,102.3176,102.6770
2021-03-01,AGG,stock,114.97,115.5899,114.89,115.09,13018087,2021-03-01,2021-03-01,35.9885,102.1951,102.3254,102.7230
2021-02-26,AGG,stock,114.96,115.39,114.5915,115.34,10930358,2021-02-26,2021-02-26,36.5833,102.2650,102.3334,102.7717
2021-02-25,AGG,stock,115.01,115.29,114.2,114.41,14922874,2021-02-25,2021-02-25,16.9169,102.3367,102.3409,102.8202
2021-02-24,AGG,stock,115.06,115.5,115.01,115.47,6232271,2021-02-24,2021-02-24,25.1821,102.5021,102.3567,102.9040
2021-02-23,AGG,stock,115.75,115.75,115.27,115.51,6035405,2021-02-23,2021-02-23,25.6207,102.5867,102.3633,102.9532
2021-02-22,AGG,stock,115.76,115.8662,115.48,115.48,4882621,2021-02-22,2021-02-22,24.7073,102.6764,102.3697,103.0030
2021-02-19,AGG,stock,116.0187,116.06,115.7515,115.84,4673220,2021-02-19,2021-02-19,28.6239,102.7784,102.3763,103.0559
2021-02-18,AGG,stock,116.14,116.28,116.03,116.2,5333967,2021-02-18,2021-02-18,33.5644,102.8578,102.3798,103.0980
2021-02-17,AGG,stock,116.22,116.29,116.145,116.26,6304064,2021-02-17,2021-02-17,34.4856,102.9121,102.3802,103.1289
2021-02-16,AGG,stock,116.22,116.23,116.02,116.03,5682753,2021-02-16,2021-02-16,27.3924,102.9666,102.3801,103.1588
2021-02-12,AGG,stock,116.67,116.74,116.5418,116.58,3284934,2021-02-12,2021-02-12,36.0622,103.0482,102.3820,103.1983
2021-02-11,AGG,stock,117.03,117.03,116.8,116.85,3470842,2021-02-11,2021-02-11,42.1422,103.0873,102.3790,103.2196
2021-02-10,AGG,stock,116.97,117.01,116.92,116.99,4296144,2021-02-10,2021-02-10,45.8655,103.1056,102.3736,103.2321
2021-02-09,AGG,stock,116.94,116.97,116.8215,116.88,4532466,2021-02-09,2021-02-09,42.1356,103.1127,102.3670,103.2400
2021-02-08,AGG,stock,116.75,116.9285,116.72,116.83,4704165,2021-02-08,2021-02-08,40.4024,103.1309,102.3612,103.2523
2021-02-05,AGG,stock,116.91,116.96,116.7,116.71,3446584,2021-02-05,2021-02-05,36.1396,103.1555,102.3558,103.2668
2021-02-04,AGG,stock,116.75,116.89,116.69,116.86,5287405,2021-02-04,2021-02-04,39.4116,103.1939,102.3515,103.2862
2021-02-03,AGG,stock,116.97,116.99,116.87,116.91,5492357,2021-02-03,2021-02-03,40.5479,103.2225,102.3457,103.3010
2021-02-02,AGG,stock,116.99,117.09,116.97,117.05,5187386,2021-02-02,2021-02-02,43.8338,103.2494,102.3395,103.3147
2021-02-01,AGG,stock,117.2,117.26,117.0915,117.23,6621900,2021-02-01,2021-02-01,48.5288,103.2661,102.3319,103.3238
2021-01-29,AGG,stock,117.1563,117.4,116.5625,117.31,12164830,2021-01-29,2021-01-29,45.1405,103.2680,102.3227,103.3269
2021-01-28,AGG,stock,117.48,117.49,117.29,117.44,6176611,2021-01-28,2021-01-28,48.5892,103.2803,102.3144,103.3341
2021-01-27,AGG,stock,117.61,117.67,117.04,117.52,3619105,2021-01-27,2021-01-27,50.8072,103.2820,102.3049,103.3370
2021-01-26,AGG,stock,117.46,117.585,117.4255,117.51,3639521,2021-01-26,2021-01-26,50.5452,103.2764,102.2945,103.3370
2021-01-25,AGG,stock,117.39,117.56,117.36,117.55,4049029,2021-01-25,2021-01-25,51.5654,103.2712,102.2841,103.3375
2021-01-22,AGG,stock,117.29,117.32,117.19,117.25,3513742,2021-01-22,2021-01-22,43.6434,103.2617,102.2733,103.3365
2021-01-21,AGG,stock,117.22,117.2985,117.14,117.25,8301326,2021-01-21,2021-01-21,43.6434,103.2790,102.2650,103.3463
2021-01-20,AGG,stock,117.35,117.43,117.31,117.42,6229268,2021-01-20,2021-01-20,47.4342,103.2981,102.2567,103.3564
2021-01-19,AGG,stock,117.27,117.42,117.22,117.41,7601121,2021-01-19,2021-01-19,47.1836,103.3035,102.2467,103.3609
2021-01-15,AGG,stock,117.34,117.36,117.18,117.25,6447838,2021-01-15,2021-01-15,43.1578,103.3103,102.2367,103.3659
2021-01-14,AGG,stock,117.37,117.45,117.08,117.13,6610456,2021-01-14,2021-01-14,39.9713,103.3327,102.2281,103.3768
2021-01-13,AGG,stock,117.63,117.63,117.08,117.36,6788521,2021-01-13,2021-01-13,44.4013,103.3686,102.2204,103.3925
2021-01-12,AGG,stock,116.82,116.99,116.68,116.99,7268716,2021-01-12,2021-01-12,33.3705,103.3870,102.2106,103.4006
2021-01-11,AGG,stock,117.02,117.05,116.89,116.89,8610105,2021-01-11,2021-01-11,29.8790,103.4415,102.2040,103.4223
2021-01-08,AGG,stock,117.18,117.3428,116.98,117.08,7335700,2021-01-08,2021-01-08,32.9227,103.5110,102.1982,103.4485
2021-01-07,AGG,stock,117.13,117.26,117.0667,117.22,6639609,2021-01-07,2021-01-07,35.3893,103.5703,102.1907,103.4689
2021-01-06,AGG,stock,117.9,117.9,117.15,117.34,10680792,2021-01-06,2021-01-06,37.6335,103.6228,102.1818,103.4852
2021-01-05,AGG,stock,118.06,118.06,117.75,117.92,7477903,2021-01-05,2021-01-05,52.6047,103.6698,102.1718,103.4978
2021-01-04,AGG,stock,118.08,118.14,117.985,118.04,6414050,2021-01-04,2021-01-04,56.9579,103.6680,102.1566,103.4901
2020-12-31,AGG,stock,118.18,118.24,118.12,118.19,4834717,2020-12-31,2020-12-31,63.0102,103.6549,102.1402,103.4777
2020-12-30,AGG,stock,118.09,118.12,117.9815,118.1,2762258,2020-12-30,2020-12-30,60.6826,103.6266,102.1222,103.4595
2020-12-29,AGG,stock,118.06,118.06,117.92,118.03,4295691,2020-12-29,2020-12-29,58.8106,103.6036,102.1049,103.4438
2020-12-28,AGG,stock,117.97,118.045,117.833,118.01,4558605,2020-12-28,2020-12-28,58.2837,103.5847,102.0880,103.4299
2020-12-24,AGG,stock,117.94,118.046,117.925,117.99,2214487,2020-12-24,2020-12-24,57.7822,103.5656,102.0712,103.4162
2020-12-23,AGG,stock,117.81,117.88,117.63,117.88,4157735,2020-12-23,2020-12-23,55.0205,103.5464,102.0543,103.4027
2020-12-22,AGG,stock,117.88,117.98,117.825,117.96,4516554,2020-12-22,2020-12-22,57.5635,103.5353,102.0383,103.3925
2020-12-21,AGG,stock,117.92,117.96,117.75,117.79,4818305,2020-12-21,2020-12-21,53.3050,103.5157,102.0214,103.3791
2020-12-18,AGG,stock,117.97,117.97,117.76,117.79,3874807,2020-12-18,2020-12-18,53.3050,103.5097,102.0058,103.3712
2020-12-17,AGG,stock,118.01,118.06,117.7299,117.85,6610627,2020-12-17,2020-12-17,54.9841,103.5032,101.9900,103.3630
2020-12-16,AGG,stock,117.83,118.033,117.761,117.98,4467913,2020-12-16,2020-12-16,55.1112,103.4903,101.9736,103.3523
2020-12-15,AGG,stock,117.95,118.03,117.9,118.03,4217872,2020-12-15,2020-12-15,56.3891,103.4757,101.9570,103.3409
2020-12-14,AGG,stock,117.86,118.025,117.7969,117.96,4705572,2020-12-14,2020-12-14,55.0336,103.4549,101.9397,103.3274
2020-12-11,AGG,stock,118.01,118.09,117.95,118.03,5636060,2020-12-11,2020-12-11,56.6691,103.4384,101.9229,103.3158
2020-12-10,AGG,stock,117.74,117.93,117.69,117.9,6192273,2020-12-10,2020-12-10,54.3285,103.4137,101.9053,103.3012
2020-12-09,AGG,stock,117.73,117.78,117.5172,117.61,6975697,2020-12-09,2020-12-09,48.5741,103.3984,101.8887,103.2907
2020-12-08,AGG,stock,117.88,117.9597,117.75,117.78,6807000,2020-12-08,2020-12-08,52.1508,103.4083,101.8745,103.2901
2020-12-07,AGG,stock,117.76,117.8262,117.69,117.77,6127835,2020-12-07,2020-12-07,51.9576,103.4035,101.8586,103.2834
2020-12-04,AGG,stock,117.9,117.9,117.5133,117.59,5896088,2020-12-04,2020-12-04,48.4802,103.3992,101.8426,103.2769
2020-12-03,AGG,stock,117.92,117.98,117.765,117.91,5198437,2020-12-03,2020-12-03,55.0590,103.4110,101.8281,103.2765
2020-12-02,AGG,stock,117.81,117.81,117.54,117.71,6120981,2020-12-02,2020-12-02,51.2171,103.3945,101.8107,103.2646
2020-12-01,AGG,stock,118.03,118.1,117.73,117.84,5100037,2020-12-01,2020-12-01,54.0035,103.3948,101.7948,103.2594
2020-11-30,AGG,stock,118.32,118.45,118.25,118.42,8688562,2020-11-30,2020-11-30,63.1693,103.3830,101.7776,103.2493
2020-11-27,AGG,stock,118.25,118.285,118.22,118.26,3436221,2020-11-27,2020-11-27,60.5067,103.3355,101.7569,103.2254
2020-11-25,AGG,stock,118.15,118.21,118.02,118.06,4125185,2020-11-25,2020-11-25,56.8894,103.2978,101.7374,103.2063
2020-11-24,AGG,stock,118.24,118.28,118.07,118.1,4696823,2020-11-24,2020-11-24,57.8738,103.2745,101.7195,103.1935
2020-11-23,AGG,stock,118.28,118.3,118.1734,118.26,4739119,2020-11-23,2020-11-23,61.8492,103.2452,101.7011,103.1788
2020-11-20,AGG,stock,118.19,118.34,118.13,118.29,7217433,2020-11-20,2020-11-20,62.5978,103.1979,101.6811,103.1578
2020-11-19,AGG,stock,118.08,118.26,118.03,118.17,6680775,2020-11-19,2020-11-19,60.8371,103.1429,101.6606,103.1348
2020-11-18,AGG,stock,117.95,117.99,117.89,117.95,6191072,2020-11-18,2020-11-18,57.4252,103.0932,101.6409,103.1152
2020-11-17,AGG,stock,117.75,117.9,117.75,117.87,4650191,2020-11-17,2020-11-17,56.1348,103.0586,101.6230,103.1027
2020-11-16,AGG,stock,117.61,117.67,117.58,117.63,7951487,2020-11-16,2020-11-16,52.0897,103.0277,101.6056,103.0925
2020-11-13,AGG,stock,117.52,117.69,117.52,117.64,5126806,2020-11-13,2020-11-13,52.2762,103.0157,101.5902,103.0905
2020-11-12,AGG,stock,117.37,117.63,117.33,117.62,7740846,2020-11-12,2020-11-12,51.9567,103.0016,101.5745,103.0881
2020-11-11,AGG,stock,117.06,117.18,117.02,117.13,3044345,2020-11-11,2020-11-11,43.3252,102.9878,101.5589,103.0863
2020-11-10,AGG,stock,117.05,117.23,117.03,117.06,5146371,2020-11-10,2020-11-10,41.9415,103.0177,101.5474,103.1019
2020-11-09,AGG,stock,117.4,117.47,117.06,117.25,6625285,2020-11-09,2020-11-09,44.6915,103.0573,101.5364,103.1207
2020-11-06,AGG,stock,117.81,117.86,117.6699,117.8,5514452,2020-11-06,2020-11-06,54.2537,103.0835,101.5236,103.1334
2020-11-05,AGG,stock,118.09,118.12,117.91,118.06,5293955,2020-11-05,2020-11-05,59.8773,103.0617,101.5058,103.1270
2020-11-04,AGG,stock,117.9,118.04,117.83,117.95,5308746,2020-11-04,2020-11-04,58.1741,103.0136,101.4856,103.1110
2020-11-03,AGG,stock,117.22,117.22,117.05,117.17,6693534,2020-11-03,2020-11-03,41.9481,102.9706,101.4661,103.0983
2020-11-02,AGG,stock,117.27,117.35,117.18,117.22,6667902,2020-11-02,2020-11-02,42.9396,102.9950,101.4533,103.1130
2020-10-30,AGG,stock,117.45,117.52,117.2,117.2,10610002,2020-10-30,2020-10-30,37.0930,103.0175,101.4400,103.1266
2020-10-29,AGG,stock,117.76,117.77,117.4,117.52,11775806,2020-10-29,2020-10-29,43.3113,103.0618,101.4284,103.1482
2020-10-28,AGG,stock,117.81,117.955,117.72,117.73,7329242,2020-10-28,2020-10-28,48.2392,103.0813,101.4138,103.1593
2020-10-27,AGG,stock,117.8,117.91,117.7275,117.9,5694085,2020-10-27,2020-10-27,52.7508,103.0835,101.3973,103.1633
2020-10-26,AGG,stock,117.65,117.72,117.59,117.63,4962531,2020-10-26,2020-10-26,45.1909,103.0702,101.3790,103.1614
2020-10-23,AGG,stock,117.3,117.52,117.3,117.47,3878745,2020-10-23,2020-10-23,39.8995,103.0805,101.3630,103.1691
2020-10-22,AGG,stock,117.51,117.54,117.3,117.3,4801011,2020-10-22,2020-10-22,33.5723,103.1066,101.3483,103.1829
2020-10-21,AGG,stock,117.59,117.64,117.48,117.51,3688494,2020-10-21,2020-10-21,38.1832,103.1510,101.3348,103.2032
2020-10-20,AGG,stock,117.7,117.71,117.58,117.65,4013620,2020-10-20,2020-10-20,41.7314,103.1809,101.3194,103.2169
2020-10-19,AGG,stock,117.81,117.87,117.72,117.75,4685033,2020-10-19,2020-10-19,44.4723,103.2009,101.3026,103.2262
2020-10-16,AGG,stock,117.99,118.0778,117.88,117.89,3933279,2020-10-16,2020-10-16,48.6241,103.2139,101.2848,103.2322
2020-10-15,AGG,stock,118.15,118.15,117.95,117.95,5459197,2020-10-15,2020-10-15,50.5003,103.2153,101.2655,103.2335
2020-10-14,AGG,stock,118.1,118.11,117.985,118.05,4919727,2020-10-14,2020-10-14,53.7075,103.2113,101.2456,103.2327
2020-10-13,AGG,stock,118.01,118.07,117.9294,117.98,3421737,2020-10-13,2020-10-13,51.7142,103.1977,101.2245,103.2283
2020-10-12,AGG,stock,117.85,117.95,117.77,117.95,2999269,2020-10-12,2020-10-12,50.8724,103.1891,101.2039,103.2262
2020-10-09,AGG,stock,117.65,117.74,117.5,117.72,2909311,2020-10-09,2020-10-09,43.9110,103.1824,101.1833,103.2252
2020-10-08,AGG,stock,117.67,117.71,117.59,117.69,4235989,2020-10-08,2020-10-08,42.9316,103.1962,101.1645,103.2322
2020-10-07,AGG,stock,117.53,117.66,117.4515,117.54,4801667,2020-10-07,2020-10-07,37.8966,103.2141,101.1458,103.2407
2020-10-06,AGG,stock,117.6,117.84,117.49,117.62,4338717,2020-10-06,2020-10-06,39.6281,103.2478,101.1282,103.2548
2020-10-05,AGG,stock,117.74,117.74,117.52,117.52,4890812,2020-10-05,2020-10-05,36.2471,103.2777,101.1098,103.2667
2020-10-02,AGG,stock,118.03,118.04,117.81,117.9,5599555,2020-10-02,2020-10-02,45.1739,103.3199,101.0920,103.2826
2020-10-01,AGG,stock,117.81,118.04,117.75,118.02,9741805,2020-10-01,2020-10-01,48.6901,103.3316,101.0707,103.2856
2020-09-30,AGG,stock,118.26,118.26,117.9516,118.06,6090816,2020-09-30,2020-09-30,43.1641,103.3334,101.0482,103.2844
2020-09-29,AGG,stock,118.28,118.33,118.21,118.25,5301718,2020-09-29,2020-09-29,48.9116,103.3503,101.0268,103.2890
2020-09-28,AGG,stock,118.18,118.23,118.11,118.23,5830389,2020-09-28,2020-09-28,48.2379,103.3515,101.0036,103.2870
2020-09-25,AGG,stock,118.12,118.17,118.05,118.13,5138241,2020-09-25,2020-09-25,44.8621,103.3546,100.9803,103.2855
2020-09-24,AGG,stock,118.01,118.16,118.01,118.09,4145039,2020-09-24,2020-09-24,43.4933,103.3673,100.9576,103.2876
2020-09-23,AGG,stock,118.35,118.35,118.07,118.08,5392884,2020-09-23,2020-09-23,43.1658,103.3850,100.9351,103.2913
2020-09-22,AGG,stock,118.25,118.38,118.2433,118.33,4390186,2020-09-22,2020-09-22,49.8772,103.4055,100.9124,103.2954
2020-09-21,AGG,stock,118.41,118.42,118.24,118.24,6191910,2020-09-21,2020-09-21,47.1293,103.4051,100.8874,103.2907
2020-09-18,AGG,stock,118.44,118.44,118.18,118.22,5149369,2020-09-18,2020-09-18,46.5243,103.4130,100.8628,103.2891
2020-09-17,AGG,stock,118.5,118.52,118.33,118.36,4882182,2020-09-17,2020-09-17,50.2626,103.4236,100.8382,103.2882
2020-09-16,AGG,stock,118.53,118.53,118.2,118.33,6452562,2020-09-16,2020-09-16,49.4545,103.4224,100.8121,103.2822
2020-09-15,AGG,stock,118.29,118.425,118.29,118.39,4163037,2020-09-15,2020-09-15,50.9932,103.4238,100.7860,103.2770
2020-09-14,AGG,stock,118.47,118.49,118.31,118.38,6394336,2020-09-14,2020-09-14,50.7561,103.4198,100.7591,103.2695
2020-09-11,AGG,stock,118.42,118.49,118.24,118.37,8200474,2020-09-11,2020-09-11,50.5339,103.4164,100.7320,103.2620
2020-09-10,AGG,stock,118.15,118.29,118.015,118.23,4932623,2020-09-10,2020-09-10,47.4507,103.4135,100.7048,103.2546
2020-09-09,AGG,stock,118.39,118.39,118.04,118.22,7824768,2020-09-09,2020-09-09,47.2325,103.4232,100.6785,103.2518
2020-09-08,AGG,stock,118.34,118.46,118.2,118.23,8894007,2020-09-08,2020-09-08,47.4153,103.4348,100.6520,103.2494
2020-09-04,AGG,stock,118.41,118.52,118.08,118.1,5366819,2020-09-04,2020-09-04,44.8386,103.4467,100.6252,103.2464
2020-09-03,AGG,stock,118.73,118.87,118.62,118.69,6856734,2020-09-03,2020-09-03,56.5077,103.4718,100.5992,103.2480
2020-09-02,AGG,stock,118.42,118.71,118.34,118.66,4838532,2020-09-02,2020-09-02,55.9666,103.4454,100.5678,103.2286
2020-09-01,AGG,stock,118.12,118.44,118,118.42,9844234,2020-09-01,2020-09-01,51.4829,103.4188,100.5364,103.2094
2020-08-31,AGG,stock,118.14,118.51,118.14,118.37,10894506,2020-08-31,2020-08-31,46.3038,103.4116,100.5067,103.1981
2020-08-28,AGG,stock,118.08,118.16,117.99,118.11,6467365,2020-08-28,2020-08-28,39.9978,103.4261,100.4789,103.1950
2020-08-27,AGG,stock,118.55,118.56,117.95,117.95,5609698,2020-08-27,2020-08-27,35.6816,103.4661,100.4531,103.2011
2020-08-26,AGG,stock,118.35,118.4199,118.21,118.36,5139794,2020-08-26,2020-08-26,43.0504,103.5249,100.4284,103.2131
2020-08-25,AGG,stock,118.35,118.46,118.182,118.38,4002330,2020-08-25,2020-08-25,43.4569,103.5523,100.3999,103.2109
2020-08-24,AGG,stock,118.72,118.82,118.6,118.63,4620863,2020-08-24,2020-08-24,48.8062,103.5807,100.3709,103.2080
2020-08-21,AGG,stock,118.74,118.76,118.55,118.68,6373275,2020-08-21,2020-08-21,49.9480,103.5891,100.3395,103.1961
2020-08-20,AGG,stock,118.58,118.71,118.56,118.56,4487506,2020-08-20,2020-08-20,47.1948,103.5939,100.3073,103.1819
2020-08-19,AGG,stock,118.65,118.7,118.34,118.35,4540992,2020-08-19,2020-08-19,42.0116,103.6101,100.2758,103.1714
2020-08-18,AGG,stock,118.4279,118.6,118.42,118.53,4765813,2020-08-18,2020-08-18,45.5719,103.6474,100.2459,103.1679
2020-08-17,AGG,stock,118.38,118.47,118.305,118.36,3947083,2020-08-17,2020-08-17,41.2020,103.6720,100.2140,103.1579
2020-08-14,AGG,stock,118.43,118.49,118.2,118.2,4556476,2020-08-14,2020-08-14,36.7649,103.7149,100.1834,103.1535
2020-08-13,AGG,stock,118.78,118.78,118.24,118.31,8023792,2020-08-13,2020-08-13,38.6257,103.7770,100.1538,103.1547
2020-08-12,AGG,stock,118.73,118.89,118.65,118.75,5524629,2020-08-12,2020-08-12,47.5682,103.8354,100.1230,103.1520
2020-08-11,AGG,stock,119.11,119.21,118.84,118.99,7809897,2020-08-11,2020-08-11,53.8870,103.8597,100.0880,103.1335
2020-08-10,AGG,stock,119.62,119.635,119.28,119.32,5152700,2020-08-10,2020-08-10,64.8933,103.8644,100.0505,103.1057
2020-08-07,AGG,stock,119.66,119.73,119.395,119.43,5559066,2020-08-07,2020-08-07,69.2727,103.8394,100.0098,103.0650
2020-08-06,AGG,stock,119.62,119.73,119.53,119.57,4608710,2020-08-06,2020-08-06,75.2764,103.8016,99.9677,103.0187
2020-08-05,AGG,stock,119.39,119.49,119.31,119.4,17346073,2020-08-05,2020-08-05,72.5986,103.7470,99.9239,102.9656
2020-08-04,AGG,stock,119.42,119.63,119.42,119.63,10935154,2020-08-04,2020-08-04,84.0326,103.7022,99.8813,102.9164
2020-08-03,AGG,stock,119.37,119.4,119.1903,119.4,13013685,2020-08-03,2020-08-03,81.2974,103.6316,99.8361,102.8569
2020-07-31,AGG,stock,119.45,119.63,119.4,119.56,5277863,2020-07-31,2020-07-31,80.6652,103.5747,99.7925,102.8032
2020-07-30,AGG,stock,119.51,119.54,119.4533,119.51,3052829,2020-07-30,2020-07-30,80.0025,103.5161,99.7489,102.7490
2020-07-29,AGG,stock,119.3,119.4299,119.24,119.42,9727968,2020-07-29,2020-07-29,78.7874,103.4560,99.7053,102.6944
2020-07-28,AGG,stock,119.3,119.35,119.22,119.28,6080801,2020-07-28,2020-07-28,76.7464,103.3978,99.6621,102.6407
2020-07-27,AGG,stock,119.4,119.42,119.15,119.2,5606050,2020-07-27,2020-07-27,75.4953,103.3463,99.6196,102.5899
2020-07-24,AGG,stock,119.26,119.41,119.19,119.28,11071680,2020-07-24,2020-07-24,79.4652,103.2967,99.5774,102.5398
2020-07-23,AGG,stock,119.35,119.39,119.2517,119.32,12117179,2020-07-23,2020-07-23,81.4538,103.2345,99.5341,102.4848
2020-07-22,AGG,stock,119.22,119.27,119.11,119.18,6296788,2020-07-22,2020-07-22,79.8119,103.1622,99.4900,102.4261
2020-07-21,AGG,stock,119.1,119.1,119.01,119.08,6098688,2020-07-21,2020-07-21,78.5525,103.0950,99.4467,102.3700
2020-07-20,AGG,stock,119.03,119.06,118.91,119.01,3989211,2020-07-20,2020-07-20,77.6460,103.0300,99.4038,102.3152
2020-07-17,AGG,stock,118.94,118.99,118.77,118.88,2548474,2020-07-17,2020-07-17,75.8888,102.9645,99.3611,102.2606
2020-07-16,AGG,stock,118.83,118.89,118.74,118.76,3530270,2020-07-16,2020-07-16,74.1468,102.9041,99.3191,102.2085
2020-07-15,AGG,stock,118.5,118.7,118.5,118.68,3403614,2020-07-15,2020-07-15,72.9363,102.8483,99.2778,102.1584
2020-07-14,AGG,stock,118.58,118.74,118.58,118.67,3986720,2020-07-14,2020-07-14,72.7884,102.7940,99.2367,102.1092
2020-07-13,AGG,stock,118.46,118.53,118.37,118.48,4803817,2020-07-13,2020-07-13,69.8853,102.7348,99.1953,102.0583
2020-07-10,AGG,stock,118.83,118.83,118.45,118.49,3133855,2020-07-10,2020-07-10,70.2516,102.6869,99.1551,102.0121
2020-07-09,AGG,stock,118.4,118.7,118.36,118.63,3804216,2020-07-09,2020-07-09,75.3884,102.6329,99.1145,101.9637
2020-07-08,AGG,stock,118.35,118.45,118.22,118.32,5026777,2020-07-08,2020-07-08,71.0334,102.5605,99.0722,101.9083
2020-07-07,AGG,stock,118.23,118.38,118.06,118.36,5454700,2020-07-07,2020-07-07,72.5721,102.5089,99.0322,101.8616
2020-07-06,AGG,stock,118.18,118.21,118,118.18,5945100,2020-07-06,2020-07-06,69.8425,102.4481,98.9915,101.8117
2020-07-02,AGG,stock,118.05,118.21,117.99,118.19,3614296,2020-07-02,2020-07-02,70.2029,102.3975,98.9519,101.7661
2020-07-01,AGG,stock,117.9,118.07,117.76,118.05,6746893,2020-07-01,2020-07-01,68.0603,102.3407,98.9119,101.7182
2020-06-30,AGG,stock,118.28,118.32,117.98,118.21,7451090,2020-06-30,2020-06-30,67.0750,102.2906,98.8726,101.6734
2020-06-29,AGG,stock,118.01,118.11,117.95,118.11,3517292,2020-06-29,2020-06-29,65.5030,102.2411,98.8336,101.6290
2020-06-26,AGG,stock,117.99,118.08,117.85,118.01,5683422,2020-06-26,2020-06-26,63.9028,102.1955,98.7950,101.5864
2020-06-25,AGG,stock,117.94,117.95,117.8,117.87,4723348,2020-06-25,2020-06-25,61.5862,102.1543,98.7568,101.5455
2020-06-24,AGG,stock,117.7,117.84,117.61,117.73,5040112,2020-06-24,2020-06-24,59.1520,102.1215,98.7196,101.5080
2020-06-23,AGG,stock,117.79,117.83,117.69,117.75,3991363,2020-06-23,2020-06-23,59.6534,102.0981,98.6831,101.4739
2020-06-22,AGG,stock,118,118,117.73,117.77,3315705,2020-06-22,2020-06-22,60.1267,102.0703,98.6462,101.4376
2020-06-19,AGG,stock,117.8,117.97,117.74,117.8,2917425,2020-06-19,2020-06-19,60.7986,102.0379,98.6087,101.3992
2020-06-18,AGG,stock,117.88,117.88,117.64,117.76,3356844,2020-06-18,2020-06-18,60.2486,101.9993,98.5705,101.3582
2020-06-17,AGG,stock,117.74,117.76,117.47,117.64,3695970,2020-06-17,2020-06-17,58.6319,101.9602,98.5323,101.3169
2020-06-16,AGG,stock,117.98,118,117.59,117.74,5327356,2020-06-16,2020-06-16,60.5371,101.9281,98.4948,101.2782
2020-06-15,AGG,stock,117.72,117.98,117.61,117.97,5669970,2020-06-15,2020-06-15,65.0517,101.8834,98.4560,101.2343
2020-06-12,AGG,stock,117.6,117.7,117.44,117.58,4571846,2020-06-12,2020-06-12,60.4020,101.8130,98.4149,101.1805
2020-06-11,AGG,stock,117.73,117.8,117.44,117.46,7438791,2020-06-11,2020-06-11,58.8374,101.7708,98.3767,101.1383
2020-06-10,AGG,stock,117.25,117.68,117.19,117.66,4680804,2020-06-10,2020-06-10,62.6698,101.7352,98.3392,101.0987
2020-06-09,AGG,stock,117.31,117.33,117.18,117.18,5512256,2020-06-09,2020-06-09,56.3307,101.6775,98.2995,101.0504
2020-06-08,AGG,stock,116.81,117.11,116.75,117.03,8551874,2020-06-08,2020-06-08,54.0674,101.6577,98.2637,101.0171
2020-06-05,AGG,stock,116.75,116.91,116.48,116.9,4882613,2020-06-05,2020-06-05,52.0682,101.6495,98.2288,100.9877
2020-06-04,AGG,stock,117.27,117.3,116.82,116.83,5002653,2020-06-04,2020-06-04,51.0018,101.6524,98.1947,100.9618
2020-06-03,AGG,stock,117.26,117.41,117.06,117.18,6077613,2020-06-03,2020-06-03,56.8766,101.6619,98.1609,100.9374
2020-06-02,AGG,stock,117.38,117.47,117.31,117.47,4286787,2020-06-02,2020-06-02,62.4073,101.6405,98.1236,100.8995
2020-06-01,AGG,stock,117.35,117.4,117.24,117.37,5580035,2020-06-01,2020-06-01,61.1992,101.5902,98.0835,100.8497
2020-05-29,AGG,stock,117.43,117.71,117.32,117.65,9228690,2020-05-29,2020-05-29,62.4341,101.5438,98.0438,100.8015
2020-05-28,AGG,stock,117.14,117.35,117.14,117.34,11140153,2020-05-28,2020-05-28,58.8330,101.4865,98.0031,100.7490
2020-05-27,AGG,stock,117.5,117.54,117.3,117.42,4772889,2020-05-27,2020-05-27,60.2162,101.4514,97.9648,100.7053
2020-05-26,AGG,stock,117.38,117.44,117.24,117.25,5962078,2020-05-26,2020-05-26,58.2807,101.4053,97.9254,100.6570
2020-05-22,AGG,stock,117.6,117.6,117.39,117.44,2794003,2020-05-22,2020-05-22,61.3798,101.3699,97.8870,100.6127
2020-05-21,AGG,stock,117.35,117.48,117.32,117.38,5143735,2020-05-21,2020-05-21,60.7680,101.3135,97.8466,100.5599
2020-05-20,AGG,stock,117.03,117.34,117,117.29,4579246,2020-05-20,2020-05-20,59.8830,101.2565,97.8063,100.5071
2020-05-19,AGG,stock,116.91,117.03,116.81,116.99,4703983,2020-05-19,2020-05-19,56.8714,101.2018,97.7664,100.4553
2020-05-18,AGG,stock,116.97,117.09,116.66,116.86,5037098,2020-05-18,2020-05-18,55.5280,101.1688,97.7287,100.4120
2020-05-15,AGG,stock,117.04,117.09,116.9,117.03,5988770,2020-05-15,2020-05-15,57.7108,101.1441,97.6918,100.3715
2020-05-14,AGG,stock,116.91,116.97,116.72,116.96,5698908,2020-05-14,2020-05-14,57.0655,101.1013,97.6530,100.3234
2020-05-13,AGG,stock,116.63,116.76,116.45,116.6,4425907,2020-05-13,2020-05-13,53.6909,101.0604,97.6145,100.2758
2020-05-12,AGG,stock,116.46,116.6,116.23,116.41,5931470,2020-05-12,2020-05-12,51.8357,101.0481,97.5787,100.2390
2020-05-11,AGG,stock,116.4,116.43,116.07,116.11,5249464,2020-05-11,2020-05-11,48.8301,101.0518,97.5442,100.2074
2020-05-08,AGG,stock,116.68,116.76,116.35,116.46,3443202,2020-05-08,2020-05-08,52.3705,101.0834,97.5119,100.1852
2020-05-07,AGG,stock,116.61,116.77,116.42,116.77,3786651,2020-05-07,2020-05-07,55.6915,101.0862,97.4763,100.1496
2020-05-06,AGG,stock,116.44,116.71,116.3,116.41,6298149,2020-05-06,2020-05-06,52.4392,101.0611,97.4376,100.1017
2020-05-05,AGG,stock,116.96,116.97,116.81,116.88,4611519,2020-05-05,2020-05-05,57.5612,101.0662,97.4017,100.0645
2020-05-04,AGG,stock,116.89,117.09,116.87,116.97,3684081,2020-05-04,2020-05-04,58.5786,101.0289,97.3613,100.0091
2020-05-01,AGG,stock,116.97,117.1,116.68,116.87,6099465,2020-05-01,2020-05-01,57.8092,100.9795,97.3197,99.9483
2020-04-30,AGG,stock,117.38,117.49,117.07,117.1,10387461,2020-04-30,2020-04-30,57.7634,100.9340,97.2786,99.8886
2020-04-29,AGG,stock,117.29,117.48,117.2,117.36,4653103,2020-04-29,2020-04-29,60.2708,100.8843,97.2371,99.8267
2020-04-28,AGG,stock,117.27,117.45,117.12,117.28,5889809,2020-04-28,2020-04-28,59.7719,100.8056,97.1929,99.7530
2020-04-27,AGG,stock,117.21,117.36,116.82,116.82,5576262,2020-04-27,2020-04-27,56.8807,100.7260,97.1490,99.6792
2020-04-24,AGG,stock,117.22,117.39,117.2,117.36,3162127,2020-04-24,2020-04-24,61.7157,100.6799,97.1087,99.6186
2020-04-23,AGG,stock,117.33,117.45,117.19,117.42,4331115,2020-04-23,2020-04-23,62.2617,100.5797,97.0632,99.5364
2020-04-22,AGG,stock,117.16,117.24,116.94,117.14,4647244,2020-04-22,2020-04-22,60.7572,100.4636,97.0168,99.4488
2020-04-21,AGG,stock,117.43,117.44,117.07,117.14,4660507,2020-04-21,2020-04-21,60.7572,100.3607,96.9723,99.3674
2020-04-20,AGG,stock,117.15,117.28,116.94,117.08,3847904,2020-04-20,2020-04-20,60.4659,100.2470,96.9274,99.2828
2020-04-17,AGG,stock,117.52,117.62,117.04,117.25,4949823,2020-04-17,2020-04-17,61.6700,100.1268,96.8826,99.1968
2020-04-16,AGG,stock,117.19,117.53,117.19,117.39,4744711,2020-04-16,2020-04-16,62.6236,99.9784,96.8358,99.1014
2020-04-15,AGG,stock,117.03,117.31,116.71,117.24,4367410,2020-04-15,2020-04-15,62.0396,99.8017,96.7873,98.9970
2020-04-14,AGG,stock,116.99,117,116.59,116.76,5506666,2020-04-14,2020-04-14,60.1914,99.6200,96.7397,98.8937
2020-04-13,AGG,stock,117.09,117.17,116.53,116.7,5738262,2020-04-13,2020-04-13,59.9652,99.4630,96.6958,98.8032
2020-04-09,AGG,stock,116.5,117.25,116.17,117.25,5584053,2020-04-09,2020-04-09,63.0135,99.2948,96.6519,98.7111
2020-04-08,AGG,stock,115.7,115.97,115.55,115.81,4674198,2020-04-08,2020-04-08,57.7978,99.0589,96.6028,98.5958
2020-04-07,AGG,stock,115.61,115.74,115.36,115.7,7743944,2020-04-07,2020-04-07,57.3714,98.9294,96.5658,98.5267
2020-04-06,AGG,stock,115.02,115.61,115.02,115.54,8457712,2020-04-06,2020-04-06,56.7816,98.7963,96.5293,98.4586
2020-04-03,AGG,stock,114.95,115.13,114.28,114.98,9786694,2020-04-03,2020-04-03,54.7467,98.6638,96.4939,98.3934
2020-04-02,AGG,stock,115.02,115.22,114.7,114.9,11565380,2020-04-02,2020-04-02,54.4623,98.5683,96.4629,98.3454
2020-04-01,AGG,stock,115.38,115.4,114.65,114.73,14192124,2020-04-01,2020-04-01,53.8905,98.4701,96.4324,98.2982
2020-03-31,AGG,stock,115.71,115.98,115.23,115.37,14018631,2020-03-31,2020-03-31,55.3735,98.3771,96.4030,98.2551
2020-03-30,AGG,stock,115.77,116.26,115.62,115.68,13340231,2020-03-30,2020-03-30,56.5177,98.2387,96.3700,98.1965
2020-03-27,AGG,stock,114.78,115.58,114.53,115.57,10841700,2020-03-27,2020-03-27,56.2196,98.0575,96.3339,98.1245
2020-03-26,AGG,stock,114.2,115.39,114.2,115.08,16610377,2020-03-26,2020-03-26,54.9421,97.8673,96.2984,98.0535
2020-03-25,AGG,stock,114,114.75,113.7,114.73,10749719,2020-03-25,2020-03-25,54.0528,97.7015,96.2668,97.9968
2020-03-24,AGG,stock,111.52,113.57,111.08,113.57,10253621,2020-03-24,2020-03-24,51.0815,97.5502,96.2380,97.9502
2020-03-23,AGG,stock,109.9,112.94,109,112.64,12535448,2020-03-23,2020-03-23,48.6073,97.4885,96.2189,97.9426
2020-03-20,AGG,stock,108.46,110.24,108.46,110.03,16403696,2020-03-20,2020-03-20,40.8052,97.5049,96.2077,97.9675
2020-03-19,AGG,stock,106.47,109.22,105.56,108.95,11656981,2020-03-19,2020-03-19,37.1384,97.7603,96.2190,98.0854
2020-03-18,AGG,stock,109.36,110.57,105.77,106.57,17047655,2020-03-18,2020-03-18,28.0134,98.1410,96.2399,98.2463
2020-03-17,AGG,stock,112.89,113.92,110.59,110.79,15737203,2020-03-17,2020-03-17,36.8112,98.7781,96.2816,98.4976
2020-03-16,AGG,stock,111.37,113.95,110.46,113.73,11802208,2020-03-16,2020-03-16,46.1972,99.0985,96.2871,98.6104
2020-03-13,AGG,stock,111.53,112.46,110.25,111.86,24960479,2020-03-13,2020-03-13,36.6583,99.1852,96.2671,98.6241
2020-03-12,AGG,stock,113.98,114.75,109.06,110.13,18683853,2020-03-12,2020-03-12,25.2779,99.4511,96.2632,98.7043
2020-03-11,AGG,stock,116.7,116.79,114.55,114.72,13053279,2020-03-11,2020-03-11,45.3530,99.9024,96.2742,98.8488
2020-03-10,AGG,stock,117.41,117.68,116.17,116.38,18581473,2020-03-10,2020-03-10,61.8480,99.9836,96.2455,98.8373
2020-03-09,AGG,stock,119.27,119.27,117,117.71,12976064,2020-03-09,2020-03-09,84.7916,99.9224,96.2021,98.7668
2020-03-06,AGG,stock,118.18,118.27,117.5,117.86,17456398,2020-03-06,2020-03-06,88.2189,99.7339,96.1467,98.6465
2020-03-05,AGG,stock,116.99,117.23,116.93,117,6802750,2020-03-05,2020-03-05,84.9886,99.5118,96.0895,98.5160
2020-03-04,AGG,stock,116.83,117.12,116.53,116.64,6285261,2020-03-04,2020-03-04,83.1978,99.3445,96.0391,98.4105
2020-03-03,AGG,stock,116.05,117.26,116.01,116.73,12540985,2020-03-03,2020-03-03,85.5674,99.1924,95.9914,98.3134
2020-03-02,AGG,stock,116.29,116.44,115.89,115.94,12998203,2020-03-02,2020-03-02,81.2039,99.0161,95.9424,98.2092
2020-02-28,AGG,stock,115.88,116.34,115.76,116.22,17242966,2020-02-28,2020-02-28,82.4012,98.8931,95.8997,98.1285
2020-02-27,AGG,stock,115.75,115.75,115.35,115.37,11606398,2020-02-27,2020-02-27,75.4193,98.7535,95.8563,98.0432
2020-02-26,AGG,stock,115.32,115.61,115.26,115.35,4762967,2020-02-26,2020-02-26,75.2044,98.6762,95.8198,97.9843
2020-02-25,AGG,stock,115.28,115.58,115.27,115.47,7474614,2020-02-25,2020-02-25,79.0556,98.5927,95.7831,97.9236
2020-02-24,AGG,stock,115.43,115.43,115.23,115.27,7489214,2020-02-24,2020-02-24,77.2528,98.4895,95.7450,97.8563
2020-02-21,AGG,stock,114.86,115.1,114.84,114.9,4492703,2020-02-21,2020-02-21,73.3057,98.3936,95.7083,97.7933
2020-02-20,AGG,stock,114.53,114.68,114.49,114.67,4055975,2020-02-20,2020-02-20,70.3343,98.3212,95.6744,97.7407
2020-02-19,AGG,stock,114.4,114.47,114.33,114.41,3692153,2020-02-19,2020-02-19,66.4096,98.2620,95.6422,97.6940
2020-02-18,AGG,stock,114.48,114.56,114.34,114.44,4874767,2020-02-18,2020-02-18,67.3645,98.2202,95.6118,97.6546
2020-02-14,AGG,stock,114.35,114.38,114.27,114.29,4004913,2020-02-14,2020-02-14,65.0299,98.1713,95.5809,97.6126
2020-02-13,AGG,stock,114.11,114.24,114.1,114.17,5214383,2020-02-13,2020-02-13,63.0674,98.1308,95.5511,97.5741
2020-02-12,AGG,stock,114.12,114.14,114.03,114.09,6373719,2020-02-12,2020-02-12,61.7381,98.0970,95.5219,97.5382
2020-02-11,AGG,stock,114.35,114.35,114.19,114.21,5633359,2020-02-11,2020-02-11,64.9965,98.0668,95.4931,97.5038
2020-02-10,AGG,stock,114.44,114.44,114.29,114.35,8187842,2020-02-10,2020-02-10,68.9381,98.0226,95.4631,97.4636
2020-02-07,AGG,stock,114.2,114.28,114.1,114.22,5224176,2020-02-07,2020-02-07,67.2243,97.9611,95.4314,97.4170
2020-02-06,AGG,stock,113.82,113.93,113.77,113.89,6838658,2020-02-06,2020-02-06,62.3244,97.9048,95.4007,97.3729
2020-02-05,AGG,stock,113.82,113.87,113.7601,113.82,6066905,2020-02-05,2020-02-05,61.1813,97.8727,95.3724,97.3387
2020-02-04,AGG,stock,114.1,114.1,113.89,113.99,5290765,2020-02-04,2020-02-04,65.6747,97.8434,95.3445,97.3056
2020-02-03,AGG,stock,114.2,114.41,114.08,114.37,7214231,2020-02-03,2020-02-03,77.4872,97.7957,95.3148,97.2652
2020-01-31,AGG,stock,114.48,114.67,114.38,114.65,5281895,2020-01-31,2020-01-31,78.7504,97.7084,95.2816,97.2097
2020-01-30,AGG,stock,114.28,114.54,114.235,114.31,6885551,2020-01-30,2020-01-30,75.2704,97.6087,95.2476,97.1506
2020-01-29,AGG,stock,114.13,114.35,114.11,114.3,2890161,2020-01-29,2020-01-29,75.1593,97.5292,95.2163,97.1011
2020-01-28,AGG,stock,114.1,114.16,113.95,114.04,4463823,2020-01-28,2020-01-28,72.1370,97.4423,95.1848,97.0499
2020-01-27,AGG,stock,114.14,114.16,114.05,114.14,4789955,2020-01-27,2020-01-27,75.4139,97.3698,95.1552,97.0058
2020-01-24,AGG,stock,113.68,113.89,113.67,113.79,4199775,2020-01-24,2020-01-24,71.1554,97.2805,95.1244,96.9564
2020-01-23,AGG,stock,113.64,113.7,113.58,113.58,3429530,2020-01-23,2020-01-23,68.0746,97.2137,95.0963,96.9172
2020-01-22,AGG,stock,113.44,113.49,113.39,113.43,3627169,2020-01-22,2020-01-22,65.6406,97.1587,95.0698,96.8838
2020-01-21,AGG,stock,113.25,113.41,113.22,113.37,4672052,2020-01-21,2020-01-21,64.6392,97.1116,95.0443,96.8543
2020-01-17,AGG,stock,113.02,113.1,112.97,113.05,3003267,2020-01-17,2020-01-17,58.6746,97.0650,95.0191,96.8257
2020-01-16,AGG,stock,113.16,113.21,113.05,113.18,2801378,2020-01-16,2020-01-16,62.6618,97.0424,94.9964,96.8072
2020-01-15,AGG,stock,113.18,113.19,113.07,113.18,3896304,2020-01-15,2020-01-15,62.6618,97.0057,94.9723,96.7834
2020-01-14,AGG,stock,112.97,113.02,112.93,113.01,3625422,2020-01-14,2020-01-14,59.5635,96.9651,94.9480,96.7586
2020-01-13,AGG,stock,112.89,112.94,112.83,112.91,4465340,2020-01-13,2020-01-13,57.6437,96.9357,94.9249,96.7387
2020-01-10,AGG,stock,112.9,112.99,112.82,112.98,4198053,2020-01-10,2020-01-10,59.4792,96.9122,94.9025,96.7216
2020-01-09,AGG,stock,112.49,112.79,112.46,112.79,9110852,2020-01-09,2020-01-09,55.9434,96.8799,94.8792,96.7013
2020-01-08,AGG,stock,112.85,112.94,112.55,112.67,7323117,2020-01-08,2020-01-08,53.5671,96.8614,94.8573,96.6868
2020-01-07,AGG,stock,112.92,112.92,112.78,112.8,2882995,2020-01-07,2020-01-07,56.6402,96.8518,94.8363,96.6760
2020-01-06,AGG,stock,113.13,113.13,112.84,112.92,8131608,2020-01-06,2020-01-06,59.5695,96.8295,94.8139,96.6601
2020-01-03,AGG,stock,112.89,113.05,112.78,113.01,3664283,2020-01-03,2020-01-03,61.7952,96.7939,94.7902,96.6394
2020-01-02,AGG,stock,112.68,112.8,112.56,112.68,6791422,2020-01-02,2020-01-02,56.2267,96.7464,94.7655,96.6147
2019-12-31,AGG,stock,112.54,112.54,112.37,112.37,6807577,2019-12-31,2019-12-31,49.8508,96.7238,94.7435,96.6006
2019-12-30,AGG,stock,112.42,112.65,112.34,112.63,3979075,2019-12-30,2019-12-30,56.2294,96.7270,94.7239,96.5967
2019-12-27,AGG,stock,112.6,112.64,112.58,112.63,4733786,2019-12-27,2019-12-27,56.2294,96.7069,94.7018,96.5836
2019-12-26,AGG,stock,112.42,112.49,112.32,112.48,6072100,2019-12-26,2019-12-26,53.2540,96.6846,94.6795,96.5700
2019-12-24,AGG,stock,112.17,112.4,112.13,112.38,1887800,2019-12-24,2019-12-24,51.2005,96.6737,94.6583,96.5610
2019-12-23,AGG,stock,112.38,112.39,112.18,112.24,3148580,2019-12-23,2019-12-23,48.2448,96.6706,94.6378,96.5553
2019-12-20,AGG,stock,112.21,112.33,112.15,112.32,8809204,2019-12-20,2019-12-20,49.8468,96.6799,94.6183,96.5542
2019-12-19,AGG,stock,112.19,112.36,112.13,112.3,5613828,2019-12-19,2019-12-19,49.4572,96.6829,94.5978,96.5502
2019-12-18,AGG,stock,112.55,112.56,112.36,112.37,6516293,2019-12-18,2019-12-18,47.1648,96.6881,94.5774,96.5468
2019-12-17,AGG,stock,112.69,112.7,112.52,112.59,3016266,2019-12-17,2019-12-17,51.0934,96.7047,94.5577,96.5474
2019-12-16,AGG,stock,112.68,112.69,112.5,112.58,5012142,2019-12-16,2019-12-16,50.9208,96.7031,94.5360,96.5404
2019-12-13,AGG,stock,112.58,112.86,112.4,112.81,5910984,2019-12-13,2019-12-13,55.0703,96.7023,94.5141,96.5335
2019-12-12,AGG,stock,112.79,112.79,112.22,112.36,5080118,2019-12-12,2019-12-12,47.2627,96.6806,94.4901,96.5182
2019-12-11,AGG,stock,112.67,112.9,112.61,112.84,3470043,2019-12-11,2019-12-11,57.0888,96.6973,94.4697,96.5180
2019-12-10,AGG,stock,112.67,112.67,112.49,112.54,3761060,2019-12-10,2019-12-10,51.2007,96.6724,94.4449,96.5010
2019-12-09,AGG,stock,112.69,112.72,112.57,112.58,7398338,2019-12-09,2019-12-09,52.0856,96.6720,94.4225,96.4939
2019-12-06,AGG,stock,112.47,112.68,112.41,112.52,4648200,2019-12-06,2019-12-06,50.9038,96.6679,94.3995,96.4850
2019-12-05,AGG,stock,112.58,112.74,112.53,112.68,4374749,2019-12-05,2019-12-05,54.2150,96.6688,94.3768,96.4779
2019-12-04,AGG,stock,112.87,112.95,112.68,112.81,5806479,2019-12-04,2019-12-04,57.0131,96.6553,94.3524,96.4649
2019-12-03,AGG,stock,112.8,113.13,112.76,113,5310615,2019-12-03,2019-12-03,61.3072,96.6287,94.3267,96.4468
2019-12-02,AGG,stock,112.31,112.51,112.29,112.49,9329626,2019-12-02,2019-12-02,52.3647,96.5820,94.2992,96.4213
2019-11-29,AGG,stock,113.01,113.02,112.85,112.86,4058982,2019-11-29,2019-11-29,55.2481,96.5766,94.2757,96.4126
2019-11-27,AGG,stock,113.03,113.07,112.96,113,3437269,2019-11-27,2019-11-27,58.6243,96.5594,94.2509,96.3993
2019-11-26,AGG,stock,113.09,113.16,113.08,113.14,2522234,2019-11-26,2019-11-26,62.1510,96.5278,94.2247,96.3805
2019-11-25,AGG,stock,112.91,113.01,112.89,112.98,4392682,2019-11-25,2019-11-25,59.5699,96.4802,94.1970,96.3560
2019-11-22,AGG,stock,112.89,112.9,112.76,112.87,2507046,2019-11-22,2019-11-22,57.7296,96.4420,94.1704,96.3361
2019-11-21,AGG,stock,112.8,112.89,112.72,112.81,6522830,2019-11-21,2019-11-21,56.7321,96.4097,94.1445,96.3193
2019-11-20,AGG,stock,112.83,112.98,112.81,112.97,3474473,2019-11-20,2019-11-20,60.2529,96.3794,94.1189,96.3038
2019-11-19,AGG,stock,112.63,112.76,112.6,112.7,2655951,2019-11-19,2019-11-19,55.9713,96.3315,94.0916,96.2822
2019-11-18,AGG,stock,112.56,112.65,112.52,112.62,6044518,2019-11-18,2019-11-18,54.6266,96.3030,94.0663,96.2691
2019-11-15,AGG,stock,112.46,112.46,112.38,112.41,5078285,2019-11-15,2019-11-15,50.9770,96.2786,94.0415,96.2583
2019-11-14,AGG,stock,112.5,112.57,112.43,112.47,2901048,2019-11-14,2019-11-14,52.0885,96.2707,94.0183,96.2543
2019-11-13,AGG,stock,112.2,112.23,112.08,112.15,2598503,2019-11-13,2019-11-13,46.2883,96.2564,93.9943,96.2482
2019-11-12,AGG,stock,111.92,112.03,111.8,111.95,2032870,2019-11-12,2019-11-12,42.2294,96.2696,93.9728,96.2529
2019-11-11,AGG,stock,111.96,111.96,111.78,111.83,2112221,2019-11-11,2019-11-11,39.6902,96.3022,93.9528,96.2649
2019-11-08,AGG,stock,111.87,112.1,111.81,111.81,3866063,2019-11-08,2019-11-08,39.2772,96.3490,93.9337,96.2815
2019-11-07,AGG,stock,112.12,112.12,111.64,111.87,4022445,2019-11-07,2019-11-07,40.0411,96.4026,93.9145,96.2995
2019-11-06,AGG,stock,112.4,112.51,112.26,112.4,3908982,2019-11-06,2019-11-06,47.6417,96.4564,93.8947,96.3162
2019-11-05,AGG,stock,112.35,112.38,112.15,112.23,3765444,2019-11-05,2019-11-05,44.5041,96.4680,93.8700,96.3150
2019-11-04,AGG,stock,112.71,112.72,112.59,112.65,2723742,2019-11-04,2019-11-04,51.5974,96.4963,93.8466,96.3197
2019-11-01,AGG,stock,112.98,113.11,112.81,112.93,3988327,2019-11-01,2019-11-01,57.2456,96.4895,93.8193,96.3099
2019-10-31,AGG,stock,112.98,113.3,112.89,113.15,5416778,2019-10-31,2019-10-31,56.7543,96.4569,93.7894,96.2899
2019-10-30,AGG,stock,112.45,112.75,112.43,112.71,2381436,2019-10-30,2019-10-30,49.1410,96.4236,93.7594,96.2701
2019-10-29,AGG,stock,112.48,112.5,112.35,112.39,2384726,2019-10-29,2019-10-29,42.2785,96.4264,93.7329,96.2650
2019-10-28,AGG,stock,112.42,112.44,112.31,112.38,2748333,2019-10-28,2019-10-28,42.0516,96.4583,93.7089,96.2708
2019-10-25,AGG,stock,112.84,112.85,112.52,112.62,2486699,2019-10-25,2019-10-25,46.0890,96.4944,93.6847,96.2771
2019-10-24,AGG,stock,112.84,112.95,112.75,112.78,1725844,2019-10-24,2019-10-24,49.0015,96.5128,93.6582,96.2754
2019-10-23,AGG,stock,112.82,112.88,112.73,112.75,1887886,2019-10-23,2019-10-23,48.4341,96.5187,93.6301,96.2680
2019-10-22,AGG,stock,112.65,112.74,112.51,112.66,2147439,2019-10-22,2019-10-22,46.7850,96.5279,93.6019,96.2613
2019-10-21,AGG,stock,112.62,112.71,112.49,112.49,3314469,2019-10-21,2019-10-21,43.6226,96.5462,93.5743,96.2575
2019-10-18,AGG,stock,112.76,112.91,112.73,112.8,1454236,2019-10-18,2019-10-18,48.5033,96.5817,93.5478,96.2595
2019-10-17,AGG,stock,112.67,112.86,112.62,112.72,2320651,2019-10-17,2019-10-17,47.0846,96.5931,93.5184,96.2508
2019-10-16,AGG,stock,112.68,112.79,112.62,112.75,2430650,2019-10-16,2019-10-16,47.5407,96.6128,93.4894,96.2445
2019-10-15,AGG,stock,112.9,112.92,112.55,112.55,4168633,2019-10-15,2019-10-15,44.1945,96.6320,93.4598,96.2368
2019-10-14,AGG,stock,112.93,112.93,112.82,112.92,1716639,2019-10-14,2019-10-14,49.6331,96.6711,93.4317,96.2359
2019-10-11,AGG,stock,112.84,112.85,112.59,112.73,3566227,2019-10-11,2019-10-11,46.4933,96.6811,93.4001,96.2220
2019-10-10,AGG,stock,113.27,113.33,113.03,113.1,4312361,2019-10-10,2019-10-10,52.4000,96.7092,93.3698,96.2141
2019-10-09,AGG,stock,113.55,113.56,113.36,113.49,3332760,2019-10-09,2019-10-09,59.8408,96.7069,93.3360,96.1931
2019-10-08,AGG,stock,113.82,113.82,113.49,113.55,3055708,2019-10-08,2019-10-08,61.0799,96.6693,93.2985,96.1575
2019-10-07,AGG,stock,113.64,113.71,113.51,113.51,2492981,2019-10-07,2019-10-07,60.5746,96.6224,93.2602,96.1184
2019-10-04,AGG,stock,113.68,113.83,113.63,113.82,3331180,2019-10-04,2019-10-04,66.8181,96.5741,93.2218,96.0791
2019-10-03,AGG,stock,113.34,113.74,113.32,113.64,5144049,2019-10-03,2019-10-03,64.8656,96.4928,93.1803,96.0274
2019-10-02,AGG,stock,113.19,113.31,113.09,113.2,9561979,2019-10-02,2019-10-02,59.4494,96.4192,93.1400,95.9799
2019-10-01,AGG,stock,112.71,113.25,112.63,113.12,5980252,2019-10-01,2019-10-01,58.3658,96.3774,93.1030,95.9457
2019-09-30,AGG,stock,112.93,113.27,112.92,113.17,6621995,2019-09-30,2019-09-30,55.5415,96.3384,93.0664,95.9130
2019-09-27,AGG,stock,113,113.17,113,113.14,4652474,2019-09-27,2019-09-27,55.1284,96.3138,93.0312,95.8861
2019-09-26,AGG,stock,113,113.1,112.94,113,4869355,2019-09-26,2019-09-26,53.2460,96.2893,92.9958,95.8591
2019-09-25,AGG,stock,113.21,113.23,112.74,112.81,3813759,2019-09-25,2019-09-25,50.6363,96.2747,92.9614,95.8359
2019-09-24,AGG,stock,113.03,113.36,113.03,113.28,2602486,2019-09-24,2019-09-24,58.0833,96.2758,92.9281,95.8184
2019-09-23,AGG,stock,113.02,113.24,112.94,112.97,3412011,2019-09-23,2019-09-23,53.9339,96.2346,92.8906,95.7838
2019-09-20,AGG,stock,112.64,112.94,112.59,112.92,2057157,2019-09-20,2019-09-20,53.2407,96.2171,92.8553,95.7586
2019-09-19,AGG,stock,112.64,112.66,112.45,112.51,2280050,2019-09-19,2019-09-19,47.1893,96.2021,92.8201,95.7341
2019-09-18,AGG,stock,112.5,112.7,112.29,112.35,2291379,2019-09-18,2019-09-18,44.5908,96.2224,92.7880,95.7228
2019-09-17,AGG,stock,112.11,112.37,112.02,112.22,2614166,2019-09-17,2019-09-17,42.4546,96.2592,92.7570,95.7167
2019-09-16,AGG,stock,112.05,112.15,111.89,112.05,2923475,2019-09-16,2019-09-16,39.6283,96.3116,92.7268,95.7149
2019-09-13,AGG,stock,112.15,112.27,111.75,111.75,2506564,2019-09-13,2019-09-13,34.3442,96.3848,92.6978,95.7189
2019-09-12,AGG,stock,112.91,112.91,112.34,112.42,4069598,2019-09-12,2019-09-12,41.9605,96.4926,92.6710,95.7335
2019-09-11,AGG,stock,112.58,112.71,112.56,112.6,2647039,2019-09-11,2019-09-11,44.4179,96.5515,92.6382,95.7254
2019-09-10,AGG,stock,113.1,113.13,112.58,112.58,3119323,2019-09-10,2019-09-10,44.0800,96.6005,92.6036,95.7107
2019-09-09,AGG,stock,113.39,113.39,113.18,113.19,2747429,2019-09-09,2019-09-09,53.2473,96.6565,92.5688,95.6961
2019-09-06,AGG,stock,113.66,113.72,113.56,113.67,3675151,2019-09-06,2019-09-06,62.7886,96.6635,92.5284,95.6596
2019-09-05,AGG,stock,113.61,113.67,113.3,113.55,5336458,2019-09-05,2019-09-05,61.1735,96.6282,92.4834,95.6049
2019-09-04,AGG,stock,113.82,114.08,113.82,114.04,3814273,2019-09-04,2019-09-04,73.2239,96.6000,92.4391,95.5522
2019-09-03,AGG,stock,113.86,114.12,113.69,113.84,6197414,2019-09-03,2019-09-03,71.0635,96.5247,92.3901,95.4803
2019-08-30,AGG,stock,113.9,114.15,113.89,114.13,4661629,2019-08-30,2019-08-30,71.7785,96.4595,92.3423,95.4123
2019-08-29,AGG,stock,114.08,114.08,113.84,114.03,2670969,2019-08-29,2019-08-29,70.7533,96.3850,92.2938,95.3407
2019-08-28,AGG,stock,114.3,114.3,114.04,114.1,5102472,2019-08-28,2019-08-28,72.4644,96.3117,92.2457,95.2697
2019-08-27,AGG,stock,113.91,114.12,113.87,114.09,3473405,2019-08-27,2019-08-27,72.3757,96.2244,92.1965,95.1933
2019-08-26,AGG,stock,113.84,113.95,113.67,113.73,5128260,2019-08-26,2019-08-26,69.0455,96.1288,92.1469,95.1141
2019-08-23,AGG,stock,113.34,113.91,113.31,113.78,3772105,2019-08-23,2019-08-23,70.1360,96.0553,92.0998,95.0442
2019-08-22,AGG,stock,113.51,113.68,113.3,113.32,6294965,2019-08-22,2019-08-22,65.4784,95.9697,92.0519,94.9698
2019-08-21,AGG,stock,113.51,113.83,113.51,113.62,3815389,2019-08-21,2019-08-21,72.3077,95.9163,92.0074,94.9082
2019-08-20,AGG,stock,113.67,113.7,113.56,113.68,2253593,2019-08-20,2019-08-20,73.7360,95.8304,91.9599,94.8338
2019-08-19,AGG,stock,113.34,113.46,113.27,113.37,2900796,2019-08-19,2019-08-19,70.9865,95.7300,91.9115,94.7542
2019-08-16,AGG,stock,113.57,113.685,113.36,113.67,5209017,2019-08-16,2019-08-16,78.3578,95.6469,91.8651,94.6821
2019-08-15,AGG,stock,113.39,113.91,113.37,113.76,2822315,2019-08-15,2019-08-15,80.6919,95.5281,91.8158,94.5967
2019-08-14,AGG,stock,113.28,113.38,113.21,113.24,2829922,2019-08-14,2019-08-14,77.0192,95.3888,91.7652,94.5046
2019-08-13,AGG,stock,113.15,113.15,112.79,112.89,3048473,2019-08-13,2019-08-13,73.9184,95.2814,91.7185,94.4269
2019-08-12,AGG,stock,112.93,113.19,112.87,113.05,1779517,2019-08-12,2019-08-12,78.4094,95.1940,91.6744,94.3582
2019-08-09,AGG,stock,112.86,112.95,112.58,112.64,2432292,2019-08-09,2019-08-09,74.7606,95.0831,91.6284,94.2811
2019-08-08,AGG,stock,112.51,112.82,112.33,112.79,3707196,2019-08-08,2019-08-08,79.3142,94.9973,91.5855,94.2150
2019-08-07,AGG,stock,113.17,113.29,112.61,112.68,9156551,2019-08-07,2019-08-07,78.4191,94.8890,91.5409,94.1411
2019-08-06,AGG,stock,112.47,112.76,112.4,112.74,5151810,2019-08-06,2019-08-06,80.1763,94.7792,91.4967,94.0680
2019-08-05,AGG,stock,112.28,112.58,112.25,112.44,7626602,2019-08-05,2019-08-05,77.8744,94.6525,91.4516,93.9898
2019-08-02,AGG,stock,111.93,112.04,111.82,111.95,3293739,2019-08-02,2019-08-02,73.1452,94.5392,91.4087,93.9189
2019-08-01,AGG,stock,111.34,111.95,111.26,111.91,5709211,2019-08-01,2019-08-01,72.7029,94.4580,91.3694,93.8621
2019-07-31,AGG,stock,111.3,111.59,111.07,111.3,10034514,2019-07-31,2019-07-31,59.1354,94.3718,91.3302,93.8043
2019-07-30,AGG,stock,111.27,111.33,111.16,111.25,2409278,2019-07-30,2019-07-30,58.0225,94.3544,91.2979,93.7744
2019-07-29,AGG,stock,111.3,111.35,111.22,111.26,4167109,2019-07-29,2019-07-29,58.3175,94.3396,91.2658,93.7450
2019-07-26,AGG,stock,111.32,111.32,111.14,111.21,4669019,2019-07-26,2019-07-26,57.3100,94.3224,91.2333,93.7140
2019-07-25,AGG,stock,111.33,111.33,111.05,111.19,2976838,2019-07-25,2019-07-25,56.9232,94.3078,91.2008,93.6835
2019-07-24,AGG,stock,111.33,111.41,111.3,111.36,2783254,2019-07-24,2019-07-24,61.3070,94.2934,91.1682,93.6525
2019-07-23,AGG,stock,111.27,111.32,111.16,111.2,2659305,2019-07-23,2019-07-23,58.5148,94.2624,91.1339,93.6143
2019-07-22,AGG,stock,111.41,111.41,111.3,111.31,2855073,2019-07-22,2019-07-22,61.3406,94.2424,91.1005,93.5801
2019-07-19,AGG,stock,111.22,111.29,111.14,111.17,3150774,2019-07-19,2019-07-19,59.0007,94.2104,91.0659,93.5407
2019-07-18,AGG,stock,111.1,111.33,111.06,111.3,5982223,2019-07-18,2019-07-18,62.2494,94.1876,91.0321,93.5045
2019-07-17,AGG,stock,110.93,111.14,110.91,111.12,2985610,2019-07-17,2019-07-17,59.3733,94.1508,90.9969,93.4623
2019-07-16,AGG,stock,110.75,110.83,110.64,110.83,2149083,2019-07-16,2019-07-16,54.1469,94.1262,90.9628,93.4247
2019-07-15,AGG,stock,110.87,110.96,110.85,110.95,3619073,2019-07-15,2019-07-15,56.9625,94.1249,90.9309,93.3956
2019-07-12,AGG,stock,110.67,110.85,110.67,110.79,3836296,2019-07-12,2019-07-12,54.0011,94.1127,90.8976,93.3611
2019-07-11,AGG,stock,111.06,111.06,110.67,110.67,3303803,2019-07-11,2019-07-11,51.6858,94.1136,90.8654,93.3308
2019-07-10,AGG,stock,111.14,111.16,110.97,111.08,4589808,2019-07-10,2019-07-10,61.5080,94.1254,90.8339,93.3033
2019-07-09,AGG,stock,111.04,111.06,110.95,111,2525797,2019-07-09,2019-07-09,60.1354,94.1016,90.7985,93.2606
2019-07-08,AGG,stock,111.23,111.26,111.03,111.03,3041397,2019-07-08,2019-07-08,60.8915,94.0826,90.7635,93.2189
2019-07-05,AGG,stock,111.21,111.21,110.91,111.09,2461249,2019-07-05,2019-07-05,62.3473,94.0589,90.7279,93.1744
2019-07-03,AGG,stock,111.44,111.6,111.43,111.56,1324832,2019-07-03,2019-07-03,75.4725,94.0272,90.6914,93.1261
2019-07-02,AGG,stock,111.2,111.41,111.14,111.38,5765417,2019-07-02,2019-07-02,73.4877,93.9503,90.6505,93.0594
2019-07-01,AGG,stock,111.25,111.27,111.01,111.18,4199232,2019-07-01,2019-07-01,71.0725,93.8813,90.6108,92.9963
2019-06-28,AGG,stock,111.36,111.47,111.32,111.35,9887791,2019-06-28,2019-06-28,70.0361,93.8230,90.5724,92.9376
2019-06-27,AGG,stock,111.25,111.41,111.16,111.4,2963646,2019-06-27,2019-06-27,71.4869,93.7658,90.5342,92.8793
2019-06-26,AGG,stock,111.29,111.31,111.06,111.09,3703224,2019-06-26,2019-06-26,67.6260,93.6982,90.4953,92.8169
2019-06-25,AGG,stock,111.36,111.44,111.22,111.34,3111092,2019-06-25,2019-06-25,75.2571,93.6511,90.4586,92.7626
2019-06-24,AGG,stock,111.23,111.38,111.22,111.32,3079779,2019-06-24,2019-06-24,75.0479,93.5767,90.4194,92.6975
2019-06-21,AGG,stock,111.22,111.26,111.04,111.12,4640233,2019-06-21,2019-06-21,72.9224,93.4963,90.3800,92.6305
2019-06-20,AGG,stock,111.39,111.567,111.335,111.41,4224311,2019-06-20,2019-06-20,82.3697,93.4253,90.3419,92.5676
2019-06-19,AGG,stock,110.71,111.22,110.645,111.22,2895875,2019-06-19,2019-06-19,80.8612,93.3209,90.3009,92.4921
2019-06-18,AGG,stock,110.94,110.97,110.71,110.84,3640299,2019-06-18,2019-06-18,77.2456,93.2225,90.2612,92.4201
2019-06-17,AGG,stock,110.52,110.6,110.46,110.54,3312647,2019-06-17,2019-06-17,73.5878,93.1476,90.2243,92.3583
2019-06-14,AGG,stock,110.51,110.63,110.48,110.57,1901165,2019-06-14,2019-06-14,74.7029,93.0916,90.1896,92.3044
2019-06-13,AGG,stock,110.43,110.62,110.4,110.6,2293318,2019-06-13,2019-06-13,75.7690,93.0270,90.1542,92.2472
2019-06-12,AGG,stock,110.28,110.41,110.26,110.36,2797629,2019-06-12,2019-06-12,72.8955,92.9529,90.1183,92.1867
2019-06-11,AGG,stock,110.21,110.25,110.17,110.22,4374559,2019-06-11,2019-06-11,71.0348,92.8925,90.0840,92.1320
2019-06-10,AGG,stock,110.36,110.36,110.22,110.24,3992934,2019-06-10,2019-06-10,71.6876,92.8382,90.0506,92.0799
2019-06-07,AGG,stock,110.64,110.67,110.45,110.53,3697054,2019-06-07,2019-06-07,81.8104,92.7764,90.0167,92.0250
2019-06-06,AGG,stock,110.34,110.42,110.16,110.22,2660352,2019-06-06,2019-06-06,78.8453,92.6822,89.9800,91.9578
2019-06-05,AGG,stock,110.36,110.47,110.23,110.24,3253509,2019-06-05,2019-06-05,79.6229,92.6057,89.9455,91.8986
2019-06-04,AGG,stock,110.28,110.38,110.13,110.3,5131883,2019-06-04,2019-06-04,81.8721,92.5195,89.9105,91.8363
2019-06-03,AGG,stock,110.26,110.52,110.17,110.4,7137903,2019-06-03,2019-06-03,85.6151,92.4188,89.8747,91.7693
2019-05-31,AGG,stock,110.01,110.64,110,110.4,9204082,2019-05-31,2019-05-31,83.8340,92.2985,89.8377,91.6962
2019-05-30,AGG,stock,109.77,109.94,109.65,109.89,3305173,2019-05-30,2019-05-30,79.1300,92.1888,89.8025,91.6291
2019-05-29,AGG,stock,109.73,109.85,109.6,109.6,5634417,2019-05-29,2019-05-29,75.3413,92.1129,89.7712,91.5768
2019-05-28,AGG,stock,109.57,109.65,109.5,109.57,6270138,2019-05-28,2019-05-28,74.9037,92.0548,89.7421,91.5324
2019-05-24,AGG,stock,109.37,109.45,109.33,109.41,2010339,2019-05-24,2019-05-24,72.4854,91.9933,89.7130,91.4872
2019-05-23,AGG,stock,109.18,109.5,109.14,109.37,4922489,2019-05-23,2019-05-23,71.8558,91.9395,89.6850,91.4457
2019-05-22,AGG,stock,108.95,109.09,108.92,109.05,3509876,2019-05-22,2019-05-22,66.0922,91.8837,89.6570,91.4039
2019-05-21,AGG,stock,108.86,108.91,108.81,108.87,2029825,2019-05-21,2019-05-21,62.0309,91.8504,89.6314,91.3714
2019-05-20,AGG,stock,108.98,109.06,108.86,108.88,2035034,2019-05-20,2019-05-20,62.4166,91.8297,89.6071,91.3438
2019-05-17,AGG,stock,109.12,109.15,108.94,109.03,2090829,2019-05-17,2019-05-17,68.3342,91.8059,89.5825,91.3147
2019-05-16,AGG,stock,109.04,109.04,108.95,109,2756957,2019-05-16,2019-05-16,67.7667,91.7662,89.5564,91.2793
2019-05-15,AGG,stock,109.16,109.18,109,109.13,2666488,2019-05-15,2019-05-15,73.0338,91.7250,89.5303,91.2435
2019-05-14,AGG,stock,108.9,108.97,108.87,108.94,6217044,2019-05-14,2019-05-14,69.8539,91.6679,89.5028,91.2017
2019-05-13,AGG,stock,108.83,108.98,108.82,108.85,6733774,2019-05-13,2019-05-13,68.2048,91.6218,89.4766,91.1647
2019-05-10,AGG,stock,108.74,108.82,108.63,108.67,5257496,2019-05-10,2019-05-10,64.6092,91.5787,89.4509,91.1294
2019-05-09,AGG,stock,108.78,108.81,108.55,108.65,4847612,2019-05-09,2019-05-09,64.1914,91.5472,89.4265,91.0988
2019-05-08,AGG,stock,108.74,108.81,108.55,108.59,5946381,2019-05-08,2019-05-08,62.9738,91.5141,89.4020,91.0677
2019-05-07,AGG,stock,108.63,108.7,108.59,108.61,3051351,2019-05-07,2019-05-07,63.6436,91.4829,89.3778,91.0374
2019-05-06,AGG,stock,108.56,108.57,108.44,108.48,4609083,2019-05-06,2019-05-06,61.1494,91.4466,89.3532,91.0051
2019-05-03,AGG,stock,108.32,108.42,108.28,108.34,2326299,2019-05-03,2019-05-03,58.2876,91.4181,89.3295,90.9760
2019-05-02,AGG,stock,108.33,108.33,108.1,108.16,3379510,2019-05-02,2019-05-02,54.2657,91.3990,89.3066,90.9506
2019-05-01,AGG,stock,108.47,108.76,108.32,108.4,6387902,2019-05-01,2019-05-01,61.6220,91.3939,89.2851,90.9303
2019-04-30,AGG,stock,108.56,108.68,108.51,108.59,7491505,2019-04-30,2019-04-30,60.1560,91.3669,89.2614,90.9010
2019-04-29,AGG,stock,108.56,108.62,108.49,108.52,2782634,2019-04-29,2019-04-29,58.6977,91.3434,89.2380,90.8728
2019-04-26,AGG,stock,108.74,108.75,108.66,108.71,2299929,2019-04-26,2019-04-26,64.6629,91.3235,89.2149,90.8459
2019-04-25,AGG,stock,108.47,108.55,108.42,108.49,2648150,2019-04-25,2019-04-25,60.3281,91.2848,89.1900,90.8114
2019-04-24,AGG,stock,108.42,108.53,108.42,108.5,3000163,2019-04-24,2019-04-24,60.6421,91.2614,89.1667,90.7830
2019-04-23,AGG,stock,108.18,108.28,108.15,108.25,3422712,2019-04-23,2019-04-23,55.2332,91.2347,89.1431,90.7531
2019-04-22,AGG,stock,108.13,108.16,108.05,108.06,5725612,2019-04-22,2019-04-22,50.4253,91.2275,89.1214,90.7306
2019-04-18,AGG,stock,108.23,108.29,108.16,108.19,2217221,2019-04-18,2019-04-18,54.1181,91.2363,89.1011,90.7138
2019-04-17,AGG,stock,108.09,108.19,108.05,108.05,3390171,2019-04-17,2019-04-17,50.4925,91.2345,89.0795,90.6918
2019-04-16,AGG,stock,108.12,108.21,108.02,108.06,4093942,2019-04-16,2019-04-16,50.7585,91.2449,89.0588,90.6737
2019-04-15,AGG,stock,108.21,108.3,108.21,108.25,2546204,2019-04-15,2019-04-15,55.9603,91.2556,89.0378,90.6545
2019-04-12,AGG,stock,108.26,108.35,108.22,108.27,2390560,2019-04-12,2019-04-12,56.5265,91.2505,89.0151,90.6280
2019-04-11,AGG,stock,108.53,108.53,108.42,108.48,2827701,2019-04-11,2019-04-11,62.7134,91.2431,88.9919,90.5997
2019-04-10,AGG,stock,108.55,108.64,108.5,108.61,4682046,2019-04-10,2019-04-10,66.9239,91.2162,88.9667,90.5630
2019-04-09,AGG,stock,108.47,108.52,108.39,108.4,3753769,2019-04-09,2019-04-09,63.2198,91.1750,88.9402,90.5204
2019-04-08,AGG,stock,108.39,108.4,108.3,108.34,9485306,2019-04-08,2019-04-08,62.0936,91.1481,88.9151,90.4832
2019-04-05,AGG,stock,108.27,108.41,108.23,108.39,2236562,2019-04-05,2019-04-05,63.6006,91.1237,88.8904,90.4466
2019-04-04,AGG,stock,108.25,108.32,108.2,108.31,3676929,2019-04-04,2019-04-04,62.2390,91.0923,88.8649,90.4068
2019-04-03,AGG,stock,108.24,108.32,108.19,108.23,3731127,2019-04-03,2019-04-03,60.8802,91.0647,88.8399,90.3681
2019-04-02,AGG,stock,108.39,108.46,108.32,108.43,8080094,2019-04-02,2019-04-02,66.4294,91.0413,88.8153,90.3306
2019-04-01,AGG,stock,108.62,108.62,108.28,108.31,11261856,2019-04-01,2019-04-01,64.6333,90.9977,88.7888,90.2847
2019-03-29,AGG,stock,108.85,109.07,108.83,109.07,5988628,2019-03-29,2019-03-29,81.3716,90.9601,88.7630,90.2410
2019-03-28,AGG,stock,109.06,109.14,108.96,109.08,6070991,2019-03-28,2019-03-28,81.7664,90.8745,88.7327,90.1785
2019-03-27,AGG,stock,109,109.18,108.99,109.07,3719559,2019-03-27,2019-03-27,81.6839,90.7789,88.7021,90.1130
2019-03-26,AGG,stock,108.76,108.93,108.71,108.84,3120549,2019-03-26,2019-03-26,79.7243,90.6742,88.6712,90.0452
2019-03-25,AGG,stock,108.63,108.99,108.6,108.82,4971284,2019-03-25,2019-03-25,79.5476,90.5788,88.6420,89.9826
2019-03-22,AGG,stock,108.46,108.76,108.37,108.62,2464093,2019-03-22,2019-03-22,77.7469,90.4752,88.6126,89.9181
2019-03-21,AGG,stock,108.13,108.18,108.05,108.08,4192702,2019-03-21,2019-03-21,71.4436,90.3784,88.5846,89.8578
2019-03-20,AGG,stock,107.71,108.09,107.67,108.06,4236169,2019-03-20,2019-03-20,71.1627,90.3192,88.5610,89.8136
2019-03-19,AGG,stock,107.58,107.71,107.53,107.62,2928330,2019-03-19,2019-03-19,63.9099,90.2555,88.5372,89.7683
2019-03-18,AGG,stock,107.67,107.7,107.63,107.68,2295491,2019-03-18,2019-03-18,66.0122,90.2242,88.5169,89.7362
2019-03-15,AGG,stock,107.65,107.7396,107.57,107.7,2756917,2019-03-15,2019-03-15,66.6912,90.1842,88.4960,89.7008
2019-03-14,AGG,stock,107.57,107.58,107.39,107.43,2955400,2019-03-14,2019-03-14,61.7603,90.1382,88.4746,89.6632
2019-03-13,AGG,stock,107.56,107.61,107.51,107.59,2608927,2019-03-13,2019-03-13,67.2374,90.1113,88.4553,89.6334
2019-03-12,AGG,stock,107.5,107.67,107.43,107.64,5243350,2019-03-12,2019-03-12,69.0133,90.0674,88.4345,89.5969
2019-03-11,AGG,stock,107.44,107.47,107.35,107.44,5638411,2019-03-11,2019-03-11,65.6426,90.0144,88.4130,89.5571
2019-03-08,AGG,stock,107.31,107.47,107.24,107.43,4943131,2019-03-08,2019-03-08,65.4682,89.9736,88.3930,89.5226
2019-03-07,AGG,stock,107.16,107.35,107.12,107.29,6089153,2019-03-07,2019-03-07,63.0285,89.9294,88.3729,89.4871
2019-03-06,AGG,stock,106.88,107.07,106.85,106.99,4834023,2019-03-06,2019-03-06,56.9808,89.8929,88.3538,89.4549
2019-03-05,AGG,stock,106.73,106.84,106.67,106.83,5835845,2019-03-05,2019-03-05,53.1886,89.8791,88.3370,89.4317
2019-03-04,AGG,stock,106.74,106.84,106.69,106.76,3837156,2019-03-04,2019-03-04,51.4499,89.8781,88.3214,89.4130
2019-03-01,AGG,stock,106.77,106.84,106.61,106.63,5526990,2019-03-01,2019-03-01,48.1275,89.8832,88.3063,89.3960
2019-02-28,AGG,stock,107.26,107.29,107.03,107.07,11872108,2019-02-28,2019-02-28,52.5658,89.9003,88.2920,89.3827
2019-02-27,AGG,stock,107.4,107.4,107.21,107.26,2988342,2019-02-27,2019-02-27,58.0170,89.9039,88.2762,89.3630
2019-02-26,AGG,stock,107.53,107.57,107.43,107.49,4759394,2019-02-26,2019-02-26,65.6722,89.8911,88.2586,89.3360
2019-02-25,AGG,stock,107.35,107.4,107.3,107.37,3645391,2019-02-25,2019-02-25,63.3279,89.8566,88.2389,89.3000
2019-02-22,AGG,stock,107.25,107.5161,107.22,107.4,2731541,2019-02-22,2019-02-22,64.3480,89.8292,88.2201,89.2666
2019-02-21,AGG,stock,107.16,107.18,107.1,107.13,3676956,2019-02-21,2019-02-21,58.8019,89.7961,88.2007,89.2308
2019-02-20,AGG,stock,107.37,107.39,107.28,107.37,3231241,2019-02-20,2019-02-20,67.4644,89.7835,88.1835,89.2028
2019-02-19,AGG,stock,107.43,107.45,107.28,107.36,6235519,2019-02-19,2019-02-19,67.2779,89.7483,88.1641,89.1655
2019-02-15,AGG,stock,107.25,107.31,107.19,107.3,2413984,2019-02-15,2019-02-15,66.1983,89.7103,88.1445,89.1270
2019-02-14,AGG,stock,107.33,107.35,107.17,107.22,2908486,2019-02-14,2019-02-14,64.7589,89.6736,88.1253,89.0889
2019-02-13,AGG,stock,107.08,107.14,107.01,107.06,2526097,2019-02-13,2019-02-13,61.7323,89.6401,88.1065,89.0521
2019-02-12,AGG,stock,107.22,107.26,107.12,107.25,3136691,2019-02-12,2019-02-12,68.1898,89.6172,88.0889,89.0192
2019-02-11,AGG,stock,107.23,107.28,107.15,107.23,3521028,2019-02-11,2019-02-11,67.8612,89.5751,88.0695,88.9785
2019-02-08,AGG,stock,107.17,107.38,107.17,107.34,4288562,2019-02-08,2019-02-08,71.6408,89.5303,88.0501,88.9368
2019-02-07,AGG,stock,107.15,107.2,107.03,107.1,3938913,2019-02-07,2019-02-07,68.0338,89.4711,88.0296,88.8896
2019-02-06,AGG,stock,107.2,107.22,106.99,107.05,6449575,2019-02-06,2019-02-06,67.2274,89.4269,88.0109,88.8487
2019-02-05,AGG,stock,106.95,107.14,106.95,107.11,8913510,2019-02-05,2019-02-05,69.1718,89.3825,87.9924,88.8079
2019-02-04,AGG,stock,106.83,106.9,106.77,106.88,14227726,2019-02-04,2019-02-04,65.6338,89.3280,87.9732,88.7633
2019-02-01,AGG,stock,107.09,107.15,106.88,106.97,7227896,2019-02-01,2019-02-01,68.4898,89.2882,87.9558,88.7248
2019-01-31,AGG,stock,107.3,107.53,107.29,107.46,14766451,2019-01-31,2019-01-31,76.0377,89.2362,87.9375,88.6817
2019-01-30,AGG,stock,106.79,107.15,106.79,107.14,6350434,2019-01-30,2019-01-30,71.8840,89.1592,87.9171,88.6292
2019-01-29,AGG,stock,106.73,106.93,106.69,106.9,6158607,2019-01-29,2019-01-29,68.0238,89.1023,87.8991,88.5855
2019-01-28,AGG,stock,106.62,106.75,106.58,106.62,7365747,2019-01-28,2019-01-28,62.4367,89.0606,87.8831,88.5482
2019-01-25,AGG,stock,106.64,106.7,106.56,106.68,3469453,2019-01-25,2019-01-25,64.6856,89.0392,87.8692,88.5190
2019-01-24,AGG,stock,106.72,106.84,106.67,106.73,7308898,2019-01-24,2019-01-24,66.5402,89.0102,87.8547,88.4865
2019-01-23,AGG,stock,106.38,106.59,106.37,106.55,3222846,2019-01-23,2019-01-23,62.9934,88.9737,87.8396,88.4510
2019-01-22,AGG,stock,106.44,106.62,106.44,106.44,6823956,2019-01-22,2019-01-22,60.6248,88.9493,87.8258,88.4202
2019-01-18,AGG,stock,106.37,106.48,106.28,106.35,5643389,2019-01-18,2019-01-18,58.6124,88.9320,87.8129,88.3919
2019-01-17,AGG,stock,106.53,106.53,106.34,106.43,5546970,2019-01-17,2019-01-17,61.1939,88.9208,87.8006,88.3655
2019-01-16,AGG,stock,106.33,106.52,106.31,106.51,4007835,2019-01-16,2019-01-16,63.8034,88.9014,87.7875,88.3353
2019-01-15,AGG,stock,106.54,106.55,106.33,106.42,3690211,2019-01-15,2019-01-15,62.1158,88.8729,87.7736,88.3011
2019-01-14,AGG,stock,106.57,106.61,106.4,106.4,7544314,2019-01-14,2019-01-14,61.7478,88.8493,87.7603,88.2686
2019-01-11,AGG,stock,106.58,106.66,106.5,106.55,5759032,2019-01-11,2019-01-11,66.2282,88.8250,87.7470,88.2355
2019-01-10,AGG,stock,106.52,106.56,106.33,106.4,3532551,2019-01-10,2019-01-10,63.7884,88.7849,87.7323,88.1959
2019-01-09,AGG,stock,106.42,106.57,106.4,106.52,5458087,2019-01-09,2019-01-09,67.4059,88.7539,87.7188,88.1598
2019-01-08,AGG,stock,106.4,106.53,106.38,106.43,4395589,2019-01-08,2019-01-08,66.0657,88.7089,87.7041,88.1182
2019-01-07,AGG,stock,106.72,106.79,106.46,106.51,7433691,2019-01-07,2019-01-07,68.3867,88.6672,87.6900,88.0779
2019-01-04,AGG,stock,106.66,106.72,106.55,106.69,8148986,2019-01-04,2019-01-04,73.8040,88.6141,87.6751,88.0332
2019-01-03,AGG,stock,106.57,107.075,106.57,107.01,6497102,2019-01-03,2019-01-03,84.9073,88.5394,87.6585,87.9806
2019-01-02,AGG,stock,106.55,106.61,106.4701,106.57,11200737,2019-01-02,2019-01-02,81.3190,88.4288,87.6391,87.9148
2018-12-31,AGG,stock,106.12,106.51,106.11,106.49,9671788,2018-12-31,2018-12-31,80.5378,88.3452,87.6232,87.8615
2018-12-28,AGG,stock,105.97,106.22,105.94,106.22,7019644,2018-12-28,2018-12-28,77.6025,88.2599,87.6078,87.8087
2018-12-27,AGG,stock,105.95,106.06,105.77,105.83,10562240,2018-12-27,2018-12-27,71.9226,88.1894,87.5945,87.7629
2018-12-26,AGG,stock,105.92,106,105.63,105.66,8606928,2018-12-26,2018-12-26,68.7109,88.1459,87.5844,87.7286
2018-12-24,AGG,stock,105.95,106,105.81,105.86,7196077,2018-12-24,2018-12-24,78.5232,88.1128,87.5756,87.6987
2018-12-21,AGG,stock,105.94,105.96,105.76,105.79,10381249,2018-12-21,2018-12-21,77.4779,88.0586,87.5650,87.6608
2018-12-20,AGG,stock,106.1,106.12,105.81,105.84,7695043,2018-12-20,2018-12-20,80.0624,88.0048,87.5549,87.6237
2018-12-19,AGG,stock,105.88,106.1699,105.79,105.94,7264847,2018-12-19,2018-12-19,85.3499,87.9409,87.5443,87.5834
2018-12-18,AGG,stock,105.63,105.84,105.63,105.84,6626140,2018-12-18,2018-12-18,84.3928,87.8615,87.5327,87.5380
2018-12-17,AGG,stock,105.66,105.78,105.61,105.74,7630451,2018-12-17,2018-12-17,80.7925,87.7826,87.5219,87.4942
2018-12-14,AGG,stock,105.68,105.68,105.56,105.56,6265024,2018-12-14,2018-12-14,78.0600,87.7226,87.5135,87.4592
2018-12-13,AGG,stock,105.59,105.65,105.53,105.53,5762548,2018-12-13,2018-12-13,77.5661,87.6721,87.5066,87.4289
2018-12-12,AGG,stock,105.48,105.57,105.46,105.5,8088958,2018-12-12,2018-12-12,77.0872,87.6190,87.4999,87.3983
2018-12-11,AGG,stock,105.63,105.72,105.51,105.58,8086242,2018-12-11,2018-12-11,81.3900,87.5629,87.4933,87.3676
2018-12-10,AGG,stock,105.55,105.63,105.43,105.55,6096047,2018-12-10,2018-12-10,81.0211,87.4938,87.4860,87.3328
2018-12-07,AGG,stock,105.39,105.55,105.28,105.48,5440236,2018-12-07,2018-12-07,80.1695,87.4201,87.4789,87.2977
2018-12-06,AGG,stock,105.29,105.54,105.28,105.34,7396761,2018-12-06,2018-12-06,78.3666,87.3448,87.4723,87.2635
2018-12-04,AGG,stock,104.98,105.28,104.94,105.08,5365152,2018-12-04,2018-12-04,74.3442,87.2739,87.4668,87.2327
2018-12-03,AGG,stock,104.69,104.86,104.63,104.8,14037859,2018-12-03,2018-12-03,68.4844,87.2184,87.4635,87.2095
2018-11-30,AGG,stock,104.93,104.96,104.82,104.88,6126215,2018-11-30,2018-11-30,63.7957,87.1817,87.4624,87.1949
2018-11-29,AGG,stock,104.92,104.99,104.84,104.91,5922602,2018-11-29,2018-11-29,65.3766,87.1562,87.4628,87.1855
2018-11-28,AGG,stock,104.63,104.91,104.57,104.86,8513892,2018-11-28,2018-11-28,63.9958,87.1253,87.4630,87.1747
2018-11-27,AGG,stock,104.58,104.74,104.58,104.66,4107650,2018-11-27,2018-11-27,57.7351,87.0956,87.4635,87.1652
2018-11-26,AGG,stock,104.67,104.67,104.59,104.63,4326052,2018-11-26,2018-11-26,56.6861,87.0803,87.4657,87.1621
2018-11-23,AGG,stock,104.84,104.84,104.65,104.65,1665891,2018-11-23,2018-11-23,57.5707,87.0660,87.4683,87.1599
2018-11-21,AGG,stock,104.6,104.69,104.58,104.68,5701650,2018-11-21,2018-11-21,58.8498,87.0485,87.4706,87.1570
2018-11-20,AGG,stock,104.67,104.72,104.61,104.61,3162710,2018-11-20,2018-11-20,56.7686,87.0265,87.4728,87.1529
2018-11-19,AGG,stock,104.61,104.73,104.61,104.65,4673171,2018-11-19,2018-11-19,58.3341,87.0083,87.4755,87.1510
2018-11-16,AGG,stock,104.55,104.71,104.51,104.66,3332603,2018-11-16,2018-11-16,58.7099,86.9847,87.4780,87.1476
2018-11-15,AGG,stock,104.48,104.51,104.31,104.49,3861267,2018-11-15,2018-11-15,54.0351,86.9577,87.4803,87.1438
2018-11-14,AGG,stock,104.22,104.5,104.2,104.36,3395933,2018-11-14,2018-11-14,50.0167,86.9428,87.4842,87.1456
2018-11-13,AGG,stock,104.3,104.37,104.21,104.35,2977135,2018-11-13,2018-11-13,49.7026,86.9377,87.4891,87.1520
2018-11-12,AGG,stock,104.31,104.35,104.25,104.31,2779740,2018-11-12,2018-11-12,48.5006,86.9330,87.4942,87.1589
2018-11-09,AGG,stock,104.07,104.25,104.07,104.14,2901862,2018-11-09,2018-11-09,43.1380,86.9313,87.4997,87.1674
2018-11-08,AGG,stock,104.19,104.22,104,104.01,3489240,2018-11-08,2018-11-08,38.5979,86.9443,87.5067,87.1821
2018-11-07,AGG,stock,104.25,104.36,104.14,104.2,4677344,2018-11-07,2018-11-07,43.2886,86.9701,87.5148,87.2018
2018-11-06,AGG,stock,104.09,104.17,104.06,104.11,2619867,2018-11-06,2018-11-06,40.0860,86.9820,87.5214,87.2159
2018-11-05,AGG,stock,104.14,104.17,104.07,104.1,3412593,2018-11-05,2018-11-05,39.7348,87.0030,87.5288,87.2336
2018-11-02,AGG,stock,104.25,104.29,103.94,104.03,4491534,2018-11-02,2018-11-02,37.3481,87.0271,87.5364,87.2523
2018-11-01,AGG,stock,104.22,104.41,104.21,104.34,7918997,2018-11-01,2018-11-01,44.6139,87.0598,87.5446,87.2742
2018-10-31,AGG,stock,104.5,104.7,104.5,104.59,14880451,2018-10-31,2018-10-31,44.4091,87.0689,87.5504,87.2865
2018-10-30,AGG,stock,104.68,104.78,104.64,104.64,2551951,2018-10-30,2018-10-30,45.6456,87.0794,87.5562,87.2994
2018-10-29,AGG,stock,104.86,104.89,104.72,104.79,5075124,2018-10-29,2018-10-29,49.4837,87.0866,87.5617,87.3112
2018-10-26,AGG,stock,104.88,105.05,104.87,104.9,5811430,2018-10-26,2018-10-26,52.4892,87.0815,87.5660,87.3184
2018-10-25,AGG,stock,104.71,104.77,104.61,104.66,8290193,2018-10-25,2018-10-25,45.8226,87.0662,87.5694,87.3222
2018-10-24,AGG,stock,104.69,104.81,104.67,104.75,4465115,2018-10-24,2018-10-24,48.1765,87.0704,87.5748,87.3342
2018-10-23,AGG,stock,104.67,104.74,104.48,104.48,3524332,2018-10-23,2018-10-23,39.5220,87.0670,87.5796,87.3437
2018-10-22,AGG,stock,104.47,104.52,104.34,104.35,2807288,2018-10-22,2018-10-22,34.6422,87.0870,87.5866,87.3627
2018-10-19,AGG,stock,104.47,104.55,104.34,104.37,2985836,2018-10-19,2018-10-19,35.0461,87.1204,87.5949,87.3869
2018-10-18,AGG,stock,104.39,104.62,104.38,104.46,3158160,2018-10-18,2018-10-18,36.8413,87.1556,87.6030,87.4115
2018-10-17,AGG,stock,104.71,104.77,104.52,104.53,2844251,2018-10-17,2018-10-17,38.2566,87.1866,87.6104,87.4339
2018-10-16,AGG,stock,104.69,104.74,104.58,104.74,5750136,2018-10-16,2018-10-16,42.8414,87.2148,87.6174,87.4549
2018-10-15,AGG,stock,104.73,104.78,104.62,104.68,3047742,2018-10-15,2018-10-15,40.9643,87.2276,87.6227,87.4697
2018-10-12,AGG,stock,104.71,104.87,104.68,104.75,5017438,2018-10-12,2018-10-12,42.4754,87.2469,87.6285,87.4871
2018-10-11,AGG,stock,104.59,104.86,104.51,104.72,7053895,2018-10-11,2018-10-11,41.6184,87.2622,87.6338,87.5028
2018-10-10,AGG,stock,104.34,104.46,104.23,104.41,3834833,2018-10-10,2018-10-10,31.8804,87.2816,87.6394,87.5202
2018-10-09,AGG,stock,104.39,104.51,104.32,104.44,21903180,2018-10-09,2018-10-09,32.3655,87.3303,87.6476,87.5488
2018-10-08,AGG,stock,104.38,104.4,104.29,104.29,2267961,2018-10-08,2018-10-08,27.2239,87.3815,87.6557,87.5775
2018-10-05,AGG,stock,104.46,104.48,104.19,104.33,3460512,2018-10-05,2018-10-05,27.7462,87.4512,87.6651,87.6126
2018-10-04,AGG,stock,104.65,104.72,104.47,104.56,5268197,2018-10-04,2018-10-04,30.9128,87.5247,87.6743,87.6477
2018-10-03,AGG,stock,105.22,105.24,104.75,104.86,2540483,2018-10-03,2018-10-03,35.8712,87.5858,87.6816,87.6764
2018-10-02,AGG,stock,105.32,105.46,105.25,105.36,6912595,2018-10-02,2018-10-02,47.7162,87.6271,87.6865,87.6961
2018-10-01,AGG,stock,105.35,105.35,105.2,105.24,3517615,2018-10-01,2018-10-01,43.5630,87.6290,87.6873,87.6996
2018-09-28,AGG,stock,105.69,105.71,105.51,105.52,4883958,2018-09-28,2018-09-28,44.3361,87.6416,87.6891,87.7074
2018-09-27,AGG,stock,105.5,105.64,105.5,105.63,2528176,2018-09-27,2018-09-27,47.3548,87.6530,87.6906,87.7145
2018-09-26,AGG,stock,105.37,105.6,105.34,105.56,2912060,2018-09-26,2018-09-26,45.1479,87.6561,87.6913,87.7182
2018-09-25,AGG,stock,105.25,105.31,105.18,105.31,2059394,2018-09-25,2018-09-25,36.2912,87.6655,87.6926,87.7244
2018-09-24,AGG,stock,105.33,105.46,105.31,105.36,1894985,2018-09-24,2018-09-24,37.4131,87.6978,87.6959,87.7393
2018-09-21,AGG,stock,105.34,105.47,105.32,105.46,2792572,2018-09-21,2018-09-21,39.6918,87.7291,87.6989,87.7532
2018-09-20,AGG,stock,105.23,105.45,105.23,105.38,2897990,2018-09-20,2018-09-20,36.8338,87.7550,87.7011,87.7642
2018-09-19,AGG,stock,105.42,105.43,105.22,105.24,2700645,2018-09-19,2018-09-19,31.5636,87.7906,87.7039,87.7784
2018-09-18,AGG,stock,105.59,105.6,105.39,105.44,2206031,2018-09-18,2018-09-18,35.4918,87.8421,87.7080,87.7978
2018-09-17,AGG,stock,105.65,105.78,105.6,105.67,5721676,2018-09-17,2018-09-17,40.9314,87.8817,87.7104,87.8114
2018-09-14,AGG,stock,105.72,105.79,105.66,105.67,2693325,2018-09-14,2018-09-14,40.9314,87.9053,87.7109,87.8176
2018-09-13,AGG,stock,105.96,106,105.85,105.87,2280187,2018-09-13,2018-09-13,46.2456,87.9314,87.7115,87.8242
2018-09-12,AGG,stock,105.81,105.89,105.8,105.8,4168939,2018-09-12,2018-09-12,43.8775,87.9427,87.7103,87.8242
2018-09-11,AGG,stock,105.78,105.84,105.7,105.73,4918982,2018-09-11,2018-09-11,41.4837,87.9614,87.7098,87.8266
2018-09-10,AGG,stock,105.85,105.95,105.85,105.91,3305657,2018-09-10,2018-09-10,46.1876,87.9882,87.7098,87.8315
2018-09-07,AGG,stock,105.92,105.94,105.81,105.81,2571740,2018-09-07,2018-09-07,42.8442,88.0020,87.7083,87.8305
2018-09-06,AGG,stock,106.09,106.27,106.09,106.19,2248481,2018-09-06,2018-09-06,54.8745,88.0261,87.7077,87.8328
2018-09-05,AGG,stock,106.05,106.08,105.96,106.01,2788329,2018-09-05,2018-09-05,48.5159,88.0195,87.7038,87.8224
2018-09-04,AGG,stock,106.02,106.12,105.98,106.06,3164000,2018-09-04,2018-09-04,50.3458,88.0279,87.7015,87.8176
2018-08-31,AGG,stock,106.58,106.6,106.41,106.41,3308670,2018-08-31,2018-08-31,54.8534,88.0328,87.6987,87.8109
2018-08-30,AGG,stock,106.47,106.5,106.38,106.42,2803229,2018-08-30,2018-08-30,55.2440,88.0280,87.6949,87.8000
2018-08-29,AGG,stock,106.38,106.41,106.29,106.37,2792416,2018-08-29,2018-08-29,53.7137,88.0219,87.6909,87.7883
2018-08-28,AGG,stock,106.45,106.49,106.36,106.39,2558087,2018-08-28,2018-08-28,54.4046,88.0194,87.6874,87.7778
2018-08-27,AGG,stock,106.59,106.66,106.56,106.59,3233506,2018-08-27,2018-08-27,61.7849,88.0150,87.6836,87.7662
2018-08-24,AGG,stock,106.5,106.73,106.49,106.73,3649676,2018-08-24,2018-08-24,67.7597,87.9926,87.6781,87.7474
2018-08-23,AGG,stock,106.67,106.71,106.61,106.61,1568629,2018-08-23,2018-08-23,65.0714,87.9557,87.6715,87.7231
2018-08-22,AGG,stock,106.66,106.71,106.57,106.67,2189962,2018-08-22,2018-08-22,67.6921,87.9254,87.6657,87.7018
2018-08-21,AGG,stock,106.58,106.62,106.51,106.58,2834967,2018-08-21,2018-08-21,65.7720,87.8867,87.6594,87.6777
2018-08-20,AGG,stock,106.59,106.68,106.53,106.67,2355530,2018-08-20,2018-08-20,69.6136,87.8517,87.6538,87.6556
2018-08-17,AGG,stock,106.43,106.55,106.38,106.46,2071108,2018-08-17,2018-08-17,65.2110,87.8052,87.6473,87.6295
2018-08-16,AGG,stock,106.38,106.42,106.24,106.4,2658190,2018-08-16,2018-08-16,63.8203,87.7721,87.6426,87.6095
2018-08-15,AGG,stock,106.29,106.44,106.25,106.34,4652701,2018-08-15,2018-08-15,62.4255,87.7407,87.6383,87.5907
2018-08-14,AGG,stock,106.3,106.33,106.16,106.19,6087441,2018-08-14,2018-08-14,58.7323,87.7113,87.6345,87.5732
2018-08-13,AGG,stock,106.16,106.3,106.15,106.29,2786252,2018-08-13,2018-08-13,62.5375,87.6918,87.6318,87.5600
2018-08-10,AGG,stock,106.11,106.36,106.11,106.23,4136263,2018-08-10,2018-08-10,61.1346,87.6616,87.6283,87.5429
2018-08-09,AGG,stock,105.97,106.04,105.93,106,2386423,2018-08-09,2018-08-09,55.1571,87.6334,87.6253,87.5272
2018-08-08,AGG,stock,105.83,105.91,105.8,105.85,1937527,2018-08-08,2018-08-08,50.5514,87.6223,87.6242,87.5185
2018-08-07,AGG,stock,105.97,105.97,105.83,105.85,2532774,2018-08-07,2018-08-07,50.5514,87.6231,87.6243,87.5146
2018-08-06,AGG,stock,106.03,106.11,106,106.04,4120024,2018-08-06,2018-08-06,56.9384,87.6240,87.6244,87.5105
2018-08-03,AGG,stock,105.81,105.98,105.81,105.97,2542872,2018-08-03,2018-08-03,54.9930,87.6084,87.6229,87.4998
2018-08-02,AGG,stock,105.76,105.76,105.65,105.74,3671901,2018-08-02,2018-08-02,47.7978,87.5973,87.6220,87.4911
2018-08-01,AGG,stock,105.55,105.76,105.51,105.7,4534062,2018-08-01,2018-08-01,46.4144,87.6050,87.6229,87.4898
2018-07-31,AGG,stock,106.11,106.18,106.05,106.06,5928141,2018-07-31,2018-07-31,49.7330,87.6171,87.6243,87.4897
2018-07-30,AGG,stock,105.94,106.05,105.91,105.97,5518246,2018-07-30,2018-07-30,46.8097,87.6209,87.6247,87.4860
2018-07-27,AGG,stock,106.13,106.16,106.04,106.08,2637432,2018-07-27,2018-07-27,50.1176,87.6330,87.6259,87.4852
2018-07-26,AGG,stock,106.1,106.15,105.95,106,2245020,2018-07-26,2018-07-26,47.6177,87.6368,87.6262,87.4806
2018-07-25,AGG,stock,106.12,106.17,105.95,106.06,3318287,2018-07-25,2018-07-25,49.3397,87.6480,87.6272,87.4786
2018-07-24,AGG,stock,105.92,106.07,105.9,106.05,3590304,2018-07-24,2018-07-24,49.0546,87.6551,87.6276,87.4744
2018-07-23,AGG,stock,106.17,106.19,105.89,105.9,1848649,2018-07-23,2018-07-23,44.7211,87.6639,87.6282,87.4705
2018-07-20,AGG,stock,106.38,106.44,106.2,106.27,3024605,2018-07-20,2018-07-20,55.5426,87.6866,87.6300,87.4714
2018-07-19,AGG,stock,106.34,106.55,106.31,106.48,2163249,2018-07-19,2018-07-19,63.6611,87.6795,87.6287,87.4598
2018-07-18,AGG,stock,106.36,106.39,106.27,106.32,1760866,2018-07-18,2018-07-18,59.4698,87.6534,87.6257,87.4408
2018-07-17,AGG,stock,106.4,106.45,106.29,106.35,2964094,2018-07-17,2018-07-17,60.6885,87.6385,87.6240,87.4263
2018-07-16,AGG,stock,106.35,106.4,106.24,106.39,2116503,2018-07-16,2018-07-16,62.2684,87.6194,87.6221,87.4102
2018-07-13,AGG,stock,106.44,106.52,106.44,106.51,2235587,2018-07-13,2018-07-13,67.1372,87.5948,87.6198,87.3922
2018-07-12,AGG,stock,106.26,106.42,106.26,106.41,2145797,2018-07-12,2018-07-12,65.0208,87.5572,87.6164,87.3693
2018-07-11,AGG,stock,106.33,106.35,106.22,106.28,5385003,2018-07-11,2018-07-11,62.0723,87.5244,87.6139,87.3489
2018-07-10,AGG,stock,106.28,106.3,106.19,106.24,2489718,2018-07-10,2018-07-10,61.1363,87.4993,87.6124,87.3320
2018-07-09,AGG,stock,106.29,106.34,106.25,106.32,1926043,2018-07-09,2018-07-09,64.0728,87.4752,87.6112,87.3158
2018-07-06,AGG,stock,106.41,106.45,106.32,106.42,2598654,2018-07-06,2018-07-06,67.8559,87.4415,87.6094,87.2963
2018-07-05,AGG,stock,106.22,106.34,106.21,106.31,2739896,2018-07-05,2018-07-05,65.7929,87.3956,87.6067,87.2725
2018-07-03,AGG,stock,106.03,106.21,106.03,106.21,2425106,2018-07-03,2018-07-03,63.8335,87.3544,87.6049,87.2516
2018-07-02,AGG,stock,106.1,106.13,105.99,105.99,7159907,2018-07-02,2018-07-02,59.0406,87.3176,87.6039,87.2331
2018-06-29,AGG,stock,106.3,106.42,106.25,106.32,7117325,2018-06-29,2018-06-29,62.5616,87.2960,87.6047,87.2213
2018-06-28,AGG,stock,106.28,106.29,106.16,106.23,1798917,2018-06-28,2018-06-28,60.6150,87.2634,87.6047,87.2056
2018-06-27,AGG,stock,106.23,106.31,106.16,106.24,3001320,2018-06-27,2018-06-27,60.9419,87.2352,87.6054,87.1923
2018-06-26,AGG,stock,105.99,106.05,105.94,106.05,2665205,2018-06-26,2018-06-26,56.8342,87.2031,87.6061,87.1781
2018-06-25,AGG,stock,105.95,106.04,105.86,105.88,5522854,2018-06-25,2018-06-25,52.7014,87.1842,87.6083,87.1697
2018-06-22,AGG,stock,105.82,105.94,105.8,105.94,1957177,2018-06-22,2018-06-22,54.4087,87.1780,87.6120,87.1667
2018-06-21,AGG,stock,105.88,105.96,105.81,105.84,2895519,2018-06-21,2018-06-21,52.0024,87.1659,87.6152,87.1616
2018-06-20,AGG,stock,106.06,106.06,105.79,105.81,2403650,2018-06-20,2018-06-20,51.2861,87.1612,87.6193,87.1596
2018-06-19,AGG,stock,106.05,106.11,105.98,106.01,2184239,2018-06-19,2018-06-19,56.5059,87.1587,87.6236,87.1585
2018-06-18,AGG,stock,105.93,105.93,105.8,105.9,2359348,2018-06-18,2018-06-18,54.1212,87.1385,87.6264,87.1507
2018-06-15,AGG,stock,106.01,106.09,105.86,105.88,2361806,2018-06-15,2018-06-15,53.6925,87.1258,87.6301,87.1463
2018-06-14,AGG,stock,105.75,105.86,105.69,105.84,4689627,2018-06-14,2018-06-14,52.8748,87.1134,87.6339,87.1423
2018-06-13,AGG,stock,105.68,105.75,105.38,105.57,3627325,2018-06-13,2018-06-13,47.0097,87.1032,87.6382,87.1396
2018-06-12,AGG,stock,105.56,105.69,105.56,105.67,3546472,2018-06-12,2018-06-12,49.1119,87.1154,87.6447,87.1458
2018-06-11,AGG,stock,105.65,105.74,105.57,105.64,4330767,2018-06-11,2018-06-11,48.4700,87.1202,87.6505,87.1488
2018-06-08,AGG,stock,105.75,105.9,105.74,105.75,3416767,2018-06-08,2018-06-08,50.6450,87.1281,87.6566,87.1531
2018-06-07,AGG,stock,105.64,106.12,105.62,105.9,2724806,2018-06-07,2018-06-07,53.6961,87.1272,87.6618,87.1538
2018-06-06,AGG,stock,105.71,105.75,105.58,105.67,2705824,2018-06-06,2018-06-06,49.3517,87.1133,87.6659,87.1494
2018-06-05,AGG,stock,105.99,106.04,105.85,105.91,1848314,2018-06-05,2018-06-05,54.2869,87.1178,87.6719,87.1527
2018-06-04,AGG,stock,106,106.01,105.79,105.83,4288082,2018-06-04,2018-06-04,52.8268,87.1021,87.6759,87.1480
2018-06-01,AGG,stock,105.95,106.13,105.91,106.08,6206774,2018-06-01,2018-06-01,58.2234,87.0916,87.6807,87.1458
2018-05-31,AGG,stock,106.52,106.67,106.39,106.46,5157385,2018-05-31,2018-05-31,61.2546,87.0583,87.6834,87.1351
2018-05-30,AGG,stock,106.54,106.67,106.4,106.55,3158167,2018-05-30,2018-05-30,63.3636,87.0101,87.6851,87.1196
2018-05-29,AGG,stock,106.37,107,106.32,106.82,3494325,2018-05-29,2018-05-29,70.0854,86.9492,87.6861,87.1004
2018-05-25,AGG,stock,106.1,106.18,106.03,106.12,2508114,2018-05-25,2018-05-25,59.8253,86.8584,87.6848,87.0714
2018-05-24,AGG,stock,105.82,105.96,105.82,105.89,2903289,2018-05-24,2018-05-24,55.1300,86.8187,87.6893,87.0647
2018-05-23,AGG,stock,105.5,105.65,105.48,105.6,6061860,2018-05-23,2018-05-23,48.0167,86.7947,87.6958,87.0654
2018-05-22,AGG,stock,105.32,105.37,105.28,105.31,2246365,2018-05-22,2018-05-22,39.0436,86.7932,87.7047,87.0759
2018-05-21,AGG,stock,105.28,105.37,105.24,105.31,1952244,2018-05-21,2018-05-21,39.0436,86.8167,87.7161,87.0965
2018-05-18,AGG,stock,105.16,105.32,105.16,105.3,2151118,2018-05-18,2018-05-18,38.7291,86.8427,87.7276,87.1180
2018-05-17,AGG,stock,105.19,105.21,105,105.03,2789005,2018-05-17,2018-05-17,29.6272,86.8723,87.7393,87.1407
2018-05-16,AGG,stock,105.36,105.42,105.15,105.17,2477507,2018-05-16,2018-05-16,31.9095,86.9283,87.7534,87.1734
2018-05-15,AGG,stock,105.49,105.49,105.19,105.29,2166440,2018-05-15,2018-05-15,33.9938,86.9781,87.7665,87.2027
2018-05-14,AGG,stock,105.79,105.85,105.74,105.76,2183502,2018-05-14,2018-05-14,44.5854,87.0228,87.7787,87.2292
2018-05-11,AGG,stock,105.9,105.9,105.76,105.86,2034081,2018-05-11,2018-05-11,47.5100,87.0315,87.7871,87.2410
2018-05-10,AGG,stock,105.75,105.82,105.69,105.81,2096721,2018-05-10,2018-05-10,45.8612,87.0325,87.7948,87.2500
2018-05-09,AGG,stock,105.56,105.64,105.52,105.57,2507491,2018-05-09,2018-05-09,37.0475,87.0379,87.8029,87.2610
2018-05-08,AGG,stock,105.66,105.75,105.6,105.69,2591700,2018-05-08,2018-05-08,40.0767,87.0647,87.8132,87.2804
2018-05-07,AGG,stock,105.88,105.88,105.77,105.81,1533669,2018-05-07,2018-05-07,43.3695,87.0839,87.8225,87.2967
2018-05-04,AGG,stock,105.92,105.93,105.71,105.86,2317096,2018-05-04,2018-05-04,44.7934,87.0947,87.8310,87.3096
2018-05-03,AGG,stock,105.82,105.95,105.78,105.79,4499248,2018-05-03,2018-05-03,42.3320,87.1024,87.8391,87.3213
2018-05-02,AGG,stock,105.7,105.78,105.62,105.67,2560752,2018-05-02,2018-05-02,37.9265,87.1169,87.8479,87.3358
2018-05-01,AGG,stock,105.73,105.79,105.6,105.67,3027047,2018-05-01,2018-05-01,37.9265,87.1433,87.8578,87.3550
2018-04-30,AGG,stock,106.01,106.12,105.99,106,4692614,2018-04-30,2018-04-30,39.8914,87.1725,87.8678,87.3750
2018-04-27,AGG,stock,105.96,106.04,105.94,105.98,3806396,2018-04-27,2018-04-27,39.2414,87.1970,87.8771,87.3928
2018-04-26,AGG,stock,105.83,105.9,105.76,105.85,4870388,2018-04-26,2018-04-26,34.9987,87.2258,87.8867,87.4119
2018-04-25,AGG,stock,105.72,105.74,105.6,105.67,3784953,2018-04-25,2018-04-25,28.5875,87.2688,87.8974,87.4362
2018-04-24,AGG,stock,105.85,105.92,105.78,105.81,3442319,2018-04-24,2018-04-24,30.7801,87.3320,87.9098,87.4675
2018-04-23,AGG,stock,105.98,106.01,105.9,105.95,2620804,2018-04-23,2018-04-23,33.1404,87.3897,87.9211,87.4954
2018-04-20,AGG,stock,106.15,106.24,106,106,2766030,2018-04-20,2018-04-20,34.0051,87.4414,87.9314,87.5198
2018-04-19,AGG,stock,106.34,106.39,106.24,106.29,10985057,2018-04-19,2018-04-19,39.5653,87.4942,87.9413,87.5435
2018-04-18,AGG,stock,106.74,106.75,106.54,106.55,2231676,2018-04-18,2018-04-18,45.7998,87.5275,87.9490,87.5584
2018-04-17,AGG,stock,106.81,106.89,106.75,106.85,2362997,2018-04-17,2018-04-17,55.1029,87.5419,87.9546,87.5652
2018-04-16,AGG,stock,106.64,106.84,106.61,106.82,3860835,2018-04-16,2018-04-16,54.2397,87.5319,87.9578,87.5623
2018-04-13,AGG,stock,106.69,106.84,106.67,106.8,2764839,2018-04-13,2018-04-13,53.6886,87.5234,87.9613,87.5603
2018-04-12,AGG,stock,106.91,106.93,106.76,106.77,3898969,2018-04-12,2018-04-12,52.8985,87.5158,87.9650,87.5588
2018-04-11,AGG,stock,107.05,107.06,106.93,107.01,8598940,2018-04-11,2018-04-11,60.5761,87.5100,87.9689,87.5583
2018-04-10,AGG,stock,106.95,106.99,106.83,106.92,2955469,2018-04-10,2018-04-10,58.4776,87.4828,87.9709,87.5498
2018-04-09,AGG,stock,106.83,107,106.78,107,3746468,2018-04-09,2018-04-09,61.1649,87.4605,87.9737,87.5439
2018-04-06,AGG,stock,106.89,106.98,106.79,106.91,2814781,2018-04-06,2018-04-06,59.2066,87.4290,87.9759,87.5350
2018-04-05,AGG,stock,106.71,106.76,106.63,106.67,2592453,2018-04-05,2018-04-05,53.3860,87.4019,87.9788,87.5289
2018-04-04,AGG,stock,106.9,106.93,106.79,106.82,6200862,2018-04-04,2018-04-04,58.2059,87.3928,87.9837,87.5305
2018-04-03,AGG,stock,106.82,106.87,106.74,106.78,9916091,2018-04-03,2018-04-03,57.2502,87.3697,87.9874,87.5272
2018-04-02,AGG,stock,106.9,107.04,106.82,106.9,7280259,2018-04-02,2018-04-02,61.1453,87.3476,87.9915,87.5250
2018-03-29,AGG,stock,106.95,107.26,106.95,107.25,9190690,2018-03-29,2018-03-29,64.7734,87.3128,87.9947,87.5188
2018-03-28,AGG,stock,107.05,107.1,106.88,106.94,5617206,2018-03-28,2018-03-28,58.0548,87.2652,87.9970,87.5087
2018-03-27,AGG,stock,106.63,106.95,106.61,106.88,4537652,2018-03-27,2018-03-27,56.5660,87.2393,88.0019,87.5086
2018-03-26,AGG,stock,106.64,106.71,106.47,106.57,4546535,2018-03-26,2018-03-26,47.6517,87.2158,88.0073,87.5105
2018-03-23,AGG,stock,106.46,106.7,106.46,106.61,3618720,2018-03-23,2018-03-23,48.8531,87.2165,88.0153,87.5228
2018-03-22,AGG,stock,106.67,106.8,106.49,106.61,3334408,2018-03-22,2018-03-22,48.8531,87.2139,88.0231,87.5343
2018-03-21,AGG,stock,106.32,106.48,106.08,106.41,2994423,2018-03-21,2018-03-21,42.6161,87.2110,88.0309,87.5463
2018-03-20,AGG,stock,106.44,106.51,106.4,106.42,3000736,2018-03-20,2018-03-20,42.8587,87.2250,88.0405,87.5654
2018-03-19,AGG,stock,106.56,106.74,106.53,106.59,2263306,2018-03-19,2018-03-19,47.0914,87.2397,88.0501,87.5850
2018-03-16,AGG,stock,106.62,106.72,106.6,106.7,2552666,2018-03-16,2018-03-16,50.0620,87.2412,88.0584,87.5996
2018-03-15,AGG,stock,106.73,106.81,106.64,106.76,3045480,2018-03-15,2018-03-15,51.7142,87.2334,88.0659,87.6113
2018-03-14,AGG,stock,106.54,106.85,106.52,106.75,3126465,2018-03-14,2018-03-14,51.4663,87.2197,88.0729,87.6213
2018-03-13,AGG,stock,106.59,106.6,106.45,106.57,2727516,2018-03-13,2018-03-13,46.9106,87.2053,88.0801,87.6322
2018-03-12,AGG,stock,106.43,106.49,106.37,106.43,4149551,2018-03-12,2018-03-12,43.0498,87.2050,88.0889,87.6495
2018-03-09,AGG,stock,106.43,106.46,106.3,106.37,3669435,2018-03-09,2018-03-09,41.3525,87.2166,88.0989,87.6721
2018-03-08,AGG,stock,106.42,106.63,106.42,106.57,2396210,2018-03-08,2018-03-08,45.5548,87.2347,88.1095,87.6977
2018-03-07,AGG,stock,106.51,106.55,106.37,106.4,3448700,2018-03-07,2018-03-07,40.8070,87.2375,88.1185,87.7177
2018-03-06,AGG,stock,106.45,106.56,106.38,106.42,1932134,2018-03-06,2018-03-06,41.1995,87.2551,88.1291,87.7441
2018-03-05,AGG,stock,106.6,106.65,106.28,106.4,3307229,2018-03-05,2018-03-05,40.6696,87.2729,88.1396,87.7710
2018-03-02,AGG,stock,106.47,106.55,106.36,106.46,3717333,2018-03-02,2018-03-02,41.7168,87.2943,88.1503,87.7996
2018-03-01,AGG,stock,106.54,106.72,106.38,106.63,7335507,2018-03-01,2018-03-01,44.7484,87.3128,88.1607,87.8274
2018-02-28,AGG,stock,106.59,106.77,106.54,106.77,9614100,2018-02-28,2018-02-28,42.5869,87.3186,88.1698,87.8507
2018-02-27,AGG,stock,106.78,106.82,106.38,106.48,5704682,2018-02-27,2018-02-27,35.4308,87.3332,88.1797,87.8780
2018-02-26,AGG,stock,106.88,106.95,106.69,106.71,4617332,2018-02-26,2018-02-26,39.0118,87.3742,88.1921,87.9162
2018-02-23,AGG,stock,106.61,106.76,106.57,106.63,2398139,2018-02-23,2018-02-23,36.9537,87.3998,88.2028,87.9482
2018-02-22,AGG,stock,106.49,106.56,106.36,106.36,2485375,2018-02-22,2018-02-22,29.4977,87.4350,88.2142,87.9843
2018-02-21,AGG,stock,106.77,106.8,106.26,106.35,3223807,2018-02-21,2018-02-21,29.2098,87.4970,88.2280,88.0307
2018-02-20,AGG,stock,106.69,106.71,106.55,106.69,2907353,2018-02-20,2018-02-20,33.5333,87.5665,88.2420,88.0795
2018-02-16,AGG,stock,106.85,106.88,106.71,106.8,3648896,2018-02-16,2018-02-16,35.0939,87.6140,88.2533,88.1188
2018-02-15,AGG,stock,106.56,106.73,106.53,106.59,2878890,2018-02-15,2018-02-15,29.2578,87.6571,88.2638,88.1561
2018-02-14,AGG,stock,106.57,106.66,106.4,106.46,4317006,2018-02-14,2018-02-14,25.4022,87.7228,88.2762,88.2020
2018-02-13,AGG,stock,106.79,106.91,106.7,106.82,4256198,2018-02-13,2018-02-13,29.5426,87.8066,88.2897,88.2540
2018-02-12,AGG,stock,106.74,106.95,106.66,106.79,5421413,2018-02-12,2018-02-12,28.6426,87.8682,88.3005,88.2962
2018-02-09,AGG,stock,106.72,107.07,106.7,106.76,5926119,2018-02-09,2018-02-09,27.7860,87.9389,88.3116,88.3411
2018-02-08,AGG,stock,106.84,107.14,106.77,106.9,4761578,2018-02-08,2018-02-08,29.3106,88.0197,88.3230,88.3888
2018-02-07,AGG,stock,107.43,107.44,107,107.08,4115631,2018-02-07,2018-02-07,31.3653,88.0969,88.3335,88.4338
2018-02-06,AGG,stock,107.46,107.56,107.28,107.32,6031378,2018-02-06,2018-02-06,34.3463,88.1667,88.3425,88.4746
2018-02-05,AGG,stock,107.13,107.81,107,107.63,5991702,2018-02-05,2018-02-05,38.7652,88.2233,88.3497,88.5091
2018-02-02,AGG,stock,107.25,107.35,107.1,107.2,4779286,2018-02-02,2018-02-02,26.6023,88.2592,88.3544,88.5347
2018-02-01,AGG,stock,107.75,107.83,107.48,107.52,9678708,2018-02-01,2018-02-01,30.8345,88.3358,88.3626,88.5756
2018-01-31,AGG,stock,108.2,108.21,107.88,108.1,8066895,2018-01-31,2018-01-31,36.5238,88.3930,88.3684,88.6076
2018-01-30,AGG,stock,108.12,108.12,107.92,108.01,3659538,2018-01-30,2018-01-30,33.4911,88.4272,88.3714,88.6296
2018-01-29,AGG,stock,108.14,108.25,108.02,108.18,3974875,2018-01-29,2018-01-29,36.5543,88.4727,88.3752,88.6555
2018-01-26,AGG,stock,108.51,108.51,108.27,108.37,3808163,2018-01-26,2018-01-26,40.3879,88.5084,88.3776,88.6769
2018-01-25,AGG,stock,108.26,108.57,108.19,108.57,9851621,2018-01-25,2018-01-25,45.0009,88.5316,88.3785,88.6927
2018-01-24,AGG,stock,108.25,108.32,108.15,108.29,2362273,2018-01-24,2018-01-24,35.4105,88.5401,88.3778,88.7026
2018-01-23,AGG,stock,108.33,108.44,108.29,108.4,4775565,2018-01-23,2018-01-23,37.8160,88.5735,88.3793,88.7222
2018-01-22,AGG,stock,108.22,108.3,108.11,108.14,3983269,2018-01-22,2018-01-22,26.9199,88.6010,88.3800,88.7389
2018-01-19,AGG,stock,108.4,108.4,108.14,108.18,2933808,2018-01-19,2018-01-19,27.6111,88.6536,88.3828,88.7650
2018-01-18,AGG,stock,108.43,108.53,108.35,108.41,2896531,2018-01-18,2018-01-18,31.9974,88.7084,88.3853,88.7907
2018-01-17,AGG,stock,108.73,108.84,108.62,108.65,3146296,2018-01-17,2018-01-17,37.8188,88.7492,88.3860,88.8099
2018-01-16,AGG,stock,108.87,108.98,108.72,108.77,6794442,2018-01-16,2018-01-16,41.3080,88.7738,88.3847,88.8219
2018-01-12,AGG,stock,108.64,108.83,108.63,108.74,3605930,2018-01-12,2018-01-12,40.0234,88.7906,88.3824,88.8304
2018-01-11,AGG,stock,108.66,108.86,108.61,108.76,3470415,2018-01-11,2018-01-11,40.5731,88.8118,88.3803,88.8403
2018-01-10,AGG,stock,108.48,108.72,108.43,108.71,4194349,2018-01-10,2018-01-10,38.6159,88.8335,88.3780,88.8498
2018-01-09,AGG,stock,108.91,108.91,108.69,108.71,2301454,2018-01-09,2018-01-09,38.6159,88.8617,88.3761,88.8614
2018-01-08,AGG,stock,109.11,109.11,108.95,109.01,3394498,2018-01-08,2018-01-08,46.5469,88.8930,88.3742,88.8735
2018-01-05,AGG,stock,109.15,109.15,108.95,109.04,4322873,2018-01-05,2018-01-05,47.4519,88.9018,88.3699,88.8762
2018-01-04,AGG,stock,109.02,109.15,108.97,109.11,2945384,2018-01-04,2018-01-04,49.5387,88.9089,88.3652,88.8779
2018-01-03,AGG,stock,109.25,109.25,109.09,109.18,2441732,2018-01-03,2018-01-03,51.6478,88.9108,88.3599,88.8774
2018-01-02,AGG,stock,109.26,109.31,108.97,109.17,8851239,2018-01-02,2018-01-02,51.3731,88.9069,88.3540,88.8745
2017-12-29,AGG,stock,109.28,109.39,109.24,109.33,2813359,2017-12-29,2017-12-29,56.1077,88.9034,88.3481,88.8718
2017-12-28,AGG,stock,109.22,109.26,109.14,109.22,2895441,2017-12-28,2017-12-28,53.3639,88.8859,88.3409,88.8637
2017-12-27,AGG,stock,109.02,109.33,109.02,109.3,2046950,2017-12-27,2017-12-27,55.7160,88.8759,88.3344,88.8590
2017-12-26,AGG,stock,108.91,109.01,108.87,108.96,1873401,2017-12-26,2017-12-26,46.3909,88.8581,88.3273,88.8513
2017-12-22,AGG,stock,108.82,108.89,108.81,108.87,3292848,2017-12-22,2017-12-22,43.4646,88.8675,88.3228,88.8547
2017-12-21,AGG,stock,108.76,108.87,108.73,108.82,2374500,2017-12-21,2017-12-21,41.8266,88.8856,88.3191,88.8612
2017-12-20,AGG,stock,108.75,108.88,108.71,108.76,4002532,2017-12-20,2017-12-20,38.6447,88.9099,88.3157,88.8696
2017-12-19,AGG,stock,109.14,109.16,108.89,109.01,2820942,2017-12-19,2017-12-19,44.5064,88.9450,88.3131,88.8816
2017-12-18,AGG,stock,109.47,109.47,109.25,109.33,4474295,2017-12-18,2017-12-18,54.2948,88.9624,88.3084,88.8858
2017-12-15,AGG,stock,109.42,109.55,109.32,109.47,2403655,2017-12-15,2017-12-15,59.6220,88.9542,88.3011,88.8795
2017-12-14,AGG,stock,109.31,109.51,109.23,109.44,4126106,2017-12-14,2017-12-14,58.8180,88.9331,88.2925,88.8682
2017-12-13,AGG,stock,109.23,109.55,109.14,109.41,3109545,2017-12-13,2017-12-13,58.0422,88.9124,88.2841,88.8576
2017-12-12,AGG,stock,109.1,109.11,108.95,109.1,3142615,2017-12-12,2017-12-12,48.7850,88.8921,88.2758,88.8474
2017-12-11,AGG,stock,109.14,109.32,109.13,109.15,2612378,2017-12-11,2017-12-11,50.4522,88.8962,88.2700,88.8472
2017-12-08,AGG,stock,109.21,109.29,109.15,109.19,1684998,2017-12-08,2017-12-08,51.7663,88.8965,88.2638,88.8453
2017-12-07,AGG,stock,109.44,109.46,109.1536,109.23,2584120,2017-12-07,2017-12-07,53.0493,88.8933,88.2571,88.8420
2017-12-06,AGG,stock,109.42,109.52,109.37,109.37,2965777,2017-12-06,2017-12-06,57.6971,88.8864,88.2500,88.8372
2017-12-05,AGG,stock,109.09,109.26,109.08,109.26,2995529,2017-12-05,2017-12-05,54.8084,88.8668,88.2418,88.8276
2017-12-04,AGG,stock,109.03,109.17,109,109.15,2652809,2017-12-04,2017-12-04,51.7489,88.8545,88.2343,88.8213
2017-12-01,AGG,stock,109.02,109.48,108.845,109.16,3410153,2017-12-01,2017-12-01,52.0463,88.8504,88.2277,88.8183
2017-11-30,AGG,stock,109.25,109.3,109.02,109.08,4011274,2017-11-30,2017-11-30,42.5310,88.8450,88.2209,88.8149
2017-11-29,AGG,stock,109.27,109.32,109.1789,109.26,2423666,2017-11-29,2017-11-29,47.6103,88.8656,88.2166,88.8217
2017-11-28,AGG,stock,109.59,109.63,109.47,109.53,5126887,2017-11-28,2017-11-28,57.1101,88.8730,88.2108,88.8227
2017-11-27,AGG,stock,109.53,109.58,109.44,109.53,2653260,2017-11-27,2017-11-27,57.1101,88.8580,88.2027,88.8149
2017-11-24,AGG,stock,109.5,109.56,109.48,109.53,1693471,2017-11-24,2017-11-24,57.1101,88.8415,88.1945,88.8067
2017-11-22,AGG,stock,109.4,109.56,109.38,109.55,6104105,2017-11-22,2017-11-22,57.7941,88.8232,88.1863,88.7982
2017-11-21,AGG,stock,109.39,109.43,109.222,109.36,2297395,2017-11-21,2017-11-21,52.8087,88.8013,88.1778,88.7887
2017-11-20,AGG,stock,109.23,109.3,109.18,109.25,2639133,2017-11-20,2017-11-20,49.6088,88.7934,88.1708,88.7851
2017-11-17,AGG,stock,109.33,109.39,109.26,109.31,3544593,2017-11-17,2017-11-17,51.3731,88.7940,88.1646,88.7850
2017-11-16,AGG,stock,109.22,109.32,109.175,109.19,1912596,2017-11-16,2017-11-16,47.9342,88.7896,88.1578,88.7829
2017-11-15,AGG,stock,109.26,109.38,109.14,109.31,2495653,2017-11-15,2017-11-15,51.3033,88.7950,88.1520,88.7847
2017-11-14,AGG,stock,109.01,109.12,109,109.1,2799949,2017-11-14,2017-11-14,45.0244,88.7906,88.1451,88.7826
2017-11-13,AGG,stock,109.11,109.11,108.96,108.99,1891563,2017-11-13,2017-11-13,41.3459,88.8038,88.1399,88.7874
2017-11-10,AGG,stock,109.06,109.15,108.97,108.99,1751136,2017-11-10,2017-11-10,41.3459,88.8278,88.1355,88.7960
2017-11-09,AGG,stock,109.39,109.46,109.3,109.43,2470740,2017-11-09,2017-11-09,53.7501,88.8542,88.1311,88.8050
2017-11-08,AGG,stock,109.54,109.6,109.46,109.51,2738708,2017-11-08,2017-11-08,56.6179,88.8459,88.1230,88.7998
2017-11-07,AGG,stock,109.58,109.61,109.49,109.58,2015511,2017-11-07,2017-11-07,59.1835,88.8298,88.1142,88.7917
2017-11-06,AGG,stock,109.56,109.59,109.46,109.55,1292977,2017-11-06,2017-11-06,58.4339,88.8060,88.1048,88.7809
2017-11-03,AGG,stock,109.48,109.48,109.29,109.45,1781239,2017-11-03,2017-11-03,55.9288,88.7823,88.0954,88.7707
2017-11-02,AGG,stock,109.35,109.495,109.331,109.35,2160492,2017-11-02,2017-11-02,53.3162,88.7647,88.0869,88.7633
2017-11-01,AGG,stock,109.17,109.41,109.17,109.29,2959362,2017-11-01,2017-11-01,51.7217,88.7537,88.0790,88.7590
2017-10-31,AGG,stock,109.52,109.55,109.44,109.47,3719883,2017-10-31,2017-10-31,50.4676,88.7468,88.0716,88.7566
2017-10-30,AGG,stock,109.43,109.56,109.36,109.54,2384812,2017-10-30,2017-10-30,52.3077,88.7432,88.0644,88.7556
2017-10-27,AGG,stock,109.07,109.26,109.035,109.24,1902541,2017-10-27,2017-10-27,44.2130,88.7332,88.0566,88.7522
2017-10-26,AGG,stock,109.2,109.229,108.98,109,2163496,2017-10-26,2017-10-26,36.1644,88.7478,88.0512,88.7587
2017-10-25,AGG,stock,108.96,109.13,108.95,109.12,2945419,2017-10-25,2017-10-25,38.7607,88.7845,88.0477,88.7733
2017-10-24,AGG,stock,109.23,109.29,109.17,109.19,1722474,2017-10-24,2017-10-24,40.3290,88.8147,88.0432,88.7846
2017-10-23,AGG,stock,109.4,109.47,109.36,109.42,2000787,2017-10-23,2017-10-23,46.0088,88.8422,88.0381,88.7940
2017-10-20,AGG,stock,109.32,109.405,109.26,109.3,2014321,2017-10-20,2017-10-20,42.0552,88.8529,88.0310,88.7962
2017-10-19,AGG,stock,109.71,109.75,109.54,109.62,1876987,2017-10-19,2017-10-19,51.3698,88.8749,88.0249,88.8024
2017-10-18,AGG,stock,109.51,109.56,109.46,109.54,1663836,2017-10-18,2017-10-18,48.7339,88.8720,88.0161,88.7983
2017-10-17,AGG,stock,109.62,109.74,109.55,109.71,1764831,2017-10-17,2017-10-17,54.5704,88.8756,88.0078,88.7967
2017-10-16,AGG,stock,109.75,109.81,109.66,109.75,3788111,2017-10-16,2017-10-16,56.0367,88.8651,87.9981,88.7894
2017-10-13,AGG,stock,109.82,109.87,109.69,109.86,1743840,2017-10-13,2017-10-13,60.1649,88.8501,87.9879,88.7805
2017-10-12,AGG,stock,109.56,109.61,109.48,109.59,1933369,2017-10-12,2017-10-12,52.1265,88.8240,87.9768,88.7676
2017-10-11,AGG,stock,109.47,109.53,109.42,109.46,1866393,2017-10-11,2017-10-11,47.3792,88.8183,87.9677,88.7630
2017-10-10,AGG,stock,109.47,109.61,109.3999,109.44,1635800,2017-10-10,2017-10-10,46.6230,88.8231,87.9596,88.7626
2017-10-09,AGG,stock,109.35,109.43,109.3,109.43,1131590,2017-10-09,2017-10-09,46.2645,88.8301,87.9516,88.7629
2017-10-06,AGG,stock,109.22,109.42,109.1499,109.28,1823984,2017-10-06,2017-10-06,40.7186,88.8387,87.9436,88.7635
2017-10-05,AGG,stock,109.54,109.54,109.3701,109.44,1909925,2017-10-05,2017-10-05,45.3550,88.8610,87.9367,88.7691
2017-10-04,AGG,stock,109.56,109.57,109.41,109.49,2673151,2017-10-04,2017-10-04,46.9048,88.8720,87.9285,88.7696
2017-10-03,AGG,stock,109.46,109.54,109.4,109.52,2462485,2017-10-03,2017-10-03,47.8151,88.8799,87.9198,88.7684
2017-10-02,AGG,stock,109.43,109.51,109.33,109.43,5692248,2017-10-02,2017-10-02,44.8326,88.8860,87.9107,88.7663
2017-09-29,AGG,stock,109.74,109.77,109.54,109.59,5770818,2017-09-29,2017-09-29,42.5583,88.9005,87.9023,88.7670
2017-09-28,AGG,stock,109.58,109.72,109.51,109.68,1702507,2017-09-28,2017-09-28,44.8551,88.9222,87.8943,88.7700
2017-09-27,AGG,stock,109.67,109.75,109.6,109.67,3042751,2017-09-27,2017-09-27,44.5463,88.9385,87.8856,88.7701
2017-09-26,AGG,stock,109.95,110.02,109.88,109.99,2749892,2017-09-26,2017-09-26,53.4371,88.9575,87.8768,88.7705
2017-09-25,AGG,stock,109.85,110.04,109.82,110.03,3937638,2017-09-25,2017-09-25,54.7044,88.9511,87.8653,88.7605
2017-09-22,AGG,stock,109.86,109.9,109.75,109.77,1461846,2017-09-22,2017-09-22,47.1377,88.9407,87.8534,88.7486
2017-09-21,AGG,stock,109.82,109.85,109.68,109.69,2210883,2017-09-21,2017-09-21,44.4882,88.9513,87.8435,88.7449
2017-09-20,AGG,stock,109.84,109.9194,109.59,109.71,1356768,2017-09-20,2017-09-20,45.0119,88.9698,87.8341,88.7437
2017-09-19,AGG,stock,109.91,109.96,109.785,109.8,1407196,2017-09-19,2017-09-19,47.3406,88.9886,87.8245,88.7417
2017-09-18,AGG,stock,109.86,109.9,109.7705,109.86,1946411,2017-09-18,2017-09-18,48.9070,89.0018,87.8141,88.7367
2017-09-15,AGG,stock,110,110.04,109.86,109.91,2818046,2017-09-15,2017-09-15,50.1921,89.0111,87.8030,88.7296
2017-09-14,AGG,stock,109.81,109.97,109.81,109.93,1704216,2017-09-14,2017-09-14,50.6868,89.0173,87.7915,88.7204
2017-09-13,AGG,stock,110,110.04,109.86,109.87,1304102,2017-09-13,2017-09-13,49.2946,89.0223,87.7796,88.7103
2017-09-12,AGG,stock,110.04,110.06,109.92,109.98,2403562,2017-09-12,2017-09-12,51.7833,89.0330,87.7682,88.7017
2017-09-11,AGG,stock,110.27,110.29,110.1,110.14,2492743,2017-09-11,2017-09-11,55.5727,89.0355,87.7557,88.6891
2017-09-08,AGG,stock,110.54,110.58,110.43,110.44,2363231,2017-09-08,2017-09-08,63.6869,89.0245,87.7418,88.6708
2017-09-07,AGG,stock,110.43,110.66,110.42,110.57,1648825,2017-09-07,2017-09-07,67.6622,88.9869,87.7253,88.6417
2017-09-06,AGG,stock,110.42,110.52,110.2301,110.3,2720188,2017-09-06,2017-09-06,63.2366,88.9342,87.7076,88.6072
2017-09-05,AGG,stock,110.27,110.4972,110.21,110.42,2257109,2017-09-05,2017-09-05,67.0220,88.8990,87.6919,88.5802
2017-09-01,AGG,stock,110.19,110.22,109.91,109.97,2824636,2017-09-01,2017-09-01,58.3378,88.8499,87.6751,88.5481
2017-08-31,AGG,stock,110.31,110.46,110.31,110.45,5308381,2017-08-31,2017-08-31,67.4973,88.8339,87.6617,88.5296
2017-08-30,AGG,stock,110.27,110.33,110.24,110.3,1505746,2017-08-30,2017-08-30,64.3850,88.7950,87.6462,88.5021
2017-08-29,AGG,stock,110.48,110.49,110.26,110.32,2092244,2017-08-29,2017-08-29,65.1575,88.7647,87.6318,88.4784
2017-08-28,AGG,stock,110.17,110.24,110.1,110.16,4476080,2017-08-28,2017-08-28,61.7483,88.7296,87.6171,88.4531
2017-08-25,AGG,stock,110.05,110.19,110.01,110.12,2326792,2017-08-25,2017-08-25,60.8593,88.7043,87.6035,88.4320
2017-08-24,AGG,stock,110.07,110.16,109.99,110.04,2102142,2017-08-24,2017-08-24,59.0936,88.6798,87.5901,88.4114
2017-08-23,AGG,stock,110.08,110.19,110.01,110.18,1894934,2017-08-23,2017-08-23,63.7681,88.6595,87.5772,88.3926
2017-08-22,AGG,stock,109.99,110.02,109.87,109.93,1992321,2017-08-22,2017-08-22,58.2982,88.6252,87.5630,88.3684
2017-08-21,AGG,stock,110.01,110.09,109.97,110.03,1717640,2017-08-21,2017-08-21,61.7614,88.6085,87.5507,88.3514
2017-08-18,AGG,stock,110.05,110.14,109.89,109.95,1564794,2017-08-18,2017-08-18,59.9961,88.5815,87.5375,88.3305
2017-08-17,AGG,stock,109.83,110.02,109.78,110.02,5403527,2017-08-17,2017-08-17,62.3343,88.5585,87.5249,88.3113
2017-08-16,AGG,stock,109.54,109.93,109.54,109.86,1956479,2017-08-16,2017-08-16,58.9378,88.5271,87.5115,88.2891
2017-08-15,AGG,stock,109.56,109.715,109.56,109.66,2177420,2017-08-15,2017-08-15,54.1374,88.5061,87.4993,88.2712
2017-08-14,AGG,stock,109.84,109.8969,109.74,109.82,2294261,2017-08-14,2017-08-14,59.2860,88.4998,87.4885,88.2592
2017-08-11,AGG,stock,109.75,109.94,109.68,109.87,1913253,2017-08-11,2017-08-11,60.9685,88.4793,87.4764,88.2414
2017-08-10,AGG,stock,109.7,109.85,109.67,109.78,2004163,2017-08-10,2017-08-10,59.0249,88.4523,87.4638,88.2212
2017-08-09,AGG,stock,109.87,109.87,109.66,109.67,2308932,2017-08-09,2017-08-09,56.5704,88.4302,87.4517,88.2032
2017-08-08,AGG,stock,109.67,109.69,109.5,109.57,2570876,2017-08-08,2017-08-08,54.2574,88.4151,87.4404,88.1881
2017-08-07,AGG,stock,109.69,109.72,109.6066,109.67,2359826,2017-08-07,2017-08-07,57.0803,88.4068,87.4299,88.1756
2017-08-04,AGG,stock,109.7,109.72,109.535,109.68,2300875,2017-08-04,2017-08-04,57.3574,88.3893,87.4184,88.1594
2017-08-03,AGG,stock,109.77,109.94,109.74,109.86,1485193,2017-08-03,2017-08-03,62.4224,88.3690,87.4067,88.1421
2017-08-02,AGG,stock,109.71,109.77,109.64,109.64,2253372,2017-08-02,2017-08-02,58.2369,88.3313,87.3934,88.1182
2017-08-01,AGG,stock,109.38,109.72,109.36,109.72,2338876,2017-08-01,2017-08-01,60.5128,88.3083,87.3818,88.1006
2017-07-31,AGG,stock,109.69,109.725,109.58,109.65,2362989,2017-07-31,2017-07-31,54.3116,88.2761,87.3694,88.0797
2017-07-28,AGG,stock,109.54,109.7,109.49,109.7,1894332,2017-07-28,2017-07-28,55.6652,88.2660,87.3593,88.0677
2017-07-27,AGG,stock,109.51,109.5868,109.4301,109.48,1868732,2017-07-27,2017-07-27,50.6390,88.2505,87.3487,88.0536
2017-07-26,AGG,stock,109.37,109.71,109.35,109.64,2249859,2017-07-26,2017-07-26,54.8374,88.2521,87.3398,88.0462
2017-07-25,AGG,stock,109.6,109.63,109.39,109.43,2601670,2017-07-25,2017-07-25,49.7610,88.2403,87.3295,88.0332
2017-07-24,AGG,stock,109.84,109.92,109.76,109.82,1946019,2017-07-24,2017-07-24,61.7259,88.2450,87.3208,88.0266
2017-07-21,AGG,stock,109.88,109.96,109.83,109.92,1532056,2017-07-21,2017-07-21,65.4743,88.2172,87.3089,88.0069
2017-07-20,AGG,stock,109.85,109.88,109.7,109.73,1802663,2017-07-20,2017-07-20,61.3314,88.1779,87.2960,87.9831
2017-07-19,AGG,stock,109.72,109.75,109.63,109.7,1577734,2017-07-19,2017-07-19,60.6389,88.1506,87.2845,87.9646
2017-07-18,AGG,stock,109.64,109.71,109.58,109.67,2878592,2017-07-18,2017-07-18,59.9733,88.1230,87.2732,87.9463
2017-07-17,AGG,stock,109.4,109.48,109.32,109.42,4078495,2017-07-17,2017-07-17,53.9472,88.0951,87.2620,87.9282
2017-07-14,AGG,stock,109.54,109.56,109.29,109.37,1916631,2017-07-14,2017-07-14,52.6225,88.0854,87.2527,87.9177
2017-07-13,AGG,stock,109.29,109.3118,109.13,109.26,1568304,2017-07-13,2017-07-13,49.6647,88.0789,87.2437,87.9083
2017-07-12,AGG,stock,109.38,109.43,109.26,109.38,2129850,2017-07-12,2017-07-12,53.0176,88.0811,87.2355,87.9022
2017-07-11,AGG,stock,108.97,109.1,108.93,109.05,1969064,2017-07-11,2017-07-11,43.2311,88.0733,87.2263,87.8919
2017-07-10,AGG,stock,108.97,109.02,108.89,108.95,2386444,2017-07-10,2017-07-10,39.6966,88.0928,87.2196,87.8920
2017-07-07,AGG,stock,108.89,108.95,108.83,108.9,2727445,2017-07-07,2017-07-07,37.9015,88.1227,87.2137,87.8954
2017-07-06,AGG,stock,108.95,109,108.82,108.94,2284910,2017-07-06,2017-07-06,38.7585,88.1600,87.2081,87.9006
2017-07-05,AGG,stock,109.08,109.18,109,109.15,4288609,2017-07-05,2017-07-05,43.5607,88.1979,87.2021,87.9047
2017-07-03,AGG,stock,109.3,109.3,109.01,109.09,1817281,2017-07-03,2017-07-03,41.6424,88.2219,87.1944,87.9021
2017-06-30,AGG,stock,109.62,109.6273,109.46,109.51,2626939,2017-06-30,2017-06-30,46.3864,88.2536,87.1871,87.9013
2017-06-29,AGG,stock,109.53,109.68,109.465,109.65,3377194,2017-06-29,2017-06-29,50.2026,88.2721,87.1782,87.8941
2017-06-28,AGG,stock,109.85,109.88,109.68,109.86,12184475,2017-06-28,2017-06-28,56.6996,88.2807,87.1680,87.8820
2017-06-27,AGG,stock,109.93,109.98,109.7901,109.82,3072302,2017-06-27,2017-06-27,55.6853,88.2724,87.1560,87.8625
2017-06-26,AGG,stock,110.19,110.24,110.13,110.15,1914565,2017-06-26,2017-06-26,67.8644,88.2666,87.1443,87.8435
2017-06-23,AGG,stock,110.01,110.1085,109.98,110.05,1259120,2017-06-23,2017-06-23,65.7570,88.2323,87.1297,87.8129
2017-06-22,AGG,stock,110.06,110.0947,109.95,110.03,1427444,2017-06-22,2017-06-22,65.3348,88.2028,87.1158,87.7844
2017-06-21,AGG,stock,109.88,110.04,109.88,109.98,1217369,2017-06-21,2017-06-21,64.3134,88.1720,87.1019,87.7554
2017-06-20,AGG,stock,109.85,110.03,109.8,109.96,2195500,2017-06-20,2017-06-20,63.9186,88.1421,87.0883,87.7268
2017-06-19,AGG,stock,109.87,109.9,109.74,109.79,1610466,2017-06-19,2017-06-19,60.4659,88.1107,87.0747,87.6977
2017-06-16,AGG,stock,109.86,109.97,109.85,109.94,2216671,2017-06-16,2017-06-16,65.6099,88.0905,87.0624,87.6730
2017-06-15,AGG,stock,109.9,109.9,109.78,109.87,2233855,2017-06-15,2017-06-15,64.2935,88.0554,87.0487,87.6423
2017-06-14,AGG,stock,110,110.18,109.85,109.94,2627482,2017-06-14,2017-06-14,66.6629,88.0226,87.0355,87.6127
2017-06-13,AGG,stock,109.43,109.6,109.43,109.59,1474335,2017-06-13,2017-06-13,59.7816,87.9804,87.0215,87.5796
2017-06-12,AGG,stock,109.51,109.6958,109.47,109.56,1394766,2017-06-12,2017-06-12,59.1099,87.9633,87.0103,87.5566
2017-06-09,AGG,stock,109.51,109.63,109.46,109.56,1616833,2017-06-09,2017-06-09,59.1099,87.9470,86.9991,87.5337
2017-06-08,AGG,stock,109.7,109.7,109.5101,109.65,1532737,2017-06-08,2017-06-08,61.7791,87.9290,86.9879,87.5099
2017-06-07,AGG,stock,109.81,109.87,109.7,109.76,1903624,2017-06-07,2017-06-07,65.1164,87.9015,86.9758,87.4821
2017-06-06,AGG,stock,109.87,109.95,109.81,109.89,1607846,2017-06-06,2017-06-06,69.2198,87.8618,86.9627,87.4496
2017-06-05,AGG,stock,109.66,109.74,109.6,109.67,2450624,2017-06-05,2017-06-05,65.8368,87.8068,86.9484,87.4115
2017-06-02,AGG,stock,109.74,109.89,109.69,109.84,1507368,2017-06-02,2017-06-02,71.4735,87.7648,86.9358,87.3790
2017-06-01,AGG,stock,109.36,109.5,109.3409,109.48,2454539,2017-06-01,2017-06-01,65.6987,87.7039,86.9216,87.3396
2017-05-31,AGG,stock,109.64,109.81,109.64,109.76,2416515,2017-05-31,2017-05-31,67.4507,87.6670,86.9102,87.3105
2017-05-30,AGG,stock,109.58,109.66,109.54,109.65,2093241,2017-05-30,2017-05-30,65.5693,87.6221,86.8983,87.2785
2017-05-26,AGG,stock,109.46,109.54,109.44,109.44,955267,2017-05-26,2017-05-26,61.6387,87.5818,86.8872,87.2488
2017-05-25,AGG,stock,109.45,109.49,109.3701,109.48,1558065,2017-05-25,2017-05-25,62.9089,87.5549,86.8777,87.2248
2017-05-24,AGG,stock,109.25,109.5,109.2115,109.43,2719267,2017-05-24,2017-05-24,61.9999,87.5219,86.8677,87.1986
2017-05-23,AGG,stock,109.5,109.53,109.21,109.24,1334724,2017-05-23,2017-05-23,58.4030,87.4895,86.8581,87.1728
2017-05-22,AGG,stock,109.43,109.48,109.4,109.45,1642809,2017-05-22,2017-05-22,64.6872,87.4699,86.8498,87.1523
2017-05-19,AGG,stock,109.51,109.535,109.352,109.52,1503978,2017-05-19,2017-05-19,66.9158,87.4304,86.8398,87.1240
2017-05-18,AGG,stock,109.54,109.6299,109.4433,109.52,2107020,2017-05-18,2017-05-18,66.9158,87.3808,86.8292,87.0923
2017-05-17,AGG,stock,109.35,109.6,109.28,109.58,2464752,2017-05-17,2017-05-17,68.6642,87.3261,86.8184,87.0593
2017-05-16,AGG,stock,108.88,109.101,108.88,109.02,2051881,2017-05-16,2017-05-16,59.4913,87.2605,86.8070,87.0229
2017-05-15,AGG,stock,108.85,108.94,108.82,108.88,1770999,2017-05-15,2017-05-15,56.5379,87.2353,86.8001,87.0035
2017-05-12,AGG,stock,108.81,108.94,108.78,108.92,1329696,2017-05-12,2017-05-12,57.6531,87.2192,86.7942,86.9878
2017-05-11,AGG,stock,108.35,108.54,108.3435,108.52,2331142,2017-05-11,2017-05-11,48.1578,87.1981,86.7879,86.9702
2017-05-10,AGG,stock,108.6,108.66,108.44,108.53,1653429,2017-05-10,2017-05-10,48.4098,87.2086,86.7847,86.9649
2017-05-09,AGG,stock,108.43,108.51,108.4,108.5,3084948,2017-05-09,2017-05-09,47.6467,87.2194,86.7815,86.9592
2017-05-08,AGG,stock,108.63,108.67,108.49,108.49,3568402,2017-05-08,2017-05-08,47.4059,87.2338,86.7785,86.9541
2017-05-05,AGG,stock,108.72,108.74,108.57,108.7,1421843,2017-05-05,2017-05-05,52.0766,87.2506,86.7755,86.9492
2017-05-04,AGG,stock,108.55,108.7,108.55,108.68,1897912,2017-05-04,2017-05-04,51.6554,87.2513,86.7708,86.9372
2017-05-03,AGG,stock,108.97,108.99,108.77,108.77,1923403,2017-05-03,2017-05-03,53.6250,87.2539,86.7662,86.9254
2017-05-02,AGG,stock,108.68,108.94,108.679,108.88,2841518,2017-05-02,2017-05-02,56.0505,87.2492,86.7609,86.9101
2017-05-01,AGG,stock,108.86,108.9599,108.62,108.73,2510027,2017-05-01,2017-05-01,53.3805,87.2346,86.7546,86.8907
2017-04-28,AGG,stock,108.98,109.25,108.91,109.25,5774846,2017-04-28,2017-04-28,59.6694,87.2312,86.7494,86.8753
2017-04-27,AGG,stock,108.94,109.1,108.91,109.06,1660940,2017-04-27,2017-04-27,56.4461,87.2037,86.7420,86.8501
2017-04-26,AGG,stock,108.85,108.97,108.77,108.96,2893801,2017-04-26,2017-04-26,54.6757,87.1894,86.7360,86.8301
2017-04-25,AGG,stock,108.99,109.045,108.77,108.82,1888469,2017-04-25,2017-04-25,52.1471,87.1820,86.7307,86.8126
2017-04-24,AGG,stock,109.05,109.22,109,109.18,2745689,2017-04-24,2017-04-24,60.1613,87.1856,86.7265,86.7989
2017-04-21,AGG,stock,109.4,109.4899,109.3,109.34,1539265,2017-04-21,2017-04-21,64.2355,87.1592,86.7194,86.7729
2017-04-20,AGG,stock,109.31,109.4,109.2,109.31,1867805,2017-04-20,2017-04-20,63.8088,87.1166,86.7109,86.7406
2017-04-19,AGG,stock,109.47,109.56,109.39,109.48,2148531,2017-04-19,2017-04-19,68.0831,87.0721,86.7025,86.7080
2017-04-18,AGG,stock,109.41,109.7,109.39,109.65,2369862,2017-04-18,2017-04-18,72.5989,87.0085,86.6928,86.6685
2017-04-17,AGG,stock,109.3,109.4,109.18,109.21,1646056,2017-04-17,2017-04-17,67.4026,86.9239,86.6815,86.6218
2017-04-13,AGG,stock,109.25,109.39,109.13,109.27,2339939,2017-04-13,2017-04-13,69.0609,86.8674,86.6737,86.5876
2017-04-12,AGG,stock,108.93,109.2,108.89,109.13,2432965,2017-04-12,2017-04-12,67.3188,86.8000,86.6653,86.5500
2017-04-11,AGG,stock,108.76,108.98,108.75,108.89,2200830,2017-04-11,2017-04-11,64.1009,86.7373,86.6580,86.5155
2017-04-10,AGG,stock,108.53,108.65,108.4901,108.58,1903768,2017-04-10,2017-04-10,59.2937,86.6882,86.6525,86.4874
2017-04-07,AGG,stock,108.8,108.89,108.42,108.44,1783599,2017-04-07,2017-04-07,56.8718,86.6600,86.6494,86.4683
2017-04-06,AGG,stock,108.64,108.71,108.48,108.68,1725301,2017-04-06,2017-04-06,62.8215,86.6407,86.6475,86.4530
2017-04-05,AGG,stock,108.48,108.74,108.453,108.69,2304074,2017-04-05,2017-04-05,63.0769,86.5992,86.6436,86.4292
2017-04-04,AGG,stock,108.61,108.65,108.52,108.57,1627492,2017-04-04,2017-04-04,61.3254,86.5524,86.6396,86.4041
2017-04-03,AGG,stock,108.31,108.68,108.3,108.67,5198006,2017-04-03,2017-04-03,63.6622,86.5108,86.6365,86.3819
2017-03-31,AGG,stock,108.44,108.53,108.42,108.49,3717721,2017-03-31,2017-03-31,57.6440,86.4564,86.6325,86.3556
2017-03-30,AGG,stock,108.52,108.58,108.38,108.41,1733874,2017-03-30,2017-03-30,56.3081,86.4302,86.6318,86.3413
2017-03-29,AGG,stock,108.48,108.62,108.46,108.61,1965626,2017-03-29,2017-03-29,60.7564,86.4079,86.6317,86.3290
2017-03-28,AGG,stock,108.63,108.68,108.35,108.37,2016097,2017-03-28,2017-03-28,56.9684,86.3664,86.6300,86.3097
2017-03-27,AGG,stock,108.65,108.71,108.5345,108.62,1977292,2017-03-27,2017-03-27,62.8349,86.3408,86.6302,86.2975
2017-03-24,AGG,stock,108.35,108.51,108.31,108.36,3374871,2017-03-24,2017-03-24,58.7308,86.2914,86.6284,86.2766
2017-03-23,AGG,stock,108.44,108.51,108.2635,108.45,2071485,2017-03-23,2017-03-23,60.8922,86.2587,86.6286,86.2633
2017-03-22,AGG,stock,108.44,108.54,108.36,108.42,2643641,2017-03-22,2017-03-22,60.4416,86.2150,86.6282,86.2465
2017-03-21,AGG,stock,107.93,108.27,107.93,108.27,2049680,2017-03-21,2017-03-21,58.2058,86.1692,86.6280,86.2300
2017-03-20,AGG,stock,107.86,108.05,107.8401,108.05,1635249,2017-03-20,2017-03-20,54.7204,86.1312,86.6290,86.2178
2017-03-17,AGG,stock,107.72,107.91,107.6901,107.89,2368799,2017-03-17,2017-03-17,52.0182,86.1077,86.6317,86.2122
2017-03-16,AGG,stock,107.68,107.75,107.62,107.66,2369707,2017-03-16,2017-03-16,47.8652,86.0952,86.6358,86.2116
2017-03-15,AGG,stock,107.25,107.79,107.2,107.78,2163046,2017-03-15,2017-03-15,49.9602,86.1008,86.6418,86.2185
2017-03-14,AGG,stock,107.08,107.24,107.08,107.16,2639200,2017-03-14,2017-03-14,36.6596,86.0968,86.6468,86.2218
2017-03-13,AGG,stock,107.21,107.28,107.1,107.12,1658472,2017-03-13,2017-03-13,35.6347,86.1446,86.6569,86.2454
2017-03-10,AGG,stock,107.23,107.32,107.16,107.3,1905999,2017-03-10,2017-03-10,38.2188,86.2007,86.6674,86.2713
2017-03-09,AGG,stock,107.32,107.34,107.1207,107.14,3527292,2017-03-09,2017-03-09,34.2855,86.2477,86.6766,86.2924
2017-03-08,AGG,stock,107.39,107.5,107.34,107.47,2834748,2017-03-08,2017-03-08,39.0465,86.3130,86.6871,86.3196
2017-03-07,AGG,stock,107.8,107.84,107.69,107.73,2237937,2017-03-07,2017-03-07,43.4619,86.3574,86.6951,86.3371
2017-03-06,AGG,stock,107.94,107.99,107.82,107.87,3678302,2017-03-06,2017-03-06,46.0666,86.3847,86.7011,86.3468
2017-03-03,AGG,stock,107.92,107.97,107.74,107.92,4293867,2017-03-03,2017-03-03,47.0007,86.4030,86.7061,86.3524
2017-03-02,AGG,stock,107.93,107.99,107.7513,107.84,2299703,2017-03-02,2017-03-02,45.3544,86.4191,86.7106,86.3566
2017-03-01,AGG,stock,108.12,108.1369,107.98,108.04,3280167,2017-03-01,2017-03-01,48.8790,86.4436,86.7159,86.3635
2017-02-28,AGG,stock,108.8,108.94,108.75,108.77,3840064,2017-02-28,2017-02-28,59.8669,86.4538,86.7196,86.3642
2017-02-27,AGG,stock,108.95,108.98,108.77,108.8,1998161,2017-02-27,2017-02-27,60.6115,86.4224,86.7193,86.3483
2017-02-24,AGG,stock,108.88,109.06,108.82,109,2670884,2017-02-24,2017-02-24,65.6679,86.3851,86.7187,86.3308
2017-02-23,AGG,stock,108.56,108.645,108.5338,108.6,2168995,2017-02-23,2017-02-23,59.3737,86.3270,86.7165,86.3061
2017-02-22,AGG,stock,108.54,108.55,108.2,108.42,2655460,2017-02-22,2017-02-22,56.0033,86.2965,86.7175,86.2934
2017-02-21,AGG,stock,108.24,108.45,108.22,108.35,1980343,2017-02-21,2017-02-21,54.6445,86.2779,86.7200,86.2861
2017-02-17,AGG,stock,108.37,108.445,108.32,108.36,2228261,2017-02-17,2017-02-17,54.8693,86.2631,86.7230,86.2807
2017-02-16,AGG,stock,108.01,108.28,108.01,108.12,5257568,2017-02-16,2017-02-16,50.3143,86.2460,86.7260,86.2748
2017-02-15,AGG,stock,107.92,107.9966,107.86,107.89,2138914,2017-02-15,2017-02-15,45.4115,86.2472,86.7309,86.2764
2017-02-14,AGG,stock,108.3,108.3,107.91,108.06,2809525,2017-02-14,2017-02-14,48.7105,86.2679,86.7378,86.2856
2017-02-13,AGG,stock,108.34,108.35,108.23,108.3,2189830,2017-02-13,2017-02-13,53.8376,86.2764,86.7433,86.2897
2017-02-10,AGG,stock,108.26,108.47,108.26,108.46,2365339,2017-02-10,2017-02-10,57.5901,86.2658,86.7470,86.2861
2017-02-09,AGG,stock,108.61,108.67,108.43,108.48,2736100,2017-02-09,2017-02-09,58.0598,86.2405,86.7494,86.2771
2017-02-08,AGG,stock,108.61,108.83,108.61,108.74,3873152,2017-02-08,2017-02-08,64.4005,86.2109,86.7517,86.2671
2017-02-07,AGG,stock,108.3,108.58,108.245,108.43,2659217,2017-02-07,2017-02-07,59.5041,86.1564,86.7519,86.2483
2017-02-06,AGG,stock,108.22,108.38,108.095,108.32,1827186,2017-02-06,2017-02-06,57.5817,86.1222,86.7546,86.2388
2017-02-03,AGG,stock,108.12,108.2833,107.86,108.01,2728430,2017-02-03,2017-02-03,51.5649,86.0936,86.7583,86.2324
2017-02-02,AGG,stock,108.06,108.18,107.95,107.98,3490763,2017-02-02,2017-02-02,50.9396,86.0880,86.7644,86.2359
2017-02-01,AGG,stock,107.77,108.005,107.6935,107.92,2994278,2017-02-01,2017-02-01,49.7344,86.0843,86.7709,86.2406
2017-01-31,AGG,stock,108.08,108.3701,108.08,108.29,7552672,2017-01-31,2017-01-31,52.7772,86.0853,86.7779,86.2473
2017-01-30,AGG,stock,108.16,108.21,108.03,108.03,2946223,2017-01-30,2017-01-30,47.6924,86.0737,86.7837,86.2494
2017-01-27,AGG,stock,108.03,108.16,108.015,108.08,3096808,2017-01-27,2017-01-27,48.6274,86.0826,86.7917,86.2601
2017-01-26,AGG,stock,107.86,108.03,107.71,107.99,2046256,2017-01-26,2017-01-26,46.8870,86.0883,86.7994,86.2695
2017-01-25,AGG,stock,107.98,108.04,107.83,107.92,2912944,2017-01-25,2017-01-25,45.5548,86.1021,86.8078,86.2823
2017-01-24,AGG,stock,108.33,108.3962,108.101,108.21,2049504,2017-01-24,2017-01-24,50.4197,86.1233,86.8169,86.2978
2017-01-23,AGG,stock,108.22,108.57,108.1,108.38,3063351,2017-01-23,2017-01-23,53.5314,86.1223,86.8238,86.3046
2017-01-20,AGG,stock,107.94,108.1191,107.83,108.08,3524950,2017-01-20,2017-01-20,48.3031,86.1071,86.8294,86.3061
2017-01-19,AGG,stock,108.06,108.16,107.9334,108.04,2387984,2017-01-19,2017-01-19,47.5728,86.1153,86.8375,86.3174
2017-01-18,AGG,stock,108.6,108.67,108.235,108.32,3115614,2017-01-18,2017-01-18,52.3829,86.1278,86.8459,86.3305
2017-01-17,AGG,stock,108.81,108.87,108.65,108.79,3685709,2017-01-17,2017-01-17,62.1826,86.1181,86.8522,86.3350
2017-01-13,AGG,stock,108.5,108.55,108.261,108.42,3293580,2017-01-13,2017-01-13,56.1916,86.0680,86.8548,86.3245
2017-01-12,AGG,stock,108.78,108.9,108.61,108.61,3036555,2017-01-12,2017-01-12,60.7831,86.0437,86.8604,86.3255
2017-01-11,AGG,stock,108.53,108.93,108.42,108.57,4465599,2017-01-11,2017-01-11,60.1465,86.0009,86.8645,86.3204
2017-01-10,AGG,stock,108.45,108.5472,108.42,108.44,2396346,2017-01-10,2017-01-10,58.0935,85.9569,86.8690,86.3164
2017-01-09,AGG,stock,108.54,108.54,108.43,108.47,3030497,2017-01-09,2017-01-09,58.7420,85.9192,86.8746,86.3164
2017-01-06,AGG,stock,108.43,108.5,108.26,108.29,2910119,2017-01-06,2017-01-06,56.0061,85.8749,86.8799,86.3155
2017-01-05,AGG,stock,108.37,108.68,108.2201,108.65,5165933,2017-01-05,2017-01-05,63.8718,85.8412,86.8868,86.3204
2017-01-04,AGG,stock,108.16,108.21,108.03,108.2,3297075,2017-01-04,2017-01-04,56.8353,85.7737,86.8909,86.3138
2017-01-03,AGG,stock,107.73,108.22,107.73,108.17,5079339,2017-01-03,2017-01-03,56.3086,85.7368,86.8986,86.3215
2016-12-30,AGG,stock,107.88,108.12,107.85,108.06,3690250,2016-12-30,2016-12-30,54.4144,85.6985,86.9066,86.3305
2016-12-29,AGG,stock,107.73,107.8793,107.65,107.84,3649948,2016-12-29,2016-12-29,50.4228,85.6654,86.9156,86.3435
2016-12-28,AGG,stock,107.33,107.6,107.3,107.51,5609732,2016-12-28,2016-12-28,43.5364,85.6473,86.9264,86.3642
2016-12-27,AGG,stock,107.19,107.34,107.19,107.34,2661574,2016-12-27,2016-12-27,39.5177,85.6549,86.9400,86.3964
2016-12-23,AGG,stock,107.54,107.54,107.39,107.42,3821161,2016-12-23,2016-12-23,40.7862,85.6776,86.9551,86.4354
2016-12-22,AGG,stock,107.34,107.46,107.24,107.39,4110325,2016-12-22,2016-12-22,40.1169,85.6959,86.9697,86.4735
2016-12-21,AGG,stock,107.5,107.66,107.43,107.64,4066779,2016-12-21,2016-12-21,40.1356,85.7187,86.9847,86.5140
2016-12-20,AGG,stock,107.3,107.4366,107.27,107.41,2871918,2016-12-20,2016-12-20,35.3106,85.7438,86.9998,86.5562
2016-12-19,AGG,stock,107.4,107.55,107.349,107.51,3202481,2016-12-19,2016-12-19,36.4982,85.7907,87.0169,86.6076
2016-12-16,AGG,stock,107.16,107.385,107.06,107.23,2981686,2016-12-16,2016-12-16,30.4129,85.8343,87.0334,86.6578
2016-12-15,AGG,stock,107.37,107.42,107.15,107.16,4619085,2016-12-15,2016-12-15,28.8297,85.9058,87.0522,86.7191
2016-12-14,AGG,stock,108.07,108.1185,107.29,107.29,3544087,2016-12-14,2016-12-14,30.0070,85.9907,87.0719,86.7853
2016-12-13,AGG,stock,107.87,107.94,107.7101,107.88,3665919,2016-12-13,2016-12-13,36.2449,86.0736,87.0906,86.8499
2016-12-12,AGG,stock,107.7,107.82,107.61,107.74,3074224,2016-12-12,2016-12-12,33.1845,86.1160,87.1049,86.8980
2016-12-09,AGG,stock,108.08,108.18,107.72,107.84,4530921,2016-12-09,2016-12-09,34.2758,86.1745,87.1204,86.9526
2016-12-08,AGG,stock,108.18,108.215,108.05,108.17,2822645,2016-12-08,2016-12-08,38.1169,86.2309,87.1353,87.0062
2016-12-07,AGG,stock,108.22,108.38,108.2,108.37,3796920,2016-12-07,2016-12-07,40.6826,86.2656,87.1477,87.0513
2016-12-06,AGG,stock,108.14,108.18,108.04,108.09,3306875,2016-12-06,2016-12-06,34.9942,86.2872,87.1587,87.0917
2016-12-05,AGG,stock,107.94,108.26,107.78,108.11,3398051,2016-12-05,2016-12-05,35.2182,86.3345,87.1719,87.1429
2016-12-02,AGG,stock,107.93,108.1999,107.85,108.02,4269397,2016-12-02,2016-12-02,33.4378,86.3851,87.1852,87.1955
2016-12-01,AGG,stock,107.75,107.79,107.465,107.68,4691890,2016-12-01,2016-12-01,26.3360,86.4485,87.1993,87.2532
2016-11-30,AGG,stock,108.23,108.43,108.1342,108.24,4627504,2016-11-30,2016-11-30,29.3786,86.5471,87.2162,87.3243
2016-11-29,AGG,stock,108.5,108.72,108.425,108.67,2178974,2016-11-29,2016-11-29,33.7509,86.6263,87.2305,87.3867
2016-11-28,AGG,stock,108.38,108.57,108.33,108.55,2476734,2016-11-28,2016-11-28,31.0934,86.6780,87.2415,87.4378
2016-11-25,AGG,stock,108.3,108.37,108.0945,108.17,1071549,2016-11-25,2016-11-25,21.8790,86.7451,87.2536,87.4948
2016-11-23,AGG,stock,108.18,108.3267,107.92,108.18,2497587,2016-11-23,2016-11-23,21.9507,86.8510,87.2688,87.5665
2016-11-22,AGG,stock,108.59,108.659,108.4599,108.56,3465281,2016-11-22,2016-11-22,24.8222,86.9672,87.2841,87.6408
2016-11-21,AGG,stock,108.56,108.57,108.37,108.46,1705567,2016-11-21,2016-11-21,22.3397,87.0640,87.2965,87.7058
2016-11-18,AGG,stock,108.81,108.82,108.36,108.37,2767026,2016-11-18,2016-11-18,20.1357,87.1792,87.3099,87.7767
2016-11-17,AGG,stock,109.01,109.02,108.67,108.72,1903788,2016-11-17,2016-11-17,22.4349,87.3141,87.3241,87.8534
2016-11-16,AGG,stock,109.01,109.13,108.9241,109.13,2165040,2016-11-16,2016-11-16,25.6166,87.4340,87.3356,87.9219
2016-11-15,AGG,stock,109,109.07,108.87,108.89,2252283,2016-11-15,2016-11-15,19.4038,87.5324,87.3440,87.9799
2016-11-14,AGG,stock,108.64,109.06,108.64,108.81,3055326,2016-11-14,2016-11-14,17.2648,87.6611,87.3544,88.0481
2016-11-11,AGG,stock,109.46,109.5,109.22,109.25,2804638,2016-11-11,2016-11-11,19.9718,87.8100,87.3656,88.1216
2016-11-10,AGG,stock,109.66,109.88,109.42,109.45,4178049,2016-11-10,2016-11-10,21.3871,87.9379,87.3733,88.1839
2016-11-09,AGG,stock,110.53,110.57,109.78,109.9,3653279,2016-11-09,2016-11-09,25.1040,88.0625,87.3795,88.2423
2016-11-08,AGG,stock,111.13,111.16,110.8734,110.93,2107399,2016-11-08,2016-11-08,39.8082,88.1628,87.3822,88.2885
2016-11-07,AGG,stock,111.14,111.18,111.07,111.11,2030961,2016-11-07,2016-11-07,43.9893,88.1876,87.3768,88.3033
2016-11-04,AGG,stock,111.15,111.32,111.13,111.24,2013403,2016-11-04,2016-11-04,47.3226,88.2001,87.3698,88.3128
2016-11-03,AGG,stock,111.03,111.16,111.01,111.01,3254541,2016-11-03,2016-11-03,39.8324,88.2030,87.3617,88.3186
2016-11-02,AGG,stock,111.12,111.32,111.06,111.16,2572621,2016-11-02,2016-11-02,43.5855,88.2254,87.3554,88.3320
2016-11-01,AGG,stock,110.88,111.1342,110.82,111.03,4724994,2016-11-01,2016-11-01,38.9568,88.2376,87.3479,88.3411
2016-10-31,AGG,stock,111.3,111.33,111.21,111.3,3260284,2016-10-31,2016-10-31,40.3797,88.2620,87.3412,88.3548
2016-10-28,AGG,stock,111.11,111.26,111.08,111.16,1713818,2016-10-28,2016-10-28,35.2783,88.2840,87.3341,88.3670
2016-10-27,AGG,stock,111.28,111.28,111.04,111.16,2330676,2016-10-27,2016-10-27,35.2783,88.3199,87.3280,88.3844
2016-10-26,AGG,stock,111.57,111.5701,111.43,111.44,2684013,2016-10-26,2016-10-26,41.3849,88.3596,87.3218,88.4024
2016-10-25,AGG,stock,111.58,111.8,111.58,111.66,2344414,2016-10-25,2016-10-25,47.3670,88.3801,87.3133,88.4121
2016-10-24,AGG,stock,111.81,111.83,111.6043,111.66,1385635,2016-10-24,2016-10-24,47.3670,88.3845,87.3030,88.4151
2016-10-21,AGG,stock,111.8,111.9,111.69,111.83,1776977,2016-10-21,2016-10-21,52.4150,88.3893,87.2926,88.4182
2016-10-20,AGG,stock,111.84,111.9,111.73,111.76,1420763,2016-10-20,2016-10-20,50.3936,88.3806,87.2807,88.4160
2016-10-19,AGG,stock,111.68,111.83,111.64,111.8,1550019,2016-10-19,2016-10-19,51.5557,88.3767,87.2693,88.4159
2016-10-18,AGG,stock,111.54,111.74,111.4683,111.74,1583035,2016-10-18,2016-10-18,49.9481,88.3690,87.2575,88.4146
2016-10-17,AGG,stock,111.45,111.61,111.385,111.56,1556795,2016-10-17,2016-10-17,44.8498,88.3656,87.2460,88.4151
2016-10-14,AGG,stock,111.47,111.61,111.33,111.37,2471532,2016-10-14,2016-10-14,38.7330,88.3768,87.2358,88.4215
2016-10-13,AGG,stock,111.6,111.68,111.525,111.56,1964801,2016-10-13,2016-10-13,43.1801,88.4050,87.2270,88.4342
2016-10-12,AGG,stock,111.39,111.43,111.26,111.4,1668515,2016-10-12,2016-10-12,37.5756,88.4203,87.2166,88.4413
2016-10-11,AGG,stock,111.49,111.54,111.35,111.36,2753285,2016-10-11,2016-10-11,36.1128,88.4506,87.2074,88.4539
2016-10-10,AGG,stock,111.47,111.54,111.39,111.53,1295404,2016-10-10,2016-10-10,39.7928,88.4873,87.1984,88.4683
2016-10-07,AGG,stock,111.64,111.6695,111.41,111.58,1867638,2016-10-07,2016-10-07,40.9320,88.5138,87.1880,88.4778
2016-10-06,AGG,stock,111.57,111.665,111.45,111.56,2059449,2016-10-06,2016-10-06,40.2972,88.5390,87.1771,88.4861
2016-10-05,AGG,stock,111.69,111.7415,111.51,111.56,3368692,2016-10-05,2016-10-05,40.2972,88.5684,87.1662,88.4954
2016-10-04,AGG,stock,112.09,112.09,111.7036,111.71,5022435,2016-10-04,2016-10-04,43.3072,88.6009,87.1552,88.5050
2016-10-03,AGG,stock,112.21,112.25,112.07,112.09,9370502,2016-10-03,2016-10-03,52.5387,88.6244,87.1429,88.5102
2016-09-30,AGG,stock,112.57,112.65,112.27,112.42,3679813,2016-09-30,2016-09-30,56.2486,88.6187,87.1275,88.5033
2016-09-29,AGG,stock,112.41,112.64,112.3699,112.54,1668048,2016-09-29,2016-09-29,59.9683,88.6019,87.1109,88.4921
2016-09-28,AGG,stock,112.58,112.61,112.47,112.54,2853912,2016-09-28,2016-09-28,59.9683,88.5733,87.0932,88.4765
2016-09-27,AGG,stock,112.57,112.61,112.41,112.51,2881338,2016-09-27,2016-09-27,59.3894,88.5416,87.0753,88.4603
2016-09-26,AGG,stock,112.28,112.45,112.28,112.37,2326930,2016-09-26,2016-09-26,56.6744,88.5092,87.0575,88.4444
2016-09-23,AGG,stock,112.31,112.35,112.21,112.23,3415707,2016-09-23,2016-09-23,53.8067,88.4850,87.0406,88.4324
2016-09-22,AGG,stock,112.1,112.35,112.1,112.26,2017170,2016-09-22,2016-09-22,54.5248,88.4698,87.0246,88.4244
2016-09-21,AGG,stock,111.69,112.03,111.65,112.03,1899475,2016-09-21,2016-09-21,49.7506,88.4506,87.0082,88.4150
2016-09-20,AGG,stock,111.9,111.935,111.74,111.75,2078533,2016-09-20,2016-09-20,42.9841,88.4485,86.9935,88.4128
2016-09-19,AGG,stock,111.73,111.85,111.69,111.71,2026930,2016-09-19,2016-09-19,41.9471,88.4694,86.9809,88.4194
2016-09-16,AGG,stock,111.75,111.87,111.7,111.8,1701101,2016-09-16,2016-09-16,43.6040,88.4959,86.9685,88.4276
2016-09-15,AGG,stock,111.6,111.76,111.49,111.72,2267232,2016-09-15,2016-09-15,41.7034,88.5176,86.9552,88.4333
2016-09-14,AGG,stock,111.47,111.75,111.47,111.65,2089669,2016-09-14,2016-09-14,40.0621,88.5483,86.9424,88.4418
2016-09-13,AGG,stock,111.93,111.93,111.34,111.51,3005397,2016-09-13,2016-09-13,36.7552,88.5881,86.9301,88.4528
2016-09-12,AGG,stock,111.76,111.89,111.65,111.82,2358202,2016-09-12,2016-09-12,41.4582,88.6437,86.9187,88.4688
2016-09-09,AGG,stock,111.96,111.99,111.73,111.73,2763905,2016-09-09,2016-09-09,39.3667,88.6793,86.9048,88.4755
2016-09-08,AGG,stock,112.5,112.5559,112.14,112.22,2605588,2016-09-08,2016-09-08,48.0444,88.7262,86.8914,88.4854
2016-09-07,AGG,stock,112.76,112.76,112.59,112.61,1839590,2016-09-07,2016-09-07,57.3948,88.7373,86.8741,88.4799
2016-09-06,AGG,stock,112.36,112.675,112.29,112.55,3745783,2016-09-06,2016-09-06,56.1764,88.7171,86.8534,88.4615
2016-09-02,AGG,stock,112.44,112.44,112.181,112.31,1730891,2016-09-02,2016-09-02,50.9681,88.6998,86.8330,88.4444
2016-09-01,AGG,stock,112.1,112.495,112.05,112.46,3777072,2016-09-01,2016-09-01,54.7440,88.7007,86.8143,88.4343
2016-08-31,AGG,stock,112.64,112.705,112.5101,112.57,3024974,2016-08-31,2016-08-31,52.6281,88.6891,86.7943,88.4190
2016-08-30,AGG,stock,112.71,112.71,112.55,112.59,1712330,2016-08-30,2016-08-30,53.1006,88.6845,86.7748,88.4061
2016-08-29,AGG,stock,112.55,112.68,112.46,112.65,2156380,2016-08-29,2016-08-29,54.4628,88.6776,86.7549,88.3921
2016-08-26,AGG,stock,112.69,112.8572,112.28,112.34,2513744,2016-08-26,2016-08-26,48.0717,88.6651,86.7344,88.3756
2016-08-25,AGG,stock,112.55,112.67,112.52,112.52,1613504,2016-08-25,2016-08-25,52.0072,88.6770,86.7162,88.3684
2016-08-24,AGG,stock,112.79,112.8,112.629,112.64,2312833,2016-08-24,2016-08-24,54.7836,88.6752,86.6963,88.3551
2016-08-23,AGG,stock,112.78,112.825,112.6301,112.68,2583046,2016-08-23,2016-08-23,55.7041,88.6633,86.6753,88.3374
2016-08-22,AGG,stock,112.66,112.738,112.56,112.65,1808608,2016-08-22,2016-08-22,55.1796,88.6468,86.6537,88.3177
2016-08-19,AGG,stock,112.53,112.62,112.39,112.48,3287636,2016-08-19,2016-08-19,52.2018,88.6310,86.6322,88.2982
2016-08-18,AGG,stock,112.64,112.7799,112.535,112.73,1963011,2016-08-18,2016-08-18,57.4104,88.6277,86.6118,88.2833
2016-08-17,AGG,stock,112.45,112.66,112.36,112.57,5210676,2016-08-17,2016-08-17,54.7258,88.6033,86.5892,88.2598
2016-08-16,AGG,stock,112.49,112.52,112.355,112.36,6250346,2016-08-16,2016-08-16,50.9583,88.5896,86.5676,88.2404
2016-08-15,AGG,stock,112.57,112.6175,112.42,112.43,1950534,2016-08-15,2016-08-15,52.3055,88.5919,86.5475,88.2271
2016-08-12,AGG,stock,112.72,112.83,112.63,112.63,1889646,2016-08-12,2016-08-12,56.2511,88.5886,86.5266,88.2109
2016-08-11,AGG,stock,112.73,112.73,112.31,112.36,1807426,2016-08-11,2016-08-11,51.6821,88.5683,86.5040,88.1876
2016-08-10,AGG,stock,112.61,112.73,112.54,112.66,3185774,2016-08-10,2016-08-10,57.9235,88.5684,86.4833,88.1721
2016-08-09,AGG,stock,112.4,112.54,112.3,112.53,2981125,2016-08-09,2016-08-09,55.7744,88.5435,86.4599,88.1463
2016-08-08,AGG,stock,112.16,112.315,112.03,112.24,2604005,2016-08-08,2016-08-08,50.5418,88.5269,86.4374,88.1236
2016-08-05,AGG,stock,112.54,112.54,112.135,112.17,2474608,2016-08-05,2016-08-05,49.1945,88.5325,86.4169,88.1094
2016-08-04,AGG,stock,112.54,112.66,112.5,112.55,2002838,2016-08-04,2016-08-04,57.0252,88.5445,86.3968,88.0968
2016-08-03,AGG,stock,112.31,112.36,112.1,112.34,3777808,2016-08-03,2016-08-03,53.2026,88.5263,86.3735,88.0714
2016-08-02,AGG,stock,112.36,112.4599,112.19,112.22,3643852,2016-08-02,2016-08-02,50.8845,88.5236,86.3516,88.0518
2016-08-01,AGG,stock,112.5,112.678,112.47,112.55,3149309,2016-08-01,2016-08-01,58.2530,88.5305,86.3304,88.0352
2016-07-29,AGG,stock,112.88,113.03,112.7601,113.02,3671163,2016-07-29,2016-07-29,65.2395,88.5108,86.3064,88.0074
2016-07-28,AGG,stock,112.64,112.7576,112.56,112.72,2640793,2016-07-28,2016-07-28,60.1878,88.4672,86.2801,87.9699
2016-07-27,AGG,stock,112.52,112.74,112.44,112.73,3047227,2016-07-27,2016-07-27,60.4598,88.4439,86.2559,87.9406
2016-07-26,AGG,stock,112.58,112.58,112.3149,112.4,3540188,2016-07-26,2016-07-26,54.1049,88.4173,86.2314,87.9097
2016-07-25,AGG,stock,112.58,112.58,112.4,112.4,1680790,2016-07-25,2016-07-25,54.1049,88.4152,86.2092,87.8882
2016-07-22,AGG,stock,112.38,112.61,112.35,112.53,2315883,2016-07-22,2016-07-22,57.2291,88.4129,86.1868,87.8658
2016-07-21,AGG,stock,112.27,112.54,112.2037,112.51,3043480,2016-07-21,2016-07-21,56.8734,88.3996,86.1632,87.8383
2016-07-20,AGG,stock,112.42,112.44,112.3,112.41,1808776,2016-07-20,2016-07-20,55.1410,88.3866,86.1395,87.8103
2016-07-19,AGG,stock,112.48,112.52,112.37,112.51,1787302,2016-07-19,2016-07-19,57.2775,88.3805,86.1163,87.7844
2016-07-18,AGG,stock,112.49,112.49,112.2,112.32,1547259,2016-07-18,2016-07-18,54.1428,88.3654,86.0921,87.7542
2016-07-15,AGG,stock,112.58,112.58,112.22,112.26,3612189,2016-07-15,2016-07-15,53.1344,88.3645,86.0692,87.7289
2016-07-14,AGG,stock,112.51,112.7001,112.5,112.67,3345200,2016-07-14,2016-07-14,61.7500,88.3684,86.0465,87.7045
2016-07-13,AGG,stock,112.82,112.88,112.741,112.77,2363319,2016-07-13,2016-07-13,64.1041,88.3388,86.0203,87.6660
2016-07-12,AGG,stock,112.81,112.81,112.485,112.61,1970760,2016-07-12,2016-07-12,61.9489,88.2979,85.9931,87.6226
2016-07-11,AGG,stock,113.19,113.24,112.93,112.95,4423995,2016-07-11,2016-07-11,70.2745,88.2658,85.9669,87.5826
2016-07-08,AGG,stock,113.08,113.27,113,113.25,2910456,2016-07-08,2016-07-08,78.9701,88.2022,85.9377,87.5301
2016-07-07,AGG,stock,113,113.1715,112.92,113.08,3122244,2016-07-07,2016-07-07,77.5055,88.1071,85.9059,87.4658
2016-07-06,AGG,stock,113.09,113.17,112.94,113.16,3150465,2016-07-06,2016-07-06,79.9383,88.0161,85.8750,87.4043
2016-07-05,AGG,stock,113.03,113.12,112.865,112.95,4739997,2016-07-05,2016-07-05,78.2762,87.9088,85.8433,87.3377
2016-07-01,AGG,stock,112.72,112.77,112.5211,112.65,5235298,2016-07-01,2016-07-01,75.5940,87.8077,85.8129,87.2752
2016-06-30,AGG,stock,112.51,112.69,112.4,112.615,4154315,2016-06-30,2016-06-30,73.0500,87.7207,85.7845,87.2197
2016-06-29,AGG,stock,112.53,112.6,112.34,112.39,2745817,2016-06-29,2016-06-29,70.4495,87.6450,85.7578,87.1700
2016-06-28,AGG,stock,112.54,112.54,112.37,112.47,2951700,2016-06-28,2016-06-28,72.7677,87.5800,85.7327,87.1254
2016-06-27,AGG,stock,112.33,112.49,112.31,112.33,3018894,2016-06-27,2016-06-27,71.2292,87.5016,85.7066,87.0764
2016-06-24,AGG,stock,112.11,112.15,111.79,111.86,4080993,2016-06-24,2016-06-24,65.0793,87.4264,85.6814,87.0299
2016-06-23,AGG,stock,111.33,111.43,111.25,111.28,1721410,2016-06-23,2016-06-23,53.7509,87.3822,85.6596,86.9966
2016-06-22,AGG,stock,111.44,111.51,111.35,111.47,1734386,2016-06-22,2016-06-22,59.6357,87.3812,85.6422,86.9805
2016-06-21,AGG,stock,111.55,111.5676,111.35,111.4,1882471,2016-06-21,2016-06-21,58.0650,87.3645,85.6231,86.9576
2016-06-20,AGG,stock,111.57,111.58,111.45,111.48,2043815,2016-06-20,2016-06-20,60.5661,87.3518,85.6044,86.9361
2016-06-17,AGG,stock,111.86,111.87,111.66,111.79,2730866,2016-06-17,2016-06-17,71.6748,87.3311,85.5849,86.9111
2016-06-16,AGG,stock,111.92,112.0699,111.78,111.87,2533104,2016-06-16,2016-06-16,74.9698,87.2827,85.5627,86.8752
2016-06-15,AGG,stock,111.67,111.93,111.64,111.8,1732212,2016-06-15,2016-06-15,73.9986,87.2225,85.5397,86.8352
2016-06-14,AGG,stock,111.68,111.73,111.55,111.56,1871475,2016-06-14,2016-06-14,70.3339,87.1618,85.5170,86.7958
2016-06-13,AGG,stock,111.57,111.67,111.53,111.61,1661371,2016-06-13,2016-06-13,72.3053,87.1145,85.4959,86.7626
2016-06-10,AGG,stock,111.54,111.6575,111.45,111.52,1368457,2016-06-10,2016-06-10,70.9441,87.0581,85.4743,86.7263
2016-06-09,AGG,stock,111.5,111.5,111.3631,111.37,1543605,2016-06-09,2016-06-09,68.5518,87.0033,85.4531,86.6915
2016-06-08,AGG,stock,111.3,111.3399,111.22,111.29,2148002,2016-06-08,2016-06-08,67.2150,86.9550,85.4329,86.6601
2016-06-07,AGG,stock,111.24,111.31,111.1977,111.25,2157143,2016-06-07,2016-06-07,66.5549,86.9083,85.4132,86.6299
2016-06-06,AGG,stock,111.17,111.2315,111.07,111.15,3278944,2016-06-06,2016-06-06,64.9151,86.8600,85.3935,86.5998
2016-06-03,AGG,stock,111.15,111.3,111.12,111.3,2210494,2016-06-03,2016-06-03,69.6732,86.8148,85.3745,86.5717
2016-06-02,AGG,stock,110.56,110.7399,110.56,110.7,2013855,2016-06-02,2016-06-02,58.3284,86.7525,85.3541,86.5376
2016-06-01,AGG,stock,110.59,110.65,110.41,110.42,2941672,2016-06-01,2016-06-01,50.2664,86.7332,85.3382,86.5214
2016-05-31,AGG,stock,110.41,110.76,110.36,110.7,3368858,2016-05-31,2016-05-31,52.3388,86.7351,85.3243,86.5135
2016-05-27,AGG,stock,110.68,110.7,110.48,110.63,2164776,2016-05-27,2016-05-27,50.1797,86.7320,85.3099,86.5032
2016-05-26,AGG,stock,110.64,110.73,110.56,110.65,1614809,2016-05-26,2016-05-26,50.7901,86.7344,85.2958,86.4948
2016-05-25,AGG,stock,110.54,110.55,110.3899,110.48,2743128,2016-05-25,2016-05-25,45.5635,86.7354,85.2814,86.4854
2016-05-24,AGG,stock,110.56,110.56,110.34,110.46,1759881,2016-05-24,2016-05-24,44.9244,86.7506,85.2683,86.4811
2016-05-23,AGG,stock,110.54,110.5999,110.43,110.52,2244346,2016-05-23,2016-05-23,46.4432,86.7690,85.2551,86.4772
2016-05-20,AGG,stock,110.54,110.62,110.44,110.54,2655713,2016-05-20,2016-05-20,46.9344,86.7843,85.2414,86.4713
2016-05-19,AGG,stock,110.47,110.56,110.4,110.47,3461882,2016-05-19,2016-05-19,45.0457,86.7997,85.2273,86.4644
2016-05-18,AGG,stock,110.78,110.8,110.315,110.4,1900840,2016-05-18,2016-05-18,43.1674,86.8224,85.2137,86.4596
2016-05-17,AGG,stock,111.03,111.05,110.86,110.86,1769745,2016-05-17,2016-05-17,54.5429,86.8533,85.2005,86.4567
2016-05-16,AGG,stock,111.19,111.19,110.98,111.01,3134424,2016-05-16,2016-05-16,59.2725,86.8494,85.1835,86.4391
2016-05-13,AGG,stock,111.08,111.23,111.03,111.2,1511386,2016-05-13,2016-05-13,66.0042,86.8329,85.1652,86.4159
2016-05-12,AGG,stock,110.92,111.1,110.92,110.99,1938846,2016-05-12,2016-05-12,61.5188,86.7988,85.1452,86.3857
2016-05-11,AGG,stock,111.06,111.26,111.02,111.09,2507055,2016-05-11,2016-05-11,65.3302,86.7786,85.1266,86.3609
2016-05-10,AGG,stock,111.06,111.1,110.99,111.09,2103818,2016-05-10,2016-05-10,65.3302,86.7479,85.1071,86.3320
2016-05-09,AGG,stock,111.11,111.14,111.005,111.04,2173463,2016-05-09,2016-05-09,64.3788,86.7141,85.0874,86.3019
2016-05-06,AGG,stock,111.12,111.12,110.97,110.97,2718620,2016-05-06,2016-05-06,63.0609,86.6807,85.0678,86.2722
2016-05-05,AGG,stock,110.92,111.16,110.801,111.14,3008142,2016-05-05,2016-05-05,68.8011,86.6497,85.0487,86.2434
2016-05-04,AGG,stock,110.91,110.9315,110.7595,110.86,2920608,2016-05-04,2016-05-04,63.7552,86.6014,85.0279,86.2081
2016-05-03,AGG,stock,110.89,110.945,110.75,110.81,3044940,2016-05-03,2016-05-03,62.7564,86.5710,85.0092,86.1803
2016-05-02,AGG,stock,110.74,110.74,110.52,110.605,3553939,2016-05-02,2016-05-02,58.3912,86.5416,84.9907,86.1530
2016-04-29,AGG,stock,110.82,110.93,110.75,110.89,5112855,2016-04-29,2016-04-29,60.9698,86.5260,84.9737,86.1311
2016-04-28,AGG,stock,110.68,110.95,110.59,110.9,9405201,2016-04-28,2016-04-28,61.2846,86.5023,84.9558,86.1057
2016-04-27,AGG,stock,110.53,110.6875,110.3282,110.68,2337117,2016-04-27,2016-04-27,56.7182,86.4751,84.9377,86.0790
2016-04-26,AGG,stock,110.48,110.48,110.2259,110.35,2326144,2016-04-26,2016-04-26,48.2096,86.4633,84.9211,86.0582
2016-04-25,AGG,stock,110.52,110.59,110.39,110.4,3118816,2016-04-25,2016-04-25,49.5809,86.4774,84.9069,86.0472
2016-04-22,AGG,stock,110.65,110.72,110.52,110.52,3795615,2016-04-22,2016-04-22,52.9367,86.4888,84.8922,86.0340
2016-04-21,AGG,stock,110.52,110.62,110.45,110.51,2692797,2016-04-21,2016-04-21,52.6889,86.4915,84.8764,86.0166
2016-04-20,AGG,stock,111.02,111.03,110.604,110.66,2376103,2016-04-20,2016-04-20,56.8584,86.4954,84.8606,85.9987
2016-04-19,AGG,stock,110.94,111,110.77,110.93,2019189,2016-04-19,2016-04-19,65.5253,86.4873,84.8434,85.9753
2016-04-18,AGG,stock,110.91,110.95,110.79,110.94,2146557,2016-04-18,2016-04-18,65.8706,86.4562,84.8239,85.9423
2016-04-15,AGG,stock,110.8,110.98,110.75,110.95,1579648,2016-04-15,2016-04-15,66.1945,86.4209,84.8041,85.9076
2016-04-14,AGG,stock,110.76,110.81,110.64,110.64,3596365,2016-04-14,2016-04-14,60.6201,86.3811,84.7841,85.8713
2016-04-13,AGG,stock,110.74,110.915,110.68,110.83,1769278,2016-04-13,2016-04-13,66.8983,86.3627,84.7662,85.8433
2016-04-12,AGG,stock,110.85,110.86,110.65,110.78,1984517,2016-04-12,2016-04-12,66.0388,86.3266,84.7468,85.8081
2016-04-11,AGG,stock,110.87,110.96,110.76,110.96,1718424,2016-04-11,2016-04-11,72.3155,86.2909,84.7275,85.7731
2016-04-08,AGG,stock,111,111,110.81,110.88,2318334,2016-04-08,2016-04-08,71.1852,86.2366,84.7066,85.7309
2016-04-07,AGG,stock,110.98,111.05,110.77,110.99,1876140,2016-04-07,2016-04-07,75.0999,86.1831,84.6861,85.6895
2016-04-06,AGG,stock,110.8,110.8,110.6235,110.75,2027438,2016-04-06,2016-04-06,71.9778,86.1150,84.6645,85.6430
2016-04-05,AGG,stock,110.95,110.975,110.71,110.77,2954123,2016-04-05,2016-04-05,72.6830,86.0595,84.6447,85.6022
2016-04-04,AGG,stock,110.6,110.67,110.51,110.62,3176154,2016-04-04,2016-04-04,70.6826,85.9965,84.6244,85.5591
2016-04-01,AGG,stock,110.53,110.6599,110.35,110.51,5374230,2016-04-01,2016-04-01,69.1440,85.9392,84.6052,85.5190
2016-03-31,AGG,stock,110.52,110.85,110.52,110.825,7003559,2016-03-31,2016-03-31,72.1246,85.8849,84.5866,85.4808
2016-03-30,AGG,stock,110.49,110.56,110.3055,110.48,2764517,2016-03-30,2016-03-30,67.2920,85.8172,84.5671,85.4381
2016-03-29,AGG,stock,110.35,110.57,110.21,110.52,1886251,2016-03-29,2016-03-29,68.5718,85.7708,84.5501,85.4046
2016-03-28,AGG,stock,110.15,110.2999,110.08,110.19,2918053,2016-03-28,2016-03-28,63.2116,85.7162,84.5326,85.3685
2016-03-24,AGG,stock,110.29,110.29,110.03,110.11,2846436,2016-03-24,2016-03-24,61.7428,85.6829,84.5175,85.3414
2016-03-23,AGG,stock,109.96,110.14,109.8601,110.1,2885056,2016-03-23,2016-03-23,61.5647,85.6528,84.5029,85.3158
2016-03-22,AGG,stock,110.27,110.27,109.83,109.86,2023058,2016-03-22,2016-03-22,57.1149,85.6203,84.4883,85.2894
2016-03-21,AGG,stock,110.06,110.13,109.91,109.93,2152276,2016-03-21,2016-03-21,58.9637,85.6040,84.4753,85.2696
2016-03-18,AGG,stock,110.19,110.29,110.1201,110.17,1909665,2016-03-18,2016-03-18,65.7384,85.5804,84.4617,85.2468
2016-03-17,AGG,stock,109.95,110.13,109.9,110.08,4116539,2016-03-17,2016-03-17,64.3105,85.5345,84.4461,85.2153
2016-03-16,AGG,stock,109.39,109.86,109.2863,109.85,1888538,2016-03-16,2016-03-16,60.3936,85.4912,84.4310,85.1855
2016-03-15,AGG,stock,109.68,109.7,109.38,109.38,1746182,2016-03-15,2016-03-15,49.9758,85.4622,84.4176,85.1618
2016-03-14,AGG,stock,109.49,109.6,109.4501,109.48,2186892,2016-03-14,2016-03-14,52.7152,85.4688,84.4077,85.1521
2016-03-11,AGG,stock,109.65,109.71,109.39,109.42,2065008,2016-03-11,2016-03-11,51.2256,85.4678,84.3970,85.1388
2016-03-10,AGG,stock,109.65,109.7372,109.38,109.62,2828718,2016-03-10,2016-03-10,56.7601,85.4717,84.3866,85.1269
2016-03-09,AGG,stock,109.56,109.66,109.45,109.57,1468657,2016-03-09,2016-03-09,55.6477,85.4596,84.3745,85.1081
2016-03-08,AGG,stock,109.73,109.83,109.5601,109.62,1984380,2016-03-08,2016-03-08,57.0096,85.4503,84.3628,85.0902
2016-03-07,AGG,stock,109.39,109.39,109.21,109.35,2823244,2016-03-07,2016-03-07,50.9960,85.4359,84.3504,85.0699
2016-03-04,AGG,stock,109.5,109.58,109.28,109.38,4461135,2016-03-04,2016-03-04,51.7428,85.4422,84.3401,85.0574
2016-03-03,AGG,stock,109.47,109.61,109.37,109.55,3632840,2016-03-03,2016-03-03,56.0626,85.4467,84.3295,85.0434
2016-03-02,AGG,stock,109.45,109.48,109.32,109.42,2624471,2016-03-02,2016-03-02,53.2938,85.4377,84.3174,85.0235
2016-03-01,AGG,stock,109.93,110.05,109.4,109.54,3984505,2016-03-01,2016-03-01,56.3368,85.4384,84.3062,85.0069
2016-02-29,AGG,stock,109.94,110.1,109.91,110.09,3694192,2016-02-29,2016-02-29,65.9132,85.4294,84.2940,84.9857
2016-02-26,AGG,stock,109.9,109.97,109.8,109.96,2068260,2016-02-26,2016-02-26,63.6494,85.3923,84.2790,84.9533
2016-02-25,AGG,stock,110.09,110.31,110,110.16,2335961,2016-02-25,2016-02-25,70.3213,85.3621,84.2649,84.9236
2016-02-24,AGG,stock,110.12,110.32,109.84,109.88,2473501,2016-02-24,2016-02-24,65.6389,85.3122,84.2492,84.8864
2016-02-23,AGG,stock,109.63,110,109.52,109.84,2337755,2016-02-23,2016-02-23,64.9044,85.2801,84.2354,84.8565
2016-02-22,AGG,stock,109.77,109.88,109.72,109.82,2421786,2016-02-22,2016-02-22,64.5526,85.2478,84.2218,84.8267
2016-02-19,AGG,stock,109.8,109.85,109.64,109.79,2278789,2016-02-19,2016-02-19,64.0507,85.2138,84.2083,84.7964
2016-02-18,AGG,stock,109.5,109.81,109.45,109.77,2844572,2016-02-18,2016-02-18,63.7328,85.1787,84.1948,84.7657
2016-02-17,AGG,stock,109.43,109.4599,109.22,109.44,2446719,2016-02-17,2016-02-17,58.0490,85.1415,84.1814,84.7344
2016-02-16,AGG,stock,109.54,109.61,109.4301,109.5,2356364,2016-02-16,2016-02-16,59.6267,85.1275,84.1704,84.7124
2016-02-12,AGG,stock,109.92,109.96,109.545,109.77,2968985,2016-02-12,2016-02-12,67.2659,85.1071,84.1588,84.6875
2016-02-11,AGG,stock,110.41,110.499,110.01,110.07,2928013,2016-02-11,2016-02-11,77.5118,85.0623,84.1450,84.6531
2016-02-10,AGG,stock,109.82,110,109.6,110,2318976,2016-02-10,2016-02-10,76.7443,84.9883,84.1287,84.6077
2016-02-09,AGG,stock,109.92,109.93,109.66,109.73,3023848,2016-02-09,2016-02-09,73.5057,84.9122,84.1128,84.5626
2016-02-08,AGG,stock,109.59,109.87,109.5,109.74,2818711,2016-02-08,2016-02-08,73.8594,84.8503,84.0989,84.5243
2016-02-05,AGG,stock,109.24,109.44,109.1532,109.32,2155563,2016-02-05,2016-02-05,67.8197,84.7810,84.0847,84.4842
2016-02-04,AGG,stock,109.34,109.46,109.235,109.42,1880319,2016-02-04,2016-02-04,71.4706,84.7389,84.0737,84.4557
2016-02-03,AGG,stock,109.26,109.64,109.2,109.31,3700282,2016-02-03,2016-02-03,69.8106,84.6841,84.0618,84.4229
2016-02-02,AGG,stock,109.23,109.38,109.1301,109.32,4835115,2016-02-02,2016-02-02,70.1552,84.6326,84.0506,84.3923
2016-02-01,AGG,stock,109.1,109.25,108.8415,108.99,4512330,2016-02-01,2016-02-01,64.8367,84.5749,84.0392,84.3601
2016-01-29,AGG,stock,109.41,109.48,109.25,109.35,8632951,2016-01-29,2016-01-29,69.4217,84.5381,84.0303,84.3371
2016-01-28,AGG,stock,108.99,109.0988,108.8201,109.03,2390647,2016-01-28,2016-01-28,63.6318,84.4867,84.0203,84.3089
2016-01-27,AGG,stock,108.91,109.01,108.72,108.94,1645315,2016-01-27,2016-01-27,61.7398,84.4560,84.0127,84.2898
2016-01-26,AGG,stock,108.9,108.995,108.7699,108.92,2604142,2016-01-26,2016-01-26,61.3246,84.4295,84.0057,84.2727
2016-01-25,AGG,stock,108.95,108.98,108.77,108.78,3285000,2016-01-25,2016-01-25,58.3897,84.4018,83.9988,84.2556
2016-01-22,AGG,stock,108.72,108.85,108.585,108.84,3258715,2016-01-22,2016-01-22,60.2079,84.3827,83.9930,84.2422
2016-01-21,AGG,stock,109.08,109.08,108.74,108.76,7256021,2016-01-21,2016-01-21,58.6123,84.3567,83.9866,84.2263
2016-01-20,AGG,stock,109.1,109.1825,108.8713,108.91,4349924,2016-01-20,2016-01-20,63.0116,84.3344,83.9807,84.2124
2016-01-19,AGG,stock,108.85,108.96,108.7215,108.82,4209886,2016-01-19,2016-01-19,61.3973,84.2976,83.9736,84.1931
2016-01-15,AGG,stock,109.08,109.12,108.83,108.93,3348853,2016-01-15,2016-01-15,64.5969,84.2642,83.9672,84.1759
2016-01-14,AGG,stock,108.79,108.89,108.581,108.8,5322713,2016-01-14,2016-01-14,62.4494,84.2183,83.9598,84.1545
2016-01-13,AGG,stock,108.6,108.93,108.55,108.84,3011466,2016-01-13,2016-01-13,63.5508,84.1782,83.9534,84.1364
2016-01-12,AGG,stock,108.44,108.815,108.36,108.59,3318448,2016-01-12,2016-01-12,59.3947,84.1306,83.9466,84.1162
2016-01-11,AGG,stock,108.39,108.586,108.34,108.35,2820542,2016-01-11,2016-01-11,54.8003,84.0985,83.9417,84.1032
2016-01-08,AGG,stock,108.57,108.71,108.35,108.66,4017144,2016-01-08,2016-01-08,63.4049,84.0827,83.9386,84.0972
2016-01-07,AGG,stock,108.4,108.47,108.21,108.42,2469015,2016-01-07,2016-01-07,58.7485,84.0398,83.9330,84.0812
2016-01-06,AGG,stock,108.34,108.46,108.22,108.43,2916018,2016-01-06,2016-01-06,59.0391,84.0120,83.9293,84.0721
2016-01-05,AGG,stock,107.87,108.12,107.87,108.02,2732887,2016-01-05,2016-01-05,49.5336,83.9805,83.9255,84.0623
2016-01-04,AGG,stock,108.09,108.29,107.93,107.97,3690995,2016-01-04,2016-01-04,48.1715,83.9792,83.9248,84.0652
2015-12-31,AGG,stock,107.87,108.03,107.82,108.01,3406140,2015-12-31,2015-12-31,49.1571,83.9819,83.9245,84.0697
2015-12-30,AGG,stock,107.64,107.78,107.6,107.72,3731393,2015-12-30,2015-12-30,41.0359,83.9816,83.9239,84.0732
2015-12-29,AGG,stock,107.92,107.98,107.6201,107.74,3094619,2015-12-29,2015-12-29,41.4600,84.0050,83.9256,84.0860
2015-12-28,AGG,stock,108.03,108.13,107.99,108.01,3736430,2015-12-28,2015-12-28,47.6307,84.0292,83.9271,84.0987
2015-12-24,AGG,stock,107.95,108.05,107.92,108.01,1248819,2015-12-24,2015-12-24,47.6307,84.0339,83.9265,84.1034
2015-12-23,AGG,stock,108.01,108.19,108,108.18,3599565,2015-12-23,2015-12-23,46.2975,84.0390,83.9259,84.1082
2015-12-22,AGG,stock,108.27,108.28,108.12,108.2,4507611,2015-12-22,2015-12-22,46.7195,84.0490,83.9257,84.1149
2015-12-21,AGG,stock,108.49,108.54,108.24,108.28,3233516,2015-12-21,2015-12-21,48.3568,84.0584,83.9254,84.1213
2015-12-18,AGG,stock,108.35,108.4561,108.25,108.38,4006425,2015-12-18,2015-12-18,50.4072,84.0623,83.9244,84.1253
2015-12-17,AGG,stock,108.24,108.3,108.0201,108.15,5407881,2015-12-17,2015-12-17,45.4690,84.0584,83.9227,84.1264
2015-12-16,AGG,stock,108.12,108.27,107.93,108,2946785,2015-12-16,2015-12-16,41.9697,84.0729,83.9227,84.1348
2015-12-15,AGG,stock,108.08,108.19,107.9111,108.19,2955918,2015-12-15,2015-12-15,45.3961,84.1011,83.9239,84.1482
2015-12-14,AGG,stock,108.53,108.58,108.17,108.18,3351855,2015-12-14,2015-12-14,45.1773,84.1168,83.9236,84.1563
2015-12-11,AGG,stock,108.7,108.86,108.57,108.69,2321370,2015-12-11,2015-12-11,55.7543,84.1350,83.9234,84.1649
2015-12-10,AGG,stock,108.51,108.51,108.3643,108.42,2001498,2015-12-10,2015-12-10,49.9996,84.1134,83.9192,84.1578
2015-12-09,AGG,stock,108.34,108.58,108.21,108.44,2791044,2015-12-09,2015-12-09,50.4509,84.1116,83.9171,84.1589
2015-12-08,AGG,stock,108.59,108.6,108.37,108.44,2311799,2015-12-08,2015-12-08,50.4509,84.1080,83.9148,84.1594
2015-12-07,AGG,stock,108.3,108.58,108.23,108.4,2143773,2015-12-07,2015-12-07,49.6674,84.1040,83.9125,84.1600
2015-12-04,AGG,stock,108.05,108.3,108,108.24,2182057,2015-12-04,2015-12-04,46.5268,84.1029,83.9104,84.1618
2015-12-03,AGG,stock,108.41,108.41,107.81,107.89,4634083,2015-12-03,2015-12-03,38.7655,84.1147,83.9096,84.1688
2015-12-02,AGG,stock,108.73,108.7799,108.61,108.685,2462787,2015-12-02,2015-12-02,55.8687,84.1563,83.9115,84.1871
2015-12-01,AGG,stock,108.54,108.84,108.43,108.82,4259986,2015-12-01,2015-12-01,60.0460,84.1374,83.9073,84.1811
2015-11-30,AGG,stock,108.83,108.87,108.77,108.81,2397035,2015-11-30,2015-11-30,50.3859,84.1055,83.9019,84.1705
2015-11-27,AGG,stock,108.85,108.87,108.77,108.77,946065,2015-11-27,2015-11-27,49.1846,84.1011,83.8994,84.1714
2015-11-25,AGG,stock,108.77,108.84,108.69,108.8,1169253,2015-11-25,2015-11-25,50.0282,84.0995,83.8973,84.1737
2015-11-24,AGG,stock,108.75,108.8,108.6611,108.75,1335246,2015-11-24,2015-11-24,48.6655,84.0954,83.8948,84.1751
2015-11-23,AGG,stock,108.65,108.756,108.57,108.65,1975965,2015-11-23,2015-11-23,45.9272,84.0948,83.8928,84.1781
2015-11-20,AGG,stock,108.77,108.82,108.6,108.62,2034414,2015-11-20,2015-11-20,45.1116,84.1023,83.8914,84.1844
2015-11-19,AGG,stock,108.9,108.9,108.68,108.69,4232721,2015-11-19,2015-11-19,46.6357,84.1131,83.8904,84.1920
2015-11-18,AGG,stock,108.65,108.71,108.54,108.64,1952051,2015-11-18,2015-11-18,45.4125,84.1193,83.8887,84.1976
2015-11-17,AGG,stock,108.49,108.78,108.416,108.72,2461340,2015-11-17,2015-11-17,47.0136,84.1302,83.8874,84.2050
2015-11-16,AGG,stock,108.63,108.7,108.56,108.64,3326000,2015-11-16,2015-11-16,45.2202,84.1358,83.8855,84.2102
2015-11-13,AGG,stock,108.48,108.59,108.4459,108.55,3784105,2015-11-13,2015-11-13,43.2123,84.1484,83.8842,84.2182
2015-11-12,AGG,stock,108.35,108.45,108.2101,108.34,3448695,2015-11-12,2015-11-12,38.3133,84.1697,83.8836,84.2293
2015-11-11,AGG,stock,108.32,108.37,108.24,108.24,1603365,2015-11-11,2015-11-11,35.8669,84.2104,83.8846,84.2475
2015-11-10,AGG,stock,108.29,108.48,108.2,108.38,5233179,2015-11-10,2015-11-10,37.8166,84.2635,83.8864,84.2696
2015-11-09,AGG,stock,108.06,108.36,108.04,108.18,12843237,2015-11-09,2015-11-09,32.9842,84.3107,83.8871,84.2881
2015-11-06,AGG,stock,108.36,108.39,108.19,108.25,1829481,2015-11-06,2015-11-06,33.8388,84.3792,83.8894,84.3138
2015-11-05,AGG,stock,108.87,108.89,108.6,108.77,2185900,2015-11-05,2015-11-05,41.2032,84.4493,83.8912,84.3383
2015-11-04,AGG,stock,108.91,108.99,108.71,108.82,3542543,2015-11-04,2015-11-04,42.0196,84.4843,83.8889,84.3473
2015-11-03,AGG,stock,108.95,108.9956,108.79,108.82,3033405,2015-11-03,2015-11-03,42.0196,84.5190,83.8862,84.3552
2015-11-02,AGG,stock,109.08,109.19,108.9811,109.02,8049353,2015-11-02,2015-11-02,45.1022,84.5574,83.8835,84.3634
2015-10-30,AGG,stock,109.19,109.46,109.1536,109.45,10576989,2015-10-30,2015-10-30,48.6653,84.5835,83.8793,84.3656
2015-10-29,AGG,stock,109.34,109.42,109.13,109.16,2333240,2015-10-29,2015-10-29,43.0393,84.5948,83.8733,84.3611
2015-10-28,AGG,stock,109.98,110.05,109.57,109.63,1661266,2015-10-28,2015-10-28,51.5399,84.6309,83.8695,84.3656
2015-10-27,AGG,stock,110.03,110.03,109.88,109.96,2021871,2015-10-27,2015-10-27,59.1575,84.6326,83.8620,84.3554
2015-10-26,AGG,stock,109.85,109.9,109.74,109.8,1541278,2015-10-26,2015-10-26,56.2460,84.6077,83.8518,84.3344
2015-10-23,AGG,stock,109.79,109.79,109.69,109.75,2237383,2015-10-23,2015-10-23,55.3218,84.5932,83.8429,84.3176
2015-10-22,AGG,stock,109.9,110.05,109.83,109.94,2276274,2015-10-22,2015-10-22,59.7771,84.5812,83.8342,84.3017
2015-10-21,AGG,stock,109.73,109.9499,109.73,109.92,1278248,2015-10-21,2015-10-21,59.4580,84.5525,83.8239,84.2792
2015-10-20,AGG,stock,109.78,109.78,109.55,109.66,1805387,2015-10-20,2015-10-20,55.1636,84.5224,83.8137,84.2564
2015-10-19,AGG,stock,109.78,109.895,109.65,109.88,1534892,2015-10-19,2015-10-19,60.1715,84.5103,83.8054,84.2408
2015-10-16,AGG,stock,109.9,109.94,109.77,109.77,1629967,2015-10-16,2015-10-16,58.4189,84.4790,83.7954,84.2177
2015-10-15,AGG,stock,109.93,110.0499,109.79,109.88,2044846,2015-10-15,2015-10-15,60.9076,84.4533,83.7861,84.1970
2015-10-14,AGG,stock,109.83,110.05,109.7251,110.03,3911956,2015-10-14,2015-10-14,64.3804,84.4160,83.7758,84.1721
2015-10-13,AGG,stock,109.75,109.75,109.49,109.62,1500196,2015-10-13,2015-10-13,58.3534,84.3626,83.7643,84.1415
2015-10-12,AGG,stock,109.48,109.65,109.33,109.61,1268800,2015-10-12,2015-10-12,58.1932,84.3369,83.7558,84.1225
2015-10-09,AGG,stock,109.32,109.465,109.2423,109.33,3235549,2015-10-09,2015-10-09,53.5470,84.3093,83.7473,84.1030
2015-10-08,AGG,stock,109.7,109.7,109.3037,109.42,2038676,2015-10-08,2015-10-08,55.3841,84.3016,83.7409,84.0916
2015-10-07,AGG,stock,109.55,109.68,109.48,109.57,1983212,2015-10-07,2015-10-07,58.4897,84.2857,83.7338,84.0769
2015-10-06,AGG,stock,109.47,109.694,109.37,109.65,5013761,2015-10-06,2015-10-06,60.1603,84.2559,83.7254,84.0568
2015-10-05,AGG,stock,109.63,109.68,109.37,109.38,4604506,2015-10-05,2015-10-05,56.2435,84.2166,83.7163,84.0334
2015-10-02,AGG,stock,109.85,110.15,109.7,109.79,3553258,2015-10-02,2015-10-02,65.2953,84.1950,83.7092,84.0175
2015-10-01,AGG,stock,109.48,109.65,109.45,109.46,4274924,2015-10-01,2015-10-01,60.5501,84.1378,83.6989,83.9881
2015-09-30,AGG,stock,109.47,109.63,109.44,109.58,3121466,2015-09-30,2015-09-30,59.2179,84.1014,83.6910,83.9679
2015-09-29,AGG,stock,109.44,109.6,109.37,109.54,1506765,2015-09-29,2015-09-29,58.6076,84.0681,83.6837,83.9496
2015-09-28,AGG,stock,109.19,109.41,109.11,109.37,1884380,2015-09-28,2015-09-28,56.0094,84.0345,83.6766,83.9317
2015-09-25,AGG,stock,109.16,109.2299,109.03,109.11,1225465,2015-09-25,2015-09-25,51.7042,84.0112,83.6708,83.9185
2015-09-24,AGG,stock,109.49,109.51,109.24,109.3,2699968,2015-09-24,2015-09-24,55.3821,84.0065,83.6669,83.9129
2015-09-23,AGG,stock,109.29,109.29,109.1,109.16,1562085,2015-09-23,2015-09-23,53.0994,83.9859,83.6615,83.9011
2015-09-22,AGG,stock,109.19,109.39,109.12,109.25,2044824,2015-09-22,2015-09-22,54.7721,83.9745,83.6572,83.8932
2015-09-21,AGG,stock,109.17,109.17,108.88,108.99,2325812,2015-09-21,2015-09-21,50.5974,83.9546,83.6521,83.8821
2015-09-18,AGG,stock,109.26,109.39,109.15,109.28,4510562,2015-09-18,2015-09-18,55.9459,83.9537,83.6490,83.8788
2015-09-17,AGG,stock,108.48,109.19,108.4,109.19,1955397,2015-09-17,2015-09-17,54.5617,83.9292,83.6436,83.8662
2015-09-16,AGG,stock,108.59,108.66,108.41,108.51,1810077,2015-09-16,2015-09-16,41.7133,83.9094,83.6388,83.8560
2015-09-15,AGG,stock,109,109,108.5,108.6,1541194,2015-09-15,2015-09-15,43.2151,83.9426,83.6392,83.8667
2015-09-14,AGG,stock,109.18,109.2,109.04,109.09,1543554,2015-09-14,2015-09-14,52.8311,83.9721,83.6390,83.8750
2015-09-11,AGG,stock,109.05,109.17,109.01,109.06,2001634,2015-09-11,2015-09-11,52.2268,83.9649,83.6350,83.8683
2015-09-10,AGG,stock,109,109.009,108.81,108.93,2564356,2015-09-10,2015-09-10,49.6300,83.9594,83.6311,83.8622
2015-09-09,AGG,stock,108.78,109.08,108.7022,109.05,2891414,2015-09-09,2015-09-09,52.0553,83.9638,83.6283,83.8600
2015-09-08,AGG,stock,108.96,109.04,108.91,109.01,2130373,2015-09-08,2015-09-08,51.3190,83.9590,83.6244,83.8539
2015-09-04,AGG,stock,109.19,109.33,109.02,109.27,1748062,2015-09-04,2015-09-04,56.5622,83.9569,83.6209,83.8488
2015-09-03,AGG,stock,109.06,109.12,108.8701,109.04,1935134,2015-09-03,2015-09-03,52.5827,83.9335,83.6153,83.8353
2015-09-02,AGG,stock,108.92,109.05,108.81,108.88,3442041,2015-09-02,2015-09-02,49.6001,83.9263,83.6114,83.8285
2015-09-01,AGG,stock,108.89,109.11,108.77,109.02,3386037,2015-09-01,2015-09-01,52.2716,83.9314,83.6087,83.8264
2015-08-31,AGG,stock,109.28,109.37,108.9,108.92,4145627,2015-08-31,2015-08-31,46.0735,83.9256,83.6049,83.8199
2015-08-28,AGG,stock,109.34,109.37,108.93,109,4774631,2015-08-28,2015-08-28,47.4947,83.9453,83.6035,83.8232
2015-08-27,AGG,stock,108.95,109.195,108.93,109.1,4040532,2015-08-27,2015-08-27,49.2583,83.9605,83.6016,83.8242
2015-08-26,AGG,stock,109.08,109.41,108.88,108.95,3994218,2015-08-26,2015-08-26,46.4908,83.9693,83.5988,83.8220
2015-08-25,AGG,stock,109.7,109.7,109.13,109.46,4069990,2015-08-25,2015-08-25,56.1615,83.9912,83.5972,83.8245
2015-08-24,AGG,stock,110,110.34,109.57,109.72,5440205,2015-08-24,2015-08-24,62.2958,83.9741,83.5916,83.8110
2015-08-21,AGG,stock,109.68,109.865,109.57,109.76,2443414,2015-08-21,2015-08-21,63.2833,83.9341,83.5839,83.7889
2015-08-20,AGG,stock,109.58,109.64,109.45,109.57,1075630,2015-08-20,2015-08-20,60.5232,83.8868,83.5759,83.7646
2015-08-19,AGG,stock,109.04,109.48,108.96,109.4,2184876,2015-08-19,2015-08-19,57.8935,83.8498,83.5692,83.7452
2015-08-18,AGG,stock,109.19,109.24,109.04,109.06,785393,2015-08-18,2015-08-18,51.9491,83.8226,83.5638,83.7305
2015-08-17,AGG,stock,109.33,109.3992,109.2,109.26,1387062,2015-08-17,2015-08-17,56.2898,83.8201,83.5610,83.7257
2015-08-14,AGG,stock,109.12,109.24,109.02,109.07,1890482,2015-08-14,2015-08-14,52.8116,83.8012,83.5566,83.7145
2015-08-13,AGG,stock,109.36,109.3651,109.11,109.12,1571743,2015-08-13,2015-08-13,53.8589,83.7956,83.5536,83.7089
2015-08-12,AGG,stock,109.55,109.71,109.35,109.35,1563891,2015-08-12,2015-08-12,58.8431,83.7855,83.5502,83.7014
2015-08-11,AGG,stock,109.42,109.5765,109.284,109.42,1537300,2015-08-11,2015-08-11,60.4234,83.7556,83.5449,83.6864
2015-08-10,AGG,stock,109.15,109.17,108.85,109.06,1280227,2015-08-10,2015-08-10,54.6010,83.7169,83.5391,83.6685
2015-08-07,AGG,stock,109.14,109.275,109.035,109.2,2154749,2015-08-07,2015-08-07,57.6644,83.7033,83.5360,83.6613
2015-08-06,AGG,stock,108.93,109.1,108.9001,109.01,1038142,2015-08-06,2015-08-06,54.4433,83.6770,83.5318,83.6493
2015-08-05,AGG,stock,108.94,109.08,108.7238,108.88,2346582,2015-08-05,2015-08-05,52.1292,83.6632,83.5291,83.6429
2015-08-04,AGG,stock,109.35,109.43,109.07,109.08,1659909,2015-08-04,2015-08-04,56.2080,83.6585,83.5273,83.6402
2015-08-03,AGG,stock,109.29,109.54,109.19,109.4,2563943,2015-08-03,2015-08-03,63.6014,83.6371,83.5239,83.6312
2015-07-31,AGG,stock,109.44,109.51,109.35,109.5,2084323,2015-07-31,2015-07-31,61.9663,83.5876,83.5181,83.6117
2015-07-30,AGG,stock,109.08,109.15,108.97,109.07,1959020,2015-07-30,2015-07-30,54.7787,83.5420,83.5130,83.5950
2015-07-29,AGG,stock,109.09,109.12,108.94,109.06,2273525,2015-07-29,2015-07-29,54.5934,83.5263,83.5112,83.5911
2015-07-28,AGG,stock,109.13,109.22,109.09,109.15,1873240,2015-07-28,2015-07-28,56.5292,83.5097,83.5095,83.5873
2015-07-27,AGG,stock,109.25,109.35,109.205,109.26,2665995,2015-07-27,2015-07-27,58.8995,83.4842,83.5070,83.5806
2015-07-24,AGG,stock,109.23,109.24,109.0585,109.12,1192475,2015-07-24,2015-07-24,56.7566,83.4470,83.5037,83.5701
2015-07-23,AGG,stock,108.84,109.15,108.81,109.14,1021367,2015-07-23,2015-07-23,57.1519,83.4173,83.5015,83.5636
2015-07-22,AGG,stock,108.83,108.99,108.82,108.83,1099960,2015-07-22,2015-07-22,52.3784,83.3829,83.4990,83.5563
2015-07-21,AGG,stock,108.54,108.85,108.51,108.78,1191503,2015-07-21,2015-07-21,51.5704,83.3698,83.4989,83.5583
2015-07-20,AGG,stock,108.67,108.72,108.5512,108.6,1245077,2015-07-20,2015-07-20,48.6582,83.3594,83.4992,83.5619
2015-07-17,AGG,stock,108.73,108.86,108.72,108.79,897639,2015-07-17,2015-07-17,51.7057,83.3624,83.5009,83.5714
2015-07-16,AGG,stock,108.54,108.79,108.4988,108.78,1294775,2015-07-16,2015-07-16,51.5574,83.3505,83.5012,83.5753
2015-07-15,AGG,stock,108.36,108.72,108.36,108.69,1781385,2015-07-15,2015-07-15,50.2817,83.3380,83.5015,83.5796
2015-07-14,AGG,stock,108.43,108.5,108.32,108.4,1441422,2015-07-14,2015-07-14,46.0290,83.3316,83.5025,83.5870
2015-07-13,AGG,stock,108.24,108.37,108.14,108.22,1938311,2015-07-13,2015-07-13,43.2303,83.3478,83.5058,83.6037
2015-07-10,AGG,stock,108.47,108.58,108.28,108.38,2163693,2015-07-10,2015-07-10,45.1634,83.3804,83.5105,83.6268
2015-07-09,AGG,stock,109.09,109.09,108.82,108.84,1932808,2015-07-09,2015-07-09,51.2855,83.4034,83.5140,83.6457
2015-07-08,AGG,stock,109.16,109.36,109.03,109.24,2892899,2015-07-08,2015-07-08,57.5888,83.3917,83.5140,83.6511
2015-07-07,AGG,stock,109.12,109.38,108.96,108.98,2502487,2015-07-07,2015-07-07,54.1905,83.3465,83.5109,83.6441
2015-07-06,AGG,stock,108.88,108.99,108.63,108.83,1107991,2015-07-06,2015-07-06,52.1360,83.3175,83.5098,83.6450
2015-07-02,AGG,stock,108.48,108.6,108.43,108.44,994614,2015-07-02,2015-07-02,46.3238,83.2975,83.5098,83.6507
2015-07-01,AGG,stock,108.33,108.38,108.15,108.29,6010318,2015-07-01,2015-07-01,43.8904,83.3070,83.5129,83.6688
2015-06-30,AGG,stock,108.72,109,108.61,108.78,2159465,2015-06-30,2015-06-30,47.5325,83.3295,83.5171,83.6923
2015-06-29,AGG,stock,108.6,108.94,108.38,108.85,3278938,2015-06-29,2015-06-29,48.4885,83.3324,83.5192,83.7082
2015-06-26,AGG,stock,108.29,108.31,108.11,108.21,1054938,2015-06-26,2015-06-26,37.8818,83.3300,83.5209,83.7226
2015-06-25,AGG,stock,108.58,108.6,108.39,108.47,1222025,2015-06-25,2015-06-25,41.0721,83.3789,83.5275,83.7576
2015-06-24,AGG,stock,108.55,108.68,108.4501,108.59,1527529,2015-06-24,2015-06-24,42.6100,83.4119,83.5321,83.7859
2015-06-23,AGG,stock,108.41,108.64,108.3501,108.42,1339035,2015-06-23,2015-06-23,39.6367,83.4388,83.5359,83.8116
2015-06-22,AGG,stock,108.95,108.9999,108.64,108.67,1173800,2015-06-22,2015-06-22,42.6544,83.4822,83.5410,83.8436
2015-06-19,AGG,stock,109.1,109.26,109.04,109.21,2048458,2015-06-19,2015-06-19,50.3418,83.5101,83.5443,83.8691
2015-06-18,AGG,stock,108.81,108.87,108.62,108.87,2917418,2015-06-18,2015-06-18,44.4930,83.4973,83.5434,83.8789
2015-06-17,AGG,stock,108.84,108.9,108.44,108.9,1895671,2015-06-17,2015-06-17,44.9266,83.5106,83.5451,83.8996
2015-06-16,AGG,stock,108.83,108.89,108.6815,108.89,1309857,2015-06-16,2015-06-16,44.7600,83.5229,83.5466,83.9202
2015-06-15,AGG,stock,108.96,108.96,108.63,108.71,1666570,2015-06-15,2015-06-15,41.8181,83.5373,83.5483,83.9420
2015-06-12,AGG,stock,108.68,108.895,108.52,108.58,1365918,2015-06-12,2015-06-12,39.6631,83.5677,83.5513,83.9703
2015-06-11,AGG,stock,108.33,108.71,108.2751,108.71,1539634,2015-06-11,2015-06-11,41.0758,83.6117,83.5553,84.0039
2015-06-10,AGG,stock,108.24,108.2992,108.04,108.13,1491244,2015-06-10,2015-06-10,30.8760,83.6500,83.5584,84.0347
2015-06-09,AGG,stock,108.65,108.65,108.32,108.4,1206678,2015-06-09,2015-06-09,33.3732,83.7390,83.5660,84.0849
2015-06-08,AGG,stock,108.76,108.8,108.66,108.71,1289705,2015-06-08,2015-06-08,36.5224,83.8156,83.5715,84.1287
2015-06-05,AGG,stock,108.63,108.79,108.51,108.55,1619045,2015-06-05,2015-06-05,33.5156,83.8753,83.5748,84.1647
2015-06-04,AGG,stock,108.89,109.1665,108.89,109.03,1907881,2015-06-04,2015-06-04,38.6103,83.9542,83.5793,84.2071
2015-06-03,AGG,stock,108.98,109.01,108.67,108.8,3413107,2015-06-03,2015-06-03,34.1570,84.0027,83.5802,84.2362
2015-06-02,AGG,stock,109.43,109.4463,109.17,109.23,1830416,2015-06-02,2015-06-02,39.0782,84.0749,83.5828,84.2737
2015-06-01,AGG,stock,109.95,109.99,109.56,109.66,4327305,2015-06-01,2015-06-01,45.1138,84.1199,83.5822,84.2993
2015-05-29,AGG,stock,110.18,110.3,110.0801,110.17,2780256,2015-05-29,2015-05-29,50.1872,84.1351,83.5782,84.3125
2015-05-28,AGG,stock,110.14,110.22,110.0501,110.13,1298906,2015-05-28,2015-05-28,49.4924,84.1274,83.5719,84.3167
2015-05-27,AGG,stock,110.06,110.1851,109.8988,110.17,888691,2015-05-27,2015-05-27,50.1418,84.1221,83.5658,84.3224
2015-05-26,AGG,stock,109.8,110.1,109.75,110.06,2774957,2015-05-26,2015-05-26,48.4134,84.1131,83.5593,84.3271
2015-05-22,AGG,stock,109.85,109.8597,109.62,109.79,1086983,2015-05-22,2015-05-22,43.9877,84.1119,83.5537,84.3354
2015-05-21,AGG,stock,109.65,109.93,109.65,109.91,2652588,2015-05-21,2015-05-21,45.6023,84.1324,83.5500,84.3524
2015-05-20,AGG,stock,109.58,109.692,109.46,109.57,1584131,2015-05-20,2015-05-20,39.7875,84.1454,83.5454,84.3664
2015-05-19,AGG,stock,109.46,109.7101,109.39,109.4,1664380,2015-05-19,2015-05-19,36.6431,84.1870,83.5433,84.3916
2015-05-18,AGG,stock,109.93,110.01,109.76,109.78,863865,2015-05-18,2015-05-18,41.0978,84.2468,83.5426,84.4231
2015-05-15,AGG,stock,109.96,110.22,109.8801,110.2,1047478,2015-05-15,2015-05-15,46.9564,84.2822,83.5389,84.4441
2015-05-14,AGG,stock,109.65,109.79,109.58,109.74,1796941,2015-05-14,2015-05-14,37.9623,84.2876,83.5319,84.4528
2015-05-13,AGG,stock,109.91,109.92,109.45,109.57,2441612,2015-05-13,2015-05-13,34.1294,84.3306,83.5284,84.4762
2015-05-12,AGG,stock,109.5,109.76,109.38,109.58,1394866,2015-05-12,2015-05-12,34.2449,84.3918,83.5262,84.5059
2015-05-11,AGG,stock,110.02,110.06,109.57,109.59,2984888,2015-05-11,2015-05-11,34.3530,84.4586,83.5239,84.5364
2015-05-08,AGG,stock,110.36,110.43,110.205,110.29,1933601,2015-05-08,2015-05-08,43.2125,84.5316,83.5215,84.5679
2015-05-07,AGG,stock,109.85,110.04,109.76,109.93,1986235,2015-05-07,2015-05-07,35.2362,84.5560,83.5137,84.5789
2015-05-06,AGG,stock,109.95,109.97,109.6139,109.66,1566004,2015-05-06,2015-05-06,28.2142,84.6120,83.5085,84.6015
2015-05-05,AGG,stock,110.19,110.219,109.84,110.03,1481227,2015-05-05,2015-05-05,32.7300,84.6955,83.5054,84.6334
2015-05-04,AGG,stock,110.42,110.4715,110.12,110.1307,1651932,2015-05-04,2015-05-04,34.1096,84.7581,83.4994,84.6552
2015-05-01,AGG,stock,110.52,110.5302,110.245,110.34,1357164,2015-05-01,2015-05-01,37.1304,84.8191,83.4926,84.6747
2015-04-30,AGG,stock,110.69,110.92,110.51,110.86,3328573,2015-04-30,2015-04-30,42.3437,84.8698,83.4841,84.6884
2015-04-29,AGG,stock,110.89,110.9699,110.7,110.86,1313249,2015-04-29,2015-04-29,42.3437,84.9006,83.4731,84.6929
2015-04-28,AGG,stock,111.34,111.44,111.11,111.11,1602004,2015-04-28,2015-04-28,46.8615,84.9346,83.4620,84.6976
2015-04-27,AGG,stock,111.51,111.56,111.3359,111.54,1595563,2015-04-27,2015-04-27,56.4871,84.9521,83.4489,84.6948
2015-04-24,AGG,stock,111.48,111.5701,111.41,111.5,837747,2015-04-24,2015-04-24,55.7011,84.9369,83.4323,84.6784
2015-04-23,AGG,stock,111.15,111.415,111.1362,111.31,1483934,2015-04-23,2015-04-23,51.8662,84.9233,83.4159,84.6626
2015-04-22,AGG,stock,111.44,111.44,111.1,111.14,916429,2015-04-22,2015-04-22,48.1360,84.9236,83.4008,84.6520
2015-04-21,AGG,stock,111.57,111.6,111.44,111.47,1522674,2015-04-21,2015-04-21,55.9519,84.9375,83.3868,84.6463
2015-04-20,AGG,stock,111.67,111.73,111.47,111.59,1289415,2015-04-20,2015-04-20,59.1976,84.9264,83.3702,84.6301
2015-04-17,AGG,stock,111.53,111.8,111.4601,111.67,1274289,2015-04-17,2015-04-17,61.4025,84.9045,83.3524,84.6096
2015-04-16,AGG,stock,111.7,111.7,111.4,111.58,1000803,2015-04-16,2015-04-16,59.8399,84.8739,83.3339,84.5856
2015-04-15,AGG,stock,111.66,111.71,111.5501,111.64,1296832,2015-04-15,2015-04-15,61.3781,84.8473,83.3159,84.5636
2015-04-14,AGG,stock,111.7,111.79,111.4878,111.49,1157399,2015-04-14,2015-04-14,58.9271,84.8131,83.2972,84.5387
2015-04-13,AGG,stock,111.25,111.37,111.25,111.37,950963,2015-04-13,2015-04-13,56.8950,84.7873,83.2795,84.5175
2015-04-10,AGG,stock,111.43,111.4597,111.2047,111.25,2055617,2015-04-10,2015-04-10,54.8193,84.7684,83.2626,84.4992
2015-04-09,AGG,stock,111.56,111.56,111.17,111.25,1728452,2015-04-09,2015-04-09,54.8193,84.7572,83.2464,84.4838
2015-04-08,AGG,stock,111.56,111.5899,111.3646,111.53,903019,2015-04-08,2015-04-08,60.7000,84.7447,83.2300,84.4679
2015-04-07,AGG,stock,111.45,111.57,111.28,111.52,1415177,2015-04-07,2015-04-07,60.5597,84.7085,83.2113,84.4425
2015-04-06,AGG,stock,111.78,111.78,111.37,111.5,1430979,2015-04-06,2015-04-06,60.2964,84.6693,83.1925,84.4165
2015-04-02,AGG,stock,111.57,111.57,111.38,111.43,1761723,2015-04-02,2015-04-02,59.4160,84.6276,83.1737,84.3900
2015-04-01,AGG,stock,111.42,111.63,111.31,111.58,1927330,2015-04-01,2015-04-01,62.1586,84.5871,83.1552,84.3646
2015-03-31,AGG,stock,111.27,111.45,111.18,111.43,2958055,2015-03-31,2015-03-31,57.8189,84.5303,83.1354,84.3334
2015-03-30,AGG,stock,111.34,111.34,111.16,111.24,1310728,2015-03-30,2015-03-30,55.3124,84.4964,83.1182,84.3123
2015-03-27,AGG,stock,111.18,111.34,111.16,111.19,5610233,2015-03-27,2015-03-27,54.6540,84.4742,83.1022,84.2961
2015-03-26,AGG,stock,111.31,111.3647,110.995,111.03,1377559,2015-03-26,2015-03-26,52.5777,84.4537,83.0864,84.2809
2015-03-25,AGG,stock,111.75,111.75,111.4258,111.43,1612307,2015-03-25,2015-03-25,58.8309,84.4438,83.0718,84.2700
2015-03-24,AGG,stock,111.48,111.67,111.37,111.64,2647340,2015-03-24,2015-03-24,62.4518,84.4008,83.0539,84.2463
2015-03-23,AGG,stock,111.37,111.4,111.2312,111.34,1120884,2015-03-23,2015-03-23,59.1136,84.3365,83.0342,84.2150
2015-03-20,AGG,stock,111.23,111.34,111.1801,111.32,3833605,2015-03-20,2015-03-20,58.8873,84.2894,83.0166,84.1918
2015-03-19,AGG,stock,111.24,111.3,110.94,110.98,1929655,2015-03-19,2015-03-19,54.9520,84.2390,82.9990,84.1683
2015-03-18,AGG,stock,110.79,111.39,110.5755,111.37,1997848,2015-03-18,2015-03-18,61.1907,84.2105,82.9838,84.1544
2015-03-17,AGG,stock,110.64,110.68,110.54,110.56,1423692,2015-03-17,2015-03-17,50.3114,84.1478,82.9655,84.1277
2015-03-16,AGG,stock,110.62,110.67,110.42,110.58,1305770,2015-03-16,2015-03-16,50.6369,84.1434,82.9532,84.1252
2015-03-13,AGG,stock,110.44,110.63,110.25,110.34,3235526,2015-03-13,2015-03-13,46.8024,84.1369,82.9406,84.1220
2015-03-12,AGG,stock,110.69,110.7232,110.42,110.55,1416645,2015-03-12,2015-03-12,49.9553,84.1490,82.9297,84.1260
2015-03-11,AGG,stock,110.21,110.53,110.21,110.46,1171619,2015-03-11,2015-03-11,48.5767,84.1455,82.9172,84.1238
2015-03-10,AGG,stock,110.23,110.36,110.15,110.24,1708143,2015-03-10,2015-03-10,45.1468,84.1489,82.9051,84.1242
2015-03-09,AGG,stock,110.17,110.17,109.91,109.98,2724695,2015-03-09,2015-03-09,40.8146,84.1703,82.8947,84.1314
2015-03-06,AGG,stock,110.08,110.09,109.6,109.7,1872869,2015-03-06,2015-03-06,35.7395,84.2147,82.8861,84.1471
2015-03-05,AGG,stock,110.43,110.54,110.3,110.42,1053013,2015-03-05,2015-03-05,44.9411,84.2863,82.8796,84.1721
2015-03-04,AGG,stock,110.44,110.51,110.275,110.37,1477095,2015-03-04,2015-03-04,44.0116,84.3077,82.8675,84.1757
2015-03-03,AGG,stock,110.44,110.57,110.31,110.31,4228397,2015-03-03,2015-03-03,42.9381,84.3354,82.8557,84.1811
2015-03-02,AGG,stock,110.99,110.99,110.45,110.45,7881863,2015-03-02,2015-03-02,44.7991,84.3708,82.8442,84.1885
2015-02-27,AGG,stock,111.14,111.22,110.89,111.2,3816414,2015-02-27,2015-02-27,53.4567,84.3987,82.8315,84.1919
2015-02-26,AGG,stock,111.21,111.28,110.86,110.92,1837251,2015-02-26,2015-02-26,48.9077,84.3843,82.8144,84.1779
2015-02-25,AGG,stock,111.2,111.32,111.0701,111.32,2319277,2015-02-25,2015-02-25,56.1933,84.3909,82.7992,84.1720
2015-02-24,AGG,stock,110.74,111.27,110.55,111.24,1736745,2015-02-24,2015-02-24,54.9469,84.3661,82.7809,84.1534
2015-02-23,AGG,stock,110.69,110.805,110.66,110.75,1688234,2015-02-23,2015-02-23,46.2486,84.3452,82.7629,84.1366
2015-02-20,AGG,stock,110.68,110.88,110.37,110.55,2280736,2015-02-20,2015-02-20,42.0049,84.3612,82.7485,84.1343
2015-02-19,AGG,stock,110.62,110.76,110.48,110.53,1442991,2015-02-19,2015-02-19,41.5766,84.3949,82.7356,84.1382
2015-02-18,AGG,stock,110.39,110.7451,110.3149,110.62,1442441,2015-02-18,2015-02-18,42.9005,84.4338,82.7226,84.1428
2015-02-17,AGG,stock,110.67,110.73,110.2401,110.31,2043026,2015-02-17,2015-02-17,36.4257,84.4696,82.7088,84.1448
2015-02-13,AGG,stock,110.95,110.9692,110.71,110.76,1706183,2015-02-13,2015-02-13,42.9979,84.5339,82.6973,84.1565
2015-02-12,AGG,stock,110.91,111.12,110.87,110.89,2123746,2015-02-12,2015-02-12,45.1848,84.5691,82.6822,84.1547
2015-02-11,AGG,stock,110.88,110.99,110.7401,110.87,1803433,2015-02-11,2015-02-11,44.7836,84.5975,82.6659,84.1488
2015-02-10,AGG,stock,110.96,111.0555,110.82,110.92,1272543,2015-02-10,2015-02-10,45.5577,84.6305,82.6496,84.1432
2015-02-09,AGG,stock,111.31,111.31,111.04,111.04,1724911,2015-02-09,2015-02-09,47.3829,84.6629,82.6328,84.1359
2015-02-06,AGG,stock,111.41,111.41,111.03,111.06,2531315,2015-02-06,2015-02-06,47.6785,84.6892,82.6149,84.1246
2015-02-05,AGG,stock,111.79,111.8474,111.57,111.71,2409552,2015-02-05,2015-02-05,58.7377,84.7167,82.5967,84.1122
2015-02-04,AGG,stock,111.64,111.95,111.5,111.94,1953033,2015-02-04,2015-02-04,63.5837,84.6950,82.5733,84.0792
2015-02-03,AGG,stock,112.1,112.1,111.76,111.77,1815375,2015-02-03,2015-02-03,61.3979,84.6526,82.5480,84.0376
2015-02-02,AGG,stock,112.06,112.23,112,112.2,2792120,2015-02-02,2015-02-02,71.4741,84.6194,82.5236,83.9996
2015-01-30,AGG,stock,112.35,112.52,112.24,112.38,6252828,2015-01-30,2015-01-30,71.5720,84.5483,82.4958,83.9467
2015-01-29,AGG,stock,111.93,112.059,111.82,111.98,1752591,2015-01-29,2015-01-29,67.2637,84.4694,82.4676,83.8916
2015-01-28,AGG,stock,111.7,112.22,111.6662,112.07,1327756,2015-01-28,2015-01-28,69.4632,84.4141,82.4422,83.8466
2015-01-27,AGG,stock,111.97,111.97,111.545,111.6,1635906,2015-01-27,2015-01-27,63.7087,84.3458,82.4159,83.7969
2015-01-26,AGG,stock,111.79,111.79,111.45,111.66,2705234,2015-01-26,2015-01-26,65.1643,84.3079,82.3929,83.7598
2015-01-23,AGG,stock,111.65,111.81,111.54,111.71,1535012,2015-01-23,2015-01-23,66.3372,84.2612,82.3692,83.7193
2015-01-22,AGG,stock,111.72,111.72,111.29,111.43,2030434,2015-01-22,2015-01-22,62.8613,84.2056,82.3449,83.6757
2015-01-21,AGG,stock,111.68,111.81,111.3901,111.49,2020176,2015-01-21,2015-01-21,64.1799,84.1666,82.3224,83.6389
2015-01-20,AGG,stock,111.75,111.84,111.55,111.69,2059394,2015-01-20,2015-01-20,68.6365,84.1186,82.2993,83.5987
2015-01-16,AGG,stock,111.68,111.83,111.42,111.5,2744525,2015-01-16,2015-01-16,66.5900,84.0496,82.2744,83.5507
2015-01-15,AGG,stock,111.49,111.94,111.49,111.93,2084009,2015-01-15,2015-01-15,77.1724,83.9884,82.2508,83.5067
2015-01-14,AGG,stock,111.64,111.65,111.395,111.42,3043605,2015-01-14,2015-01-14,72.3294,83.8865,82.2236,83.4475
2015-01-13,AGG,stock,111.15,111.33,111.03,111.15,5536965,2015-01-13,2015-01-13,69.1075,83.8147,82.2000,83.4017
2015-01-12,AGG,stock,111.16,111.255,111.081,111.12,2185034,2015-01-12,2015-01-12,68.7319,83.7568,82.1782,83.3624
2015-01-09,AGG,stock,110.89,111.14,110.73,111.03,1322554,2015-01-09,2015-01-09,67.6356,83.6952,82.1565,83.3225
2015-01-08,AGG,stock,110.84,110.84,110.63,110.76,2212153,2015-01-08,2015-01-08,64.1325,83.6344,82.1352,83.2837
2015-01-07,AGG,stock,111,111.04,110.74,110.93,3984399,2015-01-07,2015-01-07,68.4651,83.5887,82.1158,83.2516
2015-01-06,AGG,stock,110.96,111.35,110.89,110.95,3688054,2015-01-06,2015-01-06,68.9742,83.5246,82.0949,83.2130
2015-01-05,AGG,stock,110.56,110.76,110.48,110.67,3446236,2015-01-05,2015-01-05,65.6544,83.4522,82.0736,83.1722
2015-01-02,AGG,stock,110.18,110.5,110.18,110.43,2090232,2015-01-02,2015-01-02,62.4572,83.3945,82.0542,83.1384
2014-12-31,AGG,stock,110.14,110.26,110.102,110.12,2493870,2014-12-31,2014-12-31,57.7385,83.3500,82.0365,83.1107
2014-12-30,AGG,stock,110.2,110.26,110.01,110.09,2069596,2014-12-30,2014-12-30,57.2557,83.3255,82.0210,83.0914
2014-12-29,AGG,stock,109.94,110.05,109.83,109.97,2199237,2014-12-29,2014-12-29,55.3617,83.3008,82.0055,83.0723
2014-12-26,AGG,stock,109.72,109.87,109.62,109.74,1124918,2014-12-26,2014-12-26,51.5400,83.2831,81.9908,83.0561
2014-12-24,AGG,stock,109.63,109.71,109.46,109.69,922096,2014-12-24,2014-12-24,50.6878,83.2820,81.9777,83.0464
2014-12-23,AGG,stock,110.3,110.39,109.9,109.94,2790798,2014-12-23,2014-12-23,48.6947,83.2847,81.9648,83.0379
2014-12-22,AGG,stock,110.35,110.46,110.2666,110.45,3827829,2014-12-22,2014-12-22,57.9961,83.2972,81.9528,83.0326
2014-12-19,AGG,stock,110.08,110.38,110.08,110.28,1865027,2014-12-19,2014-12-19,55.3566,83.2704,81.9367,83.0114
2014-12-18,AGG,stock,110.17,110.22,110.06,110.1,1865794,2014-12-18,2014-12-18,52.4168,83.2543,81.9218,82.9946
2014-12-17,AGG,stock,110.5,110.675,110.28,110.39,2167454,2014-12-17,2014-12-17,58.1450,83.2508,81.9080,82.9827
2014-12-16,AGG,stock,110.6,110.6,110.3201,110.53,1411670,2014-12-16,2014-12-16,61.1402,83.2239,81.8920,82.9613
2014-12-15,AGG,stock,110.38,110.54,110.25,110.26,2540686,2014-12-15,2014-12-15,57.1911,83.1831,81.8747,82.9348
2014-12-12,AGG,stock,110.5,110.66,110.31,110.56,1714109,2014-12-12,2014-12-12,63.8900,83.1594,81.8593,82.9154
2014-12-11,AGG,stock,110.15,110.23,110.02,110.21,1447694,2014-12-11,2014-12-11,58.6420,83.1093,81.8414,82.8861
2014-12-10,AGG,stock,110,110.31,109.98,110.25,1207989,2014-12-10,2014-12-10,59.5606,83.0819,81.8261,82.8663
2014-12-09,AGG,stock,110.14,110.23,109.95,110.06,1203037,2014-12-09,2014-12-09,56.5592,83.0483,81.8102,82.8445
2014-12-08,AGG,stock,109.81,109.995,109.56,109.89,984140,2014-12-08,2014-12-08,53.7044,83.0264,81.7957,82.8277
2014-12-05,AGG,stock,109.87,109.94,109.61,109.62,3477696,2014-12-05,2014-12-05,48.7360,83.0157,81.7823,82.8154
2014-12-04,AGG,stock,109.85,110.11,109.78,110.09,3001658,2014-12-04,2014-12-04,58.9646,83.0253,81.7708,82.8110
2014-12-03,AGG,stock,109.83,109.87,109.73,109.76,1998004,2014-12-03,2014-12-03,52.4594,82.9986,81.7557,82.7919
2014-12-02,AGG,stock,109.99,109.99,109.81,109.86,1469400,2014-12-02,2014-12-02,54.9087,82.9953,81.7429,82.7822
2014-12-01,AGG,stock,110.6,110.6,110.08,110.08,2811726,2014-12-01,2014-12-01,60.6982,82.9837,81.7292,82.7690
2014-11-28,AGG,stock,110.43,110.62,110.4,110.61,2072793,2014-11-28,2014-11-28,68.2062,82.9533,81.7137,82.7484
2014-11-26,AGG,stock,110.33,110.34,110.2432,110.27,1205659,2014-11-26,2014-11-26,62.2634,82.9001,81.6961,82.7194
2014-11-25,AGG,stock,109.96,110.22,109.96,110.18,3187726,2014-11-25,2014-11-25,60.4462,82.8683,81.6810,82.6997
2014-11-24,AGG,stock,109.85,110.04,109.8389,109.94,1355121,2014-11-24,2014-11-24,55.0912,82.8403,81.6664,82.6820
2014-11-21,AGG,stock,109.92,109.96,109.84,109.9,1294981,2014-11-21,2014-11-21,54.1301,82.8284,81.6534,82.6709
2014-11-20,AGG,stock,109.87,109.93,109.69,109.77,1155795,2014-11-20,2014-11-20,50.9630,82.8184,81.6407,82.6606
2014-11-19,AGG,stock,109.68,109.84,109.56,109.57,1361784,2014-11-19,2014-11-19,45.5969,82.8176,81.6288,82.6539
2014-11-18,AGG,stock,109.82,109.8801,109.77,109.83,1318376,2014-11-18,2014-11-18,52.5368,82.8327,81.6183,82.6530
2014-11-17,AGG,stock,109.96,109.96,109.72,109.73,1403014,2014-11-17,2014-11-17,49.8086,82.8288,81.6057,82.6442
2014-11-14,AGG,stock,109.68,109.94,109.64,109.86,1073003,2014-11-14,2014-11-14,53.5224,82.8323,81.5937,82.6380
2014-11-13,AGG,stock,109.75,109.8,109.6599,109.76,860783,2014-11-13,2014-11-13,50.9078,82.8259,81.5807,82.6276
2014-11-12,AGG,stock,109.74,109.88,109.661,109.71,1123741,2014-11-12,2014-11-12,49.5912,82.8268,81.5682,82.6198
2014-11-11,AGG,stock,109.66,109.71,109.59,109.7,1138463,2014-11-11,2014-11-11,49.3389,82.8317,81.5561,82.6133
2014-11-10,AGG,stock,109.9,109.91,109.65,109.65,846857,2014-11-10,2014-11-10,48.1335,82.8380,81.5438,82.6068
2014-11-07,AGG,stock,109.61,109.92,109.6,109.91,1661449,2014-11-07,2014-11-07,54.3812,82.8489,81.5319,82.6016
2014-11-06,AGG,stock,109.52,109.6699,109.5,109.54,1391435,2014-11-06,2014-11-06,44.9366,82.8402,81.5178,82.5882
2014-11-05,AGG,stock,109.65,109.74,109.59,109.73,2699558,2014-11-05,2014-11-05,49.8587,82.8601,81.5064,82.5856
2014-11-04,AGG,stock,109.7,109.86,109.67,109.69,2346280,2014-11-04,2014-11-04,48.7616,82.8669,81.4935,82.5770
2014-11-03,AGG,stock,109.83,109.85,109.56,109.68,2282374,2014-11-03,2014-11-03,48.5000,82.8777,81.4807,82.5693
2014-10-31,AGG,stock,109.7383,109.888,109.7083,109.888,3145121,2014-10-31,2014-10-31,48.8709,82.8904,81.4679,82.5617
2014-10-30,AGG,stock,110.05,110.1855,110.03,110.08,2479468,2014-10-30,2014-10-30,53.4120,82.9031,81.4548,82.5532
2014-10-29,AGG,stock,110.03,110.16,109.85,109.9,1591007,2014-10-29,2014-10-29,49.3118,82.9019,81.4401,82.5385
2014-10-28,AGG,stock,110.21,110.25,110.1,110.14,1128600,2014-10-28,2014-10-28,55.3421,82.9150,81.4267,82.5287
2014-10-27,AGG,stock,110.28,110.33,110.191,110.31,1073056,2014-10-27,2014-10-27,60.1828,82.9103,81.4113,82.5111
2014-10-24,AGG,stock,110.27,110.35,110.15,110.27,1188946,2014-10-24,2014-10-24,59.4070,82.8917,81.3944,82.4876
2014-10-23,AGG,stock,110.36,110.36,110.13,110.23,1863102,2014-10-23,2014-10-23,58.6591,82.8743,81.3777,82.4644
2014-10-22,AGG,stock,110.5,110.54,110.4,110.49,3179164,2014-10-22,2014-10-22,65.9986,82.8582,81.3611,82.4414
2014-10-21,AGG,stock,110.55,110.678,110.49,110.55,2624964,2014-10-21,2014-10-21,67.8169,82.8198,81.3424,82.4095
2014-10-20,AGG,stock,110.69,110.7267,110.57,110.65,1518290,2014-10-20,2014-10-20,70.8372,82.7726,81.3231,82.3745
2014-10-17,AGG,stock,110.51,110.65,110.4,110.52,2065773,2014-10-17,2014-10-17,69.1802,82.7126,81.3028,82.3349
2014-10-16,AGG,stock,111,111.15,110.5435,110.67,1792877,2014-10-16,2014-10-16,73.6646,82.6565,81.2832,82.2977
2014-10-15,AGG,stock,111.2,112.08,110.63,110.76,2275368,2014-10-15,2014-10-15,76.4246,82.5826,81.2624,82.2545
2014-10-14,AGG,stock,110.5,110.58,110.28,110.56,3518455,2014-10-14,2014-10-14,74.4491,82.4938,81.2406,82.2066
2014-10-13,AGG,stock,110.15,110.34,110.04,110.31,1098538,2014-10-13,2014-10-13,71.6964,82.4115,81.2202,82.1630
2014-10-10,AGG,stock,109.96,110.03,109.87,109.99,1734434,2014-10-10,2014-10-10,67.5397,82.3404,81.2014,82.1253
2014-10-09,AGG,stock,110.07,110.07,109.87,109.91,1502816,2014-10-09,2014-10-09,66.3940,82.2872,81.1849,82.0959
2014-10-08,AGG,stock,109.9,110.14,109.6801,110.13,2477897,2014-10-08,2014-10-08,72.9709,82.2347,81.1688,82.0677
2014-10-07,AGG,stock,109.61,109.85,109.5601,109.82,2328416,2014-10-07,2014-10-07,68.9459,82.1592,81.1509,82.0316
2014-10-06,AGG,stock,109.4,109.55,109.31,109.4,2145824,2014-10-06,2014-10-06,61.7871,82.1003,81.1351,82.0036
2014-10-03,AGG,stock,109.31,109.36,109.2,109.3,2928901,2014-10-03,2014-10-03,59.7349,82.0686,81.1224,81.9873
2014-10-02,AGG,stock,109.56,109.63,109.35,109.35,4826810,2014-10-02,2014-10-02,61.2624,82.0415,81.1103,81.9735
2014-10-01,AGG,stock,109.2,109.54,109.1997,109.53,6605180,2014-10-01,2014-10-01,66.9888,82.0075,81.0977,81.9576
2014-09-30,AGG,stock,109.19,109.28,109.09,109.11,2335365,2014-09-30,2014-09-30,53.2976,81.9557,81.0836,81.9354
2014-09-29,AGG,stock,109.16,109.24,109.0601,109.18,7243748,2014-09-29,2014-09-29,55.7661,81.9466,81.0740,81.9311
2014-09-26,AGG,stock,109.06,109.09,108.88,109.06,1729491,2014-09-26,2014-09-26,52.2453,81.9311,81.0637,81.9244
2014-09-25,AGG,stock,108.98,109.1,108.98,109.07,1161869,2014-09-25,2014-09-25,52.5690,81.9234,81.0543,81.9212
2014-09-24,AGG,stock,109.08,109.08,108.84,108.86,836713,2014-09-24,2014-09-24,46.0491,81.9141,81.0446,81.9175
2014-09-23,AGG,stock,108.91,108.95,108.83,108.93,705221,2014-09-23,2014-09-23,48.0954,81.9204,81.0365,81.9201
2014-09-22,AGG,stock,108.86,108.91,108.76,108.83,592391,2014-09-22,2014-09-22,44.8440,81.9219,81.0278,81.9206
2014-09-19,AGG,stock,108.56,108.73,108.509,108.68,929900,2014-09-19,2014-09-19,39.5716,81.9315,81.0197,81.9243
2014-09-18,AGG,stock,108.5,108.55,108.45,108.5,707600,2014-09-18,2014-09-18,32.3677,81.9539,81.0127,81.9327
2014-09-17,AGG,stock,108.74,108.84,108.48,108.49,707200,2014-09-17,2014-09-17,31.9492,81.9929,81.0069,81.9469
2014-09-16,AGG,stock,108.7,108.77,108.61,108.61,851000,2014-09-16,2014-09-16,34.3153,82.0368,81.0012,81.9621
2014-09-15,AGG,stock,108.73,108.76,108.59,108.61,1210800,2014-09-15,2014-09-15,34.3153,82.0759,80.9945,81.9742
2014-09-12,AGG,stock,108.69,108.74,108.595,108.63,1327600,2014-09-12,2014-09-12,34.6844,82.1191,80.9878,81.9868
2014-09-11,AGG,stock,109.01,109.06,108.83,108.85,753500,2014-09-11,2014-09-11,38.9659,82.1652,80.9808,81.9993
2014-09-10,AGG,stock,108.98,109.01,108.91,108.96,974400,2014-09-10,2014-09-10,41.3349,82.1988,80.9721,82.0055
2014-09-09,AGG,stock,109.17,109.23,109.09,109.11,689500,2014-09-09,2014-09-09,44.7823,82.2272,80.9625,82.0086
2014-09-08,AGG,stock,109.49,109.54,109.26,109.26,895300,2014-09-08,2014-09-08,48.5417,82.2467,80.9517,82.0073
2014-09-05,AGG,stock,109.44,109.54,109.29,109.37,798500,2014-09-05,2014-09-05,51.4847,82.2564,80.9396,82.0013
2014-09-04,AGG,stock,109.44,109.54,109.31,109.43,1308900,2014-09-04,2014-09-04,53.1158,82.2584,80.9265,81.9916
2014-09-03,AGG,stock,109.39,109.58,109.37,109.57,1311700,2014-09-03,2014-09-03,57.0306,82.2559,80.9129,81.9798
2014-09-02,AGG,stock,109.55,109.63,109.45,109.45,1029300,2014-09-02,2014-09-02,54.3529,82.2420,80.8981,81.9631
2014-08-29,AGG,stock,110,110.09,109.94,109.98,1473300,2014-08-29,2014-08-29,64.8155,82.2361,80.8840,81.9495
2014-08-28,AGG,stock,109.96,110.05,109.89,110.02,1123700,2014-08-28,2014-08-28,66.2275,82.2032,80.8673,81.9250
2014-08-27,AGG,stock,109.73,109.85,109.7,109.8,866100,2014-08-27,2014-08-27,61.9996,82.1636,80.8501,81.8983
2014-08-26,AGG,stock,109.73,109.73,109.61,109.66,543400,2014-08-26,2014-08-26,58.9640,82.1373,80.8344,81.8772
2014-08-25,AGG,stock,109.69,109.69,109.52,109.65,3473800,2014-08-25,2014-08-25,58.7454,82.1192,80.8195,81.8596
2014-08-22,AGG,stock,109.53,109.61,109.35,109.56,801900,2014-08-22,2014-08-22,56.8234,82.1000,80.8047,81.8416
2014-08-21,AGG,stock,109.48,109.6,109.45,109.58,775600,2014-08-21,2014-08-21,57.3750,82.0859,80.7903,81.8256
2014-08-20,AGG,stock,109.54,109.54,109.355,109.39,929500,2014-08-20,2014-08-20,53.3832,82.0688,80.7756,81.8083
2014-08-19,AGG,stock,109.76,109.8,109.49,109.51,1820700,2014-08-19,2014-08-19,56.4855,82.0648,80.7623,81.7961
2014-08-18,AGG,stock,109.79,109.82,109.62,109.66,1424400,2014-08-18,2014-08-18,60.5712,82.0510,80.7478,81.7798
2014-08-15,AGG,stock,109.7,110.12,109.6,109.89,2593200,2014-08-15,2014-08-15,67.5254,82.0238,80.7322,81.7582
2014-08-14,AGG,stock,109.65,109.68,109.54,109.62,1072900,2014-08-14,2014-08-14,62.8798,81.9756,80.7146,81.7287
2014-08-13,AGG,stock,109.44,109.57,109.39,109.56,3471700,2014-08-13,2014-08-13,61.7507,81.9437,80.6989,81.7062
2014-08-12,AGG,stock,109.44,109.44,109.31,109.34,876000,2014-08-12,2014-08-12,57.3319,81.9131,80.6834,81.6847
2014-08-11,AGG,stock,109.39,109.58,109.37,109.57,1632900,2014-08-11,2014-08-11,64.5739,81.8968,80.6695,81.6690
2014-08-08,AGG,stock,109.47,109.63,109.3454,109.38,1339200,2014-08-08,2014-08-08,60.7730,81.8605,80.6537,81.6456
2014-08-07,AGG,stock,109.19,109.4,109.1,109.34,1246500,2014-08-07,2014-08-07,59.9326,81.8354,80.6392,81.6271
2014-08-06,AGG,stock,109.27,109.27,109.11,109.13,708800,2014-08-06,2014-08-06,55.2599,81.8108,80.6248,81.6091
2014-08-05,AGG,stock,109.12,109.2,108.95,109.12,1875100,2014-08-05,2014-08-05,55.0280,81.8003,80.6119,81.5968
2014-08-04,AGG,stock,109.2,109.275,109.12,109.12,1496900,2014-08-04,2014-08-04,55.0280,81.7894,80.5989,81.5842
2014-08-01,AGG,stock,108.89,109.19,108.76,109.14,1064400,2014-08-01,2014-08-01,55.5243,81.7774,80.5858,81.5712
2014-07-31,AGG,stock,108.9,109.09,108.88,108.93,1066400,2014-07-31,2014-07-31,46.3254,81.7625,80.5724,81.5570
2014-07-30,AGG,stock,109.25,109.29,109.02,109.07,1245000,2014-07-30,2014-07-30,49.5765,81.7784,80.5620,81.5548
2014-07-29,AGG,stock,109.45,109.52,109.34,109.46,2977100,2014-07-29,2014-07-29,60.5727,81.7849,80.5503,81.5482
2014-07-28,AGG,stock,109.37,109.43,109.27,109.35,673000,2014-07-28,2014-07-28,58.1411,81.7614,80.5357,81.5294
2014-07-25,AGG,stock,109.36,109.39,109.26,109.33,506200,2014-07-25,2014-07-25,57.7007,81.7440,80.5217,81.5132
2014-07-24,AGG,stock,109.32,109.32,109.12,109.12,853400,2014-07-24,2014-07-24,52.8651,81.7264,80.5078,81.4970
2014-07-23,AGG,stock,109.5,109.55,109.41,109.46,711800,2014-07-23,2014-07-23,63.8363,81.7236,80.4952,81.4865
2014-07-22,AGG,stock,109.38,109.45,109.28,109.44,724700,2014-07-22,2014-07-22,63.4217,81.6936,80.4800,81.4652
2014-07-21,AGG,stock,109.35,109.45,109.26,109.26,585700,2014-07-21,2014-07-21,59.5453,81.6620,80.4648,81.4436
2014-07-18,AGG,stock,109.28,109.33,109.18,109.22,543600,2014-07-18,2014-07-18,58.6408,81.6413,80.4508,81.4267
2014-07-17,AGG,stock,109.22,109.38,109.12,109.34,1158400,2014-07-17,2014-07-17,62.5355,81.6215,80.4370,81.4103
2014-07-16,AGG,stock,109.01,109.05,108.961,109.02,725600,2014-07-16,2014-07-16,55.1614,81.5903,80.4221,81.3895
2014-07-15,AGG,stock,108.99,109.16,108.9,108.93,660200,2014-07-15,2014-07-15,52.7316,81.5809,80.4094,81.3777
2014-07-14,AGG,stock,109.11,109.13,109,109.07,710400,2014-07-14,2014-07-14,57.2096,81.5777,80.3974,81.3682
2014-07-11,AGG,stock,109.16,109.27,109.14,109.16,606800,2014-07-11,2014-07-11,60.2646,81.5631,80.3841,81.3540
2014-07-10,AGG,stock,109.18,109.19,109.01,109.01,791500,2014-07-10,2014-07-10,56.6849,81.5399,80.3700,81.3364
2014-07-09,AGG,stock,108.88,109.04,108.78,108.96,785500,2014-07-09,2014-07-09,55.4425,81.5261,80.3569,81.3228
2014-07-08,AGG,stock,108.84,108.98,108.84,108.87,2024000,2014-07-08,2014-07-08,53.1987,81.5147,80.3441,81.3100
2014-07-07,AGG,stock,108.68,108.748,108.6207,108.65,1253300,2014-07-07,2014-07-07,47.1587,81.5093,80.3318,81.2996
2014-07-03,AGG,stock,108.55,108.66,108.4701,108.62,634500,2014-07-03,2014-07-03,46.2808,81.5206,80.3211,81.2954
2014-07-02,AGG,stock,108.94,108.94,108.69,108.69,1381400,2014-07-02,2014-07-02,48.0089,81.5355,80.3104,81.2920
2014-07-01,AGG,stock,109.11,109.1799,109.05,109.07,1038500,2014-07-01,2014-07-01,59.1401,81.5464,80.2992,81.2863
2014-06-30,AGG,stock,109.47,109.5,109.36,109.4,1046900,2014-06-30,2014-06-30,64.0063,81.5285,80.2849,81.2687
2014-06-27,AGG,stock,109.45,109.5,109.35,109.39,668200,2014-06-27,2014-06-27,63.8006,81.4981,80.2695,81.2464
2014-06-26,AGG,stock,109.25,109.41,109.25,109.39,673700,2014-06-26,2014-06-26,63.8006,81.4654,80.2541,81.2234
2014-06-25,AGG,stock,109.2,109.28,109.11,109.18,713700,2014-06-25,2014-06-25,59.6212,81.4292,80.2384,81.1995
2014-06-24,AGG,stock,108.96,109.05,108.88,109.03,740800,2014-06-24,2014-06-24,56.2727,81.4057,80.2242,81.1810
2014-06-23,AGG,stock,108.99,109.02,108.84,108.84,559700,2014-06-23,2014-06-23,51.5467,81.3915,80.2110,81.1663
2014-06-20,AGG,stock,108.73,108.94,108.73,108.94,690600,2014-06-20,2014-06-20,54.4213,81.3908,80.1991,81.1569
2014-06-19,AGG,stock,109,109.03,108.68,108.75,690000,2014-06-19,2014-06-19,49.4475,81.3822,80.1863,81.1440
2014-06-18,AGG,stock,108.73,108.91,108.64,108.91,504400,2014-06-18,2014-06-18,54.0605,81.3876,80.1748,81.1363
2014-06-17,AGG,stock,108.76,108.79,108.61,108.62,842300,2014-06-17,2014-06-17,45.5040,81.3810,80.1619,81.1235
2014-06-16,AGG,stock,108.87,108.955,108.8,108.82,1308900,2014-06-16,2014-06-16,51.6667,81.3965,80.1512,81.1190
2014-06-13,AGG,stock,108.75,108.91,108.71,108.88,1040900,2014-06-13,2014-06-13,53.6924,81.3979,80.1388,81.1082
2014-06-12,AGG,stock,108.74,108.9999,108.68,108.91,1224200,2014-06-12,2014-06-12,54.6878,81.3948,80.1258,81.0952
2014-06-11,AGG,stock,108.73,108.78,108.64,108.7,1171200,2014-06-11,2014-06-11,48.4789,81.3889,80.1125,81.0807
2014-06-10,AGG,stock,108.66,108.74,108.62,108.62,823300,2014-06-10,2014-06-10,45.8543,81.3990,80.1006,81.0720
2014-06-09,AGG,stock,108.84,108.87,108.755,108.78,1133400,2014-06-09,2014-06-09,50.6457,81.4164,80.0893,81.0654
2014-06-06,AGG,stock,109.1,109.12,108.88,108.88,839500,2014-06-06,2014-06-06,53.9152,81.4230,80.0766,81.0537
2014-06-05,AGG,stock,108.82,108.98,108.7701,108.94,643500,2014-06-05,2014-06-05,55.9267,81.4225,80.0630,81.0384
2014-06-04,AGG,stock,108.88,108.88,108.73,108.8,1445700,2014-06-04,2014-06-04,52.0506,81.4172,80.0488,81.0207
2014-06-03,AGG,stock,109.02,109.04,108.78,108.84,864600,2014-06-03,2014-06-03,53.2941,81.4224,80.0355,81.0065
2014-06-02,AGG,stock,109.29,109.36,109.09,109.13,2822900,2014-06-02,2014-06-02,63.5082,81.4249,80.0219,80.9905
2014-05-30,AGG,stock,109.52,109.67,109.45,109.46,5554700,2014-05-30,2014-05-30,68.6807,81.4049,80.0058,80.9650
2014-05-29,AGG,stock,109.74,109.83,109.54,109.57,981400,2014-05-29,2014-05-29,73.6648,81.3731,79.9887,80.9347
2014-05-28,AGG,stock,109.49,109.69,109.43,109.63,692300,2014-05-28,2014-05-28,76.4757,81.3294,79.9707,80.8999
2014-05-27,AGG,stock,109.25,109.33,109.1,109.33,762600,2014-05-27,2014-05-27,71.4107,81.2763,79.9519,80.8618
2014-05-23,AGG,stock,109.18,109.25,109.14,109.23,435500,2014-05-23,2014-05-23,69.3694,81.2412,79.9353,80.8312
2014-05-22,AGG,stock,109.14,109.18,109.0601,109.12,633900,2014-05-22,2014-05-22,66.9597,81.2103,79.9192,80.8025
2014-05-21,AGG,stock,109.15,109.18,109.0799,109.17,804400,2014-05-21,2014-05-21,69.2595,81.1847,79.9038,80.7760
2014-05-20,AGG,stock,109.16,109.31,109.155,109.21,1102200,2014-05-20,2014-05-20,71.0728,81.1525,79.8878,80.7468
2014-05-19,AGG,stock,109.34,109.39,109.15,109.16,945900,2014-05-19,2014-05-19,70.1661,81.1139,79.8714,80.7152
2014-05-16,AGG,stock,109.22,109.3499,109.17,109.2,558700,2014-05-16,2014-05-16,71.8387,81.0750,79.8552,80.6839
2014-05-15,AGG,stock,109.3,109.45,109.23,109.32,2408900,2014-05-15,2014-05-15,76.9483,81.0290,79.8386,80.6501
2014-05-14,AGG,stock,108.91,109.15,108.91,109.09,1321600,2014-05-14,2014-05-14,73.6073,80.9686,79.8209,80.6112
2014-05-13,AGG,stock,108.76,108.7975,108.724,108.78,577500,2014-05-13,2014-05-13,67.7590,80.9200,79.8047,80.5778
2014-05-12,AGG,stock,108.64,108.65,108.54,108.6,472900,2014-05-12,2014-05-12,63.3844,80.8906,79.7907,80.5524
2014-05-09,AGG,stock,108.75,108.815,108.66,108.69,812800,2014-05-09,2014-05-09,67.6458,80.8723,79.7779,80.5315
2014-05-08,AGG,stock,108.78,108.9,108.68,108.79,2023400,2014-05-08,2014-05-08,72.6879,80.8449,79.7642,80.5070
2014-05-07,AGG,stock,108.7,108.8,108.62,108.72,664900,2014-05-07,2014-05-07,71.2973,80.8068,79.7497,80.4784
2014-05-06,AGG,stock,108.69,108.73,108.62,108.72,786800,2014-05-06,2014-05-06,71.2973,80.7703,79.7356,80.4509
2014-05-05,AGG,stock,108.72,108.74,108.56,108.64,1261100,2014-05-05,2014-05-05,69.7811,80.7298,79.7214,80.4221
2014-05-02,AGG,stock,108.45,108.78,108.35,108.68,1075300,2014-05-02,2014-05-02,71.5356,80.6914,79.7076,80.3947
2014-05-01,AGG,stock,108.38,108.7,108.38,108.55,1727500,2014-05-01,2014-05-01,69.1985,80.6458,79.6933,80.3649
2014-04-30,AGG,stock,108.46,108.61,108.38,108.39,1313000,2014-04-30,2014-04-30,61.0218,80.6057,79.6799,80.3379
2014-04-29,AGG,stock,108.26,108.428,108.24,108.37,858600,2014-04-29,2014-04-29,60.4781,80.5894,79.6691,80.3206
2014-04-28,AGG,stock,108.39,108.46,108.26,108.32,523300,2014-04-28,2014-04-28,59.1555,80.5729,79.6582,80.3033
2014-04-25,AGG,stock,108.43,108.545,108.375,108.39,489700,2014-04-25,2014-04-25,61.8462,80.5587,79.6477,80.2867
2014-04-24,AGG,stock,108.22,108.37,108.18,108.37,494000,2014-04-24,2014-04-24,61.3801,80.5374,79.6365,80.2674
2014-04-23,AGG,stock,108.24,108.36,108.21,108.27,746000,2014-04-23,2014-04-23,59.0582,80.5155,79.6254,80.2479
2014-04-22,AGG,stock,108.1,108.16,108.0501,108.16,1034800,2014-04-22,2014-04-22,56.3795,80.4992,79.6148,80.2306
2014-04-21,AGG,stock,108.27,108.29,108.13,108.18,1018200,2014-04-21,2014-04-21,57.0092,80.4897,79.6051,80.2160
2014-04-17,AGG,stock,108.53,108.53,108.1,108.19,1262900,2014-04-17,2014-04-17,57.3064,80.4777,79.5950,80.2001
2014-04-16,AGG,stock,108.41,108.54,108.34,108.54,2245600,2014-04-16,2014-04-16,68.9957,80.4636,79.5848,80.1833
2014-04-15,AGG,stock,108.44,108.62,108.39,108.48,1442100,2014-04-15,2014-04-15,67.9552,80.4206,79.5719,80.1552
2014-04-14,AGG,stock,108.43,108.5,108.4,108.47,1002800,2014-04-14,2014-04-14,67.7879,80.3777,79.5592,80.1278
2014-04-11,AGG,stock,108.58,108.58,108.41,108.43,1168700,2014-04-11,2014-04-11,67.1509,80.3312,79.5466,80.0995
2014-04-10,AGG,stock,108.17,108.49,108.15,108.33,1033300,2014-04-10,2014-04-10,65.5703,80.2829,79.5341,80.0713
2014-04-09,AGG,stock,108,108.21,107.93,108.08,1167100,2014-04-09,2014-04-09,61.2410,80.2373,79.5222,80.0450
2014-04-08,AGG,stock,107.98,108.15,107.93,108.07,1435700,2014-04-08,2014-04-08,61.0592,80.2065,79.5121,80.0253
2014-04-07,AGG,stock,107.94,108.06,107.89,107.94,679500,2014-04-07,2014-04-07,58.7210,80.1733,79.5019,80.0050
2014-04-04,AGG,stock,107.66,107.85,107.65,107.78,1043600,2014-04-04,2014-04-04,55.6796,80.1468,79.4926,79.9878
2014-04-03,AGG,stock,107.46,107.54,107.39,107.44,1126700,2014-04-03,2014-04-03,48.1400,80.1301,79.4845,79.9749
2014-04-02,AGG,stock,107.35,107.49,107.33,107.36,1550700,2014-04-02,2014-04-02,46.1381,80.1382,79.4788,79.9717
2014-04-01,AGG,stock,107.66,107.67,107.54,107.54,760000,2014-04-01,2014-04-01,50.1857,80.1535,79.4736,79.9708
2014-03-31,AGG,stock,107.83,107.98,107.74,107.91,1452200,2014-03-31,2014-03-31,54.2294,80.1563,79.4670,79.9644
2014-03-28,AGG,stock,108.1,108.1,107.84,107.9,865600,2014-03-28,2014-03-28,54.0210,80.1464,79.4592,79.9528
2014-03-27,AGG,stock,107.87,108.08,107.85,108.06,1299200,2014-03-27,2014-03-27,57.9404,80.1363,79.4513,79.9409
2014-03-26,AGG,stock,107.75,107.98,107.72,107.98,593900,2014-03-26,2014-03-26,56.4742,80.1126,79.4421,79.9238
2014-03-25,AGG,stock,107.69,107.83,107.63,107.64,1377600,2014-03-25,2014-03-25,49.5313,80.0927,79.4335,79.9083
2014-03-24,AGG,stock,107.58,107.77,107.5,107.75,712800,2014-03-24,2014-03-24,52.0243,80.0972,79.4273,79.9026
2014-03-21,AGG,stock,107.52,107.65,107.46,107.59,756600,2014-03-21,2014-03-21,48.5249,80.0937,79.4202,79.8933
2014-03-20,AGG,stock,107.45,107.53,107.39,107.44,1100600,2014-03-20,2014-03-20,45.0348,80.1023,79.4143,79.8884
2014-03-19,AGG,stock,107.98,107.98,107.41,107.52,702000,2014-03-19,2014-03-19,46.5995,80.1236,79.4094,79.8880
2014-03-18,AGG,stock,107.88,108,107.85,108,568500,2014-03-18,2014-03-18,57.7858,80.1408,79.4039,79.8850
2014-03-17,AGG,stock,107.91,107.98,107.83,107.87,590800,2014-03-17,2014-03-17,55.0736,80.1223,79.3947,79.8674
2014-03-14,AGG,stock,108.13,108.169,107.93,107.93,741800,2014-03-14,2014-03-14,56.6329,80.1119,79.3864,79.8530
2014-03-13,AGG,stock,107.57,108.06,107.5501,107.98,660900,2014-03-13,2014-03-13,57.9016,80.0959,79.3776,79.8362
2014-03-12,AGG,stock,107.67,107.72,107.6,107.7,943300,2014-03-12,2014-03-12,52.3512,80.0742,79.3683,79.8172
2014-03-11,AGG,stock,107.53,107.56,107.44,107.46,2060700,2014-03-11,2014-03-11,46.7649,80.0721,79.3610,79.8059
2014-03-10,AGG,stock,107.5,107.56,107.46,107.47,877800,2014-03-10,2014-03-10,46.9780,80.0886,79.3554,79.8014
2014-03-07,AGG,stock,107.46,107.56,107.42,107.47,701700,2014-03-07,2014-03-07,46.9780,80.1061,79.3497,79.7965
2014-03-06,AGG,stock,107.76,107.83,107.69,107.77,689200,2014-03-06,2014-03-06,53.2552,80.1254,79.3440,79.7913
2014-03-05,AGG,stock,107.83,108.0199,107.81,108.01,2852300,2014-03-05,2014-03-05,59.1238,80.1232,79.3359,79.7769
2014-03-04,AGG,stock,108.25,108.25,107.92,107.95,953700,2014-03-04,2014-03-04,58.0507,80.1021,79.3260,79.7545
2014-03-03,AGG,stock,108.21,108.38,108.1501,108.35,2533900,2014-03-03,2014-03-03,69.3160,80.0834,79.3164,79.7331
2014-02-28,AGG,stock,108.24,108.32,108.12,108.27,1589500,2014-02-28,2014-02-28,64.8957,80.0314,79.3037,79.6986
2014-02-27,AGG,stock,108.25,108.37,108.23,108.33,628900,2014-02-27,2014-02-27,66.8106,79.9959,79.2930,79.6713
2014-02-26,AGG,stock,108.04,108.22,108,108.22,617000,2014-02-26,2014-02-26,65.0552,79.9519,79.2817,79.6410
2014-02-25,AGG,stock,107.85,108.02,107.85,107.99,542100,2014-02-25,2014-02-25,61.0561,79.9118,79.2712,79.6127
2014-02-24,AGG,stock,107.8,107.8,107.68,107.7,838500,2014-02-24,2014-02-24,55.0307,79.8856,79.2622,79.5903
2014-02-21,AGG,stock,107.62,107.8,107.607,107.8,395300,2014-02-21,2014-02-21,57.8991,79.8792,79.2554,79.5758
2014-02-20,AGG,stock,107.71,107.7599,107.57,107.7,894000,2014-02-20,2014-02-20,55.7578,79.8643,79.2477,79.5577
2014-02-19,AGG,stock,107.97,108.06,107.73,107.76,902600,2014-02-19,2014-02-19,57.3838,79.8557,79.2407,79.5418
2014-02-18,AGG,stock,107.76,107.9436,107.74,107.84,940900,2014-02-18,2014-02-18,59.5334,79.8415,79.2331,79.5235
2014-02-14,AGG,stock,107.75,107.78,107.66,107.77,708800,2014-02-14,2014-02-14,58.2631,79.8196,79.2249,79.5020
2014-02-13,AGG,stock,107.75,107.82,107.69,107.77,777400,2014-02-13,2014-02-13,58.2631,79.8008,79.2171,79.4818
2014-02-12,AGG,stock,107.58,107.61,107.45,107.54,714100,2014-02-12,2014-02-12,54.1889,79.7800,79.2093,79.4607
2014-02-11,AGG,stock,107.7,107.78,107.63,107.72,1493200,2014-02-11,2014-02-11,58.3265,79.7750,79.2031,79.4457
2014-02-10,AGG,stock,107.86,107.97,107.81,107.93,1097200,2014-02-10,2014-02-10,63.5863,79.7555,79.1955,79.4247
2014-02-07,AGG,stock,107.68,107.9,107.65,107.82,611700,2014-02-07,2014-02-07,61.9158,79.7174,79.1862,79.3964
2014-02-06,AGG,stock,107.62,107.67,107.55,107.65,1127700,2014-02-06,2014-02-06,59.2320,79.6840,79.1777,79.3704
2014-02-05,AGG,stock,107.88,107.92,107.69,107.7,1162000,2014-02-05,2014-02-05,60.3944,79.6603,79.1703,79.3484
2014-02-04,AGG,stock,107.96,108.075,107.88,107.97,2289000,2014-02-04,2014-02-04,66.9858,79.6302,79.1625,79.3240
2014-02-03,AGG,stock,107.78,108.23,107.71,108.23,1976100,2014-02-03,2014-02-03,74.2300,79.5758,79.1526,79.2904
2014-01-31,AGG,stock,108,108.07,107.91,108.07,3195200,2014-01-31,2014-01-31,70.0008,79.4954,79.1407,79.2476
2014-01-30,AGG,stock,107.76,107.88,107.71,107.87,3074400,2014-01-30,2014-01-30,67.2733,79.4351,79.1314,79.2141
2014-01-29,AGG,stock,107.68,107.92,107.68,107.85,1116200,2014-01-29,2014-01-29,66.9947,79.3840,79.1234,79.1852
2014-01-28,AGG,stock,107.46,107.56,107.39,107.53,1306400,2014-01-28,2014-01-28,62.2149,79.3291,79.1156,79.1558
2014-01-27,AGG,stock,107.53,107.64,107.34,107.35,1335000,2014-01-27,2014-01-27,59.1228,79.2934,79.1100,79.1349
2014-01-24,AGG,stock,107.48,107.65,107.4601,107.58,783200,2014-01-24,2014-01-24,65.4806,79.2679,79.1058,79.1186
2014-01-23,AGG,stock,107.27,107.52,107.26,107.35,1901200,2014-01-23,2014-01-23,61.6514,79.2219,79.0997,79.0946
2014-01-22,AGG,stock,107.11,107.24,107.0241,107.07,892900,2014-01-22,2014-01-22,56.1529,79.1889,79.0953,79.0766
2014-01-21,AGG,stock,107.21,107.34,107.17,107.3,1777100,2014-01-21,2014-01-21,63.0481,79.1743,79.0930,79.0664
2014-01-17,AGG,stock,107.18,107.3,107.1,107.25,588700,2014-01-17,2014-01-17,62.1089,79.1402,79.0889,79.0488
2014-01-16,AGG,stock,107.13,107.21,107.07,107.2,3113700,2014-01-16,2014-01-16,61.1930,79.1064,79.0852,79.0319
2014-01-15,AGG,stock,106.88,106.979,106.82,106.95,1664800,2014-01-15,2014-01-15,56.2871,79.0730,79.0818,79.0159
2014-01-14,AGG,stock,107.18,107.25,106.98,107.04,987500,2014-01-14,2014-01-14,58.7707,79.0555,79.0802,79.0068
2014-01-13,AGG,stock,107.15,107.31,107.14,107.2,1139500,2014-01-13,2014-01-13,63.3879,79.0292,79.0780,78.9946
2014-01-10,AGG,stock,106.92,107.1,106.84,107.1,1484400,2014-01-10,2014-01-10,61.6389,78.9876,79.0745,78.9771
2014-01-09,AGG,stock,106.56,106.58,106.42,106.56,829400,2014-01-09,2014-01-09,49.5550,78.9495,79.0717,78.9619
2014-01-08,AGG,stock,106.57,106.62,106.4,106.41,1090800,2014-01-08,2014-01-08,45.0939,78.9494,79.0729,78.9624
2014-01-07,AGG,stock,106.74,106.78,106.67,106.73,1255700,2014-01-07,2014-01-07,54.6717,78.9611,79.0753,78.9674
2014-01-06,AGG,stock,106.53,106.68,106.53,106.68,4413900,2014-01-06,2014-01-06,53.2304,78.9490,79.0753,78.9630
2014-01-03,AGG,stock,106.45,106.63,106.39,106.54,2293500,2014-01-03,2014-01-03,49.0155,78.9396,79.0756,78.9599
2014-01-02,AGG,stock,106.45,106.57,106.4301,106.5,1346600,2014-01-02,2014-01-02,47.7666,78.9401,79.0771,78.9609
2013-12-31,AGG,stock,106.48,106.58,106.37,106.43,3280300,2013-12-31,2013-12-31,45.6013,78.9437,79.0788,78.9632
2013-12-30,AGG,stock,106.51,106.59,106.44,106.53,1226500,2013-12-30,2013-12-30,48.2549,78.9532,79.0810,78.9677
2013-12-27,AGG,stock,106.38,106.46,106.29,106.43,1320400,2013-12-27,2013-12-27,45.2992,78.9559,79.0826,78.9693
2013-12-26,AGG,stock,106.35,106.42,105.35,106.39,750800,2013-12-26,2013-12-26,44.1134,78.9667,79.0849,78.9740
2013-12-24,AGG,stock,106.72,106.76,106.63,106.66,688500,2013-12-24,2013-12-24,45.4783,78.9817,79.0875,78.9802
2013-12-23,AGG,stock,106.86,106.97,106.77,106.81,1926700,2013-12-23,2013-12-23,49.0128,78.9936,79.0897,78.9847
2013-12-20,AGG,stock,106.86,106.93,106.69,106.86,1378300,2013-12-20,2013-12-20,50.2210,78.9952,79.0908,78.9850
2013-12-19,AGG,stock,106.58,106.75,106.47,106.68,2011400,2013-12-19,2013-12-19,45.7510,78.9930,79.0916,78.9837
2013-12-18,AGG,stock,106.8,107.099,106.5,106.86,1446100,2013-12-18,2013-12-18,49.9128,79.0046,79.0937,78.9878
2013-12-17,AGG,stock,106.77,106.96,106.73,106.91,1381500,2013-12-17,2013-12-17,51.1121,79.0034,79.0945,78.9867
2013-12-16,AGG,stock,106.92,106.92,106.67,106.73,804900,2013-12-16,2013-12-16,46.8424,78.9982,79.0949,78.9840
2013-12-13,AGG,stock,106.85,106.85,106.62,106.65,3461600,2013-12-13,2013-12-13,44.8548,79.0064,79.0966,78.9866
2013-12-12,AGG,stock,106.72,106.72,106.57,106.6,2260000,2013-12-12,2013-12-12,43.6316,79.0217,79.0990,78.9917
2013-12-11,AGG,stock,106.93,106.95,106.755,106.76,4010300,2013-12-11,2013-12-11,46.7103,79.0426,79.1018,78.9986
2013-12-10,AGG,stock,107.05,107.07,106.8901,106.93,2986900,2013-12-10,2013-12-10,50.2055,79.0532,79.1034,79.0009
2013-12-09,AGG,stock,106.7,106.8099,106.66,106.76,1379500,2013-12-09,2013-12-09,46.4874,79.0516,79.1037,78.9982
2013-12-06,AGG,stock,106.53,106.71,106.48,106.63,2883600,2013-12-06,2013-12-06,43.4912,79.0632,79.1054,79.0005
2013-12-05,AGG,stock,106.62,106.6999,106.45,106.45,1882800,2013-12-05,2013-12-05,39.1077,79.0860,79.1080,79.0068
2013-12-04,AGG,stock,106.61,106.77,106.59,106.68,1205300,2013-12-04,2013-12-04,43.0720,79.1253,79.1119,79.0188
2013-12-03,AGG,stock,106.97,107.0199,106.9,106.96,1478600,2013-12-03,2013-12-03,48.6465,79.1508,79.1142,79.0243
2013-12-02,AGG,stock,107.1,107.12,106.83,106.83,1518700,2013-12-02,2013-12-02,45.6118,79.1573,79.1145,79.0216
2013-11-29,AGG,stock,107.3,107.49,107.21,107.44,956500,2013-11-29,2013-11-29,55.0631,79.1745,79.1157,79.0228
2013-11-27,AGG,stock,107.44,107.48,107.21,107.4,932800,2013-11-27,2013-11-27,54.1979,79.1618,79.1139,79.0117
2013-11-26,AGG,stock,107.34,107.52,107.3301,107.35,1625600,2013-11-26,2013-11-26,53.1508,79.1510,79.1124,79.0013
2013-11-25,AGG,stock,107.25,107.3899,107.23,107.32,692300,2013-11-25,2013-11-25,52.5464,79.1428,79.1112,78.9921
2013-11-22,AGG,stock,107.13,107.27,107.12,107.24,919400,2013-11-22,2013-11-22,50.9805,79.1362,79.1103,78.9834
2013-11-21,AGG,stock,106.92,107.11,106.8,107.09,1362900,2013-11-21,2013-11-21,47.9926,79.1351,79.1099,78.9767
2013-11-20,AGG,stock,107.34,107.4648,106.94,106.98,984800,2013-11-20,2013-11-20,45.7404,79.1455,79.1106,78.9743
2013-11-19,AGG,stock,107.48,107.5,107.26,107.28,1703100,2013-11-19,2013-11-19,51.3745,79.1655,79.1122,78.9750
2013-11-18,AGG,stock,107.43,107.57,107.42,107.57,856100,2013-11-18,2013-11-18,57.7609,79.1644,79.1116,78.9668
2013-11-15,AGG,stock,107.37,107.39,107.28,107.36,1853400,2013-11-15,2013-11-15,53.9082,79.1406,79.1088,78.9495
2013-11-14,AGG,stock,107.12,107.33,107.1,107.33,1437800,2013-11-14,2013-11-14,53.3437,79.1306,79.1075,78.9379
2013-11-13,AGG,stock,106.94,107.04,106.874,107,673300,2013-11-13,2013-11-13,46.6723,79.1219,79.1064,78.9266
2013-11-12,AGG,stock,106.71,106.79,106.67,106.72,1130600,2013-11-12,2013-11-12,39.9018,79.1379,79.1078,78.9249
2013-11-11,AGG,stock,106.82,106.83,106.678,106.76,1281400,2013-11-11,2013-11-11,40.5853,79.1774,79.1113,78.9315
2013-11-08,AGG,stock,106.89,106.94,106.76,106.82,796600,2013-11-08,2013-11-08,41.5774,79.2179,79.1145,78.9371
2013-11-07,AGG,stock,107.5,107.59,107.4301,107.49,804300,2013-11-07,2013-11-07,55.6929,79.2580,79.1173,78.9412
2013-11-06,AGG,stock,107.39,107.46,107.35,107.41,557300,2013-11-06,2013-11-06,53.9599,79.2503,79.1151,78.9253
2013-11-05,AGG,stock,107.4,107.43,107.22,107.24,873100,2013-11-05,2013-11-05,50.1093,79.2480,79.1135,78.9111
2013-11-04,AGG,stock,107.55,107.6,107.48,107.56,421700,2013-11-04,2013-11-04,58.6888,79.2586,79.1132,78.9015
2013-11-01,AGG,stock,107.64,107.65,107.41,107.45,1262300,2013-11-01,2013-11-01,56.3006,79.2455,79.1105,78.8818
2013-10-31,AGG,stock,108.11,108.12,107.8,107.899,1793600,2013-10-31,2013-10-31,64.4226,79.2396,79.1086,78.8647
2013-10-30,AGG,stock,108.11,108.21,107.82,107.89,492100,2013-10-30,2013-10-30,64.2561,79.2129,79.1047,78.8391
2013-10-29,AGG,stock,107.92,108.09,107.87,108.09,521400,2013-10-29,2013-10-29,71.1252,79.1842,79.1009,78.8127
2013-10-28,AGG,stock,108,108.09,107.94,107.96,936200,2013-10-28,2013-10-28,69.1336,79.1369,79.0955,78.7792
2013-10-25,AGG,stock,108.01,108.1,107.9635,108.01,484300,2013-10-25,2013-10-25,70.8796,79.0948,79.0911,78.7482
2013-10-24,AGG,stock,108.14,108.14,107.94,107.97,532800,2013-10-24,2013-10-24,70.3229,79.0443,79.0862,78.7145
2013-10-23,AGG,stock,108.07,108.16,108,108.01,694300,2013-10-23,2013-10-23,71.5940,78.9916,79.0816,78.6806
2013-10-22,AGG,stock,107.98,108.07,107.92,108.04,1572300,2013-10-22,2013-10-22,72.5067,78.9302,79.0766,78.6441
2013-10-21,AGG,stock,107.71,107.73,107.58,107.66,734700,2013-10-21,2013-10-21,67.6569,78.8601,79.0714,78.6053
2013-10-18,AGG,stock,107.75,107.82,107.68,107.76,632400,2013-10-18,2013-10-18,70.7046,78.8121,79.0690,78.5762
2013-10-17,AGG,stock,107.5,107.68,107.44,107.58,1027300,2013-10-17,2013-10-17,68.3193,78.7512,79.0657,78.5430
2013-10-16,AGG,stock,106.78,107.28,106.74,107.28,774700,2013-10-16,2013-10-16,63.7516,78.6979,79.0638,78.5139
2013-10-15,AGG,stock,107.06,107.09,106.79,106.82,946900,2013-10-15,2013-10-15,54.3881,78.6623,79.0641,78.4925
2013-10-14,AGG,stock,107.1,107.12,106.85,106.87,412900,2013-10-14,2013-10-14,55.8441,78.6586,79.0678,78.4842
2013-10-11,AGG,stock,107.22,107.27,107.041,107.07,1032200,2013-10-11,2013-10-11,62.0098,78.6506,79.0711,78.4739
2013-10-10,AGG,stock,106.84,107.08,106.75,107.03,2191900,2013-10-10,2013-10-10,61.2145,78.6263,79.0730,78.4573
2013-10-09,AGG,stock,107.1,107.1,106.8804,106.91,771500,2013-10-09,2013-10-09,58.8126,78.6025,79.0752,78.4412
2013-10-08,AGG,stock,107.07,107.15,106.97,106.99,407000,2013-10-08,2013-10-08,61.1571,78.5855,79.0784,78.4280
2013-10-07,AGG,stock,107.23,107.25,107.02,107.04,559600,2013-10-07,2013-10-07,62.6055,78.5605,79.0809,78.4119
2013-10-04,AGG,stock,107.06,107.1,106.96,107.06,558700,2013-10-04,2013-10-04,63.1611,78.5290,79.0832,78.3936
2013-10-03,AGG,stock,106.96,107.22,106.96,107.15,905000,2013-10-03,2013-10-03,65.5936,78.4927,79.0853,78.3740
2013-10-02,AGG,stock,107.09,107.19,106.99,107.07,576900,2013-10-02,2013-10-02,64.4640,78.4455,79.0867,78.3509
2013-10-01,AGG,stock,107.08,107.1,106.86,106.93,2278900,2013-10-01,2013-10-01,62.4613,78.3996,79.0888,78.3292
2013-09-30,AGG,stock,107.29,107.33,107.15,107.2,1439500,2013-09-30,2013-09-30,64.3643,78.3597,79.0919,78.3108
2013-09-27,AGG,stock,107.2,107.36,107.17,107.29,427900,2013-09-27,2013-09-27,66.5012,78.3094,79.0944,78.2894
2013-09-26,AGG,stock,107.2,107.23,107.1,107.23,588100,2013-09-26,2013-09-26,65.7983,78.2469,79.0964,78.2643
2013-09-25,AGG,stock,107.08,107.32,107.0639,107.25,647700,2013-09-25,2013-09-25,66.2284,78.1825,79.0988,78.2400
2013-09-24,AGG,stock,106.99,107.16,106.94,107.1,718200,2013-09-24,2013-09-24,64.6175,78.1097,79.1010,78.2142
2013-09-23,AGG,stock,106.8,106.92,106.72,106.85,855800,2013-09-23,2013-09-23,61.7973,78.0409,79.1044,78.1918
2013-09-20,AGG,stock,106.84,106.87,106.69,106.77,482800,2013-09-20,2013-09-20,60.8706,77.9843,79.1097,78.1759
2013-09-19,AGG,stock,106.86,106.94,106.7,106.77,661800,2013-09-19,2013-09-19,60.8706,77.9278,79.1156,78.1619
2013-09-18,AGG,stock,105.93,106.9899,105.8001,106.9,1113400,2013-09-18,2013-09-18,63.0123,77.8654,79.1216,78.1472
2013-09-17,AGG,stock,106,106.06,105.9015,106.01,865400,2013-09-17,2013-09-17,52.3551,77.7863,79.1267,78.1281
2013-09-16,AGG,stock,106.28,106.28,105.8601,105.91,866200,2013-09-16,2013-09-16,50.8785,77.7679,79.1384,78.1349
2013-09-13,AGG,stock,105.64,105.76,105.6101,105.69,655300,2013-09-13,2013-09-13,47.5581,77.7552,79.1509,78.1449
2013-09-12,AGG,stock,105.8,105.83,105.54,105.54,846400,2013-09-12,2013-09-12,45.2135,77.7582,79.1653,78.1620
2013-09-11,AGG,stock,105.44,105.66,105.39,105.66,2315600,2013-09-11,2013-09-11,46.7667,77.7732,79.1808,78.1843
2013-09-10,AGG,stock,105.34,105.48,105.245,105.3,628400,2013-09-10,2013-09-10,41.1333,77.7804,79.1957,78.2039
2013-09-09,AGG,stock,105.6,105.61,105.4108,105.49,897200,2013-09-09,2013-09-09,43.3833,77.8163,79.2133,78.2351
2013-09-06,AGG,stock,105.33,105.48,105.23,105.28,639500,2013-09-06,2013-09-06,40.0158,77.8412,79.2297,78.2618
2013-09-05,AGG,stock,105.34,105.34,104.88,104.89,1058500,2013-09-05,2013-09-05,33.1601,77.8851,79.2479,78.2960
2013-09-04,AGG,stock,105.85,105.85,105.54,105.6,546100,2013-09-04,2013-09-04,41.1012,77.9637,79.2691,78.3433
2013-09-03,AGG,stock,105.63,105.96,105.53,105.75,1345200,2013-09-03,2013-09-03,43.1273,77.9956,79.2852,78.3711
2013-08-30,AGG,stock,106.4,106.52,106.21,106.21,1670400,2013-08-30,2013-08-30,46.8650,78.0193,79.3005,78.3957
2013-08-29,AGG,stock,106.08,106.429,106,106.38,476200,2013-08-29,2013-08-29,49.4487,78.0253,79.3139,78.4133
2013-08-28,AGG,stock,106.32,106.32,106.13,106.17,648500,2013-08-28,2013-08-28,46.0362,78.0187,79.3262,78.4266
2013-08-27,AGG,stock,106.31,106.45,106.1565,106.366,676400,2013-08-27,2013-08-27,48.8969,78.0277,79.3402,78.4467
2013-08-26,AGG,stock,106.11,106.11,106,106.09,922400,2013-08-26,2013-08-26,44.3773,78.0225,79.3529,78.4618
2013-08-23,AGG,stock,105.54,105.93,105.45,105.9,653100,2013-08-23,2013-08-23,41.0443,78.0381,79.3678,78.4858
2013-08-22,AGG,stock,105.52,105.6,105.33,105.55,821600,2013-08-22,2013-08-22,34.3113,78.0699,79.3842,78.5164
2013-08-21,AGG,stock,105.71,105.85,105.42,105.42,656300,2013-08-21,2013-08-21,31.6178,78.1322,79.4033,78.5588
2013-08-20,AGG,stock,105.75,105.84,105.7,105.81,984600,2013-08-20,2013-08-20,35.6951,78.2111,79.4237,78.6068
2013-08-19,AGG,stock,105.79,105.79,105.47,105.5,734000,2013-08-19,2013-08-19,28.9306,78.2682,79.4413,78.6451
2013-08-16,AGG,stock,106.21,106.21,105.73,105.83,777300,2013-08-16,2013-08-16,32.2880,78.3552,79.4614,78.6942
2013-08-15,AGG,stock,106.23,106.3399,106.061,106.13,765600,2013-08-15,2013-08-15,35.7945,78.4258,79.4792,78.7354
2013-08-14,AGG,stock,106.55,106.65,106.5,106.51,756200,2013-08-14,2013-08-14,41.0364,78.4808,79.4951,78.7694
2013-08-13,AGG,stock,106.68,106.75,106.52,106.65,525100,2013-08-13,2013-08-13,43.2006,78.5121,79.5083,78.7933
2013-08-12,AGG,stock,107.27,107.27,107,107.08,713400,2013-08-12,2013-08-12,50.8494,78.5359,79.5206,78.8140
2013-08-09,AGG,stock,107.06,107.19,106.974,107.15,389800,2013-08-09,2013-08-09,52.2477,78.5290,79.5298,78.8227
2013-08-08,AGG,stock,107.1,107.21,107.02,107.08,848700,2013-08-08,2013-08-08,50.9964,78.5160,79.5386,78.8296
2013-08-07,AGG,stock,106.92,107.03,106.87,106.93,460600,2013-08-07,2013-08-07,48.3007,78.5070,79.5480,78.8390
2013-08-06,AGG,stock,106.85,106.9,106.75,106.79,595700,2013-08-06,2013-08-06,45.7126,78.5087,79.5586,78.8531
2013-08-05,AGG,stock,106.93,106.95,106.7435,106.9,1166600,2013-08-05,2013-08-05,47.4455,78.5213,79.5704,78.8721
2013-08-02,AGG,stock,106.8,106.96,106.71,106.85,841800,2013-08-02,2013-08-02,46.5909,78.5268,79.5815,78.8886
2013-08-01,AGG,stock,106.84,106.85,106.4,106.49,1162600,2013-08-01,2013-08-01,40.0763,78.5367,79.5930,78.9072
2013-07-31,AGG,stock,106.81,107.32,106.77,107.3,1361900,2013-07-31,2013-07-31,49.4843,78.5755,79.6073,78.9373
2013-07-30,AGG,stock,107.26,107.34,107.1,107.22,662400,2013-07-30,2013-07-30,47.9861,78.5717,79.6173,78.9506
2013-07-29,AGG,stock,107.26,107.27,107.13,107.26,459600,2013-07-29,2013-07-29,48.6561,78.5736,79.6280,78.9668
2013-07-26,AGG,stock,107.35,107.37,107.22,107.26,771600,2013-07-26,2013-07-26,48.6561,78.5727,79.6385,78.9825
2013-07-25,AGG,stock,107.02,107.3,106.95,107.29,917100,2013-07-25,2013-07-25,49.0994,78.5717,79.6492,78.9988
2013-07-24,AGG,stock,107.24,107.3299,107.033,107.25,956800,2013-07-24,2013-07-24,48.5187,78.5682,79.6597,79.0149
2013-07-23,AGG,stock,107.51,107.62,107.43,107.6,502200,2013-07-23,2013-07-23,53.4758,78.5675,79.6706,79.0329
2013-07-22,AGG,stock,107.53,107.69,107.52,107.66,684100,2013-07-22,2013-07-22,54.3599,78.5396,79.6790,79.0411
2013-07-19,AGG,stock,107.39,107.55,107.29,107.52,563200,2013-07-19,2013-07-19,52.6643,78.5043,79.6871,79.0478
2013-07-18,AGG,stock,107.37,107.44,107.18,107.24,576900,2013-07-18,2013-07-18,49.1563,78.4760,79.6962,79.0591
2013-07-17,AGG,stock,107.44,107.55,107.3,107.44,693500,2013-07-17,2013-07-17,51.6975,78.4663,79.7076,79.0791
2013-07-16,AGG,stock,107.14,107.2199,107.068,107.21,585900,2013-07-16,2013-07-16,48.8752,78.4402,79.7176,79.0940
2013-07-15,AGG,stock,106.92,107.04,106.83,107.04,757500,2013-07-15,2013-07-15,46.7394,78.4291,79.7293,79.1164
2013-07-12,AGG,stock,107.14,107.14,106.68,106.81,616300,2013-07-12,2013-07-12,43.7892,78.4299,79.7425,79.1447
2013-07-11,AGG,stock,106.77,106.94,106.62,106.93,1044200,2013-07-11,2013-07-11,44.9967,78.4485,79.7575,79.1811
2013-07-10,AGG,stock,106.59,106.59,106.22,106.22,717100,2013-07-10,2013-07-10,35.1758,78.4598,79.7717,79.2154
2013-07-09,AGG,stock,106.57,106.575,106.43,106.5,1726000,2013-07-09,2013-07-09,37.6367,78.5271,79.7913,79.2724
2013-07-08,AGG,stock,106.11,106.44,106.11,106.39,641800,2013-07-08,2013-07-08,36.0034,78.5799,79.8090,79.3232
2013-07-05,AGG,stock,106.17,106.2655,105.82,105.84,1476400,2013-07-05,2013-07-05,27.1446,78.6467,79.8278,79.3795
2013-07-03,AGG,stock,107.21,107.28,107.01,107.01,442600,2013-07-03,2013-07-03,37.3603,78.7630,79.8507,79.4545
2013-07-02,AGG,stock,107.24,107.3074,107.13,107.16,636900,2013-07-02,2013-07-02,39.1126,78.8012,79.8653,79.4975
2013-07-01,AGG,stock,106.92,107.21,106.92,107.16,950300,2013-07-01,2013-07-01,39.1126,78.8320,79.8790,79.5379
2013-06-28,AGG,stock,106.93,107.35,106.85,107.21,2674000,2013-06-28,2013-06-28,36.5944,78.8659,79.8927,79.5799
2013-06-27,AGG,stock,106.98,107.2,106.9001,107.2,1333700,2013-06-27,2013-06-27,36.4290,78.9148,79.9077,79.6280
2013-06-26,AGG,stock,106.72,106.8799,106.548,106.75,995800,2013-06-26,2013-06-26,28.6501,78.9697,79.9229,79.6783
2013-06-25,AGG,stock,106.47,106.6,106.2098,106.3,1687400,2013-06-25,2013-06-25,19.5037,79.0649,79.9416,79.7442
2013-06-24,AGG,stock,106.01,106.5955,105.82,106.18,2270900,2013-06-24,2013-06-24,16.8648,79.2048,79.9638,79.8261
2013-06-21,AGG,stock,107.11,107.31,106.53,106.61,1979500,2013-06-21,2013-06-21,18.9297,79.3686,79.9870,79.9150
2013-06-20,AGG,stock,107.33,107.53,107.12,107.21,3057100,2013-06-20,2013-06-20,22.4989,79.5166,80.0074,79.9947
2013-06-19,AGG,stock,108.82,108.82,107.8,107.93,975800,2013-06-19,2013-06-19,28.4832,79.6340,80.0235,80.0598
2013-06-18,AGG,stock,108.63,108.73,108.52,108.66,1067500,2013-06-18,2013-06-18,37.9986,79.7084,80.0345,80.1060
2013-06-17,AGG,stock,108.85,108.94,108.684,108.7,1694700,2013-06-17,2013-06-17,38.6556,79.7343,80.0403,80.1323
2013-06-14,AGG,stock,108.82,109,108.78,108.78,1219800,2013-06-14,2013-06-14,39.9381,79.7599,80.0458,80.1584
2013-06-13,AGG,stock,108.24,108.75,108.24,108.75,999000,2013-06-13,2013-06-13,39.2361,79.7821,80.0508,80.1833
2013-06-12,AGG,stock,108.33,108.5,108.2,108.22,1469500,2013-06-12,2013-06-12,24.8212,79.8089,80.0561,80.2101
2013-06-11,AGG,stock,108.19,108.45,108,108.4,1118700,2013-06-11,2013-06-11,26.8283,79.8793,80.0653,80.2537
2013-06-10,AGG,stock,108.35,108.512,108.33,108.39,1173300,2013-06-10,2013-06-10,26.5218,79.9432,80.0733,80.2938
2013-06-07,AGG,stock,108.67,108.91,108.54,108.61,1337400,2013-06-07,2013-06-07,29.0038,80.0147,80.0814,80.3358
2013-06-06,AGG,stock,108.66,109.09,108.6149,108.95,1142500,2013-06-06,2013-06-06,33.5032,80.0768,80.0880,80.3730
2013-06-05,AGG,stock,108.85,108.9,108.67,108.67,1160600,2013-06-05,2013-06-05,24.5529,80.1192,80.0921,80.4015
2013-06-04,AGG,stock,108.83,108.89,108.68,108.73,980500,2013-06-04,2013-06-04,25.2286,80.1876,80.0984,80.4396
2013-06-03,AGG,stock,108.79,109.08,108.73,108.97,2110400,2013-06-03,2013-06-03,28.1009,80.2586,80.1043,80.4774
2013-05-31,AGG,stock,109.4,109.47,108.88,109.11,1616800,2013-05-31,2013-05-31,26.3118,80.3187,80.1085,80.5096
2013-05-30,AGG,stock,109.36,109.48,109.29,109.32,1301000,2013-05-30,2013-05-30,28.8468,80.3892,80.1131,80.5448
2013-05-29,AGG,stock,109.26,109.38,109.18,109.35,1369400,2013-05-29,2013-05-29,29.2202,80.4511,80.1162,80.5751
2013-05-28,AGG,stock,109.77,109.78,109.17,109.2,1082800,2013-05-28,2013-05-28,24.6940,80.5172,80.1192,80.6058
2013-05-24,AGG,stock,109.94,110.049,109.83,109.88,640100,2013-05-24,2013-05-24,33.7899,80.6018,80.1232,80.6422
2013-05-23,AGG,stock,110.03,110.05,109.8,109.88,1107200,2013-05-23,2013-05-23,33.7899,80.6430,80.1224,80.6599
2013-05-22,AGG,stock,110.36,110.48,109.83,109.92,1134400,2013-05-22,2013-05-22,34.4332,80.6885,80.1215,80.6782
2013-05-21,AGG,stock,110.13,110.32,110.075,110.29,992300,2013-05-21,2013-05-21,41.1647,80.7358,80.1203,80.6961
2013-05-20,AGG,stock,110.32,110.38,110.1102,110.2,1710100,2013-05-20,2013-05-20,38.4468,80.7596,80.1164,80.7037
2013-05-17,AGG,stock,110.5,110.51,110.25,110.31,621800,2013-05-17,2013-05-17,40.5740,80.7929,80.1131,80.7144
2013-05-16,AGG,stock,110.36,110.58,110.36,110.58,1965700,2013-05-16,2013-05-16,46.4291,80.8211,80.1090,80.7221
2013-05-15,AGG,stock,110.27,110.32,110.1,110.28,926800,2013-05-15,2013-05-15,37.0578,80.8317,80.1028,80.7222
2013-05-14,AGG,stock,110.38,110.45,110.12,110.12,994500,2013-05-14,2013-05-14,31.0877,80.8663,80.0988,80.7311
2013-05-13,AGG,stock,110.35,110.39,110.29,110.38,563400,2013-05-13,2013-05-13,36.2802,80.9170,80.0959,80.7452
2013-05-10,AGG,stock,110.69,110.74,110.3501,110.48,423100,2013-05-10,2013-05-10,38.5817,80.9529,80.0911,80.7522
2013-05-09,AGG,stock,110.85,110.95,110.7,110.7,537900,2013-05-09,2013-05-09,44.3261,80.9850,80.0855,80.7564
2013-05-08,AGG,stock,110.83,110.9,110.7601,110.85,1032600,2013-05-08,2013-05-08,48.9393,81.0036,80.0782,80.7543
2013-05-07,AGG,stock,110.79,110.85,110.75,110.75,931600,2013-05-07,2013-05-07,45.4231,81.0126,80.0698,80.7476
2013-05-06,AGG,stock,110.94,111,110.81,110.81,686300,2013-05-06,2013-05-06,47.2354,81.0302,80.0620,80.7436
2013-05-03,AGG,stock,111.2,111.2,110.94,110.99,580000,2013-05-03,2013-05-03,53.1417,81.0450,80.0537,80.7377
2013-05-02,AGG,stock,111.37,111.48,111.36,111.4,875500,2013-05-02,2013-05-02,72.2496,81.0476,80.0440,80.7261
2013-05-01,AGG,stock,111.48,111.5,111.36,111.39,1741300,2013-05-01,2013-05-01,72.0218,81.0189,80.0311,80.7019
2013-04-30,AGG,stock,111.59,111.68,111.48,111.54,1853100,2013-04-30,2013-04-30,70.8792,80.9880,80.0183,80.6770
2013-04-29,AGG,stock,111.49,111.57,111.47,111.56,869400,2013-04-29,2013-04-29,71.9374,80.9578,80.0056,80.6526
2013-04-26,AGG,stock,111.37,111.53,111.35,111.49,678500,2013-04-26,2013-04-26,70.5063,80.9229,79.9927,80.6266
2013-04-25,AGG,stock,111.28,111.3,111.21,111.26,848700,2013-04-25,2013-04-25,65.0717,80.8897,79.9802,80.6016
2013-04-24,AGG,stock,111.28,111.38,111.26,111.31,743900,2013-04-24,2013-04-24,67.5856,80.8706,79.9692,80.5824
2013-04-23,AGG,stock,111.45,111.51,111.29,111.33,747900,2013-04-23,2013-04-23,68.5695,80.8457,79.9578,80.5610
2013-04-22,AGG,stock,111.27,111.39,111.2528,111.38,1113800,2013-04-22,2013-04-22,70.9679,80.8166,79.9461,80.5381
2013-04-19,AGG,stock,111.25,111.28,111.2,111.24,373600,2013-04-19,2013-04-19,68.0636,80.7807,79.9339,80.5128
2013-04-18,AGG,stock,111.29,111.35,111.21,111.23,1153800,2013-04-18,2013-04-18,67.8503,80.7517,79.9226,80.4906
2013-04-17,AGG,stock,111.2,111.44,111.2,111.25,1078500,2013-04-17,2013-04-17,68.7025,80.7204,79.9113,80.4678
2013-04-16,AGG,stock,111.22,111.28,111.16,111.25,593000,2013-04-16,2013-04-16,68.7025,80.6842,79.8997,80.4435
2013-04-15,AGG,stock,111.16,111.29,111.13,111.25,1521700,2013-04-15,2013-04-15,68.7025,80.6443,79.8880,80.4182
2013-04-12,AGG,stock,111.02,111.21,110.97,111.2,873700,2013-04-12,2013-04-12,67.8953,80.6001,79.8762,80.3919
2013-04-11,AGG,stock,110.84,110.91,110.82,110.84,1037400,2013-04-11,2013-04-11,61.2062,80.5552,79.8647,80.3659
2013-04-10,AGG,stock,110.9,110.91,110.77,110.82,1281600,2013-04-10,2013-04-10,60.7846,80.5331,79.8556,80.3496
2013-04-09,AGG,stock,111.1,111.13,110.9516,111.05,1286600,2013-04-09,2013-04-09,68.7629,80.5103,79.8466,80.3333
2013-04-08,AGG,stock,111.15,111.23,111.01,111.01,1027000,2013-04-08,2013-04-08,68.0864,80.4674,79.8359,80.3094
2013-04-05,AGG,stock,111.17,111.26,111.11,111.2,1013800,2013-04-05,2013-04-05,75.2765,80.4230,79.8253,80.2858
2013-04-04,AGG,stock,110.72,110.88,110.71,110.88,1263800,2013-04-04,2013-04-04,70.3856,80.3594,79.8132,80.2555
2013-04-03,AGG,stock,110.54,110.69,110.49,110.57,1260300,2013-04-03,2013-04-03,63.9749,80.3137,79.8033,80.2335
2013-04-02,AGG,stock,110.51,110.52,110.41,110.45,875300,2013-04-02,2013-04-02,60.9352,80.2869,79.7957,80.2199
2013-04-01,AGG,stock,110.44,110.58,110.39,110.57,1580800,2013-04-01,2013-04-01,66.1153,80.2665,79.7888,80.2092
2013-03-28,AGG,stock,110.68,110.78,110.65,110.73,2343300,2013-03-28,2013-03-28,63.7275,80.2347,79.7809,80.1946
2013-03-27,AGG,stock,110.62,110.75,110.5701,110.73,1028800,2013-03-27,2013-03-27,63.7275,80.2073,79.7738,80.1823
2013-03-26,AGG,stock,110.31,110.52,110.31,110.5,964700,2013-03-26,2013-03-26,57.8560,80.1770,79.7665,80.1696
2013-03-25,AGG,stock,110.4,110.52,110.3601,110.37,981100,2013-03-25,2013-03-25,53.9431,80.1611,79.7609,80.1631
2013-03-22,AGG,stock,110.52,110.52,110.35,110.41,776000,2013-03-22,2013-03-22,55.4130,80.1535,79.7561,80.1602
2013-03-21,AGG,stock,110.43,110.46,110.35,110.37,906400,2013-03-21,2013-03-21,54.2555,80.1420,79.7510,80.1560
2013-03-20,AGG,stock,110.39,110.4825,110.32,110.35,1275100,2013-03-20,2013-03-20,53.6974,80.1324,79.7462,80.1529
2013-03-19,AGG,stock,110.42,110.61,110.39,110.47,1104800,2013-03-19,2013-03-19,57.6136,80.1232,79.7414,80.1502
2013-03-18,AGG,stock,110.36,110.38,110.28,110.31,1231900,2013-03-18,2013-03-18,53.4064,80.1040,79.7358,80.1438
2013-03-15,AGG,stock,110.07,110.25,110.07,110.21,661500,2013-03-15,2013-03-15,50.5583,80.0949,79.7312,80.1419
2013-03-14,AGG,stock,109.9,110.15,109.9,110.11,1090700,2013-03-14,2013-03-14,47.5832,80.0926,79.7273,80.1429
2013-03-13,AGG,stock,109.92,110.08,109.92,109.99,1137000,2013-03-13,2013-03-13,43.8159,80.0977,79.7241,80.1470
2013-03-12,AGG,stock,109.94,110.08,109.93,110.08,1656200,2013-03-12,2013-03-12,46.1246,80.1124,79.7218,80.1547
2013-03-11,AGG,stock,109.84,109.92,109.82,109.88,1163500,2013-03-11,2013-03-11,39.5522,80.1219,79.7188,80.1601
2013-03-08,AGG,stock,109.86,109.96,109.78,109.82,2006800,2013-03-08,2013-03-08,37.4257,80.1476,79.7172,80.1716
2013-03-07,AGG,stock,110.26,110.26,109.97,110.14,1047000,2013-03-07,2013-03-07,45.3216,80.1807,79.7160,80.1854
2013-03-06,AGG,stock,110.4,110.45,110.33,110.37,974300,2013-03-06,2013-03-06,52.7490,80.1927,79.7125,80.1903
2013-03-05,AGG,stock,110.54,110.57,110.48,110.49,804400,2013-03-05,2013-03-05,57.2983,80.1884,79.7072,80.1885
2013-03-04,AGG,stock,110.65,110.66,110.57,110.58,782100,2013-03-04,2013-03-04,60.9598,80.1745,79.7011,80.1831
2013-03-01,AGG,stock,110.64,110.72,110.57,110.66,1076800,2013-03-01,2013-03-01,64.3540,80.1522,79.6942,80.1748
2013-02-28,AGG,stock,110.69,110.83,110.69,110.83,1211900,2013-02-28,2013-02-28,63.4223,80.1215,79.6866,80.1639
2013-02-27,AGG,stock,110.83,110.84,110.62,110.73,520300,2013-02-27,2013-02-27,61.0268,80.0905,79.6793,80.1536
2013-02-26,AGG,stock,110.64,110.834,110.64,110.7,801300,2013-02-26,2013-02-26,60.3026,80.0639,79.6726,80.1458
2013-02-25,AGG,stock,110.2899,110.78,110.2,110.73,1181500,2013-02-25,2013-02-25,61.3614,80.0368,79.6661,80.1387
2013-02-22,AGG,stock,110.31,110.35,110.29,110.31,955700,2013-02-22,2013-02-22,49.9332,80.0046,79.6593,80.1303
2013-02-21,AGG,stock,110.26,110.37,110.241,110.25,829600,2013-02-21,2013-02-21,47.8887,80.0011,79.6555,80.1341
2013-02-20,AGG,stock,110.09,110.25,110.03,110.19,2028900,2013-02-20,2013-02-20,45.8347,80.0017,79.6521,80.1398
2013-02-19,AGG,stock,110.26,110.29,110.07,110.12,1391300,2013-02-19,2013-02-19,43.4187,80.0070,79.6491,80.1475
2013-02-15,AGG,stock,110.19,110.25,110.06,110.25,1864700,2013-02-15,2013-02-15,47.0367,80.0182,79.6466,80.1575
2013-02-14,AGG,stock,110.01,110.24,110.01,110.24,731900,2013-02-14,2013-02-14,46.7196,80.0207,79.6431,80.1642
2013-02-13,AGG,stock,109.94,110.09,109.94,110.04,902200,2013-02-13,2013-02-13,40.0536,80.0242,79.6396,80.1714
2013-02-12,AGG,stock,110.1,110.18,110.08,110.15,666800,2013-02-12,2013-02-12,42.7875,80.0433,79.6376,80.1848
2013-02-11,AGG,stock,110.25,110.25,110.137,110.17,1384100,2013-02-11,2013-02-11,43.2864,80.0560,79.6347,80.1955
2013-02-08,AGG,stock,110.17,110.28,110.051,110.28,681400,2013-02-08,2013-02-08,46.0269,80.0686,79.6317,80.2061
2013-02-07,AGG,stock,110.18,110.34,110.16,110.25,1147900,2013-02-07,2013-02-07,45.1474,80.0741,79.6278,80.2138
2013-02-06,AGG,stock,110.12,110.26,110.11,110.21,1229600,2013-02-06,2013-02-06,44.0180,80.0824,79.6241,80.2228
2013-02-05,AGG,stock,110.04,110.1145,110.02,110.02,1905900,2013-02-05,2013-02-05,38.4262,80.0947,79.6207,80.2333
2013-02-04,AGG,stock,110.09,110.28,110.09,110.25,805400,2013-02-04,2013-02-04,43.2863,80.1228,79.6186,80.2498
2013-02-01,AGG,stock,110.38,110.39,109.92,109.94,1340000,2013-02-01,2013-02-01,32.6205,80.1362,79.6148,80.2602
2013-01-31,AGG,stock,110.3,110.39,110.26,110.39,1970000,2013-01-31,2013-01-31,37.6733,80.1748,79.6133,80.2802
2013-01-30,AGG,stock,110.21,110.3,110.15,110.29,1362200,2013-01-30,2013-01-30,33.6742,80.1992,79.6099,80.2940
2013-01-29,AGG,stock,110.41,110.49,110.26,110.34,837700,2013-01-29,2013-01-29,34.7081,80.2338,79.6073,80.3113
2013-01-28,AGG,stock,110.28,110.42,110.27,110.41,1067500,2013-01-28,2013-01-28,36.1512,80.2683,79.6043,80.3278
2013-01-25,AGG,stock,110.6,110.69,110.49,110.57,877800,2013-01-25,2013-01-25,39.6501,80.3011,79.6008,80.3429
2013-01-24,AGG,stock,110.89,110.95,110.82,110.84,659800,2013-01-24,2013-01-24,46.7383,80.3251,79.5960,80.3540
2013-01-23,AGG,stock,110.96,111.01,110.5,110.99,1393800,2013-01-23,2013-01-23,51.4865,80.3310,79.5893,80.3574
2013-01-22,AGG,stock,110.75,110.95,110.75,110.87,1459000,2013-01-22,2013-01-22,47.5264,80.3262,79.5814,80.3566
2013-01-18,AGG,stock,110.88,110.94,110.83,110.93,654700,2013-01-18,2013-01-18,49.3986,80.3299,79.5742,80.3593
2013-01-17,AGG,stock,110.78,110.91,110.71,110.8,1281000,2013-01-17,2013-01-17,45.0431,80.3295,79.5666,80.3604
2013-01-16,AGG,stock,111.02,111.1,110.92,111.04,1232000,2013-01-16,2013-01-16,52.8400,80.3390,79.5598,80.3653
2013-01-15,AGG,stock,111.01,111.07,110.95,110.98,2561100,2013-01-15,2013-01-15,50.8656,80.3312,79.5513,80.3634
2013-01-14,AGG,stock,110.94,111.01,110.87,110.95,870200,2013-01-14,2013-01-14,49.8916,80.3271,79.5430,80.3631
2013-01-11,AGG,stock,110.64,110.91,110.62,110.85,1120000,2013-01-11,2013-01-11,46.6161,80.3249,79.5349,80.3637
2013-01-10,AGG,stock,110.7,110.81,110.65,110.74,1128700,2013-01-10,2013-01-10,42.7968,80.3300,79.5275,80.3673
2013-01-09,AGG,stock,110.85,110.85,110.71,110.75,1346900,2013-01-09,2013-01-09,43.0568,80.3441,79.5208,80.3743
2013-01-08,AGG,stock,110.79,110.89,110.75,110.83,1784500,2013-01-08,2013-01-08,45.0922,80.3590,79.5139,80.3813
2013-01-07,AGG,stock,110.79,110.82,110.68,110.73,1854400,2013-01-07,2013-01-07,41.9046,80.3692,79.5064,80.3862
2013-01-04,AGG,stock,110.59,110.8,110.55,110.79,1286800,2013-01-04,2013-01-04,43.3052,80.3882,79.4995,80.3942
2013-01-03,AGG,stock,111.01,111.08,110.64,110.67,1762900,2013-01-03,2013-01-03,39.5529,80.4046,79.4922,80.4008
2013-01-02,AGG,stock,110.82,110.996,110.82,110.95,1137300,2013-01-02,2013-01-02,46.1743,80.4319,79.4856,80.4112
2012-12-31,AGG,stock,111.25,111.26,111.02,111.08,905400,2012-12-31,2012-12-31,49.7660,80.4407,79.4769,80.4138
2012-12-28,AGG,stock,111.29,111.3,111.15,111.28,1295800,2012-12-28,2012-12-28,55.9875,80.4406,79.4672,80.4126
2012-12-27,AGG,stock,111.05,111.25,110.99,111.11,722100,2012-12-27,2012-12-27,51.1692,80.4251,79.4560,80.4055
2012-12-26,AGG,stock,110.96,111.07,110.96,111.05,575800,2012-12-26,2012-12-26,49.3521,80.4210,79.4458,80.4031
2012-12-24,AGG,stock,111.09,111.16,111.0801,111.13,329200,2012-12-24,2012-12-24,44.5642,80.4211,79.4360,80.4024
2012-12-21,AGG,stock,111.19,111.23,111.09,111.12,973700,2012-12-21,2012-12-21,44.2385,80.4326,79.4272,80.4061
2012-12-20,AGG,stock,111.1,111.16,110.98,111.0216,1122600,2012-12-20,2012-12-20,41.0750,80.4460,79.4184,80.4102
2012-12-19,AGG,stock,110.92,111.1,110.92,111.01,1114000,2012-12-19,2012-12-19,40.7068,80.4684,79.4102,80.4175
2012-12-18,AGG,stock,111,111.0699,110.74,110.82,1411500,2012-12-18,2012-12-18,34.4796,80.4940,79.4020,80.4253
2012-12-17,AGG,stock,111.35,111.36,111.04,111.08,1464100,2012-12-17,2012-12-17,39.7896,80.5367,79.3951,80.4391
2012-12-14,AGG,stock,111.34,111.42,111.28,111.35,1678800,2012-12-14,2012-12-14,46.7291,80.5641,79.3863,80.4457
2012-12-13,AGG,stock,111.3,111.34,111.14,111.15,1209700,2012-12-13,2012-12-13,39.4676,80.5740,79.3754,80.4447
2012-12-12,AGG,stock,111.59,111.66,111.33,111.33,1448600,2012-12-12,2012-12-12,44.5417,80.6000,79.3658,80.4495
2012-12-11,AGG,stock,111.6,111.65,111.55,111.64,814100,2012-12-11,2012-12-11,56.0698,80.6151,79.3549,80.4492
2012-12-10,AGG,stock,111.64,111.71,111.61,111.68,843500,2012-12-10,2012-12-10,57.8642,80.6082,79.3415,80.4398
2012-12-07,AGG,stock,111.61,111.71,111.55,111.66,966200,2012-12-07,2012-12-07,57.2287,80.5976,79.3278,80.4288
2012-12-06,AGG,stock,111.77,111.84,111.73,111.76,519400,2012-12-06,2012-12-06,61.5379,80.5873,79.3141,80.4179
2012-12-05,AGG,stock,111.69,111.79,111.68,111.77,538200,2012-12-05,2012-12-05,61.9712,80.5683,79.2995,80.4036
2012-12-04,AGG,stock,111.6,111.69,111.51,111.67,871900,2012-12-04,2012-12-04,59.3108,80.5466,79.2846,80.3885
2012-12-03,AGG,stock,111.45,111.61,111.36,111.6,809900,2012-12-03,2012-12-03,57.3725,80.5303,79.2704,80.3757
2012-11-30,AGG,stock,112.26,112.32,112.19,112.25,908600,2012-11-30,2012-11-30,56.9272,80.5175,79.2565,80.3644
2012-11-29,AGG,stock,112.14,112.31,112.14,112.31,661800,2012-11-29,2012-11-29,59.0142,80.5046,79.2426,80.3532
2012-11-28,AGG,stock,112.2,112.26,112.157,112.17,458700,2012-11-28,2012-11-28,55.4777,80.4858,79.2281,80.3397
2012-11-27,AGG,stock,112.01,112.17,112.01,112.15,571900,2012-11-27,2012-11-27,54.9622,80.4757,79.2145,80.3298
2012-11-26,AGG,stock,112.02,112.09,111.95,112,629500,2012-11-26,2012-11-26,51.0119,80.4659,79.2009,80.3201
2012-11-23,AGG,stock,111.96,111.98,111.89,111.96,220300,2012-11-23,2012-11-23,49.9244,80.4665,79.1882,80.3144
2012-11-21,AGG,stock,111.97,112.06,111.88,111.89,1160800,2012-11-21,2012-11-21,48.0502,80.4702,79.1758,80.3096
2012-11-20,AGG,stock,112.19,112.24,112.06,112.08,666800,2012-11-20,2012-11-20,53.0549,80.4796,79.1636,80.3067
2012-11-19,AGG,stock,112.09,112.29,112.06,112.29,917000,2012-11-19,2012-11-19,59.4050,80.4756,79.1500,80.2981
2012-11-16,AGG,stock,112.2,112.3,112.15,112.21,981700,2012-11-16,2012-11-16,57.6102,80.4552,79.1348,80.2830
2012-11-15,AGG,stock,112.19,112.23,112.11,112.17,1532600,2012-11-15,2012-11-15,56.7219,80.4388,79.1199,80.2696
2012-11-14,AGG,stock,112.05,112.28,112.04,112.28,1242700,2012-11-14,2012-11-14,59.9289,80.4237,79.1052,80.2568
2012-11-13,AGG,stock,112.28,112.33,112.11,112.2469,3355800,2012-11-13,2012-11-13,59.2857,80.3987,79.0896,80.2403
2012-11-12,AGG,stock,112.13,112.15,112.02,112.05,612700,2012-11-12,2012-11-12,55.3245,80.3736,79.0740,80.2241
2012-11-09,AGG,stock,112.01,112.11,111.92,112.08,1295200,2012-11-09,2012-11-09,56.0967,80.3607,79.0597,80.2129
2012-11-08,AGG,stock,111.98,112.21,111.95,112.14,1411400,2012-11-08,2012-11-08,57.5894,80.3441,79.0451,80.2005
2012-11-07,AGG,stock,112.16,112.21,112,112,1563100,2012-11-07,2012-11-07,54.9947,80.3213,79.0299,80.1858
2012-11-06,AGG,stock,112,112.01,111.72,111.74,589600,2012-11-06,2012-11-06,49.6862,80.3067,79.0155,80.1746
2012-11-05,AGG,stock,112,112.09,111.95,112.06,2684000,2012-11-05,2012-11-05,57.4275,80.3102,79.0028,80.1706
2012-11-02,AGG,stock,111.83,111.92,111.67,111.8694,961700,2012-11-02,2012-11-02,53.4130,80.2898,78.9878,80.1570
2012-11-01,AGG,stock,112.05,112.05,111.78,111.8,1350800,2012-11-01,2012-11-01,51.8788,80.2818,78.9739,80.1484
2012-10-31,AGG,stock,112.04,112.24,112,112.19,2200200,2012-10-31,2012-10-31,55.4735,80.2781,78.9604,80.1416
2012-10-26,AGG,stock,111.89,112.08,111.88,112.03,908900,2012-10-26,2012-10-26,52.1297,80.2629,78.9457,80.1301
2012-10-25,AGG,stock,111.78,111.95,111.71,111.73,970700,2012-10-25,2012-10-25,44.9293,80.2583,78.9320,80.1229
2012-10-24,AGG,stock,111.95,112.06,111.9001,111.97,604900,2012-10-24,2012-10-24,50.5810,80.2757,78.9204,80.1241
2012-10-23,AGG,stock,111.87,112.07,111.87,112.05,628100,2012-10-23,2012-10-23,52.6303,80.2769,78.9069,80.1184
2012-10-22,AGG,stock,111.9,111.96,111.8,111.8,438100,2012-10-22,2012-10-22,46.3195,80.2721,78.8926,80.1101
2012-10-19,AGG,stock,111.79,112.03,111.79,111.95,683700,2012-10-19,2012-10-19,50.0332,80.2858,78.8801,80.1087
2012-10-18,AGG,stock,111.93,111.93,111.71,111.81,1249500,2012-10-18,2012-10-18,46.3020,80.2895,78.8663,80.1030
2012-10-17,AGG,stock,112.04,112.05,111.82,111.85,1199200,2012-10-17,2012-10-17,47.2378,80.3042,78.8534,80.1011
2012-10-16,AGG,stock,112.31,112.3622,112.1694,112.2,978500,2012-10-16,2012-10-16,56.5195,80.3175,78.8401,80.0979
2012-10-15,AGG,stock,112.3,112.38,112.25,112.38,1646300,2012-10-15,2012-10-15,62.3721,80.3057,78.8241,80.0844
2012-10-12,AGG,stock,112.32,112.41,112.26,112.32,1646900,2012-10-12,2012-10-12,61.1262,80.2791,78.8067,80.0650
2012-10-11,AGG,stock,111.97,112.25,111.97,112.23,523400,2012-10-11,2012-10-11,59.2466,80.2542,78.7895,80.0466
2012-10-10,AGG,stock,111.9,112.16,111.8828,112.09,555400,2012-10-10,2012-10-10,56.1867,80.2335,78.7728,80.0301
2012-10-09,AGG,stock,111.94,112.07,111.86,111.91,2316400,2012-10-09,2012-10-09,51.8725,80.2212,78.7570,80.0171
2012-10-08,AGG,stock,111.9,112.0455,111.9,112.03,524800,2012-10-08,2012-10-08,55.2397,80.2211,78.7422,80.0087
2012-10-05,AGG,stock,111.94,111.99,111.84,111.86,580200,2012-10-05,2012-10-05,51.0606,80.2120,78.7265,79.9965
2012-10-04,AGG,stock,112.16,112.25,112.07,112.09,459200,2012-10-04,2012-10-04,57.8456,80.2148,78.7118,79.9888
2012-10-03,AGG,stock,112.18,112.31,112.18,112.25,1187500,2012-10-03,2012-10-03,63.2770,80.2005,78.6954,79.9740
2012-10-02,AGG,stock,112.16,112.29,112.11,112.29,903300,2012-10-02,2012-10-02,64.6869,80.1727,78.6776,79.9540
2012-10-01,AGG,stock,112.17,112.25,112.07,112.2,1674400,2012-10-01,2012-10-01,62.9627,80.1388,78.6593,79.9320
2012-09-28,AGG,stock,112.39,112.46,112.25,112.448,2745500,2012-09-28,2012-09-28,64.2897,80.1083,78.6415,79.9116
2012-09-27,AGG,stock,112.3,112.376,112.27,112.29,1127100,2012-09-27,2012-09-27,61.3804,80.0714,78.6233,79.8893
2012-09-26,AGG,stock,112.359,112.4,112.26,112.36,793500,2012-09-26,2012-09-26,63.5090,80.0425,78.6060,79.8707
2012-09-25,AGG,stock,112.12,112.25,112.01,112.25,836400,2012-09-25,2012-09-25,61.5641,80.0053,78.5880,79.8493
2012-09-24,AGG,stock,111.94,112.09,111.94,112.07,1220800,2012-09-24,2012-09-24,58.1770,79.9725,78.5706,79.8302
2012-09-21,AGG,stock,111.77,111.95,111.75,111.95,829200,2012-09-21,2012-09-21,55.7639,79.9498,78.5543,79.8155
2012-09-20,AGG,stock,111.95,111.96,111.75,111.77,2518600,2012-09-20,2012-09-20,51.8981,79.9337,78.5388,79.8038
2012-09-19,AGG,stock,111.87,111.91,111.76,111.84,732200,2012-09-19,2012-09-19,53.5893,79.9295,78.5244,79.7969
2012-09-18,AGG,stock,111.72,111.81,111.61,111.62,1133600,2012-09-18,2012-09-18,48.7119,79.9196,78.5093,79.7876
2012-09-17,AGG,stock,111.51,111.62,111.43,111.55,1063800,2012-09-17,2012-09-17,47.0684,79.9252,78.4956,79.7844
2012-09-14,AGG,stock,111.61,111.61,111.33,111.37,1011200,2012-09-14,2012-09-14,42.6828,79.9367,78.4824,79.7831
2012-09-13,AGG,stock,111.75,111.889,111.37,111.83,2165200,2012-09-13,2012-09-13,53.1287,79.9629,78.4703,79.7870
2012-09-12,AGG,stock,111.66,111.69,111.52,111.57,1679500,2012-09-12,2012-09-12,46.2210,79.9572,78.4547,79.7777
2012-09-11,AGG,stock,111.77,111.88,111.75,111.78,3037100,2012-09-11,2012-09-11,51.9647,79.9706,78.4409,79.7755
2012-09-10,AGG,stock,111.9,111.93,111.77,111.91,1303000,2012-09-10,2012-09-10,55.9622,79.9695,78.4254,79.7671
2012-09-07,AGG,stock,112.15,112.2,111.85,111.89,1554400,2012-09-07,2012-09-07,55.4729,79.9585,78.4089,79.7546
2012-09-06,AGG,stock,111.89,111.892,111.76,111.87,1805200,2012-09-06,2012-09-06,55.0087,79.9479,78.3923,79.7422
2012-09-05,AGG,stock,112.05,112.17,112.03,112.13,503000,2012-09-05,2012-09-05,62.9284,79.9376,78.3757,79.7298
2012-09-04,AGG,stock,112.14,112.15,111.96,112.13,1596700,2012-09-04,2012-09-04,62.9284,79.9067,78.3570,79.7093
2012-08-31,AGG,stock,112.1,112.43,112.07,112.37,1203400,2012-08-31,2012-08-31,63.5786,79.8726,78.3382,79.6880
2012-08-30,AGG,stock,112.02,112.14,112.02,112.02,436200,2012-08-30,2012-08-30,56.8225,79.8332,78.3190,79.6652
2012-08-29,AGG,stock,112.01,112.04,111.9,111.95,717100,2012-08-29,2012-08-29,55.2820,79.8160,78.3021,79.6517
2012-08-28,AGG,stock,112.04,112.11,111.98,112.06,699200,2012-08-28,2012-08-28,58.3182,79.8023,78.2856,79.6397
2012-08-27,AGG,stock,111.9,112,111.89,111.97,493100,2012-08-27,2012-08-27,56.5032,79.7788,78.2681,79.6239
2012-08-24,AGG,stock,111.98,111.98,111.79,111.82,649600,2012-08-24,2012-08-24,53.3603,79.7596,78.2511,79.6102
2012-08-23,AGG,stock,111.84,111.94,111.83,111.9,421500,2012-08-23,2012-08-23,55.3406,79.7497,78.2350,79.6003
2012-08-22,AGG,stock,111.6,111.82,111.51,111.82,405500,2012-08-22,2012-08-22,53.7467,79.7328,78.2182,79.5876
2012-08-21,AGG,stock,111.18,111.35,111.0427,111.34,738600,2012-08-21,2012-08-21,42.2663,79.7200,78.2017,79.5767
2012-08-20,AGG,stock,111.15,111.27,111.14,111.19,419000,2012-08-20,2012-08-20,37.7853,79.7420,78.1886,79.5794
2012-08-17,AGG,stock,111.19,111.29,111.15,111.23,505700,2012-08-17,2012-08-17,38.5257,79.7776,78.1763,79.5866
2012-08-16,AGG,stock,111.3,111.32,110.97,111.1,668300,2012-08-16,2012-08-16,34.6619,79.8140,78.1637,79.5928
2012-08-15,AGG,stock,111.45,111.45,111.19,111.24,550000,2012-08-15,2012-08-15,36.9866,79.8639,78.1519,79.6032
2012-08-14,AGG,stock,111.59,111.6766,111.54,111.6,567100,2012-08-14,2012-08-14,44.0392,79.9086,78.1390,79.6099
2012-08-13,AGG,stock,111.92,111.99,111.86,111.86,570500,2012-08-13,2012-08-13,50.4965,79.9309,78.1233,79.6063
2012-08-10,AGG,stock,111.98,111.98,111.79,111.87,627400,2012-08-10,2012-08-10,50.7623,79.9360,78.1056,79.5950
2012-08-09,AGG,stock,111.61,111.78,111.55,111.69,835900,2012-08-09,2012-08-09,46.0120,79.9409,78.0877,79.5830
2012-08-08,AGG,stock,111.94,111.94,111.7,111.72,550400,2012-08-08,2012-08-08,46.7094,79.9598,78.0709,79.5758
2012-08-07,AGG,stock,111.84,111.91,111.81,111.86,1733100,2012-08-07,2012-08-07,49.9930,79.9785,78.0537,79.5673
2012-08-06,AGG,stock,112.12,112.23,112.041,112.16,1832500,2012-08-06,2012-08-06,58.1233,79.9886,78.0353,79.5545
2012-08-03,AGG,stock,112.1,112.16,111.96,111.99,1832400,2012-08-03,2012-08-03,54.2044,79.9772,78.0146,79.5324
2012-08-02,AGG,stock,112.33,112.5,112.26,112.26,846300,2012-08-02,2012-08-02,62.8831,79.9775,77.9949,79.5143
2012-08-01,AGG,stock,112.25,112.39,111.99,112.24,2480600,2012-08-01,2012-08-01,62.4697,79.9574,77.9730,79.4876
2012-07-31,AGG,stock,112.58,112.65,112.43,112.59,983600,2012-07-31,2012-07-31,66.9581,79.9367,77.9511,79.4604
2012-07-30,AGG,stock,112.31,112.52,112.27,112.48,618400,2012-07-30,2012-07-30,64.9797,79.9041,77.9281,79.4283
2012-07-27,AGG,stock,112.45,112.46,112.15,112.29,1010200,2012-07-27,2012-07-27,61.2594,79.8764,77.9055,79.3981
2012-07-26,AGG,stock,112.66,112.69,112.62,112.63,857900,2012-07-26,2012-07-26,74.3912,79.8599,77.8842,79.3722
2012-07-25,AGG,stock,112.63,112.7099,112.61,112.7,874700,2012-07-25,2012-07-25,77.5701,79.8163,77.8601,79.3354
2012-07-24,AGG,stock,112.47,112.68,112.43,112.66,521200,2012-07-24,2012-07-24,77.0497,79.7628,77.8354,79.2950
2012-07-23,AGG,stock,112.62,112.62,112.49,112.52,498200,2012-07-23,2012-07-23,75.1781,79.7066,77.8106,79.2542
2012-07-20,AGG,stock,112.39,112.55,112.39,112.42,602200,2012-07-20,2012-07-20,73.7587,79.6550,77.7867,79.2157
2012-07-19,AGG,stock,112.3,112.43,112.23,112.26,901600,2012-07-19,2012-07-19,71.3224,79.6056,77.7632,79.1786
2012-07-18,AGG,stock,112.24,112.36,112.24,112.35,470300,2012-07-18,2012-07-18,74.9574,79.5629,77.7406,79.1446
2012-07-17,AGG,stock,112.21,112.24,112.119,112.13,600200,2012-07-17,2012-07-17,71.6813,79.5089,77.7171,79.1066
2012-07-16,AGG,stock,112.21,112.32,112.16,112.17,480800,2012-07-16,2012-07-16,73.3003,79.4658,77.6950,79.0735
2012-07-13,AGG,stock,112.07,112.09,111.94,112.08,435300,2012-07-13,2012-07-13,71.9780,79.4152,77.6723,79.0378
2012-07-12,AGG,stock,112,112.04,111.93,112.04,382700,2012-07-12,2012-07-12,71.3933,79.3660,77.6501,79.0033
2012-07-11,AGG,stock,111.86,112,111.81,111.84,566400,2012-07-11,2012-07-11,68.3249,79.3146,77.6280,78.9686
2012-07-10,AGG,stock,111.76,111.91,111.73,111.85,521600,2012-07-10,2012-07-10,68.6668,79.2727,77.6070,78.9383
2012-07-09,AGG,stock,111.67,111.82,111.65,111.8,472600,2012-07-09,2012-07-09,67.9214,79.2258,77.5858,78.9064
2012-07-06,AGG,stock,111.51,111.68,111.5,111.58,1520200,2012-07-06,2012-07-06,64.4676,79.1776,77.5647,78.8747
2012-07-05,AGG,stock,111.24,111.5,111.24,111.5,740700,2012-07-05,2012-07-05,63.1271,79.1409,77.5450,78.8481
2012-07-03,AGG,stock,111.21,111.29,111.18,111.21,1002900,2012-07-03,2012-07-03,57.7635,79.1063,77.5257,78.8227
2012-07-02,AGG,stock,111.17,111.321,111.08,111.29,1994500,2012-07-02,2012-07-02,59.9992,79.0899,77.5082,78.8048
2012-06-29,AGG,stock,111.25,111.33,111.2,111.3,2052800,2012-06-29,2012-06-29,55.7708,79.0657,77.4900,78.7838
2012-06-28,AGG,stock,111.53,111.56,111.42,111.45,1180400,2012-06-28,2012-06-28,59.9072,79.0549,77.4731,78.7681
2012-06-27,AGG,stock,111.35,111.39,111.24,111.32,1552600,2012-06-27,2012-06-27,57.3622,79.0317,77.4550,78.7474
2012-06-26,AGG,stock,111.27,111.37,111.24,111.27,789100,2012-06-26,2012-06-26,56.3732,79.0159,77.4377,78.7297
2012-06-25,AGG,stock,111.25,111.4,111.22,111.39,2321900,2012-06-25,2012-06-25,59.4463,79.0021,77.4205,78.7126
2012-06-22,AGG,stock,111.17,111.2,111.04,111.04,600200,2012-06-22,2012-06-22,52.4219,78.9779,77.4023,78.6914
2012-06-21,AGG,stock,111.18,111.32,111.06,111.2,939900,2012-06-21,2012-06-21,56.5822,78.9773,77.3864,78.6795
2012-06-20,AGG,stock,111.07,111.21,110.88,111.05,1256100,2012-06-20,2012-06-20,53.3600,78.9648,77.3692,78.6625
2012-06-19,AGG,stock,111.3,111.3,111.11,111.22,605500,2012-06-19,2012-06-19,57.8805,78.9621,77.3529,78.6491
2012-06-18,AGG,stock,111.33,111.43,111.23,111.35,696000,2012-06-18,2012-06-18,61.5853,78.9464,77.3353,78.6302
2012-06-15,AGG,stock,111.35,111.39,111.23,111.38,1030800,2012-06-15,2012-06-15,62.4418,78.9193,77.3165,78.6068
2012-06-14,AGG,stock,111.1,111.18,111.0331,111.12,559200,2012-06-14,2012-06-14,57.7087,78.8871,77.2973,78.5816
2012-06-13,AGG,stock,110.99,111.22,110.85,111.2,2650900,2012-06-13,2012-06-13,59.8642,78.8710,77.2798,78.5629
2012-06-12,AGG,stock,110.98,111.04,110.83,110.91,482000,2012-06-12,2012-06-12,54.0925,78.8472,77.2615,78.5411
2012-06-11,AGG,stock,110.87,111.09,110.81,111,516100,2012-06-11,2012-06-11,56.4310,78.8427,77.2451,78.5268
2012-06-08,AGG,stock,111.17,111.18,110.84,110.9,710200,2012-06-08,2012-06-08,54.3969,78.8309,77.2280,78.5094
2012-06-07,AGG,stock,110.82,110.95,110.78,110.95,751800,2012-06-07,2012-06-07,55.6022,78.8253,77.2113,78.4941
2012-06-06,AGG,stock,111.23,111.23,110.78,110.78,1864400,2012-06-06,2012-06-06,52.2629,78.8155,77.1942,78.4767
2012-06-05,AGG,stock,111.17,111.33,111.1,111.11,951100,2012-06-05,2012-06-05,60.4595,78.8173,77.1780,78.4636
2012-06-04,AGG,stock,111.32,111.87,111.32,111.34,1046100,2012-06-04,2012-06-04,67.2895,78.7946,77.1594,78.4404
2012-06-01,AGG,stock,111.5,111.67,111.41,111.6,1851600,2012-06-01,2012-06-01,76.3422,78.7523,77.1389,78.4095
2012-05-31,AGG,stock,111.45,111.62,111.35,111.56,2984100,2012-05-31,2012-05-31,72.6983,78.6860,77.1164,78.3698
2012-05-30,AGG,stock,111.2,111.3,111.11,111.23,547100,2012-05-30,2012-05-30,67.1243,78.6336,77.0956,78.3366
2012-05-29,AGG,stock,110.95,110.99,110.83,110.86,1192100,2012-05-29,2012-05-29,58.2500,78.6003,77.0770,78.3116
2012-05-25,AGG,stock,110.84,110.95,110.81,110.92,454300,2012-05-25,2012-05-25,60.7180,78.5912,77.0608,78.2963
2012-05-24,AGG,stock,110.88,110.88,110.7132,110.75,938900,2012-05-24,2012-05-24,55.7898,78.5766,77.0440,78.2786
2012-05-23,AGG,stock,110.95,111.01,110.82,110.84,696000,2012-05-23,2012-05-23,59.4567,78.5732,77.0283,78.2651
2012-05-22,AGG,stock,110.82,110.92,110.71,110.71,1007400,2012-05-22,2012-05-22,55.5370,78.5628,77.0118,78.2485
2012-05-21,AGG,stock,111.02,111.05,110.97,110.98,1208500,2012-05-21,2012-05-21,68.2655,78.5609,76.9960,78.2349
2012-05-18,AGG,stock,110.99,111.08,110.9,111,1184700,2012-05-18,2012-05-18,69.3589,78.5386,76.9781,78.2130
2012-05-17,AGG,stock,110.88,111.13,110.83,111.03,1420700,2012-05-17,2012-05-17,70.9416,78.5126,76.9600,78.1896
2012-05-16,AGG,stock,110.87,111.09,110.83,110.96,986400,2012-05-16,2012-05-16,69.4302,78.4815,76.9414,78.1643
2012-05-15,AGG,stock,111.1,111.1,110.88,110.98,1187200,2012-05-15,2012-05-15,70.4017,78.4524,76.9231,78.1401
2012-05-14,AGG,stock,111,111.06,110.9246,111.04,763300,2012-05-14,2012-05-14,73.2571,78.4187,76.9046,78.1143
2012-05-11,AGG,stock,110.92,110.93,110.75,110.79,446300,2012-05-11,2012-05-11,68.2794,78.3770,76.8854,78.0857
2012-05-10,AGG,stock,110.72,110.76,110.625,110.71,527000,2012-05-10,2012-05-10,66.4223,78.3496,76.8678,78.0632
2012-05-09,AGG,stock,110.92,110.92,110.72,110.82,930000,2012-05-09,2012-05-09,71.7885,78.3253,76.8505,78.0421
2012-05-08,AGG,stock,110.84,110.95,110.78,110.79,580200,2012-05-08,2012-05-08,71.1992,78.2902,76.8324,78.0169
2012-05-07,AGG,stock,110.74,110.77,110.67,110.71,646100,2012-05-07,2012-05-07,69.6284,78.2537,76.8142,77.9916
2012-05-04,AGG,stock,110.66,110.7,110.5701,110.67,611500,2012-05-04,2012-05-04,68.8394,78.2193,76.7965,77.9676
2012-05-03,AGG,stock,110.43,110.56,110.41,110.56,575400,2012-05-03,2012-05-03,66.6252,78.1843,76.7788,77.9437
2012-05-02,AGG,stock,110.46,110.51,110.36,110.44,1298500,2012-05-02,2012-05-02,64.0365,78.1538,76.7618,77.9220
2012-05-01,AGG,stock,110.46,110.5,110.26,110.33,772800,2012-05-01,2012-05-01,61.4944,78.1290,76.7454,77.9030
2012-04-30,AGG,stock,110.73,110.73,110.59,110.6,881900,2012-04-30,2012-04-30,62.9790,78.1099,76.7297,77.8863
2012-04-27,AGG,stock,110.61,110.6728,110.55,110.64,656600,2012-04-27,2012-04-27,64.4386,78.0858,76.7135,77.8679
2012-04-26,AGG,stock,110.64,110.69,110.54,110.65,1021600,2012-04-26,2012-04-26,64.7872,78.0561,76.6969,77.8475
2012-04-25,AGG,stock,110.41,110.5,110.24,110.48,982300,2012-04-25,2012-04-25,61.4996,78.0226,76.6801,77.8260
2012-04-24,AGG,stock,110.53,110.58,110.41,110.43,627500,2012-04-24,2012-04-24,60.4923,77.9983,76.6642,77.8085
2012-04-23,AGG,stock,110.74,110.74,110.53,110.59,787100,2012-04-23,2012-04-23,65.5919,77.9751,76.6486,77.7918
2012-04-20,AGG,stock,110.48,110.52,110.37,110.48,1530200,2012-04-20,2012-04-20,63.6348,77.9376,76.6317,77.7697
2012-04-19,AGG,stock,110.5,110.58,110.46,110.46,618700,2012-04-19,2012-04-19,63.2822,77.9043,76.6154,77.7500
2012-04-18,AGG,stock,110.44,110.54,110.35,110.54,884300,2012-04-18,2012-04-18,65.6464,77.8690,76.5991,77.7300
2012-04-17,AGG,stock,110.3,110.4,110.25,110.4,737600,2012-04-17,2012-04-17,63.4260,77.8240,76.5820,77.7069
2012-04-16,AGG,stock,110.24,110.49,110.24,110.38,1121200,2012-04-16,2012-04-16,63.1097,77.7847,76.5658,77.6869
2012-04-13,AGG,stock,110.3,110.38,110.21,110.36,1103900,2012-04-13,2012-04-13,62.8111,77.7427,76.5495,77.6666
2012-04-12,AGG,stock,110.1,110.14,110,110.02,505900,2012-04-12,2012-04-12,57.3625,77.6979,76.5333,77.6461
2012-04-11,AGG,stock,110.05,110.13,109.89,110.13,1203100,2012-04-11,2012-04-11,60.0035,77.6736,76.5192,77.6346
2012-04-10,AGG,stock,110.19,110.34,110.07,110.12,1893900,2012-04-10,2012-04-10,59.8475,77.6387,76.5043,77.6194
2012-04-09,AGG,stock,110.18,110.19,110.04,110.11,575600,2012-04-09,2012-04-09,59.7015,77.6007,76.4893,77.6040
2012-04-05,AGG,stock,109.6,109.63,109.408,109.63,749100,2012-04-05,2012-04-05,51.9069,77.5596,76.4742,77.5881
2012-04-04,AGG,stock,109.35,109.41,109.21,109.38,1137200,2012-04-04,2012-04-04,46.9438,77.5499,76.4623,77.5855
2012-04-03,AGG,stock,109.71,109.79,109.07,109.15,767100,2012-04-03,2012-04-03,41.8141,77.5578,76.4522,77.5900
2012-04-02,AGG,stock,109.88,109.88,109.46,109.62,2398400,2012-04-02,2012-04-02,51.2089,77.5837,76.4435,77.6014
2012-03-30,AGG,stock,110.11,110.11,109.69,109.85,1121300,2012-03-30,2012-03-30,50.9213,77.5772,76.4314,77.5996
2012-03-29,AGG,stock,109.95,110.06,109.84,110.02,1208100,2012-03-29,2012-03-29,54.7735,77.5711,76.4193,77.5982
2012-03-28,AGG,stock,109.73,109.88,109.681,109.72,812700,2012-03-28,2012-03-28,48.3737,77.5517,76.4059,77.5918
2012-03-27,AGG,stock,109.69,109.802,109.6136,109.74,2551700,2012-03-27,2012-03-27,48.8012,77.5526,76.3945,77.5937
2012-03-26,AGG,stock,109.65,109.6792,109.44,109.62,867800,2012-03-26,2012-03-26,46.1498,77.5520,76.3828,77.5952
2012-03-23,AGG,stock,109.47,109.7,109.44,109.7,758400,2012-03-23,2012-03-23,47.6783,77.5604,76.3718,77.6002
2012-03-22,AGG,stock,109.35,109.47,109.35,109.45,666900,2012-03-22,2012-03-22,42.1152,77.5636,76.3602,77.6031
2012-03-21,AGG,stock,109.23,109.39,109.13,109.35,590700,2012-03-21,2012-03-21,39.7352,77.5858,76.3502,77.6133
2012-03-20,AGG,stock,108.92,109.09,108.84,109.09,960400,2012-03-20,2012-03-20,33.0938,77.6178,76.3409,77.6268
2012-03-19,AGG,stock,109.3,109.3,108.89,108.93,1146800,2012-03-19,2012-03-19,28.5973,77.6725,76.3333,77.6484
2012-03-16,AGG,stock,109.15,109.32,109.06,109.28,933900,2012-03-16,2012-03-16,33.1183,77.7448,76.3267,77.6755
2012-03-15,AGG,stock,109.26,109.4636,109.253,109.27,800500,2012-03-15,2012-03-15,32.8366,77.7988,76.3176,77.6935
2012-03-14,AGG,stock,109.76,109.84,109.25,109.32,1119800,2012-03-14,2012-03-14,33.4916,77.8591,76.3085,77.7126
2012-03-13,AGG,stock,110.22,110.23,109.9,109.92,1444700,2012-03-13,2012-03-13,43.0623,77.9221,76.2989,77.7311
2012-03-12,AGG,stock,110.39,110.449,110.2515,110.29,1096600,2012-03-12,2012-03-12,51.4874,77.9471,76.2850,77.7330
2012-03-09,AGG,stock,110.23,110.23,110.13,110.19,710900,2012-03-09,2012-03-09,48.9824,77.9471,76.2683,77.7243
2012-03-08,AGG,stock,110.45,110.48,110.18,110.21,971300,2012-03-08,2012-03-08,49.4567,77.9547,76.2521,77.7181
2012-03-07,AGG,stock,110.55,110.56,110.42,110.46,836100,2012-03-07,2012-03-07,55.7187,77.9615,76.2357,77.7111
2012-03-06,AGG,stock,110.55,110.62,110.45,110.56,1056500,2012-03-06,2012-03-06,58.4684,77.9504,76.2173,77.6966
2012-03-05,AGG,stock,110.48,110.52,110.32,110.34,1098100,2012-03-05,2012-03-05,53.8120,77.9308,76.1980,77.6786
2012-03-02,AGG,stock,110.32,110.506,110.3,110.5,863900,2012-03-02,2012-03-02,58.2202,77.9254,76.1800,77.6662
2012-03-01,AGG,stock,110.23,110.31,110.08,110.26,1242600,2012-03-01,2012-03-01,52.8391,77.9076,76.1608,77.6487
2012-02-29,AGG,stock,110.94,110.94,110.6,110.76,1993600,2012-02-29,2012-02-29,59.4383,77.9058,76.1431,77.6374
2012-02-28,AGG,stock,111.02,111.05,110.81,110.87,795300,2012-02-28,2012-02-28,63.0387,77.8871,76.1236,77.6193
2012-02-27,AGG,stock,110.83,110.95,110.76,110.95,712000,2012-02-27,2012-02-27,65.7273,77.8584,76.1031,77.5972
2012-02-24,AGG,stock,110.64,110.79,110.58,110.6,1364300,2012-02-24,2012-02-24,58.5443,77.8207,76.0819,77.5719
2012-02-23,AGG,stock,110.42,110.6,110.37,110.57,788400,2012-02-23,2012-02-23,57.8410,77.8050,76.0629,77.5557
2012-02-22,AGG,stock,110.34,110.48,110.28,110.48,975200,2012-02-22,2012-02-22,55.7499,77.7899,76.0439,77.5396
2012-02-21,AGG,stock,110.27,110.32,110.16,110.17,1043800,2012-02-21,2012-02-21,47.4061,77.7798,76.0254,77.5255
2012-02-17,AGG,stock,110.32,110.37,110.2,110.34,853700,2012-02-17,2012-02-17,52.4414,77.7917,76.0089,77.5197
2012-02-16,AGG,stock,110.5,110.58,110.38,110.48,918800,2012-02-16,2012-02-16,57.0775,77.7923,75.9911,77.5089
2012-02-15,AGG,stock,110.65,110.678,110.49,110.5,875500,2012-02-15,2012-02-15,57.7548,77.7825,75.9720,77.4935
2012-02-14,AGG,stock,110.56,110.72,110.52,110.54,876200,2012-02-14,2012-02-14,59.0563,77.7702,75.9527,77.4769
2012-02-13,AGG,stock,110.48,110.55,110.39,110.45,914800,2012-02-13,2012-02-13,57.0334,77.7537,75.9328,77.4585
2012-02-10,AGG,stock,110.35,110.53,110.34,110.41,714900,2012-02-10,2012-02-10,56.1391,77.7420,75.9134,77.4420
2012-02-09,AGG,stock,110.37,110.42,110.18,110.26,1068400,2012-02-09,2012-02-09,52.7117,77.7322,75.8941,77.4259
2012-02-08,AGG,stock,110.47,110.55,110.33,110.44,1479600,2012-02-08,2012-02-08,57.7392,77.7324,75.8756,77.4135
2012-02-07,AGG,stock,110.46,110.57,110.34,110.53,966600,2012-02-07,2012-02-07,60.4145,77.7192,75.8557,77.3954
2012-02-06,AGG,stock,110.52,110.64,110.4,110.64,1854400,2012-02-06,2012-02-06,63.7678,77.6981,75.8350,77.3740
2012-02-03,AGG,stock,110.3,110.6,110.22,110.56,1142400,2012-02-03,2012-02-03,62.3568,77.6665,75.8132,77.3485
2012-02-02,AGG,stock,110.55,110.68,110.4707,110.61,1182200,2012-02-02,2012-02-02,63.7987,77.6375,75.7918,77.3243
2012-02-01,AGG,stock,110.61,110.72,110.45,110.58,1965000,2012-02-01,2012-02-01,63.3262,77.6018,75.7699,77.2976
2012-01-31,AGG,stock,110.84,111.07,110.72,111.05,3255900,2012-01-31,2012-01-31,68.7279,77.5645,75.7479,77.2708
2012-01-30,AGG,stock,110.75,110.94,110.69,110.86,1490300,2012-01-30,2012-01-30,66.1132,77.5089,75.7243,77.2372
2012-01-27,AGG,stock,110.53,110.62,110.37,110.54,778100,2012-01-27,2012-01-27,61.0157,77.4615,75.7019,77.2078
2012-01-26,AGG,stock,110.39,110.5012,110.33,110.36,1231700,2012-01-26,2012-01-26,57.6913,77.4328,75.6814,77.1863
2012-01-25,AGG,stock,109.98,110.48,109.85,110.14,1559600,2012-01-25,2012-01-25,53.1581,77.4144,75.6621,77.1691
2012-01-24,AGG,stock,109.97,109.99,109.84,109.98,791600,2012-01-24,2012-01-24,49.5042,77.4104,75.6441,77.1575
2012-01-23,AGG,stock,109.77,109.99,109.77,109.89,819600,2012-01-23,2012-01-23,47.3595,77.4177,75.6270,77.1500
2012-01-20,AGG,stock,110.32,110.32,109.9,109.98,1032600,2012-01-20,2012-01-20,49.3040,77.4325,75.6105,77.1448
2012-01-19,AGG,stock,110.43,110.47,110.1648,110.26,1032300,2012-01-19,2012-01-19,55.9393,77.4422,75.5931,77.1368
2012-01-18,AGG,stock,110.56,110.68,110.4,110.44,1216900,2012-01-18,2012-01-18,60.8257,77.4322,75.5735,77.1205
2012-01-17,AGG,stock,110.68,110.75,110.53,110.58,1272900,2012-01-17,2012-01-17,64.9214,77.4078,75.5525,77.0983
2012-01-13,AGG,stock,110.41,110.65,110.41,110.55,765000,2012-01-13,2012-01-13,64.4450,77.3705,75.5303,77.0712
2012-01-12,AGG,stock,110.33,110.38,110.17,110.3,844200,2012-01-12,2012-01-12,60.2700,77.3314,75.5081,77.0439
2012-01-11,AGG,stock,110.13,110.39,110.0624,110.39,789900,2012-01-11,2012-01-11,62.7325,77.3068,75.4874,77.0226
2012-01-10,AGG,stock,110.03,110.17,109.94,110,1002100,2012-01-10,2012-01-10,55.4000,77.2729,75.4659,76.9978
2012-01-09,AGG,stock,110.13,110.32,110,110.03,976200,2012-01-09,2012-01-09,56.1897,77.2643,75.4469,76.9833
2012-01-06,AGG,stock,110.03,110.25,110.02,110.12,897900,2012-01-06,2012-01-06,58.5131,77.2526,75.4275,76.9672
2012-01-05,AGG,stock,109.91,110.05,109.85,110.03,856500,2012-01-05,2012-01-05,56.8566,77.2330,75.4073,76.9480
2012-01-04,AGG,stock,110.07,110.07,109.77,109.88,1299200,2012-01-04,2012-01-04,54.0150,77.2180,75.3875,76.9305
2012-01-03,AGG,stock,110.2,110.2,109.92,110.03,1994600,2012-01-03,2012-01-03,57.5337,77.2125,75.3686,76.9167
2011-12-30,AGG,stock,110.51,110.64,110.24,110.25,1098300,2011-12-30,2011-12-30,63.1351,77.1953,75.3484,76.8980
2011-12-29,AGG,stock,110.24,110.44,110.08,110.39,985400,2011-12-29,2011-12-29,66.9890,77.1601,75.3265,76.8721
2011-12-28,AGG,stock,109.99,110.23,109.91,110.13,873800,2011-12-28,2011-12-28,63.1052,77.1107,75.3034,76.8413
2011-12-27,AGG,stock,109.7,109.94,109.6668,109.94,1090600,2011-12-27,2011-12-27,59.9042,77.0755,75.2818,76.8166
2011-12-23,AGG,stock,109.71,109.83,109.46,109.77,679700,2011-12-23,2011-12-23,56.2363,77.0505,75.2614,76.7963
2011-12-22,AGG,stock,109.9,109.94,109.78,109.9,1465900,2011-12-22,2011-12-22,59.5631,77.0376,75.2422,76.7810
2011-12-21,AGG,stock,109.99,110.0336,109.69,109.73,930000,2011-12-21,2011-12-21,56.4336,77.0137,75.2219,76.7612
2011-12-20,AGG,stock,110.06,110.2,109.97,110.01,2779500,2011-12-20,2011-12-20,64.0102,76.9999,75.2026,76.7455
2011-12-19,AGG,stock,110.05,110.23,109.96,110.16,1123700,2011-12-19,2011-12-19,68.5911,76.9638,75.1811,76.7212
2011-12-16,AGG,stock,109.88,110.12,109.84,110.05,1182000,2011-12-16,2011-12-16,66.9821,76.9129,75.1583,76.6916
2011-12-15,AGG,stock,109.86,109.965,109.59,109.68,3769300,2011-12-15,2011-12-15,60.6925,76.8648,75.1361,76.6639
2011-12-14,AGG,stock,109.79,110.04,109.7285,109.91,928500,2011-12-14,2011-12-14,68.1903,76.8390,75.1162,76.6456
2011-12-13,AGG,stock,109.43,109.78,109.38,109.64,1468000,2011-12-13,2011-12-13,63.2401,76.7934,75.0945,76.6201
2011-12-12,AGG,stock,109.47,109.626,109.41,109.42,1220900,2011-12-12,2011-12-12,58.3342,76.7631,75.0746,76.6012
2011-12-09,AGG,stock,109.43,109.58,109.264,109.39,934900,2011-12-09,2011-12-09,57.6180,76.7458,75.0560,76.5879
2011-12-08,AGG,stock,109.3,109.58,109.265,109.45,1228900,2011-12-08,2011-12-08,59.5180,76.7289,75.0374,76.5749
2011-12-07,AGG,stock,109.22,109.43,109.0603,109.34,691000,2011-12-07,2011-12-07,57.1103,76.7058,75.0182,76.5597
2011-12-06,AGG,stock,109.11,109.21,108.8556,109.14,1105300,2011-12-06,2011-12-06,52.3229,76.6884,74.9995,76.5470
2011-12-05,AGG,stock,108.99,109.24,108.9,109.24,1063700,2011-12-05,2011-12-05,55.1827,76.6840,74.9821,76.5395
2011-12-02,AGG,stock,108.81,109.21,108.76,109.12,917500,2011-12-02,2011-12-02,52.2761,76.6717,74.9639,76.5289
2011-12-01,AGG,stock,108.8,108.97,108.6,108.84,1831000,2011-12-01,2011-12-01,44.4738,76.6671,74.9462,76.5212
2011-11-30,AGG,stock,109.59,109.61,109.2677,109.38,1280300,2011-11-30,2011-11-30,43.3086,76.6826,74.9304,76.5213
2011-11-29,AGG,stock,109.49,109.71,109.27,109.66,1718500,2011-11-29,2011-11-29,50.5449,76.7026,74.9147,76.5224
2011-11-28,AGG,stock,109.37,109.67,109.243,109.62,1726100,2011-11-28,2011-11-28,49.4239,76.7040,74.8969,76.5157
2011-11-25,AGG,stock,109.79,109.86,109.58,109.63,764769,2011-11-25,2011-11-25,49.6854,76.7086,74.8792,76.5097
2011-11-23,AGG,stock,109.6,109.94,109.54,109.78,865404,2011-11-23,2011-11-23,53.6373,76.7129,74.8612,76.5033
2011-11-22,AGG,stock,109.56,109.75,109.43,109.68,1051000,2011-11-22,2011-11-22,51.2363,76.7066,74.8420,76.4923
2011-11-21,AGG,stock,109.76,109.78,109.57,109.6,838800,2011-11-21,2011-11-21,49.2852,76.7070,74.8233,76.4837
2011-11-18,AGG,stock,109.73,109.73,109.44,109.62,805700,2011-11-18,2011-11-18,49.7472,76.7134,74.8050,76.4771
2011-11-17,AGG,stock,109.66,109.85,109.5,109.64,1670000,2011-11-17,2011-11-17,50.1841,76.7189,74.7863,76.4696
2011-11-16,AGG,stock,109.98,109.9897,109.6,109.7,1213100,2011-11-16,2011-11-16,51.4426,76.7236,74.7673,76.4612
2011-11-15,AGG,stock,109.86,109.93,109.59,109.74,787800,2011-11-15,2011-11-15,52.2539,76.7243,74.7478,76.4508
2011-11-14,AGG,stock,109.96,110.01,109.75,109.88,1189600,2011-11-14,2011-11-14,55.0765,76.7222,74.7277,76.4388
2011-11-11,AGG,stock,109.8,109.8661,109.69,109.79,1803400,2011-11-11,2011-11-11,53.5797,76.7096,74.7064,76.4223
2011-11-10,AGG,stock,109.9,110.16,109.6725,109.92,1307800,2011-11-10,2011-11-10,56.0863,76.7022,74.6856,76.4077
2011-11-09,AGG,stock,110.17,110.34,110.019,110.13,780000,2011-11-09,2011-11-09,60.3191,76.6845,74.6636,76.3888
2011-11-08,AGG,stock,109.95,110.18,109.85,109.94,949300,2011-11-08,2011-11-08,57.6328,76.6494,74.6400,76.3632
2011-11-07,AGG,stock,109.99,110.34,109.97,110.09,745300,2011-11-07,2011-11-07,60.6423,76.6247,74.6174,76.3419
2011-11-04,AGG,stock,110.03,110.2,109.96,110,2040100,2011-11-04,2011-11-04,59.4629,76.5863,74.5936,76.3155
2011-11-03,AGG,stock,109.97,110.18,109.8803,110.03,1116000,2011-11-03,2011-11-03,60.0196,76.5505,74.5701,76.2905
2011-11-02,AGG,stock,109.97,110.335,109.92,110.27,732400,2011-11-02,2011-11-02,64.5056,76.5087,74.5462,76.2637
2011-11-01,AGG,stock,109.9,110.29,109.851,110.27,1443700,2011-11-01,2011-11-01,64.5056,76.4449,74.5204,76.2290
2011-10-31,AGG,stock,109.83,110.03,109.73,110.03,1747000,2011-10-31,2011-10-31,58.6779,76.3743,74.4943,76.1928
2011-10-28,AGG,stock,109.17,109.54,109.15,109.51,979100,2011-10-28,2011-10-28,51.3539,76.3350,74.4717,76.1701
2011-10-27,AGG,stock,109.39,109.42,108.91,109.35,960200,2011-10-27,2011-10-27,48.7591,76.3297,74.4525,76.1614
2011-10-26,AGG,stock,109.59,109.77,109.39,109.5,664200,2011-10-26,2011-10-26,51.1335,76.3356,74.4342,76.1568
2011-10-25,AGG,stock,109.33,109.81,109.2602,109.8,1478200,2011-10-25,2011-10-25,56.2177,76.3311,74.4146,76.1477
2011-10-24,AGG,stock,109.46,109.46,109.16,109.24,867600,2011-10-24,2011-10-24,47.1008,76.3041,74.3928,76.1298
2011-10-21,AGG,stock,109.46,109.53,109.24,109.41,555300,2011-10-21,2011-10-21,50.0379,76.3154,74.3747,76.1270
2011-10-20,AGG,stock,109.3799,109.63,109.21,109.35,860800,2011-10-20,2011-10-20,48.9955,76.3154,74.3552,76.1194
2011-10-19,AGG,stock,109.27,109.5699,109.16,109.41,780200,2011-10-19,2011-10-19,49.9635,76.3198,74.3359,76.1131
2011-10-18,AGG,stock,109.32,109.54,109.12,109.25,958800,2011-10-18,2011-10-18,47.3898,76.3203,74.3160,76.1048
2011-10-17,AGG,stock,109.01,109.37,109,109.37,826700,2011-10-17,2011-10-17,49.1505,76.3325,74.2970,76.1008
2011-10-14,AGG,stock,108.78,109.1,108.78,108.94,587500,2011-10-14,2011-10-14,41.9779,76.3373,74.2770,76.0931
2011-10-13,AGG,stock,109.17,109.32,108.93,109.12,939600,2011-10-13,2011-10-13,44.4130,76.3741,74.2598,76.0974
2011-10-12,AGG,stock,108.89,109.16,108.82,109.06,1120800,2011-10-12,2011-10-12,43.3966,76.4015,74.2412,76.0968
2011-10-11,AGG,stock,109.08,109.29,108.96,109.27,2155000,2011-10-11,2011-10-11,46.1383,76.4363,74.2228,76.0978
2011-10-10,AGG,stock,109.16,109.23,108.7,109.01,711500,2011-10-10,2011-10-10,41.9199,76.4593,74.2027,76.0929
2011-10-07,AGG,stock,109.23,109.37,109.03,109.23,1513800,2011-10-07,2011-10-07,44.6686,76.5038,74.1843,76.0952
2011-10-06,AGG,stock,109.62,109.7289,109.39,109.45,1022500,2011-10-06,2011-10-06,47.5647,76.5368,74.1641,76.0914
2011-10-05,AGG,stock,109.9,109.93,109.6,109.63,1499100,2011-10-05,2011-10-05,50.0290,76.5572,74.1422,76.0811
2011-10-04,AGG,stock,110.43,110.53,109.99,110,1351400,2011-10-04,2011-10-04,55.5194,76.5665,74.1189,76.0653
2011-10-03,AGG,stock,110.11,110.39,109.94,110.34,2372400,2011-10-03,2011-10-03,61.2556,76.5496,74.0926,76.0382
2011-09-30,AGG,stock,110,110.22,109.8578,110.11,1020700,2011-09-30,2011-09-30,55.6417,76.5060,74.0638,76.0005
2011-09-29,AGG,stock,109.64,109.87,109.56,109.7,825000,2011-09-29,2011-09-29,49.4350,76.4907,74.0378,75.9739
2011-09-28,AGG,stock,109.79,109.8,109.52,109.74,850400,2011-09-28,2011-09-28,50.0696,76.5038,74.0144,75.9579
2011-09-27,AGG,stock,109.72,109.85,109.61,109.83,1287400,2011-09-27,2011-09-27,51.4497,76.5154,73.9905,75.9401
2011-09-26,AGG,stock,110.14,110.276,109.91,109.98,1158800,2011-09-26,2011-09-26,53.7422,76.5216,73.9657,75.9190
2011-09-23,AGG,stock,110.93,110.93,110.21,110.23,1113400,2011-09-23,2011-09-23,57.7227,76.5174,73.9396,75.8928
2011-09-22,AGG,stock,110.79,111.03,110.64,110.8,875000,2011-09-22,2011-09-22,68.4573,76.4946,73.9115,75.8585
2011-09-21,AGG,stock,110.27,110.53,110.08,110.48,1242900,2011-09-21,2011-09-21,65.0711,76.4275,73.8791,75.8065
2011-09-20,AGG,stock,110.25,110.3,110.08,110.3,701600,2011-09-20,2011-09-20,62.9961,76.3768,73.8487,75.7615
2011-09-19,AGG,stock,110.18,110.25,110.05,110.08,786500,2011-09-19,2011-09-19,60.3210,76.3340,73.8192,75.7198
2011-09-16,AGG,stock,109.67,109.84,109.54,109.84,885700,2011-09-16,2011-09-16,57.1856,76.3028,73.7909,75.6826
2011-09-15,AGG,stock,109.84,109.92,109.68,109.68,1046700,2011-09-15,2011-09-15,54.9836,76.2859,73.7641,75.6507
2011-09-14,AGG,stock,109.9,110.11,109.86,110,1065300,2011-09-14,2011-09-14,60.7901,76.2789,73.7381,75.6221
2011-09-13,AGG,stock,110.04,110.06,109.85,109.98,701400,2011-09-13,2011-09-13,60.5483,76.2478,73.7096,75.5832
2011-09-12,AGG,stock,109.97,110.19,109.84,109.94,1038000,2011-09-12,2011-09-12,60.0912,76.2149,73.6809,75.5433
2011-09-09,AGG,stock,110.06,110.27,109.9805,110.16,809700,2011-09-09,2011-09-09,63.8702,76.1814,73.6523,75.5029
2011-09-08,AGG,stock,110.16,110.17,109.86,110.01,1169400,2011-09-08,2011-09-08,62.3720,76.1282,73.6218,75.4546
2011-09-07,AGG,stock,110.06,110.12,109.85,109.98,919500,2011-09-07,2011-09-07,62.0800,76.0805,73.5920,75.4086
2011-09-06,AGG,stock,110.41,110.41,110.19,110.24,1104100,2011-09-06,2011-09-06,66.2154,76.0299,73.5622,75.3616
2011-09-02,AGG,stock,109.97,110.16,109.8,109.95,923900,2011-09-02,2011-09-02,63.7118,75.9550,73.5302,75.3053
2011-09-01,AGG,stock,109.47,109.69,109.16,109.62,1541600,2011-09-01,2011-09-01,60.6289,75.8934,73.5000,75.2549
2011-08-31,AGG,stock,109.78,109.88,109.49,109.5,2444400,2011-08-31,2011-08-31,57.0189,75.8496,73.4717,75.2118
2011-08-30,AGG,stock,109.55,109.77,109.42,109.6,1108200,2011-08-30,2011-08-30,58.4319,75.8268,73.4457,75.1770
2011-08-29,AGG,stock,109.16,109.27,109.08,109.26,1150700,2011-08-29,2011-08-29,54.9036,75.7944,73.4186,75.1379
2011-08-26,AGG,stock,109.52,109.58,109.19,109.38,674700,2011-08-26,2011-08-26,56.4746,75.7834,73.3937,75.1068
2011-08-25,AGG,stock,109.14,109.33,109.03,109.23,647100,2011-08-25,2011-08-25,54.9794,75.7624,73.3677,75.0711
2011-08-24,AGG,stock,109.5,109.5099,108.9278,109.01,663300,2011-08-24,2011-08-24,52.7697,75.7502,73.3425,75.0381
2011-08-23,AGG,stock,109.72,109.72,109.5,109.63,757100,2011-08-23,2011-08-23,60.5463,75.7529,73.3185,75.0101
2011-08-22,AGG,stock,109.82,109.98,109.72,109.89,761800,2011-08-22,2011-08-22,64.2323,75.7105,73.2900,74.9633
2011-08-19,AGG,stock,109.98,110.06,109.81,110.03,1271800,2011-08-19,2011-08-19,66.2489,75.6445,73.2594,74.9072
2011-08-18,AGG,stock,110.24,110.5,109.9,109.98,954300,2011-08-18,2011-08-18,65.8938,75.5615,73.2275,74.8449
2011-08-17,AGG,stock,109.73,109.97,109.5,109.82,1119500,2011-08-17,2011-08-17,64.7931,75.4733,73.1956,74.7815
2011-08-16,AGG,stock,109.29,109.76,109.29,109.64,900100,2011-08-16,2011-08-16,63.5648,75.3875,73.1645,74.7200
2011-08-15,AGG,stock,109.53,109.5732,109.25,109.41,1034200,2011-08-15,2011-08-15,61.9914,75.3059,73.1344,74.6611
2011-08-12,AGG,stock,109.16,109.56,108.93,109.24,2472300,2011-08-12,2011-08-12,60.8305,75.2325,73.1055,74.6064
2011-08-11,AGG,stock,109.94,109.94,108.73,108.76,2596300,2011-08-11,2011-08-11,57.4207,75.1639,73.0776,74.5542
2011-08-10,AGG,stock,109.75,110.17,109.64,110.13,1102400,2011-08-10,2011-08-10,74.6416,75.1231,73.0528,74.5135
2011-08-09,AGG,stock,108.6,109.97,108.45,109.24,1642600,2011-08-09,2011-08-09,69.0406,74.9778,73.0181,74.4322
2011-08-08,AGG,stock,108.68,108.8,108.51,108.6,2068500,2011-08-08,2011-08-08,63.6846,74.8823,72.9893,74.3729
2011-08-05,AGG,stock,108.97,109.26,108.42,108.55,2184400,2011-08-05,2011-08-05,63.2231,74.8235,72.9646,74.3294
2011-08-04,AGG,stock,108.8,109.37,108.76,109.27,1585700,2011-08-04,2011-08-04,76.1676,74.7622,72.9401,74.2854
2011-08-03,AGG,stock,108.69,108.9499,108.61,108.69,1237500,2011-08-03,2011-08-03,71.8576,74.6418,72.9103,74.2193
2011-08-02,AGG,stock,108.29,108.67,108.14,108.58,1010600,2011-08-02,2011-08-02,70.9318,74.5512,72.8842,74.1669
2011-08-01,AGG,stock,107.84,108.23,107.82,108.1175,1300600,2011-08-01,2011-08-01,66.6482,74.4591,72.8587,74.1155
2011-07-29,AGG,stock,107.8,108.2001,107.7,108.16,1400700,2011-07-29,2011-07-29,63.9062,74.3910,72.8361,74.0751
2011-07-28,AGG,stock,107.51,107.63,107.41,107.52,823600,2011-07-28,2011-07-28,55.4531,74.3346,72.8151,74.0403
2011-07-27,AGG,stock,107.34,107.51,107.25,107.31,662700,2011-07-27,2011-07-27,52.0301,74.3190,72.7983,74.0222
2011-07-26,AGG,stock,107.35,107.59,107.31,107.49,832200,2011-07-26,2011-07-26,55.4195,74.3169,72.7828,74.0093
2011-07-25,AGG,stock,107.29,107.56,107.21,107.24,1154600,2011-07-25,2011-07-25,51.3306,74.3016,72.7660,73.9908
2011-07-22,AGG,stock,107.41,107.57,107.39,107.55,458000,2011-07-22,2011-07-22,57.3916,74.3029,72.7506,73.9786
2011-07-21,AGG,stock,107.36,107.47,107.17,107.32,839200,2011-07-21,2011-07-21,53.6185,74.2817,72.7330,73.9572
2011-07-20,AGG,stock,107.55,107.8,107.47,107.49,627300,2011-07-20,2011-07-20,57.0881,74.2750,72.7168,73.9414
2011-07-19,AGG,stock,107.37,107.66,107.33,107.66,780100,2011-07-19,2011-07-19,60.7377,74.2552,72.6993,73.9201
2011-07-18,AGG,stock,107.57,107.65,107.38,107.43,641600,2011-07-18,2011-07-18,57.3090,74.2210,72.6804,73.8931
2011-07-15,AGG,stock,107.39,107.69,107.32,107.59,638300,2011-07-15,2011-07-15,60.7351,74.1999,72.6629,73.8716
2011-07-14,AGG,stock,107.57,107.71,107.42,107.44,1724900,2011-07-14,2011-07-14,58.5795,74.1650,72.6441,73.8446
2011-07-13,AGG,stock,107.43,107.72,107.4,107.71,508400,2011-07-13,2011-07-13,64.4979,74.1372,72.6262,73.8208
2011-07-12,AGG,stock,107.51,107.61,107.33,107.5,681500,2011-07-12,2011-07-12,61.7035,74.0869,72.6062,73.7884
2011-07-11,AGG,stock,107.34,107.54,107.25,107.41,615000,2011-07-11,2011-07-11,60.4651,74.0467,72.5874,73.7605
2011-07-08,AGG,stock,106.98,107.2,106.93,107.12,682800,2011-07-08,2011-07-08,56.2302,74.0087,72.5691,73.7342
2011-07-07,AGG,stock,106.63,106.67,106.45,106.57,1291600,2011-07-07,2011-07-07,46.0537,73.9879,72.5527,73.7149
2011-07-06,AGG,stock,106.79,106.93,106.76,106.87,774600,2011-07-06,2011-07-06,52.2009,74.0050,72.5399,73.7104
2011-07-05,AGG,stock,106.57,106.82,106.57,106.81,799200,2011-07-05,2011-07-05,50.9859,74.0020,72.5249,73.6972
2011-07-01,AGG,stock,106.5,106.54,106.27,106.4,1970000,2011-07-01,2011-07-01,41.5602,74.0031,72.5101,73.6852
2011-06-30,AGG,stock,106.87,106.9095,106.4,106.67,1295600,2011-06-30,2011-06-30,40.6962,74.0342,72.4981,73.6842
2011-06-29,AGG,stock,107.03,107.09,106.68,106.69,2533800,2011-06-29,2011-06-29,41.0320,74.0710,72.4862,73.6842
2011-06-28,AGG,stock,107.34,107.38,106.95,107.01,1038500,2011-06-28,2011-06-28,46.7658,74.1102,72.4740,73.6837
2011-06-27,AGG,stock,107.7,107.7,107.36,107.44,730600,2011-06-27,2011-06-27,56.6420,74.1303,72.4595,73.6740
2011-06-24,AGG,stock,107.63,107.88,107.62,107.63,1084100,2011-06-24,2011-06-24,62.0156,74.1212,72.4418,73.6519
2011-06-23,AGG,stock,107.55,107.8,107.53,107.73,2735300,2011-06-23,2011-06-23,65.0307,74.0974,72.4227,73.6235
2011-06-22,AGG,stock,107.5,107.56,107.24,107.38,897800,2011-06-22,2011-06-22,58.4682,74.0638,72.4026,73.5911
2011-06-21,AGG,stock,107.25,107.47,107.23,107.45,803600,2011-06-21,2011-06-21,60.5795,74.0521,72.3848,73.5673
2011-06-20,AGG,stock,107.52,107.52,107.29,107.35,731900,2011-06-20,2011-06-20,58.5962,74.0341,72.3663,73.5405
2011-06-17,AGG,stock,107.44,107.51,107.34,107.4899,871300,2011-06-17,2011-06-17,62.6938,74.0214,72.3484,73.5155
2011-06-16,AGG,stock,107.4,107.57,107.37,107.39,1211900,2011-06-16,2011-06-16,60.8799,73.9973,72.3292,73.4855
2011-06-15,AGG,stock,107.08,107.4701,107.06,107.32,1395500,2011-06-15,2011-06-15,59.6018,73.9778,72.3106,73.4570
2011-06-14,AGG,stock,107.15,107.18,107.02,107.05,1199000,2011-06-14,2011-06-14,54.2483,73.9615,72.2923,73.4294
2011-06-13,AGG,stock,107.36,107.61,107.31,107.34,956000,2011-06-13,2011-06-13,62.5101,73.9630,72.2757,73.4083
2011-06-10,AGG,stock,107.53,107.65,107.39,107.48,1160500,2011-06-10,2011-06-10,67.0904,73.9436,72.2569,73.3781
2011-06-09,AGG,stock,107.6,107.66,107.39,107.49,646500,2011-06-09,2011-06-09,67.4181,73.9119,72.2369,73.3428
2011-06-08,AGG,stock,107.54,107.8,107.535,107.65,1085200,2011-06-08,2011-06-08,72.6924,73.8763,72.2167,73.3057
2011-06-07,AGG,stock,107.24,107.56,107.18,107.56,1737600,2011-06-07,2011-06-07,71.5290,73.8252,72.1951,73.2626
2011-06-06,AGG,stock,107.23,107.43,107.18,107.34,1477400,2011-06-06,2011-06-06,68.4810,73.7753,72.1740,73.2203
2011-06-03,AGG,stock,107.53,107.53,107.17,107.32,522300,2011-06-03,2011-06-03,68.1936,73.7361,72.1541,73.1825
2011-06-02,AGG,stock,107.31,107.47,107.17,107.18,666600,2011-06-02,2011-06-02,66.1893,73.6943,72.1342,73.1437
2011-06-01,AGG,stock,107.31,107.63,107.31,107.61,1139400,2011-06-01,2011-06-01,80.6909,73.6582,72.1151,73.1072
2011-05-31,AGG,stock,107.32,107.62,107.28,107.46,1047300,2011-05-31,2011-05-31,75.2991,73.5871,72.0928,73.0571
2011-05-27,AGG,stock,107.39,107.51,107.33,107.43,509700,2011-05-27,2011-05-27,74.8767,73.5421,72.0735,73.0180
2011-05-26,AGG,stock,107.16,107.3899,107.11,107.33,861600,2011-05-26,2011-05-26,73.4728,73.4945,72.0542,72.9782
2011-05-25,AGG,stock,107.1,107.24,107.0592,107.1,543400,2011-05-25,2011-05-25,69.8777,73.4491,72.0354,72.9395
2011-05-24,AGG,stock,107.03,107.17,106.98,107.12,579400,2011-05-24,2011-05-24,70.6508,73.4156,72.0180,72.9057
2011-05-23,AGG,stock,107.19,107.23,107.07,107.08,804100,2011-05-23,2011-05-23,70.0351,73.3771,72.0002,72.8700
2011-05-20,AGG,stock,106.94,107.04,106.9136,106.99,938500,2011-05-20,2011-05-20,68.6616,73.3375,71.9826,72.8340
2011-05-19,AGG,stock,106.68,106.95,106.64,106.89,632800,2011-05-19,2011-05-19,67.1059,73.3003,71.9655,72.7990
2011-05-18,AGG,stock,107.1,107.15,106.9001,106.97,618600,2011-05-18,2011-05-18,69.6753,73.2663,71.9488,72.7653
2011-05-17,AGG,stock,107.11,107.21,107.062,107.14,683500,2011-05-17,2011-05-17,75.3696,73.2231,71.9314,72.7281
2011-05-16,AGG,stock,106.8,107.07,106.78,107.02,678100,2011-05-16,2011-05-16,73.9755,73.1629,71.9127,72.6846
2011-05-13,AGG,stock,106.74,106.99,106.7,106.79,312700,2011-05-13,2011-05-13,71.0602,73.1051,71.8946,72.6426
2011-05-12,AGG,stock,106.72,106.81,106.53,106.62,767000,2011-05-12,2011-05-12,68.6499,73.0579,71.8779,72.6055
2011-05-11,AGG,stock,106.5,106.81,106.5,106.78,538800,2011-05-11,2011-05-11,74.0391,73.0180,71.8623,72.5715
2011-05-10,AGG,stock,106.65,106.73,106.54,106.59,536100,2011-05-10,2011-05-10,71.5789,72.9623,71.8453,72.5317
2011-05-09,AGG,stock,106.69,106.82,106.69,106.78,502200,2011-05-09,2011-05-09,78.4854,72.9146,71.8296,72.4956
2011-05-06,AGG,stock,106.56,106.83,106.43,106.66,1020900,2011-05-06,2011-05-06,77.1949,72.8480,71.8123,72.4527
2011-05-05,AGG,stock,106.47,106.7162,106.47,106.67,800700,2011-05-05,2011-05-05,77.5549,72.7832,71.7957,72.4115
2011-05-04,AGG,stock,106.22,106.44,106.22,106.43,659200,2011-05-04,2011-05-04,74.9519,72.7108,71.7789,72.3682
2011-05-03,AGG,stock,106.26,106.34,106.15,106.23,485900,2011-05-03,2011-05-03,72.4825,72.6482,71.7635,72.3299
2011-05-02,AGG,stock,106.21,106.24,106.04,106.2,613500,2011-05-02,2011-05-02,72.0994,72.5935,71.7494,72.2957
2011-04-29,AGG,stock,106.24,106.49,106.24,106.46,499000,2011-04-29,2011-04-29,71.4104,72.5352,71.7354,72.2610
2011-04-28,AGG,stock,106.28,106.39,106.1652,106.37,573100,2011-04-28,2011-04-28,70.3183,72.4748,71.7216,72.2264
2011-04-27,AGG,stock,106.02,106.15,105.87,106.12,473300,2011-04-27,2011-04-27,67.0740,72.4146,71.7082,72.1929
2011-04-26,AGG,stock,105.91,106.21,105.91,106.21,569700,2011-04-26,2011-04-26,69.6177,72.3661,71.6965,72.1650
2011-04-25,AGG,stock,105.75,105.92,105.7,105.82,541700,2011-04-25,2011-04-25,64.1465,72.3059,71.6840,72.1335
2011-04-21,AGG,stock,105.7,105.83,105.67,105.76,447800,2011-04-21,2011-04-21,63.1998,72.2677,71.6741,72.1117
2011-04-20,AGG,stock,105.75,105.83,105.64,105.69,388800,2011-04-20,2011-04-20,62.1162,72.2298,71.6645,72.0906
2011-04-19,AGG,stock,105.81,105.88,105.75,105.84,470800,2011-04-19,2011-04-19,65.9823,72.1929,71.6553,72.0706
2011-04-18,AGG,stock,105.49,105.7562,105.43,105.63,720400,2011-04-18,2011-04-18,62.9875,72.1413,71.6450,72.0456
2011-04-15,AGG,stock,105.31,105.51,105.31,105.45,391100,2011-04-15,2011-04-15,60.1986,72.0995,71.6360,72.0255
2011-04-14,AGG,stock,105.19,105.26,105.065,105.07,654100,2011-04-14,2011-04-14,53.3007,72.0663,71.6282,72.0096
2011-04-13,AGG,stock,104.89,105.23,104.89,105.17,531500,2011-04-13,2011-04-13,55.6578,72.0570,71.6229,72.0037
2011-04-12,AGG,stock,104.83,105.1172,104.83,105.06,563000,2011-04-12,2011-04-12,53.5601,72.0395,71.6169,71.9947
2011-04-11,AGG,stock,104.6,104.75,104.55,104.66,387000,2011-04-11,2011-04-11,44.7316,72.0282,71.6116,71.9885
2011-04-08,AGG,stock,104.62,104.69,104.53,104.56,392900,2011-04-08,2011-04-08,42.1799,72.0446,71.6089,71.9932
2011-04-07,AGG,stock,104.69,104.92,104.66,104.76,681700,2011-04-07,2011-04-07,46.1357,72.0699,71.6070,72.0009
2011-04-06,AGG,stock,104.9,104.91,104.6,104.6,980400,2011-04-06,2011-04-06,42.1021,72.0834,71.6036,72.0034
2011-04-05,AGG,stock,105.09,105.11,104.85,104.91,801900,2011-04-05,2011-04-05,48.6576,72.1100,71.6013,72.0104
2011-04-04,AGG,stock,105.03,105.25,105.02,105.13,517500,2011-04-04,2011-04-04,54.2210,72.1169,71.5969,72.0090
2011-04-01,AGG,stock,104.71,105.03,104.68,104.96,983700,2011-04-01,2011-04-01,50.1296,72.1086,71.5909,72.0014
2011-03-31,AGG,stock,105.37,105.4,105.13,105.13,1014400,2011-03-31,2011-03-31,46.3896,72.1118,71.5860,71.9982
2011-03-30,AGG,stock,105.17,105.3,105.1,105.25,791500,2011-03-30,2011-03-30,49.2617,72.1256,71.5820,71.9990
2011-03-29,AGG,stock,105.12,105.31,105.03,105.07,538100,2011-03-29,2011-03-29,44.4734,72.1322,71.5772,71.9964
2011-03-28,AGG,stock,105.13,105.26,105.08,105.2,1443600,2011-03-28,2011-03-28,47.4783,72.1525,71.5735,71.9987
2011-03-25,AGG,stock,105.53,105.53,105.18,105.25,811200,2011-03-25,2011-03-25,48.6523,72.1655,71.5689,71.9975
2011-03-24,AGG,stock,105.46,105.53,105.28,105.34,1570000,2011-03-24,2011-03-24,50.7498,72.1764,71.5640,71.9948
2011-03-23,AGG,stock,105.8299,105.85,105.5756,105.63,472300,2011-03-23,2011-03-23,58.2658,72.1818,71.5584,71.9895
2011-03-22,AGG,stock,105.56,105.73,105.54,105.68,604800,2011-03-22,2011-03-22,59.6808,72.1670,71.5507,71.9759
2011-03-21,AGG,stock,105.87,105.88,105.55,105.67,460900,2011-03-21,2011-03-21,59.4982,72.1470,71.5426,71.9604
2011-03-18,AGG,stock,105.81,105.96,105.73,105.92,382900,2011-03-18,2011-03-18,66.4915,72.1256,71.5344,71.9445
2011-03-17,AGG,stock,105.87,106.08,105.74,105.96,584800,2011-03-17,2011-03-17,67.6733,72.0839,71.5245,71.9209
2011-03-16,AGG,stock,105.96,106.54,105.86,106.03,1012200,2011-03-16,2011-03-16,69.6860,72.0350,71.5142,71.8953
2011-03-15,AGG,stock,106,106.06,105.71,105.73,672500,2011-03-15,2011-03-15,65.6165,71.9758,71.5034,71.8666
2011-03-14,AGG,stock,105.82,105.98,105.69,105.69,415900,2011-03-14,2011-03-14,65.0353,71.9321,71.4944,71.8452
2011-03-11,AGG,stock,105.64,105.74,105.51,105.63,473800,2011-03-11,2011-03-11,64.1924,71.8866,71.4857,71.8241
2011-03-10,AGG,stock,105.41,105.66,105.28,105.61,467900,2011-03-10,2011-03-10,63.9232,71.8407,71.4773,71.8037
2011-03-09,AGG,stock,105.05,105.37,104.96,105.24,590600,2011-03-09,2011-03-09,58.5725,71.7914,71.4689,71.7831
2011-03-08,AGG,stock,104.95,105.07,104.9,104.99,527200,2011-03-08,2011-03-08,54.3220,71.7636,71.4630,71.7719
2011-03-07,AGG,stock,104.9391,105.22,104.81,105.07,621200,2011-03-07,2011-03-07,56.0302,71.7508,71.4588,71.7673
2011-03-04,AGG,stock,104.89,105.11,104.85,105.02,761700,2011-03-04,2011-03-04,55.2129,71.7310,71.4539,71.7603
2011-03-03,AGG,stock,104.91,104.92,104.68,104.74,618700,2011-03-03,2011-03-03,50.4204,71.7126,71.4494,71.7544
2011-03-02,AGG,stock,105.31,105.3888,105.09,105.11,506200,2011-03-02,2011-03-02,58.0412,71.7125,71.4468,71.7561
2011-03-01,AGG,stock,105.1,105.3756,105.05,105.28,735700,2011-03-01,2011-03-01,62.0420,71.6857,71.4415,71.7474
2011-02-28,AGG,stock,105.53,105.65,105.46,105.65,558200,2011-02-28,2011-02-28,64.0883,71.6439,71.4351,71.7337
2011-02-25,AGG,stock,105.27,105.47,105.254,105.45,542000,2011-02-25,2011-02-25,61.3006,71.5915,71.4280,71.7171
2011-02-24,AGG,stock,105.24,105.34,105.16,105.17,1135300,2011-02-24,2011-02-24,56.9569,71.5481,71.4222,71.7054
2011-02-23,AGG,stock,105.2,105.2898,105.04,105.15,707000,2011-02-23,2011-02-23,56.6341,71.5201,71.4183,71.7010
2011-02-22,AGG,stock,104.81,105.1399,104.8,105.07,1033400,2011-02-22,2011-02-22,55.3913,71.4907,71.4144,71.6969
2011-02-18,AGG,stock,104.57,104.7228,104.5,104.69,694400,2011-02-18,2011-02-18,48.9371,71.4639,71.4111,71.6949
2011-02-17,AGG,stock,104.7,104.82,104.66,104.73,606300,2011-02-17,2011-02-17,49.6391,71.4616,71.4103,71.7035
2011-02-16,AGG,stock,104.48,104.6536,104.4,104.48,474800,2011-02-16,2011-02-16,45.0657,71.4561,71.4093,71.7113
2011-02-15,AGG,stock,104.35,104.49,104.32,104.48,513500,2011-02-15,2011-02-15,45.0657,71.4681,71.4100,71.7263
2011-02-14,AGG,stock,104.21,104.4462,104.21,104.35,1024900,2011-02-14,2011-02-14,42.7340,71.4813,71.4107,71.7420
2011-02-11,AGG,stock,104.31,104.36,104.07,104.3,797200,2011-02-11,2011-02-11,41.8525,71.5053,71.4122,71.7619
2011-02-10,AGG,stock,104.11,104.17,103.85,103.89,520800,2011-02-10,2011-02-10,34.1327,71.5354,71.4142,71.7841
2011-02-09,AGG,stock,104.04,104.32,103.9301,104.19,518100,2011-02-09,2011-02-09,37.5169,71.5981,71.4189,71.8185
2011-02-08,AGG,stock,104.31,104.32,103.91,104,741000,2011-02-08,2011-02-08,33.6480,71.6459,71.4217,71.8460
2011-02-07,AGG,stock,104.17,104.331,104.11,104.3,604700,2011-02-07,2011-02-07,37.0077,71.7123,71.4258,71.8800
2011-02-04,AGG,stock,104.47,104.63,104.2,104.26,1116600,2011-02-04,2011-02-04,36.2192,71.7642,71.4279,71.9069
2011-02-03,AGG,stock,104.79,104.871,104.61,104.61,912300,2011-02-03,2011-02-03,40.3197,71.8244,71.4302,71.9361
2011-02-02,AGG,stock,105.15,105.23,104.88,105,513000,2011-02-02,2011-02-02,45.6696,71.8658,71.4302,71.9567
2011-02-01,AGG,stock,105.2501,105.26,105.03,105.12,700500,2011-02-01,2011-02-01,47.4691,71.8836,71.4275,71.9673
2011-01-31,AGG,stock,105.85,105.94,105.59,105.66,1691500,2011-01-31,2011-01-31,50.9353,71.8945,71.4240,71.9750
2011-01-28,AGG,stock,105.6,105.97,105.58,105.86,783100,2011-01-28,2011-01-28,54.2199,71.8906,71.4189,71.9767
2011-01-27,AGG,stock,105.64,105.7501,105.52,105.71,598500,2011-01-27,2011-01-27,52.0673,71.8719,71.4124,71.9730
2011-01-26,AGG,stock,105.74,105.78,105.51,105.53,568400,2011-01-26,2011-01-26,49.4170,71.8620,71.4068,71.9733
2011-01-25,AGG,stock,105.57,105.93,105.48,105.88,483400,2011-01-25,2011-01-25,54.8976,71.8640,71.4024,71.9786
2011-01-24,AGG,stock,105.49,105.6876,105.49,105.55,535300,2011-01-24,2011-01-24,50.0472,71.8411,71.3956,71.9744
2011-01-21,AGG,stock,105.25,105.61,105.24,105.61,578200,2011-01-21,2011-01-21,50.9727,71.8394,71.3910,71.9792
2011-01-20,AGG,stock,105.51,105.58,105.2,105.28,846300,2011-01-20,2011-01-20,45.8596,71.8333,71.3859,71.9825
2011-01-19,AGG,stock,105.56,105.76,105.53,105.68,912100,2011-01-19,2011-01-19,51.9587,71.8502,71.3830,71.9952
2011-01-18,AGG,stock,105.69,105.74,105.46,105.66,445200,2011-01-18,2011-01-18,51.6602,71.8402,71.3773,71.9972
2011-01-14,AGG,stock,105.99,106,105.73,105.73,751900,2011-01-14,2011-01-14,52.7248,71.8305,71.3718,71.9999
2011-01-13,AGG,stock,105.43,105.95,105.42,105.95,943500,2011-01-13,2011-01-13,56.0988,71.8148,71.3657,72.0007
2011-01-12,AGG,stock,105.49,105.6,105.31,105.57,562400,2011-01-12,2011-01-12,51.0776,71.7817,71.3580,71.9954
2011-01-11,AGG,stock,105.81,105.81,105.444,105.58,620800,2011-01-11,2011-01-11,51.2207,71.7724,71.3528,72.0005
2011-01-10,AGG,stock,105.59,105.79,105.55,105.79,566000,2011-01-10,2011-01-10,54.1820,71.7613,71.3476,72.0056
2011-01-07,AGG,stock,105.31,105.61,105.18,105.51,968500,2011-01-07,2011-01-07,50.6496,71.7341,71.3408,72.0050
2011-01-06,AGG,stock,105.31,105.31,105.11,105.17,2032600,2011-01-06,2011-01-06,45.9511,71.7240,71.3359,72.0121
2011-01-05,AGG,stock,105.28,105.36,104.941,105.15,864200,2011-01-05,2011-01-05,45.6685,71.7373,71.3333,72.0290
2011-01-04,AGG,stock,105.68,105.7724,105.5,105.66,625500,2011-01-04,2011-01-04,52.1200,71.7533,71.3307,72.0472
2011-01-03,AGG,stock,105.4,105.68,105.3,105.63,739700,2011-01-03,2011-01-03,51.7477,71.7346,71.3247,72.0519
2010-12-31,AGG,stock,105.38,105.75,105.37,105.75,551600,2010-12-31,2010-12-31,53.2868,71.7159,71.3188,72.0576
2010-12-30,AGG,stock,105.28,105.39,105.1,105.32,780500,2010-12-30,2010-12-30,48.1560,71.6868,71.3120,72.0602
2010-12-29,AGG,stock,104.71,105.47,104.68,105.4,487100,2010-12-29,2010-12-29,49.0875,71.6853,71.3081,72.0749
2010-12-28,AGG,stock,105.16,105.28,104.66,104.66,709000,2010-12-28,2010-12-28,38.9442,71.6780,71.3036,72.0880
2010-12-27,AGG,stock,105.36,105.68,105.16,105.62,686600,2010-12-27,2010-12-27,46.0069,71.7230,71.3042,72.1222
2010-12-23,AGG,stock,105.41,105.44,105.25,105.32,1285800,2010-12-23,2010-12-23,41.1838,71.7287,71.3005,72.1407
2010-12-22,AGG,stock,105.71,105.71,105.4,105.5175,669500,2010-12-22,2010-12-22,43.5626,71.7564,71.2988,72.1682
2010-12-21,AGG,stock,105.49,105.65,105.3805,105.64,1520300,2010-12-21,2010-12-21,45.0617,71.7729,71.2958,72.1914
2010-12-20,AGG,stock,105.41,105.67,105.262,105.44,930100,2010-12-20,2010-12-20,42.0378,71.7824,71.2919,72.2122
2010-12-17,AGG,stock,104.83,105.41,104.83,105.37,1579300,2010-12-17,2010-12-17,40.9821,71.8072,71.2894,72.2394
2010-12-16,AGG,stock,104.5,104.84,104.3,104.8,1647800,2010-12-16,2010-12-16,31.5557,71.8396,71.2872,72.2696
2010-12-15,AGG,stock,104.86,104.99,104.36,104.6,1357500,2010-12-15,2010-12-15,27.7984,71.9161,71.2890,72.3168
2010-12-14,AGG,stock,105.16,105.28,104.6,104.782,941200,2010-12-14,2010-12-14,29.1506,72.0149,71.2921,72.3715
2010-12-13,AGG,stock,105.07,105.48,104.97,105.37,1813000,2010-12-13,2010-12-13,34.1314,72.1112,71.2941,72.4233
2010-12-10,AGG,stock,105.49,105.49,105.21,105.3,1217500,2010-12-10,2010-12-10,32.8634,72.1756,71.2920,72.4611
2010-12-09,AGG,stock,105.48,105.63,105.272,105.5,805800,2010-12-09,2010-12-09,34.6322,72.2518,71.2904,72.5023
2010-12-08,AGG,stock,105.55,105.55,104.93,105.31,1856200,2010-12-08,2010-12-08,31.3738,72.3217,71.2874,72.5396
2010-12-07,AGG,stock,106.26,106.3262,105.68,105.82,1214600,2010-12-07,2010-12-07,35.8249,72.4125,71.2857,72.5837
2010-12-06,AGG,stock,106.45,106.65,106.4,106.65,2606200,2010-12-06,2010-12-06,45.6019,72.4765,71.2805,72.6155
2010-12-03,AGG,stock,106.44,106.5,106.12,106.26,660000,2010-12-03,2010-12-03,38.2488,72.4879,71.2695,72.6256
2010-12-02,AGG,stock,106.32,106.35,106.04,106.05,1124900,2010-12-02,2010-12-02,33.7728,72.5284,71.2612,72.6469
2010-12-01,AGG,stock,106.56,106.56,106.25,106.26,950600,2010-12-01,2010-12-01,36.2100,72.5882,71.2541,72.6749
2010-11-30,AGG,stock,107.74,107.74,107.33,107.37,767900,2010-11-30,2010-11-30,43.9902,72.6392,71.2456,72.6982
2010-11-29,AGG,stock,107.59,107.59,107.3476,107.44,658900,2010-11-29,2010-11-29,45.1212,72.6560,71.2332,72.7072
2010-11-26,AGG,stock,107.23,107.42,107.2194,107.37,134200,2010-11-26,2010-11-26,43.7789,72.6697,71.2202,72.7145
2010-11-24,AGG,stock,107.5,107.52,107.14,107.15,740700,2010-11-24,2010-11-24,39.4573,72.6897,71.2075,72.7241
2010-11-23,AGG,stock,107.84,107.89,107.67,107.67,412300,2010-11-23,2010-11-23,47.4652,72.7275,71.1962,72.7402
2010-11-22,AGG,stock,107.44,107.61,107.44,107.56,512200,2010-11-22,2010-11-22,45.2840,72.7322,71.1813,72.7426
2010-11-19,AGG,stock,107.22,107.37,107.19,107.3,658200,2010-11-19,2010-11-19,39.7978,72.7454,71.1670,72.7481
2010-11-18,AGG,stock,107.08,107.2,106.93,107.18,916100,2010-11-18,2010-11-18,37.0946,72.7783,71.1543,72.7610
2010-11-17,AGG,stock,107.33,107.4701,107.15,107.21,822500,2010-11-17,2010-11-17,37.4853,72.8233,71.1422,72.7777
2010-11-16,AGG,stock,107.01,107.21,106.68,107.18,1459500,2010-11-16,2010-11-16,36.8679,72.8709,71.1299,72.7943
2010-11-15,AGG,stock,107.3,107.4001,106.89,106.92,2020300,2010-11-15,2010-11-15,31.4161,72.9256,71.1176,72.8124
2010-11-12,AGG,stock,107.8,107.94,107.51,107.51,759500,2010-11-12,2010-11-12,38.4042,73.0045,71.1070,72.8384
2010-11-11,AGG,stock,107.95,108,107.81,107.94,425100,2010-11-11,2010-11-11,45.2098,73.0498,71.0922,72.8492
2010-11-10,AGG,stock,108.0302,108.1364,107.62,107.95,910100,2010-11-10,2010-11-10,45.3835,73.0694,71.0744,72.8485
2010-11-09,AGG,stock,108.55,108.6,108,108.04,686800,2010-11-09,2010-11-09,46.8888,73.0902,71.0564,72.8476
2010-11-08,AGG,stock,108.61,108.75,108.54,108.57,370500,2010-11-08,2010-11-08,57.2776,73.1069,71.0375,72.8442
2010-11-05,AGG,stock,108.62,108.75,108.52,108.62,1150200,2010-11-05,2010-11-05,58.4113,73.0877,71.0149,72.8260
2010-11-04,AGG,stock,108.75,108.99,108.67,108.92,626100,2010-11-04,2010-11-04,65.6511,73.0629,70.9917,72.8057
2010-11-03,AGG,stock,108.61,108.82,108.29,108.4,462600,2010-11-03,2010-11-03,57.0911,73.0142,70.9662,72.7763
2010-11-02,AGG,stock,108.47,108.47,108.333,108.42,1052600,2010-11-02,2010-11-02,57.6038,72.9973,70.9440,72.7601
2010-11-01,AGG,stock,108.38,108.49,108.12,108.23,737100,2010-11-01,2010-11-01,53.9563,72.9772,70.9215,72.7426
2010-10-29,AGG,stock,108.45,108.55,108.36,108.55,963600,2010-10-29,2010-10-29,54.9810,72.9685,70.9000,72.7296
2010-10-28,AGG,stock,108.15,108.35,108.15,108.32,505300,2010-10-28,2010-10-28,50.4593,72.9557,70.8780,72.7149
2010-10-27,AGG,stock,108.15,108.35,108.02,108.05,587900,2010-10-27,2010-10-27,44.3685,72.9579,70.8573,72.7060
2010-10-26,AGG,stock,108.38,108.41,108.2001,108.26,433200,2010-10-26,2010-10-26,48.6921,72.9795,70.8382,72.7040
2010-10-25,AGG,stock,108.8,108.8,108.49,108.51,723500,2010-10-25,2010-10-25,54.5706,72.9884,70.8176,72.6963
2010-10-22,AGG,stock,108.45,108.57,108.41,108.5,551400,2010-10-22,2010-10-22,54.3660,72.9805,70.7950,72.6813
2010-10-21,AGG,stock,108.58,108.6599,108.45,108.45,507100,2010-10-21,2010-10-21,53.3912,72.9726,70.7723,72.6660
2010-10-20,AGG,stock,108.49,108.72,108.41,108.62,849500,2010-10-20,2010-10-20,57.2521,72.9673,70.7497,72.6514
2010-10-19,AGG,stock,108.3,108.6172,108.25,108.49,607200,2010-10-19,2010-10-19,54.9382,72.9495,70.7257,72.6316
2010-10-18,AGG,stock,108.25,108.4683,108.17,108.4,755700,2010-10-18,2010-10-18,53.3137,72.9389,70.7023,72.6146
2010-10-15,AGG,stock,108.21,108.23,107.9719,108.02,882600,2010-10-15,2010-10-15,45.6289,72.9337,70.6793,72.5993
2010-10-14,AGG,stock,108.62,108.67,108.2,108.24,1091800,2010-10-14,2010-10-14,50.0586,72.9548,70.6587,72.5938
2010-10-13,AGG,stock,108.7,108.72,108.45,108.64,984200,2010-10-13,2010-10-13,59.8720,72.9625,70.6364,72.5821
2010-10-12,AGG,stock,108.82,108.9,108.6,108.65,573300,2010-10-12,2010-10-12,60.1457,72.9428,70.6111,72.5589
2010-10-11,AGG,stock,108.82,108.85,108.718,108.76,434600,2010-10-11,2010-10-11,63.0919,72.9202,70.5855,72.5345
2010-10-08,AGG,stock,108.91,108.93,108.76,108.82,604500,2010-10-08,2010-10-08,64.6970,72.8874,70.5589,72.5060
2010-10-07,AGG,stock,108.69,108.73,108.56,108.6,962900,2010-10-07,2010-10-07,61.3490,72.8470,70.5316,72.4748
2010-10-06,AGG,stock,108.67,108.77,108.54,108.55,1041900,2010-10-06,2010-10-06,60.5597,72.8179,70.5056,72.4483
2010-10-05,AGG,stock,108.61,108.61,108.38,108.44,758500,2010-10-05,2010-10-05,58.8426,72.7892,70.4796,72.4221
2010-10-04,AGG,stock,108.29,108.51,108.26,108.44,772100,2010-10-04,2010-10-04,58.8426,72.7654,70.4541,72.3979
2010-10-01,AGG,stock,108.26,108.37,108.14,108.26,1366700,2010-10-01,2010-10-01,56.1488,72.7390,70.4284,72.3727
2010-09-30,AGG,stock,108.64,108.7,108.29,108.65,2628600,2010-09-30,2010-09-30,58.6269,72.7227,70.4036,72.3514
2010-09-29,AGG,stock,108.72,108.8,108.6,108.69,833500,2010-09-29,2010-09-29,59.4028,72.6957,70.3777,72.3257
2010-09-28,AGG,stock,108.49,108.87,108.49,108.77,980300,2010-09-28,2010-09-28,60.8997,72.6630,70.3513,72.2980
2010-09-27,AGG,stock,108.39,108.58,108.3,108.51,956800,2010-09-27,2010-09-27,57.6815,72.6213,70.3241,72.2669
2010-09-24,AGG,stock,108.36,108.4044,108.13,108.14,1116600,2010-09-24,2010-09-24,52.5172,72.5936,70.2984,72.2417
2010-09-23,AGG,stock,108.66,108.66,108.4,108.54,837200,2010-09-23,2010-09-23,59.8491,72.5891,70.2749,72.2256
2010-09-22,AGG,stock,108.47,108.62,108.36,108.42,652900,2010-09-22,2010-09-22,58.2244,72.5558,70.2484,72.1978
2010-09-21,AGG,stock,108.01,108.46,107.9919,108.39,497200,2010-09-21,2010-09-21,57.8282,72.5275,70.2225,72.1723
2010-09-20,AGG,stock,107.85,108,107.772,107.93,717000,2010-09-20,2010-09-20,51.2457,72.4984,70.1966,72.1465
2010-09-17,AGG,stock,107.74,108,107.74,107.89,719400,2010-09-17,2010-09-17,50.6234,72.4987,70.1735,72.1322
2010-09-16,AGG,stock,107.79,107.89,107.56,107.75,691600,2010-09-16,2010-09-16,48.4864,72.5019,70.1504,72.1185
2010-09-15,AGG,stock,108,108.17,107.88,107.93,813500,2010-09-15,2010-09-15,51.1282,72.5153,70.1281,72.1081
2010-09-14,AGG,stock,107.82,108.14,107.77,108.13,792300,2010-09-14,2010-09-14,54.1736,72.5175,70.1043,72.0923
2010-09-13,AGG,stock,107.52,107.83,107.47,107.74,1044100,2010-09-13,2010-09-13,48.6335,72.5056,70.0789,72.0703
2010-09-10,AGG,stock,107.62,107.7181,107.48,107.5,770900,2010-09-10,2010-09-10,44.8218,72.5202,70.0559,72.0582
2010-09-09,AGG,stock,108,108.08,107.7,107.73,769800,2010-09-09,2010-09-09,47.9909,72.5532,70.0343,72.0521
2010-09-08,AGG,stock,108.2,108.34,108.136,108.25,819800,2010-09-08,2010-09-08,56.3562,72.5734,70.0109,72.0395
2010-09-07,AGG,stock,108.14,108.435,108.09,108.33,512400,2010-09-07,2010-09-07,57.7954,72.5590,69.9838,72.0121
2010-09-03,AGG,stock,107.9,108.08,107.78,108.02,856000,2010-09-03,2010-09-03,53.5248,72.5375,69.9558,71.9815
2010-09-02,AGG,stock,108.25,108.28,108.1,108.27,1217500,2010-09-02,2010-09-02,57.9131,72.5355,69.9297,71.9580
2010-09-01,AGG,stock,108.42,108.55,108.07,108.41,976100,2010-09-01,2010-09-01,60.4920,72.5157,69.9016,71.9268
2010-08-31,AGG,stock,108.85,108.99,108.7378,108.94,737700,2010-08-31,2010-08-31,64.9191,72.4839,69.8723,71.8904
2010-08-30,AGG,stock,108.48,108.86,108.3319,108.86,429900,2010-08-30,2010-08-30,64.0755,72.4325,69.8411,71.8462
2010-08-27,AGG,stock,108.6,108.83,108.12,108.13,475500,2010-08-27,2010-08-27,54.8827,72.3813,69.8102,71.8024
2010-08-26,AGG,stock,108.63,108.94,108.56,108.73,1177900,2010-08-26,2010-08-26,68.2026,72.3761,69.7839,71.7768
2010-08-25,AGG,stock,108.96,109.09,108.552,108.59,486000,2010-08-25,2010-08-25,66.4378,72.3281,69.7532,71.7337
2010-08-24,AGG,stock,108.57,108.86,108.38,108.84,834000,2010-08-24,2010-08-24,73.1720,72.2849,69.7232,71.6927
2010-08-23,AGG,stock,108.31,108.41,108.2,108.41,479900,2010-08-23,2010-08-23,67.9899,72.2196,69.6913,71.6432
2010-08-20,AGG,stock,108.41,108.43,108.1935,108.3,665300,2010-08-20,2010-08-20,66.4506,72.1776,69.6618,71.6034
2010-08-19,AGG,stock,108.11,108.5,108.0799,108.45,469500,2010-08-19,2010-08-19,70.7593,72.1391,69.6329,71.5651
2010-08-18,AGG,stock,108.34,108.34,108.05,108.1,558300,2010-08-18,2010-08-18,65.9798,72.0859,69.6026,71.5210
2010-08-17,AGG,stock,108.24,108.26,108.11,108.22,513500,2010-08-17,2010-08-17,69.6018,72.0517,69.5744,71.4847
2010-08-16,AGG,stock,108.33,108.3699,108.21,108.35,773200,2010-08-16,2010-08-16,73.6700,72.0055,69.5451,71.4436
2010-08-13,AGG,stock,107.77,108,107.67,107.99,580300,2010-08-13,2010-08-13,69.0126,71.9453,69.5146,71.3974
2010-08-12,AGG,stock,107.93,107.98,107.67,107.74,671600,2010-08-12,2010-08-12,65.0231,71.9042,69.4862,71.3590
2010-08-11,AGG,stock,107.91,107.956,107.79,107.91,682300,2010-08-11,2010-08-11,70.7769,71.8763,69.4593,71.3260
2010-08-10,AGG,stock,107.63,107.92,107.56,107.81,571900,2010-08-10,2010-08-10,69.2927,71.8335,69.4309,71.2869
2010-08-09,AGG,stock,107.66,107.68,107.53,107.63,506900,2010-08-09,2010-08-09,66.4441,71.7932,69.4029,71.2490
2010-08-06,AGG,stock,107.67,107.735,107.48,107.63,809200,2010-08-06,2010-08-06,66.4441,71.7614,69.3759,71.2145
2010-08-05,AGG,stock,107.43,107.49,107.28,107.42,972200,2010-08-05,2010-08-05,62.9905,71.7263,69.3485,71.1785
2010-08-04,AGG,stock,107.48,107.58,107.15,107.29,981700,2010-08-04,2010-08-04,60.6633,71.7023,69.3223,71.1468
2010-08-03,AGG,stock,107.56,107.63,107.42,107.48,1150000,2010-08-03,2010-08-03,66.3233,71.6849,69.2968,71.1174
2010-08-02,AGG,stock,107.49,107.56,107.32,107.41,1532400,2010-08-02,2010-08-02,65.2130,71.6522,69.2696,71.0816
2010-07-30,AGG,stock,107.94,107.96,107.72,107.85,937100,2010-07-30,2010-07-30,69.6643,71.6211,69.2427,71.0462
2010-07-29,AGG,stock,107.44,107.67,107.4019,107.67,444800,2010-07-29,2010-07-29,67.1022,71.5764,69.2146,71.0054
2010-07-28,AGG,stock,107.37,107.6098,107.36,107.57,495000,2010-07-28,2010-07-28,65.6035,71.5397,69.1873,70.9679
2010-07-27,AGG,stock,107.39,107.488,107.32,107.37,516900,2010-07-27,2010-07-27,62.4245,71.5061,69.1605,70.9315
2010-07-26,AGG,stock,107.47,107.47,107.24,107.41,836300,2010-07-26,2010-07-26,63.5146,71.4830,69.1347,70.8991
2010-07-23,AGG,stock,107.64,107.64,107.29,107.43,708800,2010-07-23,2010-07-23,64.0339,71.4547,69.1084,70.8643
2010-07-22,AGG,stock,107.63,107.63,107.491,107.62,920000,2010-07-22,2010-07-22,69.0103,71.4220,69.0817,70.8276
2010-07-21,AGG,stock,107.26,107.75,107.26,107.72,518400,2010-07-21,2010-07-21,71.7349,71.3726,69.0534,70.7841
2010-07-20,AGG,stock,107.4,107.5,107.24,107.25,616900,2010-07-20,2010-07-20,65.8508,71.3108,69.0242,70.7362
2010-07-19,AGG,stock,107.38,107.469,107.26,107.33,425600,2010-07-19,2010-07-19,68.0912,71.2757,68.9979,70.6991
2010-07-16,AGG,stock,107.29,107.49,107.2,107.43,386100,2010-07-16,2010-07-16,70.8907,71.2312,68.9708,70.6583
2010-07-15,AGG,stock,107.06,107.2365,106.97,107.1,1254100,2010-07-15,2010-07-15,66.6947,71.1749,68.9427,70.6131
2010-07-14,AGG,stock,106.74,106.98,106.73,106.95,786900,2010-07-14,2010-07-14,64.5371,71.1360,68.9165,70.5751
2010-07-13,AGG,stock,106.86,106.87,106.58,106.59,402300,2010-07-13,2010-07-13,58.5534,71.1035,68.8911,70.5396
2010-07-12,AGG,stock,106.9,107,106.8,106.86,323500,2010-07-12,2010-07-12,66.3502,71.0930,68.8679,70.5124
2010-07-09,AGG,stock,106.67,106.91,106.67,106.74,490600,2010-07-09,2010-07-09,64.3935,71.0623,68.8426,70.4769
2010-07-08,AGG,stock,106.82,106.98,106.67,106.9,622100,2010-07-08,2010-07-08,69.3890,71.0368,68.8178,70.4431
2010-07-07,AGG,stock,107.13,107.15,106.9,106.92,1011200,2010-07-07,2010-07-07,70.0195,70.9974,68.7918,70.4036
2010-07-06,AGG,stock,106.85,107.1,106.75,107.06,553200,2010-07-06,2010-07-06,74.4146,70.9524,68.7653,70.3619
2010-07-02,AGG,stock,106.69,106.886,106.68,106.73,586100,2010-07-02,2010-07-02,70.3397,70.8929,68.7376,70.3147
2010-07-01,AGG,stock,107.01,107.12,106.79,106.88,744800,2010-07-01,2010-07-01,75.4090,70.8503,68.7119,70.2746
2010-06-30,AGG,stock,107.32,107.35,107.04,107.25,1050800,2010-06-30,2010-06-30,77.3196,70.7927,68.6849,70.2287
2010-06-29,AGG,stock,107.17,107.26,106.976,107.24,469000,2010-06-29,2010-06-29,77.2231,70.7251,68.6573,70.1795
2010-06-28,AGG,stock,106.97,107,106.8101,106.92,529600,2010-06-28,2010-06-28,73.9280,70.6511,68.6294,70.1286
2010-06-25,AGG,stock,106.47,106.79,106.47,106.72,513800,2010-06-25,2010-06-25,71.5385,70.5917,68.6034,70.0842
2010-06-24,AGG,stock,106.8,106.88,106.4919,106.57,812300,2010-06-24,2010-06-24,69.5979,70.5401,68.5785,70.0435
2010-06-23,AGG,stock,106.35,106.74,106.35,106.66,334200,2010-06-23,2010-06-23,72.3461,70.4936,68.5544,70.0052
2010-06-22,AGG,stock,106.28,106.46,106.13,106.39,560100,2010-06-22,2010-06-22,68.9282,70.4359,68.5294,69.9629
2010-06-21,AGG,stock,105.97,106.28,105.82,106.28,696100,2010-06-21,2010-06-21,67.4041,70.3911,68.5059,69.9262
2010-06-18,AGG,stock,106.34,106.34,106.03,106.05,634000,2010-06-18,2010-06-18,63.9732,70.3492,68.4830,69.8910
2010-06-17,AGG,stock,105.95,106.35,105.95,106.22,776100,2010-06-17,2010-06-17,68.9546,70.3190,68.4614,69.8606
2010-06-16,AGG,stock,105.72,105.99,105.72,105.968,654100,2010-06-16,2010-06-16,65.2276,70.2738,68.4384,69.8243
2010-06-15,AGG,stock,105.86,105.95,105.65,105.81,882800,2010-06-15,2010-06-15,62.6146,70.2415,68.4168,69.7935
2010-06-14,AGG,stock,105.64,105.81,105.46,105.81,600200,2010-06-14,2010-06-14,62.6146,70.2168,68.3962,69.7656
2010-06-11,AGG,stock,105.64,105.887,105.5701,105.66,442000,2010-06-11,2010-06-11,60.1642,70.1896,68.3753,69.7366
2010-06-10,AGG,stock,105.76,105.83,105.55,105.6,649200,2010-06-10,2010-06-10,59.1702,70.1700,68.3551,69.7105
2010-06-09,AGG,stock,105.8,105.96,105.67,105.92,539000,2010-06-09,2010-06-09,67.5132,70.1525,68.3352,69.6850
2010-06-08,AGG,stock,105.96,106.04,105.86,105.86,636400,2010-06-08,2010-06-08,66.6956,70.1108,68.3130,69.6498
2010-06-07,AGG,stock,105.57,105.99,105.57,105.98,417100,2010-06-07,2010-06-07,69.9657,70.0689,68.2909,69.6147
2010-06-04,AGG,stock,105.67,105.82,105.51,105.67,1365400,2010-06-04,2010-06-04,65.9624,70.0142,68.2678,69.5749
2010-06-03,AGG,stock,105.32,105.51,105.23,105.4,1231300,2010-06-03,2010-06-03,61.8498,69.9754,68.2466,69.5420
2010-06-02,AGG,stock,105.59,105.63,105.439,105.45,1241600,2010-06-02,2010-06-02,63.1621,69.9515,68.2269,69.5150
2010-06-01,AGG,stock,105.33,105.61,105.29,105.56,1717500,2010-06-01,2010-06-01,66.0238,69.9215,68.2067,69.4856
2010-05-28,AGG,stock,105.58,105.81,105.57,105.71,658900,2010-05-28,2010-05-28,63.6153,69.8807,68.1856,69.4520
2010-05-27,AGG,stock,105.67,105.67,105.37,105.6,1072500,2010-05-27,2010-05-27,62.0317,69.8478,68.1654,69.4217
2010-05-26,AGG,stock,105.91,105.94,105.7,105.85,886400,2010-05-26,2010-05-26,68.3057,69.8190,68.1458,69.3931
2010-05-25,AGG,stock,106.1,106.27,105.93,105.97,1154700,2010-05-25,2010-05-25,71.5303,69.7698,68.1242,69.3567
2010-05-24,AGG,stock,105.9,106,105.82,105.84,1322700,2010-05-24,2010-05-24,70.1109,69.7070,68.1017,69.3154
2010-05-21,AGG,stock,105.76,105.97,105.56,105.9,1048200,2010-05-21,2010-05-21,71.6417,69.6466,68.0798,69.2761
2010-05-20,AGG,stock,105.76,105.831,105.3,105.45,876900,2010-05-20,2010-05-20,66.5564,69.5758,68.0573,69.2334
2010-05-19,AGG,stock,105.52,105.63,105.34,105.54,577300,2010-05-19,2010-05-19,68.8493,69.5289,68.0376,69.2013
2010-05-18,AGG,stock,105.28,105.54,105.16,105.49,572400,2010-05-18,2010-05-18,68.2856,69.4707,68.0170,69.1654
2010-05-17,AGG,stock,105.13,105.4899,105.05,105.13,312900,2010-05-17,2010-05-17,63.9212,69.4100,67.9966,69.1294
2010-05-14,AGG,stock,105.17,105.36,104.98,105.21,585600,2010-05-14,2010-05-14,65.7894,69.3680,67.9784,69.1016
2010-05-13,AGG,stock,104.88,104.92,104.66,104.83,352700,2010-05-13,2010-05-13,60.7266,69.3160,67.9595,69.0706
2010-05-12,AGG,stock,104.67,104.79,104.57,104.68,426600,2010-05-12,2010-05-12,58.4741,69.2852,67.9429,69.0486
2010-05-11,AGG,stock,104.8,104.8,104.45,104.79,417500,2010-05-11,2010-05-11,60.8507,69.2615,67.9271,69.0298
2010-05-10,AGG,stock,104.42,104.62,104.34,104.4,1173600,2010-05-10,2010-05-10,54.8030,69.2277,67.9105,69.0072
2010-05-07,AGG,stock,105.1,105.5,104.4,104.41,1415400,2010-05-07,2010-05-07,55.0053,69.2175,67.8963,68.9943
2010-05-06,AGG,stock,104.91,105.59,104.72,104.87,1366600,2010-05-06,2010-05-06,65.3025,69.2056,67.8819,68.9805
2010-05-05,AGG,stock,104.89,105,104.72,104.72,662400,2010-05-05,2010-05-05,63.2175,69.1603,67.8642,68.9538
2010-05-04,AGG,stock,104.74,104.82,104.56,104.8,690200,2010-05-04,2010-05-04,65.1566,69.1207,67.8474,68.9300
2010-05-03,AGG,stock,104.4,104.489,104.25,104.38,638600,2010-05-03,2010-05-03,59.0305,69.0713,67.8299,68.9031
2010-04-30,AGG,stock,104.49,104.95,104.49,104.89,920200,2010-04-30,2010-04-30,63.9486,69.0461,67.8150,68.8864
2010-04-29,AGG,stock,104.42,104.53,104.33,104.44,662300,2010-04-29,2010-04-29,56.2784,69.0044,67.7987,68.8638
2010-04-28,AGG,stock,104.41,104.56,104.3,104.4,929600,2010-04-28,2010-04-28,55.4969,68.9897,67.7852,68.8523
2010-04-27,AGG,stock,104.37,104.72,104.35,104.56,950900,2010-04-27,2010-04-27,59.4435,68.9762,67.7718,68.8415
2010-04-26,AGG,stock,104.3,104.38,104.2,104.23,587100,2010-04-26,2010-04-26,53.0489,68.9502,67.7572,68.8259
2010-04-23,AGG,stock,104.2,104.29,104.1337,104.24,481000,2010-04-23,2010-04-23,53.2853,68.9444,67.7446,68.8186
2010-04-22,AGG,stock,104.55,104.65,104.29,104.37,221600,2010-04-22,2010-04-22,56.3148,68.9373,67.7319,68.8107
2010-04-21,AGG,stock,104.4,104.58,104.32,104.58,747600,2010-04-21,2010-04-21,61.5650,68.9204,67.7182,68.7989
2010-04-20,AGG,stock,104.23,104.4,104.2,104.4,652200,2010-04-20,2010-04-20,58.4844,68.8871,67.7029,68.7811
2010-04-19,AGG,stock,104.41,104.5,104.21,104.23,769500,2010-04-19,2010-04-19,55.3456,68.8629,67.6887,68.7673
2010-04-16,AGG,stock,104.3,104.5,104.22,104.42,479300,2010-04-16,2010-04-16,60.0580,68.8479,67.6755,68.7576
2010-04-15,AGG,stock,104.04,104.27,103.89,104.26,837700,2010-04-15,2010-04-15,57.2090,68.8181,67.6608,68.7424
2010-04-14,AGG,stock,104.15,104.25,103.97,104.07,513500,2010-04-14,2010-04-14,53.5560,68.7963,67.6471,68.7309
2010-04-13,AGG,stock,104.12,104.22,104.051,104.19,680900,2010-04-13,2010-04-13,56.3786,68.7855,67.6345,68.7240
2010-04-12,AGG,stock,103.91,104.04,103.8,104.02,476500,2010-04-12,2010-04-12,53.1290,68.7651,67.6210,68.7136
2010-04-09,AGG,stock,103.71,103.82,103.6,103.78,414200,2010-04-09,2010-04-09,48.0563,68.7545,67.6085,68.7074
2010-04-08,AGG,stock,103.91,103.9399,103.64,103.67,406700,2010-04-08,2010-04-08,45.5482,68.7595,67.5975,68.7074
2010-04-07,AGG,stock,103.4,103.77,103.4,103.77,746600,2010-04-07,2010-04-07,47.4836,68.7726,67.5871,68.7103
2010-04-06,AGG,stock,103.28,103.47,103.28,103.33,934800,2010-04-06,2010-04-06,36.4508,68.7802,67.5759,68.7107
2010-04-05,AGG,stock,103.59,103.59,103.13,103.199,849300,2010-04-05,2010-04-05,32.5323,68.8192,67.5675,68.7230
2010-04-01,AGG,stock,103.82,103.93,103.72,103.84,1386100,2010-04-01,2010-04-01,45.1941,68.8715,67.5599,68.7394
2010-03-31,AGG,stock,104.17,104.34,104.15,104.2,808300,2010-03-31,2010-03-31,46.2062,68.8846,67.5480,68.7391
2010-03-30,AGG,stock,104.12,104.1948,104.0201,104.14,460500,2010-03-30,2010-03-30,44.4269,68.8964,67.5357,68.7377
2010-03-29,AGG,stock,104.25,104.25,104.04,104.1,480000,2010-03-29,2010-03-29,43.2652,68.9136,67.5236,68.7379
2010-03-26,AGG,stock,103.97,104.25,103.96,104.22,1251100,2010-03-26,2010-03-26,45.9404,68.9354,67.5117,68.7392
2010-03-25,AGG,stock,104.23,104.24,103.86,104.05,1416700,2010-03-25,2010-03-25,41.1539,68.9511,67.4989,68.7373
2010-03-24,AGG,stock,104.67,104.67,104.22,104.32,602700,2010-03-24,2010-03-24,47.3349,68.9803,67.4871,68.7398
2010-03-23,AGG,stock,104.79,104.94,104.79,104.85,725700,2010-03-23,2010-03-23,65.1783,68.9939,67.4734,68.7353
2010-03-22,AGG,stock,104.87,104.91,104.75,104.83,526700,2010-03-22,2010-03-22,64.7122,68.9720,67.4560,68.7162
2010-03-19,AGG,stock,104.76,104.8526,104.7,104.75,388600,2010-03-19,2010-03-19,62.8660,68.9492,67.4386,68.6970
2010-03-18,AGG,stock,104.91,104.918,104.79,104.83,618200,2010-03-18,2010-03-18,66.0761,68.9296,67.4216,68.6791
2010-03-17,AGG,stock,104.8,104.97,104.8,104.92,662100,2010-03-17,2010-03-17,69.7994,68.9023,67.4038,68.6583
2010-03-16,AGG,stock,104.64,104.89,104.59,104.84,507700,2010-03-16,2010-03-16,68.3263,68.8659,67.3853,68.6342
2010-03-15,AGG,stock,104.62,104.66,104.4999,104.65,832600,2010-03-15,2010-03-15,64.5083,68.8313,67.3671,68.6113
2010-03-12,AGG,stock,104.49,104.63,104.4,104.515,854200,2010-03-12,2010-03-12,61.4417,68.8062,67.3500,68.5926
2010-03-11,AGG,stock,104.47,104.6,104.42,104.51,540000,2010-03-11,2010-03-11,61.3268,68.7878,67.3336,68.5768
2010-03-10,AGG,stock,104.38,104.51,104.38,104.51,512000,2010-03-10,2010-03-10,61.3268,68.7679,67.3171,68.5604
2010-03-09,AGG,stock,104.62,104.64,104.48,104.58,1140200,2010-03-09,2010-03-09,63.6155,68.7458,67.3004,68.5434
2010-03-08,AGG,stock,104.39,104.47,104.3,104.46,1827100,2010-03-08,2010-03-08,61.3175,68.7166,67.2831,68.5238
2010-03-05,AGG,stock,104.5,104.5,104.25,104.39,1057500,2010-03-05,2010-03-05,59.9473,68.6926,67.2664,68.5066
2010-03-04,AGG,stock,104.34,104.6299,104.34,104.59,782700,2010-03-04,2010-03-04,66.1654,68.6710,67.2500,68.4907
2010-03-03,AGG,stock,104.3,104.45,104.29,104.4,492600,2010-03-03,2010-03-03,62.7577,68.6332,67.2321,68.4686
2010-03-02,AGG,stock,104.29,104.45,104.29,104.4,661200,2010-03-02,2010-03-02,62.7577,68.6046,67.2153,68.4508
2010-03-01,AGG,stock,104.35,104.4799,104.25,104.36,618000,2010-03-01,2010-03-01,62.0641,68.5730,67.1983,68.4323
2010-02-26,AGG,stock,104.5,104.65,104.5,104.53,658600,2010-02-26,2010-02-26,59.3855,68.5409,67.1814,68.4141
2010-02-25,AGG,stock,104.46,104.51,104.23,104.51,658800,2010-02-25,2010-02-25,59.0344,68.5160,67.1654,68.3993
2010-02-24,AGG,stock,104.31,104.4072,104.17,104.3,542100,2010-02-24,2010-02-24,55.2644,68.4898,67.1493,68.3844
2010-02-23,AGG,stock,103.92,104.25,103.92,104.19,539400,2010-02-23,2010-02-23,53.1681,68.4755,67.1345,68.3745
2010-02-22,AGG,stock,103.88,104.01,103.78,103.82,1120700,2010-02-22,2010-02-22,45.1386,68.4672,67.1202,68.3672
2010-02-19,AGG,stock,103.75,104,103.691,104,501500,2010-02-19,2010-02-19,48.9282,68.4837,67.1082,68.3695
2010-02-18,AGG,stock,103.99,104.1,103.75,103.92,400100,2010-02-18,2010-02-18,47.0952,68.4895,67.0949,68.3671
2010-02-17,AGG,stock,104.24,104.26,103.91,103.96,509200,2010-02-17,2010-02-17,47.8933,68.5014,67.0821,68.3667
2010-02-16,AGG,stock,104.03,104.33,103.97,104.28,592800,2010-02-16,2010-02-16,54.7907,68.5118,67.0688,68.3652
2010-02-12,AGG,stock,104.24,104.26,104.02,104.02,506100,2010-02-12,2010-02-12,49.2796,68.5012,67.0533,68.3551
2010-02-11,AGG,stock,104.04,104.1,103.82,103.998,547400,2010-02-11,2010-02-11,48.7892,68.5074,67.0393,68.3516
2010-02-10,AGG,stock,104.42,104.47,104.04,104.17,458300,2010-02-10,2010-02-10,52.4731,68.5158,67.0254,68.3485
2010-02-09,AGG,stock,104.41,104.64,104.35,104.41,707100,2010-02-09,2010-02-09,58.1634,68.5132,67.0101,68.3406
2010-02-08,AGG,stock,104.51,104.6,104.33,104.6,658400,2010-02-08,2010-02-08,63.2017,68.4937,66.9932,68.3260
2010-02-05,AGG,stock,104.43,104.74,104.2781,104.4,777600,2010-02-05,2010-02-05,59.7978,68.4589,66.9748,68.3057
2010-02-04,AGG,stock,104.28,104.52,104.221,104.36,595300,2010-02-04,2010-02-04,59.0951,68.4344,66.9575,68.2899
2010-02-03,AGG,stock,104.14,104.25,103.89,104.11,2040600,2010-02-03,2010-02-03,54.4772,68.4100,66.9403,68.2746
2010-02-02,AGG,stock,104.2,104.33,104.192,104.3,619000,2010-02-02,2010-02-02,59.1932,68.4004,66.9247,68.2653
2010-02-01,AGG,stock,104.36,104.4,104.13,104.18,501300,2010-02-01,2010-02-01,57.0106,68.3767,66.9076,68.2506
2010-01-29,AGG,stock,104.34,104.72,104.32,104.65,748600,2010-01-29,2010-01-29,60.5815,68.3587,66.8911,68.2385
2010-01-28,AGG,stock,104.4,104.56,104.34,104.41,640300,2010-01-28,2010-01-28,56.3132,68.3290,66.8735,68.2221
2010-01-27,AGG,stock,104.47,104.71,104.4335,104.5,618300,2010-01-27,2010-01-27,58.5197,68.3127,66.8573,68.2114
2010-01-26,AGG,stock,104.65,104.71,104.47,104.58,1288200,2010-01-26,2010-01-26,60.4756,68.2885,66.8404,68.1979
2010-01-25,AGG,stock,104.49,104.49,104.26,104.45,514200,2010-01-25,2010-01-25,58.3764,68.2562,66.8227,68.1817
2010-01-22,AGG,stock,104.38,104.64,104.35,104.46,426600,2010-01-22,2010-01-22,58.5987,68.2295,66.8058,68.1683
2010-01-21,AGG,stock,104.37,104.65,104.27,104.4,540200,2010-01-21,2010-01-21,57.7013,68.1993,66.7886,68.1540
2010-01-20,AGG,stock,104.27,104.4,104.2,104.37,614200,2010-01-20,2010-01-20,57.2713,68.1701,66.7716,68.1409
2010-01-19,AGG,stock,104.2,104.26,104,104.1,754800,2010-01-19,2010-01-19,53.3039,68.1399,66.7547,68.1279
2010-01-15,AGG,stock,104.3,104.4,104.18,104.2655,575300,2010-01-15,2010-01-15,56.2781,68.1251,66.7393,68.1217
2010-01-14,AGG,stock,103.97,104.18,103.87,104.07,498600,2010-01-14,2010-01-14,53.4278,68.0973,66.7228,68.1108
2010-01-13,AGG,stock,104.09,104.17,103.79,103.8,530900,2010-01-13,2010-01-13,49.1788,68.0801,66.7073,68.1047
2010-01-12,AGG,stock,103.87,104.24,103.82,104.24,1818500,2010-01-12,2010-01-12,57.0558,68.0798,66.6935,68.1056
2010-01-11,AGG,stock,103.65,103.72,103.51,103.58,684400,2010-01-11,2010-01-11,44.7240,68.0490,66.6766,68.0947
2010-01-08,AGG,stock,103.87,103.87,103.54,103.66,412300,2010-01-08,2010-01-08,46.2178,68.0606,66.6639,68.1010
2010-01-07,AGG,stock,103.66,103.71,103.472,103.6,705700,2010-01-07,2010-01-07,44.9370,68.0678,66.6506,68.1055
2010-01-06,AGG,stock,103.82,103.82,103.41,103.72,714300,2010-01-06,2010-01-06,47.0164,68.0800,66.6375,68.1118
2010-01-05,AGG,stock,103.62,103.82,103.52,103.78,500500,2010-01-05,2010-01-05,48.0487,68.0851,66.6235,68.1151
2010-01-04,AGG,stock,103.27,103.41,103.15,103.31,987900,2010-01-04,2010-01-04,38.1750,68.0867,66.6089,68.1169
2009-12-31,AGG,stock,103.04,103.3,102.7819,103.19,651800,2009-12-31,2009-12-31,35.2578,68.1208,66.5974,68.1314
2009-12-30,AGG,stock,103.3,103.32,103.08,103.32,532000,2009-12-30,2009-12-30,37.0148,68.1669,66.5864,68.1496
2009-12-29,AGG,stock,103.11,103.2,103,103.06,833800,2009-12-29,2009-12-29,30.5914,68.2088,66.5746,68.1652
2009-12-28,AGG,stock,103.77,103.9,103.2,103.24,3458400,2009-12-28,2009-12-28,27.3836,68.2731,66.5643,68.1883
2009-12-24,AGG,stock,103.88,103.99,103.73,103.87,388700,2009-12-24,2009-12-24,35.2094,68.3525,66.5547,68.2157
2009-12-23,AGG,stock,104.08,104.2,104,104.05,589100,2009-12-23,2009-12-23,38.0980,68.3969,66.5409,68.2273
2009-12-22,AGG,stock,104.13,104.1699,103.88,104.01,609400,2009-12-22,2009-12-22,37.0320,68.4336,66.5257,68.2346
2009-12-21,AGG,stock,104.67,104.7,104.29,104.314,628500,2009-12-21,2009-12-21,42.1551,68.4769,66.5107,68.2433
2009-12-18,AGG,stock,104.82,105,104.74,104.75,525900,2009-12-18,2009-12-18,51.6758,68.5039,66.4935,68.2442
2009-12-17,AGG,stock,104.8,104.85,104.62,104.75,481700,2009-12-17,2009-12-17,51.6758,68.5037,66.4732,68.2335
2009-12-16,AGG,stock,104.51,104.72,104.5,104.58,519000,2009-12-16,2009-12-16,47.7051,68.5034,66.4528,68.2224
2009-12-15,AGG,stock,104.45,104.56,104.36,104.39,475200,2009-12-15,2009-12-15,42.8298,68.5148,66.4333,68.2153
2009-12-14,AGG,stock,104.82,104.83,104.64,104.68,423300,2009-12-14,2009-12-14,49.3504,68.5405,66.4148,68.2131
2009-12-11,AGG,stock,104.74,104.76,104.56,104.62,517200,2009-12-11,2009-12-11,47.8243,68.5490,66.3943,68.2030
2009-12-10,AGG,stock,104.87,104.95,104.71,104.87,533100,2009-12-10,2009-12-10,54.1351,68.5624,66.3739,68.1941
2009-12-09,AGG,stock,105.1,105.2,104.9,104.95,455200,2009-12-09,2009-12-09,56.3444,68.5601,66.3517,68.1782
2009-12-08,AGG,stock,105.15,105.28,105.03,105.06,708300,2009-12-08,2009-12-08,59.4417,68.5520,66.3287,68.1594
2009-12-07,AGG,stock,104.86,105,104.75,104.92,558200,2009-12-07,2009-12-07,56.6238,68.5355,66.3048,68.1370
2009-12-04,AGG,stock,104.67,104.9,104.47,104.82,1243100,2009-12-04,2009-12-04,54.5283,68.5269,66.2816,68.1174
2009-12-03,AGG,stock,104.95,105.03,104.77,105.03,744800,2009-12-03,2009-12-03,60.1992,68.5242,66.2587,68.0997
2009-12-02,AGG,stock,105.19,105.3,104.94,105.02,480300,2009-12-02,2009-12-02,60.0154,68.5069,66.2343,68.0756
2009-12-01,AGG,stock,105.35,105.42,105.17,105.22,788800,2009-12-01,2009-12-01,65.6478,68.4884,66.2097,68.0508
2009-11-30,AGG,stock,105.63,105.83,105.34,105.83,632700,2009-11-30,2009-11-30,73.9093,68.4542,66.1835,68.0197
2009-11-27,AGG,stock,105.31,105.65,105.3,105.65,182500,2009-11-27,2009-11-27,71.5874,68.3987,66.1554,67.9805
2009-11-25,AGG,stock,105.41,105.56,105.29,105.56,418200,2009-11-25,2009-11-25,70.3628,68.3497,66.1282,67.9444
2009-11-24,AGG,stock,105.26,105.46,105.03,105.46,508000,2009-11-24,2009-11-24,68.9836,68.3017,66.1013,67.9093
2009-11-23,AGG,stock,105.05,105.17,104.92,105.15,470600,2009-11-23,2009-11-23,64.1859,68.2556,66.0748,67.8753
2009-11-20,AGG,stock,105.16,105.2,105.03,105.17,422500,2009-11-20,2009-11-20,64.7863,68.2259,66.0500,67.8483
2009-11-19,AGG,stock,105.18,105.24,104.99,105.13,393600,2009-11-19,2009-11-19,64.1638,68.1916,66.0249,67.8196
2009-11-18,AGG,stock,105.19,105.36,104.9,105.02,528100,2009-11-18,2009-11-18,62.4697,68.1566,65.9998,67.7908
2009-11-17,AGG,stock,105.06,105.24,105,105.24,681400,2009-11-17,2009-11-17,68.4821,68.1253,65.9751,67.7638
2009-11-16,AGG,stock,104.82,105.29,104.82,105.15,479900,2009-11-16,2009-11-16,67.2860,68.0757,65.9487,67.7298
2009-11-13,AGG,stock,104.77,104.9,104.58,104.9,408000,2009-11-13,2009-11-13,63.7365,68.0270,65.9227,67.6968
2009-11-12,AGG,stock,104.52,104.79,104.34,104.79,507000,2009-11-12,2009-11-12,62.0543,67.9904,65.8981,67.6691
2009-11-11,AGG,stock,104.5,104.81,104.46,104.58,509800,2009-11-11,2009-11-11,58.6543,67.9575,65.8739,67.6432
2009-11-10,AGG,stock,104.6,104.68,104.41,104.54,464500,2009-11-10,2009-11-10,57.9886,67.9355,65.8509,67.6219
2009-11-09,AGG,stock,104.45,104.57,104.346,104.51,509400,2009-11-09,2009-11-09,57.5121,67.9139,65.8279,67.6007
2009-11-06,AGG,stock,104.24,104.46,104.178,104.37,435500,2009-11-06,2009-11-06,55.3160,67.8921,65.8048,67.5795
2009-11-05,AGG,stock,104,104.33,103.7,104.28,899100,2009-11-05,2009-11-05,53.8934,67.8776,65.7824,67.5611
2009-11-04,AGG,stock,104.24,104.41,104.01,104.01,490700,2009-11-04,2009-11-04,49.4064,67.8678,65.7605,67.5444
2009-11-03,AGG,stock,104.4,104.51,104.17,104.18,684600,2009-11-03,2009-11-03,52.3871,67.8755,65.7400,67.5341
2009-11-02,AGG,stock,104.55,104.6,104.24,104.32,1036700,2009-11-02,2009-11-02,54.9209,67.8723,65.7182,67.5190
2009-10-30,AGG,stock,104.5,104.84,104.46,104.81,515200,2009-10-30,2009-10-30,58.0053,67.8591,65.6953,67.4995
2009-10-29,AGG,stock,104.53,104.57,104.29,104.41,590400,2009-10-29,2009-10-29,51.9809,67.8333,65.6711,67.4747
2009-10-28,AGG,stock,104.48,104.66,104.33,104.62,651700,2009-10-28,2009-10-28,55.8895,67.8320,65.6493,67.4596
2009-10-27,AGG,stock,104.21,104.53,104.1,104.47,420100,2009-10-27,2009-10-27,53.5741,67.8163,65.6258,67.4383
2009-10-26,AGG,stock,104.28,104.47,104.03,104.06,470500,2009-10-26,2009-10-26,46.4384,67.8091,65.6031,67.4201
2009-10-23,AGG,stock,104.33,104.45,104.24,104.34,677300,2009-10-23,2009-10-23,51.4536,67.8293,65.5829,67.4121
2009-10-22,AGG,stock,104.4,104.54,104.3,104.47,518700,2009-10-22,2009-10-22,53.9662,67.8324,65.5606,67.3962
2009-10-21,AGG,stock,104.53,104.63,104.2825,104.63,460500,2009-10-21,2009-10-21,57.1560,67.8269,65.5373,67.3763
2009-10-20,AGG,stock,104.56,104.7,104.51,104.7,473300,2009-10-20,2009-10-20,58.5623,67.8100,65.5126,67.3514
2009-10-19,AGG,stock,104.31,104.45,104.0301,104.45,455500,2009-10-19,2009-10-19,54.8808,67.7864,65.4873,67.3235
2009-10-16,AGG,stock,104.18,104.33,104.08,104.24,458700,2009-10-16,2009-10-16,51.5214,67.7775,65.4633,67.3012
2009-10-15,AGG,stock,104.23,104.32,104.03,104.25,727700,2009-10-15,2009-10-15,51.6916,67.7820,65.4405,67.2835
2009-10-14,AGG,stock,104.29,104.54,104.29,104.41,491400,2009-10-14,2009-10-14,54.3593,67.7863,65.4174,67.2648
2009-10-13,AGG,stock,104.56,104.68,104.46,104.66,380200,2009-10-13,2009-10-13,58.7591,67.7802,65.3930,67.2411
2009-10-12,AGG,stock,104.43,104.46,104.2,104.4,417000,2009-10-12,2009-10-12,55.2622,67.7562,65.3667,67.2098
2009-10-09,AGG,stock,104.68,104.71,104.15,104.16,567500,2009-10-09,2009-10-09,51.7560,67.7475,65.3419,67.1841
2009-10-08,AGG,stock,105.1,105.12,104.68,104.89,512000,2009-10-08,2009-10-08,66.4697,67.7544,65.3183,67.1638
2009-10-07,AGG,stock,104.86,105.06,104.78,104.96,531500,2009-10-07,2009-10-07,68.1960,67.7120,65.2898,67.1232
2009-10-06,AGG,stock,104.79,104.82,104.54,104.54,509000,2009-10-06,2009-10-06,62.8156,67.6603,65.2605,67.0792
2009-10-05,AGG,stock,104.82,104.95,104.65,104.69,666900,2009-10-05,2009-10-05,66.5492,67.6320,65.2337,67.0445
2009-10-02,AGG,stock,105.01,107.95,104.53,104.62,683700,2009-10-02,2009-10-02,65.6649,67.5904,65.2056,67.0044
2009-10-01,AGG,stock,104.64,104.84,104.4,104.82,784700,2009-10-01,2009-10-01,70.6180,67.5492,65.1777,66.9645
2009-09-30,AGG,stock,104.65,104.92,104.64,104.92,818800,2009-09-30,2009-09-30,67.9075,67.4900,65.1482,66.9177
2009-09-29,AGG,stock,104.67,104.85,104.53,104.73,937700,2009-09-29,2009-09-29,65.5930,67.4411,65.1200,66.8753
2009-09-28,AGG,stock,104.73,104.83,104.59,104.78,610400,2009-09-28,2009-09-28,66.7697,67.4000,65.0928,66.8363
2009-09-25,AGG,stock,104.56,104.79,104.47,104.79,512100,2009-09-25,2009-09-25,66.9929,67.3511,65.0649,66.7943
2009-09-24,AGG,stock,104.39,104.59,104.332,104.48,459200,2009-09-24,2009-09-24,63.4787,67.2964,65.0367,66.7504
2009-09-23,AGG,stock,104.14,104.39,104,104.35,616700,2009-09-23,2009-09-23,61.8991,67.2571,65.0103,66.7129
2009-09-22,AGG,stock,104.03,104.32,104.03,104.09,567000,2009-09-22,2009-09-22,58.5713,67.2225,64.9844,66.6773
2009-09-21,AGG,stock,104.2,104.39,104.09,104.16,433600,2009-09-21,2009-09-21,59.8788,67.2020,64.9599,66.6471
2009-09-18,AGG,stock,104.25,104.39,104.12,104.24,470300,2009-09-18,2009-09-18,61.3317,67.1746,64.9348,66.6138
2009-09-17,AGG,stock,104.07,104.5,103.99,104.5,468400,2009-09-17,2009-09-17,66.1776,67.1388,64.9089,66.5770
2009-09-16,AGG,stock,104.11,104.14,103.89,104.01,594600,2009-09-16,2009-09-16,60.7506,67.0816,64.8810,66.5319
2009-09-15,AGG,stock,103.96,104.16,103.9,103.93,471600,2009-09-15,2009-09-15,59.7720,67.0517,64.8560,66.4978
2009-09-14,AGG,stock,104,104.38,104,104.09,375400,2009-09-14,2009-09-14,62.6740,67.0241,64.8313,66.4646
2009-09-11,AGG,stock,104.31,104.47,104.142,104.24,447500,2009-09-11,2009-09-11,65.4398,66.9827,64.8053,66.4257
2009-09-10,AGG,stock,103.87,104.34,103.72,104.25,567200,2009-09-10,2009-09-10,65.6191,66.9267,64.7781,66.3812
2009-09-09,AGG,stock,103.48,103.7899,103.412,103.7204,605800,2009-09-09,2009-09-09,60.2664,66.8642,64.7505,66.3347
2009-09-08,AGG,stock,103.55,103.79,103.52,103.52,473500,2009-09-08,2009-09-08,57.9670,66.8312,64.7261,66.3003
2009-09-04,AGG,stock,103.85,103.96,103.5915,103.67,542300,2009-09-04,2009-09-04,60.3962,66.8083,64.7028,66.2698
2009-09-03,AGG,stock,103.83,104.03,103.66,103.87,750900,2009-09-03,2009-09-03,63.7014,66.7729,64.6782,66.2340
2009-09-02,AGG,stock,103.66,104.18,103.51,104.06,843200,2009-09-02,2009-09-02,66.9326,66.7200,64.6521,66.1916
2009-09-01,AGG,stock,103.56,103.81,103.36,103.51,816200,2009-09-01,2009-09-01,61.7123,66.6487,64.6245,66.1423
2009-08-31,AGG,stock,103.75,104.02,103.7,104.02,809600,2009-08-31,2009-08-31,64.7736,66.6073,64.6003,66.1056
2009-08-28,AGG,stock,103.49,103.87,103.43,103.59,503600,2009-08-28,2009-08-28,60.3599,66.5495,64.5746,66.0627
2009-08-27,AGG,stock,103.5,103.73,103.42,103.66,487300,2009-08-27,2009-08-27,61.5252,66.5149,64.5514,66.0294
2009-08-26,AGG,stock,103.68,103.84,103.613,103.74,692400,2009-08-26,2009-08-26,62.8120,66.4718,64.5276,65.9929
2009-08-25,AGG,stock,103.22,103.7,103.22,103.59,477400,2009-08-25,2009-08-25,61.4066,66.4188,64.5030,65.9528
2009-08-24,AGG,stock,103.1,103.56,102.95,103.42,434400,2009-08-24,2009-08-24,59.8081,66.3703,64.4791,65.9150
2009-08-21,AGG,stock,103.63,103.66,103,103,504900,2009-08-21,2009-08-21,55.5880,66.3283,64.4561,65.8801
2009-08-20,AGG,stock,103.52,103.61,100.22,103.6,596600,2009-08-20,2009-08-20,64.5834,66.3105,64.4355,65.8549
2009-08-19,AGG,stock,103.33,103.6,103.2132,103.43,486900,2009-08-19,2009-08-19,63.0085,66.2500,64.4109,65.8128
2009-08-18,AGG,stock,103.42,103.55,103.22,103.22,442400,2009-08-18,2009-08-18,61.0202,66.1947,64.3872,65.7736
2009-08-17,AGG,stock,103.33,103.59,103.04,103.56,631300,2009-08-17,2009-08-17,66.3845,66.1478,64.3645,65.7382
2009-08-14,AGG,stock,103.17,103.44,103.02,103.13,453600,2009-08-14,2009-08-14,62.5146,66.0729,64.3394,65.6924
2009-08-13,AGG,stock,102.76,103.17,102.6216,102.95,523700,2009-08-13,2009-08-13,60.7586,66.0193,64.3169,65.6561
2009-08-12,AGG,stock,102.78,102.82,102.3208,102.69,672100,2009-08-12,2009-08-12,58.1276,65.9723,64.2953,65.6231
2009-08-11,AGG,stock,102.63,102.75,102.44,102.74,741400,2009-08-11,2009-08-11,58.8320,65.9380,64.2752,65.5955
2009-08-10,AGG,stock,102.04,102.43,101.66,102.38,920700,2009-08-10,2009-08-10,55.2029,65.8968,64.2545,65.5656
2009-08-07,AGG,stock,101.71,102.09,101.36,101.59,1076900,2009-08-07,2009-08-07,45.3939,65.8756,64.2360,65.5438
2009-08-06,AGG,stock,102.2,102.35,102.03,102.2,564300,2009-08-06,2009-08-06,53.8479,65.9059,64.2224,65.5420
2009-08-05,AGG,stock,102.33,102.33,102,102.15,608200,2009-08-05,2009-08-05,53.1842,65.8980,64.2047,65.5241
2009-08-04,AGG,stock,102.79,102.86,102.14,102.24,629900,2009-08-04,2009-08-04,54.4939,65.8926,64.1872,65.5068
2009-08-03,AGG,stock,102.78,102.79,102.31,102.55,716600,2009-08-03,2009-08-03,59.1527,65.8805,64.1689,65.4863
2009-07-31,AGG,stock,102.95,103.33,102.75,103.1,1058900,2009-07-31,2009-07-31,62.5991,65.8461,64.1484,65.4569
2009-07-30,AGG,stock,102.28,102.7,102.21,102.58,1108700,2009-07-30,2009-07-30,56.9891,65.7935,64.1263,65.4206
2009-07-29,AGG,stock,102.56,102.68,102.16,102.45,451400,2009-07-29,2009-07-29,55.4374,65.7705,64.1074,65.3965
2009-07-28,AGG,stock,102.01,102.53,102.01,102.27,674500,2009-07-28,2009-07-28,53.2699,65.7540,64.0891,65.3748
2009-07-27,AGG,stock,102,102.37,101.85,102.08,883400,2009-07-27,2009-07-27,50.9304,65.7479,64.0718,65.3569
2009-07-24,AGG,stock,102.2,102.55,102.11,102.39,579900,2009-07-24,2009-07-24,55.1103,65.7540,64.0555,65.3434
2009-07-23,AGG,stock,102.74,102.74,102.24,102.39,564500,2009-07-23,2009-07-23,55.1103,65.7397,64.0371,65.3211
2009-07-22,AGG,stock,102.89,102.96,102.53,102.65,450600,2009-07-22,2009-07-22,58.5876,65.7240,64.0185,65.2979
2009-07-21,AGG,stock,102.09,103.01,102.09,103,812700,2009-07-21,2009-07-21,63.6041,65.6889,63.9980,65.2669
2009-07-20,AGG,stock,102.01,102.49,101.97,102.29,675400,2009-07-20,2009-07-20,56.6051,65.6265,63.9750,65.2255
2009-07-17,AGG,stock,102.01,102.27,101.98,102.17,437300,2009-07-17,2009-07-17,55.2546,65.6056,63.9564,65.2010
2009-07-16,AGG,stock,102.01,102.36,102.01,102.17,410800,2009-07-16,2009-07-16,55.2546,65.5907,63.9384,65.1787
2009-07-15,AGG,stock,102.21,102.39,101.85,101.85,849600,2009-07-15,2009-07-15,51.8062,65.5742,63.9203,65.1555
2009-07-14,AGG,stock,102.6,102.77,102.41,102.52,529700,2009-07-14,2009-07-14,60.9367,65.5776,63.9040,65.1397
2009-07-13,AGG,stock,102.9,103.12,102.77,102.83,397800,2009-07-13,2009-07-13,65.9288,65.5359,63.8832,65.1057
2009-07-10,AGG,stock,102.72,103,102.63,102.88,504600,2009-07-10,2009-07-10,66.7478,65.4689,63.8602,65.0621
2009-07-09,AGG,stock,102.46,102.69,102.31,102.53,600100,2009-07-09,2009-07-09,63.8271,65.3915,63.8366,65.0155
2009-07-08,AGG,stock,102.23,102.82,102.23,102.82,790000,2009-07-08,2009-07-08,68.4531,65.3296,63.8151,64.9762
2009-07-07,AGG,stock,101.99,102.3,101.97,102.26,518600,2009-07-07,2009-07-07,63.7409,65.2416,63.7914,64.9276
2009-07-06,AGG,stock,101.89,102.1,101.85,101.93,436600,2009-07-06,2009-07-06,60.5134,65.1822,63.7712,64.8918
2009-07-02,AGG,stock,101.75,102.16,101.75,102.01,533000,2009-07-02,2009-07-02,61.7507,65.1389,63.7529,64.8631
2009-07-01,AGG,stock,101.62,101.87,101.56,101.77,450600,2009-07-01,2009-07-01,59.4404,65.0857,63.7339,64.8312
2009-06-30,AGG,stock,101.98,102.3,101.92,102.15,805500,2009-06-30,2009-06-30,59.9661,65.0431,63.7162,64.8043
2009-06-29,AGG,stock,102.03,102.37,102.03,102.13,398400,2009-06-29,2009-06-29,59.7906,64.9934,63.6981,64.7753
2009-06-26,AGG,stock,102.09,102.22,101.92,102.22,471300,2009-06-26,2009-06-26,60.9060,64.9400,63.6800,64.7457
2009-06-25,AGG,stock,101.58,102.1188,101.44,101.92,575200,2009-06-25,2009-06-25,58.5103,64.8748,63.6611,64.7125
2009-06-24,AGG,stock,101.65,101.99,101.45,101.45,525700,2009-06-24,2009-06-24,54.4495,64.8229,63.6440,64.6858
2009-06-23,AGG,stock,101.44,101.8,101.29,101.72,524300,2009-06-23,2009-06-23,57.4489,64.7974,63.6297,64.6703
2009-06-22,AGG,stock,101.56,101.64,101.25,101.39,516800,2009-06-22,2009-06-22,54.6113,64.7510,63.6135,64.6471
2009-06-19,AGG,stock,100.66,101.25,100.66,101.24,584400,2009-06-19,2009-06-19,53.2967,64.7219,63.5993,64.6316
2009-06-18,AGG,stock,101.35,101.3599,100.85,100.87,550300,2009-06-18,2009-06-18,49.9784,64.6999,63.5859,64.6193
2009-06-17,AGG,stock,101.5,101.77,101.34,101.53,454900,2009-06-17,2009-06-17,56.6448,64.7006,63.5748,64.6163
2009-06-16,AGG,stock,101.13,101.43,100.95,101.33,430900,2009-06-16,2009-06-16,54.9541,64.6567,63.5593,64.5959
2009-06-15,AGG,stock,101.1,101.19,100.78,101.19,491000,2009-06-15,2009-06-15,53.7826,64.6218,63.5449,64.5799
2009-06-12,AGG,stock,100.33,100.91,100.33,100.81,358000,2009-06-12,2009-06-12,50.5406,64.5927,63.5313,64.5668
2009-06-11,AGG,stock,99.9,100.67,99.56,100.32,481900,2009-06-11,2009-06-11,46.0056,64.5861,63.5200,64.5632
2009-06-10,AGG,stock,100.01,100.54,99.97,99.97,772600,2009-06-10,2009-06-10,42.5093,64.6119,63.5118,64.5723
2009-06-09,AGG,stock,100.14,100.37,99.98,100.25,442300,2009-06-09,2009-06-09,44.6574,64.6641,63.5057,64.5909
2009-06-08,AGG,stock,100.05,100.303,99.8,99.8,648800,2009-06-08,2009-06-08,40.1434,64.7028,63.4978,64.6030
2009-06-05,AGG,stock,100.5,100.57,100.07,100.07,479100,2009-06-05,2009-06-05,42.0545,64.7761,63.4927,64.6273
2009-06-04,AGG,stock,101.29,101.29,100.54,100.59,591900,2009-06-04,2009-06-04,45.9681,64.8388,63.4857,64.6455
2009-06-03,AGG,stock,101,101.48,101,101.43,797700,2009-06-03,2009-06-03,53.4259,64.8729,63.4754,64.6509
2009-06-02,AGG,stock,101.06,101.23,100.555,101.15,618100,2009-06-02,2009-06-02,50.9635,64.8540,63.4596,64.6345
2009-06-01,AGG,stock,101.23,101.35,100.39,100.46,1111000,2009-06-01,2009-06-01,44.2143,64.8520,63.4453,64.6248
2009-05-29,AGG,stock,100.8,102.15,100.8,102.03,1142100,2009-05-29,2009-05-29,57.6447,64.8964,63.4354,64.6327
2009-05-28,AGG,stock,100.84,101.07,100.42,100.95,634200,2009-05-28,2009-05-28,44.1637,64.8605,63.4173,64.6080
2009-05-27,AGG,stock,101.45,101.56,100.75,100.91,636200,2009-05-27,2009-05-27,43.5458,64.8935,63.4060,64.6105
2009-05-26,AGG,stock,101.87,101.89,101.35,101.47,469300,2009-05-26,2009-05-26,50.8638,64.9327,63.3948,64.6142
2009-05-22,AGG,stock,101.89,101.96,101.6,101.7,433400,2009-05-22,2009-05-22,54.3471,64.9383,63.3799,64.6033
2009-05-21,AGG,stock,102.3,102.44,101.75,101.97,393400,2009-05-21,2009-05-21,58.7313,64.9291,63.3633,64.5861
2009-05-20,AGG,stock,101.95,102.5,101.92,102.29,543600,2009-05-20,2009-05-20,64.4535,64.9006,63.3449,64.5611
2009-05-19,AGG,stock,101.85,102.05,101.8,101.98,586100,2009-05-19,2009-05-19,61.0388,64.8477,63.3242,64.5267
2009-05-18,AGG,stock,102.19,102.22,101.8024,101.89,420900,2009-05-18,2009-05-18,60.0030,64.8101,63.3053,64.4990
2009-05-15,AGG,stock,101.84,102.19,101.84,102.19,616200,2009-05-15,2009-05-15,65.3833,64.7745,63.2867,64.4725
2009-05-14,AGG,stock,102.05,102.0776,101.69,101.96,453900,2009-05-14,2009-05-14,63.0229,64.7150,63.2661,64.4371
2009-05-13,AGG,stock,101.95,102.14,101.6,101.9,430700,2009-05-13,2009-05-13,62.4019,64.6647,63.2468,64.4062
2009-05-12,AGG,stock,101.3,101.84,101.27,101.81,786700,2009-05-12,2009-05-12,61.5013,64.6132,63.2276,64.3757
2009-05-11,AGG,stock,101.14,101.57,101.14,101.25,431900,2009-05-11,2009-05-11,55.3173,64.5623,63.2088,64.3463
2009-05-08,AGG,stock,101.08,101.42,100.84,101.18,706000,2009-05-08,2009-05-08,54.4684,64.5438,63.1934,64.3303
2009-05-07,AGG,stock,101.5,101.67,100.8,100.99,1418800,2009-05-07,2009-05-07,52.1785,64.5280,63.1783,64.3154
2009-05-06,AGG,stock,101.38,101.7,101.29,101.44,833700,2009-05-06,2009-05-06,58.6674,64.5233,63.1643,64.3050
2009-05-05,AGG,stock,101.32,101.58,101.01,101.21,886600,2009-05-05,2009-05-05,56.0749,64.4879,63.1473,64.2823
2009-05-04,AGG,stock,101.31,101.41,100.78,101,690600,2009-05-04,2009-05-04,53.6078,64.4642,63.1316,64.2647
2009-05-01,AGG,stock,101.08,101.16,100.75,100.92,536100,2009-05-01,2009-05-01,52.6674,64.4521,63.1170,64.2519
2009-04-30,AGG,stock,101.33,101.64,100.962,101.64,760700,2009-04-30,2009-04-30,57.9787,64.4442,63.1028,64.2406
2009-04-29,AGG,stock,101.69,101.69,101.1,101.15,488000,2009-04-29,2009-04-29,52.3855,64.4092,63.0860,64.2188
2009-04-28,AGG,stock,101.91,101.91,101.41,101.57,397800,2009-04-28,2009-04-28,58.5928,64.4034,63.0722,64.2088
2009-04-27,AGG,stock,101.58,101.83,101.254,101.6,614400,2009-04-27,2009-04-27,59.0569,64.3688,63.0555,64.1874
2009-04-24,AGG,stock,101.37,101.44,101,101.44,533400,2009-04-24,2009-04-24,57.3851,64.3286,63.0384,64.1644
2009-04-23,AGG,stock,101.2,101.36,100.96,101.33,318700,2009-04-23,2009-04-23,56.2446,64.2948,63.0223,64.1446
2009-04-22,AGG,stock,101.02,101.26,100.85,101.2,448500,2009-04-22,2009-04-22,54.9205,64.2649,63.0066,64.1269
2009-04-21,AGG,stock,101.41,101.42,100.86,100.93,702100,2009-04-21,2009-04-21,52.1267,64.2406,62.9916,64.1118
2009-04-20,AGG,stock,101.11,101.25,100.78,101.25,705600,2009-04-20,2009-04-20,55.9423,64.2318,62.9782,64.1032
2009-04-17,AGG,stock,101.05,101.11,100.67,100.67,486900,2009-04-17,2009-04-17,49.7519,64.2006,62.9627,64.0858
2009-04-16,AGG,stock,101.26,101.32,101.02,101.23,457700,2009-04-16,2009-04-16,56.9225,64.2050,62.9507,64.0828
2009-04-15,AGG,stock,101.21,101.41,101,101.41,534500,2009-04-15,2009-04-15,59.4812,64.1724,62.9349,64.0652
2009-04-14,AGG,stock,100.7,101.14,100.63,101.13,594200,2009-04-14,2009-04-14,56.6677,64.1242,62.9179,64.0422
2009-04-13,AGG,stock,100.82,101.15,100.33,101.15,475800,2009-04-13,2009-04-13,56.9299,64.0898,62.9025,64.0254
2009-04-09,AGG,stock,100.28,100.71,100.21,100.42,564100,2009-04-09,2009-04-09,48.9196,64.0504,62.8868,64.0075
2009-04-08,AGG,stock,100.43,100.72,100.3,100.57,528400,2009-04-08,2009-04-08,50.7194,64.0558,62.8756,64.0079
2009-04-07,AGG,stock,100.42,100.47,100.01,100.24,807100,2009-04-07,2009-04-07,46.7145,64.0517,62.8634,64.0043
2009-04-06,AGG,stock,100.66,100.68,100.1,100.4,495100,2009-04-06,2009-04-06,48.4886,64.0693,62.8531,64.0092
2009-04-03,AGG,stock,100.9,100.9,100.01,100.42,3081500,2009-04-03,2009-04-03,48.7033,64.0780,62.8417,64.0102
2009-04-02,AGG,stock,101.11,101.12,100.54,100.75,960500,2009-04-02,2009-04-02,52.2476,64.0863,62.8301,64.0106
2009-04-01,AGG,stock,101.19,101.2836,100.61,101.073,579100,2009-04-01,2009-04-01,55.9482,64.0734,62.8162,64.0025
2009-03-31,AGG,stock,101,101.47,100.73,101.47,638100,2009-03-31,2009-03-31,56.4756,64.0374,62.8001,63.9857
2009-03-30,AGG,stock,100.41,101.09,100.41,100.95,616300,2009-03-30,2009-03-30,51.6985,63.9946,62.7836,63.9670
2009-03-27,AGG,stock,100.62,100.89,100.14,100.48,1303900,2009-03-27,2009-03-27,46.7976,63.9820,62.7702,63.9609
2009-03-26,AGG,stock,100.38,100.47,100.05,100.4,1187900,2009-03-26,2009-03-26,45.9305,63.9995,62.7597,63.9669
2009-03-25,AGG,stock,100.66,101,100.09,100.2,1241000,2009-03-25,2009-03-25,43.8044,64.0242,62.7496,63.9751
2009-03-24,AGG,stock,100.83,101.18,100.64,100.64,934100,2009-03-24,2009-03-24,47.6306,64.0649,62.7407,63.9889
2009-03-23,AGG,stock,101.44,101.4882,101.17,101.33,518100,2009-03-23,2009-03-23,54.5717,64.0804,62.7289,63.9918
2009-03-20,AGG,stock,101.89,102.03,101.2619,101.33,513100,2009-03-20,2009-03-20,54.5717,64.0515,62.7125,63.9770
2009-03-19,AGG,stock,101.74,102.89,101.41,101.8968,738500,2009-03-19,2009-03-19,60.8529,64.0195,62.6960,63.9615
2009-03-18,AGG,stock,100.2,101.8814,100.12,101.65,493700,2009-03-18,2009-03-18,58.9422,63.9462,62.6757,63.9307
2009-03-17,AGG,stock,100.52,100.6,100.03,100.06,644200,2009-03-17,2009-03-17,42.0097,63.8817,62.6568,63.9051
2009-03-16,AGG,stock,100.24,100.47,100.174,100.36,644000,2009-03-16,2009-03-16,45.2815,63.9168,62.6478,63.9197
2009-03-13,AGG,stock,100.4,100.74,100.35,100.67,561400,2009-03-13,2009-03-13,48.9386,63.9354,62.6369,63.9270
2009-03-12,AGG,stock,100.43,100.73,100.25,100.57,603500,2009-03-12,2009-03-12,47.6727,63.9353,62.6238,63.9266
2009-03-11,AGG,stock,100.33,100.57,99.85,100.48,607500,2009-03-11,2009-03-11,46.5656,63.9419,62.6113,63.9288
2009-03-10,AGG,stock,99.9,100.25,99.82,100.24,507500,2009-03-10,2009-03-10,43.6114,63.9552,62.5992,63.9334
2009-03-09,AGG,stock,100.71,100.71,100.01,100.01,645300,2009-03-09,2009-03-09,40.6937,63.9859,62.5885,63.9445
2009-03-06,AGG,stock,100.56,100.71,100.15,100.7,701200,2009-03-06,2009-03-06,47.5473,64.0353,62.5791,63.9619
2009-03-05,AGG,stock,100.29,100.67,100.05,100.43,685000,2009-03-05,2009-03-05,44.1281,64.0437,62.5653,63.9622
2009-03-04,AGG,stock,100.38,100.38,99.7672,100.1,548900,2009-03-04,2009-03-04,39.6645,64.0710,62.5530,63.9695
2009-03-03,AGG,stock,100.55,100.68,100.09,100.57,970700,2009-03-03,2009-03-03,44.3504,64.1233,62.5428,63.9856
2009-03-02,AGG,stock,100.7,100.82,100.3,100.7,627400,2009-03-02,2009-03-02,45.7382,64.1497,62.5294,63.9902
2009-02-27,AGG,stock,100.62,100.95,100.5,100.69,463800,2009-02-27,2009-02-27,41.3335,64.1702,62.5151,63.9916
2009-02-26,AGG,stock,100.77,101.1,100.61,100.68,509300,2009-02-26,2009-02-26,41.2020,64.2152,62.5028,64.0018
2009-02-25,AGG,stock,101.25,101.42,101.04,101.21,485800,2009-02-25,2009-02-25,46.3112,64.2657,62.4904,64.0127
2009-02-24,AGG,stock,101.34,101.85,101.11,101.3,605600,2009-02-24,2009-02-24,47.2348,64.2862,62.4745,64.0103
2009-02-23,AGG,stock,101.65,101.65,100.9,101.5,621500,2009-02-23,2009-02-23,49.2621,64.3028,62.4579,64.0055
2009-02-20,AGG,stock,101.68,101.91,100.77,100.98,656300,2009-02-20,2009-02-20,43.3970,64.3078,62.4398,63.9953
2009-02-19,AGG,stock,101.6,101.7,101.26,101.5,532400,2009-02-19,2009-02-19,48.6153,64.3481,62.4249,63.9981
2009-02-18,AGG,stock,101.89,102.1001,101.59,101.66,495800,2009-02-18,2009-02-18,50.3450,64.3579,62.4065,63.9876
2009-02-17,AGG,stock,102.15,102.26,101.64,101.87,436100,2009-02-17,2009-02-17,52.6269,64.3581,62.3869,63.9726
2009-02-13,AGG,stock,101.39,102.03,101.39,101.79,851900,2009-02-13,2009-02-13,51.8550,64.3443,62.3657,63.9515
2009-02-12,AGG,stock,101.9,102.2,101.65,102.1,366900,2009-02-12,2009-02-12,55.0848,64.3344,62.3449,63.9317
2009-02-11,AGG,stock,101.48,102.15,101.4,101.56,518800,2009-02-11,2009-02-11,50.0527,64.3028,62.3219,63.9030
2009-02-10,AGG,stock,101.15,101.7964,100.85,101.58,524800,2009-02-10,2009-02-10,50.2463,64.3038,62.3021,63.8870
2009-02-09,AGG,stock,101.15,101.24,100.73,100.96,588300,2009-02-09,2009-02-09,44.0126,64.3037,62.2820,63.8700
2009-02-06,AGG,stock,100.92,101.18,99.97,100.95,1936800,2009-02-06,2009-02-06,43.9073,64.3448,62.2656,63.8682
2009-02-05,AGG,stock,101.27,101.47,100.61,100.68,702200,2009-02-05,2009-02-05,41.1326,64.3909,62.2491,63.8666
2009-02-04,AGG,stock,101.3,101.46,100.87,101,673400,2009-02-04,2009-02-04,43.5008,64.4599,62.2341,63.8720
2009-02-03,AGG,stock,101.76,102,101.14,101.14,575200,2009-02-03,2009-02-03,44.5426,64.5148,62.2170,63.8693
2009-02-02,AGG,stock,101.72,102.156,101.57,101.59,592000,2009-02-02,2009-02-02,47.9717,64.5661,62.1988,63.8629
2009-01-30,AGG,stock,101.65,102.33,101.63,102.13,608300,2009-01-30,2009-01-30,49.3320,64.5929,62.1776,63.8445
2009-01-29,AGG,stock,102.27,102.54,101.401,101.49,869600,2009-01-29,2009-01-29,43.9057,64.6109,62.1550,63.8210
2009-01-28,AGG,stock,102.74,102.77,102.13,102.4,478400,2009-01-28,2009-01-28,51.1364,64.6734,62.1363,63.8129
2009-01-27,AGG,stock,101.63,102.5,101.45,102.34,541200,2009-01-27,2009-01-27,50.6387,64.6819,62.1116,63.7811
2009-01-26,AGG,stock,101.73,102.07,100.88,101.82,550800,2009-01-26,2009-01-26,46.2313,64.6954,62.0871,63.7496
2009-01-23,AGG,stock,102.02,102.39,101.64,101.92,578000,2009-01-23,2009-01-23,46.9804,64.7448,62.0656,63.7301
2009-01-22,AGG,stock,102.69,102.69,101.8,102.08,446800,2009-01-22,2009-01-22,48.1392,64.7927,62.0432,63.7073
2009-01-21,AGG,stock,103.23,103.23,102.51,102.52,621200,2009-01-21,2009-01-21,51.3752,64.8351,62.0196,63.6794
2009-01-20,AGG,stock,102.71,103.19,102.64,103.06,663100,2009-01-20,2009-01-20,55.6373,64.8527,61.9930,63.6391
2009-01-16,AGG,stock,102.97,103.86,102.81,103.6,608700,2009-01-16,2009-01-16,60.2811,64.8363,61.9627,63.5832
2009-01-15,AGG,stock,102.85,103.52,102.65,103.07,1047400,2009-01-15,2009-01-15,57.0110,64.7824,61.9287,63.5111
2009-01-14,AGG,stock,103.45,103.45,102.61,103.08,951900,2009-01-14,2009-01-14,57.0934,64.7579,61.8977,63.4498
2009-01-13,AGG,stock,103.3,103.31,102.79,103.22,585600,2009-01-13,2009-01-13,58.1861,64.7303,61.8663,63.3857
2009-01-12,AGG,stock,102.5,103.28,102.37,103.05,774400,2009-01-12,2009-01-12,57.2638,64.6904,61.8337,63.3153
2009-01-09,AGG,stock,102.71,103.31,102.34,102.51,1137600,2009-01-09,2009-01-09,54.2902,64.6576,61.8019,63.2465
2009-01-08,AGG,stock,103.91,104.06,102.6,102.86,1616300,2009-01-08,2009-01-08,56.6631,64.6572,61.7731,63.1887
2009-01-07,AGG,stock,104.21,104.28,103.26,103.65,1222800,2009-01-07,2009-01-07,62.3774,64.6335,61.7419,63.1196
2009-01-06,AGG,stock,104.74,104.87,103.41,104.61,670200,2009-01-06,2009-01-06,70.3871,64.5549,61.7053,63.0273
2009-01-05,AGG,stock,103.5,105.32,103.1,105.2,3306400,2009-01-05,2009-01-05,75.9528,64.4042,61.6623,62.9065
2009-01-02,AGG,stock,103.75,104.39,103.5,103.55,484600,2009-01-02,2009-01-02,69.7389,64.1985,61.6151,62.7657
2008-12-31,AGG,stock,104.24,104.33,103.54,104.2,611900,2008-12-31,2008-12-31,77.0191,64.0808,61.5779,62.6615
2008-12-30,AGG,stock,104.09,104.35,103.55,104.128,570300,2008-12-30,2008-12-30,76.7697,63.9074,61.5362,62.5364
2008-12-29,AGG,stock,103.03,104.19,103.03,104.09,614000,2008-12-29,2008-12-29,76.6455,63.7206,61.4945,62.4080
2008-12-26,AGG,stock,104.1,104.22,103.48,103.67,467300,2008-12-26,2008-12-26,73.9447,63.5167,61.4527,62.2753
2008-12-24,AGG,stock,103.28,104.19,103.17,104.02,491500,2008-12-24,2008-12-24,77.6088,63.3440,61.4154,62.1577
2008-12-23,AGG,stock,102.29,103.54,102.14,103.53,774200,2008-12-23,2008-12-23,76.0671,63.1299,61.3756,62.0263
2008-12-22,AGG,stock,102.3,102.54,101.98,102.53,1490200,2008-12-22,2008-12-22,72.4758,62.9257,61.3385,61.9020
2008-12-19,AGG,stock,102,102.31,101.5,101.98,829700,2008-12-19,2008-12-19,70.1914,62.7662,61.3073,61.7984
2008-12-18,AGG,stock,101.91,102.46,101.1239,102.31,931100,2008-12-18,2008-12-18,73.5945,62.6263,61.2793,61.7046
2008-12-17,AGG,stock,101.13,102.09,101.01,101.67,934200,2008-12-17,2008-12-17,71.0685,62.4498,61.2489,61.5986
2008-12-16,AGG,stock,100.33,101.13,100.3,101.13,670800,2008-12-16,2008-12-16,68.7244,62.2970,61.2222,61.5046
2008-12-15,AGG,stock,100.43,100.73,100.18,100.73,501000,2008-12-15,2008-12-15,66.8785,62.1640,61.1987,61.4207
2008-12-12,AGG,stock,100.6,100.65,99.7,100.49,679800,2008-12-12,2008-12-12,65.7524,62.0434,61.1775,61.3436
2008-12-11,AGG,stock,100.2,100.46,99.74,100.46,682100,2008-12-11,2008-12-11,65.6167,61.9259,61.1576,61.2695
2008-12-10,AGG,stock,99.65,100.15,99.62,99.94,810100,2008-12-10,2008-12-10,63.2747,61.7981,61.1377,61.1931
2008-12-09,AGG,stock,99.75,100.12,99.21,100.12,762100,2008-12-09,2008-12-09,64.6910,61.6912,61.1208,61.1270
2008-12-08,AGG,stock,99.82,99.82,99,99.191,653600,2008-12-08,2008-12-08,60.4482,61.5612,61.1027,61.0535
2008-12-05,AGG,stock,99.51,99.97,97.88,99.32,616400,2008-12-05,2008-12-05,61.3995,61.4790,61.0902,61.0009
2008-12-04,AGG,stock,99.62,99.87,99.02,99.87,713900,2008-12-04,2008-12-04,65.4793,61.3795,61.0768,60.9428
2008-12-03,AGG,stock,99.6,99.6,98.9,99.54,583300,2008-12-03,2008-12-03,64.1522,61.2332,61.0598,60.8683
2008-12-02,AGG,stock,99.01,99.68,98.86,99.53,641600,2008-12-02,2008-12-02,64.1134,61.0934,61.0447,60.7992
2008-12-01,AGG,stock,98.98,99.48,98.43,99.43,604100,2008-12-01,2008-12-01,63.7488,60.9395,61.0295,60.7275
2008-11-28,AGG,stock,98.93,99.26,98.1,98.45,294800,2008-11-28,2008-11-28,58.3380,60.7759,61.0148,60.6554
2008-11-26,AGG,stock,99.2,99.77,98.29,98.64,859500,2008-11-26,2008-11-26,59.4708,60.6863,61.0087,60.6158
2008-11-25,AGG,stock,97.74,99.12,97.67,99.02,1049800,2008-11-25,2008-11-25,61.6956,60.5747,61.0012,60.5696
2008-11-24,AGG,stock,97.11,97.76,96.04,96.61,1524000,2008-11-24,2008-11-24,50.8720,60.4264,60.9914,60.5119
2008-11-21,AGG,stock,97.4,97.86,96.42,96.62,1015200,2008-11-21,2008-11-21,50.9275,60.4212,60.9966,60.5134
2008-11-20,AGG,stock,97.9,97.9385,97.16,97.4,826200,2008-11-20,2008-11-20,55.2923,60.4148,61.0017,60.5146
2008-11-19,AGG,stock,97.46,97.8872,97.3,97.38,546500,2008-11-19,2008-11-19,55.2009,60.3564,61.0020,60.4960
2008-11-18,AGG,stock,97.07,97.4,96.96,97.1,415000,2008-11-18,2008-11-18,53.9775,60.2931,61.0025,60.4772
2008-11-17,AGG,stock,96.91,97.24,96.62,97.24,407500,2008-11-17,2008-11-17,54.6707,60.2416,61.0047,60.4648
2008-11-14,AGG,stock,97,97,96.32,96.98,546100,2008-11-14,2008-11-14,53.6441,60.1754,61.0061,60.4482
2008-11-13,AGG,stock,96.68,97.16,96.16,96.69,523800,2008-11-13,2008-11-13,52.5306,60.1195,61.0091,60.4376
2008-11-12,AGG,stock,97.58,97.61,96.03,96.36,823300,2008-11-12,2008-11-12,51.2945,60.0767,61.0139,60.4341
2008-11-11,AGG,stock,95.95,97.38,95.95,97.2,402500,2008-11-11,2008-11-11,54.6588,60.0512,61.0209,60.4388
2008-11-10,AGG,stock,97.29,97.41,95.91,96.47,424400,2008-11-10,2008-11-10,52.1249,59.9677,61.0227,60.4222
2008-11-07,AGG,stock,96.87,97.14,95.23,97.09,878500,2008-11-07,2008-11-07,54.5282,59.9234,61.0291,60.4236
2008-11-06,AGG,stock,97.49,97.49,96.31,96.6,516000,2008-11-06,2008-11-06,52.9357,59.8337,61.0316,60.4092
2008-11-05,AGG,stock,96.83,97,96.19,97,612600,2008-11-05,2008-11-05,54.3793,59.7668,61.0372,60.4067
2008-11-04,AGG,stock,95.16,95.78,94.53,95.55,531100,2008-11-04,2008-11-04,49.7683,59.6664,61.0404,60.3940
2008-11-03,AGG,stock,95.99,95.99,93.51,94.04,613700,2008-11-03,2008-11-03,44.3270,59.6511,61.0528,60.4177
2008-10-31,AGG,stock,95.54,96.3,95.11,95.96,732700,2008-10-31,2008-10-31,49.2973,59.7337,61.0748,60.4810
2008-10-30,AGG,stock,96.35,96.35,95.37,96.26,386400,2008-10-30,2008-10-30,50.3316,59.7252,61.0874,60.5082
2008-10-29,AGG,stock,95.21,96.5,94.68,96.38,597800,2008-10-29,2008-10-29,50.7270,59.6961,61.0983,60.5289
2008-10-28,AGG,stock,94.7,95.24,93.75,94.58,602700,2008-10-28,2008-10-28,44.6744,59.6561,61.1086,60.5474
2008-10-27,AGG,stock,94.7,95.85,93.7,94.25,675400,2008-10-27,2008-10-27,43.4928,59.7300,61.1303,60.6124
2008-10-24,AGG,stock,96.15,96.35,94.8944,95.2,400100,2008-10-24,2008-10-24,46.1263,59.8334,61.1542,60.6885
2008-10-23,AGG,stock,97.97,97.97,95.51,96.01,855400,2008-10-23,2008-10-23,48.4489,59.8853,61.1724,60.7435
2008-10-22,AGG,stock,97.27,98,96.75,97.73,666800,2008-10-22,2008-10-22,53.7895,59.8894,61.1858,60.7802
2008-10-21,AGG,stock,96.41,97.22,94.6,96.61,571000,2008-10-21,2008-10-21,50.4896,59.7812,61.1885,60.7746
2008-10-20,AGG,stock,94.89,96.16,94.41,95.77,537600,2008-10-20,2008-10-20,47.8984,59.7351,61.1982,60.7972
2008-10-17,AGG,stock,93.38,95.96,92.51,94.09,588500,2008-10-17,2008-10-17,42.2893,59.7392,61.2133,60.8422
2008-10-16,AGG,stock,95.25,95.79,93.49,93.754,482900,2008-10-16,2008-10-16,41.1119,59.8540,61.2391,60.9317
2008-10-15,AGG,stock,94.42,95.8,92.79,95.25,678200,2008-10-15,2008-10-15,44.8990,60.0030,61.2672,61.0335
2008-10-14,AGG,stock,92.63,95.25,92.6,93.75,773100,2008-10-14,2008-10-14,39.7299,60.0694,61.2863,61.1013
2008-10-13,AGG,stock,90.39,93.56,90,91.82,911000,2008-10-13,2008-10-13,32.1220,60.2413,61.3149,61.2101
2008-10-10,AGG,stock,91.3,91.99,86.8,88.4,1559700,2008-10-10,2008-10-10,14.3273,60.5578,61.3559,61.3724
2008-10-09,AGG,stock,94.52,95.37,92.9,94.89,946600,2008-10-09,2008-10-09,26.6281,61.1321,61.4188,61.6283
2008-10-08,AGG,stock,96.17,96.96,93.05,94.67,835000,2008-10-08,2008-10-08,24.5902,61.3411,61.4416,61.7296
2008-10-07,AGG,stock,98.41,98.6,96.52,96.61,818000,2008-10-07,2008-10-07,31.8293,61.5864,61.4660,61.8405
2008-10-06,AGG,stock,98.62,99.45,95.55,98.65,798300,2008-10-06,2008-10-06,44.6699,61.7303,61.4786,61.9067
2008-10-03,AGG,stock,98.22,98.62,96.86,98.62,501200,2008-10-03,2008-10-03,44.3634,61.7555,61.4784,61.9237
2008-10-02,AGG,stock,97.45,98.42,96.92,97.88,400400,2008-10-02,2008-10-02,36.2785,61.7853,61.4785,61.9421
2008-10-01,AGG,stock,97.9,98.78,94.5,97.5,800000,2008-10-01,2008-10-01,31.5344,61.8668,61.4832,61.9801
2008-09-30,AGG,stock,98.25,99.29,97.03,98.59,655400,2008-09-30,2008-09-30,36.1154,61.9819,61.4903,62.0293
2008-09-29,AGG,stock,98.55,99.22,97,98.26,751500,2008-09-29,2008-09-29,31.7769,62.0632,61.4932,62.0628
2008-09-26,AGG,stock,98.66,99.3,98.15,98.71,473200,2008-09-26,2008-09-26,34.7665,62.1747,61.4981,62.1060
2008-09-25,AGG,stock,99.5,99.5,98.6,99.21,633200,2008-09-25,2008-09-25,38.5040,62.2686,61.5002,62.1396
2008-09-24,AGG,stock,99,99.45,98.75,99.39,2371500,2008-09-24,2008-09-24,39.9392,62.3396,61.4993,62.1619
2008-09-23,AGG,stock,99.32,99.6,99,99.268,435500,2008-09-23,2008-09-23,38.4964,62.4064,61.4972,62.1805
2008-09-22,AGG,stock,99.88,100.72,99.001,99.42,1719500,2008-09-22,2008-09-22,39.5969,62.4881,61.4959,62.2030
2008-09-19,AGG,stock,100,101.49,99.77,101,1985000,2008-09-19,2008-09-19,54.6870,62.5686,61.4936,62.2226
2008-09-18,AGG,stock,100.5,101.19,100.25,100.55,1016900,2008-09-18,2008-09-18,49.6082,62.5542,61.4814,62.2029
2008-09-17,AGG,stock,100.77,101.27,100.6,100.83,707900,2008-09-17,2008-09-17,53.0432,62.5677,61.4719,62.1938
2008-09-16,AGG,stock,102.02,102.08,100.58,100.58,676000,2008-09-16,2008-09-16,50.1833,62.5644,61.4606,62.1772
2008-09-15,AGG,stock,101.35,101.85,101.25,101.61,386900,2008-09-15,2008-09-15,65.4284,62.5770,61.4507,62.1663
2008-09-12,AGG,stock,101.7,101.72,101,101.21,514800,2008-09-12,2008-09-12,61.1752,62.5237,61.4343,62.1289
2008-09-11,AGG,stock,101.9,101.9,101.5,101.62,371800,2008-09-11,2008-09-11,69.2885,62.4909,61.4202,62.1000
2008-09-10,AGG,stock,101.4,101.82,101.4,101.75,515400,2008-09-10,2008-09-10,72.1040,62.4278,61.4034,62.0596
2008-09-09,AGG,stock,101.47,101.88,101.31,101.82,540400,2008-09-09,2008-09-09,73.5994,62.3496,61.3857,62.0143
2008-09-08,AGG,stock,100.96,101.51,100.84,101.37,873300,2008-09-08,2008-09-08,69.8693,62.2586,61.3673,61.9653
2008-09-05,AGG,stock,101.24,101.38,100.74,100.74,667100,2008-09-05,2008-09-05,63.0898,62.1875,61.3516,61.9258
2008-09-04,AGG,stock,100.99,101.19,100.82,101.04,338800,2008-09-04,2008-09-04,70.0601,62.1500,61.3396,61.9005
2008-09-03,AGG,stock,100.7,100.87,100.5,100.67,419800,2008-09-03,2008-09-03,65.7231,62.0889,61.3256,61.8667
2008-09-02,AGG,stock,100.31,100.72,100.04,100.69,1275500,2008-09-02,2008-09-02,66.2044,62.0457,61.3138,61.8408
2008-08-29,AGG,stock,101.26,101.26,100.42,100.75,701500,2008-08-29,2008-08-29,61.8965,61.9965,61.3018,61.8134
2008-08-28,AGG,stock,100.81,100.97,100.63,100.78,372600,2008-08-28,2008-08-28,62.5620,61.9639,61.2917,61.7933
2008-08-27,AGG,stock,100.58,100.88,100.39,100.69,334400,2008-08-27,2008-08-27,61.4059,61.9259,61.2813,61.7716
2008-08-26,AGG,stock,100.52,100.73,100.44,100.57,634400,2008-08-26,2008-08-26,59.8718,61.8898,61.2713,61.7513
2008-08-25,AGG,stock,100.76,100.76,100.53,100.69,267900,2008-08-25,2008-08-25,62.1665,61.8577,61.2621,61.7332
2008-08-22,AGG,stock,100.19,100.41,100.1102,100.3799,497800,2008-08-22,2008-08-22,58.3345,61.8144,61.2519,61.7114
2008-08-21,AGG,stock,100.45,100.57,100.2301,100.49,361800,2008-08-21,2008-08-21,60.3497,61.7868,61.2437,61.6964
2008-08-20,AGG,stock,100.46,100.72,100.27,100.47,277400,2008-08-20,2008-08-20,60.1173,61.7490,61.2346,61.6781
2008-08-19,AGG,stock,100.38,100.38,100.098,100.31,284400,2008-08-19,2008-08-19,58.3017,61.7086,61.2256,61.6595
2008-08-18,AGG,stock,100.25,100.42,100.128,100.39,526500,2008-08-18,2008-08-18,59.5606,61.6743,61.2174,61.6442
2008-08-15,AGG,stock,100.23,100.24,99.9992,100.2201,333200,2008-08-15,2008-08-15,57.7621,61.6313,61.2087,61.6263
2008-08-14,AGG,stock,99.88,100,99.692,99.93,417900,2008-08-14,2008-08-14,54.5577,61.5947,61.2010,61.6119
2008-08-13,AGG,stock,99.86,99.98,99.5201,99.69,301000,2008-08-13,2008-08-13,51.7455,61.5732,61.1950,61.6043
2008-08-12,AGG,stock,99.69,99.88,99.64,99.86,392600,2008-08-12,2008-08-12,53.9412,61.5651,61.1904,61.6024
2008-08-11,AGG,stock,99.51,99.82,99.35,99.44,460700,2008-08-11,2008-08-11,48.9741,61.5450,61.1847,61.5962
2008-08-08,AGG,stock,99.8,99.92,99.62,99.69,359600,2008-08-08,2008-08-08,52.0783,61.5502,61.1816,61.6002
2008-08-07,AGG,stock,99.45,99.9,99.307,99.84,391300,2008-08-07,2008-08-07,53.9847,61.5396,61.1769,61.5982
2008-08-06,AGG,stock,99.45,99.45,98.98,99.32,463000,2008-08-06,2008-08-06,47.8379,61.5182,61.1712,61.5923
2008-08-05,AGG,stock,99.8,99.8,99.41,99.43,489500,2008-08-05,2008-08-05,49.1270,61.5283,61.1687,61.5992
2008-08-04,AGG,stock,99.81,100.02,99.57,99.6,391600,2008-08-04,2008-08-04,51.1031,61.5324,61.1654,61.6037
2008-08-01,AGG,stock,100.19,100.19,99.65,99.89,331500,2008-08-01,2008-08-01,54.5809,61.5258,61.1611,61.6040
2008-07-31,AGG,stock,100.37,100.65,100.11,100.41,559600,2008-07-31,2008-07-31,56.0110,61.4996,61.1550,61.5971
2008-07-30,AGG,stock,99.87,99.98,99.48,99.9,403800,2008-07-30,2008-07-30,50.8242,61.4631,61.1480,61.5869
2008-07-29,AGG,stock,99.8,99.8899,99.54,99.79,279200,2008-07-29,2008-07-29,49.6348,61.4558,61.1441,61.5891
2008-07-28,AGG,stock,99.95,100.01,99.71,99.91,458500,2008-07-28,2008-07-28,50.8814,61.4548,61.1409,61.5942
2008-07-25,AGG,stock,99.8,99.82,99.31,99.46,394300,2008-07-25,2008-07-25,46.1740,61.4460,61.1369,61.5965
2008-07-24,AGG,stock,99.41,100.01,99.35,99.97,320200,2008-07-24,2008-07-24,51.3534,61.4654,61.1357,61.6101
2008-07-23,AGG,stock,99.2,99.3,99.028,99.28,405700,2008-07-23,2008-07-23,43.3735,61.4538,61.1313,61.6115
2008-07-22,AGG,stock,99.42,99.44,99.019,99.16,302900,2008-07-22,2008-07-22,41.8327,61.4857,61.1311,61.6303
2008-07-21,AGG,stock,99.33,99.5,99.1201,99.38,317500,2008-07-21,2008-07-21,43.8647,61.5287,61.1316,61.6529
2008-07-18,AGG,stock,99.34,99.681,98.98,98.98,438400,2008-07-18,2008-07-18,38.8498,61.5620,61.1308,61.6709
2008-07-17,AGG,stock,100,100.1,99.39,99.56,503300,2008-07-17,2008-07-17,44.1617,61.6247,61.1324,61.6997
2008-07-16,AGG,stock,100.51,100.52,100,100,487400,2008-07-16,2008-07-16,48.8686,61.6565,61.1305,61.7151
2008-07-15,AGG,stock,100.64,100.98,100.61,100.77,433400,2008-07-15,2008-07-15,59.1054,61.6630,61.1259,61.7200
2008-07-14,AGG,stock,100.22,100.84,100.22,100.38,366000,2008-07-14,2008-07-14,54.6361,61.6203,61.1164,61.7058
2008-07-11,AGG,stock,101.06,101.06,100.14,100.23,478200,2008-07-11,2008-07-11,52.7936,61.5985,61.1092,61.7008
2008-07-10,AGG,stock,100.77,100.88,100.45,100.8,577200,2008-07-10,2008-07-10,61.6257,61.5840,61.1029,61.6993
2008-07-09,AGG,stock,100.5,100.8,100.27,100.7065,392000,2008-07-09,2008-07-09,60.6223,61.5311,61.0931,61.6835
2008-07-08,AGG,stock,100,100.4,99.83,100.3176,327300,2008-07-08,2008-07-08,56.1987,61.4786,61.0836,61.6694
2008-07-07,AGG,stock,99.59,100.09,99.34,99.925,603100,2008-07-07,2008-07-07,51.0433,61.4458,61.0765,61.6645
2008-07-03,AGG,stock,99.87,99.97,99.56,99.58,281300,2008-07-03,2008-07-03,45.8419,61.4351,61.0718,61.6692
2008-07-02,AGG,stock,100.04,100.04,99.55,99.55,812400,2008-07-02,2008-07-02,45.3733,61.4456,61.0692,61.6829
2008-07-01,AGG,stock,100.54,100.62,99.67,99.67,854500,2008-07-01,2008-07-01,46.8800,61.4591,61.0667,61.6978
2008-06-30,AGG,stock,100.62,100.76,100.36,100.4,639600,2008-06-30,2008-06-30,51.4413,61.4663,61.0634,61.7103
2008-06-27,AGG,stock,100.15,100.536,99.99,100.35,466000,2008-06-27,2008-06-27,50.7997,61.4518,61.0580,61.7147
2008-06-26,AGG,stock,100.07,100.37,99.99,100.11,540200,2008-06-26,2008-06-26,47.7208,61.4391,61.0528,61.7205
2008-06-25,AGG,stock,99.99,100.05,99.39,99.9799,487100,2008-06-25,2008-06-25,46.0205,61.4405,61.0491,61.7325
2008-06-24,AGG,stock,99.78,100.07,99.7,99.932,514300,2008-06-24,2008-06-24,45.4135,61.4505,61.0461,61.7483
2008-06-23,AGG,stock,99.9,99.98,99.6,99.73,515600,2008-06-23,2008-06-23,42.8993,61.4646,61.0434,61.7659
2008-06-20,AGG,stock,99.98,100.13,99.76,99.865,419000,2008-06-20,2008-06-20,44.1616,61.4933,61.0419,61.7893
2008-06-19,AGG,stock,99.85,99.99,99.56,99.56,435900,2008-06-19,2008-06-19,40.4879,61.5162,61.0395,61.8103
2008-06-18,AGG,stock,99.85,100.09,99.73,100.07,345900,2008-06-18,2008-06-18,45.0945,61.5613,61.0390,61.8398
2008-06-17,AGG,stock,99.49,99.72,99.464,99.65,407200,2008-06-17,2008-06-17,39.8621,61.5782,61.0354,61.8577
2008-06-16,AGG,stock,99.58,99.6,99.19,99.31,460400,2008-06-16,2008-06-16,35.2217,61.6239,61.0343,61.8869
2008-06-13,AGG,stock,99.5,99.87,99.19,99.2,799000,2008-06-13,2008-06-13,33.6845,61.6965,61.0353,61.9257
2008-06-12,AGG,stock,99.71,99.91,99.4068,99.45,513700,2008-06-12,2008-06-12,35.4604,61.7838,61.0370,61.9689
2008-06-11,AGG,stock,100.12,100.43,99.91,100.0701,508600,2008-06-11,2008-06-11,40.3616,61.8641,61.0372,62.0076
2008-06-10,AGG,stock,100.33,100.38,99.85,99.94,557200,2008-06-10,2008-06-10,38.7113,61.9129,61.0335,62.0324
2008-06-09,AGG,stock,100.36,100.74,100.36,100.47,555500,2008-06-09,2008-06-09,43.2373,61.9751,61.0306,62.0614
2008-06-06,AGG,stock,100.77,101.06,100.7,100.98,434800,2008-06-06,2008-06-06,48.2812,62.0097,61.0244,62.0784
2008-06-05,AGG,stock,100.54,100.7,100.34,100.417,378000,2008-06-05,2008-06-05,41.2566,62.0150,61.0150,62.0832
2008-06-04,AGG,stock,101.3,101.3,100.63,100.79,390900,2008-06-04,2008-06-04,45.0183,62.0573,61.0090,62.1024
2008-06-03,AGG,stock,100.68,101.18,100.51,101.15,476200,2008-06-03,2008-06-03,49.0242,62.0798,61.0006,62.1130
2008-06-02,AGG,stock,100.59,101.23,100.56,100.96,601800,2008-06-02,2008-06-02,46.6998,62.0816,60.9899,62.1150
2008-05-30,AGG,stock,100.966,101.27,100.85,100.98,1132500,2008-05-30,2008-05-30,41.8708,62.0957,60.9803,62.1218
2008-05-29,AGG,stock,100.68,100.87,100.44,100.62,621300,2008-05-29,2008-05-29,36.7523,62.1354,60.9729,62.1383
2008-05-28,AGG,stock,101.39,101.39,100.74,100.9,371500,2008-05-28,2008-05-28,39.2483,62.2025,60.9676,62.1644
2008-05-27,AGG,stock,101.46,101.69,101.35,101.37,865300,2008-05-27,2008-05-27,43.8948,62.2586,60.9606,62.1846
2008-05-23,AGG,stock,101.72,101.9499,101.6,101.94,584000,2008-05-23,2008-05-23,50.6470,62.2904,60.9506,62.1939
2008-05-22,AGG,stock,101.8,101.91,101.3,101.55,509300,2008-05-22,2008-05-22,45.3011,62.2888,60.9369,62.1894
2008-05-21,AGG,stock,102.16,102.27,101.97,102.16,540800,2008-05-21,2008-05-21,53.7585,62.3122,60.9256,62.1944
2008-05-20,AGG,stock,102.3,102.33,102.1,102.3,670700,2008-05-20,2008-05-20,55.9860,62.2988,60.9104,62.1844
2008-05-19,AGG,stock,102.15,102.19,101.8,102.08,630400,2008-05-19,2008-05-19,53.1536,62.2750,60.8941,62.1705
2008-05-16,AGG,stock,101.78,102.3055,101.78,101.91,387200,2008-05-16,2008-05-16,50.8857,62.2628,60.8791,62.1615
2008-05-15,AGG,stock,101.7,102.16,101.58,102.16,350600,2008-05-15,2008-05-15,54.4877,62.2603,60.8650,62.1564
2008-05-14,AGG,stock,101.48,101.83,101.32,101.62,292000,2008-05-14,2008-05-14,46.9568,62.2414,60.8491,62.1448
2008-05-13,AGG,stock,101.9,101.9,101.41,101.47,482700,2008-05-13,2008-05-13,44.5919,62.2553,60.8365,62.1463
2008-05-12,AGG,stock,102.13,102.39,102,102.05,579400,2008-05-12,2008-05-12,53.0905,62.2802,60.8246,62.1515
2008-05-09,AGG,stock,102.6,102.6,102.08,102.23,433600,2008-05-09,2008-05-09,56.1758,62.2706,60.8090,62.1425
2008-05-08,AGG,stock,101.96,102.88,101.8178,102.19,731300,2008-05-08,2008-05-08,55.6439,62.2483,60.7922,62.1286
2008-05-07,AGG,stock,101.5,101.9399,101.41,101.93,299200,2008-05-07,2008-05-07,52.1376,62.2262,60.7755,62.1152
2008-05-06,AGG,stock,101.8,102.14,101.55,101.64,930100,2008-05-06,2008-05-06,47.8696,62.2185,60.7602,62.1077
2008-05-05,AGG,stock,102,102.06,101.7,101.97,541600,2008-05-05,2008-05-05,52.8493,62.2287,60.7465,62.1071
2008-05-02,AGG,stock,101.72,102.09,101.53,101.93,462100,2008-05-02,2008-05-02,52.2907,62.2187,60.7306,62.0983
2008-05-01,AGG,stock,102,102.37,101.92,102.1,503200,2008-05-01,2008-05-01,54.8554,62.2103,60.7149,62.0901
2008-04-30,AGG,stock,101.65,102.6,101.48,102.6,813300,2008-04-30,2008-04-30,57.5225,62.1900,60.6979,62.0773
2008-04-29,AGG,stock,101.8,102.13,101.73,101.98,697500,2008-04-29,2008-04-29,49.3580,62.1565,60.6797,62.0597
2008-04-28,AGG,stock,101.65,101.86,101.4301,101.83,513500,2008-04-28,2008-04-28,47.0725,62.1592,60.6651,62.0568
2008-04-25,AGG,stock,101.4,101.67,101.34,101.58,507900,2008-04-25,2008-04-25,43.0984,62.1718,60.6513,62.0575
2008-04-24,AGG,stock,101.55,101.8,101.41,101.68,364000,2008-04-24,2008-04-24,44.3348,62.2017,60.6389,62.0645
2008-04-23,AGG,stock,101.9,102.09,101.81,102.06,496300,2008-04-23,2008-04-23,49.3285,62.2284,60.6257,62.0692
2008-04-22,AGG,stock,101.8,102.28,101.8,102.16,569100,2008-04-22,2008-04-22,50.7247,62.2335,60.6101,62.0647
2008-04-21,AGG,stock,101.8,102.06,101.72,102.013,438600,2008-04-21,2008-04-21,48.7445,62.2328,60.5937,62.0575
2008-04-18,AGG,stock,101.35,102.02,101.18,102,620000,2008-04-18,2008-04-18,48.5748,62.2414,60.5781,62.0537
2008-04-17,AGG,stock,101.73,101.79,101.35,101.73,487200,2008-04-17,2008-04-17,45.0671,62.2517,60.5623,62.0500
2008-04-16,AGG,stock,102.03,102.25,101.573,101.75,386500,2008-04-16,2008-04-16,45.2796,62.2805,60.5481,62.0530
2008-04-15,AGG,stock,102.27,102.48,102.07,102.12,635600,2008-04-15,2008-04-15,49.2692,62.3110,60.5336,62.0555
2008-04-14,AGG,stock,102.55,102.84,102.47,102.67,683200,2008-04-14,2008-04-14,56.0909,62.3209,60.5167,62.0489
2008-04-11,AGG,stock,102.8002,102.93,102.56,102.79,263600,2008-04-11,2008-04-11,57.7098,62.2967,60.4963,62.0284
2008-04-10,AGG,stock,102.68,102.89,102.28,102.57,456500,2008-04-10,2008-04-10,55.5246,62.2622,60.4749,62.0041
2008-04-09,AGG,stock,102.61,103,102.46,102.89,492700,2008-04-09,2008-04-09,59.6903,62.2381,60.4546,61.9842
2008-04-08,AGG,stock,102.51,102.83,102.3946,102.444,408800,2008-04-08,2008-04-08,55.3554,62.1911,60.4322,61.9556
2008-04-07,AGG,stock,102.39,102.48,102.04,102.448,417000,2008-04-07,2008-04-07,55.4051,62.1676,60.4123,61.9369
2008-04-04,AGG,stock,102.412,102.73,102.28,102.46,431000,2008-04-04,2008-04-04,55.5438,62.1415,60.3921,61.9174
2008-04-03,AGG,stock,101.89,102.08,101.6,101.6,480900,2008-04-03,2008-04-03,46.6573,62.1118,60.3717,61.8967
2008-04-02,AGG,stock,101.78,101.97,101.42,101.62,499400,2008-04-02,2008-04-02,46.8596,62.1342,60.3564,61.8966
2008-04-01,AGG,stock,102.15,102.29,101.55,101.57,1209100,2008-04-01,2008-04-01,46.3193,62.1576,60.3407,61.8960
2008-03-31,AGG,stock,102.94,103.15,102.68,102.68,555900,2008-03-31,2008-03-31,53.2818,62.1867,60.3253,61.8966
2008-03-28,AGG,stock,102.62,102.86,102.52,102.84,466000,2008-03-28,2008-03-28,55.0509,62.1745,60.3054,61.8800
2008-03-27,AGG,stock,102.5,102.77,102.3,102.59,371300,2008-03-27,2008-03-27,52.7759,62.1507,60.2843,61.8588
2008-03-26,AGG,stock,102.85,103.15,102.52,102.55,341300,2008-03-26,2008-03-26,52.4181,62.1405,60.2646,61.8429
2008-03-25,AGG,stock,102.75,102.97,102.56,102.85,490500,2008-03-25,2008-03-25,55.3381,62.1317,60.2449,61.8274
2008-03-24,AGG,stock,102.88,102.88,102.35,102.66,423000,2008-03-24,2008-03-24,53.8254,62.1028,60.2232,61.8038
2008-03-20,AGG,stock,103.3,103.47,102.87,103.42,315600,2008-03-20,2008-03-20,61.5710,62.0830,60.2024,61.7839
2008-03-19,AGG,stock,102.77,103.37,102.73,103.06,403300,2008-03-19,2008-03-19,58.9743,62.0127,60.1768,61.7444
2008-03-18,AGG,stock,103.03,103.32,102.55,102.75,398200,2008-03-18,2008-03-18,56.6310,61.9578,60.1531,61.7122
2008-03-17,AGG,stock,102.5788,103.26,102.14,102.99,722200,2008-03-17,2008-03-17,59.0559,61.9171,60.1311,61.6863
2008-03-14,AGG,stock,102.46,102.84,102.152,102.55,490900,2008-03-14,2008-03-14,55.8366,61.8566,60.1073,61.6535
2008-03-13,AGG,stock,102.35,102.52,101.72,102.12,417500,2008-03-13,2008-03-13,52.4434,61.8180,60.0861,61.6302
2008-03-12,AGG,stock,101.89,102.62,101.62,102.56,429500,2008-03-12,2008-03-12,56.5735,61.8027,60.0672,61.6166
2008-03-11,AGG,stock,101.54,101.71,101.27,101.52,564200,2008-03-11,2008-03-11,47.4987,61.7577,60.0455,61.5916
2008-03-10,AGG,stock,101.89,102.2,101.74,102.14,444500,2008-03-10,2008-03-10,53.7121,61.7745,60.0299,61.5913
2008-03-07,AGG,stock,101.88,101.93,101.22,101.6,1087600,2008-03-07,2008-03-07,48.2357,61.7533,60.0103,61.5756
2008-03-06,AGG,stock,101.56,101.71,101.27,101.29,1161200,2008-03-06,2008-03-06,44.7512,61.7645,59.9939,61.5727
2008-03-05,AGG,stock,102.09,102.12,101.368,101.44,432100,2008-03-05,2008-03-05,46.1469,61.7966,59.9791,61.5773
2008-03-04,AGG,stock,102.41,102.57,101.78,102.09,385300,2008-03-04,2008-03-04,52.7691,61.8225,59.9633,61.5784
2008-03-03,AGG,stock,102.436,102.79,102.35,102.53,388300,2008-03-03,2008-03-03,58.0009,61.8096,59.9434,61.5634
2008-02-29,AGG,stock,102.9,103.3,102.49,102.93,922900,2008-02-29,2008-02-29,58.2108,61.7673,59.9206,61.5370
2008-02-28,AGG,stock,102.35,102.63,102.18,102.54,434500,2008-02-28,2008-02-28,54.7851,61.7194,59.8975,61.5090
2008-02-27,AGG,stock,101.92,101.97,101.66,101.9299,633000,2008-02-27,2008-02-27,48.6732,61.6913,59.8765,61.4895
2008-02-26,AGG,stock,101.4,101.72,101.3004,101.72,638400,2008-02-26,2008-02-26,46.3567,61.6990,59.8590,61.4843
2008-02-25,AGG,stock,101.67,101.7399,101.09,101.23,557900,2008-02-25,2008-02-25,40.5394,61.7209,59.8426,61.4840
2008-02-22,AGG,stock,101.89,102.25,101.55,101.59,987700,2008-02-22,2008-02-22,43.7782,61.7763,59.8290,61.4958
2008-02-21,AGG,stock,101.62,102.19,101.51,102.13,486400,2008-02-21,2008-02-21,49.2598,61.8147,59.8131,61.4992
2008-02-20,AGG,stock,101.2,101.6,101.09,101.3,405300,2008-02-20,2008-02-20,38.2188,61.8227,59.7937,61.4895
2008-02-19,AGG,stock,101.88,101.98,101.31,101.46,597200,2008-02-19,2008-02-19,39.7678,61.8843,59.7792,61.4998
2008-02-15,AGG,stock,101.93,102.13,101.88,101.95,455300,2008-02-15,2008-02-15,44.9483,61.9423,59.7636,61.5066
2008-02-14,AGG,stock,102.07,102.33,101.74,102,578800,2008-02-14,2008-02-14,45.5100,61.9752,59.7449,61.5015
2008-02-13,AGG,stock,102.51,102.83,102.32,102.32,510400,2008-02-13,2008-02-13,49.1613,62.0083,59.7256,61.4951
2008-02-12,AGG,stock,102.61,102.97,102.46,102.93,653400,2008-02-12,2008-02-12,57.2984,62.0246,59.7042,61.4804
2008-02-11,AGG,stock,102.93,103.17,102.77,102.97,746300,2008-02-11,2008-02-11,57.8817,62.0038,59.6789,61.4502
2008-02-08,AGG,stock,102.54,102.9,102.48,102.75,543400,2008-02-08,2008-02-08,55.5716,61.9783,59.6531,61.4176
2008-02-07,AGG,stock,103.12,103.15,102.05,102.26,622300,2008-02-07,2008-02-07,49.8871,61.9641,59.6284,61.3892
2008-02-06,AGG,stock,103.11,103.24,102.92,103.17,698600,2008-02-06,2008-02-06,64.0109,61.9795,59.6064,61.3718
2008-02-05,AGG,stock,103.34,103.43,102.92,103.25,622800,2008-02-05,2008-02-05,65.5253,61.9387,59.5786,61.3311
2008-02-04,AGG,stock,102.75,103.01,102.66,102.93,336200,2008-02-04,2008-02-04,62.2040,61.8885,59.5501,61.2869
2008-02-01,AGG,stock,103.29,103.32,102.99,102.99,610300,2008-02-01,2008-02-01,63.2652,61.8534,59.5233,61.2487
2008-01-31,AGG,stock,103.48,103.6199,103.07,103.51,649200,2008-01-31,2008-01-31,65.0668,61.8107,59.4958,61.2075
2008-01-30,AGG,stock,103.02,103.18,102.7701,103.06,557800,2008-01-30,2008-01-30,60.6161,61.7569,59.4674,61.1620
2008-01-29,AGG,stock,103.03,103.23,102.83,102.9,450900,2008-01-29,2008-01-29,58.8867,61.7260,59.4414,61.1257
2008-01-28,AGG,stock,102.97,103.36,102.97,103.22,484000,2008-01-28,2008-01-28,64.1153,61.7019,59.4162,61.0919
2008-01-25,AGG,stock,102.5,103.26,102.22,103.02,585400,2008-01-25,2008-01-25,62.1657,61.6550,59.3887,61.0488
2008-01-24,AGG,stock,103.29,103.45,102.71,102.84,469200,2008-01-24,2008-01-24,60.3661,61.6159,59.3622,61.0089
2008-01-23,AGG,stock,104.39,104.39,103.05,103.1,911200,2008-01-23,2008-01-23,64.4796,61.5840,59.3365,60.9717
2008-01-22,AGG,stock,103.35,103.53,102.88,103.45,76800,2008-01-22,2008-01-22,70.4833,61.5323,59.3090,60.9267
2008-01-18,AGG,stock,102.95,103.25,102.8,103.25,809400,2008-01-18,2008-01-18,68.9493,61.4530,59.2791,60.8712
2008-01-17,AGG,stock,102.58,103.27,102.58,103.27,807500,2008-01-17,2008-01-17,69.2836,61.3780,59.2501,60.8184
2008-01-16,AGG,stock,102.89,103.0696,102.6,102.65,620900,2008-01-16,2008-01-16,64.3001,61.2939,59.2206,60.7629
2008-01-15,AGG,stock,102.81,102.96,102.62,102.96,361400,2008-01-15,2008-01-15,69.5382,61.2402,59.1947,60.7204
2008-01-14,AGG,stock,102.54,102.65,102.38,102.59,290400,2008-01-14,2008-01-14,66.5150,61.1611,59.1666,60.6686
2008-01-11,AGG,stock,102.23,102.52,102.18,102.51,315700,2008-01-11,2008-01-11,65.8342,61.0973,59.1404,60.6237
2008-01-10,AGG,stock,102.24,102.29,101.8,102.07,291900,2008-01-10,2008-01-10,61.8756,61.0317,59.1145,60.5790
2008-01-09,AGG,stock,102.42,102.5,102.11,102.28,437700,2008-01-09,2008-01-09,65.2248,60.9872,59.0910,60.5432
2008-01-08,AGG,stock,102.19,102.52,101.94,102.52,1544400,2008-01-08,2008-01-08,69.1998,60.9246,59.0659,60.5009
2008-01-07,AGG,stock,102.18,102.36,101.83,102.01,693600,2008-01-07,2008-01-07,64.9897,60.8403,59.0392,60.4509
2008-01-04,AGG,stock,101.9,102.37,101.81,102.13,497700,2008-01-04,2008-01-04,66.9904,60.7794,59.0153,60.4114
2008-01-03,AGG,stock,101.58,101.92,101.37,101.92,370600,2008-01-03,2008-01-03,65.2522,60.7045,58.9904,60.3673
2008-01-02,AGG,stock,101.26,102.61,101.06,101.6499,888900,2008-01-02,2008-01-02,62.9201,60.6350,58.9666,60.3266
2007-12-31,AGG,stock,101.22,101.38,100.85,101.17,708000,2007-12-31,2007-12-31,58.3032,60.5753,58.9441,60.2908
2007-12-28,AGG,stock,100.83,101.21,100.69,101.14,442500,2007-12-28,2007-12-28,57.9997,60.5398,58.9243,60.2655
2007-12-27,AGG,stock,100.46,100.6,100.2,100.6,427200,2007-12-27,2007-12-27,52.1808,60.5024,58.9045,60.2398
2007-12-26,AGG,stock,100.92,100.94,100.35,100.46,259200,2007-12-26,2007-12-26,45.0238,60.4953,58.8878,60.2263
2007-12-24,AGG,stock,100.7,100.84,100.62,100.77,190700,2007-12-24,2007-12-24,48.8604,60.5221,58.8742,60.2257
2007-12-21,AGG,stock,101.22,101.26,100.74,100.74,411900,2007-12-21,2007-12-21,48.4658,60.5321,58.8586,60.2175
2007-12-20,AGG,stock,101.39,101.66,101.18,101.18,489200,2007-12-20,2007-12-20,54.1573,60.5451,58.8430,60.2097
2007-12-19,AGG,stock,101.11,101.56,100.89,101.27,634800,2007-12-19,2007-12-19,55.3928,60.5317,58.8246,60.1908
2007-12-18,AGG,stock,100.8112,101.102,100.68,101.06,402300,2007-12-18,2007-12-18,53.0733,60.5112,58.8055,60.1689
2007-12-17,AGG,stock,100.52,100.77,100.36,100.53,550800,2007-12-17,2007-12-17,46.5610,60.5018,58.7874,60.1513
2007-12-14,AGG,stock,100.48,100.62,100.24,100.38,515300,2007-12-14,2007-12-14,44.5383,60.5248,58.7724,60.1459
2007-12-13,AGG,stock,100.75,100.94,100.56,100.66,425500,2007-12-13,2007-12-13,47.6655,60.5597,58.7581,60.1440
2007-12-12,AGG,stock,100.69,101.228,100.52,101.05,500900,2007-12-12,2007-12-12,52.4266,60.5807,58.7420,60.1352
2007-12-11,AGG,stock,100.65,101.41,100.65,101.15,1153500,2007-12-11,2007-12-11,53.7038,60.5792,58.7234,60.1164
2007-12-10,AGG,stock,100.66,100.88,100.32,100.66,916400,2007-12-10,2007-12-10,47.9324,60.5713,58.7040,60.0944
2007-12-07,AGG,stock,101.07,101.26,100.59,100.86,406200,2007-12-07,2007-12-07,50.3094,60.5934,58.6873,60.0836
2007-12-06,AGG,stock,101.5399,101.7,101.14,101.44,805900,2007-12-06,2007-12-06,58.0634,60.6053,58.6693,60.0674
2007-12-05,AGG,stock,101.7232,101.819,101.54,101.55,442400,2007-12-05,2007-12-05,59.6833,60.5818,58.6476,60.0363
2007-12-04,AGG,stock,102.23,102.23,101.66,101.74,580800,2007-12-04,2007-12-04,62.4792,60.5489,58.6250,60.0013
2007-12-03,AGG,stock,102.58,102.58,101.74,102.13,630100,2007-12-03,2007-12-03,68.6047,60.5006,58.6011,59.9602
2007-11-30,AGG,stock,101.56,102.11,101.28,101.99,1734300,2007-11-30,2007-11-30,64.0344,60.4225,58.5745,59.9078
2007-11-29,AGG,stock,101.86,102.08,101.51,101.79,1496800,2007-11-29,2007-11-29,62.1628,60.3705,58.5510,59.8667
2007-11-28,AGG,stock,101.62,101.76,101.42,101.5,536500,2007-11-28,2007-11-28,59.3118,60.3257,58.5284,59.8287
2007-11-27,AGG,stock,102.21,102.21,101.43,101.75,933000,2007-11-27,2007-11-27,63.1188,60.2944,58.5074,59.7963
2007-11-26,AGG,stock,101.51,102.42,101.41,102.17,441900,2007-11-26,2007-11-26,70.1422,60.2441,58.4846,59.7565
2007-11-23,AGG,stock,101.78,101.78,101.25,101.25,137700,2007-11-23,2007-11-23,61.4076,60.1621,58.4591,59.7048
2007-11-21,AGG,stock,101.41,101.77,101.18,101.77,789200,2007-11-21,2007-11-21,72.5461,60.1293,58.4389,59.6734
2007-11-20,AGG,stock,101.23,101.25,100.89,101,332100,2007-11-20,2007-11-20,63.4238,60.0603,58.4153,59.6280
2007-11-19,AGG,stock,101,101.38,100.81,101.21,416800,2007-11-19,2007-11-19,69.2512,60.0325,58.3961,59.5996
2007-11-16,AGG,stock,101,101.1,100.85,100.99,1810900,2007-11-16,2007-11-16,66.2331,59.9885,58.3755,59.5649
2007-11-15,AGG,stock,100.63,101.11,100.63,101.0599,493500,2007-11-15,2007-11-15,68.2083,59.9538,58.3559,59.5341
2007-11-14,AGG,stock,100.55,100.65,100.4,100.63,336000,2007-11-14,2007-11-14,61.6825,59.9110,58.3358,59.5004
2007-11-13,AGG,stock,100.8,100.81,100.55,100.67,276100,2007-11-13,2007-11-13,62.7961,59.8907,58.3180,59.4758
2007-11-12,AGG,stock,100.84,100.84,100.5,100.66,224000,2007-11-12,2007-11-12,62.6395,59.8658,58.2998,59.4492
2007-11-09,AGG,stock,100.67,100.84,100.55,100.8,184600,2007-11-09,2007-11-09,66.2654,59.8389,58.2815,59.4218
2007-11-08,AGG,stock,100.51,100.57,100.28,100.45,469700,2007-11-08,2007-11-08,61.0286,59.8004,58.2622,59.3898
2007-11-07,AGG,stock,100.4,100.42,100.12,100.35,716100,2007-11-07,2007-11-07,59.3547,59.7798,58.2448,59.3650
2007-11-06,AGG,stock,100.34,100.51,100.17,100.33,418000,2007-11-06,2007-11-06,59.0278,59.7633,58.2278,59.3417
2007-11-05,AGG,stock,100.75,100.77,100.46,100.46,509700,2007-11-05,2007-11-05,62.0389,59.7464,58.2107,59.3179
2007-11-02,AGG,stock,100.45,100.9,100.43,100.55,401100,2007-11-02,2007-11-02,64.1423,59.7194,58.1927,59.2900
2007-11-01,AGG,stock,100.3,100.6637,100.26,100.44,251200,2007-11-01,2007-11-01,62.7073,59.6840,58.1740,59.2588
2007-10-31,AGG,stock,100.75,100.86,100.41,100.61,767000,2007-10-31,2007-10-31,59.3211,59.6518,58.1557,59.2289
2007-10-30,AGG,stock,100.85,100.89,100.7,100.89,252400,2007-10-30,2007-10-30,65.5780,59.6317,58.1388,59.2039
2007-10-29,AGG,stock,100.7515,100.89,100.6,100.76,261000,2007-10-29,2007-10-29,63.9382,59.5920,58.1200,59.1710
2007-10-26,AGG,stock,100.75,101,100.61,100.76,348000,2007-10-26,2007-10-26,63.9382,59.5562,58.1018,59.1399
2007-10-25,AGG,stock,101.13,101.14,100.83,100.85,236200,2007-10-25,2007-10-25,65.8097,59.5166,58.0834,59.1076
2007-10-24,AGG,stock,100.86,101.2,100.7,101.11,1018400,2007-10-24,2007-10-24,71.4172,59.4672,58.0643,59.0718
2007-10-23,AGG,stock,100.5908,100.67,100.45,100.67,328900,2007-10-23,2007-10-23,66.9983,59.3964,58.0434,59.0281
2007-10-22,AGG,stock,100.73,100.81,100.5,100.7,284500,2007-10-22,2007-10-22,67.6606,59.3456,58.0249,58.9934
2007-10-19,AGG,stock,100.4399,100.73,100.34,100.73,732700,2007-10-19,2007-10-19,68.2874,59.2876,58.0061,58.9566
2007-10-18,AGG,stock,100.12,100.3,100.07,100.2699,270000,2007-10-18,2007-10-18,63.4678,59.2217,57.9870,58.9175
2007-10-17,AGG,stock,99.66,100.03,99.62,99.98,243600,2007-10-17,2007-10-17,59.9024,59.1776,57.9703,58.8880
2007-10-16,AGG,stock,99.47,99.72,99.45,99.64,266400,2007-10-16,2007-10-16,55.1338,59.1470,57.9553,58.8643
2007-10-15,AGG,stock,99.42,99.5,99.25,99.48,200800,2007-10-15,2007-10-15,52.6744,59.1345,57.9421,58.8479
2007-10-12,AGG,stock,99.52,99.65,99.32,99.4501,470400,2007-10-12,2007-10-12,52.2199,59.1307,57.9298,58.8347
2007-10-11,AGG,stock,99.3548,99.64,99.24,99.64,258000,2007-10-11,2007-10-11,55.3550,59.1283,57.9175,58.8217
2007-10-10,AGG,stock,99.46,99.65,99.19,99.57,711600,2007-10-10,2007-10-10,54.4183,59.1138,57.9039,58.8036
2007-10-09,AGG,stock,99.53,99.59,99.16,99.44,182700,2007-10-09,2007-10-09,52.7072,59.1022,57.8907,58.7864
2007-10-08,AGG,stock,99.08,99.95,99.08,99.65,367700,2007-10-08,2007-10-08,55.8522,59.0975,57.8780,58.7717
2007-10-05,AGG,stock,99.51,99.65,98.24,98.87,750200,2007-10-05,2007-10-05,44.4124,59.0791,57.8640,58.7513
2007-10-04,AGG,stock,99.7899,99.9,99.51,99.66,445000,2007-10-04,2007-10-04,58.7234,59.1077,57.8545,58.7490
2007-10-03,AGG,stock,99.7,99.9,99.51,99.7,327100,2007-10-03,2007-10-03,59.6267,59.0898,57.8402,58.7274
2007-10-02,AGG,stock,99.32,99.74,99.18,99.65,282100,2007-10-02,2007-10-02,58.8927,59.0675,57.8255,58.7040
2007-10-01,AGG,stock,99.82,99.83,99.27,99.27,3538500,2007-10-01,2007-10-01,52.8425,59.0460,57.8110,58.6808
2007-09-28,AGG,stock,100.03,100.26,99.81,100.02,336100,2007-09-28,2007-09-28,60.0661,59.0460,57.7986,58.6659
2007-09-27,AGG,stock,99.73,100,99.65,99.87,380900,2007-09-27,2007-09-27,57.6654,59.0251,57.7841,58.6423
2007-09-26,AGG,stock,99.67,99.84,99.45,99.7,702100,2007-09-26,2007-09-26,54.8063,59.0113,57.7703,58.6213
2007-09-25,AGG,stock,99.96,100.01,99.76,99.8,260000,2007-09-25,2007-09-25,56.9055,59.0067,57.7574,58.6036
2007-09-24,AGG,stock,99.71,99.74,99.5,99.72,274000,2007-09-24,2007-09-24,55.6434,58.9954,57.7437,58.5827
2007-09-21,AGG,stock,99.46,99.74,99.33,99.71,465700,2007-09-21,2007-09-21,55.4921,58.9878,57.7304,58.5630
2007-09-20,AGG,stock,99.94,99.96,99.35,99.42,282100,2007-09-20,2007-09-20,50.9905,58.9801,57.7170,58.5426
2007-09-19,AGG,stock,100.1,100.19,99.83,100.13,441200,2007-09-19,2007-09-19,66.2160,58.9896,57.7053,58.5285
2007-09-18,AGG,stock,99.87,100.3499,99.6,100.15,628000,2007-09-18,2007-09-18,66.7372,58.9559,57.6891,58.4966
2007-09-17,AGG,stock,99.85,99.96,99.77,99.94,278000,2007-09-17,2007-09-17,63.9721,58.9174,57.6727,58.4629
2007-09-14,AGG,stock,100.07,100.13,99.7,99.91,320600,2007-09-14,2007-09-14,63.5703,58.8880,57.6574,58.4329
2007-09-13,AGG,stock,99.8,99.94,99.63,99.83,790400,2007-09-13,2007-09-13,62.5359,58.8573,57.6421,58.4025
2007-09-12,AGG,stock,100.21,100.26,100.024,100.12,2039700,2007-09-12,2007-09-12,69.1446,58.8283,57.6271,58.3727
2007-09-11,AGG,stock,100.27,100.41,100.03,100.26,687000,2007-09-11,2007-09-11,72.5831,58.7783,57.6103,58.3347
2007-09-10,AGG,stock,100.3,100.54,100.13,100.44,285900,2007-09-10,2007-09-10,77.1644,58.7142,57.5924,58.2917
2007-09-07,AGG,stock,99.75,100.23,99.75,100.2,353400,2007-09-07,2007-09-07,75.2286,58.6322,57.5733,58.2427
2007-09-06,AGG,stock,99.73,99.73,99.51,99.58,761000,2007-09-06,2007-09-06,68.9057,58.5565,57.5555,58.1974
2007-09-05,AGG,stock,99.09,99.74,99.09,99.6,294600,2007-09-05,2007-09-05,69.4366,58.5115,57.5411,58.1653
2007-09-04,AGG,stock,99.48,99.48,99.1,99.28,41400,2007-09-04,2007-09-04,65.4857,58.4605,57.5265,58.1314
2007-08-31,AGG,stock,99.66,100.09,99.52,99.82,201000,2007-08-31,2007-08-31,68.3113,58.4240,57.5136,58.1038
2007-08-30,AGG,stock,99.74,99.83,99.64,99.76,186400,2007-08-30,2007-08-30,67.6082,58.3769,57.5000,58.0725
2007-08-29,AGG,stock,99.77,99.85,99.54,99.55,201400,2007-08-29,2007-08-29,65.0908,58.3286,57.4865,58.0413
2007-08-28,AGG,stock,99.41,99.77,99.37,99.75,187700,2007-08-28,2007-08-28,69.8946,58.2882,57.4742,58.0139
2007-08-27,AGG,stock,99.24,99.44,99.17,99.35,301600,2007-08-27,2007-08-27,65.1130,58.2311,57.4606,57.9806
2007-08-24,AGG,stock,99.27,99.31,99.03,99.05,293700,2007-08-24,2007-08-24,60.7742,58.1928,57.4492,57.9555
2007-08-23,AGG,stock,99.12,99.32,99.01,99.3,522300,2007-08-23,2007-08-23,67.2457,58.1691,57.4394,57.9367
2007-08-22,AGG,stock,99.15,99.26,98.9601,99.18,545300,2007-08-22,2007-08-22,65.6137,58.1275,57.4281,57.9110
2007-08-21,AGG,stock,99.31,99.38,99.11,99.26,224600,2007-08-21,2007-08-21,67.7020,58.0889,57.4174,57.8872
2007-08-20,AGG,stock,98.9,99.02,98.79,98.8,252400,2007-08-20,2007-08-20,61.0899,58.0412,57.4061,57.8605
2007-08-17,AGG,stock,98.67,98.97,98.42,98.89,311800,2007-08-17,2007-08-17,63.4498,58.0171,57.3974,57.8438
2007-08-16,AGG,stock,98.72,98.98,98.43,98.67,541400,2007-08-16,2007-08-16,59.9370,57.9849,57.3881,57.8242
2007-08-15,AGG,stock,98.79,98.8,98.47,98.73,224900,2007-08-15,2007-08-15,61.4322,57.9630,57.3800,57.8092
2007-08-14,AGG,stock,98.29,98.68,98.29,98.6,250900,2007-08-14,2007-08-14,59.3942,57.9350,57.3715,57.7920
2007-08-13,AGG,stock,98.04,98.49,98.04,98.33,220200,2007-08-13,2007-08-13,54.7864,57.9121,57.3637,57.7773
2007-08-10,AGG,stock,98.58,98.68,98.12,98.15,398700,2007-08-10,2007-08-10,51.3703,57.9036,57.3573,57.7685
2007-08-09,AGG,stock,98.46,98.57,98.32,98.48,271600,2007-08-09,2007-08-09,58.9530,57.9054,57.3520,57.7637
2007-08-08,AGG,stock,98.486,98.49,98.17,98.36,277200,2007-08-08,2007-08-08,56.7998,57.8868,57.3447,57.7508
2007-08-07,AGG,stock,98.6,98.78,98.41,98.48,280300,2007-08-07,2007-08-07,59.7081,57.8738,57.3380,57.7401
2007-08-06,AGG,stock,98.86,98.86,98.45,98.55,231000,2007-08-06,2007-08-06,61.4114,57.8519,57.3305,57.7262
2007-08-03,AGG,stock,98.47,98.71,98.39,98.71,371600,2007-08-03,2007-08-03,65.3692,57.8234,57.3226,57.7100
2007-08-02,AGG,stock,98.32,98.48,98.16,98.28,566300,2007-08-02,2007-08-02,58.7320,57.7820,57.3136,57.6893
2007-08-01,AGG,stock,98.52,98.6,98.33,98.33,814500,2007-08-01,2007-08-01,59.9731,57.7629,57.3070,57.6781
2007-07-31,AGG,stock,98.63,99.01,98.6,98.99,529100,2007-07-31,2007-07-31,65.8624,57.7387,57.3001,57.6653
2007-07-30,AGG,stock,98.81,98.87,98.61,98.68,389300,2007-07-30,2007-07-30,61.0517,57.6978,57.2918,57.6464
2007-07-27,AGG,stock,98.71,98.89,98.58,98.73,329000,2007-07-27,2007-07-27,62.3680,57.6717,57.2853,57.6342
2007-07-26,AGG,stock,98.57,99,98.55,98.83,324600,2007-07-26,2007-07-26,64.9695,57.6398,57.2783,57.6203
2007-07-25,AGG,stock,98.23,98.65,98.23,98.48,580900,2007-07-25,2007-07-25,59.4759,57.5984,57.2707,57.6035
2007-07-24,AGG,stock,98.39,98.56,98.35,98.54,208800,2007-07-24,2007-07-24,60.9986,57.5743,57.2651,57.5943
2007-07-23,AGG,stock,98.24,98.48,98.22,98.34,255600,2007-07-23,2007-07-23,57.6419,57.5439,57.2591,57.5834
2007-07-20,AGG,stock,98.15,98.58,98.12,98.4,316300,2007-07-20,2007-07-20,59.0578,57.5226,57.2542,57.5767
2007-07-19,AGG,stock,98.06,98.22,98,98.17,321200,2007-07-19,2007-07-19,55.1348,57.4954,57.2490,57.5684
2007-07-18,AGG,stock,98.05,98.32,97.93,98.1702,226700,2007-07-18,2007-07-18,55.1391,57.4796,57.2450,57.5652
2007-07-17,AGG,stock,98.04,98.13,97.85,97.92,221300,2007-07-17,2007-07-17,50.7087,57.4621,57.2409,57.5619
2007-07-16,AGG,stock,97.97,98.22,97.87,98.1,279500,2007-07-16,2007-07-16,54.2905,57.4582,57.2383,57.5645
2007-07-13,AGG,stock,97.98,98,97.7,97.9,247600,2007-07-13,2007-07-13,50.6975,57.4428,57.2347,57.5629
2007-07-12,AGG,stock,98.02,98.02,97.67,97.78,234100,2007-07-12,2007-07-12,48.4395,57.4381,57.2321,57.5660
2007-07-11,AGG,stock,98.21,98.21,97.76,97.88,233300,2007-07-11,2007-07-11,50.2193,57.4403,57.2303,57.5720
2007-07-10,AGG,stock,97.97,98.11,97.78,98.1,712600,2007-07-10,2007-07-10,54.2946,57.4366,57.2278,57.5760
2007-07-09,AGG,stock,97.71,97.73,97.52,97.68,232100,2007-07-09,2007-07-09,46.6147,57.4189,57.2240,57.5748
2007-07-06,AGG,stock,97.41,97.6,97.32,97.51,281300,2007-07-06,2007-07-06,43.0158,57.4253,57.2227,57.5837
2007-07-05,AGG,stock,97.96,97.96,97.5,97.68,453000,2007-07-05,2007-07-05,45.8883,57.4429,57.2223,57.5969
2007-07-03,AGG,stock,98.34,98.49,98.04,98.09,384200,2007-07-03,2007-07-03,53.9575,57.4518,57.2209,57.6067
2007-07-02,AGG,stock,97.96,98.36,97.96,98.2,2726200,2007-07-02,2007-07-02,56.4295,57.4364,57.2171,57.6070
2007-06-29,AGG,stock,98.31,98.459,98.18,98.36,506700,2007-06-29,2007-06-29,51.5696,57.4125,57.2127,57.6047
2007-06-28,AGG,stock,98.21,98.33,98.04,98.17,293500,2007-06-28,2007-06-28,47.6133,57.4021,57.2097,57.6085
2007-06-27,AGG,stock,98.4599,98.4599,98.13,98.24,214500,2007-06-27,2007-06-27,48.9822,57.4023,57.2077,57.6170
2007-06-26,AGG,stock,98.17,98.27,98.01,98.05,639900,2007-06-26,2007-06-26,44.9966,57.3982,57.2054,57.6242
2007-06-25,AGG,stock,98.24,98.29,98.04,98.17,305000,2007-06-25,2007-06-25,47.1571,57.4054,57.2042,57.6362
2007-06-22,AGG,stock,97.85,98.08,97.63,98.08,357900,2007-06-22,2007-06-22,45.3289,57.4060,57.2022,57.6459
2007-06-21,AGG,stock,97.94,98.0499,97.78,97.8499,340000,2007-06-21,2007-06-21,40.4367,57.4122,57.2007,57.6581
2007-06-20,AGG,stock,98.04,98.15,97.85,98,298700,2007-06-20,2007-06-20,42.7542,57.4331,57.2006,57.6762
2007-06-19,AGG,stock,98.12,98.34,98.02,98.27,300900,2007-06-19,2007-06-19,47.2800,57.4471,57.1996,57.6916
2007-06-18,AGG,stock,97.85,97.98,97.66,97.96,242200,2007-06-18,2007-06-18,40.5732,57.4459,57.1970,57.7011
2007-06-15,AGG,stock,97.66,97.91,97.54,97.89,470200,2007-06-15,2007-06-15,38.9445,57.4637,57.1962,57.7184
2007-06-14,AGG,stock,97.47,97.68,97.39,97.54,230700,2007-06-14,2007-06-14,30.0432,57.4876,57.1958,57.7381
2007-06-13,AGG,stock,97.14,97.5,97.1,97.35,407100,2007-06-13,2007-06-13,24.4942,57.5356,57.1974,57.7669
2007-06-12,AGG,stock,97.55,97.57,97.11,97.2,380400,2007-06-12,2007-06-12,19.8327,57.6003,57.2002,57.8014
2007-06-11,AGG,stock,97.58,97.89,97.57,97.78,261000,2007-06-11,2007-06-11,25.4810,57.6811,57.2039,57.8410
2007-06-08,AGG,stock,97.6,97.86,97.57,97.71,389700,2007-06-08,2007-06-08,23.0242,57.7347,57.2042,57.8683
2007-06-07,AGG,stock,98.23,98.23,97.7,97.83,319500,2007-06-07,2007-06-07,24.2994,57.7983,57.2050,57.8984
2007-06-06,AGG,stock,98.52,98.54,98.3,98.51,1001300,2007-06-06,2007-06-06,34.2947,57.8611,57.2050,57.9268
2007-06-05,AGG,stock,98.67,98.7,98.37,98.47,244800,2007-06-05,2007-06-05,32.7845,57.8887,57.2011,57.9402
2007-06-04,AGG,stock,98.71,98.77,98.61,98.75,299000,2007-06-04,2007-06-04,38.5427,57.9217,57.1973,57.9551
2007-06-01,AGG,stock,98.72,98.77,98.53,98.63,942500,2007-06-01,2007-06-01,33.9242,57.9409,57.1918,57.9639
2007-05-31,AGG,stock,99.25,99.35,99.12,99.16,506000,2007-05-31,2007-05-31,36.0510,57.9696,57.1870,57.9760
2007-05-30,AGG,stock,99.45,99.47,99.27,99.38,577600,2007-05-30,2007-05-30,41.2340,57.9950,57.1816,57.9861
2007-05-29,AGG,stock,99.36,99.39,99.15,99.26,222700,2007-05-29,2007-05-29,36.6188,58.0095,57.1748,57.9914
2007-05-25,AGG,stock,99.32,99.41,99.17,99.36,222200,2007-05-25,2007-05-25,38.9882,58.0330,57.1687,57.9997
2007-05-24,AGG,stock,99.24,99.41,99.04,99.41,339300,2007-05-24,2007-05-24,40.1957,58.0528,57.1619,58.0061
2007-05-23,AGG,stock,99.4,99.52,99.16,99.37,1081300,2007-05-23,2007-05-23,38.7873,58.0717,57.1547,58.0115
2007-05-22,AGG,stock,99.64,99.64,99.31,99.45,353000,2007-05-22,2007-05-22,40.5613,58.0950,57.1477,58.0180
2007-05-21,AGG,stock,99.53,99.65,99.41,99.65,316500,2007-05-21,2007-05-21,45.3792,58.1158,57.1402,58.0230
2007-05-18,AGG,stock,99.68,99.74,99.41,99.45,431900,2007-05-18,2007-05-18,38.6078,58.1266,57.1314,58.0234
2007-05-17,AGG,stock,99.79,99.83,99.67,99.74,212200,2007-05-17,2007-05-17,46.3434,58.1507,57.1237,58.0285
2007-05-16,AGG,stock,99.75,99.93,99.7,99.91,238800,2007-05-16,2007-05-16,52.0165,58.1596,57.1143,58.0270
2007-05-15,AGG,stock,99.99,100,99.75,99.89,266100,2007-05-15,2007-05-15,51.3661,58.1591,57.1037,58.0214
2007-05-14,AGG,stock,100,100.02,99.76,99.93,247300,2007-05-14,2007-05-14,52.6925,58.1597,57.0932,58.0160
2007-05-11,AGG,stock,100.22,100.23,99.84,99.91,185100,2007-05-11,2007-05-11,52.1184,58.1579,57.0823,58.0094
2007-05-10,AGG,stock,100.05,100.12,99.94,100.11,218200,2007-05-10,2007-05-10,58.7367,58.1572,57.0714,58.0031
2007-05-09,AGG,stock,100.19,100.19,99.93,99.94,302100,2007-05-09,2007-05-09,54.1403,58.1441,57.0592,57.9917
2007-05-08,AGG,stock,100.17,100.2,100.02,100.06,291000,2007-05-08,2007-05-08,58.4046,58.1401,57.0479,57.9839
2007-05-07,AGG,stock,100.05,100.17,99.97,100.17,301500,2007-05-07,2007-05-07,62.6016,58.1283,57.0358,57.9730
2007-05-04,AGG,stock,100.06,100.13,99.94,100.07,233700,2007-05-04,2007-05-04,60.1865,58.1085,57.0230,57.9590
2007-05-03,AGG,stock,100.01,100.06,99.81,99.94,267900,2007-05-03,2007-05-03,56.8203,58.0928,57.0106,57.9468
2007-05-02,AGG,stock,100.08,100.77,99.8,100.05,255200,2007-05-02,2007-05-02,60.8635,58.0834,56.9988,57.9371
2007-05-01,AGG,stock,100,100.1,99.8,100.02,1029900,2007-05-01,2007-05-01,60.1453,58.0662,56.9862,57.9245
2007-04-30,AGG,stock,100.3,100.46,100.24,100.46,298600,2007-04-30,2007-04-30,62.1772,58.0491,56.9737,57.9121
2007-04-27,AGG,stock,100.16,100.21,100.03,100.12,169100,2007-04-27,2007-04-27,53.6098,58.0266,56.9608,57.8978
2007-04-26,AGG,stock,100.31,100.31,100.06,100.14,251900,2007-04-26,2007-04-26,54.2814,58.0225,56.9497,57.8910
2007-04-25,AGG,stock,100.37,100.4516,100.2,100.33,401800,2007-04-25,2007-04-25,61.0254,58.0168,56.9384,57.8834
2007-04-24,AGG,stock,100.31,100.45,100.26,100.29,227500,2007-04-24,2007-04-24,60.0552,57.9989,56.9258,57.8710
2007-04-23,AGG,stock,100.18,100.3,100.03,100.24,409600,2007-04-23,2007-04-23,58.8668,57.9815,56.9134,57.8590
2007-04-20,AGG,stock,100.26,100.26,100.02,100.14,162100,2007-04-20,2007-04-20,56.4610,57.9654,56.9011,57.8478
2007-04-19,AGG,stock,100.3,100.3,100.05,100.19,223500,2007-04-19,2007-04-19,58.0370,57.9537,56.8893,57.8384
2007-04-18,AGG,stock,100.19,100.24,100.06,100.23,160100,2007-04-18,2007-04-18,59.2659,57.9376,56.8771,57.8275
2007-04-17,AGG,stock,99.91,100.08,99.8401,100.08,368200,2007-04-17,2007-04-17,56.0234,57.9175,56.8645,57.8152
2007-04-16,AGG,stock,99.65,99.8,99.57,99.79,396400,2007-04-16,2007-04-16,48.6915,57.9044,56.8526,57.8059
2007-04-13,AGG,stock,99.79,99.79,99.46,99.59,291600,2007-04-13,2007-04-13,42.5585,57.9076,56.8424,57.8032
2007-04-12,AGG,stock,99.65,99.83,99.63,99.75,274100,2007-04-12,2007-04-12,46.7057,57.9234,56.8332,57.8050
2007-04-11,AGG,stock,99.84,99.91,99.51,99.63,344200,2007-04-11,2007-04-11,42.8255,57.9310,56.8230,57.8031
2007-04-10,AGG,stock,99.74,99.86,99.54,99.69,314700,2007-04-10,2007-04-10,44.3238,57.9468,56.8133,57.8041
2007-04-09,AGG,stock,99.7,99.7099,99.5,99.54,324200,2007-04-09,2007-04-09,39.4022,57.9606,56.8032,57.8036
2007-04-05,AGG,stock,100.01,100.02,99.82,99.92,269600,2007-04-05,2007-04-05,49.7466,57.9850,56.7939,57.8066
2007-04-04,AGG,stock,100.01,100.11,99.91,100.01,181400,2007-04-04,2007-04-04,52.7949,57.9887,56.7823,57.8008
2007-04-03,AGG,stock,99.98,100.02,99.78,99.9,390600,2007-04-03,2007-04-03,49.2667,57.9874,56.7701,57.7926
2007-04-02,AGG,stock,100.19,100.19,99.81,100,1065300,2007-04-02,2007-04-02,52.5844,57.9926,56.7583,57.7867
2007-03-30,AGG,stock,100.42,100.43,100.07,100.26,435200,2007-03-30,2007-03-30,48.4298,57.9923,56.7459,57.7782
2007-03-29,AGG,stock,100.36,100.42,100.21,100.35,223000,2007-03-29,2007-03-29,51.3363,57.9998,56.7341,57.7723
2007-03-28,AGG,stock,100.55,100.65,100.341,100.42,217600,2007-03-28,2007-03-28,53.6622,58.0026,56.7216,57.7641
2007-03-27,AGG,stock,100.45,100.49,100.27,100.37,275600,2007-03-27,2007-03-27,52.2266,58.0015,56.7087,57.7540
2007-03-26,AGG,stock,100.4,100.65,100.28,100.35,444100,2007-03-26,2007-03-26,51.6705,58.0033,56.6958,57.7446
2007-03-23,AGG,stock,100.67,100.67,100.31,100.41,226200,2007-03-23,2007-03-23,53.4023,58.0065,56.6830,57.7352
2007-03-22,AGG,stock,100.69,100.71,100.4,100.55,210200,2007-03-22,2007-03-22,57.5840,58.0064,56.6697,57.7241
2007-03-21,AGG,stock,100.55,100.82,100.4801,100.74,664300,2007-03-21,2007-03-21,63.8887,57.9977,56.6554,57.7092
2007-03-20,AGG,stock,100.68,100.69,100.5,100.61,446400,2007-03-20,2007-03-20,61.1890,57.9766,56.6399,57.6893
2007-03-19,AGG,stock,100.49,100.53,100.36,100.51,181300,2007-03-19,2007-03-19,58.9995,57.9612,56.6250,57.6716
2007-03-16,AGG,stock,100.589,100.64,100.45,100.58,264100,2007-03-16,2007-03-16,61.2453,57.9503,56.6106,57.6555
2007-03-15,AGG,stock,100.81,100.81,100.52,100.57,201400,2007-03-15,2007-03-15,61.0486,57.9339,56.5955,57.6371
2007-03-14,AGG,stock,100.72,100.87,100.61,100.68,468700,2007-03-14,2007-03-14,64.3863,57.9164,56.5804,57.6182
2007-03-13,AGG,stock,100.67,100.8,100.55,100.8,344300,2007-03-13,2007-03-13,68.1612,57.8904,56.5645,57.5960
2007-03-12,AGG,stock,100.47,100.55,100.32,100.54,224200,2007-03-12,2007-03-12,63.9034,57.8543,56.5477,57.5700
2007-03-09,AGG,stock,100.33,100.39,100.21,100.23,309900,2007-03-09,2007-03-09,57.6302,57.8303,56.5323,57.5491
2007-03-08,AGG,stock,100.6,100.66,100.46,100.51,351700,2007-03-08,2007-03-08,67.4636,57.8226,56.5185,57.5346
2007-03-07,AGG,stock,100.57,100.69,100.46,100.6,296500,2007-03-07,2007-03-07,71.0837,57.7970,56.5030,57.5129
2007-03-06,AGG,stock,100.41,100.6,100.41,100.52,221300,2007-03-06,2007-03-06,69.7436,57.7633,56.4867,57.4882
2007-03-05,AGG,stock,100.69,100.69,100.43,100.59,264700,2007-03-05,2007-03-05,72.4725,57.7309,56.4708,57.4645
2007-03-02,AGG,stock,100.54,100.68,100.39,100.65,187600,2007-03-02,2007-03-02,74.8020,57.6908,56.4543,57.4380
2007-03-01,AGG,stock,100.7,100.72,100.29,100.44,662900,2007-03-01,2007-03-01,71.8626,57.6429,56.4373,57.4091
2007-02-28,AGG,stock,100.92,100.96,100.62,100.85,533700,2007-02-28,2007-02-28,72.4638,57.6026,56.4214,57.3840
2007-02-27,AGG,stock,100.92,101.67,100.56,100.92,379300,2007-02-27,2007-02-27,74.9891,57.5572,56.4052,57.3575
2007-02-26,AGG,stock,100.41,100.54,100.35,100.51,222700,2007-02-26,2007-02-26,69.1399,57.5028,56.3884,57.3282
2007-02-23,AGG,stock,100.11,100.37,100.11,100.29,360200,2007-02-23,2007-02-23,65.0696,57.4674,56.3738,57.3074
2007-02-22,AGG,stock,100.18,100.18,100.01,100.05,188000,2007-02-22,2007-02-22,59.6830,57.4417,56.3604,57.2908
2007-02-21,AGG,stock,100.16,100.27,100.02,100.25,223600,2007-02-21,2007-02-21,67.7700,57.4277,56.3482,57.2793
2007-02-20,AGG,stock,100.1599,100.29,100.05,100.26,252400,2007-02-20,2007-02-20,68.1990,57.4003,56.3347,57.2626
2007-02-16,AGG,stock,100.14,100.24,100.09,100.21,309400,2007-02-16,2007-02-16,67.2360,57.3693,56.3210,57.2449
2007-02-15,AGG,stock,100.16,100.22,100.06,100.14,438500,2007-02-15,2007-02-15,65.8932,57.3380,56.3075,57.2278
2007-02-14,AGG,stock,99.79,100.02,99.68,100,269400,2007-02-14,2007-02-14,63.0836,57.3078,56.2943,57.2115
2007-02-13,AGG,stock,99.53,99.7105,99.38,99.62,227400,2007-02-13,2007-02-13,53.4102,57.2828,56.2817,57.1979
2007-02-12,AGG,stock,99.68,99.73,99.46,99.63,304700,2007-02-12,2007-02-12,53.7544,57.2782,56.2712,57.1927
2007-02-09,AGG,stock,99.8,99.83,99.52,99.73,419600,2007-02-09,2007-02-09,57.1758,57.2725,56.2605,57.1870
2007-02-08,AGG,stock,99.87,100,99.81,99.96,353800,2007-02-08,2007-02-08,66.1708,57.2602,56.2492,57.1787
2007-02-07,AGG,stock,99.86,99.94,99.72,99.9,289800,2007-02-07,2007-02-07,64.8306,57.2326,56.2364,57.1647
2007-02-06,AGG,stock,99.7,99.8,99.37,99.78,236400,2007-02-06,2007-02-06,62.0374,57.2058,56.2238,57.1515
2007-02-05,AGG,stock,99.57,99.61,99.47,99.59,248000,2007-02-05,2007-02-05,57.0185,57.1834,56.2118,57.1406
2007-02-02,AGG,stock,99.39,99.49,99.28,99.43,445100,2007-02-02,2007-02-02,52.0627,57.1701,56.2008,57.1337
2007-02-01,AGG,stock,99.76,99.76,99.22,99.29,821500,2007-02-01,2007-02-01,47.1078,57.1652,56.1906,57.1303
2007-01-31,AGG,stock,99.51,99.82,99.45,99.63,386400,2007-01-31,2007-01-31,45.1074,57.1682,56.1810,57.1301
2007-01-30,AGG,stock,99.55,99.56,99.37,99.55,293100,2007-01-30,2007-01-30,42.0569,57.1748,56.1718,57.1310
2007-01-29,AGG,stock,99.68,99.69,99.34,99.4,388400,2007-01-29,2007-01-29,35.8502,57.1868,56.1628,57.1339
2007-01-26,AGG,stock,99.46,99.57,99.35,99.53,289500,2007-01-26,2007-01-26,39.2322,57.2092,56.1547,57.1405
2007-01-25,AGG,stock,99.71,99.71,99.44,99.54,296700,2007-01-25,2007-01-25,39.4983,57.2261,56.1457,57.1442
2007-01-24,AGG,stock,99.84,99.84,99.65,99.67,358000,2007-01-24,2007-01-24,43.0215,57.2442,56.1366,57.1479
2007-01-23,AGG,stock,99.89,99.89,99.64,99.7,334200,2007-01-23,2007-01-23,43.8598,57.2563,56.1266,57.1487
2007-01-22,AGG,stock,99.91,99.92,99.79,99.89,263600,2007-01-22,2007-01-22,49.5366,57.2680,56.1163,57.1488
2007-01-19,AGG,stock,99.93,99.93,99.73,99.84,309200,2007-01-19,2007-01-19,47.8885,57.2693,56.1049,57.1444
2007-01-18,AGG,stock,99.74,99.91,99.65,99.88,290600,2007-01-18,2007-01-18,49.0792,57.2739,56.0936,57.1411
2007-01-17,AGG,stock,99.89,99.96,99.6709,99.74,258800,2007-01-17,2007-01-17,44.6024,57.2764,56.0820,57.1367
2007-01-16,AGG,stock,99.82,99.92,99.6701,99.82,448700,2007-01-16,2007-01-16,46.7849,57.2878,56.0711,57.1354
2007-01-12,AGG,stock,99.8,99.85,99.6,99.67,232500,2007-01-12,2007-01-12,41.8290,57.2954,56.0596,57.1321
2007-01-11,AGG,stock,100.04,100.09,99.74,99.8101,445200,2007-01-11,2007-01-11,45.5044,57.3130,56.0488,57.1323
2007-01-10,AGG,stock,100.11,100.11,99.91,100,697900,2007-01-10,2007-01-10,51.1627,57.3239,56.0372,57.1291
2007-01-09,AGG,stock,100.17,100.17,100.04,100.11,361300,2007-01-09,2007-01-09,54.8299,57.3245,56.0243,57.1214
2007-01-08,AGG,stock,100.15,100.15,100.01,100.11,281700,2007-01-08,2007-01-08,54.8299,57.3186,56.0107,57.1108
2007-01-05,AGG,stock,100,100.09,99.9,100.05,318200,2007-01-05,2007-01-05,53.2540,57.3120,55.9969,57.0998
2007-01-04,AGG,stock,100.03,100.19,99.94,100.12,1745500,2007-01-04,2007-01-04,55.3458,57.3083,55.9833,57.0897
2007-01-03,AGG,stock,100,100.07,99.79,99.91,471200,2007-01-03,2007-01-03,49.8595,57.3001,55.9692,57.0776
2006-12-29,AGG,stock,99.73,99.73,99.61,99.7,278800,2006-12-29,2006-12-29,43.4025,57.3036,55.9562,57.0699
2006-12-28,AGG,stock,99.95,99.98,99.61,99.71,326900,2006-12-28,2006-12-28,43.6510,57.3202,55.9442,57.0668
2006-12-27,AGG,stock,100.01,100.11,99.66,99.84,781500,2006-12-27,2006-12-27,46.8928,57.3380,55.9321,57.0633
2006-12-26,AGG,stock,100.28,100.5,100.28,100.48,166000,2006-12-26,2006-12-26,54.7478,57.3497,55.9191,57.0566
2006-12-22,AGG,stock,100.52,100.54,100.28,100.51,461300,2006-12-22,2006-12-22,55.7053,57.3464,55.9044,57.0434
2006-12-21,AGG,stock,100.48,100.66,100.23,100.6,306000,2006-12-21,2006-12-21,58.5584,57.3409,55.8894,57.0289
2006-12-20,AGG,stock,100.41,100.5,100.34,100.4,333500,2006-12-20,2006-12-20,53.6610,57.3294,55.8737,57.0117
2006-12-19,AGG,stock,100.32,100.45,100.29,100.44,252900,2006-12-19,2006-12-19,54.8651,57.3288,55.8590,56.9985
2006-12-18,AGG,stock,100.37,100.39,100.26,100.37,236000,2006-12-18,2006-12-18,53.1570,57.3257,55.8439,56.9838
2006-12-15,AGG,stock,100.83,100.83,100.22,100.31,314000,2006-12-15,2006-12-15,51.7022,57.3264,55.8291,56.9701
2006-12-14,AGG,stock,100.48,100.48,100.26,100.33,2320000,2006-12-14,2006-12-14,52.2041,57.3309,55.8145,56.9573
2006-12-13,AGG,stock,100.59,100.62,100.4,100.47,215700,2006-12-13,2006-12-13,55.7193,57.3346,55.7996,56.9435
2006-12-12,AGG,stock,100.7,100.8,100.6,100.78,222000,2006-12-12,2006-12-12,64.6735,57.3302,55.7838,56.9259
2006-12-11,AGG,stock,100.59,100.65,100.5,100.58,249200,2006-12-11,2006-12-11,60.9102,57.3068,55.7660,56.9003
2006-12-08,AGG,stock,100.68,100.73,100.49,100.52,364200,2006-12-08,2006-12-08,59.7147,57.2930,55.7492,56.8783
2006-12-07,AGG,stock,100.74,100.77,100.62,100.73,169600,2006-12-07,2006-12-07,66.3052,57.2813,55.7325,56.8568
2006-12-06,AGG,stock,100.82,100.89,100.75,100.82,222800,2006-12-06,2006-12-06,69.3512,57.2557,55.7145,56.8296
2006-12-05,AGG,stock,101.03,101.03,100.75,100.9,348500,2006-12-05,2006-12-05,72.0845,57.2220,55.6958,56.7992
2006-12-04,AGG,stock,100.86,100.99,100.72,100.96,184600,2006-12-04,2006-12-04,74.1189,57.1800,55.6765,56.7656
2006-12-01,AGG,stock,100.64,100.97,100.55,100.86,354500,2006-12-01,2006-12-01,72.9369,57.1300,55.6566,56.7293
2006-11-30,AGG,stock,100.94,101.13,100.86,101.07,210500,2006-11-30,2006-11-30,70.6010,57.0807,55.6371,56.6938
2006-11-29,AGG,stock,100.94,100.95,100.69,100.76,300900,2006-11-29,2006-11-29,66.1264,57.0375,55.6185,56.6613
2006-11-28,AGG,stock,100.87,100.94,100.6,100.91,269600,2006-11-28,2006-11-28,70.9805,57.0083,55.6014,56.6346
2006-11-27,AGG,stock,100.52,100.73,100.41,100.64,191000,2006-11-27,2006-11-27,66.9221,56.9670,55.5833,56.6033
2006-11-24,AGG,stock,100.7,100.78,100.6508,100.69,176200,2006-11-24,2006-11-24,68.5711,56.9375,55.5666,56.5771
2006-11-22,AGG,stock,100.47,100.68,100.45,100.64,274000,2006-11-22,2006-11-22,67.8351,56.9020,55.5494,56.5486
2006-11-21,AGG,stock,100.39,100.54,100.3,100.52,251200,2006-11-21,2006-11-21,66.0642,56.8657,55.5324,56.5201
2006-11-20,AGG,stock,100.35,100.43,100.24,100.3899,222200,2006-11-20,2006-11-20,64.0727,56.8328,55.5158,56.4932
2006-11-17,AGG,stock,100.11,100.35,100.08,100.32,534400,2006-11-17,2006-11-17,62.9892,56.8042,55.4999,56.4683
2006-11-16,AGG,stock,100.36,100.37,99.98,100.06,305100,2006-11-16,2006-11-16,58.6855,56.7768,55.4841,56.4439
2006-11-15,AGG,stock,100.28,100.28,100.07,100.15,213000,2006-11-15,2006-11-15,60.9641,56.7620,55.4697,56.4246
2006-11-14,AGG,stock,100.44,100.4799,100.29,100.34,191800,2006-11-14,2006-11-14,65.9866,56.7403,55.4547,56.4024
2006-11-13,AGG,stock,100.17,100.2499,100.05,100.2,187800,2006-11-13,2006-11-13,63.9548,56.7050,55.4384,56.3749
2006-11-10,AGG,stock,100.25,100.34,100.12,100.32,145400,2006-11-10,2006-11-10,67.1473,56.6743,55.4227,56.3496
2006-11-09,AGG,stock,100.03,100.12,99.95,100.1,127200,2006-11-09,2006-11-09,64.0962,56.6332,55.4062,56.3204
2006-11-08,AGG,stock,99.86,100.09,99.8,100.07,185400,2006-11-08,2006-11-08,63.6690,56.6010,55.3908,56.2951
2006-11-07,AGG,stock,99.85,100,99.77,99.8,225400,2006-11-07,2006-11-07,59.6570,56.5671,55.3754,56.2695
2006-11-06,AGG,stock,99.5,99.63,99.424,99.55,240000,2006-11-06,2006-11-06,55.4247,56.5459,55.3614,56.2491
2006-11-03,AGG,stock,99.66,99.7,99.38,99.55,172600,2006-11-03,2006-11-03,55.4247,56.5373,55.3487,56.2337
2006-11-02,AGG,stock,100,100.09,99.98,100.07,249400,2006-11-02,2006-11-02,68.2694,56.5279,55.3358,56.2177
2006-11-01,AGG,stock,100.05,100.19,99.8,100.18,773100,2006-11-01,2006-11-01,71.5254,56.4864,55.3199,56.1889
2006-10-31,AGG,stock,100.06,100.43,100.02,100.43,189800,2006-10-31,2006-10-31,69.4177,56.4339,55.3032,56.1564
2006-10-30,AGG,stock,100.02,100.07,99.93,100.06,175300,2006-10-30,2006-10-30,64.1078,56.3861,55.2872,56.1266
2006-10-27,AGG,stock,100.12,100.12,99.82,100.04,266300,2006-10-27,2006-10-27,63.7923,56.3554,55.2733,56.1040
2006-10-26,AGG,stock,99.69,99.86,99.6,99.84,185900,2006-10-26,2006-10-26,60.5737,56.3226,55.2593,56.0811
2006-10-25,AGG,stock,99.2,99.59,99.2,99.5,239900,2006-10-25,2006-10-25,54.1383,56.2983,55.2463,56.0618
2006-10-24,AGG,stock,99.24,99.32,99.2,99.26,209000,2006-10-24,2006-10-24,48.6438,56.2917,55.2350,56.0496
2006-10-23,AGG,stock,99.2,99.25,99.11,99.15,199000,2006-10-23,2006-10-23,45.8845,56.2988,55.2251,56.0424
2006-10-20,AGG,stock,99.48,99.5,99.36,99.44,143300,2006-10-20,2006-10-20,52.8337,56.3131,55.2157,56.0375
2006-10-19,AGG,stock,99.39,99.48,99.29,99.47,174200,2006-10-19,2006-10-19,53.6137,56.3116,55.2045,56.0257
2006-10-18,AGG,stock,99.42,99.55,99.36,99.52,304700,2006-10-18,2006-10-18,54.8673,56.3082,55.1931,56.0127
2006-10-17,AGG,stock,99.58,99.6,99.32,99.4,144600,2006-10-17,2006-10-17,52.3863,56.3015,55.1812,55.9980
2006-10-16,AGG,stock,99.34,99.34,99.15,99.25,192400,2006-10-16,2006-10-16,49.1411,56.3012,55.1699,55.9855
2006-10-13,AGG,stock,99.2,99.22,99.06,99.09,257400,2006-10-13,2006-10-13,45.4592,56.3098,55.1594,55.9760
2006-10-12,AGG,stock,99.34,99.5,99.24,99.34,261200,2006-10-12,2006-10-12,50.7945,56.3289,55.1496,55.9698
2006-10-11,AGG,stock,99.48,99.51,99.15,99.24,275600,2006-10-11,2006-10-11,48.5517,56.3351,55.1384,55.9575
2006-10-10,AGG,stock,99.47,99.5,99.32,99.35,336400,2006-10-10,2006-10-10,50.9224,56.3478,55.1276,55.9470
2006-10-09,AGG,stock,99.62,99.75,99.58,99.74,181900,2006-10-09,2006-10-09,60.6765,56.3554,55.1160,55.9336
2006-10-06,AGG,stock,99.86,99.86,99.53,99.53,328500,2006-10-06,2006-10-06,56.5114,56.3405,55.1021,55.9106
2006-10-05,AGG,stock,100.11,100.11,99.9,99.9,207800,2006-10-05,2006-10-05,68.3567,56.3366,55.0893,55.8915
2006-10-04,AGG,stock,99.9,100.22,99.81,100.21,252200,2006-10-04,2006-10-04,81.6760,56.3102,55.0743,55.8631
2006-10-03,AGG,stock,99.89,99.9,99.61,99.82,342400,2006-10-03,2006-10-03,76.2758,56.2625,55.0573,55.8264
2006-10-02,AGG,stock,99.74,99.95,99.7001,99.84,174200,2006-10-02,2006-10-02,77.3614,56.2330,55.0424,55.7972
2006-09-29,AGG,stock,100.22,100.35,100.08,100.16,414400,2006-09-29,2006-09-29,75.8646,56.1993,55.0272,55.7663
2006-09-28,AGG,stock,100.29,100.29,100.0809,100.11,155400,2006-09-28,2006-09-28,75.0519,56.1676,55.0124,55.7364
2006-09-27,AGG,stock,100.4,100.53,100.21,100.21,430400,2006-09-27,2006-09-27,80.0582,56.1356,54.9977,55.7063
2006-09-26,AGG,stock,100.35,100.38,100.21,100.25,340200,2006-09-26,2006-09-26,82.0921,56.0942,54.9823,55.6728
2006-09-25,AGG,stock,100.26,100.42,100.22,100.26,177400,2006-09-25,2006-09-25,82.5791,56.0461,54.9665,55.6369
2006-09-22,AGG,stock,100.13,100.24,100.05,100.06,271000,2006-09-22,2006-09-22,80.4221,55.9923,54.9506,55.5994
2006-09-21,AGG,stock,99.69,100.03,99.5,100,259600,2006-09-21,2006-09-21,79.7226,55.9448,54.9356,55.5649
2006-09-20,AGG,stock,99.69,99.746,99.51,99.57,215500,2006-09-20,2006-09-20,73.3983,55.8958,54.9207,55.5304
2006-09-19,AGG,stock,99.47,99.57,99.4,99.46,133100,2006-09-19,2006-09-19,71.2697,55.8672,54.9082,55.5044
2006-09-18,AGG,stock,98.86,99.25,98.86,99.23,237400,2006-09-18,2006-09-18,65.9853,55.8422,54.8962,55.4799
2006-09-15,AGG,stock,99.45,99.45,99.25,99.25,122500,2006-09-15,2006-09-15,66.9801,55.8281,54.8853,55.4596
2006-09-14,AGG,stock,99.39,99.46,99.26,99.28,172400,2006-09-14,2006-09-14,68.4167,55.8114,54.8743,55.4381
2006-09-13,AGG,stock,99.49,99.53,99.32,99.42,130600,2006-09-13,2006-09-13,75.4271,55.7911,54.8629,55.4150
2006-09-12,AGG,stock,99.17,99.37,99.09,99.34,126600,2006-09-12,2006-09-12,74.0142,55.7604,54.8506,55.3877
2006-09-11,AGG,stock,99.26,99.3,99.0601,99.1,190800,2006-09-11,2006-09-11,69.0584,55.7312,54.8387,55.3612
2006-09-08,AGG,stock,99.27,99.33,99.17,99.17,120400,2006-09-08,2006-09-08,72.8196,55.7132,54.8280,55.3391
2006-09-07,AGG,stock,99.05,99.24,98.96,99.04,273300,2006-09-07,2006-09-07,70.0021,55.6891,54.8168,55.3145
2006-09-06,AGG,stock,99.01,99.12,98.9434,99.07,142200,2006-09-06,2006-09-06,71.5924,55.6702,54.8062,55.2919
2006-09-05,AGG,stock,99.2,99.29,99.04,99.05,137500,2006-09-05,2006-09-05,71.1872,55.6475,54.7954,55.2677
2006-09-01,AGG,stock,99.15,99.29,99.06,99.17,125000,2006-09-01,2006-09-01,77.3328,55.6237,54.7846,55.2429
2006-08-31,AGG,stock,99.49,99.72,99.46,99.55,169200,2006-08-31,2006-08-31,77.1292,55.5902,54.7729,55.2144
2006-08-30,AGG,stock,99.31,99.45,99.31,99.42,146500,2006-08-30,2006-08-30,75.1122,55.5539,54.7613,55.1850
2006-08-29,AGG,stock,99.26,99.3,99.05,99.27,134600,2006-08-29,2006-08-29,72.5152,55.5216,54.7502,55.1574
2006-08-28,AGG,stock,99.22,99.4,99.18,99.23,294200,2006-08-28,2006-08-28,71.7861,55.4947,54.7399,55.1321
2006-08-25,AGG,stock,99.32,99.44,99.22,99.32,173600,2006-08-25,2006-08-25,75.9977,55.4673,54.7297,55.1067
2006-08-24,AGG,stock,99.36,99.37,99.22,99.22,199600,2006-08-24,2006-08-24,74.4512,55.4318,54.7189,55.0782
2006-08-23,AGG,stock,99.2,99.3,99.06,99.23,157200,2006-08-23,2006-08-23,74.8993,55.3984,54.7085,55.0508
2006-08-22,AGG,stock,99.21,99.304,99.13,99.2,432000,2006-08-22,2006-08-22,74.4713,55.3609,54.6980,55.0221
2006-08-21,AGG,stock,99.19,99.26,99.07,99.25,350600,2006-08-21,2006-08-21,76.4899,55.3212,54.6876,54.9929
2006-08-18,AGG,stock,99.12,99.16,98.99,99.01,449000,2006-08-18,2006-08-18,73.2592,55.2744,54.6767,54.9613
2006-08-17,AGG,stock,99.14,99.14,98.91,98.94,143200,2006-08-17,2006-08-17,72.2255,55.2369,54.6671,54.9340
2006-08-16,AGG,stock,99.05,99.05,98.9,98.92,188300,2006-08-16,2006-08-16,71.9377,55.1995,54.6578,54.9071
2006-08-15,AGG,stock,98.66,98.74,98.53,98.6,269400,2006-08-15,2006-08-15,66.8313,55.1594,54.6486,54.8797
2006-08-14,AGG,stock,98.42,98.44,98.24,98.36,195400,2006-08-14,2006-08-14,62.0180,55.1341,54.6410,54.8584
2006-08-11,AGG,stock,98.52,98.52,98.39,98.47,109600,2006-08-11,2006-08-11,66.1004,55.1202,54.6347,54.8418
2006-08-10,AGG,stock,98.69,98.7,98.35,98.64,143700,2006-08-10,2006-08-10,72.9959,55.0984,54.6278,54.8219
2006-08-09,AGG,stock,98.45,98.71,98.45,98.69,131700,2006-08-09,2006-08-09,75.1366,55.0642,54.6198,54.7974
2006-08-08,AGG,stock,98.59,98.77,98.51,98.61,137300,2006-08-08,2006-08-08,74.0040,55.0234,54.6114,54.7707
2006-08-07,AGG,stock,98.62,98.67,98.51,98.61,209400,2006-08-07,2006-08-07,74.0040,54.9832,54.6034,54.7448
2006-08-04,AGG,stock,98.55,98.71,98.55,98.6,136000,2006-08-04,2006-08-04,73.8757,54.9386,54.5954,54.7178
2006-08-03,AGG,stock,98.39,98.44,98.15,98.29,330100,2006-08-03,2006-08-03,69.5509,54.8900,54.5873,54.6899
2006-08-02,AGG,stock,98.34,98.43,98.2,98.27,127400,2006-08-02,2006-08-02,69.2459,54.8546,54.5808,54.6680
2006-08-01,AGG,stock,98.18,98.25,97.91,98.23,195000,2006-08-01,2006-08-01,68.6630,54.8166,54.5745,54.6457
2006-07-31,AGG,stock,98.5,98.61,98.4,98.4,491100,2006-07-31,2006-07-31,65.0012,54.7770,54.5683,54.6234
2006-07-28,AGG,stock,98.53,98.5899,98.36,98.52,105400,2006-07-28,2006-07-28,68.7505,54.7473,54.5633,54.6056
2006-07-27,AGG,stock,98.29,98.4,98.05,98.31,135700,2006-07-27,2006-07-27,65.5185,54.7075,54.5577,54.5843
2006-07-26,AGG,stock,98.06,98.33,97.95,98.15,117200,2006-07-26,2006-07-26,62.7963,54.6757,54.5531,54.5670
2006-07-25,AGG,stock,98.16,98.16,97.93,98.09,86500,2006-07-25,2006-07-25,61.7446,54.6501,54.5495,54.5526
2006-07-24,AGG,stock,98.08,98.21,98.05,98.17,172500,2006-07-24,2006-07-24,63.9839,54.6253,54.5461,54.5390
2006-07-21,AGG,stock,98.26,98.28,98.01,98.02,139800,2006-07-21,2006-07-21,61.5564,54.5932,54.5422,54.5231
2006-07-20,AGG,stock,97.84,98.16,97.81,98.08,91500,2006-07-20,2006-07-20,63.1370,54.5666,54.5392,54.5099
2006-07-19,AGG,stock,97.47,97.98,97.41,97.98,121400,2006-07-19,2006-07-19,61.6115,54.5336,54.5357,54.4948
2006-07-18,AGG,stock,97.58,97.7,97.4701,97.6,223900,2006-07-18,2006-07-18,55.0473,54.5030,54.5328,54.4813
2006-07-17,AGG,stock,97.79,97.83,97.65,97.67,187300,2006-07-17,2006-07-17,56.7059,54.4915,54.5320,54.4760
2006-07-14,AGG,stock,97.8,98.67,97.7,97.88,738700,2006-07-14,2006-07-14,61.9016,54.4748,54.5309,54.4689
2006-07-13,AGG,stock,97.53,97.8,97.53,97.75,499200,2006-07-13,2006-07-13,59.7834,54.4439,54.5285,54.4567
2006-07-12,AGG,stock,97.5,97.67,97.4,97.67,173100,2006-07-12,2006-07-12,58.4638,54.4175,54.5268,54.4469
2006-07-11,AGG,stock,97.6,97.7,97.46,97.61,204000,2006-07-11,2006-07-11,57.4925,54.3929,54.5255,54.4386
2006-07-10,AGG,stock,97.48,97.54,97.36,97.45,92600,2006-07-10,2006-07-10,54.8797,54.3693,54.5246,54.4313
2006-07-07,AGG,stock,97.13,97.54,97.11,97.36,427600,2006-07-07,2006-07-07,53.3831,54.3527,54.5246,54.4274
2006-07-06,AGG,stock,97.09,97.09,96.87,97,137000,2006-07-06,2006-07-06,46.8327,54.3395,54.5251,54.4253
2006-07-05,AGG,stock,97.22,97.22,96.71,96.91,260100,2006-07-05,2006-07-05,45.0399,54.3463,54.5276,54.4315
2006-07-03,AGG,stock,96.99,97.36,96.99,97.2,88800,2006-07-03,2006-07-03,50.0939,54.3590,54.5306,54.4399
2006-06-30,AGG,stock,97.55,97.62,97.4,97.44,187400,2006-06-30,2006-06-30,47.3086,54.3560,54.5321,54.4420
2006-06-29,AGG,stock,97.15,97.47,97.1,97.45,248100,2006-06-29,2006-06-29,47.4752,54.3613,54.5343,54.4476
2006-06-28,AGG,stock,97.36,97.36,97.1,97.11,108000,2006-06-28,2006-06-28,40.9063,54.3666,54.5366,54.4531
2006-06-27,AGG,stock,97.28,97.3,97.01,97.21,746000,2006-06-27,2006-06-27,42.3529,54.3924,54.5407,54.4667
2006-06-26,AGG,stock,97.2,97.28,96.91,96.94,561200,2006-06-26,2006-06-26,36.7445,54.4151,54.5444,54.4785
2006-06-23,AGG,stock,97.23,97.31,97.11,97.22,331800,2006-06-23,2006-06-23,40.5427,54.4560,54.5496,54.4969
2006-06-22,AGG,stock,97.58,97.58,97.08,97.17,248700,2006-06-22,2006-06-22,39.5058,54.4847,54.5533,54.5098
2006-06-21,AGG,stock,97.51,97.69,97.4121,97.59,95700,2006-06-21,2006-06-21,45.7257,54.5194,54.5573,54.5243
2006-06-20,AGG,stock,97.61,97.63,97.421,97.56,109200,2006-06-20,2006-06-20,45.1529,54.5332,54.5590,54.5298
2006-06-19,AGG,stock,97.64,97.75,97.42,97.5,164400,2006-06-19,2006-06-19,44.0566,54.5501,54.5609,54.5362
2006-06-16,AGG,stock,97.97,98,97.5601,97.76,227900,2006-06-16,2006-06-16,47.9102,54.5724,54.5631,54.5443
2006-06-15,AGG,stock,97.89,97.94,96,97.82,114800,2006-06-15,2006-06-15,48.8253,54.5817,54.5639,54.5467
2006-06-14,AGG,stock,98.2,98.25,97.85,97.98,158000,2006-06-14,2006-06-14,51.2494,54.5885,54.5644,54.5480
2006-06-13,AGG,stock,98.4,98.44,98.11,98.35,258900,2006-06-13,2006-06-13,57.3650,54.5866,54.5639,54.5456
2006-06-12,AGG,stock,98.32,98.36,98.06,98.07,193700,2006-06-12,2006-06-12,53.4627,54.5629,54.5614,54.5347
2006-06-09,AGG,stock,98.11,98.41,98.11,98.37,166800,2006-06-09,2006-06-09,58.8189,54.5530,54.5605,54.5297
2006-06-08,AGG,stock,98.18,98.44,98.01,98.23,205100,2006-06-08,2006-06-08,56.9499,54.5245,54.5578,54.5177
2006-06-07,AGG,stock,98.12,98.14,97.85,97.9,320000,2006-06-07,2006-06-07,52.2019,54.5013,54.5560,54.5084
2006-06-06,AGG,stock,98.08,98.25,97.88,98.21,255500,2006-06-06,2006-06-06,57.7586,54.4949,54.5559,54.5062
2006-06-05,AGG,stock,97.96,98.26,97.95,97.95,356200,2006-06-05,2006-06-05,53.9402,54.4697,54.5541,54.4969
2006-06-02,AGG,stock,98.15,98.28,98,98.27,115500,2006-06-02,2006-06-02,60.1547,54.4571,54.5538,54.4931
2006-06-01,AGG,stock,97.64,97.72,97.41,97.52,461500,2006-06-01,2006-06-01,46.8206,54.4243,54.5516,54.4819
2006-05-31,AGG,stock,98.31,98.31,97.91,97.98,415500,2006-05-31,2006-05-31,48.3618,54.4322,54.5536,54.4873
2006-05-30,AGG,stock,98.2,98.27,98.1,98.2,203400,2006-05-30,2006-05-30,52.9752,54.4363,54.5552,54.4912
2006-05-26,AGG,stock,98.29,98.53,98.0145,98.42,275000,2006-05-26,2006-05-26,58.1237,54.4280,54.5556,54.4902
2006-05-25,AGG,stock,98.25,98.39,97.92,98,189500,2006-05-25,2006-05-25,49.4072,54.4060,54.5548,54.4842
2006-05-24,AGG,stock,98.19,98.42,98.01,98.01,192300,2006-05-24,2006-05-24,49.6357,54.4063,54.5563,54.4875
2006-05-23,AGG,stock,98.05,98.2,97.91,97.99,246100,2006-05-23,2006-05-23,49.1995,54.4059,54.5578,54.4907
2006-05-22,AGG,stock,98.43,98.55,98.17,98.26,374300,2006-05-22,2006-05-22,55.1912,54.4067,54.5594,54.4944
2006-05-19,AGG,stock,98.17,98.41,98.13,98.24,316800,2006-05-19,2006-05-19,54.8126,54.3918,54.5595,54.4923
2006-05-18,AGG,stock,98.07,98.26,98.04,98.26,224200,2006-05-18,2006-05-18,55.2460,54.3765,54.5598,54.4904
2006-05-17,AGG,stock,97.76,97.85,97.41,97.85,163200,2006-05-17,2006-05-17,47.3174,54.3585,54.5599,54.4881
2006-05-16,AGG,stock,97.65,98.17,97.65,98.13,471300,2006-05-16,2006-05-16,53.3061,54.3625,54.5623,54.4949
2006-05-15,AGG,stock,97.7,97.87,97.61,97.65,126100,2006-05-15,2006-05-15,41.5253,54.3505,54.5632,54.4957
2006-05-12,AGG,stock,97.72,97.8,97.37,97.59,181800,2006-05-12,2006-05-12,39.7613,54.3653,54.5667,54.5073
2006-05-11,AGG,stock,97.91,97.91,97.7,97.8,186900,2006-05-11,2006-05-11,44.0835,54.3852,54.5706,54.5209
2006-05-10,AGG,stock,97.99,98.19,97.22,97.86,170700,2006-05-10,2006-05-10,45.3926,54.3950,54.5734,54.5302
2006-05-09,AGG,stock,97.94,98.02,97.86,97.97,172500,2006-05-09,2006-05-09,47.8096,54.4022,54.5759,54.5385
2006-05-08,AGG,stock,97.99,98.05,97.86,98.02,116000,2006-05-08,2006-05-08,48.9087,54.4038,54.5778,54.5447
2006-05-05,AGG,stock,98.14,98.14,97.765,97.95,128600,2006-05-05,2006-05-05,47.3347,54.4026,54.5794,54.5499
2006-05-04,AGG,stock,97.66,97.86,97.34,97.77,103100,2006-05-04,2006-05-04,43.1528,54.4054,54.5815,54.5570
2006-05-03,AGG,stock,97.89,97.93,97.51,97.82,128600,2006-05-03,2006-05-03,44.0551,54.4190,54.5845,54.5685
2006-05-02,AGG,stock,97.83,97.96,97.7,97.89,123000,2006-05-02,2006-05-02,45.2861,54.4311,54.5874,54.5793
2006-05-01,AGG,stock,98.09,98.09,97.68,97.79,163000,2006-05-01,2006-05-01,43.1800,54.4404,54.5898,54.5890
2006-04-28,AGG,stock,98.44,98.55,98.21,98.55,219900,2006-04-28,2006-04-28,50.0469,54.4565,54.5929,54.6013
2006-04-27,AGG,stock,98,98.46,97.95,98.3299,143400,2006-04-27,2006-04-27,45.4454,54.4518,54.5938,54.6054
2006-04-26,AGG,stock,98.12,98.2045,97.95,98.1,128300,2006-04-26,2006-04-26,40.0931,54.4595,54.5960,54.6146
2006-04-25,AGG,stock,98.55,98.55,98.0301,98.27,110000,2006-04-25,2006-04-25,42.9891,54.4814,54.5994,54.6295
2006-04-24,AGG,stock,98.49,98.65,98.32,98.6,141300,2006-04-24,2006-04-24,49.4240,54.4957,54.6020,54.6410
2006-04-21,AGG,stock,98.24,98.42,98.08,98.23,396000,2006-04-21,2006-04-21,40.0869,54.4923,54.6027,54.6457
2006-04-20,AGG,stock,98.41,98.44,98.06,98.24,242300,2006-04-20,2006-04-20,40.2735,54.5101,54.6055,54.6588
2006-04-19,AGG,stock,98.41,98.45,98.1,98.39,233000,2006-04-19,2006-04-19,43.0656,54.5292,54.6083,54.6723
2006-04-18,AGG,stock,98.37,98.5,98.27,98.3,205900,2006-04-18,2006-04-18,40.7781,54.5415,54.6103,54.6829
2006-04-17,AGG,stock,98.25,98.39,98.05,98.37,109200,2006-04-17,2006-04-17,41.9967,54.5604,54.6128,54.6960
2006-04-13,AGG,stock,98.19,98.35,98.05,98.21,182200,2006-04-13,2006-04-13,38.0685,54.5772,54.6149,54.7080
2006-04-12,AGG,stock,98.42,98.64,98.211,98.41,171400,2006-04-12,2006-04-12,41.3163,54.6051,54.6179,54.7242
2006-04-11,AGG,stock,98.49,98.59,98.26,98.5,194800,2006-04-11,2006-04-11,42.8437,54.6243,54.6199,54.7365
2006-04-10,AGG,stock,98.06,98.33,98.06,98.3,267400,2006-04-10,2006-04-10,38.1236,54.6402,54.6214,54.7472
2006-04-07,AGG,stock,98.57,98.57,98.1701,98.39,250100,2006-04-07,2006-04-07,39.4862,54.6695,54.6240,54.7630
2006-04-06,AGG,stock,98.79,98.8,98.6,98.72,282000,2006-04-06,2006-04-06,44.9570,54.6966,54.6261,54.7773
2006-04-05,AGG,stock,98.96,98.96,98.7,98.8,195900,2006-04-05,2006-04-05,46.4043,54.7073,54.6264,54.7847
2006-04-04,AGG,stock,98.66,98.88,98.6,98.73,499500,2006-04-04,2006-04-04,44.9647,54.7146,54.6263,54.7907
2006-04-03,AGG,stock,98.53,98.68,98.42,98.6,175400,2006-04-03,2006-04-03,42.2918,54.7266,54.6266,54.7985
2006-03-31,AGG,stock,98.91,99.17,98.91,99.08,154000,2006-03-31,2006-03-31,43.7613,54.7475,54.6276,54.8095
2006-03-30,AGG,stock,99.11,99.23,98.7,98.75,857800,2006-03-30,2006-03-30,36.8408,54.7650,54.6280,54.8188
2006-03-29,AGG,stock,99.32,99.41,99.01,99.2,370200,2006-03-29,2006-03-29,43.6408,54.8034,54.6303,54.8359
2006-03-28,AGG,stock,99.6,99.64,99.3,99.4,181600,2006-03-28,2006-03-28,47.2393,54.8198,54.6301,54.8436
2006-03-27,AGG,stock,99.71,99.75,99.5,99.65,190100,2006-03-27,2006-03-27,52.2390,54.8263,54.6289,54.8471
2006-03-24,AGG,stock,99.58,99.9,99.5,99.57,109300,2006-03-24,2006-03-24,50.6882,54.8190,54.6262,54.8451
2006-03-23,AGG,stock,99.7,99.74,99.4,99.4,168700,2006-03-23,2006-03-23,47.3125,54.8156,54.6239,54.8449
2006-03-22,AGG,stock,99.62,99.72,99.45,99.48,117200,2006-03-22,2006-03-22,48.7714,54.8217,54.6226,54.8484
2006-03-21,AGG,stock,99.58,99.65,99.23,99.3,165400,2006-03-21,2006-03-21,45.2437,54.8238,54.6208,54.8503
2006-03-20,AGG,stock,99.7,99.75,99.54,99.56,460900,2006-03-20,2006-03-20,49.8478,54.8365,54.6199,54.8564
2006-03-17,AGG,stock,99.79,99.79,99.5,99.6,253400,2006-03-17,2006-03-17,50.5831,54.8355,54.6177,54.8568
2006-03-16,AGG,stock,99.61,99.88,99.53,99.82,122000,2006-03-16,2006-03-16,54.7045,54.8321,54.6151,54.8563
2006-03-15,AGG,stock,99.38,99.58,99.28,99.4,181100,2006-03-15,2006-03-15,47.0576,54.8155,54.6114,54.8509
2006-03-14,AGG,stock,99.41,99.67,99.3,99.67,345800,2006-03-14,2006-03-14,52.3314,54.8216,54.6099,54.8547
2006-03-13,AGG,stock,99.26,99.34,99.18,99.34,198900,2006-03-13,2006-03-13,45.3848,54.8127,54.6069,54.8526
2006-03-10,AGG,stock,99.23,99.32,98.97,99.16,85600,2006-03-10,2006-03-10,41.0324,54.8219,54.6057,54.8578
2006-03-09,AGG,stock,99.31,99.39,99.08,99.12,105700,2006-03-09,2006-03-09,40.0465,54.8426,54.6055,54.8673
2006-03-08,AGG,stock,99.35,99.35,99.1,99.25,196100,2006-03-08,2006-03-08,42.1745,54.8677,54.6056,54.8780
2006-03-07,AGG,stock,99.22,99.37,99.1,99.2,211200,2006-03-07,2006-03-07,41.0558,54.8880,54.6049,54.8863
2006-03-06,AGG,stock,99.4,99.46,98.92,98.95,237300,2006-03-06,2006-03-06,35.2393,54.9133,54.6044,54.8960
2006-03-03,AGG,stock,99.63,99.63,99.42,99.5,229300,2006-03-03,2006-03-03,44.1367,54.9557,54.6054,54.9118
2006-03-02,AGG,stock,99.85,99.85,99.47,99.7,134000,2006-03-02,2006-03-02,48.2502,54.9708,54.6033,54.9158
2006-03-01,AGG,stock,100.12,100.1499,99.78,99.95,182800,2006-03-01,2006-03-01,54.1029,54.9758,54.6001,54.9155
2006-02-28,AGG,stock,100.46,100.57,100.3,100.32,169000,2006-02-28,2006-02-28,54.0428,54.9668,54.5955,54.9096
2006-02-27,AGG,stock,100.39,100.42,100.03,100.11,189300,2006-02-27,2006-02-27,49.6281,54.9571,54.5908,54.9035
2006-02-24,AGG,stock,100.13,100.4,100.03,100.32,150500,2006-02-24,2006-02-24,54.4885,54.9584,54.5872,54.9018
2006-02-23,AGG,stock,100.34,100.34,100.04,100.24,157900,2006-02-23,2006-02-23,52.8552,54.9478,54.5825,54.8954
2006-02-22,AGG,stock,100.14,100.41,100.14,100.3,79400,2006-02-22,2006-02-22,54.2101,54.9407,54.5781,54.8905
2006-02-21,AGG,stock,100.27,100.29,99.88,99.9,276700,2006-02-21,2006-02-21,45.5733,54.9294,54.5734,54.8841
2006-02-17,AGG,stock,99.92,100.31,99.92,100.27,155800,2006-02-17,2006-02-17,54.3840,54.9400,54.5709,54.8863
2006-02-16,AGG,stock,99.95,100.05,99.85,99.86,148300,2006-02-16,2006-02-16,43.0562,54.9303,54.5662,54.8804
2006-02-15,AGG,stock,100.08,100.1,99.82,99.96,199000,2006-02-15,2006-02-15,45.6221,54.9433,54.5638,54.8834
2006-02-14,AGG,stock,99.85,99.9799,99.75,99.85,237600,2006-02-14,2006-02-14,42.0975,54.9519,54.5608,54.8843
2006-02-13,AGG,stock,99.99,100.01,99.82,100.01,109600,2006-02-13,2006-02-13,46.1365,54.9678,54.5584,54.8877
2006-02-10,AGG,stock,100.14,100.23,99.82,99.94,118100,2006-02-10,2006-02-10,43.9519,54.9761,54.5551,54.8876
2006-02-09,AGG,stock,100.13,100.25,99.91,100.15,144200,2006-02-09,2006-02-09,49.5502,54.9893,54.5521,54.8891
2006-02-08,AGG,stock,100.19,100.24,100.03,100.09,146800,2006-02-08,2006-02-08,47.7857,54.9917,54.5479,54.8860
2006-02-07,AGG,stock,100.33,100.34,99.93,100.14,122900,2006-02-07,2006-02-07,49.1149,54.9979,54.5441,54.8840
2006-02-06,AGG,stock,100.07,100.29,100.01,100.21,119800,2006-02-06,2006-02-06,50.9576,55.0018,54.5399,54.8809
2006-02-03,AGG,stock,99.8,100.23,99.8,100.23,145000,2006-02-03,2006-02-03,51.4699,55.0021,54.5353,54.8761
2006-02-02,AGG,stock,99.99,100.11,99.81,99.95,150400,2006-02-02,2006-02-02,44.1734,55.0013,54.5305,54.8706
2006-02-01,AGG,stock,100.15,100.2,99.8,99.88,459300,2006-02-01,2006-02-01,42.1544,55.0166,54.5272,54.8712
2006-01-31,AGG,stock,100.51,100.6,100.25,100.53,174300,2006-01-31,2006-01-31,48.6487,55.0375,54.5243,54.8734
2006-01-30,AGG,stock,100.5,100.54,100.27,100.51,130800,2006-01-30,2006-01-30,48.1172,55.0446,54.5198,54.8694
2006-01-27,AGG,stock,100.59,100.59,100.25,100.5,164400,2006-01-27,2006-01-27,47.8666,55.0535,54.5154,54.8658
2006-01-26,AGG,stock,100.55,100.6,100.16,100.37,183800,2006-01-26,2006-01-26,44.6398,55.0640,54.5110,54.8622
2006-01-25,AGG,stock,100.93,100.93,100.4,100.68,162600,2006-01-25,2006-01-25,51.7296,55.0830,54.5073,54.8613
2006-01-24,AGG,stock,101.1,101.13,100.8,100.93,209400,2006-01-24,2006-01-24,58.7126,55.0862,54.5018,54.8535
2006-01-23,AGG,stock,101.02,101.2,100.9,101.1,221900,2006-01-23,2006-01-23,64.1833,55.0754,54.4949,54.8398
2006-01-20,AGG,stock,101.09,101.19,100.8,101.1,134100,2006-01-20,2006-01-20,64.1833,55.0536,54.4870,54.8218
2006-01-19,AGG,stock,101.04,101.109,100.81,101.05,156500,2006-01-19,2006-01-19,63.3164,55.0296,54.4790,54.8030
2006-01-18,AGG,stock,101.35,101.35,101,101.2,142600,2006-01-18,2006-01-18,67.8938,55.0059,54.4712,54.7845
2006-01-17,AGG,stock,101.05,101.13,100.79,101.08,253000,2006-01-17,2006-01-17,66.0718,54.9710,54.4625,54.7620
2006-01-13,AGG,stock,100.88,101.13,100.81,101.03,108400,2006-01-13,2006-01-13,65.3100,54.9394,54.4543,54.7412
2006-01-12,AGG,stock,100.52,100.81,100.35,100.75,188200,2006-01-12,2006-01-12,60.7250,54.9074,54.4464,54.7207
2006-01-11,AGG,stock,100.73,100.75,100.41,100.49,111000,2006-01-11,2006-01-11,55.6733,54.8881,54.4399,54.7056
2006-01-10,AGG,stock,100.82,100.84,100.55,100.56,251500,2006-01-10,2006-01-10,57.5230,54.8817,54.4348,54.6956
2006-01-09,AGG,stock,100.74,100.89,100.6,100.76,170500,2006-01-09,2006-01-09,63.0836,54.8706,54.4293,54.6837
2006-01-06,AGG,stock,100.88,100.891,100.6,100.65,201100,2006-01-06,2006-01-06,61.1664,54.8468,54.4226,54.6669
2006-01-05,AGG,stock,100.82,100.91,100.61,100.88,203100,2006-01-05,2006-01-05,68.0255,54.8269,54.4164,54.6518
2006-01-04,AGG,stock,100.69,100.88,100.61,100.88,284500,2006-01-04,2006-01-04,68.0255,54.7917,54.4089,54.6310
2006-01-03,AGG,stock,100.47,100.72,100.36,100.64,170600,2006-01-03,2006-01-03,64.4374,54.7527,54.4013,54.6094
2005-12-30,AGG,stock,100.56,100.76,100.28,100.59,141000,2005-12-30,2005-12-30,63.6482,54.7234,54.3950,54.5922
2005-12-29,AGG,stock,100.41,100.66,100.29,100.47,185200,2005-12-29,2005-12-29,61.7570,54.6940,54.3889,54.5754
2005-12-28,AGG,stock,100.68,100.68,100.28,100.4,1387300,2005-12-28,2005-12-28,60.6481,54.6683,54.3834,54.5606
2005-12-27,AGG,stock,100.86,101.14,100.8,101.14,204100,2005-12-27,2005-12-27,70.2357,54.6440,54.3782,54.5468
2005-12-23,AGG,stock,100.37,100.94,100.366,100.88,154300,2005-12-23,2005-12-23,66.6641,54.5967,54.3710,54.5244
2005-12-22,AGG,stock,100.5,100.64,100.4,100.62,171200,2005-12-22,2005-12-22,62.4838,54.5593,54.3652,54.5070
2005-12-21,AGG,stock,100.39,100.43,100.13,100.4,179400,2005-12-21,2005-12-21,58.3834,54.5329,54.3607,54.4946
2005-12-20,AGG,stock,100.4,100.51,100.23,100.4,142200,2005-12-20,2005-12-20,58.3834,54.5163,54.3574,54.4866
2005-12-19,AGG,stock,100.44,100.6,100.26,100.37,196700,2005-12-19,2005-12-19,57.8417,54.4980,54.3540,54.4783
2005-12-16,AGG,stock,100.57,100.58,100.184,100.29,779300,2005-12-16,2005-12-16,56.4374,54.4795,54.3508,54.4703
2005-12-15,AGG,stock,100.4,100.44,100.01,100.3,300500,2005-12-15,2005-12-15,56.6564,54.4636,54.3480,54.4638
2005-12-14,AGG,stock,100.24,100.49,100.14,100.4,202200,2005-12-14,2005-12-14,58.7747,54.4454,54.3451,54.4568
2005-12-13,AGG,stock,99.75,100.13,99.69,100.13,152200,2005-12-13,2005-12-13,54.5107,54.4197,54.3416,54.4472
2005-12-12,AGG,stock,100.05,100.09,99.7,99.75,122400,2005-12-12,2005-12-12,47.4007,54.4066,54.3396,54.4433
2005-12-09,AGG,stock,100.15,100.17,99.73,99.96,175800,2005-12-09,2005-12-09,51.5341,54.4140,54.3397,54.4477
2005-12-08,AGG,stock,100,100.31,99.9,100.3,137100,2005-12-08,2005-12-08,59.3094,54.4102,54.3385,54.4476
2005-12-07,AGG,stock,100,100.06,99.6701,99.79,200800,2005-12-07,2005-12-07,48.4831,54.3864,54.3356,54.4399
2005-12-06,AGG,stock,99.86,100,99.671,99.92,186000,2005-12-06,2005-12-06,51.7416,54.3894,54.3353,54.4432
2005-12-05,AGG,stock,99.8,99.86,99.36,99.75,308600,2005-12-05,2005-12-05,47.4533,54.3853,54.3344,54.4438
2005-12-02,AGG,stock,99.84,99.88,99.59,99.7,151700,2005-12-02,2005-12-02,46.1463,54.3904,54.3344,54.4482
2005-12-01,AGG,stock,99.9,100.11,99.52,99.7,520700,2005-12-01,2005-12-01,46.1463,54.3990,54.3346,54.4539
2005-11-30,AGG,stock,100.52,100.53,100.08,100.22,158200,2005-11-30,2005-11-30,49.1124,54.4084,54.3349,54.4598
2005-11-29,AGG,stock,100.8,100.83,100.3035,100.43,199900,2005-11-29,2005-11-29,53.8915,54.4108,54.3344,54.4628
2005-11-28,AGG,stock,100.5,100.849,100.49,100.57,211400,2005-11-28,2005-11-28,57.3460,54.4015,54.3327,54.4613
2005-11-25,AGG,stock,100.65,100.71,100.53,100.71,31200,2005-11-25,2005-11-25,60.9754,54.3831,54.3303,54.4566
2005-11-23,AGG,stock,100.74,100.77,100.37,100.62,230400,2005-11-23,2005-11-23,59.4432,54.3549,54.3270,54.4487
2005-11-22,AGG,stock,100.49,100.74,100.3,100.69,202700,2005-11-22,2005-11-22,61.1780,54.3288,54.3243,54.4424
2005-11-21,AGG,stock,100.44,100.51,100.24,100.43,194000,2005-11-21,2005-11-21,56.8330,54.2959,54.3211,54.4343
2005-11-18,AGG,stock,100.33,100.4,99.97,100.11,127300,2005-11-18,2005-11-18,50.5016,54.2745,54.3193,54.4316
2005-11-17,AGG,stock,100.23,100.46,100.02,100.15,274600,2005-11-17,2005-11-17,51.3763,54.2691,54.3192,54.4359
2005-11-16,AGG,stock,100.09,100.31,99.9,100.12,150000,2005-11-16,2005-11-16,50.7826,54.2608,54.3189,54.4395
2005-11-15,AGG,stock,99.85,100.03,99.69,99.89,209100,2005-11-15,2005-11-15,46.0977,54.2533,54.3188,54.4439
2005-11-14,AGG,stock,99.98,100,99.58,99.75,530600,2005-11-14,2005-11-14,43.0328,54.2582,54.3199,54.4536
2005-11-11,AGG,stock,99.82,100.2,99.82,100.09,77800,2005-11-11,2005-11-11,49.3624,54.2717,54.3218,54.4668
2005-11-10,AGG,stock,99.74,100.02,99.54,99.99,177700,2005-11-10,2005-11-10,47.2431,54.2671,54.3219,54.4730
2005-11-09,AGG,stock,99.88,99.89,99.57,99.64,132600,2005-11-09,2005-11-09,38.9373,54.2677,54.3225,54.4816
2005-11-08,AGG,stock,99.89,100.01,99.67,99.9,171300,2005-11-08,2005-11-08,43.6810,54.2884,54.3250,54.4984
2005-11-07,AGG,stock,99.69,99.74,99.35,99.56,128300,2005-11-07,2005-11-07,33.9029,54.2965,54.3262,54.5101
2005-11-04,AGG,stock,99.59,99.71,99.4,99.55,121200,2005-11-04,2005-11-04,33.5880,54.3248,54.3292,54.5297
2005-11-03,AGG,stock,99.79,99.845,99.34,99.45,158100,2005-11-03,2005-11-03,30.5139,54.3566,54.3323,54.5505
2005-11-02,AGG,stock,99.89,99.97,99.66,99.79,104800,2005-11-02,2005-11-02,35.7363,54.3975,54.3359,54.5742
2005-11-01,AGG,stock,100.08,100.11,99.77,99.88,428000,2005-11-01,2005-11-01,37.3057,54.4233,54.3378,54.5915
2005-10-31,AGG,stock,100.1,100.43,100.061,100.21,91300,2005-10-31,2005-10-31,36.3297,54.4467,54.3391,54.6074
2005-10-28,AGG,stock,100.49,100.5,100.04,100.22,85700,2005-10-28,2005-10-28,36.4850,54.4745,54.3407,54.6247
2005-10-27,AGG,stock,100.39,100.45,100.04,100.38,73100,2005-10-27,2005-10-27,38.9598,54.5046,54.3422,54.6425
2005-10-26,AGG,stock,100.38,100.4025,100.03,100.15,134900,2005-10-26,2005-10-26,32.8829,54.5288,54.3429,54.6575
2005-10-25,AGG,stock,100.72,100.96,100.35,100.55,481600,2005-10-25,2005-10-25,39.1823,54.5686,54.3448,54.6782
2005-10-24,AGG,stock,101.07,101.11,100.73,100.85,137000,2005-10-24,2005-10-24,45.2147,54.5899,54.3446,54.6909
2005-10-21,AGG,stock,100.94,101.19,100.73,101.05,285800,2005-10-21,2005-10-21,49.9779,54.5963,54.3428,54.6976
2005-10-20,AGG,stock,100.74,100.83,100.55,100.82,145000,2005-10-20,2005-10-20,43.6374,54.5920,54.3398,54.7000
2005-10-19,AGG,stock,100.74,100.96,100.74,100.8,138100,2005-10-19,2005-10-19,43.0546,54.6003,54.3381,54.7077
2005-10-18,AGG,stock,100.76,100.78,100.52,100.62,113200,2005-10-18,2005-10-18,37.6680,54.6107,54.3364,54.7161
2005-10-17,AGG,stock,100.76,100.8,100.54,100.66,94600,2005-10-17,2005-10-17,38.4179,54.6324,54.3357,54.7288
2005-10-14,AGG,stock,100.6,100.81,100.33,100.5,103500,2005-10-14,2005-10-14,33.5007,54.6541,54.3348,54.7411
2005-10-13,AGG,stock,100.66,100.72,100.31,100.53,108000,2005-10-13,2005-10-13,33.9730,54.6872,54.3348,54.7575
2005-10-12,AGG,stock,100.82,100.99,100.72,100.79,151000,2005-10-12,2005-10-12,38.3207,54.7221,54.3346,54.7739
2005-10-11,AGG,stock,101.14,101.19,100.82,100.83,128600,2005-10-11,2005-10-11,39.0343,54.7458,54.3330,54.7852
2005-10-10,AGG,stock,101.09,101.24,101,101.13,90100,2005-10-10,2005-10-10,44.8511,54.7698,54.3311,54.7961
2005-10-07,AGG,stock,100.95,101.23,100.85,101,81100,2005-10-07,2005-10-07,41.3333,54.7792,54.3276,54.8009
2005-10-06,AGG,stock,101.22,101.22,100.95,101.1,129500,2005-10-06,2005-10-06,43.3064,54.7970,54.3247,54.8087
2005-10-05,AGG,stock,101.05,101.22,100.95,101.17,608800,2005-10-05,2005-10-05,44.6932,54.8110,54.3213,54.8146
2005-10-04,AGG,stock,101.03,101.08,100.83,101.01,136500,2005-10-04,2005-10-04,40.6601,54.8224,54.3175,54.8192
2005-10-03,AGG,stock,101,101.12,100.66,100.87,86200,2005-10-03,2005-10-03,36.9228,54.8442,54.3145,54.8275
2005-09-30,AGG,stock,101.69,101.76,101.34,101.55,127300,2005-09-30,2005-09-30,43.0845,54.8763,54.3122,54.8392
2005-09-29,AGG,stock,101.72,101.79,101.57,101.6,137100,2005-09-29,2005-09-29,44.0787,54.8922,54.3081,54.8439
2005-09-28,AGG,stock,101.64,101.86,101.46,101.83,233800,2005-09-28,2005-09-28,48.8987,54.9070,54.3036,54.8476
2005-09-27,AGG,stock,101.68,101.79,101.3,101.55,297900,2005-09-27,2005-09-27,41.6910,54.9103,54.2979,54.8465
2005-09-26,AGG,stock,101.65,101.76,101.54,101.62,126100,2005-09-26,2005-09-26,43.1023,54.9298,54.2936,54.8515
2005-09-23,AGG,stock,102.04,102.04,101.8,101.87,85200,2005-09-23,2005-09-23,48.5530,54.9474,54.2889,54.8551
2005-09-22,AGG,stock,102.09,102.2,101.92,102.05,396000,2005-09-22,2005-09-22,53.0371,54.9527,54.2828,54.8534
2005-09-21,AGG,stock,102.09,102.13,101.77,101.96,233300,2005-09-21,2005-09-21,50.9332,54.9483,54.2756,54.8476
2005-09-20,AGG,stock,101.84,101.9,101.43,101.73,219700,2005-09-20,2005-09-20,45.0963,54.9486,54.2689,54.8436
2005-09-19,AGG,stock,101.68,101.88,101.57,101.8,96000,2005-09-19,2005-09-19,46.6651,54.9619,54.2633,54.8445
2005-09-16,AGG,stock,101.94,101.95,101.6272,101.71,86400,2005-09-16,2005-09-16,44.3540,54.9727,54.2573,54.8439
2005-09-15,AGG,stock,102.05,102.21,101.75,101.94,165800,2005-09-15,2005-09-15,49.4376,54.9897,54.2518,54.8452
2005-09-14,AGG,stock,102.29,102.33,101.9,102.19,171500,2005-09-14,2005-09-14,55.9048,54.9954,54.2449,54.8415
2005-09-13,AGG,stock,102.1,102.37,102.09,102.3,105900,2005-09-13,2005-09-13,59.0615,54.9876,54.2366,54.8322
2005-09-12,AGG,stock,102,102.19,101.88,102.05,106300,2005-09-12,2005-09-12,53.5231,54.9727,54.2276,54.8201
2005-09-09,AGG,stock,102.13,102.39,102.01,102.19,234600,2005-09-09,2005-09-09,57.5733,54.9704,54.2199,54.8130
2005-09-08,AGG,stock,102.3,102.32,102.08,102.22,130900,2005-09-08,2005-09-08,58.4534,54.9600,54.2114,54.8025
2005-09-07,AGG,stock,102.29,102.33,102.1,102.23,96300,2005-09-07,2005-09-07,58.7313,54.9467,54.2026,54.7910
2005-09-06,AGG,stock,102.55,102.62,102.18,102.4,121300,2005-09-06,2005-09-06,63.4967,54.9315,54.1937,54.7787
2005-09-02,AGG,stock,102.47,102.75,102.39,102.6,264800,2005-09-02,2005-09-02,69.6725,54.9051,54.1837,54.7622
2005-09-01,AGG,stock,102.54,102.81,102.384,102.65,104900,2005-09-01,2005-09-01,71.2819,54.8645,54.1726,54.7406
2005-08-31,AGG,stock,102.69,102.91,102.43,102.85,112200,2005-08-31,2005-08-31,69.4505,54.8168,54.1611,54.7171
2005-08-30,AGG,stock,102.34,102.58,102.3,102.45,127800,2005-08-30,2005-08-30,63.2402,54.7720,54.1502,54.6956
2005-08-29,AGG,stock,102.2,102.32,102.07,102.2,97700,2005-08-29,2005-08-29,58.3232,54.7451,54.1414,54.6821
2005-08-26,AGG,stock,102.22,102.25,101.99,102.16,103900,2005-08-26,2005-08-26,57.4782,54.7295,54.1339,54.6735
2005-08-25,AGG,stock,102.24,102.28,102,102.24,182200,2005-08-25,2005-08-25,59.7272,54.7145,54.1264,54.6654
2005-08-24,AGG,stock,102.13,102.27,102.06,102.24,98900,2005-08-24,2005-08-24,59.7272,54.6934,54.1185,54.6552
2005-08-23,AGG,stock,102.04,102.25,102,102.11,110900,2005-08-23,2005-08-23,57.3912,54.6701,54.1105,54.6446
2005-08-22,AGG,stock,101.95,102.11,101.85,102.04,93800,2005-08-22,2005-08-22,56.1185,54.6517,54.1031,54.6364
2005-08-19,AGG,stock,101.89,102.05,101.8,101.95,73700,2005-08-19,2005-08-19,54.4959,54.6354,54.0961,54.6295
2005-08-18,AGG,stock,101.9,102.05,101.82,102.05,85600,2005-08-18,2005-08-18,56.6575,54.6223,54.0894,54.6242
2005-08-17,AGG,stock,101.89,101.96,101.5,101.77,119100,2005-08-17,2005-08-17,51.6735,54.6023,54.0821,54.6165
2005-08-16,AGG,stock,101.84,102.03,101.84,101.98,279600,2005-08-16,2005-08-16,56.1719,54.5960,54.0763,54.6146
2005-08-15,AGG,stock,101.85,101.85,101.67,101.74,145300,2005-08-15,2005-08-15,51.7108,54.5772,54.0693,54.6081
2005-08-12,AGG,stock,101.59,101.88,101.54,101.83,93400,2005-08-12,2005-08-12,53.6109,54.5699,54.0635,54.6065
2005-08-11,AGG,stock,101.31,101.57,101.25,101.54,126800,2005-08-11,2005-08-11,47.8806,54.5568,54.0571,54.6029
2005-08-10,AGG,stock,101.41,101.43,101.15,101.27,128400,2005-08-10,2005-08-10,41.6491,54.5587,54.0523,54.6056
2005-08-09,AGG,stock,101.18,101.26,101,101.26,103300,2005-08-09,2005-08-09,41.4082,54.5761,54.0489,54.6142
2005-08-08,AGG,stock,101.18,101.26,100.97,101.08,86400,2005-08-08,2005-08-08,37.0649,54.5958,54.0455,54.6234
2005-08-05,AGG,stock,101.23,101.29,101.1,101.1,86100,2005-08-05,2005-08-05,37.3506,54.6278,54.0430,54.6370
2005-08-04,AGG,stock,101.68,101.7,101.46,101.6,196200,2005-08-04,2005-08-04,45.4892,54.6621,54.0404,54.6506
2005-08-03,AGG,stock,101.54,101.7,101.35,101.7,167700,2005-08-03,2005-08-03,47.4076,54.6717,54.0350,54.6539
2005-08-02,AGG,stock,101.52,101.58,101.2,101.37,90200,2005-08-02,2005-08-02,39.6024,54.6766,54.0291,54.6551
2005-08-01,AGG,stock,101.59,101.65,101.38,101.59,220300,2005-08-01,2005-08-01,43.6088,54.7008,54.0249,54.6635
2005-07-29,AGG,stock,102.14,102.14,101.81,101.98,106000,2005-07-29,2005-07-29,44.7321,54.7150,54.0195,54.6675
2005-07-28,AGG,stock,101.98,102.32,101.98,102.3,403000,2005-07-28,2005-07-28,51.4001,54.7274,54.0137,54.6704
2005-07-27,AGG,stock,101.91,102.08,101.9,102,73000,2005-07-27,2005-07-27,44.1531,54.7231,54.0061,54.6664
2005-07-26,AGG,stock,101.88,102.06,101.88,102.06,113000,2005-07-26,2005-07-26,45.4106,54.7352,54.0000,54.6688
2005-07-25,AGG,stock,101.95,102.17,101.78,101.95,97400,2005-07-25,2005-07-25,42.6289,54.7452,53.9936,54.6700
2005-07-22,AGG,stock,101.95,102.13,101.75,101.95,125100,2005-07-22,2005-07-22,42.6289,54.7625,53.9877,54.6736
2005-07-21,AGG,stock,102.15,102.16,101.79,101.8,135000,2005-07-21,2005-07-21,38.9724,54.7816,53.9817,54.6774
2005-07-20,AGG,stock,102.01,102.38,101.92,102.33,159200,2005-07-20,2005-07-20,49.2765,54.8111,53.9765,54.6846
2005-07-19,AGG,stock,102.11,102.29,102.09,102.16,127300,2005-07-19,2005-07-19,44.9406,54.8139,53.9684,54.6805
2005-07-18,AGG,stock,102.24,102.28,102.04,102.11,74300,2005-07-18,2005-07-18,43.6245,54.8266,53.9611,54.6800
2005-07-15,AGG,stock,102.19,102.29,102.13,102.29,111600,2005-07-15,2005-07-15,47.4131,54.8434,53.9540,54.6805
2005-07-14,AGG,stock,102.36,102.38,102.06,102.24,139100,2005-07-14,2005-07-14,46.2081,54.8519,53.9459,54.6771
2005-07-13,AGG,stock,102.3,102.3,102.07,102.24,251100,2005-07-13,2005-07-13,46.2081,54.8640,53.9380,54.6747
2005-07-12,AGG,stock,102.48,102.48,102.28,102.38,127900,2005-07-12,2005-07-12,48.9141,54.8775,53.9299,54.6722
2005-07-11,AGG,stock,102.18,102.47,102.15,102.43,141800,2005-07-11,2005-07-11,49.8828,54.8845,53.9211,54.6665
2005-07-08,AGG,stock,102.59,102.7,102.39,102.42,231100,2005-07-08,2005-07-08,49.6978,54.8893,53.9119,54.6595
2005-07-07,AGG,stock,102.69,102.82,102.5,102.59,166100,2005-07-07,2005-07-07,52.7732,54.8953,53.9026,54.6525
2005-07-06,AGG,stock,102.49,102.56,102.34,102.46,228700,2005-07-06,2005-07-06,50.6026,54.8923,53.8923,54.6414
2005-07-05,AGG,stock,102.34,102.5,102.18,102.3,141600,2005-07-05,2005-07-05,47.8641,54.8963,53.8827,54.6327
2005-07-01,AGG,stock,102.94,102.96,102.5,102.68,123100,2005-07-01,2005-07-01,54.5311,54.9098,53.8738,54.6272
2005-06-30,AGG,stock,103.19,103.38,102.99,103.38,123000,2005-06-30,2005-06-30,62.2891,54.9032,53.8627,54.6131
2005-06-29,AGG,stock,103.34,103.34,102.89,103.05,166800,2005-06-29,2005-06-29,57.2073,54.8754,53.8496,54.5904
2005-06-28,AGG,stock,103.25,103.34,103.085,103.1,93800,2005-06-28,2005-06-28,58.3129,54.8631,53.8381,54.5741
2005-06-27,AGG,stock,103.39,103.47,103.28,103.4,198400,2005-06-27,2005-06-27,65.3490,54.8468,53.8263,54.5559
2005-06-24,AGG,stock,103.34,103.36,103.12,103.32,171000,2005-06-24,2005-06-24,64.2818,54.8119,53.8127,54.5305
2005-06-23,AGG,stock,103.14,103.23,103.01,103.16,113400,2005-06-23,2005-06-23,62.1149,54.7778,53.7994,54.5058
2005-06-22,AGG,stock,103.05,103.27,102.71,103.26,71600,2005-06-22,2005-06-22,64.3817,54.7491,53.7868,54.4836
2005-06-21,AGG,stock,102.67,102.82,102.4135,102.82,75100,2005-06-21,2005-06-21,58.1403,54.7117,53.7736,54.4583
2005-06-20,AGG,stock,102.51,102.6,102.31,102.4,72300,2005-06-20,2005-06-20,50.4433,54.6952,53.7626,54.4415
2005-06-17,AGG,stock,102.51,102.66,102.4,102.63,76100,2005-06-17,2005-06-17,55.6463,54.7005,53.7537,54.4332
2005-06-16,AGG,stock,102.5,102.66,102.35,102.63,89500,2005-06-16,2005-06-16,55.6463,54.6934,53.7435,54.4196
2005-06-15,AGG,stock,102.37,102.43,102.2,102.32,105800,2005-06-15,2005-06-15,49.6054,54.6856,53.7332,54.4054
2005-06-14,AGG,stock,102.48,102.49,102.27,102.38,129800,2005-06-14,2005-06-14,50.8501,54.6944,53.7245,54.3973
2005-06-13,AGG,stock,102.58,102.59,102.31,102.51,87900,2005-06-13,2005-06-13,53.5537,54.7007,53.7153,54.3877
2005-06-10,AGG,stock,102.86,102.86,102.52,102.6,77700,2005-06-10,2005-06-10,55.4489,54.7004,53.7054,54.3748
2005-06-09,AGG,stock,102.94,103.02,102.56,103,107400,2005-06-09,2005-06-09,64.9321,54.6950,53.6949,54.3594
2005-06-08,AGG,stock,103.19,103.21,102.96,103.008,109900,2005-06-08,2005-06-08,65.1390,54.6666,53.6821,54.3347
2005-06-07,AGG,stock,103.2,103.23,103.04,103.2,154400,2005-06-07,2005-06-07,70.1181,54.6347,53.6692,54.3088
2005-06-06,AGG,stock,102.94,103.03,102.8,102.93,104200,2005-06-06,2005-06-06,66.8048,54.5887,53.6551,54.2776
2005-06-03,AGG,stock,103.44,103.47,102.85,102.91,70700,2005-06-03,2005-06-03,66.5497,54.5530,53.6423,54.2511
2005-06-02,AGG,stock,103.2,103.21,103.03,103.17,269800,2005-06-02,2005-06-02,73.3549,54.5147,53.6295,54.2239
2005-06-01,AGG,stock,102.69,103.24,102.59,103.24,266900,2005-06-01,2005-06-01,75.2794,54.4578,53.6152,54.1899
2005-05-31,AGG,stock,102.8,102.9,102.6,102.83,65400,2005-05-31,2005-05-31,66.4634,54.3909,53.6003,54.1531
2005-05-27,AGG,stock,102.59,102.73,102.41,102.55,140400,2005-05-27,2005-05-27,61.7885,54.3594,53.5894,54.1312
2005-05-26,AGG,stock,102.55,102.66,102.37,102.62,69500,2005-05-26,2005-05-26,63.8549,54.3403,53.5798,54.1144
2005-05-25,AGG,stock,102.84,102.84,102.5,102.63,102500,2005-05-25,2005-05-25,64.1394,54.3152,53.5698,54.0955
2005-05-24,AGG,stock,102.63,102.7,102.41,102.65,81500,2005-05-24,2005-05-24,64.6746,54.2870,53.5596,54.0756
2005-05-23,AGG,stock,102.21,102.49,102.2,102.47,104300,2005-05-23,2005-05-23,62.0265,54.2546,53.5492,54.0544
2005-05-20,AGG,stock,102.31,102.31,102.01,102.13,113600,2005-05-20,2005-05-20,56.2778,54.2290,53.5396,54.0363
2005-05-19,AGG,stock,102.32,102.37,102.04,102.25,64200,2005-05-19,2005-05-19,59.2158,54.2196,53.5318,54.0248
2005-05-18,AGG,stock,102.4,102.55,102.24,102.5,330800,2005-05-18,2005-05-18,65.8678,54.2026,53.5233,54.0102
2005-05-17,AGG,stock,102.26,102.34,102.12,102.23,99400,2005-05-17,2005-05-17,61.5344,54.1697,53.5133,53.9896
2005-05-16,AGG,stock,102.26,102.31,102.08,102.11,82800,2005-05-16,2005-05-16,59.4075,54.1486,53.5047,53.9741
2005-05-13,AGG,stock,102.26,102.34,102.12,102.26,52900,2005-05-13,2005-05-13,63.4817,54.1319,53.4966,53.9605
2005-05-12,AGG,stock,101.84,102.17,101.6455,102.16,83400,2005-05-12,2005-05-12,61.8626,54.1050,53.4877,53.9431
2005-05-11,AGG,stock,102.03,102.14,101.74,101.92,75900,2005-05-11,2005-05-11,57.6812,54.0810,53.4792,53.9271
2005-05-10,AGG,stock,101.87,101.95,101.57,101.75,133700,2005-05-10,2005-05-10,54.3921,54.0678,53.4719,53.9158
2005-05-09,AGG,stock,101.63,101.66,101.51,101.64,70300,2005-05-09,2005-05-09,52.1580,54.0628,53.4654,53.9076
2005-05-06,AGG,stock,101.83,101.85,101.53,101.72,70000,2005-05-06,2005-05-06,53.9425,54.0633,53.4594,53.9015
2005-05-05,AGG,stock,102.1,102.3,101.9,102.1,86400,2005-05-05,2005-05-05,63.5292,54.0595,53.4530,53.8934
2005-05-04,AGG,stock,101.92,102.09,101.65,102.03,63900,2005-05-04,2005-05-04,62.3857,54.0340,53.4445,53.8767
2005-05-03,AGG,stock,102.07,102.07,101.66,101.92,708100,2005-05-03,2005-05-03,60.5824,54.0098,53.4362,53.8609
2005-05-02,AGG,stock,102.09,102.1,101.85,101.99,54800,2005-05-02,2005-05-02,62.3487,53.9891,53.4285,53.8468
2005-04-29,AGG,stock,102.31,102.45,102.05,102.32,151000,2005-04-29,2005-04-29,62.2964,53.9623,53.4203,53.8306
2005-04-28,AGG,stock,102.2,102.49,102.09,102.49,75900,2005-04-28,2005-04-28,66.3390,53.9330,53.4121,53.8139
2005-04-27,AGG,stock,102.25,102.36,101.94,102.23,70500,2005-04-27,2005-04-27,62.9219,53.8910,53.4028,53.7927
2005-04-26,AGG,stock,102.12,102.12,101.81,101.81,68800,2005-04-26,2005-04-26,56.2618,53.8592,53.3949,53.7764
2005-04-25,AGG,stock,102,102.09,101.86,102.06,63400,2005-04-25,2005-04-25,62.4633,53.8474,53.3891,53.7684
2005-04-22,AGG,stock,102.05,102.12,101.76,102.1,44100,2005-04-22,2005-04-22,63.5032,53.8204,53.3819,53.7548
2005-04-21,AGG,stock,101.71,102.11,101.71,101.81,109500,2005-04-21,2005-04-21,58.8962,53.7884,53.3744,53.7397
2005-04-20,AGG,stock,101.94,102.15,101.71,102.14,114900,2005-04-20,2005-04-20,67.9609,53.7692,53.3684,53.7302
2005-04-19,AGG,stock,101.87,102.2,101.71,102.07,100600,2005-04-19,2005-04-19,66.9593,53.7295,53.3606,53.7133
2005-04-18,AGG,stock,102.09,102.1,101.73,101.94,153400,2005-04-18,2005-04-18,65.0764,53.6896,53.3531,53.6971
2005-04-15,AGG,stock,101.93,102.06,101.61,102.06,146900,2005-04-15,2005-04-15,68.4183,53.6527,53.3462,53.6831
2005-04-14,AGG,stock,101.66,101.75,101.44,101.7,185600,2005-04-14,2005-04-14,63.1461,53.6052,53.3386,53.6660
2005-04-13,AGG,stock,101.68,101.71,101.38,101.61,74600,2005-04-13,2005-04-13,61.6604,53.5729,53.3328,53.6559
2005-04-12,AGG,stock,101.09,101.61,101,101.47,150600,2005-04-12,2005-04-12,59.2897,53.5421,53.3275,53.6473
2005-04-11,AGG,stock,101.05,101.22,100.86,101.19,82200,2005-04-11,2005-04-11,54.0082,53.5160,53.3228,53.6415
2005-04-08,AGG,stock,100.99,101.07,100.75,101,130600,2005-04-08,2005-04-08,49.9139,53.5027,53.3196,53.6415
2005-04-07,AGG,stock,101.31,101.42,101,101,235900,2005-04-07,2005-04-07,49.9139,53.4986,53.3174,53.6455
2005-04-06,AGG,stock,101.14,101.19,100.89,101.12,279600,2005-04-06,2005-04-06,52.4570,53.4940,53.3151,53.6498
2005-04-05,AGG,stock,101.06,101.06,100.75,100.86,46500,2005-04-05,2005-04-05,47.0270,53.4823,53.3122,53.6516
2005-04-04,AGG,stock,101.09,101.24,100.8,101.06,387300,2005-04-04,2005-04-04,51.2042,53.4839,53.3106,53.6591
2005-04-01,AGG,stock,101.24,101.25,100.72,101.18,96200,2005-04-01,2005-04-01,53.8702,53.4745,53.3080,53.6626
2005-03-31,AGG,stock,101.23,101.27,100.8,100.93,128100,2005-03-31,2005-03-31,39.4378,53.4574,53.3047,53.6637
2005-03-30,AGG,stock,101,101.1,100.6,100.88,51600,2005-03-30,2005-03-30,37.9184,53.4715,53.3045,53.6775
2005-03-29,AGG,stock,100.79,100.87,100.51,100.58,270600,2005-03-29,2005-03-29,27.8304,53.4898,53.3046,53.6931
2005-03-28,AGG,stock,100.72,100.72,100.41,100.64,83100,2005-03-28,2005-03-28,28.6964,53.5268,53.3063,53.7157
2005-03-24,AGG,stock,100.65,100.99,100.55,100.84,101500,2005-03-24,2005-03-24,31.7548,53.5643,53.3076,53.7380
2005-03-23,AGG,stock,100.61,100.78,100.25,100.78,158800,2005-03-23,2005-03-23,29.6666,53.5947,53.3079,53.7568
2005-03-22,AGG,stock,101.4,101.42,100.48,100.65,181500,2005-03-22,2005-03-22,25.0528,53.6316,53.3086,53.7777
2005-03-21,AGG,stock,101.33,101.33,101.09,101.2,106700,2005-03-21,2005-03-21,33.7508,53.6796,53.3099,53.8023
2005-03-18,AGG,stock,101.2,101.3,100.95,101.2,80800,2005-03-18,2005-03-18,33.7508,53.7020,53.3083,53.8161
2005-03-17,AGG,stock,101.49,101.56,101.11,101.27,191700,2005-03-17,2005-03-17,35.0876,53.7269,53.3068,53.8303
2005-03-16,AGG,stock,101.22,101.49,101.04,101.29,94600,2005-03-16,2005-03-16,35.4602,53.7504,53.3048,53.8437
2005-03-15,AGG,stock,101.4,101.41,101.05,101.22,108000,2005-03-15,2005-03-15,33.1530,53.7753,53.3027,53.8572
2005-03-14,AGG,stock,101.15,101.25,100.928,101.2,129900,2005-03-14,2005-03-14,32.5129,53.8068,53.3009,53.8727
2005-03-11,AGG,stock,101.39,101.39,100.99,101.24,87600,2005-03-11,2005-03-11,33.1015,53.8426,53.2993,53.8893
2005-03-10,AGG,stock,101.45,101.45,101.06,101.16,173000,2005-03-10,2005-03-10,30.7739,53.8800,53.2974,53.9057
2005-03-09,AGG,stock,101.66,101.69,101.19,101.28,110600,2005-03-09,2005-03-09,32.3412,53.9258,53.2959,53.9245
2005-03-08,AGG,stock,101.89,101.95,101.75,101.9,96600,2005-03-08,2005-03-08,42.7988,53.9698,53.2938,53.9415
2005-03-07,AGG,stock,102.14,102.27,101.91,102.12,203000,2005-03-07,2005-03-07,47.9023,53.9839,53.2883,53.9458
2005-03-04,AGG,stock,102.04,102.21,101.89,102.09,585500,2005-03-04,2005-03-04,47.1036,53.9872,53.2817,53.9455
2005-03-03,AGG,stock,101.94,101.9485,101.55,101.8,120700,2005-03-03,2005-03-03,38.6629,53.9926,53.2751,53.9459
2005-03-02,AGG,stock,101.61,101.89,101.61,101.72,171000,2005-03-02,2005-03-02,36.0489,54.0146,53.2700,53.9525
2005-03-01,AGG,stock,101.69,101.93,101.69,101.85,125000,2005-03-01,2005-03-01,38.5264,54.0434,53.2652,53.9612
2005-02-28,AGG,stock,102.48,102.5,102.06,102.21,359800,2005-02-28,2005-02-28,39.9460,54.0680,53.2598,53.9674
2005-02-25,AGG,stock,102.45,102.48,102.22,102.48,66800,2005-02-25,2005-02-25,45.7704,54.0912,53.2539,53.9723
2005-02-24,AGG,stock,102.58,102.58,102.31,102.39,83600,2005-02-24,2005-02-24,43.2073,54.1019,53.2465,53.9715
2005-02-23,AGG,stock,102.59,102.6,102.35,102.49,128300,2005-02-23,2005-02-23,45.4223,54.1186,53.2395,53.9727
2005-02-22,AGG,stock,102.53,102.55,102.3,102.44,103500,2005-02-22,2005-02-22,44.0916,54.1316,53.2319,53.9718
2005-02-18,AGG,stock,102.51,102.75,102.476,102.73,94000,2005-02-18,2005-02-18,50.7565,54.1487,53.2245,53.9719
2005-02-17,AGG,stock,102.66,102.82,102.5,102.7,90400,2005-02-17,2005-02-17,50.0309,54.1516,53.2154,53.9658
2005-02-16,AGG,stock,103.08,103.08,102.6,102.75,75000,2005-02-16,2005-02-16,51.1984,54.1564,53.2065,53.9601
2005-02-15,AGG,stock,102.71,103.08,102.708,102.87,139700,2005-02-15,2005-02-15,54.0069,54.1589,53.1972,53.9530
2005-02-14,AGG,stock,102.93,103.13,102.85,103.07,99200,2005-02-14,2005-02-14,59.0173,54.1551,53.1871,53.9432
2005-02-11,AGG,stock,103.11,103.11,102.8,103.05,73700,2005-02-11,2005-02-11,58.6612,54.1397,53.1760,53.9286
2005-02-10,AGG,stock,103.33,103.33,102.91,102.91,134500,2005-02-10,2005-02-10,56.1865,54.1239,53.1648,53.9138
2005-02-09,AGG,stock,103.24,103.5,103.1,103.44,90600,2005-02-09,2005-02-09,71.1615,54.1141,53.1542,53.9014
2005-02-08,AGG,stock,103.13,103.25,102.92,103.16,114900,2005-02-08,2005-02-08,66.8238,54.0740,53.1407,53.8772
2005-02-07,AGG,stock,103.11,103.23,102.81,103.1,68900,2005-02-07,2005-02-07,65.8003,54.0451,53.1286,53.8579
2005-02-04,AGG,stock,103.12,103.21,102.7,103.08,52800,2005-02-04,2005-02-04,65.4705,54.0165,53.1166,53.8392
2005-02-03,AGG,stock,102.59,102.68,102.44,102.68,52500,2005-02-03,2005-02-03,57.9391,53.9860,53.1047,53.8202
2005-02-02,AGG,stock,102.72,102.8,102.6,102.78,203100,2005-02-02,2005-02-02,61.0293,53.9745,53.0947,53.8089
2005-02-01,AGG,stock,102.5,102.78,102.5,102.7,98400,2005-02-01,2005-02-01,59.4216,53.9562,53.0841,53.7951
2005-01-31,AGG,stock,103.02,103.02,102.75,102.9,113800,2005-01-31,2005-01-31,57.1854,53.9405,53.0739,53.7824
2005-01-28,AGG,stock,102.89,103.03,102.76,103.03,79400,2005-01-28,2005-01-28,60.8878,53.9291,53.0641,53.7715
2005-01-27,AGG,stock,102.69,102.71,102.54,102.68,83900,2005-01-27,2005-01-27,53.3347,53.9094,53.0535,53.7574
2005-01-26,AGG,stock,102.94,102.94,102.75,102.82,95100,2005-01-26,2005-01-26,57.4559,53.9069,53.0446,53.7503
2005-01-25,AGG,stock,102.94,102.97,102.77,102.87,79600,2005-01-25,2005-01-25,58.9669,53.8964,53.0350,53.7398
2005-01-24,AGG,stock,103.04,103.08,102.9,103.05,85200,2005-01-24,2005-01-24,64.6506,53.8821,53.0250,53.7279
2005-01-21,AGG,stock,102.89,103.05,102.86,103.03,85200,2005-01-21,2005-01-21,64.2955,53.8562,53.0139,53.7116
2005-01-20,AGG,stock,102.79,103.01,102.6,102.98,98400,2005-01-20,2005-01-20,63.4431,53.8288,53.0028,53.6950
2005-01-19,AGG,stock,102.77,102.85,102.59,102.84,88300,2005-01-19,2005-01-19,61.0237,53.8013,52.9919,53.6789
2005-01-18,AGG,stock,102.54,102.7,102.2715,102.69,86600,2005-01-18,2005-01-18,58.2764,53.7786,52.9816,53.6651
2005-01-14,AGG,stock,102.67,102.7085,102.37,102.42,124200,2005-01-14,2005-01-14,52.7044,53.7618,52.9719,53.6540
2005-01-13,AGG,stock,102.64,102.84,102.53,102.79,62400,2005-01-13,2005-01-13,63.4943,53.7581,52.9637,53.6481
2005-01-12,AGG,stock,102.43,102.59,102.25,102.54,119100,2005-01-12,2005-01-12,58.1142,53.7337,52.9533,53.6342
2005-01-11,AGG,stock,102.42,102.51,102.22,102.39,78600,2005-01-11,2005-01-11,54.3673,53.7204,52.9442,53.6250
2005-01-10,AGG,stock,102.32,102.32,102.1,102.25,69500,2005-01-10,2005-01-10,50.5321,53.7141,52.9358,53.6186
2005-01-07,AGG,stock,102.39,102.44,102.11,102.3,137000,2005-01-07,2005-01-07,51.9809,53.7148,52.9281,53.6150
2005-01-06,AGG,stock,102.29,102.37,102.18,102.33,75400,2005-01-06,2005-01-06,52.8247,53.7129,52.9200,53.6102
2005-01-05,AGG,stock,102.2,102.35,102.06,102.26,69900,2005-01-05,2005-01-05,51.1050,53.7091,52.9116,53.6045
2005-01-04,AGG,stock,102.46,102.5,102.07,102.3,190500,2005-01-04,2005-01-04,52.1130,53.7087,52.9036,53.6001
2005-01-03,AGG,stock,102.34,102.5485,102.12,102.4,479600,2005-01-03,2005-01-03,54.6137,53.7062,52.8953,53.5947
2004-12-31,AGG,stock,102.36,102.59,102.25,102.4,135300,2004-12-31,2004-12-31,54.6137,53.6978,52.8863,53.5869
2004-12-30,AGG,stock,102.36,102.59,102.25,102.57,132700,2004-12-30,2004-12-30,51.9580,53.6885,52.8773,53.5787
2004-12-29,AGG,stock,102.49,102.5,102.26,102.36,116800,2004-12-29,2004-12-29,47.4865,53.6856,52.8688,53.5732
2004-12-28,AGG,stock,102.34,102.4,102,102.38,122800,2004-12-28,2004-12-28,47.8806,53.6941,52.8614,53.5718
2004-12-27,AGG,stock,102.4,102.5,102.3,102.43,145200,2004-12-27,2004-12-27,48.8212,53.7023,52.8539,53.5700
2004-12-23,AGG,stock,102.7,102.85,102.58,102.82,192700,2004-12-23,2004-12-23,56.9202,53.7086,52.8459,53.5671
2004-12-22,AGG,stock,102.5,102.79,102.5,102.77,94300,2004-12-22,2004-12-22,56.0523,53.6940,52.8359,53.5557
2004-12-21,AGG,stock,102.6,102.8,102.5,102.55,83100,2004-12-21,2004-12-21,52.1103,53.6807,52.8260,53.5449
2004-12-20,AGG,stock,102.69,102.72,102.46,102.55,57800,2004-12-20,2004-12-20,52.1103,53.6782,52.8171,53.5383
2004-12-17,AGG,stock,102.45,102.65,102.42,102.45,48100,2004-12-17,2004-12-17,50.3654,53.6753,52.8082,53.5315
2004-12-16,AGG,stock,102.99,102.99,102.6,102.7,123100,2004-12-16,2004-12-16,55.0191,53.6777,52.7997,53.5265
2004-12-15,AGG,stock,103.07,103.11,102.86,103.1,57400,2004-12-15,2004-12-15,63.7738,53.6665,52.7898,53.5161
2004-12-14,AGG,stock,102.41,102.89,102.41,102.87,53900,2004-12-14,2004-12-14,60.4103,53.6321,52.7777,53.4966
2004-12-13,AGG,stock,102.69,102.88,102.51,102.77,102400,2004-12-13,2004-12-13,58.8685,53.6068,52.7667,53.4812
2004-12-10,AGG,stock,102.75,102.84,102.6,102.62,139800,2004-12-10,2004-12-10,56.5093,53.5843,52.7561,53.4674
2004-12-09,AGG,stock,102.79,102.95,102.63,102.75,120600,2004-12-09,2004-12-09,59.2439,53.5677,52.7462,53.4562
2004-12-08,AGG,stock,102.45,102.89,102.44,102.89,158200,2004-12-08,2004-12-08,62.2566,53.5422,52.7355,53.4417
2004-12-07,AGG,stock,102.39,102.54,102.217,102.54,76500,2004-12-07,2004-12-07,57.2046,53.5063,52.7240,53.4237
2004-12-06,AGG,stock,102.25,102.48,102.14,102.4,146500,2004-12-06,2004-12-06,54.9656,53.4859,52.7142,53.4124
2004-12-03,AGG,stock,102.22,102.29,101.9815,102.29,85100,2004-12-03,2004-12-03,53.1784,53.4711,52.7050,53.4037
2004-12-02,AGG,stock,101.67,101.74,101.5,101.7,51500,2004-12-02,2004-12-02,41.6442,53.4608,52.6964,53.3969
2004-12-01,AGG,stock,101.95,101.95,101.51,101.51,49000,2004-12-01,2004-12-01,37.0036,53.4820,52.6907,53.4025
2004-11-30,AGG,stock,102.12,102.23,101.97,102.2,108000,2004-11-30,2004-11-30,43.4361,53.5158,52.6860,53.4124
2004-11-29,AGG,stock,102.24,102.28,102.12,102.15,103200,2004-11-29,2004-11-29,42.2159,53.5322,52.6792,53.4145
2004-11-26,AGG,stock,102.37,102.48,102.21,102.4315,39400,2004-11-26,2004-11-26,47.5820,53.5531,52.6726,53.4178
2004-11-24,AGG,stock,102.63,102.75,102.37,102.73,94300,2004-11-24,2004-11-24,54.3895,53.5606,52.6645,53.4153
2004-11-23,AGG,stock,102.59,102.7,102.44,102.63,63600,2004-11-23,2004-11-23,52.2650,53.5526,52.6547,53.4062
2004-11-22,AGG,stock,102.56,102.73,102.3,102.69,63100,2004-11-22,2004-11-22,53.6575,53.5493,52.6454,53.3989
2004-11-19,AGG,stock,102.58,102.7,102.35,102.53,43500,2004-11-19,2004-11-19,50.3843,53.5422,52.6356,53.3901
2004-11-18,AGG,stock,102.74,102.89,102.47,102.74,50300,2004-11-18,2004-11-18,55.1300,53.5433,52.6266,53.3843
2004-11-17,AGG,stock,102.26,102.8,102.26,102.7,64600,2004-11-17,2004-11-17,54.3698,53.5329,52.6164,53.3737
2004-11-16,AGG,stock,102.44,102.45,102.2,102.44,50100,2004-11-16,2004-11-16,49.1724,53.5236,52.6063,53.3637
2004-11-15,AGG,stock,102.39,102.55,102.29,102.54,390500,2004-11-15,2004-11-15,51.2576,53.5276,52.5975,53.3587
2004-11-12,AGG,stock,102.39,102.54,102.27,102.49,32200,2004-11-12,2004-11-12,50.2787,53.5266,52.5880,53.3514
2004-11-11,AGG,stock,102.24,102.4,102.02,102.37,43000,2004-11-11,2004-11-11,47.9490,53.5281,52.5787,53.3448
2004-11-10,AGG,stock,102.33,102.39,102.12,102.27,21800,2004-11-10,2004-11-10,45.9909,53.5365,52.5700,53.3406
2004-11-09,AGG,stock,102.39,102.4,102.17,102.39,54700,2004-11-09,2004-11-09,48.0031,53.5512,52.5617,53.3383
2004-11-08,AGG,stock,102.36,102.42,102.15,102.15,52300,2004-11-08,2004-11-08,43.4044,53.5609,52.5527,53.3334
2004-11-05,AGG,stock,102.44,102.52,102.15,102.52,149600,2004-11-05,2004-11-05,49.6965,53.5848,52.5448,53.3333
2004-11-04,AGG,stock,102.99,103.04,102.66,102.78,40700,2004-11-04,2004-11-04,54.8883,53.5908,52.5349,53.3254
2004-11-03,AGG,stock,102.64,102.9,102.41,102.87,40700,2004-11-03,2004-11-03,56.7955,53.5833,52.5236,53.3117
2004-11-02,AGG,stock,102.86,102.86,102.59,102.65,97300,2004-11-02,2004-11-02,53.0962,53.5699,52.5117,53.2954
2004-11-01,AGG,stock,102.89,102.94,102.57,102.74,28900,2004-11-01,2004-11-01,54.8813,53.5673,52.5008,53.2832
2004-10-29,AGG,stock,103.15,103.25,102.98,103.24,61600,2004-10-29,2004-10-29,59.4242,53.5594,52.4893,53.2685
2004-10-28,AGG,stock,102.89,103.12,102.66,102.97,76000,2004-10-28,2004-10-28,55.2189,53.5386,52.4766,53.2486
2004-10-27,AGG,stock,103.37,103.39,102.691,102.85,29100,2004-10-27,2004-10-27,53.2180,53.5304,52.4651,53.2336
2004-10-26,AGG,stock,103.25,103.36,103.03,103.08,60200,2004-10-26,2004-10-26,57.8158,53.5279,52.4542,53.2205
2004-10-25,AGG,stock,103.43,103.44,103.11,103.38,33800,2004-10-25,2004-10-25,64.5728,53.5126,52.4419,53.2020
2004-10-22,AGG,stock,103.15,103.28,103.04,103.26,25800,2004-10-22,2004-10-22,62.9651,53.4791,52.4280,53.1764
2004-10-21,AGG,stock,103.2,103.3,103.01,103.01,23100,2004-10-21,2004-10-21,59.4011,53.4488,52.4145,53.1522
2004-10-20,AGG,stock,102.91,103.27,102.91,103.27,135800,2004-10-20,2004-10-20,65.4871,53.4289,52.4022,53.1324
2004-10-19,AGG,stock,102.65,103.04,102.65,102.91,32200,2004-10-19,2004-10-19,60.2510,53.3927,52.3884,53.1063
2004-10-18,AGG,stock,102.99,102.99,102.7,102.86,39700,2004-10-18,2004-10-18,59.4577,53.3725,52.3764,53.0867
2004-10-15,AGG,stock,103,103,102.69,102.95,21400,2004-10-15,2004-10-15,61.5094,53.3528,52.3645,53.0674
2004-10-14,AGG,stock,102.9,103.14,102.89,103.14,18900,2004-10-14,2004-10-14,65.9722,53.3261,52.3520,53.0455
2004-10-13,AGG,stock,102.41,102.92,102.41,102.65,32700,2004-10-13,2004-10-13,58.8167,53.2863,52.3384,53.0185
2004-10-12,AGG,stock,102.76,102.83,102.5,102.5,34100,2004-10-12,2004-10-12,56.1984,53.2690,52.3273,53.0009
2004-10-11,AGG,stock,102.36,102.8,102.36,102.6,25800,2004-10-11,2004-10-11,58.5008,53.2582,52.3168,52.9858
2004-10-08,AGG,stock,102.57,102.6,102.26,102.5,29200,2004-10-08,2004-10-08,56.8596,53.2408,52.3056,52.9679
2004-10-07,AGG,stock,101.97,102.05,101.85,102,39800,2004-10-07,2004-10-07,47.1571,53.2270,52.2949,52.9514
2004-10-06,AGG,stock,102.17,102.2,101.87,102,128000,2004-10-06,2004-10-06,47.1571,53.2392,52.2867,52.9449
2004-10-05,AGG,stock,102.01,102.31,102,102.19,139600,2004-10-05,2004-10-05,50.9086,53.2526,52.2784,52.9381
2004-10-04,AGG,stock,101.76,102.2,101.76,102.2,23400,2004-10-04,2004-10-04,51.1073,53.2570,52.2691,52.9270
2004-10-01,AGG,stock,102.26,102.26,102.01,102.17,45500,2004-10-01,2004-10-01,50.5699,53.2614,52.2596,52.9152
2004-09-30,AGG,stock,102.59,102.69,102.31,102.67,60700,2004-09-30,2004-09-30,53.9146,53.2679,52.2501,52.9036
2004-09-29,AGG,stock,102.62,102.89,102.5,102.52,225100,2004-09-29,2004-09-29,51.4702,53.2650,52.2396,52.8876
2004-09-28,AGG,stock,103.14,103.19,102.92,103.11,47600,2004-09-28,2004-09-28,63.8371,53.2701,52.2298,52.8742
2004-09-27,AGG,stock,102.86,103.14,102.85,102.94,39100,2004-09-27,2004-09-27,61.3526,53.2434,52.2168,52.8477
2004-09-24,AGG,stock,102.84,103,102.7,102.97,26400,2004-09-24,2004-09-24,62.0512,53.2233,52.2045,52.8237
2004-09-23,AGG,stock,103.22,103.25,102.8,102.94,28300,2004-09-23,2004-09-23,61.6457,53.1993,52.1920,52.7981
2004-09-22,AGG,stock,103.04,103.25,102.8,103.25,28600,2004-09-22,2004-09-22,68.6885,53.1745,52.1795,52.7721
2004-09-21,AGG,stock,102.94,102.97,102.6,102.91,41400,2004-09-21,2004-09-21,64.5656,53.1301,52.1653,52.7385
2004-09-20,AGG,stock,102.89,102.94,102.6,102.94,94600,2004-09-20,2004-09-20,65.2698,53.0997,52.1527,52.7107
2004-09-17,AGG,stock,102.89,102.9,102.5,102.5,59800,2004-09-17,2004-09-17,59.2114,53.0644,52.1398,52.6811
2004-09-16,AGG,stock,102.65,102.98,102.47,102.93,111700,2004-09-16,2004-09-16,70.3473,53.0494,52.1291,52.6597
2004-09-15,AGG,stock,102.64,102.65,102.5,102.62,124400,2004-09-15,2004-09-15,66.0763,53.0094,52.1160,52.6282
2004-09-14,AGG,stock,102.57,102.7,102.54,102.68,86300,2004-09-14,2004-09-14,67.8322,52.9820,52.1044,52.6021
2004-09-13,AGG,stock,102.47,102.61,102.37,102.57,126000,2004-09-13,2004-09-13,66.3080,52.9485,52.0924,52.5736
2004-09-10,AGG,stock,102.55,102.5985,102.34,102.47,67200,2004-09-10,2004-09-10,64.9042,52.9176,52.0808,52.5463
2004-09-09,AGG,stock,102.42,102.52,102.12,102.25,49400,2004-09-09,2004-09-09,61.6391,52.8888,52.0697,52.5200
2004-09-08,AGG,stock,101.85,102.39,101.76,102.35,87700,2004-09-08,2004-09-08,64.1585,52.8690,52.0595,52.4972
2004-09-07,AGG,stock,101.89,102.04,101.71,102.04,36100,2004-09-07,2004-09-07,59.3792,52.8416,52.0488,52.4714
2004-09-03,AGG,stock,101.99,102.05,101.56,102.05,97700,2004-09-03,2004-09-03,59.6173,52.8283,52.0396,52.4512
2004-09-02,AGG,stock,102.42,102.42,102.07,102.1,27900,2004-09-02,2004-09-02,60.7484,52.8131,52.0302,52.4299
2004-09-01,AGG,stock,102.31,102.53,102.17,102.51,277800,2004-09-01,2004-09-01,71.0058,52.7935,52.0204,52.4066
2004-08-31,AGG,stock,102.66,102.89,102.41,102.46,386200,2004-08-31,2004-08-31,66.2728,52.7495,52.0085,52.3738
2004-08-30,AGG,stock,102.44,102.5,102.28,102.46,50000,2004-08-30,2004-08-30,66.2728,52.7209,51.9983,52.3474
2004-08-27,AGG,stock,102.39,102.43,102.31,102.36,50600,2004-08-27,2004-08-27,64.9319,52.6892,51.9880,52.3198
2004-08-26,AGG,stock,102.19,102.34,102.05,102.29,46800,2004-08-26,2004-08-26,64.0016,52.6597,51.9781,52.2933
2004-08-25,AGG,stock,102.09,102.28,101.99,102.1,69900,2004-08-25,2004-08-25,61.4223,52.6309,51.9685,52.2672
2004-08-24,AGG,stock,101.75,102.11,101.74,102.09,39400,2004-08-24,2004-08-24,61.2867,52.6094,51.9598,52.2440
2004-08-23,AGG,stock,102.09,102.16,101.81,102.08,40400,2004-08-23,2004-08-23,61.1600,52.5862,51.9511,52.2201
2004-08-20,AGG,stock,102.39,102.39,102.05,102.05,57900,2004-08-20,2004-08-20,60.8025,52.5611,51.9423,52.1954
2004-08-19,AGG,stock,102.12,102.35,102,102.35,32700,2004-08-19,2004-08-19,66.4845,52.5350,51.9336,52.1704
2004-08-18,AGG,stock,102.39,102.4,102.01,102.01,47400,2004-08-18,2004-08-18,62.8289,52.4898,51.9232,52.1380
2004-08-17,AGG,stock,102.09,102.34,102,102.34,271000,2004-08-17,2004-08-17,69.6784,52.4583,51.9145,52.1114
2004-08-16,AGG,stock,102.04,102.04,101.84,102.04,16400,2004-08-16,2004-08-16,66.6051,52.4056,51.9040,52.0768
2004-08-13,AGG,stock,102.15,102.16,102,102.16,18500,2004-08-13,2004-08-13,69.2107,52.3636,51.8950,52.0471
2004-08-12,AGG,stock,101.51,101.96,101.51,101.96,17600,2004-08-12,2004-08-12,67.2265,52.3107,51.8852,52.0137
2004-08-11,AGG,stock,101.68,101.89,101.53,101.75,22100,2004-08-11,2004-08-11,65.0292,52.2632,51.8764,51.9831
2004-08-10,AGG,stock,101.99,102,101.63,101.68,28400,2004-08-10,2004-08-10,64.2881,52.2220,51.8686,51.9557
2004-08-09,AGG,stock,101.99,102.03,101.8,101.95,23200,2004-08-09,2004-08-09,69.5684,52.1804,51.8611,51.9287
2004-08-06,AGG,stock,101.86,102.14,101.86,101.88,44800,2004-08-06,2004-08-06,68.9546,52.1197,51.8521,51.8949
2004-08-05,AGG,stock,101.16,101.28,101.1,101.23,281500,2004-08-05,2004-08-05,62.4177,52.0563,51.8433,51.8612
2004-08-04,AGG,stock,100.79,101.2,100.79,101.16,213200,2004-08-04,2004-08-04,61.6094,52.0217,51.8379,51.8398
2004-08-03,AGG,stock,100.88,101.07,100.8,100.94,77400,2004-08-03,2004-08-03,59.0382,51.9873,51.8328,51.8190
2004-08-02,AGG,stock,101.08,101.08,100.76,100.8,28200,2004-08-02,2004-08-02,57.3503,51.9613,51.8287,51.8021
2004-07-30,AGG,stock,100.71,101.17,100.71,101.15,31300,2004-07-30,2004-07-30,57.7864,51.9401,51.8254,51.7874
2004-07-29,AGG,stock,100.59,100.7,100.39,100.41,48200,2004-07-29,2004-07-29,47.9727,51.9152,51.8218,51.7715
2004-07-28,AGG,stock,100.49,100.64,100.27,100.64,30800,2004-07-28,2004-07-28,51.4230,51.9279,51.8221,51.7705
2004-07-27,AGG,stock,100.89,100.89,100.29,100.49,20500,2004-07-27,2004-07-27,49.2109,51.9294,51.8212,51.7647
2004-07-26,AGG,stock,101,101.01,100.71,100.72,81000,2004-07-26,2004-07-26,52.6228,51.9392,51.8210,51.7617
2004-07-23,AGG,stock,101.14,101.19,100.8515,101.19,41200,2004-07-23,2004-07-23,60.5946,51.9376,51.8197,51.7539
2004-07-22,AGG,stock,100.99,101,100.8,100.96,35000,2004-07-22,2004-07-22,57.6815,51.9102,51.8159,51.7358
2004-07-21,AGG,stock,100.75,100.9985,100.6,100.74,32900,2004-07-21,2004-07-21,54.7075,51.8925,51.8133,51.7218
2004-07-20,AGG,stock,101.25,101.35,100.8,100.98,62300,2004-07-20,2004-07-20,58.9005,51.8849,51.8117,51.7118
2004-07-19,AGG,stock,101.49,101.49,101.23,101.25,13000,2004-07-19,2004-07-19,64.0270,51.8634,51.8089,51.6965
2004-07-16,AGG,stock,101.01,101.4,101.01,101.4,58800,2004-07-16,2004-07-16,67.0369,51.8250,51.8047,51.6747
2004-07-15,AGG,stock,100.71,100.9,100.7,100.73,24600,2004-07-15,2004-07-15,59.0531,51.7744,51.7997,51.6490
2004-07-14,AGG,stock,100.99,100.99,100.74,100.92,39000,2004-07-14,2004-07-14,63.0760,51.7549,51.7981,51.6363
2004-07-13,AGG,stock,100.89,100.89,100.687,100.86,52800,2004-07-13,2004-07-13,62.3234,51.7230,,51.6191
2004-07-12,AGG,stock,100.8,100.97,100.8,100.9685,52600,2004-07-12,2004-07-12,64.5321,51.6909,,51.6024
2004-07-09,AGG,stock,100.97,101.02,100.67,100.67,425600,2004-07-09,2004-07-09,61.0013,51.6497,,51.5828
2004-07-08,AGG,stock,100.94,101.02,100.79,100.97,74200,2004-07-08,2004-07-08,67.2489,51.6203,,51.5687
2004-07-07,AGG,stock,100.87,100.95,100.75,100.86,29700,2004-07-07,2004-07-07,66.0656,51.5715,,51.5477
2004-07-06,AGG,stock,100.99,101.05,100.74,100.92,27900,2004-07-06,2004-07-06,67.2971,51.5235,,51.5281
2004-07-02,AGG,stock,100.99,101.09,100.75,100.99,162500,2004-07-02,2004-07-02,68.6842,51.4673,,51.5065
2004-07-01,AGG,stock,100.29,100.4,100.02,100.35,316900,2004-07-01,2004-07-01,62.0423,51.4013,,51.4825
2004-06-30,AGG,stock,100.14,100.55,100.09,100.54,23300,2004-06-30,2004-06-30,60.4985,51.3631,,51.4710
2004-06-29,AGG,stock,99.41,100.1,99.41,99.75,225700,2004-06-29,2004-06-29,48.4194,51.3278,,51.4617
2004-06-28,AGG,stock,100,100.05,99.8,99.93,77500,2004-06-28,2004-06-28,51.7687,51.3316,,51.4686
2004-06-25,AGG,stock,100.24,100.35,100.09,100.26,33200,2004-06-25,2004-06-25,58.6785,51.3260,,51.4721
2004-06-24,AGG,stock,100.29,100.4,100.13,100.29,42100,2004-06-24,2004-06-24,59.3472,51.3019,,51.4687
2004-06-23,AGG,stock,99.89,100,99.79,99.91,24600,2004-06-23,2004-06-23,53.0548,51.2737,,51.4646
2004-06-22,AGG,stock,99.94,99.99,99.75,99.99,39900,2004-06-22,2004-06-22,54.7103,51.2631,,51.4682
2004-06-21,AGG,stock,99.99,100.03,99.784,100.03,31500,2004-06-21,2004-06-21,55.5145,51.2470,,51.4704
2004-06-18,AGG,stock,99.81,100.04,99.66,99.9,47700,2004-06-18,2004-06-18,53.4494,51.2271,,51.4718
2004-06-17,AGG,stock,99.64,99.87,99.36,99.75,57100,2004-06-17,2004-06-17,51.0130,51.2121,,51.4760
2004-06-16,AGG,stock,99.84,99.84,99.5,99.64,55600,2004-06-16,2004-06-16,49.2025,51.2037,,51.4835
2004-06-15,AGG,stock,99.49,99.88,99.42,99.84,58200,2004-06-15,2004-06-15,52.4769,51.2003,,51.4936
2004-06-14,AGG,stock,99,99.24,98.85,99,73500,2004-06-14,2004-06-14,35.8193,51.1858,,51.4999
2004-06-10,AGG,stock,99.34,99.47,99.1,99.28,49500,2004-06-10,2004-06-10,40.1783,51.2152,,51.5241
2004-06-09,AGG,stock,99.16,99.39,99.15,99.38,90200,2004-06-09,2004-06-09,41.8681,51.2325,,51.5435
2004-06-08,AGG,stock,99.49,99.55,99.3,99.35,264400,2004-06-08,2004-06-08,41.1790,51.2462,,51.5615
2004-06-07,AGG,stock,99.49,99.59,99.19,99.59,39300,2004-06-07,2004-06-07,45.1554,51.2631,,51.5809
2004-06-04,AGG,stock,99.59,99.59,99.38,99.49,30100,2004-06-04,2004-06-04,43.0268,51.2686,,51.5960
2004-06-03,AGG,stock,99.5,99.7,99.5,99.7,91900,2004-06-03,2004-06-03,46.5498,51.2802,,51.6139
2004-06-02,AGG,stock,99.69,99.77,99.5,99.74,196100,2004-06-02,2004-06-02,47.2339,51.2817,,51.6280
2004-06-01,AGG,stock,99.8,99.89,99.53,99.7,39500,2004-06-01,2004-06-01,46.5039,51.2811,,51.6420
2004-05-28,AGG,stock,100.54,100.54,100.05,100.13,54900,2004-05-28,2004-05-28,48.2557,51.2826,,51.6573
2004-05-27,AGG,stock,100.15,100.49,100.15,100.48,99600,2004-05-27,2004-05-27,54.0961,51.2782,,51.6709
2004-05-26,AGG,stock,99.99,100.07,99.9,100,35800,2004-05-26,2004-05-26,45.7319,51.2545,,51.6777
2004-05-25,AGG,stock,99.89,99.89,99.68,99.75,44600,2004-05-25,2004-05-25,40.4876,51.2541,,51.6948
2004-05-24,AGG,stock,99.6,99.84,99.6,99.78,39300,2004-05-24,2004-05-24,40.9283,51.2672,,51.7179
2004-05-21,AGG,stock,99.95,99.95,99.46,99.7,22300,2004-05-21,2004-05-21,39.2919,51.2800,,51.7412
2004-05-20,AGG,stock,99.79,99.86,99.58,99.86,11200,2004-05-20,2004-05-20,41.4229,51.2985,,51.7672
2004-05-19,AGG,stock,99.64,99.64,99.4,99.59,31000,2004-05-19,2004-05-19,35.9824,51.3103,,51.7909
2004-05-18,AGG,stock,99.74,99.8,99.51,99.76,24000,2004-05-18,2004-05-18,38.0485,51.3379,,51.8213
2004-05-17,AGG,stock,99.66,99.89,99.66,99.71,37400,2004-05-17,2004-05-17,37.0616,51.3593,,51.8493
2004-05-14,AGG,stock,99.28,99.54,99.15,99.21,53300,2004-05-14,2004-05-14,26.1341,51.3856,,51.8795
2004-05-13,AGG,stock,99.25,99.26,98.86,99.19,21200,2004-05-13,2004-05-13,25.6547,51.4417,,51.9214
2004-05-12,AGG,stock,99.45,99.51,99.21,99.21,48900,2004-05-12,2004-05-12,25.8102,51.5047,,51.9654
2004-05-11,AGG,stock,99.01,99.45,99.01,99.35,84200,2004-05-11,2004-05-11,26.8692,51.5733,,52.0108
2004-05-10,AGG,stock,99.4,99.49,99.06,99.1,77000,2004-05-10,2004-05-10,21.5305,51.6416,,52.0551
2004-05-07,AGG,stock,99.5,99.5,99.15,99.25,56800,2004-05-07,2004-05-07,22.4434,51.7305,,52.1065
2004-05-06,AGG,stock,100.25,100.34,100.06,100.1,67900,2004-05-06,2004-05-06,28.8879,51.8207,,52.1568
2004-05-05,AGG,stock,100.65,100.79,100.3,100.41,34000,2004-05-05,2004-05-05,31.9997,51.8745,,52.1914
2004-05-04,AGG,stock,100.6,100.94,100.28,100.54,41200,2004-05-04,2004-05-04,33.4007,51.9173,,52.2209
2004-05-03,AGG,stock,100.65,100.83,100.36,100.36,245200,2004-05-03,2004-05-03,29.4281,51.9576,,52.2489
2004-04-30,AGG,stock,100.94,101.04,100.75,100.78,64200,2004-04-30,2004-04-30,30.8491,52.0118,,52.2818
2004-04-29,AGG,stock,101.03,101.28,100.62,100.81,46600,2004-04-29,2004-04-29,31.1281,52.0636,,52.3130
2004-04-28,AGG,stock,101.59,101.59,101.06,101.1,36400,2004-04-28,2004-04-28,33.8780,52.1193,,52.3447
2004-04-27,AGG,stock,101.45,101.59,101.23,101.57,54200,2004-04-27,2004-04-27,39.0726,52.1653,,52.3717
2004-04-26,AGG,stock,101.35,101.59,101.04,101.32,109900,2004-04-26,2004-04-26,34.0802,52.1907,,52.3901
2004-04-23,AGG,stock,101.45,101.5,101.11,101.35,90200,2004-04-23,2004-04-23,34.3943,52.2324,,52.4143
2004-04-22,AGG,stock,101.6,101.69,101.33,101.55,41100,2004-04-22,2004-04-22,36.4749,52.2768,,52.4390
2004-04-21,AGG,stock,101.05,101.51,101.01,101.18,72700,2004-04-21,2004-04-21,29.1078,52.3151,,52.4604
2004-04-20,AGG,stock,101.65,101.72,101.31,101.42,40000,2004-04-20,2004-04-20,31.2938,52.3773,,52.4905
2004-04-19,AGG,stock,101.95,102,101.62,101.75,115300,2004-04-19,2004-04-19,34.6125,52.4332,,52.5168
2004-04-16,AGG,stock,101.85,101.9,101.6,101.88,49000,2004-04-16,2004-04-16,36.0094,52.4772,,52.5373
2004-04-15,AGG,stock,101.48,101.77,101.42,101.6,40600,2004-04-15,2004-04-15,30.3907,52.5188,,52.5559
2004-04-14,AGG,stock,101.5,101.76,101.28,101.75,30400,2004-04-14,2004-04-14,31.7787,52.5799,,52.5811
2004-04-13,AGG,stock,101.98,102.1,101.71,102.05,110800,2004-04-13,2004-04-13,34.7241,52.6394,,52.6042
2004-04-12,AGG,stock,102.35,102.4,102.08,102.23,88400,2004-04-12,2004-04-12,36.6149,52.6889,,52.6220
2004-04-08,AGG,stock,102.3,102.59,102.25,102.26,18700,2004-04-08,2004-04-08,36.9261,52.7340,,52.6367
2004-04-07,AGG,stock,102.48,102.67,102.2,102.2,207600,2004-04-07,2004-04-07,35.9146,52.7823,,52.6514
2004-04-06,AGG,stock,102.45,102.5,102.14,102.45,54800,2004-04-06,2004-04-06,38.2903,52.8388,,52.6680
2004-04-05,AGG,stock,102.05,102.35,102.05,102.16,77500,2004-04-05,2004-04-05,33.5561,52.8878,,52.6801
2004-04-02,AGG,stock,102.41,102.97,102.41,102.79,165600,2004-04-02,2004-04-02,39.7000,52.9576,,52.6987
2004-04-01,AGG,stock,103.78,103.78,103.37,103.74,128500,2004-04-01,2004-04-01,53.3867,53.0009,,52.7049
2004-03-31,AGG,stock,103.8,104.08,103.7,103.95,105100,2004-03-31,2004-03-31,52.5964,52.9975,,52.6915
2004-03-30,AGG,stock,103.93,103.95,103.45,103.45,243200,2004-03-30,2004-03-30,43.6537,52.9965,,52.6786
2004-03-29,AGG,stock,103.78,103.87,103.46,103.86,210100,2004-03-29,2004-03-29,50.9761,53.0223,,52.6756
2004-03-26,AGG,stock,104.3,104.35,103.77,104.05,102300,2004-03-26,2004-03-26,54.9418,53.0287,,52.6639
2004-03-25,AGG,stock,104.35,104.43,104.17,104.41,39000,2004-03-25,2004-03-25,63.6544,53.0256,,52.6478
2004-03-24,AGG,stock,104.5,104.52,104.24,104.47,31300,2004-03-24,2004-03-24,65.2559,53.0028,,52.6236
2004-03-23,AGG,stock,104.35,104.46,104.17,104.41,45500,2004-03-23,2004-03-23,64.4248,52.9745,,52.5971
2004-03-22,AGG,stock,104.24,104.42,104.12,104.4,23300,2004-03-22,2004-03-22,64.2926,52.9463,,52.5708
2004-03-19,AGG,stock,104.24,104.3,103.89,104.13,132500,2004-03-19,2004-03-19,60.6243,52.9158,,52.5436
2004-03-18,AGG,stock,104.32,104.46,104.02,104.24,27000,2004-03-18,2004-03-18,63.0757,52.8965,,52.5210
2004-03-17,AGG,stock,104.58,104.58,104.23,104.34,28300,2004-03-17,2004-03-17,65.3048,52.8693,,52.4951
2004-03-16,AGG,stock,104.08,104.47,103.81,104.39,53200,2004-03-16,2004-03-16,66.3942,52.8338,,52.4661
2004-03-15,AGG,stock,104.15,104.27,104,104.14,61300,2004-03-15,2004-03-15,63.5729,52.7920,,52.4348
2004-03-12,AGG,stock,104.3,104.32,104.01,104.12,42300,2004-03-12,2004-03-12,63.3443,52.7591,,52.4075
2004-03-11,AGG,stock,104.54,104.54,103.91,104.44,56000,2004-03-11,2004-03-11,69.8577,52.7239,,52.3795
2004-03-10,AGG,stock,104.3,104.36,104.12,104.21,38800,2004-03-10,2004-03-10,67.6367,52.6678,,52.3437
2004-03-09,AGG,stock,104.18,104.43,104.05,104.33,46400,2004-03-09,2004-03-09,70.1406,52.6181,,52.3112
2004-03-08,AGG,stock,104.15,104.2,103.87,104.18,44100,2004-03-08,2004-03-08,68.8000,52.5567,,52.2749
2004-03-05,AGG,stock,103.9,103.99,102.99,103.83,68900,2004-03-05,2004-03-05,65.4378,52.4970,,52.2402
2004-03-04,AGG,stock,103.08,103.1,102.83,103.07,116500,2004-03-04,2004-03-04,55.8433,52.4497,,52.2114
2004-03-03,AGG,stock,103.08,103.08,102.7,102.82,79900,2004-03-03,2004-03-03,51.7522,52.4383,,52.1973
2004-03-02,AGG,stock,103.1,103.23,102.75,102.93,28500,2004-03-02,2004-03-02,53.7883,52.4391,,52.1877
2004-03-01,AGG,stock,103.35,103.38,102.9,103.29,154200,2004-03-01,2004-03-01,61.0927,52.4340,,52.1755
2004-02-27,AGG,stock,103.49,103.52,103.28,103.49,34100,2004-02-27,2004-02-27,60.4542,52.4091,,52.1553
2004-02-26,AGG,stock,103.33,103.34,103.12,103.21,33700,2004-02-26,2004-02-26,56.4308,52.3840,,52.1352
2004-02-25,AGG,stock,103.35,103.47,103.2,103.38,78800,2004-02-25,2004-02-25,59.8646,52.3714,,52.1201
2004-02-24,AGG,stock,103.33,103.39,103.12,103.14,40800,2004-02-24,2004-02-24,56.3855,52.3482,,52.1009
2004-02-23,AGG,stock,103.08,103.25,102.81,103.23,24300,2004-02-23,2004-02-23,58.1404,52.3355,,52.0859
2004-02-20,AGG,stock,103.23,103.24,102.84,102.95,40700,2004-02-20,2004-02-20,54.0048,52.3166,,52.0684
2004-02-19,AGG,stock,103.08,103.3,102.9,103.27,21500,2004-02-19,2004-02-19,60.3302,52.3108,,52.0560
2004-02-18,AGG,stock,103.45,103.5,103.1,103.16,38800,2004-02-18,2004-02-18,58.7895,52.2871,,52.0364
2004-02-17,AGG,stock,103.28,103.3,103,103.24,78300,2004-02-17,2004-02-17,60.3730,52.2669,,52.0183
2004-02-13,AGG,stock,103.23,103.49,103,103.49,82500,2004-02-13,2004-02-13,65.4918,52.2403,,51.9979
2004-02-12,AGG,stock,103.2,103.2,102.84,103.03,61400,2004-02-12,2004-02-12,59.6460,52.1975,,51.9714
2004-02-11,AGG,stock,102.67,103.19,102.46,103.02,26200,2004-02-11,2004-02-11,59.5075,52.1748,,51.9533
2004-02-10,AGG,stock,102.88,102.88,102.55,102.62,31300,2004-02-10,2004-02-10,53.5929,52.1502,,51.9348
2004-02-09,AGG,stock,102.93,103,102.7,102.84,15800,2004-02-09,2004-02-09,57.9131,52.1445,,51.9238
2004-02-06,AGG,stock,102.64,102.78,102.55,102.77,31600,2004-02-06,2004-02-06,56.8863,52.1264,,51.9078
2004-02-05,AGG,stock,102.6,102.66,102.2,102.35,38900,2004-02-05,2004-02-05,50.1037,52.1101,,51.8925
2004-02-04,AGG,stock,102.68,102.69,102.37,102.64,37600,2004-02-04,2004-02-04,55.7244,52.1147,,51.8854
2004-02-03,AGG,stock,102.78,102.78,102.41,102.63,40300,2004-02-03,2004-02-03,55.5647,52.1041,,51.8720
2004-02-02,AGG,stock,102.54,102.67,102.35,102.35,21300,2004-02-02,2004-02-02,50.9691,52.0930,,51.8582
2004-01-30,AGG,stock,102.83,102.83,102.5,102.6,105300,2004-01-30,2004-01-30,50.5001,52.0958,,51.8496
2004-01-29,AGG,stock,102.54,102.54,102.3,102.4,50600,2004-01-29,2004-01-29,47.1080,52.1003,,51.8413
2004-01-28,AGG,stock,103.14,103.4,102.22,102.64,63000,2004-01-28,2004-01-28,51.0025,52.1159,,51.8368
2004-01-27,AGG,stock,102.88,103.15,102.8,102.85,20200,2004-01-27,2004-01-27,54.6751,52.1204,,51.8272
2004-01-26,AGG,stock,103.08,103.09,102.7,102.7,31900,2004-01-26,2004-01-26,52.4018,52.1141,,51.8128
2004-01-23,AGG,stock,103.78,103.79,103,103.1,28700,2004-01-23,2004-01-23,59.8327,52.1152,,51.8009
2004-01-22,AGG,stock,103.38,103.54,103.28,103.35,44100,2004-01-22,2004-01-22,65.1984,52.0950,,51.7803
2004-01-21,AGG,stock,103.28,103.29,103.01,103.17,53800,2004-01-21,2004-01-21,62.9787,52.0594,,51.7536
2004-01-20,AGG,stock,103.18,103.29,102.93,103.1,51700,2004-01-20,2004-01-20,62.1059,52.0296,,51.7296
2004-01-16,AGG,stock,103.4,103.55,103.1,103.19,66800,2004-01-16,2004-01-16,63.9045,52.0004,,51.7060
2004-01-15,AGG,stock,103.35,103.35,103,103.27,32600,2004-01-15,2004-01-15,65.4695,51.9634,,51.6796
2004-01-14,AGG,stock,103.05,103.24,103.05,103.14,14100,2004-01-14,2004-01-14,64.1446,51.9182,,51.6505
2004-01-13,AGG,stock,103.04,103.18,102.9,103.15,21700,2004-01-13,2004-01-13,64.3209,51.8751,,51.6229
2004-01-12,AGG,stock,103.2,103.25,102.9,102.91,67600,2004-01-12,2004-01-12,61.9930,51.8270,,51.5939
2004-01-09,AGG,stock,103.14,103.27,102.91,103.2,49800,2004-01-09,2004-01-09,66.8897,51.7867,,51.5688
2004-01-08,AGG,stock,102.2,102.5,102.12,102.35,39800,2004-01-08,2004-01-08,57.8225,51.7266,,51.5366
2004-01-07,AGG,stock,102.2,102.45,102.15,102.38,75200,2004-01-07,2004-01-07,58.3461,51.7055,,51.5207
2004-01-06,AGG,stock,101.94,102.19,101.76,102.15,151800,2004-01-06,2004-01-06,55.4756,51.6807,,51.5035
2004-01-05,AGG,stock,101.54,101.69,101.3,101.69,63600,2004-01-05,2004-01-05,48.9409,51.6655,,51.4904
2004-01-02,AGG,stock,102.15,102.19,101.35,101.57,26100,2004-01-02,2004-01-02,47.0588,51.6733,,51.4863
2003-12-31,AGG,stock,102,102.15,102,102.15,51900,2003-12-31,2003-12-31,56.3877,51.6884,,51.4845
2003-12-30,AGG,stock,102.29,102.39,102.08,102.3,33800,2003-12-30,2003-12-30,54.3522,51.6740,,51.4706
2003-12-29,AGG,stock,102.5,102.6,102.16,102.49,37600,2003-12-29,2003-12-29,57.7258,51.6656,,51.4590
2003-12-26,AGG,stock,102.59,102.74,102.31,102.74,54500,2003-12-26,2003-12-26,62.4627,51.6463,,51.4431
2003-12-24,AGG,stock,102.34,102.49,102.11,102.23,16200,2003-12-24,2003-12-24,55.5538,51.6116,,51.4213
2003-12-23,AGG,stock,102.39,102.5,102.15,102.15,80300,2003-12-23,2003-12-23,54.3295,51.6003,,51.4092
2003-12-22,AGG,stock,102.69,102.8,102.27,102.55,139700,2003-12-22,2003-12-22,62.2972,51.5922,,51.3983
2003-12-19,AGG,stock,102.54,102.6,102.36,102.6,26500,2003-12-19,2003-12-19,63.3761,51.5619,,51.3786
2003-12-18,AGG,stock,102.45,102.64,102.21,102.55,33400,2003-12-18,2003-12-18,62.7775,51.5258,,51.3571
2003-12-17,AGG,stock,102.44,102.55,102.16,102.4,23100,2003-12-17,2003-12-17,61.0020,51.4885,,51.3358
2003-12-16,AGG,stock,102.1,102.19,101.9,102.15,61500,2003-12-16,2003-12-16,57.8937,51.4553,,51.3166
2003-12-15,AGG,stock,102.2,102.25,101.85,102.09,21100,2003-12-15,2003-12-15,57.1323,51.4319,,51.3019
2003-12-12,AGG,stock,102.24,102.34,101.95,102.15,16400,2003-12-12,2003-12-12,58.1080,51.4092,,51.2878
2003-12-11,AGG,stock,101.59,102.14,101.4,102.09,91600,2003-12-11,2003-12-11,57.4330,51.3809,,51.2719
2003-12-10,AGG,stock,101.74,101.75,101.6,101.73,120500,2003-12-10,2003-12-10,53.2343,51.3529,,51.2566
2003-12-09,AGG,stock,102.04,102.1,101.21,101.33,87900,2003-12-09,2003-12-09,47.9357,51.3411,,51.2481
2003-12-08,AGG,stock,101.99,102.04,101.81,101.9,67200,2003-12-08,2003-12-08,56.3896,51.3493,,51.2475
2003-12-05,AGG,stock,101.89,101.9,101.51,101.9,42200,2003-12-05,2003-12-05,56.3896,51.3281,,51.2351
2003-12-04,AGG,stock,101.14,101.5,101.05,101.39,25200,2003-12-04,2003-12-04,49.5217,51.3046,,
2003-12-03,AGG,stock,100.9,101.35,100.9,101.24,32400,2003-12-03,2003-12-03,47.2530,51.3058,,
2003-12-02,AGG,stock,100.84,101.15,100.6,101.14,52100,2003-12-02,2003-12-02,45.7434,51.3151,,
2003-12-01,AGG,stock,101.15,101.32,101,101.17,58700,2003-12-01,2003-12-01,46.1111,51.3307,,
2003-11-28,AGG,stock,101.75,101.75,101.72,101.72,22900,2003-11-28,2003-11-28,49.5293,51.3464,,
2003-11-26,AGG,stock,102.08,102.14,101.88,101.88,25300,2003-11-26,2003-11-26,51.5710,51.3489,,
2003-11-25,AGG,stock,101.78,102.25,101.78,102.25,54000,2003-11-25,2003-11-25,56.5791,51.3433,,
2003-11-24,AGG,stock,102.09,102.14,101.85,101.85,37000,2003-11-24,2003-11-24,51.8889,51.3173,,
2003-11-21,AGG,stock,102.34,102.44,102.21,102.28,66500,2003-11-21,2003-11-21,58.1600,51.3099,,
2003-11-20,AGG,stock,102,102.26,101.94,102.17,21400,2003-11-20,2003-11-20,56.9233,51.2789,,
2003-11-19,AGG,stock,102.28,102.3,101.82,101.82,44900,2003-11-19,2003-11-19,52.8017,51.2504,,
2003-11-18,AGG,stock,102.13,102.35,102.05,102.3,26800,2003-11-18,2003-11-18,60.1281,51.2375,,
2003-11-17,AGG,stock,102.22,102.42,102.18,102.35,48800,2003-11-17,2003-11-17,60.9461,51.1978,,
2003-11-14,AGG,stock,101.92,102.16,101.89,101.92,18800,2003-11-14,2003-11-14,56.1864,51.1513,,
2003-11-13,AGG,stock,101.53,101.91,101.53,101.84,25400,2003-11-13,2003-11-13,55.2441,51.1226,,
2003-11-12,AGG,stock,101.04,101.34,100.81,101.1,16400,2003-11-12,2003-11-12,45.1025,51.0953,,
2003-11-11,AGG,stock,101.18,101.2,100.81,100.91,23700,2003-11-11,2003-11-11,41.9673,51.1043,,
2003-11-10,AGG,stock,101.08,101.14,100.91,101.09,21100,2003-11-10,2003-11-10,44.1872,51.1244,,
2003-11-07,AGG,stock,100.69,100.9,100.55,100.9,33400,2003-11-07,2003-11-07,41.1352,51.1370,,
2003-11-06,AGG,stock,101.18,101.19,100.85,100.85,78000,2003-11-06,2003-11-06,40.3380,51.1611,,
2003-11-05,AGG,stock,101.5,101.57,101.4,101.4,24600,2003-11-05,2003-11-05,46.8140,51.1903,,
2003-11-04,AGG,stock,101.45,101.58,101.4,101.4,26900,2003-11-04,2003-11-04,46.8140,51.1934,,
2003-11-03,AGG,stock,101.33,101.42,101.2,101.2,56700,2003-11-03,2003-11-03,43.9949,51.1969,,
2003-10-31,AGG,stock,101.9,101.9,101.4,101.74,31000,2003-10-31,2003-10-31,46.0431,51.2113,,
2003-10-30,AGG,stock,101.79,101.96,101.78,101.9,17300,2003-10-30,2003-10-30,47.8683,51.2176,,
2003-10-29,AGG,stock,102.08,102.1,101.9,101.9,71700,2003-10-29,2003-10-29,47.8683,51.2162,,
2003-10-28,AGG,stock,101.8,102.35,101.8,102.35,16600,2003-10-28,2003-10-28,52.9595,51.2145,,
2003-10-27,AGG,stock,102.04,102.12,101.8,101.95,35400,2003-10-27,2003-10-27,48.4325,51.1890,,
2003-10-24,AGG,stock,101.8,102.15,101.8,102.15,28200,2003-10-24,2003-10-24,50.6977,51.1818,,
2003-10-23,AGG,stock,101.84,101.87,101.65,101.65,20700,2003-10-23,2003-10-23,44.6927,51.1634,,
2003-10-22,AGG,stock,101.75,101.95,101.51,101.9,25400,2003-10-22,2003-10-22,47.3716,,,
2003-10-21,AGG,stock,101.39,101.73,101.39,101.45,49000,2003-10-21,2003-10-21,41.5120,,,
2003-10-20,AGG,stock,101.14,101.47,101.14,101.25,12900,2003-10-20,2003-10-20,38.6951,,,
2003-10-17,AGG,stock,101.04,101.31,100.75,101.31,55600,2003-10-17,2003-10-17,39.2213,,,
2003-10-16,AGG,stock,101.39,101.55,100.55,100.83,62300,2003-10-16,2003-10-16,32.3913,,,
2003-10-15,AGG,stock,101.18,101.24,100.9,101.1,23100,2003-10-15,,,,,
2003-10-14,AGG,stock,101.44,101.59,101.14,101.35,54300,2003-10-14,,,,,
2003-10-13,AGG,stock,102,102.1,101.55,101.55,23700,2003-10-13,,,,,
2003-10-10,AGG,stock,101.68,102.05,101.68,102,13500,2003-10-10,,,,,
2003-10-09,AGG,stock,101.39,101.5,101.1,101.44,35900,2003-10-09,,,,,
2003-10-08,AGG,stock,101.49,102.05,101.28,101.8,42700,2003-10-08,,,,,
2003-10-07,AGG,stock,101.94,101.94,101.38,101.55,13000,2003-10-07,,,,,
2003-10-06,AGG,stock,101.64,101.99,101.6,101.9,28700,2003-10-06,,,,,
2003-10-03,AGG,stock,102.05,102.05,101.7,101.75,64500,2003-10-03,,,,,
2003-10-02,AGG,stock,102.2,102.65,102.01,102.49,68900,2003-10-02,,,,,
2003-10-01,AGG,stock,102.64,102.75,102.6,102.65,66300,2003-10-01,,,,,
2003-09-30,AGG,stock,102.3,102.74,102.29,102.7,62600,2003-09-30,,,,,
2003-09-29,AGG,stock,102.29,102.3,102.1,102.17,13600,2003-09-29,,,,,
2003-09-26,AGG,stock,102,102.45,102,102.45,11800,2003-09-26,,,,,